"award","league","rank","player_id","player_name","team","role","age","award_score","war","primary_value","primary_label","volume_value","volume_label","evidence","eligibility_status","score_method","source_acquired_at_utc","source_note"
"MVP","AL",1,"670541","Yordan Alvarez","HOU","hitter",29,96,5.1017,191.1318,"wRC+",464,"PA"," 5.1 combined WAR | 34 HR | 78 RBI | 191 wRC+","qualified performance pool","modern_era_mvp_percentile_profile_v3","2026-07-28 17:11:36 UTC","FanGraphs season leaderboard via BaseballR; award score is a transparent performance index, not a ballot forecast."
"MVP","AL",2,"691406","Junior Caminero","TBR","hitter",22,92.4,3.3491,150.0945,"wRC+",460,"PA"," 3.3 combined WAR | 29 HR | 63 RBI | 150 wRC+","qualified performance pool","modern_era_mvp_percentile_profile_v3","2026-07-28 17:11:36 UTC","FanGraphs season leaderboard via BaseballR; award score is a transparent performance index, not a ballot forecast."
"MVP","AL",3,"700250","Ben Rice","NYY","hitter",27,92.4,3.4128,160.3116,"wRC+",433,"PA"," 3.4 combined WAR | 31 HR | 73 RBI | 160 wRC+","qualified performance pool","modern_era_mvp_percentile_profile_v3","2026-07-28 17:11:36 UTC","FanGraphs season leaderboard via BaseballR; award score is a transparent performance index, not a ballot forecast."
"MVP","AL",4,"575929","Willson Contreras","BOS","hitter",34,90.9,3.219,155.6253,"wRC+",404,"PA"," 3.2 combined WAR | 22 HR | 66 RBI | 156 wRC+","qualified performance pool","modern_era_mvp_percentile_profile_v3","2026-07-28 17:11:36 UTC","FanGraphs season leaderboard via BaseballR; award score is a transparent performance index, not a ballot forecast."
"MVP","AL",5,"701762","Nick Kurtz","ATH","hitter",23,88.3,3.0035,147.7711,"wRC+",421,"PA"," 3.0 combined WAR | 21 HR | 69 RBI | 148 wRC+","qualified performance pool","modern_era_mvp_percentile_profile_v3","2026-07-28 17:11:36 UTC","FanGraphs season leaderboard via BaseballR; award score is a transparent performance index, not a ballot forecast."
"MVP","AL",6,"693307","Dillon Dingler","DET","hitter",27,87.7,4.9547,139.8537,"wRC+",405,"PA"," 5.0 combined WAR | 22 HR | 68 RBI | 140 wRC+","qualified performance pool","modern_era_mvp_percentile_profile_v3","2026-07-28 17:11:36 UTC","FanGraphs season leaderboard via BaseballR; award score is a transparent performance index, not a ballot forecast."
"MVP","AL",7,"668227","Randy Arozarena","SEA","hitter",31,87.5,3.0192,143.648,"wRC+",423,"PA"," 3.0 combined WAR | 13 HR | 47 RBI | 144 wRC+","qualified performance pool","modern_era_mvp_percentile_profile_v3","2026-07-28 17:11:36 UTC","FanGraphs season leaderboard via BaseballR; award score is a transparent performance index, not a ballot forecast."
"MVP","AL",8,"678246","Miguel Vargas","CHW","hitter",26,86.6,3.2304,130.3082,"wRC+",454,"PA"," 3.2 combined WAR | 22 HR | 63 RBI | 130 wRC+","qualified performance pool","modern_era_mvp_percentile_profile_v3","2026-07-28 17:11:36 UTC","FanGraphs season leaderboard via BaseballR; award score is a transparent performance index, not a ballot forecast."
"MVP","AL",9,"677951","Bobby Witt Jr.","KCR","hitter",26,85.5,4.712,119.3428,"wRC+",414,"PA"," 4.7 combined WAR | 13 HR | 39 RBI | 119 wRC+","qualified performance pool","modern_era_mvp_percentile_profile_v3","2026-07-28 17:11:36 UTC","FanGraphs season leaderboard via BaseballR; award score is a transparent performance index, not a ballot forecast."
"MVP","AL",10,"682985","Riley Greene","DET","hitter",25,84,2.7268,132.9651,"wRC+",445,"PA"," 2.7 combined WAR | 15 HR | 52 RBI | 133 wRC+","qualified performance pool","modern_era_mvp_percentile_profile_v3","2026-07-28 17:11:36 UTC","FanGraphs season leaderboard via BaseballR; award score is a transparent performance index, not a ballot forecast."
"MVP","AL",11,"624413","Pete Alonso","BAL","hitter",31,83.7,2.5803,128.2792,"wRC+",467,"PA"," 2.6 combined WAR | 22 HR | 67 RBI | 128 wRC+","qualified performance pool","modern_era_mvp_percentile_profile_v3","2026-07-28 17:11:36 UTC","FanGraphs season leaderboard via BaseballR; award score is a transparent performance index, not a ballot forecast."
"MVP","AL",12,"805808","Kevin McGonigle","DET","hitter",21,83.5,4.0618,131.2459,"wRC+",457,"PA"," 4.1 combined WAR | 9 HR | 35 RBI | 131 wRC+","qualified performance pool","modern_era_mvp_percentile_profile_v3","2026-07-28 17:11:36 UTC","FanGraphs season leaderboard via BaseballR; award score is a transparent performance index, not a ballot forecast."
"MVP","AL",13,"669127","Shea Langeliers","ATH","hitter",28,82.7,2.7967,126.5695,"wRC+",416,"PA"," 2.8 combined WAR | 23 HR | 51 RBI | 127 wRC+","qualified performance pool","modern_era_mvp_percentile_profile_v3","2026-07-28 17:11:36 UTC","FanGraphs season leaderboard via BaseballR; award score is a transparent performance index, not a ballot forecast."
"MVP","AL",14,"621439","Byron Buxton","MIN","hitter",32,82.3,2.6598,136.8105,"wRC+",360,"PA"," 2.7 combined WAR | 25 HR | 45 RBI | 137 wRC+","qualified performance pool","modern_era_mvp_percentile_profile_v3","2026-07-28 17:11:36 UTC","FanGraphs season leaderboard via BaseballR; award score is a transparent performance index, not a ballot forecast."
"MVP","AL",15,"650490","Yandy Díaz","TBR","hitter",34,81.8,2.1414,134.584,"wRC+",445,"PA"," 2.1 combined WAR | 14 HR | 61 RBI | 135 wRC+","qualified performance pool","modern_era_mvp_percentile_profile_v3","2026-07-28 17:11:36 UTC","FanGraphs season leaderboard via BaseballR; award score is a transparent performance index, not a ballot forecast."
"MVP","AL",16,"678882","Ceddanne Rafaela","BOS","hitter",25,81.5,3.304,108.6057,"wRC+",414,"PA"," 3.3 combined WAR | 11 HR | 50 RBI | 109 wRC+","qualified performance pool","modern_era_mvp_percentile_profile_v3","2026-07-28 17:11:36 UTC","FanGraphs season leaderboard via BaseballR; award score is a transparent performance index, not a ballot forecast."
"MVP","AL",17,"545361","Mike Trout","LAA","hitter",34,81.3,2.7602,139.3488,"wRC+",397,"PA"," 2.8 combined WAR | 18 HR | 40 RBI | 139 wRC+","qualified performance pool","modern_era_mvp_percentile_profile_v3","2026-07-28 17:11:36 UTC","FanGraphs season leaderboard via BaseballR; award score is a transparent performance index, not a ballot forecast."
"MVP","AL",18,"641355","Cody Bellinger","NYY","hitter",30,79.6,3.0711,118.6441,"wRC+",434,"PA"," 3.1 combined WAR | 11 HR | 53 RBI | 119 wRC+","qualified performance pool","modern_era_mvp_percentile_profile_v3","2026-07-28 17:11:36 UTC","FanGraphs season leaderboard via BaseballR; award score is a transparent performance index, not a ballot forecast."
"MVP","AL",19,"677649","Ezequiel Duran","TEX","hitter",27,79.2,3.0893,117.5844,"wRC+",365,"PA"," 3.1 combined WAR | 12 HR | 56 RBI | 118 wRC+","qualified performance pool","modern_era_mvp_percentile_profile_v3","2026-07-28 17:11:36 UTC","FanGraphs season leaderboard via BaseballR; award score is a transparent performance index, not a ballot forecast."
"MVP","AL",20,"666018","Jonathan Aranda","TBR","hitter",28,76.4,2.0321,129.1916,"wRC+",448,"PA"," 2.0 combined WAR | 14 HR | 65 RBI | 129 wRC+","qualified performance pool","modern_era_mvp_percentile_profile_v3","2026-07-28 17:11:36 UTC","FanGraphs season leaderboard via BaseballR; award score is a transparent performance index, not a ballot forecast."
"MVP","AL",21,"665161","Jeremy Peña","HOU","hitter",28,76.3,2.5079,145.1879,"wRC+",254,"PA"," 2.5 combined WAR | 11 HR | 30 RBI | 145 wRC+","qualified performance pool","modern_era_mvp_percentile_profile_v3","2026-07-28 17:11:36 UTC","FanGraphs season leaderboard via BaseballR; award score is a transparent performance index, not a ballot forecast."
"MVP","AL",22,"808959","Munetaka Murakami","CHW","hitter",26,75.4,2.4267,153.6686,"wRC+",304,"PA"," 2.4 combined WAR | 22 HR | 48 RBI | 154 wRC+","qualified performance pool","modern_era_mvp_percentile_profile_v3","2026-07-28 17:11:36 UTC","FanGraphs season leaderboard via BaseballR; award score is a transparent performance index, not a ballot forecast."
"MVP","AL",23,"677800","Wilyer Abreu","BOS","hitter",27,73.6,2.1515,106.5096,"wRC+",446,"PA"," 2.2 combined WAR | 15 HR | 51 RBI | 107 wRC+","qualified performance pool","modern_era_mvp_percentile_profile_v3","2026-07-28 17:11:36 UTC","FanGraphs season leaderboard via BaseballR; award score is a transparent performance index, not a ballot forecast."
"MVP","AL",24,"677587","Brayan Rocchio","CLE","hitter",25,73.6,3.1995,105.7716,"wRC+",402,"PA"," 3.2 combined WAR | 9 HR | 49 RBI | 106 wRC+","qualified performance pool","modern_era_mvp_percentile_profile_v3","2026-07-28 17:11:36 UTC","FanGraphs season leaderboard via BaseballR; award score is a transparent performance index, not a ballot forecast."
"MVP","AL",25,"687263","Zach Neto","LAA","hitter",25,73.5,2.062,113.3967,"wRC+",466,"PA"," 2.1 combined WAR | 19 HR | 46 RBI | 113 wRC+","qualified performance pool","modern_era_mvp_percentile_profile_v3","2026-07-28 17:11:36 UTC","FanGraphs season leaderboard via BaseballR; award score is a transparent performance index, not a ballot forecast."
"MVP","AL",26,"673962","Josh Jung","TEX","hitter",28,72.9,2.5015,127.9643,"wRC+",396,"PA"," 2.5 combined WAR | 9 HR | 35 RBI | 128 wRC+","qualified performance pool","modern_era_mvp_percentile_profile_v3","2026-07-28 17:11:36 UTC","FanGraphs season leaderboard via BaseballR; award score is a transparent performance index, not a ballot forecast."
"MVP","AL",27,"670623","Isaac Paredes","HOU","hitter",27,72.6,2.5644,120.776,"wRC+",428,"PA"," 2.6 combined WAR | 14 HR | 58 RBI | 121 wRC+","qualified performance pool","modern_era_mvp_percentile_profile_v3","2026-07-28 17:11:36 UTC","FanGraphs season leaderboard via BaseballR; award score is a transparent performance index, not a ballot forecast."
"MVP","AL",28,"663616","Trevor Larnach","MIN","hitter",29,71.7,2.0928,136.8318,"wRC+",316,"PA"," 2.1 combined WAR | 8 HR | 38 RBI | 137 wRC+","qualified performance pool","modern_era_mvp_percentile_profile_v3","2026-07-28 17:11:36 UTC","FanGraphs season leaderboard via BaseballR; award score is a transparent performance index, not a ballot forecast."
"MVP","AL",29,"691016","Tyler Soderstrom","ATH","hitter",24,71.4,1.8506,127.3071,"wRC+",389,"PA"," 1.9 combined WAR | 17 HR | 50 RBI | 127 wRC+","qualified performance pool","modern_era_mvp_percentile_profile_v3","2026-07-28 17:11:36 UTC","FanGraphs season leaderboard via BaseballR; award score is a transparent performance index, not a ballot forecast."
"MVP","AL",30,"695657","Colson Montgomery","CHW","hitter",24,71.3,2.5647,111.4567,"wRC+",416,"PA"," 2.6 combined WAR | 24 HR | 61 RBI | 111 wRC+","qualified performance pool","modern_era_mvp_percentile_profile_v3","2026-07-28 17:11:36 UTC","FanGraphs season leaderboard via BaseballR; award score is a transparent performance index, not a ballot forecast."
"MVP","AL",31,"592450","Aaron Judge","NYY","hitter",34,71.3,2.1424,150.2174,"wRC+",261,"PA"," 2.1 combined WAR | 17 HR | 38 RBI | 150 wRC+","qualified performance pool","modern_era_mvp_percentile_profile_v3","2026-07-28 17:11:36 UTC","FanGraphs season leaderboard via BaseballR; award score is a transparent performance index, not a ballot forecast."
"MVP","AL",32,"800050","Chase DeLauter","CLE","hitter",24,70.5,1.9114,126.1979,"wRC+",372,"PA"," 1.9 combined WAR | 11 HR | 50 RBI | 126 wRC+","qualified performance pool","modern_era_mvp_percentile_profile_v3","2026-07-28 17:11:36 UTC","FanGraphs season leaderboard via BaseballR; award score is a transparent performance index, not a ballot forecast."
"MVP","AL",33,"805367","Chase Meidroth","CHW","hitter",24,69.3,2.3264,109.0231,"wRC+",427,"PA"," 2.3 combined WAR | 8 HR | 38 RBI | 109 wRC+","qualified performance pool","modern_era_mvp_percentile_profile_v3","2026-07-28 17:11:36 UTC","FanGraphs season leaderboard via BaseballR; award score is a transparent performance index, not a ballot forecast."
"MVP","AL",34,"671976","Tristan Peters","CHW","hitter",26,69.2,2.6595,117.557,"wRC+",312,"PA"," 2.7 combined WAR | 6 HR | 37 RBI | 118 wRC+","qualified performance pool","modern_era_mvp_percentile_profile_v3","2026-07-28 17:11:36 UTC","FanGraphs season leaderboard via BaseballR; award score is a transparent performance index, not a ballot forecast."
"MVP","AL",35,"665862","Jazz Chisholm Jr.","NYY","hitter",28,67.4,2.5239,98.7942,"wRC+",391,"PA"," 2.5 combined WAR | 16 HR | 45 RBI | 99 wRC+","qualified performance pool","modern_era_mvp_percentile_profile_v3","2026-07-28 17:11:36 UTC","FanGraphs season leaderboard via BaseballR; award score is a transparent performance index, not a ballot forecast."
"MVP","AL",36,"607043","Brandon Nimmo","TEX","hitter",33,66.9,1.7947,117.2193,"wRC+",425,"PA"," 1.8 combined WAR | 10 HR | 39 RBI | 117 wRC+","qualified performance pool","modern_era_mvp_percentile_profile_v3","2026-07-28 17:11:36 UTC","FanGraphs season leaderboard via BaseballR; award score is a transparent performance index, not a ballot forecast."
"MVP","AL",37,"665019","Kody Clemens","MIN","hitter",30,66.7,1.7601,114.2917,"wRC+",370,"PA"," 1.8 combined WAR | 18 HR | 49 RBI | 114 wRC+","qualified performance pool","modern_era_mvp_percentile_profile_v3","2026-07-28 17:11:36 UTC","FanGraphs season leaderboard via BaseballR; award score is a transparent performance index, not a ballot forecast."
"MVP","AL",38,"677594","Julio Rodríguez","SEA","hitter",25,66.5,1.8489,110.7888,"wRC+",415,"PA"," 1.8 combined WAR | 15 HR | 45 RBI | 111 wRC+","qualified performance pool","modern_era_mvp_percentile_profile_v3","2026-07-28 17:11:36 UTC","FanGraphs season leaderboard via BaseballR; award score is a transparent performance index, not a ballot forecast."
"MVP","AL",39,"672960","Kazuma Okamoto","TOR","hitter",30,65.9,1.913,107.7285,"wRC+",425,"PA"," 1.9 combined WAR | 23 HR | 65 RBI | 108 wRC+","qualified performance pool","modern_era_mvp_percentile_profile_v3","2026-07-28 17:11:36 UTC","FanGraphs season leaderboard via BaseballR; award score is a transparent performance index, not a ballot forecast."
"MVP","AL",40,"592626","Joc Pederson","TEX","hitter",34,65.7,1.5289,137.5458,"wRC+",322,"PA"," 1.5 combined WAR | 19 HR | 40 RBI | 138 wRC+","qualified performance pool","modern_era_mvp_percentile_profile_v3","2026-07-28 17:11:36 UTC","FanGraphs season leaderboard via BaseballR; award score is a transparent performance index, not a ballot forecast."
"MVP","AL",41,"694671","Wyatt Langford","TEX","hitter",24,65.4,1.9285,135.5109,"wRC+",232,"PA"," 1.9 combined WAR | 12 HR | 29 RBI | 136 wRC+","qualified performance pool","modern_era_mvp_percentile_profile_v3","2026-07-28 17:11:36 UTC","FanGraphs season leaderboard via BaseballR; award score is a transparent performance index, not a ballot forecast."
"MVP","AL",42,"803011","Sam Antonacci","CHW","hitter",23,64.7,1.5856,126.3006,"wRC+",343,"PA"," 1.6 combined WAR | 7 HR | 30 RBI | 126 wRC+","qualified performance pool","modern_era_mvp_percentile_profile_v3","2026-07-28 17:11:36 UTC","FanGraphs season leaderboard via BaseballR; award score is a transparent performance index, not a ballot forecast."
"MVP","AL",43,"686527","Dominic Canzone","SEA","hitter",28,64,1.6404,137.8099,"wRC+",293,"PA"," 1.6 combined WAR | 16 HR | 46 RBI | 138 wRC+","qualified performance pool","modern_era_mvp_percentile_profile_v3","2026-07-28 17:11:36 UTC","FanGraphs season leaderboard via BaseballR; award score is a transparent performance index, not a ballot forecast."
"MVP","AL",44,"683002","Gunnar Henderson","BAL","hitter",25,63.3,1.9668,93.4802,"wRC+",486,"PA"," 2.0 combined WAR | 18 HR | 45 RBI | 93 wRC+","qualified performance pool","modern_era_mvp_percentile_profile_v3","2026-07-28 17:11:36 UTC","FanGraphs season leaderboard via BaseballR; award score is a transparent performance index, not a ballot forecast."
"MVP","AL",45,"702284","Cole Young","SEA","hitter",22,62.8,1.7576,107.3366,"wRC+",425,"PA"," 1.8 combined WAR | 13 HR | 48 RBI | 107 wRC+","qualified performance pool","modern_era_mvp_percentile_profile_v3","2026-07-28 17:11:36 UTC","FanGraphs season leaderboard via BaseballR; award score is a transparent performance index, not a ballot forecast."
"MVP","AL",46,"608070","José Ramírez","CLE","hitter",33,62.4,2.1489,106.0672,"wRC+",332,"PA"," 2.1 combined WAR | 10 HR | 35 RBI | 106 wRC+","qualified performance pool","modern_era_mvp_percentile_profile_v3","2026-07-28 17:11:36 UTC","FanGraphs season leaderboard via BaseballR; award score is a transparent performance index, not a ballot forecast."
"MVP","AL",47,"695600","Carter Jensen","KCR","hitter",22,62.3,1.9266,100.6902,"wRC+",388,"PA"," 1.9 combined WAR | 14 HR | 52 RBI | 101 wRC+","qualified performance pool","modern_era_mvp_percentile_profile_v3","2026-07-28 17:11:36 UTC","FanGraphs season leaderboard via BaseballR; award score is a transparent performance index, not a ballot forecast."
"MVP","AL",48,"680869","Zack Gelof","ATH","hitter",26,61.6,1.7189,120.7629,"wRC+",247,"PA"," 1.7 combined WAR | 11 HR | 29 RBI | 121 wRC+","qualified performance pool","modern_era_mvp_percentile_profile_v3","2026-07-28 17:11:36 UTC","FanGraphs season leaderboard via BaseballR; award score is a transparent performance index, not a ballot forecast."
"MVP","AL",49,"621493","Taylor Ward","BAL","hitter",32,61.3,1.8802,119.3787,"wRC+",487,"PA"," 1.9 combined WAR | 7 HR | 28 RBI | 119 wRC+","qualified performance pool","modern_era_mvp_percentile_profile_v3","2026-07-28 17:11:36 UTC","FanGraphs season leaderboard via BaseballR; award score is a transparent performance index, not a ballot forecast."
"MVP","AL",50,"676391","Ernie Clement","TOR","hitter",30,61.3,1.521,107.8653,"wRC+",421,"PA"," 1.5 combined WAR | 8 HR | 34 RBI | 108 wRC+","qualified performance pool","modern_era_mvp_percentile_profile_v3","2026-07-28 17:11:36 UTC","FanGraphs season leaderboard via BaseballR; award score is a transparent performance index, not a ballot forecast."
"MVP","AL",51,"572233","Christian Walker","HOU","hitter",35,61,1.4934,109.9155,"wRC+",427,"PA"," 1.5 combined WAR | 20 HR | 61 RBI | 110 wRC+","qualified performance pool","modern_era_mvp_percentile_profile_v3","2026-07-28 17:11:36 UTC","FanGraphs season leaderboard via BaseballR; award score is a transparent performance index, not a ballot forecast."
"MVP","AL",52,"502671","Paul Goldschmidt","NYY","hitter",38,61,1.5902,121.3999,"wRC+",296,"PA"," 1.6 combined WAR | 16 HR | 43 RBI | 121 wRC+","qualified performance pool","modern_era_mvp_percentile_profile_v3","2026-07-28 17:11:36 UTC","FanGraphs season leaderboard via BaseballR; award score is a transparent performance index, not a ballot forecast."
"MVP","AL",53,"668939","Adley Rutschman","BAL","hitter",28,60,2.2793,114.4523,"wRC+",284,"PA"," 2.3 combined WAR | 8 HR | 47 RBI | 114 wRC+","qualified performance pool","modern_era_mvp_percentile_profile_v3","2026-07-28 17:11:36 UTC","FanGraphs season leaderboard via BaseballR; award score is a transparent performance index, not a ballot forecast."
"MVP","AL",54,"686797","Brooks Lee","MIN","hitter",25,58.9,1.2942,100.7939,"wRC+",410,"PA"," 1.3 combined WAR | 15 HR | 56 RBI | 101 wRC+","qualified performance pool","modern_era_mvp_percentile_profile_v3","2026-07-28 17:11:36 UTC","FanGraphs season leaderboard via BaseballR; award score is a transparent performance index, not a ballot forecast."
"MVP","AL",55,"669394","Jake Burger","TEX","hitter",30,56.7,1.1991,104.2712,"wRC+",410,"PA"," 1.2 combined WAR | 19 HR | 66 RBI | 104 wRC+","qualified performance pool","modern_era_mvp_percentile_profile_v3","2026-07-28 17:11:36 UTC","FanGraphs season leaderboard via BaseballR; award score is a transparent performance index, not a ballot forecast."
"MVP","AL",56,"677942","Blaze Alexander","BAL","hitter",27,56.6,1.4583,128.9154,"wRC+",246,"PA"," 1.5 combined WAR | 4 HR | 29 RBI | 129 wRC+","qualified performance pool","modern_era_mvp_percentile_profile_v3","2026-07-28 17:11:36 UTC","FanGraphs season leaderboard via BaseballR; award score is a transparent performance index, not a ballot forecast."
"MVP","AL",57,"686681","Michael Massey","KCR","hitter",28,56.1,1.6921,104.2637,"wRC+",281,"PA"," 1.7 combined WAR | 8 HR | 36 RBI | 104 wRC+","qualified performance pool","modern_era_mvp_percentile_profile_v3","2026-07-28 17:11:36 UTC","FanGraphs season leaderboard via BaseballR; award score is a transparent performance index, not a ballot forecast."
"MVP","AL",58,"695506","Jac Caglianone","KCR","hitter",23,55.7,1.0281,107.0345,"wRC+",377,"PA"," 1.0 combined WAR | 16 HR | 37 RBI | 107 wRC+","qualified performance pool","modern_era_mvp_percentile_profile_v3","2026-07-28 17:11:36 UTC","FanGraphs season leaderboard via BaseballR; award score is a transparent performance index, not a ballot forecast."
"MVP","AL",59,"802415","Chandler Simpson","TBR","hitter",25,55.5,1.715,92.2287,"wRC+",394,"PA"," 1.7 combined WAR | 0 HR | 20 RBI | 92 wRC+","qualified performance pool","modern_era_mvp_percentile_profile_v3","2026-07-28 17:11:36 UTC","FanGraphs season leaderboard via BaseballR; award score is a transparent performance index, not a ballot forecast."
"MVP","AL",60,"683953","Travis Bazzana","CLE","hitter",23,52.9,1.5543,108.8155,"wRC+",325,"PA"," 1.6 combined WAR | 9 HR | 33 RBI | 109 wRC+","qualified performance pool","modern_era_mvp_percentile_profile_v3","2026-07-28 17:11:36 UTC","FanGraphs season leaderboard via BaseballR; award score is a transparent performance index, not a ballot forecast."
"MVP","AL",61,"665489","Vladimir Guerrero Jr.","TOR","hitter",27,52.8,0.9508,98.3248,"wRC+",433,"PA"," 1.0 combined WAR | 6 HR | 44 RBI | 98 wRC+","qualified performance pool","modern_era_mvp_percentile_profile_v3","2026-07-28 17:11:36 UTC","FanGraphs season leaderboard via BaseballR; award score is a transparent performance index, not a ballot forecast."
"MVP","AL",62,"694384","Nolan Schanuel","LAA","hitter",24,52,1.2911,110.8762,"wRC+",363,"PA"," 1.3 combined WAR | 6 HR | 37 RBI | 111 wRC+","qualified performance pool","modern_era_mvp_percentile_profile_v3","2026-07-28 17:11:36 UTC","FanGraphs season leaderboard via BaseballR; award score is a transparent performance index, not a ballot forecast."
"MVP","AL",63,"702332","Caleb Durbin","BOS","hitter",26,51.1,1.381,90.2537,"wRC+",361,"PA"," 1.4 combined WAR | 10 HR | 44 RBI | 90 wRC+","qualified performance pool","modern_era_mvp_percentile_profile_v3","2026-07-28 17:11:36 UTC","FanGraphs season leaderboard via BaseballR; award score is a transparent performance index, not a ballot forecast."
"MVP","AL",64,"805779","Jacob Wilson","ATH","hitter",24,48.9,1.583,92.905,"wRC+",282,"PA"," 1.6 combined WAR | 7 HR | 32 RBI | 93 wRC+","qualified performance pool","modern_era_mvp_percentile_profile_v3","2026-07-28 17:11:36 UTC","FanGraphs season leaderboard via BaseballR; award score is a transparent performance index, not a ballot forecast."
"MVP","AL",65,"807712","Luke Keaschall","MIN","hitter",23,48.8,1.0628,100.2104,"wRC+",388,"PA"," 1.1 combined WAR | 4 HR | 30 RBI | 100 wRC+","qualified performance pool","modern_era_mvp_percentile_profile_v3","2026-07-28 17:11:36 UTC","FanGraphs season leaderboard via BaseballR; award score is a transparent performance index, not a ballot forecast."
"MVP","AL",66,"694212","Samuel Basallo","BAL","hitter",21,47.7,0.8708,109.103,"wRC+",311,"PA"," 0.9 combined WAR | 16 HR | 46 RBI | 109 wRC+","qualified performance pool","modern_era_mvp_percentile_profile_v3","2026-07-28 17:11:36 UTC","FanGraphs season leaderboard via BaseballR; award score is a transparent performance index, not a ballot forecast."
"MVP","AL",67,"666176","Jo Adell","LAA","hitter",27,44.7,0.2433,92.8461,"wRC+",438,"PA"," 0.2 combined WAR | 16 HR | 60 RBI | 93 wRC+","qualified performance pool","modern_era_mvp_percentile_profile_v3","2026-07-28 17:11:36 UTC","FanGraphs season leaderboard via BaseballR; award score is a transparent performance index, not a ballot forecast."
"MVP","AL",68,"663757","Trent Grisham","NYY","hitter",29,44.3,0.7146,100.3973,"wRC+",341,"PA"," 0.7 combined WAR | 11 HR | 41 RBI | 100 wRC+","qualified performance pool","modern_era_mvp_percentile_profile_v3","2026-07-28 17:11:36 UTC","FanGraphs season leaderboard via BaseballR; award score is a transparent performance index, not a ballot forecast."
"MVP","AL",69,"672580","Maikel Garcia","KCR","hitter",26,44.2,1.4393,91.8338,"wRC+",294,"PA"," 1.4 combined WAR | 3 HR | 30 RBI | 92 wRC+","qualified performance pool","modern_era_mvp_percentile_profile_v3","2026-07-28 17:11:36 UTC","FanGraphs season leaderboard via BaseballR; award score is a transparent performance index, not a ballot forecast."
"MVP","AL",70,"647304","Josh Naylor","SEA","hitter",29,44.2,0.5416,98.032,"wRC+",430,"PA"," 0.5 combined WAR | 8 HR | 37 RBI | 98 wRC+","qualified performance pool","modern_era_mvp_percentile_profile_v3","2026-07-28 17:11:36 UTC","FanGraphs season leaderboard via BaseballR; award score is a transparent performance index, not a ballot forecast."
"MVP","AL",71,"662139","Daulton Varsho","TOR","hitter",29,44,1.2176,91.3964,"wRC+",345,"PA"," 1.2 combined WAR | 7 HR | 25 RBI | 91 wRC+","qualified performance pool","modern_era_mvp_percentile_profile_v3","2026-07-28 17:11:36 UTC","FanGraphs season leaderboard via BaseballR; award score is a transparent performance index, not a ballot forecast."
"MVP","AL",72,"680757","Steven Kwan","CLE","hitter",28,43.8,1.4809,94.3537,"wRC+",392,"PA"," 1.5 combined WAR | 1 HR | 18 RBI | 94 wRC+","qualified performance pool","modern_era_mvp_percentile_profile_v3","2026-07-28 17:11:36 UTC","FanGraphs season leaderboard via BaseballR; award score is a transparent performance index, not a ballot forecast."
"MVP","AL",73,"676356","Jonny DeLuca","TBR","hitter",27,43.1,1.1326,101.615,"wRC+",206,"PA"," 1.1 combined WAR | 6 HR | 32 RBI | 102 wRC+","qualified performance pool","modern_era_mvp_percentile_profile_v3","2026-07-28 17:11:36 UTC","FanGraphs season leaderboard via BaseballR; award score is a transparent performance index, not a ballot forecast."
"MVP","AL",74,"605137","Josh Bell","MIN","hitter",33,42.9,0.0848,98.2572,"wRC+",413,"PA"," 0.1 combined WAR | 13 HR | 62 RBI | 98 wRC+","qualified performance pool","modern_era_mvp_percentile_profile_v3","2026-07-28 17:11:36 UTC","FanGraphs season leaderboard via BaseballR; award score is a transparent performance index, not a ballot forecast."
"MVP","AL",75,"690993","Colt Keith","DET","hitter",24,42.3,0.9857,94.9075,"wRC+",304,"PA"," 1.0 combined WAR | 8 HR | 24 RBI | 95 wRC+","qualified performance pool","modern_era_mvp_percentile_profile_v3","2026-07-28 17:11:36 UTC","FanGraphs season leaderboard via BaseballR; award score is a transparent performance index, not a ballot forecast."
"MVP","AL",76,"657041","Lane Thomas","KCR","hitter",30,41.8,0.7779,102.7157,"wRC+",312,"PA"," 0.8 combined WAR | 10 HR | 37 RBI | 103 wRC+","qualified performance pool","modern_era_mvp_percentile_profile_v3","2026-07-28 17:11:36 UTC","FanGraphs season leaderboard via BaseballR; award score is a transparent performance index, not a ballot forecast."
"MVP","AL",77,"701358","Cam Smith","HOU","hitter",23,41.5,1.1045,81.8036,"wRC+",388,"PA"," 1.1 combined WAR | 13 HR | 36 RBI | 82 wRC+","qualified performance pool","modern_era_mvp_percentile_profile_v3","2026-07-28 17:11:36 UTC","FanGraphs season leaderboard via BaseballR; award score is a transparent performance index, not a ballot forecast."
"MVP","AL",78,"664770","Nathan Lukes","TOR","hitter",31,41.1,1.1737,106.8113,"wRC+",254,"PA"," 1.2 combined WAR | 5 HR | 18 RBI | 107 wRC+","qualified performance pool","modern_era_mvp_percentile_profile_v3","2026-07-28 17:11:36 UTC","FanGraphs season leaderboard via BaseballR; award score is a transparent performance index, not a ballot forecast."
"MVP","AL",79,"687093","Vaughn Grissom","LAA","hitter",25,40.6,0.8436,104.8767,"wRC+",253,"PA"," 0.8 combined WAR | 7 HR | 43 RBI | 105 wRC+","qualified performance pool","modern_era_mvp_percentile_profile_v3","2026-07-28 17:11:36 UTC","FanGraphs season leaderboard via BaseballR; award score is a transparent performance index, not a ballot forecast."
"MVP","AL",80,"686555","Isaac Collins","KCR","hitter",28,40.4,0.614,102.1229,"wRC+",351,"PA"," 0.6 combined WAR | 6 HR | 34 RBI | 102 wRC+","qualified performance pool","modern_era_mvp_percentile_profile_v3","2026-07-28 17:11:36 UTC","FanGraphs season leaderboard via BaseballR; award score is a transparent performance index, not a ballot forecast."
"MVP","AL",81,"665926","Andrés Giménez","TOR","hitter",27,40.4,1.4111,75.5958,"wRC+",337,"PA"," 1.4 combined WAR | 7 HR | 40 RBI | 76 wRC+","qualified performance pool","modern_era_mvp_percentile_profile_v3","2026-07-28 17:11:36 UTC","FanGraphs season leaderboard via BaseballR; award score is a transparent performance index, not a ballot forecast."
"MVP","AL",82,"663743","Nick Fortes","TBR","hitter",29,39.5,1.1255,99.0977,"wRC+",248,"PA"," 1.1 combined WAR | 4 HR | 27 RBI | 99 wRC+","qualified performance pool","modern_era_mvp_percentile_profile_v3","2026-07-28 17:11:36 UTC","FanGraphs season leaderboard via BaseballR; award score is a transparent performance index, not a ballot forecast."
"MVP","AL",83,"676609","José Caballero","NYY","hitter",29,39.3,0.7472,84.7312,"wRC+",329,"PA"," 0.7 combined WAR | 10 HR | 37 RBI | 85 wRC+","qualified performance pool","modern_era_mvp_percentile_profile_v3","2026-07-28 17:11:36 UTC","FanGraphs season leaderboard via BaseballR; award score is a transparent performance index, not a ballot forecast."
"MVP","AL",84,"641487","J.P. Crawford","SEA","hitter",31,38.7,1.0136,104.5583,"wRC+",360,"PA"," 1.0 combined WAR | 10 HR | 30 RBI | 105 wRC+","qualified performance pool","modern_era_mvp_percentile_profile_v3","2026-07-28 17:11:36 UTC","FanGraphs season leaderboard via BaseballR; award score is a transparent performance index, not a ballot forecast."
"MVP","AL",85,"694497","Evan Carter","TEX","hitter",23,38.3,1.4314,91.6624,"wRC+",295,"PA"," 1.4 combined WAR | 8 HR | 27 RBI | 92 wRC+","qualified performance pool","modern_era_mvp_percentile_profile_v3","2026-07-28 17:11:36 UTC","FanGraphs season leaderboard via BaseballR; award score is a transparent performance index, not a ballot forecast."
"MVP","AL",86,"650402","Gleyber Torres","DET","hitter",29,37.7,0.9247,119.6526,"wRC+",217,"PA"," 0.9 combined WAR | 4 HR | 18 RBI | 120 wRC+","qualified performance pool","modern_era_mvp_percentile_profile_v3","2026-07-28 17:11:36 UTC","FanGraphs season leaderboard via BaseballR; award score is a transparent performance index, not a ballot forecast."
"MVP","AL",87,"679529","Spencer Torkelson","DET","hitter",26,36.8,-0.0858,101.8701,"wRC+",412,"PA","-0.1 combined WAR | 19 HR | 51 RBI | 102 wRC+","qualified performance pool","modern_era_mvp_percentile_profile_v3","2026-07-28 17:11:36 UTC","FanGraphs season leaderboard via BaseballR; award score is a transparent performance index, not a ballot forecast."
"MVP","AL",88,"670042","Luke Raley","SEA","hitter",31,36.6,0.4707,107.6963,"wRC+",284,"PA"," 0.5 combined WAR | 15 HR | 39 RBI | 108 wRC+","qualified performance pool","modern_era_mvp_percentile_profile_v3","2026-07-28 17:11:36 UTC","FanGraphs season leaderboard via BaseballR; award score is a transparent performance index, not a ballot forecast."
"MVP","AL",89,"656775","Cedric Mullins","TBR","hitter",31,36.6,0.9145,76.8218,"wRC+",354,"PA"," 0.9 combined WAR | 12 HR | 33 RBI | 77 wRC+","qualified performance pool","modern_era_mvp_percentile_profile_v3","2026-07-28 17:11:36 UTC","FanGraphs season leaderboard via BaseballR; award score is a transparent performance index, not a ballot forecast."
"MVP","AL",90,"668885","Austin Martin","MIN","hitter",27,36,0.8585,98.9025,"wRC+",297,"PA"," 0.9 combined WAR | 2 HR | 21 RBI | 99 wRC+","qualified performance pool","modern_era_mvp_percentile_profile_v3","2026-07-28 17:11:36 UTC","FanGraphs season leaderboard via BaseballR; award score is a transparent performance index, not a ballot forecast."
"MVP","AL",91,"679845","Nick Loftin","KCR","hitter",27,35.8,0.5773,104.4368,"wRC+",242,"PA"," 0.6 combined WAR | 5 HR | 34 RBI | 104 wRC+","qualified performance pool","modern_era_mvp_percentile_profile_v3","2026-07-28 17:11:36 UTC","FanGraphs season leaderboard via BaseballR; award score is a transparent performance index, not a ballot forecast."
"MVP","AL",92,"543807","George Springer","TOR","hitter",36,35.6,0.3506,100.2585,"wRC+",335,"PA"," 0.4 combined WAR | 11 HR | 30 RBI | 100 wRC+","qualified performance pool","modern_era_mvp_percentile_profile_v3","2026-07-28 17:11:36 UTC","FanGraphs season leaderboard via BaseballR; award score is a transparent performance index, not a ballot forecast."
"MVP","AL",93,"682657","Angel Martínez","CLE","hitter",24,35.5,0.7099,88.7021,"wRC+",254,"PA"," 0.7 combined WAR | 11 HR | 33 RBI | 89 wRC+","qualified performance pool","modern_era_mvp_percentile_profile_v3","2026-07-28 17:11:36 UTC","FanGraphs season leaderboard via BaseballR; award score is a transparent performance index, not a ballot forecast."
"MVP","AL",94,"665750","Leody Taveras","BAL","hitter",27,35.4,0.6356,89.2469,"wRC+",324,"PA"," 0.6 combined WAR | 5 HR | 38 RBI | 89 wRC+","qualified performance pool","modern_era_mvp_percentile_profile_v3","2026-07-28 17:11:36 UTC","FanGraphs season leaderboard via BaseballR; award score is a transparent performance index, not a ballot forecast."
"MVP","AL",95,"514888","Jose Altuve","HOU","hitter",36,35.2,0.3948,90.0714,"wRC+",356,"PA"," 0.4 combined WAR | 12 HR | 30 RBI | 90 wRC+","qualified performance pool","modern_era_mvp_percentile_profile_v3","2026-07-28 17:11:36 UTC","FanGraphs season leaderboard via BaseballR; award score is a transparent performance index, not a ballot forecast."
"MVP","AL",96,"666126","Carlos Cortes","ATH","hitter",29,34.9,0.1951,113.8005,"wRC+",251,"PA"," 0.2 combined WAR | 7 HR | 27 RBI | 114 wRC+","qualified performance pool","modern_era_mvp_percentile_profile_v3","2026-07-28 17:11:36 UTC","FanGraphs season leaderboard via BaseballR; award score is a transparent performance index, not a ballot forecast."
"MVP","AL",97,"643217","Andrew Benintendi","CHW","hitter",31,34.7,-0.0524,97.1555,"wRC+",319,"PA","-0.1 combined WAR | 10 HR | 53 RBI | 97 wRC+","qualified performance pool","modern_era_mvp_percentile_profile_v3","2026-07-28 17:11:36 UTC","FanGraphs season leaderboard via BaseballR; award score is a transparent performance index, not a ballot forecast."
"MVP","AL",98,"681297","Colton Cowser","BAL","hitter",26,33.2,1.1439,87.9787,"wRC+",255,"PA"," 1.1 combined WAR | 8 HR | 27 RBI | 88 wRC+","qualified performance pool","modern_era_mvp_percentile_profile_v3","2026-07-28 17:11:36 UTC","FanGraphs season leaderboard via BaseballR; award score is a transparent performance index, not a ballot forecast."
"MVP","AL",99,"605170","Victor Caratini","MIN","hitter",32,32.8,0.8964,90.9421,"wRC+",289,"PA"," 0.9 combined WAR | 7 HR | 36 RBI | 91 wRC+","qualified performance pool","modern_era_mvp_percentile_profile_v3","2026-07-28 17:11:36 UTC","FanGraphs season leaderboard via BaseballR; award score is a transparent performance index, not a ballot forecast."
"MVP","AL",100,"660821","Jesús Sánchez","TOR","hitter",28,31.6,0.0713,107.9938,"wRC+",234,"PA"," 0.1 combined WAR | 7 HR | 29 RBI | 108 wRC+","qualified performance pool","modern_era_mvp_percentile_profile_v3","2026-07-28 17:11:36 UTC","FanGraphs season leaderboard via BaseballR; award score is a transparent performance index, not a ballot forecast."
"MVP","AL",101,"691723","Coby Mayo","BAL","hitter",24,31.4,0.3978,88.5199,"wRC+",267,"PA"," 0.4 combined WAR | 14 HR | 38 RBI | 89 wRC+","qualified performance pool","modern_era_mvp_percentile_profile_v3","2026-07-28 17:11:36 UTC","FanGraphs season leaderboard via BaseballR; award score is a transparent performance index, not a ballot forecast."
"MVP","AL",102,"680776","Jarren Duran","BOS","hitter",29,30.9,0.0184,59.3126,"wRC+",418,"PA"," 0.0 combined WAR | 13 HR | 54 RBI | 59 wRC+","qualified performance pool","modern_era_mvp_percentile_profile_v3","2026-07-28 17:11:36 UTC","FanGraphs season leaderboard via BaseballR; award score is a transparent performance index, not a ballot forecast."
"MVP","AL",103,"672724","Oswald Peraza","LAA","hitter",26,30.6,0.6644,80.4594,"wRC+",291,"PA"," 0.7 combined WAR | 7 HR | 24 RBI | 80 wRC+","qualified performance pool","modern_era_mvp_percentile_profile_v3","2026-07-28 17:11:36 UTC","FanGraphs season leaderboard via BaseballR; award score is a transparent performance index, not a ballot forecast."
"MVP","AL",104,"668904","Royce Lewis","MIN","hitter",27,30.2,0.3847,86.5569,"wRC+",295,"PA"," 0.4 combined WAR | 10 HR | 31 RBI | 87 wRC+","qualified performance pool","modern_era_mvp_percentile_profile_v3","2026-07-28 17:11:36 UTC","FanGraphs season leaderboard via BaseballR; award score is a transparent performance index, not a ballot forecast."
"MVP","AL",105,"807799","Masataka Yoshida","BOS","hitter",32,27.7,0.0902,100.2769,"wRC+",236,"PA"," 0.1 combined WAR | 4 HR | 19 RBI | 100 wRC+","qualified performance pool","modern_era_mvp_percentile_profile_v3","2026-07-28 17:11:36 UTC","FanGraphs season leaderboard via BaseballR; award score is a transparent performance index, not a ballot forecast."
"MVP","AL",106,"670764","Taylor Walls","TBR","hitter",29,26.5,0.5815,74.9614,"wRC+",291,"PA"," 0.6 combined WAR | 0 HR | 21 RBI | 75 wRC+","qualified performance pool","modern_era_mvp_percentile_profile_v3","2026-07-28 17:11:36 UTC","FanGraphs season leaderboard via BaseballR; award score is a transparent performance index, not a ballot forecast."
"MVP","AL",107,"686469","Vinnie Pasquantino","KCR","hitter",28,26.3,0.0226,85.2351,"wRC+",333,"PA"," 0.0 combined WAR | 6 HR | 33 RBI | 85 wRC+","qualified performance pool","modern_era_mvp_percentile_profile_v3","2026-07-28 17:11:36 UTC","FanGraphs season leaderboard via BaseballR; award score is a transparent performance index, not a ballot forecast."
"MVP","AL",108,"680700","Richie Palacios","TBR","hitter",29,25.8,0.1857,91.76,"wRC+",253,"PA"," 0.2 combined WAR | 4 HR | 30 RBI | 92 wRC+","qualified performance pool","modern_era_mvp_percentile_profile_v3","2026-07-28 17:11:36 UTC","FanGraphs season leaderboard via BaseballR; award score is a transparent performance index, not a ballot forecast."
"MVP","AL",109,"669236","Jeremiah Jackson","BAL","hitter",26,25.7,0.1608,81.3519,"wRC+",225,"PA"," 0.2 combined WAR | 7 HR | 39 RBI | 81 wRC+","qualified performance pool","modern_era_mvp_percentile_profile_v3","2026-07-28 17:11:36 UTC","FanGraphs season leaderboard via BaseballR; award score is a transparent performance index, not a ballot forecast."
"MVP","AL",110,"641857","Ryan McMahon","NYY","hitter",31,25,0.6192,80.0521,"wRC+",248,"PA"," 0.6 combined WAR | 9 HR | 26 RBI | 80 wRC+","qualified performance pool","modern_era_mvp_percentile_profile_v3","2026-07-28 17:11:36 UTC","FanGraphs season leaderboard via BaseballR; award score is a transparent performance index, not a ballot forecast."
"MVP","AL",111,"608369","Corey Seager","TEX","hitter",32,24.5,0.6178,86.8847,"wRC+",219,"PA"," 0.6 combined WAR | 10 HR | 25 RBI | 87 wRC+","qualified performance pool","modern_era_mvp_percentile_profile_v3","2026-07-28 17:11:36 UTC","FanGraphs season leaderboard via BaseballR; award score is a transparent performance index, not a ballot forecast."
"MVP","AL",112,"810938","Ben Williamson","TBR","hitter",25,24.4,0.2487,81.3073,"wRC+",251,"PA"," 0.2 combined WAR | 2 HR | 25 RBI | 81 wRC+","qualified performance pool","modern_era_mvp_percentile_profile_v3","2026-07-28 17:11:36 UTC","FanGraphs season leaderboard via BaseballR; award score is a transparent performance index, not a ballot forecast."
"MVP","AL",113,"703607","Henry Bolte","ATH","hitter",22,23.9,0.5203,82.0194,"wRC+",230,"PA"," 0.5 combined WAR | 3 HR | 17 RBI | 82 wRC+","qualified performance pool","modern_era_mvp_percentile_profile_v3","2026-07-28 17:11:36 UTC","FanGraphs season leaderboard via BaseballR; award score is a transparent performance index, not a ballot forecast."
"MVP","AL",114,"521692","Salvador Perez","KCR","hitter",36,23.4,-1.1781,67.0846,"wRC+",417,"PA","-1.2 combined WAR | 15 HR | 44 RBI | 67 wRC+","qualified performance pool","modern_era_mvp_percentile_profile_v3","2026-07-28 17:11:36 UTC","FanGraphs season leaderboard via BaseballR; award score is a transparent performance index, not a ballot forecast."
"MVP","AL",115,"643446","Jeff McNeil","ATH","hitter",34,22.5,-0.0306,76.8304,"wRC+",321,"PA"," 0.0 combined WAR | 4 HR | 33 RBI | 77 wRC+","qualified performance pool","modern_era_mvp_percentile_profile_v3","2026-07-28 17:11:36 UTC","FanGraphs season leaderboard via BaseballR; award score is a transparent performance index, not a ballot forecast."
"MVP","AL",116,"624585","Jorge Soler","LAA","hitter",34,22.4,-0.662,83.8509,"wRC+",349,"PA","-0.7 combined WAR | 12 HR | 47 RBI | 84 wRC+","qualified performance pool","modern_era_mvp_percentile_profile_v3","2026-07-28 17:11:36 UTC","FanGraphs season leaderboard via BaseballR; award score is a transparent performance index, not a ballot forecast."
"MVP","AL",117,"681481","Kerry Carpenter","DET","hitter",28,20.8,-0.6018,90.1139,"wRC+",259,"PA","-0.6 combined WAR | 13 HR | 36 RBI | 90 wRC+","qualified performance pool","modern_era_mvp_percentile_profile_v3","2026-07-28 17:11:36 UTC","FanGraphs season leaderboard via BaseballR; award score is a transparent performance index, not a ballot forecast."
"MVP","AL",118,"682177","Daniel Schneemann","CLE","hitter",29,20.8,0.4852,69.3149,"wRC+",276,"PA"," 0.5 combined WAR | 6 HR | 28 RBI | 69 wRC+","qualified performance pool","modern_era_mvp_percentile_profile_v3","2026-07-28 17:11:36 UTC","FanGraphs season leaderboard via BaseballR; award score is a transparent performance index, not a ballot forecast."
"MVP","AL",119,"700932","Kyle Manzardo","CLE","hitter",25,20.6,-0.4359,86.8008,"wRC+",336,"PA","-0.4 combined WAR | 11 HR | 32 RBI | 87 wRC+","qualified performance pool","modern_era_mvp_percentile_profile_v3","2026-07-28 17:11:36 UTC","FanGraphs season leaderboard via BaseballR; award score is a transparent performance index, not a ballot forecast."
"MVP","AL",120,"663728","Cal Raleigh","SEA","hitter",29,20.3,0.4896,69.0841,"wRC+",316,"PA"," 0.5 combined WAR | 10 HR | 35 RBI | 69 wRC+","qualified performance pool","modern_era_mvp_percentile_profile_v3","2026-07-28 17:11:36 UTC","FanGraphs season leaderboard via BaseballR; award score is a transparent performance index, not a ballot forecast."
"MVP","AL",121,"696030","Alejandro Osuna","TEX","hitter",23,19.5,-0.3566,95.1154,"wRC+",206,"PA","-0.4 combined WAR | 1 HR | 23 RBI | 95 wRC+","qualified performance pool","modern_era_mvp_percentile_profile_v3","2026-07-28 17:11:36 UTC","FanGraphs season leaderboard via BaseballR; award score is a transparent performance index, not a ballot forecast."
"MVP","AL",122,"656555","Rhys Hoskins","CLE","hitter",33,18.9,-0.4637,92.3539,"wRC+",286,"PA","-0.5 combined WAR | 11 HR | 33 RBI | 92 wRC+","qualified performance pool","modern_era_mvp_percentile_profile_v3","2026-07-28 17:11:36 UTC","FanGraphs season leaderboard via BaseballR; award score is a transparent performance index, not a ballot forecast."
"MVP","AL",123,"667670","Brent Rooker","ATH","hitter",31,16.6,-0.1334,82.0636,"wRC+",203,"PA","-0.1 combined WAR | 10 HR | 29 RBI | 82 wRC+","qualified performance pool","modern_era_mvp_percentile_profile_v3","2026-07-28 17:11:36 UTC","FanGraphs season leaderboard via BaseballR; award score is a transparent performance index, not a ballot forecast."
"MVP","AL",124,"666139","Josh Lowe","LAA","hitter",28,14.1,0.0716,63.5283,"wRC+",204,"PA"," 0.1 combined WAR | 8 HR | 22 RBI | 64 wRC+","qualified performance pool","modern_era_mvp_percentile_profile_v3","2026-07-28 17:11:36 UTC","FanGraphs season leaderboard via BaseballR; award score is a transparent performance index, not a ballot forecast."
"MVP","AL",125,"656716","Zach McKinstry","DET","hitter",31,14,0.2833,66.9318,"wRC+",281,"PA"," 0.3 combined WAR | 4 HR | 21 RBI | 67 wRC+","qualified performance pool","modern_era_mvp_percentile_profile_v3","2026-07-28 17:11:36 UTC","FanGraphs season leaderboard via BaseballR; award score is a transparent performance index, not a ballot forecast."
"MVP","AL",126,"694728","Brice Matthews","HOU","hitter",24,13.7,0.1282,60.971,"wRC+",226,"PA"," 0.1 combined WAR | 7 HR | 22 RBI | 61 wRC+","qualified performance pool","modern_era_mvp_percentile_profile_v3","2026-07-28 17:11:36 UTC","FanGraphs season leaderboard via BaseballR; award score is a transparent performance index, not a ballot forecast."
"MVP","AL",127,"671732","Lawrence Butler","ATH","hitter",25,11.8,-1.2605,67.785,"wRC+",306,"PA","-1.3 combined WAR | 5 HR | 25 RBI | 68 wRC+","qualified performance pool","modern_era_mvp_percentile_profile_v3","2026-07-28 17:11:36 UTC","FanGraphs season leaderboard via BaseballR; award score is a transparent performance index, not a ballot forecast."
"MVP","AL",128,"663837","Matt Vierling","DET","hitter",29,10.7,-0.5367,55.3276,"wRC+",289,"PA","-0.5 combined WAR | 5 HR | 31 RBI | 55 wRC+","qualified performance pool","modern_era_mvp_percentile_profile_v3","2026-07-28 17:11:36 UTC","FanGraphs season leaderboard via BaseballR; award score is a transparent performance index, not a ballot forecast."
"MVP","AL",129,"691785","Marcelo Mayer","BOS","hitter",23,10.2,-0.1072,62.8755,"wRC+",228,"PA","-0.1 combined WAR | 3 HR | 22 RBI | 63 wRC+","qualified performance pool","modern_era_mvp_percentile_profile_v3","2026-07-28 17:11:36 UTC","FanGraphs season leaderboard via BaseballR; award score is a transparent performance index, not a ballot forecast."
"MVP","AL",130,"543877","Christian Vázquez","HOU","hitter",35,9,-0.1731,65.095,"wRC+",210,"PA","-0.2 combined WAR | 5 HR | 23 RBI | 65 wRC+","qualified performance pool","modern_era_mvp_percentile_profile_v3","2026-07-28 17:11:36 UTC","FanGraphs season leaderboard via BaseballR; award score is a transparent performance index, not a ballot forecast."
"MVP","AL",131,"669224","Austin Wells","NYY","hitter",26,8.7,0.0488,55.027,"wRC+",237,"PA"," 0.0 combined WAR | 7 HR | 14 RBI | 55 wRC+","qualified performance pool","modern_era_mvp_percentile_profile_v3","2026-07-28 17:11:36 UTC","FanGraphs season leaderboard via BaseballR; award score is a transparent performance index, not a ballot forecast."
"MVP","AL",132,"681351","Logan O'Hoppe","LAA","hitter",26,5.9,-0.7816,61.1582,"wRC+",252,"PA","-0.8 combined WAR | 4 HR | 23 RBI | 61 wRC+","qualified performance pool","modern_era_mvp_percentile_profile_v3","2026-07-28 17:11:36 UTC","FanGraphs season leaderboard via BaseballR; award score is a transparent performance index, not a ballot forecast."
"Cy Young","AL",1,"693645","Cam Schlittler","NYY","pitcher",25,97.1,4.1623,2.0716,"ERA",130.1,"IP"," 4.2 WAR | 2.07 ERA | 130.1 IP","qualified performance pool","fangraphs_cy_young_performance_score_v1","2026-07-28 17:11:36 UTC","FanGraphs season leaderboard via BaseballR; award score is a transparent performance index, not a ballot forecast."
"Cy Young","AL",2,"656302","Dylan Cease","TOR","pitcher",30,92.1,4.1206,2.4618,"ERA",113.1,"IP"," 4.1 WAR | 2.46 ERA | 113.1 IP","qualified performance pool","fangraphs_cy_young_performance_score_v1","2026-07-28 17:11:36 UTC","FanGraphs season leaderboard via BaseballR; award score is a transparent performance index, not a ballot forecast."
"Cy Young","AL",3,"800048","Parker Messick","CLE","pitcher",25,88.2,3.266,2.5851,"ERA",125.1,"IP"," 3.3 WAR | 2.59 ERA | 125.1 IP","qualified performance pool","fangraphs_cy_young_performance_score_v1","2026-07-28 17:11:36 UTC","FanGraphs season leaderboard via BaseballR; award score is a transparent performance index, not a ballot forecast."
"Cy Young","AL",4,"656876","Drew Rasmussen","TBR","pitcher",30,85.5,2.8083,3.0719,"ERA",111.1,"IP"," 2.8 WAR | 3.07 ERA | 111.1 IP","qualified performance pool","fangraphs_cy_young_performance_score_v1","2026-07-28 17:11:36 UTC","FanGraphs season leaderboard via BaseballR; award score is a transparent performance index, not a ballot forecast."
"Cy Young","AL",5,"669373","Tarik Skubal","DET","pitcher",29,85.2,2.6422,2.7,"ERA",90,"IP"," 2.6 WAR | 2.70 ERA |  90.0 IP","qualified performance pool","fangraphs_cy_young_performance_score_v1","2026-07-28 17:11:36 UTC","FanGraphs season leaderboard via BaseballR; award score is a transparent performance index, not a ballot forecast."
"Cy Young","AL",6,"669302","Logan Gilbert","SEA","pitcher",29,84.1,2.7825,3.4377,"ERA",125.2,"IP"," 2.8 WAR | 3.44 ERA | 125.2 IP","qualified performance pool","fangraphs_cy_young_performance_score_v1","2026-07-28 17:11:36 UTC","FanGraphs season leaderboard via BaseballR; award score is a transparent performance index, not a ballot forecast."
"Cy Young","AL",7,"663554","Casey Mize","DET","pitcher",29,82.6,2.9496,2.7,"ERA",86.2,"IP"," 2.9 WAR | 2.70 ERA |  86.2 IP","qualified performance pool","fangraphs_cy_young_performance_score_v1","2026-07-28 17:11:36 UTC","FanGraphs season leaderboard via BaseballR; award score is a transparent performance index, not a ballot forecast."
"Cy Young","AL",8,"624133","Ranger Suarez","BOS","pitcher",30,81.6,3.2392,3.021,"ERA",95.1,"IP"," 3.2 WAR | 3.02 ERA |  95.1 IP","qualified performance pool","fangraphs_cy_young_performance_score_v1","2026-07-28 17:11:36 UTC","FanGraphs season leaderboard via BaseballR; award score is a transparent performance index, not a ballot forecast."
"Cy Young","AL",9,"686973","Louis Varland","TOR","pitcher",28,81.2,2.4121,1.0189,"ERA",53,"IP"," 2.4 WAR | 1.02 ERA |  53.0 IP","qualified performance pool","fangraphs_cy_young_performance_score_v1","2026-07-28 17:11:36 UTC","FanGraphs season leaderboard via BaseballR; award score is a transparent performance index, not a ballot forecast."
"Cy Young","AL",10,"594798","Jacob deGrom","TEX","pitcher",38,80.5,2.7852,3.6707,"ERA",110.1,"IP"," 2.8 WAR | 3.67 ERA | 110.1 IP","qualified performance pool","fangraphs_cy_young_performance_score_v1","2026-07-28 17:11:36 UTC","FanGraphs season leaderboard via BaseballR; award score is a transparent performance index, not a ballot forecast."
"Cy Young","AL",11,"680732","Sean Burke","CHW","pitcher",26,80.1,2.5185,3.1944,"ERA",118.1,"IP"," 2.5 WAR | 3.19 ERA | 118.1 IP","qualified performance pool","fangraphs_cy_young_performance_score_v1","2026-07-28 17:11:36 UTC","FanGraphs season leaderboard via BaseballR; award score is a transparent performance index, not a ballot forecast."
"Cy Young","AL",12,"657746","Joe Ryan","MIN","pitcher",30,78.9,2.4735,3.3848,"ERA",114.1,"IP"," 2.5 WAR | 3.38 ERA | 114.1 IP","qualified performance pool","fangraphs_cy_young_performance_score_v1","2026-07-28 17:11:36 UTC","FanGraphs season leaderboard via BaseballR; award score is a transparent performance index, not a ballot forecast."
"Cy Young","AL",13,"668909","Gavin Williams","CLE","pitcher",26,78,2.2568,3.7757,"ERA",126.1,"IP"," 2.3 WAR | 3.78 ERA | 126.1 IP","qualified performance pool","fangraphs_cy_young_performance_score_v1","2026-07-28 17:11:36 UTC","FanGraphs season leaderboard via BaseballR; award score is a transparent performance index, not a ballot forecast."
"Cy Young","AL",14,"672282","Reid Detmers","LAA","pitcher",26,77.9,2.996,4.05,"ERA",120,"IP"," 3.0 WAR | 4.05 ERA | 120.0 IP","qualified performance pool","fangraphs_cy_young_performance_score_v1","2026-07-28 17:11:36 UTC","FanGraphs season leaderboard via BaseballR; award score is a transparent performance index, not a ballot forecast."
"Cy Young","AL",15,"687396","Brent Headrick","NYY","pitcher",28,73.9,1.6357,1.35,"ERA",53.1,"IP"," 1.6 WAR | 1.35 ERA |  53.1 IP","qualified performance pool","fangraphs_cy_young_performance_score_v1","2026-07-28 17:11:36 UTC","FanGraphs season leaderboard via BaseballR; award score is a transparent performance index, not a ballot forecast."
"Cy Young","AL",16,"663436","Davis Martin","CHW","pitcher",29,73.1,3.0817,3.4865,"ERA",111,"IP"," 3.1 WAR | 3.49 ERA | 111.0 IP","qualified performance pool","fangraphs_cy_young_performance_score_v1","2026-07-28 17:11:36 UTC","FanGraphs season leaderboard via BaseballR; award score is a transparent performance index, not a ballot forecast."
"Cy Young","AL",17,"801139","Payton Tolle","BOS","pitcher",23,72.3,2.2382,3.3158,"ERA",95,"IP"," 2.2 WAR | 3.32 ERA |  95.0 IP","qualified performance pool","fangraphs_cy_young_performance_score_v1","2026-07-28 17:11:36 UTC","FanGraphs season leaderboard via BaseballR; award score is a transparent performance index, not a ballot forecast."
"Cy Young","AL",18,"693433","Bryan Woo","SEA","pitcher",26,72.2,2.8138,4.3699,"ERA",115.1,"IP"," 2.8 WAR | 4.37 ERA | 115.1 IP","qualified performance pool","fangraphs_cy_young_performance_score_v1","2026-07-28 17:11:36 UTC","FanGraphs season leaderboard via BaseballR; award score is a transparent performance index, not a ballot forecast."
"Cy Young","AL",19,"691799","Grant Taylor","CHW","pitcher",24,72,1.5643,2.5796,"ERA",52.1,"IP"," 1.6 WAR | 2.58 ERA |  52.1 IP","qualified performance pool","fangraphs_cy_young_performance_score_v1","2026-07-28 17:11:36 UTC","FanGraphs season leaderboard via BaseballR; award score is a transparent performance index, not a ballot forecast."
"Cy Young","AL",20,"608331","Max Fried","NYY","pitcher",32,70.8,2.2939,3.2297,"ERA",69.2,"IP"," 2.3 WAR | 3.23 ERA |  69.2 IP","qualified performance pool","fangraphs_cy_young_performance_score_v1","2026-07-28 17:11:36 UTC","FanGraphs season leaderboard via BaseballR; award score is a transparent performance index, not a ballot forecast."
"Cy Young","AL",21,"676106","Emerson Hancock","SEA","pitcher",27,69.9,1.6485,3.1614,"ERA",105.1,"IP"," 1.6 WAR | 3.16 ERA | 105.1 IP","qualified performance pool","fangraphs_cy_young_performance_score_v1","2026-07-28 17:11:36 UTC","FanGraphs season leaderboard via BaseballR; award score is a transparent performance index, not a ballot forecast."
"Cy Young","AL",22,"663556","Shane McClanahan","TBR","pitcher",29,69.6,2.1972,3.0938,"ERA",96,"IP"," 2.2 WAR | 3.09 ERA |  96.0 IP","qualified performance pool","fangraphs_cy_young_performance_score_v1","2026-07-28 17:11:36 UTC","FanGraphs season leaderboard via BaseballR; award score is a transparent performance index, not a ballot forecast."
"Cy Young","AL",23,"607259","Nick Martinez","TBR","pitcher",35,69.2,2.1948,2.4545,"ERA",117.1,"IP"," 2.2 WAR | 2.45 ERA | 117.1 IP","qualified performance pool","fangraphs_cy_young_performance_score_v1","2026-07-28 17:11:36 UTC","FanGraphs season leaderboard via BaseballR; award score is a transparent performance index, not a ballot forecast."
"Cy Young","AL",24,"543243","Sonny Gray","BOS","pitcher",36,68.7,1.8411,2.7844,"ERA",106.2,"IP"," 1.8 WAR | 2.78 ERA | 106.2 IP","qualified performance pool","fangraphs_cy_young_performance_score_v1","2026-07-28 17:11:36 UTC","FanGraphs season leaderboard via BaseballR; award score is a transparent performance index, not a ballot forecast."
"Cy Young","AL",25,"682243","Bryce Miller","SEA","pitcher",27,67.5,1.1467,2.7524,"ERA",68.2,"IP"," 1.1 WAR | 2.75 ERA |  68.2 IP","qualified performance pool","fangraphs_cy_young_performance_score_v1","2026-07-28 17:11:36 UTC","FanGraphs season leaderboard via BaseballR; award score is a transparent performance index, not a ballot forecast."
"Cy Young","AL",26,"667755","José Soriano","LAA","pitcher",27,67.3,2.1396,3.2927,"ERA",123,"IP"," 2.1 WAR | 3.29 ERA | 123.0 IP","qualified performance pool","fangraphs_cy_young_performance_score_v1","2026-07-28 17:11:36 UTC","FanGraphs season leaderboard via BaseballR; award score is a transparent performance index, not a ballot forecast."
"Cy Young","AL",27,"672456","Keider Montero","DET","pitcher",25,67.3,2.1212,3.3444,"ERA",110.1,"IP"," 2.1 WAR | 3.34 ERA | 110.1 IP","qualified performance pool","fangraphs_cy_young_performance_score_v1","2026-07-28 17:11:36 UTC","FanGraphs season leaderboard via BaseballR; award score is a transparent performance index, not a ballot forecast."
"Cy Young","AL",28,"687562","Jake Bennett","BOS","pitcher",25,66.7,1.5606,2.5787,"ERA",59.1,"IP"," 1.6 WAR | 2.58 ERA |  59.1 IP","qualified performance pool","fangraphs_cy_young_performance_score_v1","2026-07-28 17:11:36 UTC","FanGraphs season leaderboard via BaseballR; award score is a transparent performance index, not a ballot forecast."
"Cy Young","AL",29,"595345","Steven Okert","HOU","pitcher",34,66.2,1.0804,2.0903,"ERA",51.2,"IP"," 1.1 WAR | 2.09 ERA |  51.2 IP","qualified performance pool","fangraphs_cy_young_performance_score_v1","2026-07-28 17:11:36 UTC","FanGraphs season leaderboard via BaseballR; award score is a transparent performance index, not a ballot forecast."
"Cy Young","AL",30,"592332","Kevin Gausman","TOR","pitcher",35,65.1,2.459,4.5123,"ERA",121.2,"IP"," 2.5 WAR | 4.51 ERA | 121.2 IP","qualified performance pool","fangraphs_cy_young_performance_score_v1","2026-07-28 17:11:36 UTC","FanGraphs season leaderboard via BaseballR; award score is a transparent performance index, not a ballot forecast."
"Cy Young","AL",31,"669923","George Kirby","SEA","pitcher",28,64.4,1.9953,3.975,"ERA",120,"IP"," 2.0 WAR | 3.98 ERA | 120.0 IP","qualified performance pool","fangraphs_cy_young_performance_score_v1","2026-07-28 17:11:36 UTC","FanGraphs season leaderboard via BaseballR; award score is a transparent performance index, not a ballot forecast."
"Cy Young","AL",32,"671737","Taj Bradley","MIN","pitcher",25,62.7,1.5884,3.689,"ERA",114.2,"IP"," 1.6 WAR | 3.69 ERA | 114.2 IP","qualified performance pool","fangraphs_cy_young_performance_score_v1","2026-07-28 17:11:36 UTC","FanGraphs season leaderboard via BaseballR; award score is a transparent performance index, not a ballot forecast."
"Cy Young","AL",33,"608379","Michael Wacha","KCR","pitcher",34,62.7,1.9023,3.6045,"ERA",132.1,"IP"," 1.9 WAR | 3.60 ERA | 132.1 IP","qualified performance pool","fangraphs_cy_young_performance_score_v1","2026-07-28 17:11:36 UTC","FanGraphs season leaderboard via BaseballR; award score is a transparent performance index, not a ballot forecast."
"Cy Young","AL",34,"543135","Nathan Eovaldi","TEX","pitcher",36,62.6,1.5717,4.0463,"ERA",122.1,"IP"," 1.6 WAR | 4.05 ERA | 122.1 IP","qualified performance pool","fangraphs_cy_young_performance_score_v1","2026-07-28 17:11:36 UTC","FanGraphs season leaderboard via BaseballR; award score is a transparent performance index, not a ballot forecast."
"Cy Young","AL",35,"669358","Shane Baz","BAL","pitcher",27,62.5,2.4944,3.9836,"ERA",122,"IP"," 2.5 WAR | 3.98 ERA | 122.0 IP","qualified performance pool","fangraphs_cy_young_performance_score_v1","2026-07-28 17:11:36 UTC","FanGraphs season leaderboard via BaseballR; award score is a transparent performance index, not a ballot forecast."
"Cy Young","AL",36,"693686","Spencer Miles","TOR","pitcher",25,61.7,1.1325,3.2609,"ERA",69,"IP"," 1.1 WAR | 3.26 ERA |  69.0 IP","qualified performance pool","fangraphs_cy_young_performance_score_v1","2026-07-28 17:11:36 UTC","FanGraphs season leaderboard via BaseballR; award score is a transparent performance index, not a ballot forecast."
"Cy Young","AL",37,"663567","Peter Lambert","HOU","pitcher",29,60.5,1.4862,3.0306,"ERA",98,"IP"," 1.5 WAR | 3.03 ERA |  98.0 IP","qualified performance pool","fangraphs_cy_young_performance_score_v1","2026-07-28 17:11:36 UTC","FanGraphs season leaderboard via BaseballR; award score is a transparent performance index, not a ballot forecast."
"Cy Young","AL",38,"677960","Ryan Weathers","NYY","pitcher",26,59.6,1.8164,4.25,"ERA",108,"IP"," 1.8 WAR | 4.25 ERA | 108.0 IP","qualified performance pool","fangraphs_cy_young_performance_score_v1","2026-07-28 17:11:36 UTC","FanGraphs season leaderboard via BaseballR; award score is a transparent performance index, not a ballot forecast."
"Cy Young","AL",39,"669330","Tyler Wells","BAL","pitcher",31,59.3,0.8558,2.8235,"ERA",51,"IP"," 0.9 WAR | 2.82 ERA |  51.0 IP","qualified performance pool","fangraphs_cy_young_performance_score_v1","2026-07-28 17:11:36 UTC","FanGraphs season leaderboard via BaseballR; award score is a transparent performance index, not a ballot forecast."
"Cy Young","AL",40,"656794","Sean Newcomb","CHW","pitcher",33,58.9,1.2322,2.9653,"ERA",57.2,"IP"," 1.2 WAR | 2.97 ERA |  57.2 IP","qualified performance pool","fangraphs_cy_young_performance_score_v1","2026-07-28 17:11:36 UTC","FanGraphs season leaderboard via BaseballR; award score is a transparent performance index, not a ballot forecast."
"Cy Young","AL",41,"687064","Brandon Young","BAL","pitcher",27,57.8,1.8439,3.1331,"ERA",97.2,"IP"," 1.8 WAR | 3.13 ERA |  97.2 IP","qualified performance pool","fangraphs_cy_young_performance_score_v1","2026-07-28 17:11:36 UTC","FanGraphs season leaderboard via BaseballR; award score is a transparent performance index, not a ballot forecast."
"Cy Young","AL",42,"680694","Kyle Bradish","BAL","pitcher",29,57.4,1.8168,3.7373,"ERA",118,"IP"," 1.8 WAR | 3.74 ERA | 118.0 IP","qualified performance pool","fangraphs_cy_young_performance_score_v1","2026-07-28 17:11:36 UTC","FanGraphs season leaderboard via BaseballR; award score is a transparent performance index, not a ballot forecast."
"Cy Young","AL",43,"669022","MacKenzie Gore","TEX","pitcher",27,56.2,2.1283,4.8242,"ERA",115.2,"IP"," 2.1 WAR | 4.82 ERA | 115.2 IP","qualified performance pool","fangraphs_cy_young_performance_score_v1","2026-07-28 17:11:36 UTC","FanGraphs season leaderboard via BaseballR; award score is a transparent performance index, not a ballot forecast."
"Cy Young","AL",44,"675512","Troy Melton","DET","pitcher",25,55.8,0.8196,1.95,"ERA",60,"IP"," 0.8 WAR | 1.95 ERA |  60.0 IP","qualified performance pool","fangraphs_cy_young_performance_score_v1","2026-07-28 17:11:36 UTC","FanGraphs season leaderboard via BaseballR; award score is a transparent performance index, not a ballot forecast."
"Cy Young","AL",45,"700712","Walbert Ureña","LAA","pitcher",22,54.1,1.524,2.7,"ERA",93.1,"IP"," 1.5 WAR | 2.70 ERA |  93.1 IP","qualified performance pool","fangraphs_cy_young_performance_score_v1","2026-07-28 17:11:36 UTC","FanGraphs season leaderboard via BaseballR; award score is a transparent performance index, not a ballot forecast."
"Cy Young","AL",46,"669432","Trevor Rogers","BAL","pitcher",28,54.1,2.1558,4.1672,"ERA",103.2,"IP"," 2.2 WAR | 4.17 ERA | 103.2 IP","qualified performance pool","fangraphs_cy_young_performance_score_v1","2026-07-28 17:11:36 UTC","FanGraphs season leaderboard via BaseballR; award score is a transparent performance index, not a ballot forecast."
"Cy Young","AL",47,"543037","Gerrit Cole","NYY","pitcher",35,53.1,1.0199,3.9194,"ERA",62,"IP"," 1.0 WAR | 3.92 ERA |  62.0 IP","qualified performance pool","fangraphs_cy_young_performance_score_v1","2026-07-28 17:11:36 UTC","FanGraphs season leaderboard via BaseballR; award score is a transparent performance index, not a ballot forecast."
"Cy Young","AL",48,"702193","Andrew Morris","MIN","pitcher",24,52.7,0.9686,3.24,"ERA",50,"IP"," 1.0 WAR | 3.24 ERA |  50.0 IP","qualified performance pool","fangraphs_cy_young_performance_score_v1","2026-07-28 17:11:36 UTC","FanGraphs season leaderboard via BaseballR; award score is a transparent performance index, not a ballot forecast."
"Cy Young","AL",49,"669372","J.T. Ginn","ATH","pitcher",27,49.8,1.2027,3.4573,"ERA",109.1,"IP"," 1.2 WAR | 3.46 ERA | 109.1 IP","qualified performance pool","fangraphs_cy_young_performance_score_v1","2026-07-28 17:11:36 UTC","FanGraphs season leaderboard via BaseballR; award score is a transparent performance index, not a ballot forecast."
"Cy Young","AL",50,"621112","Paul Blackburn","NYY","pitcher",32,49.5,0.4617,1.8947,"ERA",57,"IP"," 0.5 WAR | 1.89 ERA |  57.0 IP","qualified performance pool","fangraphs_cy_young_performance_score_v1","2026-07-28 17:11:36 UTC","FanGraphs season leaderboard via BaseballR; award score is a transparent performance index, not a ballot forecast."
"Cy Young","AL",51,"676282","Joey Cantillo","CLE","pitcher",26,49.3,1.5156,4.0213,"ERA",109.2,"IP"," 1.5 WAR | 4.02 ERA | 109.2 IP","qualified performance pool","fangraphs_cy_young_performance_score_v1","2026-07-28 17:11:36 UTC","FanGraphs season leaderboard via BaseballR; award score is a transparent performance index, not a ballot forecast."
"Cy Young","AL",52,"676440","Tanner Bibee","CLE","pitcher",27,48.4,0.9525,3.888,"ERA",125,"IP"," 1.0 WAR | 3.89 ERA | 125.0 IP","qualified performance pool","fangraphs_cy_young_performance_score_v1","2026-07-28 17:11:36 UTC","FanGraphs season leaderboard via BaseballR; award score is a transparent performance index, not a ballot forecast."
"Cy Young","AL",53,"677958","Kumar Rocker","TEX","pitcher",26,48.2,1.3527,4.0325,"ERA",102.2,"IP"," 1.4 WAR | 4.03 ERA | 102.2 IP","qualified performance pool","fangraphs_cy_young_performance_score_v1","2026-07-28 17:11:36 UTC","FanGraphs season leaderboard via BaseballR; award score is a transparent performance index, not a ballot forecast."
"Cy Young","AL",54,"702056","Trey Yesavage","TOR","pitcher",22,47,1.1805,3.9176,"ERA",85,"IP"," 1.2 WAR | 3.92 ERA |  85.0 IP","qualified performance pool","fangraphs_cy_young_performance_score_v1","2026-07-28 17:11:36 UTC","FanGraphs season leaderboard via BaseballR; award score is a transparent performance index, not a ballot forecast."
"Cy Young","AL",55,"813349","Connelly Early","BOS","pitcher",24,44.6,0.6744,3.4364,"ERA",91.2,"IP"," 0.7 WAR | 3.44 ERA |  91.2 IP","qualified performance pool","fangraphs_cy_young_performance_score_v1","2026-07-28 17:11:36 UTC","FanGraphs season leaderboard via BaseballR; award score is a transparent performance index, not a ballot forecast."
"Cy Young","AL",56,"643377","Griffin Jax","TBR","pitcher",31,44.6,0.652,3.8889,"ERA",81,"IP"," 0.7 WAR | 3.89 ERA |  81.0 IP","qualified performance pool","fangraphs_cy_young_performance_score_v1","2026-07-28 17:11:36 UTC","FanGraphs season leaderboard via BaseballR; award score is a transparent performance index, not a ballot forecast."
"Cy Young","AL",57,"687570","Connor Prielipp","MIN","pitcher",25,44.4,1.3216,4.7281,"ERA",72.1,"IP"," 1.3 WAR | 4.73 ERA |  72.1 IP","qualified performance pool","fangraphs_cy_young_performance_score_v1","2026-07-28 17:11:36 UTC","FanGraphs season leaderboard via BaseballR; award score is a transparent performance index, not a ballot forecast."
"Cy Young","AL",58,"607625","Seth Lugo","KCR","pitcher",36,43.8,1.2574,4.3598,"ERA",117.2,"IP"," 1.3 WAR | 4.36 ERA | 117.2 IP","qualified performance pool","fangraphs_cy_young_performance_score_v1","2026-07-28 17:11:36 UTC","FanGraphs season leaderboard via BaseballR; award score is a transparent performance index, not a ballot forecast."
"Cy Young","AL",59,"701542","Will Warren","NYY","pitcher",27,43,1.2018,4.4118,"ERA",102,"IP"," 1.2 WAR | 4.41 ERA | 102.0 IP","qualified performance pool","fangraphs_cy_young_performance_score_v1","2026-07-28 17:11:36 UTC","FanGraphs season leaderboard via BaseballR; award score is a transparent performance index, not a ballot forecast."
"Cy Young","AL",60,"702070","Noah Cameron","KCR","pitcher",26,42.6,1.4138,4.9319,"ERA",107.2,"IP"," 1.4 WAR | 4.93 ERA | 107.2 IP","qualified performance pool","fangraphs_cy_young_performance_score_v1","2026-07-28 17:11:36 UTC","FanGraphs season leaderboard via BaseballR; award score is a transparent performance index, not a ballot forecast."
"Cy Young","AL",61,"693855","Ian Seymour","TBR","pitcher",27,41.1,0.7291,4.6425,"ERA",73.2,"IP"," 0.7 WAR | 4.64 ERA |  73.2 IP","qualified performance pool","fangraphs_cy_young_performance_score_v1","2026-07-28 17:11:36 UTC","FanGraphs season leaderboard via BaseballR; award score is a transparent performance index, not a ballot forecast."
"Cy Young","AL",62,"656427","Jack Flaherty","DET","pitcher",30,41.1,1.2742,4.5869,"ERA",86.1,"IP"," 1.3 WAR | 4.59 ERA |  86.1 IP","qualified performance pool","fangraphs_cy_young_performance_score_v1","2026-07-28 17:11:36 UTC","FanGraphs season leaderboard via BaseballR; award score is a transparent performance index, not a ballot forecast."
"Cy Young","AL",63,"666171","Ryan Zeferjahn","LAA","pitcher",28,39.4,0.3365,3.78,"ERA",50,"IP"," 0.3 WAR | 3.78 ERA |  50.0 IP","qualified performance pool","fangraphs_cy_young_performance_score_v1","2026-07-28 17:11:36 UTC","FanGraphs season leaderboard via BaseballR; award score is a transparent performance index, not a ballot forecast."
"Cy Young","AL",64,"623454","Drew Anderson","DET","pitcher",32,38.7,0.4193,4.1311,"ERA",61,"IP"," 0.4 WAR | 4.13 ERA |  61.0 IP","qualified performance pool","fangraphs_cy_young_performance_score_v1","2026-07-28 17:11:36 UTC","FanGraphs season leaderboard via BaseballR; award score is a transparent performance index, not a ballot forecast."
"Cy Young","AL",65,"608718","Brent Suter","LAA","pitcher",36,37.4,0.4463,4.4237,"ERA",59,"IP"," 0.4 WAR | 4.42 ERA |  59.0 IP","qualified performance pool","fangraphs_cy_young_performance_score_v1","2026-07-28 17:11:36 UTC","FanGraphs season leaderboard via BaseballR; award score is a transparent performance index, not a ballot forecast."
"Cy Young","AL",66,"664285","Framber Valdez","DET","pitcher",32,37.2,1.1207,4.5265,"ERA",113.1,"IP"," 1.1 WAR | 4.53 ERA | 113.1 IP","qualified performance pool","fangraphs_cy_young_performance_score_v1","2026-07-28 17:11:36 UTC","FanGraphs season leaderboard via BaseballR; award score is a transparent performance index, not a ballot forecast."
"Cy Young","AL",67,"663460","Kris Bubic","KCR","pitcher",28,36.7,0.793,4.1126,"ERA",50.1,"IP"," 0.8 WAR | 4.11 ERA |  50.1 IP","qualified performance pool","fangraphs_cy_young_performance_score_v1","2026-07-28 17:11:36 UTC","FanGraphs season leaderboard via BaseballR; award score is a transparent performance index, not a ballot forecast."
"Cy Young","AL",68,"695611","Gage Jump","ATH","pitcher",23,36.6,0.9285,4.4211,"ERA",57,"IP"," 0.9 WAR | 4.42 ERA |  57.0 IP","qualified performance pool","fangraphs_cy_young_performance_score_v1","2026-07-28 17:11:36 UTC","FanGraphs season leaderboard via BaseballR; award score is a transparent performance index, not a ballot forecast."
"Cy Young","AL",69,"805123","AJ Blubaugh","HOU","pitcher",25,33.6,0.1388,3.7426,"ERA",67.1,"IP"," 0.1 WAR | 3.74 ERA |  67.1 IP","qualified performance pool","fangraphs_cy_young_performance_score_v1","2026-07-28 17:11:36 UTC","FanGraphs season leaderboard via BaseballR; award score is a transparent performance index, not a ballot forecast."
"Cy Young","AL",70,"641927","Bailey Ober","MIN","pitcher",30,33.4,0.9898,4.5556,"ERA",81,"IP"," 1.0 WAR | 4.56 ERA |  81.0 IP","qualified performance pool","fangraphs_cy_young_performance_score_v1","2026-07-28 17:11:36 UTC","FanGraphs season leaderboard via BaseballR; award score is a transparent performance index, not a ballot forecast."
"Cy Young","AL",71,"622491","Luis Castillo","SEA","pitcher",33,32.5,0.7925,4.8486,"ERA",94.2,"IP"," 0.8 WAR | 4.85 ERA |  94.2 IP","qualified performance pool","fangraphs_cy_young_performance_score_v1","2026-07-28 17:11:36 UTC","FanGraphs season leaderboard via BaseballR; award score is a transparent performance index, not a ballot forecast."
"Cy Young","AL",72,"677944","Slade Cecconi","CLE","pitcher",27,31.2,0.8618,4.6013,"ERA",103.2,"IP"," 0.9 WAR | 4.60 ERA | 103.2 IP","qualified performance pool","fangraphs_cy_young_performance_score_v1","2026-07-28 17:11:36 UTC","FanGraphs season leaderboard via BaseballR; award score is a transparent performance index, not a ballot forecast."
"Cy Young","AL",73,"622663","Luis Severino","ATH","pitcher",32,28.8,0.5988,4.1649,"ERA",62.2,"IP"," 0.6 WAR | 4.16 ERA |  62.2 IP","qualified performance pool","fangraphs_cy_young_performance_score_v1","2026-07-28 17:11:36 UTC","FanGraphs season leaderboard via BaseballR; award score is a transparent performance index, not a ballot forecast."
"Cy Young","AL",74,"678022","Jack Perkins","ATH","pitcher",26,28.5,0.5083,6.4537,"ERA",68.1,"IP"," 0.5 WAR | 6.45 ERA |  68.1 IP","qualified performance pool","fangraphs_cy_young_performance_score_v1","2026-07-28 17:11:36 UTC","FanGraphs season leaderboard via BaseballR; award score is a transparent performance index, not a ballot forecast."
"Cy Young","AL",75,"641743","Anthony Kay","CHW","pitcher",31,26.8,0.4712,4.2102,"ERA",98.1,"IP"," 0.5 WAR | 4.21 ERA |  98.1 IP","qualified performance pool","fangraphs_cy_young_performance_score_v1","2026-07-28 17:11:36 UTC","FanGraphs season leaderboard via BaseballR; award score is a transparent performance index, not a ballot forecast."
"Cy Young","AL",76,"683004","Jack Leiter","TEX","pitcher",26,25.8,0.5583,5.2875,"ERA",80,"IP"," 0.6 WAR | 5.29 ERA |  80.0 IP","qualified performance pool","fangraphs_cy_young_performance_score_v1","2026-07-28 17:11:36 UTC","FanGraphs season leaderboard via BaseballR; award score is a transparent performance index, not a ballot forecast."
"Cy Young","AL",77,"680755","Braydon Fisher","TOR","pitcher",25,25.4,0.0527,4.1538,"ERA",52,"IP"," 0.1 WAR | 4.15 ERA |  52.0 IP","qualified performance pool","fangraphs_cy_young_performance_score_v1","2026-07-28 17:11:36 UTC","FanGraphs season leaderboard via BaseballR; award score is a transparent performance index, not a ballot forecast."
"Cy Young","AL",78,"678906","Kai-Wei Teng","HOU","pitcher",27,24.1,0.1565,4.3463,"ERA",68.1,"IP"," 0.2 WAR | 4.35 ERA |  68.1 IP","qualified performance pool","fangraphs_cy_young_performance_score_v1","2026-07-28 17:11:36 UTC","FanGraphs season leaderboard via BaseballR; award score is a transparent performance index, not a ballot forecast."
"Cy Young","AL",79,"663568","Stephen Kolek","KCR","pitcher",29,23.9,0.4739,4.5,"ERA",54,"IP"," 0.5 WAR | 4.50 ERA |  54.0 IP","qualified performance pool","fangraphs_cy_young_performance_score_v1","2026-07-28 17:11:36 UTC","FanGraphs season leaderboard via BaseballR; award score is a transparent performance index, not a ballot forecast."
"Cy Young","AL",80,"681293","Spencer Arrighetti","HOU","pitcher",26,21.8,0.3748,4.6023,"ERA",88,"IP"," 0.4 WAR | 4.60 ERA |  88.0 IP","qualified performance pool","fangraphs_cy_young_performance_score_v1","2026-07-28 17:11:36 UTC","FanGraphs season leaderboard via BaseballR; award score is a transparent performance index, not a ballot forecast."
"Cy Young","AL",81,"571578","Patrick Corbin","TOR","pitcher",36,20.8,0.4777,5.5125,"ERA",80,"IP"," 0.5 WAR | 5.51 ERA |  80.0 IP","qualified performance pool","fangraphs_cy_young_performance_score_v1","2026-07-28 17:11:36 UTC","FanGraphs season leaderboard via BaseballR; award score is a transparent performance index, not a ballot forecast."
"Cy Young","AL",82,"607200","Erick Fedde","CHW","pitcher",33,19.1,-0.3477,4.2534,"ERA",97.1,"IP","-0.3 WAR | 4.25 ERA |  97.1 IP","qualified performance pool","fangraphs_cy_young_performance_score_v1","2026-07-28 17:11:36 UTC","FanGraphs season leaderboard via BaseballR; award score is a transparent performance index, not a ballot forecast."
"Cy Young","AL",83,"805673","Zebby Matthews","MIN","pitcher",26,18.6,0.1815,5.2105,"ERA",76,"IP"," 0.2 WAR | 5.21 ERA |  76.0 IP","qualified performance pool","fangraphs_cy_young_performance_score_v1","2026-07-28 17:11:36 UTC","FanGraphs season leaderboard via BaseballR; award score is a transparent performance index, not a ballot forecast."
"Cy Young","AL",84,"670245","Ryan Watson","BOS","pitcher",28,18,0.0156,4.4451,"ERA",54.2,"IP"," 0.0 WAR | 4.45 ERA |  54.2 IP","qualified performance pool","fangraphs_cy_young_performance_score_v1","2026-07-28 17:11:36 UTC","FanGraphs season leaderboard via BaseballR; award score is a transparent performance index, not a ballot forecast."
"Cy Young","AL",85,"679883","Luinder Avila","KCR","pitcher",24,18,0.4446,4.8119,"ERA",67.1,"IP"," 0.4 WAR | 4.81 ERA |  67.1 IP","qualified performance pool","fangraphs_cy_young_performance_score_v1","2026-07-28 17:11:36 UTC","FanGraphs season leaderboard via BaseballR; award score is a transparent performance index, not a ballot forecast."
"Cy Young","AL",86,"615698","Cal Quantrill","TEX","pitcher",31,16.4,-0.0144,4.05,"ERA",53.1,"IP"," 0.0 WAR | 4.05 ERA |  53.1 IP","qualified performance pool","fangraphs_cy_young_performance_score_v1","2026-07-28 17:11:36 UTC","FanGraphs season leaderboard via BaseballR; award score is a transparent performance index, not a ballot forecast."
"Cy Young","AL",87,"837227","Tatsuya Imai","HOU","pitcher",28,15.4,0.2918,5.8295,"ERA",58.2,"IP"," 0.3 WAR | 5.83 ERA |  58.2 IP","qualified performance pool","fangraphs_cy_young_performance_score_v1","2026-07-28 17:11:36 UTC","FanGraphs season leaderboard via BaseballR; award score is a transparent performance index, not a ballot forecast."
"Cy Young","AL",88,"605488","Jeffrey Springs","ATH","pitcher",33,14.1,-0.499,6.2308,"ERA",104,"IP","-0.5 WAR | 6.23 ERA | 104.0 IP","qualified performance pool","fangraphs_cy_young_performance_score_v1","2026-07-28 17:11:36 UTC","FanGraphs season leaderboard via BaseballR; award score is a transparent performance index, not a ballot forecast."
"Cy Young","AL",89,"678394","Brayan Bello","BOS","pitcher",27,13.1,0.087,5.6038,"ERA",70.2,"IP"," 0.1 WAR | 5.60 ERA |  70.2 IP","qualified performance pool","fangraphs_cy_young_performance_score_v1","2026-07-28 17:11:36 UTC","FanGraphs season leaderboard via BaseballR; award score is a transparent performance index, not a ballot forecast."
"Cy Young","AL",90,"681347","Mike Burrows","HOU","pitcher",26,11.9,-0.2941,5.9894,"ERA",94.2,"IP","-0.3 WAR | 5.99 ERA |  94.2 IP","qualified performance pool","fangraphs_cy_young_performance_score_v1","2026-07-28 17:11:36 UTC","FanGraphs season leaderboard via BaseballR; award score is a transparent performance index, not a ballot forecast."
"Cy Young","AL",91,"605135","Chris Bassitt","BAL","pitcher",37,10.8,0.2871,5.2722,"ERA",56.1,"IP"," 0.3 WAR | 5.27 ERA |  56.1 IP","qualified performance pool","fangraphs_cy_young_performance_score_v1","2026-07-28 17:11:36 UTC","FanGraphs season leaderboard via BaseballR; award score is a transparent performance index, not a ballot forecast."
"Cy Young","AL",92,"702273","Noah Schultz","CHW","pitcher",22,10.6,0.252,6.15,"ERA",60,"IP"," 0.3 WAR | 6.15 ERA |  60.0 IP","qualified performance pool","fangraphs_cy_young_performance_score_v1","2026-07-28 17:11:36 UTC","FanGraphs season leaderboard via BaseballR; award score is a transparent performance index, not a ballot forecast."
"Cy Young","AL",93,"686799","Jack Kochanowicz","LAA","pitcher",25,9.9,0.2808,6.1875,"ERA",64,"IP"," 0.3 WAR | 6.19 ERA |  64.0 IP","qualified performance pool","fangraphs_cy_young_performance_score_v1","2026-07-28 17:11:36 UTC","FanGraphs season leaderboard via BaseballR; award score is a transparent performance index, not a ballot forecast."
"Cy Young","AL",94,"682052","Jacob Lopez","ATH","pitcher",28,6.9,-0.0137,6.1237,"ERA",64.2,"IP"," 0.0 WAR | 6.12 ERA |  64.2 IP","qualified performance pool","fangraphs_cy_young_performance_score_v1","2026-07-28 17:11:36 UTC","FanGraphs season leaderboard via BaseballR; award score is a transparent performance index, not a ballot forecast."
"Cy Young","AL",95,"571927","Steven Matz","TBR","pitcher",35,6.5,-0.0252,6.283,"ERA",53,"IP"," 0.0 WAR | 6.28 ERA |  53.0 IP","qualified performance pool","fangraphs_cy_young_performance_score_v1","2026-07-28 17:11:36 UTC","FanGraphs season leaderboard via BaseballR; award score is a transparent performance index, not a ballot forecast."
"Reliever of the Year","AL",1,"686973","Louis Varland","TOR","reliever",28,98.9,2.4121,1.0189,"ERA",53,"IP"," 2.4 WAR | 1.02 ERA | 22 SV | 53.0 IP","20+ games; no more than five starts and 25% start share","fangraphs_reliever_profile_score_v1","2026-07-28 17:11:36 UTC","FanGraphs season leaderboard via BaseballR; award score is a transparent performance index, not a ballot forecast."
"Reliever of the Year","AL",2,"656641","Jacob Latz","TEX","reliever",30,93.6,1.8722,1.8367,"ERA",49,"IP"," 1.9 WAR | 1.84 ERA | 20 SV | 49.0 IP","20+ games; no more than five starts and 25% start share","fangraphs_reliever_profile_score_v1","2026-07-28 17:11:36 UTC","FanGraphs season leaderboard via BaseballR; award score is a transparent performance index, not a ballot forecast."
"Reliever of the Year","AL",3,"671922","Cade Smith","CLE","reliever",27,93.5,1.7539,2.625,"ERA",48,"IP"," 1.8 WAR | 2.62 ERA | 29 SV | 48.0 IP","20+ games; no more than five starts and 25% start share","fangraphs_reliever_profile_score_v1","2026-07-28 17:11:36 UTC","FanGraphs season leaderboard via BaseballR; award score is a transparent performance index, not a ballot forecast."
"Reliever of the Year","AL",4,"691799","Grant Taylor","CHW","reliever",24,89.6,1.5643,2.5796,"ERA",52.1,"IP"," 1.6 WAR | 2.58 ERA | 5 SV | 52.1 IP","20+ games; no more than five starts and 25% start share","fangraphs_reliever_profile_score_v1","2026-07-28 17:11:36 UTC","FanGraphs season leaderboard via BaseballR; award score is a transparent performance index, not a ballot forecast."
"Reliever of the Year","AL",5,"687396","Brent Headrick","NYY","reliever",28,87.2,1.6357,1.35,"ERA",53.1,"IP"," 1.6 WAR | 1.35 ERA | 0 SV | 53.1 IP","20+ games; no more than five starts and 25% start share","fangraphs_reliever_profile_score_v1","2026-07-28 17:11:36 UTC","FanGraphs season leaderboard via BaseballR; award score is a transparent performance index, not a ballot forecast."
"Reliever of the Year","AL",6,"670280","David Bednar","NYY","reliever",31,87,1.2121,2.4,"ERA",45,"IP"," 1.2 WAR | 2.40 ERA | 21 SV | 45.0 IP","20+ games; no more than five starts and 25% start share","fangraphs_reliever_profile_score_v1","2026-07-28 17:11:36 UTC","FanGraphs season leaderboard via BaseballR; award score is a transparent performance index, not a ballot forecast."
"Reliever of the Year","AL",7,"547973","Aroldis Chapman","BOS","reliever",38,86,1.1231,1.8173,"ERA",34.2,"IP"," 1.1 WAR | 1.82 ERA | 25 SV | 34.2 IP","20+ games; no more than five starts and 25% start share","fangraphs_reliever_profile_score_v1","2026-07-28 17:11:36 UTC","FanGraphs season leaderboard via BaseballR; award score is a transparent performance index, not a ballot forecast."
"Reliever of the Year","AL",8,"641329","Bryan Baker","TBR","reliever",31,85.9,1.061,1.562,"ERA",40.1,"IP"," 1.1 WAR | 1.56 ERA | 28 SV | 40.1 IP","20+ games; no more than five starts and 25% start share","fangraphs_reliever_profile_score_v1","2026-07-28 17:11:36 UTC","FanGraphs season leaderboard via BaseballR; award score is a transparent performance index, not a ballot forecast."
"Reliever of the Year","AL",9,"676477","Garrett Whitlock","BOS","reliever",30,85.9,1.2239,2.0769,"ERA",39,"IP"," 1.2 WAR | 2.08 ERA | 2 SV | 39.0 IP","20+ games; no more than five starts and 25% start share","fangraphs_reliever_profile_score_v1","2026-07-28 17:11:36 UTC","FanGraphs season leaderboard via BaseballR; award score is a transparent performance index, not a ballot forecast."
"Reliever of the Year","AL",10,"595345","Steven Okert","HOU","reliever",34,75.5,1.0804,2.0903,"ERA",51.2,"IP"," 1.1 WAR | 2.09 ERA | 0 SV | 51.2 IP","20+ games; no more than five starts and 25% start share","fangraphs_reliever_profile_score_v1","2026-07-28 17:11:36 UTC","FanGraphs season leaderboard via BaseballR; award score is a transparent performance index, not a ballot forecast."
"Reliever of the Year","AL",11,"669330","Tyler Wells","BAL","reliever",31,75.2,0.8558,2.8235,"ERA",51,"IP"," 0.9 WAR | 2.82 ERA | 3 SV | 51.0 IP","20+ games; no more than five starts and 25% start share","fangraphs_reliever_profile_score_v1","2026-07-28 17:11:36 UTC","FanGraphs season leaderboard via BaseballR; award score is a transparent performance index, not a ballot forecast."
"Reliever of the Year","AL",12,"656794","Sean Newcomb","CHW","reliever",33,74.9,1.2322,2.9653,"ERA",57.2,"IP"," 1.2 WAR | 2.97 ERA | 3 SV | 57.2 IP","20+ games; no more than five starts and 25% start share","fangraphs_reliever_profile_score_v1","2026-07-28 17:11:36 UTC","FanGraphs season leaderboard via BaseballR; award score is a transparent performance index, not a ballot forecast."
"Reliever of the Year","AL",13,"670059","Colin Holderman","CLE","reliever",30,74.6,0.8741,1.8,"ERA",40,"IP"," 0.9 WAR | 1.80 ERA | 1 SV | 40.0 IP","20+ games; no more than five starts and 25% start share","fangraphs_reliever_profile_score_v1","2026-07-28 17:11:36 UTC","FanGraphs season leaderboard via BaseballR; award score is a transparent performance index, not a ballot forecast."
"Reliever of the Year","AL",14,"643511","Tyler Rogers","TOR","reliever",35,72.8,1.0948,1.5105,"ERA",47.2,"IP"," 1.1 WAR | 1.51 ERA | 2 SV | 47.2 IP","20+ games; no more than five starts and 25% start share","fangraphs_reliever_profile_score_v1","2026-07-28 17:11:36 UTC","FanGraphs season leaderboard via BaseballR; award score is a transparent performance index, not a ballot forecast."
"Reliever of the Year","AL",15,"687330","Kevin Kelly","TBR","reliever",28,71.9,0.6646,2.2657,"ERA",47.2,"IP"," 0.7 WAR | 2.27 ERA | 4 SV | 47.2 IP","20+ games; no more than five starts and 25% start share","fangraphs_reliever_profile_score_v1","2026-07-28 17:11:36 UTC","FanGraphs season leaderboard via BaseballR; award score is a transparent performance index, not a ballot forecast."
"Reliever of the Year","AL",16,"702193","Andrew Morris","MIN","reliever",24,70.9,0.9686,3.24,"ERA",50,"IP"," 1.0 WAR | 3.24 ERA | 3 SV | 50.0 IP","20+ games; no more than five starts and 25% start share","fangraphs_reliever_profile_score_v1","2026-07-28 17:11:36 UTC","FanGraphs season leaderboard via BaseballR; award score is a transparent performance index, not a ballot forecast."
"Reliever of the Year","AL",17,"596001","Jakob Junis","TEX","reliever",33,70.1,0.8367,2.7692,"ERA",39,"IP"," 0.8 WAR | 2.77 ERA | 5 SV | 39.0 IP","20+ games; no more than five starts and 25% start share","fangraphs_reliever_profile_score_v1","2026-07-28 17:11:36 UTC","FanGraphs season leaderboard via BaseballR; award score is a transparent performance index, not a ballot forecast."
"Reliever of the Year","AL",18,"662253","Andrés Muñoz","SEA","reliever",27,69.1,0.8967,3.8571,"ERA",37.1,"IP"," 0.9 WAR | 3.86 ERA | 18 SV | 37.1 IP","20+ games; no more than five starts and 25% start share","fangraphs_reliever_profile_score_v1","2026-07-28 17:11:36 UTC","FanGraphs season leaderboard via BaseballR; award score is a transparent performance index, not a ballot forecast."
"Reliever of the Year","AL",19,"693686","Spencer Miles","TOR","reliever",25,68.9,1.1325,3.2609,"ERA",69,"IP"," 1.1 WAR | 3.26 ERA | 0 SV | 69.0 IP","20+ games; no more than five starts and 25% start share","fangraphs_reliever_profile_score_v1","2026-07-28 17:11:36 UTC","FanGraphs season leaderboard via BaseballR; award score is a transparent performance index, not a ballot forecast."
"Reliever of the Year","AL",20,"518585","Fernando Cruz","NYY","reliever",36,68.2,0.7781,2.4361,"ERA",44.1,"IP"," 0.8 WAR | 2.44 ERA | 2 SV | 44.1 IP","20+ games; no more than five starts and 25% start share","fangraphs_reliever_profile_score_v1","2026-07-28 17:11:36 UTC","FanGraphs season leaderboard via BaseballR; award score is a transparent performance index, not a ballot forecast."
"Reliever of the Year","AL",21,"641302","Tyler Alexander","TEX","reliever",31,67.2,0.9242,3.2,"ERA",45,"IP"," 0.9 WAR | 3.20 ERA | 4 SV | 45.0 IP","20+ games; no more than five starts and 25% start share","fangraphs_reliever_profile_score_v1","2026-07-28 17:11:36 UTC","FanGraphs season leaderboard via BaseballR; award score is a transparent performance index, not a ballot forecast."
"Reliever of the Year","AL",22,"656546","Jeff Hoffman","TOR","reliever",33,66.6,1.0239,4.2,"ERA",45,"IP"," 1.0 WAR | 4.20 ERA | 5 SV | 45.0 IP","20+ games; no more than five starts and 25% start share","fangraphs_reliever_profile_score_v1","2026-07-28 17:11:36 UTC","FanGraphs season leaderboard via BaseballR; award score is a transparent performance index, not a ballot forecast."
"Reliever of the Year","AL",23,"663738","Daniel Lynch IV","KCR","reliever",29,66.2,0.7602,2.0769,"ERA",43.1,"IP"," 0.8 WAR | 2.08 ERA | 1 SV | 43.1 IP","20+ games; no more than five starts and 25% start share","fangraphs_reliever_profile_score_v1","2026-07-28 17:11:36 UTC","FanGraphs season leaderboard via BaseballR; award score is a transparent performance index, not a ballot forecast."
"Reliever of the Year","AL",24,"666974","Yennier Cano","BAL","reliever",32,65.7,0.6879,2.271,"ERA",35.2,"IP"," 0.7 WAR | 2.27 ERA | 1 SV | 35.2 IP","20+ games; no more than five starts and 25% start share","fangraphs_reliever_profile_score_v1","2026-07-28 17:11:36 UTC","FanGraphs season leaderboard via BaseballR; award score is a transparent performance index, not a ballot forecast."
"Reliever of the Year","AL",25,"670329","Rico Garcia","BAL","reliever",32,63.2,0.3709,2.9348,"ERA",46,"IP"," 0.4 WAR | 2.93 ERA | 5 SV | 46.0 IP","20+ games; no more than five starts and 25% start share","fangraphs_reliever_profile_score_v1","2026-07-28 17:11:36 UTC","FanGraphs season leaderboard via BaseballR; award score is a transparent performance index, not a ballot forecast."
"Reliever of the Year","AL",26,"663687","Hogan Harris","ATH","reliever",29,59.7,0.3491,3.0857,"ERA",46.2,"IP"," 0.3 WAR | 3.09 ERA | 8 SV | 46.2 IP","20+ games; no more than five starts and 25% start share","fangraphs_reliever_profile_score_v1","2026-07-28 17:11:36 UTC","FanGraphs season leaderboard via BaseballR; award score is a transparent performance index, not a ballot forecast."
"Reliever of the Year","AL",27,"664076","Garrett Cleavinger","TBR","reliever",32,59.7,0.466,3.4839,"ERA",31,"IP"," 0.5 WAR | 3.48 ERA | 2 SV | 31.0 IP","20+ games; no more than five starts and 25% start share","fangraphs_reliever_profile_score_v1","2026-07-28 17:11:36 UTC","FanGraphs season leaderboard via BaseballR; award score is a transparent performance index, not a ballot forecast."
"Reliever of the Year","AL",28,"660853","Enyel De Los Santos","HOU","reliever",30,59.3,0.6782,4.4082,"ERA",49,"IP"," 0.7 WAR | 4.41 ERA | 5 SV | 49.0 IP","20+ games; no more than five starts and 25% start share","fangraphs_reliever_profile_score_v1","2026-07-28 17:11:36 UTC","FanGraphs season leaderboard via BaseballR; award score is a transparent performance index, not a ballot forecast."
"Reliever of the Year","AL",29,"681870","Erik Sabrowski","CLE","reliever",28,58.6,0.5978,3.5604,"ERA",30.1,"IP"," 0.6 WAR | 3.56 ERA | 0 SV | 30.1 IP","20+ games; no more than five starts and 25% start share","fangraphs_reliever_profile_score_v1","2026-07-28 17:11:36 UTC","FanGraphs season leaderboard via BaseballR; award score is a transparent performance index, not a ballot forecast."
"Reliever of the Year","AL",30,"664991","Grant Wolfram","BAL","reliever",29,58.2,0.7704,4.2188,"ERA",32,"IP"," 0.8 WAR | 4.22 ERA | 1 SV | 32.0 IP","20+ games; no more than five starts and 25% start share","fangraphs_reliever_profile_score_v1","2026-07-28 17:11:36 UTC","FanGraphs season leaderboard via BaseballR; award score is a transparent performance index, not a ballot forecast."
"Reliever of the Year","AL",31,"621112","Paul Blackburn","NYY","reliever",32,58.2,0.4617,1.8947,"ERA",57,"IP"," 0.5 WAR | 1.89 ERA | 1 SV | 57.0 IP","20+ games; no more than five starts and 25% start share","fangraphs_reliever_profile_score_v1","2026-07-28 17:11:36 UTC","FanGraphs season leaderboard via BaseballR; award score is a transparent performance index, not a ballot forecast."
"Reliever of the Year","AL",32,"660825","Eduard Bazardo","SEA","reliever",30,57.2,0.4816,2.9348,"ERA",46,"IP"," 0.5 WAR | 2.93 ERA | 0 SV | 46.0 IP","20+ games; no more than five starts and 25% start share","fangraphs_reliever_profile_score_v1","2026-07-28 17:11:36 UTC","FanGraphs season leaderboard via BaseballR; award score is a transparent performance index, not a ballot forecast."
"Reliever of the Year","AL",33,"643410","Mark Leiter Jr.","ATH","reliever",35,56.8,0.582,4.2772,"ERA",33.2,"IP"," 0.6 WAR | 4.28 ERA | 4 SV | 33.2 IP","20+ games; no more than five starts and 25% start share","fangraphs_reliever_profile_score_v1","2026-07-28 17:11:36 UTC","FanGraphs season leaderboard via BaseballR; award score is a transparent performance index, not a ballot forecast."
"Reliever of the Year","AL",34,"682608","Peyton Gray","TEX","reliever",31,56.7,0.7577,3.4914,"ERA",38.2,"IP"," 0.8 WAR | 3.49 ERA | 0 SV | 38.2 IP","20+ games; no more than five starts and 25% start share","fangraphs_reliever_profile_score_v1","2026-07-28 17:11:36 UTC","FanGraphs season leaderboard via BaseballR; award score is a transparent performance index, not a ballot forecast."
"Reliever of the Year","AL",35,"666171","Ryan Zeferjahn","LAA","reliever",28,55.2,0.3365,3.78,"ERA",50,"IP"," 0.3 WAR | 3.78 ERA | 3 SV | 50.0 IP","20+ games; no more than five starts and 25% start share","fangraphs_reliever_profile_score_v1","2026-07-28 17:11:36 UTC","FanGraphs season leaderboard via BaseballR; award score is a transparent performance index, not a ballot forecast."
"Reliever of the Year","AL",36,"681217","Chase Silseth","LAA","reliever",26,54.5,0.5531,2.7227,"ERA",39.2,"IP"," 0.6 WAR | 2.72 ERA | 0 SV | 39.2 IP","20+ games; no more than five starts and 25% start share","fangraphs_reliever_profile_score_v1","2026-07-28 17:11:36 UTC","FanGraphs season leaderboard via BaseballR; award score is a transparent performance index, not a ballot forecast."
"Reliever of the Year","AL",37,"663558","Jovani Morán","BOS","reliever",29,54.2,0.285,2.7,"ERA",43.1,"IP"," 0.3 WAR | 2.70 ERA | 0 SV | 43.1 IP","20+ games; no more than five starts and 25% start share","fangraphs_reliever_profile_score_v1","2026-07-28 17:11:36 UTC","FanGraphs season leaderboard via BaseballR; award score is a transparent performance index, not a ballot forecast."
"Reliever of the Year","AL",38,"678606","José A. Ferrer","SEA","reliever",26,52.9,0.357,2.7209,"ERA",43,"IP"," 0.4 WAR | 2.72 ERA | 3 SV | 43.0 IP","20+ games; no more than five starts and 25% start share","fangraphs_reliever_profile_score_v1","2026-07-28 17:11:36 UTC","FanGraphs season leaderboard via BaseballR; award score is a transparent performance index, not a ballot forecast."
"Reliever of the Year","AL",39,"689254","Mason Fluharty","TOR","reliever",24,52.5,0.4983,4.0394,"ERA",42.1,"IP"," 0.5 WAR | 4.04 ERA | 1 SV | 42.1 IP","20+ games; no more than five starts and 25% start share","fangraphs_reliever_profile_score_v1","2026-07-28 17:11:36 UTC","FanGraphs season leaderboard via BaseballR; award score is a transparent performance index, not a ballot forecast."
"Reliever of the Year","AL",40,"642121","Cole Sulser","TBR","reliever",36,52.2,0.5291,4.8561,"ERA",46.1,"IP"," 0.5 WAR | 4.86 ERA | 2 SV | 46.1 IP","20+ games; no more than five starts and 25% start share","fangraphs_reliever_profile_score_v1","2026-07-28 17:11:36 UTC","FanGraphs season leaderboard via BaseballR; award score is a transparent performance index, not a ballot forecast."
"Reliever of the Year","AL",41,"623454","Drew Anderson","DET","reliever",32,50.8,0.4193,4.1311,"ERA",61,"IP"," 0.4 WAR | 4.13 ERA | 2 SV | 61.0 IP","20+ games; no more than five starts and 25% start share","fangraphs_reliever_profile_score_v1","2026-07-28 17:11:36 UTC","FanGraphs season leaderboard via BaseballR; award score is a transparent performance index, not a ballot forecast."
"Reliever of the Year","AL",42,"683769","Hunter Gaddis","CLE","reliever",28,47.4,0.2798,2.9406,"ERA",33.2,"IP"," 0.3 WAR | 2.94 ERA | 1 SV | 33.2 IP","20+ games; no more than five starts and 25% start share","fangraphs_reliever_profile_score_v1","2026-07-28 17:11:36 UTC","FanGraphs season leaderboard via BaseballR; award score is a transparent performance index, not a ballot forecast."
"Reliever of the Year","AL",43,"665622","Luis Medina","ATH","reliever",27,47.3,0.5055,3.6383,"ERA",47,"IP"," 0.5 WAR | 3.64 ERA | 0 SV | 47.0 IP","20+ games; no more than five starts and 25% start share","fangraphs_reliever_profile_score_v1","2026-07-28 17:11:36 UTC","FanGraphs season leaderboard via BaseballR; award score is a transparent performance index, not a ballot forecast."
"Reliever of the Year","AL",44,"646241","Enmanuel De Jesus","DET","reliever",29,45.6,0.4039,3.9789,"ERA",31.2,"IP"," 0.4 WAR | 3.98 ERA | 1 SV | 31.2 IP","20+ games; no more than five starts and 25% start share","fangraphs_reliever_profile_score_v1","2026-07-28 17:11:36 UTC","FanGraphs season leaderboard via BaseballR; award score is a transparent performance index, not a ballot forecast."
"Reliever of the Year","AL",45,"608718","Brent Suter","LAA","reliever",36,41.8,0.4463,4.4237,"ERA",59,"IP"," 0.4 WAR | 4.42 ERA | 0 SV | 59.0 IP","20+ games; no more than five starts and 25% start share","fangraphs_reliever_profile_score_v1","2026-07-28 17:11:36 UTC","FanGraphs season leaderboard via BaseballR; award score is a transparent performance index, not a ballot forecast."
"Reliever of the Year","AL",46,"663947","Tyler Holton","DET","reliever",30,41.4,0.1754,3.0423,"ERA",47.1,"IP"," 0.2 WAR | 3.04 ERA | 1 SV | 47.1 IP","20+ games; no more than five starts and 25% start share","fangraphs_reliever_profile_score_v1","2026-07-28 17:11:36 UTC","FanGraphs season leaderboard via BaseballR; award score is a transparent performance index, not a ballot forecast."
"Reliever of the Year","AL",47,"670036","Matt Festa","CLE","reliever",33,40.5,0.28,4.3954,"ERA",43,"IP"," 0.3 WAR | 4.40 ERA | 1 SV | 43.0 IP","20+ games; no more than five starts and 25% start share","fangraphs_reliever_profile_score_v1","2026-07-28 17:11:36 UTC","FanGraphs season leaderboard via BaseballR; award score is a transparent performance index, not a ballot forecast."
"Reliever of the Year","AL",48,"805123","AJ Blubaugh","HOU","reliever",25,39.5,0.1388,3.7426,"ERA",67.1,"IP"," 0.1 WAR | 3.74 ERA | 0 SV | 67.1 IP","20+ games; no more than five starts and 25% start share","fangraphs_reliever_profile_score_v1","2026-07-28 17:11:36 UTC","FanGraphs season leaderboard via BaseballR; award score is a transparent performance index, not a ballot forecast."
"Reliever of the Year","AL",49,"689296","Anthony Nunez","BAL","reliever",24,38,0.1819,4.4646,"ERA",42.1,"IP"," 0.2 WAR | 4.46 ERA | 3 SV | 42.1 IP","20+ games; no more than five starts and 25% start share","fangraphs_reliever_profile_score_v1","2026-07-28 17:11:36 UTC","FanGraphs season leaderboard via BaseballR; award score is a transparent performance index, not a ballot forecast."
"Reliever of the Year","AL",50,"552640","Andrew Kittredge","BAL","reliever",36,37.2,0.0653,3.5217,"ERA",30.2,"IP"," 0.1 WAR | 3.52 ERA | 3 SV | 30.2 IP","20+ games; no more than five starts and 25% start share","fangraphs_reliever_profile_score_v1","2026-07-28 17:11:36 UTC","FanGraphs season leaderboard via BaseballR; award score is a transparent performance index, not a ballot forecast."
"Reliever of the Year","AL",51,"820862","José Fermin","LAA","reliever",24,37.1,0.16,3,"ERA",33,"IP"," 0.2 WAR | 3.00 ERA | 0 SV | 33.0 IP","20+ games; no more than five starts and 25% start share","fangraphs_reliever_profile_score_v1","2026-07-28 17:11:36 UTC","FanGraphs season leaderboard via BaseballR; award score is a transparent performance index, not a ballot forecast."
"Reliever of the Year","AL",52,"681867","Cooper Criswell","SEA","reliever",29,36.6,0.1274,3.5217,"ERA",30.2,"IP"," 0.1 WAR | 3.52 ERA | 1 SV | 30.2 IP","20+ games; no more than five starts and 25% start share","fangraphs_reliever_profile_score_v1","2026-07-28 17:11:36 UTC","FanGraphs season leaderboard via BaseballR; award score is a transparent performance index, not a ballot forecast."
"Reliever of the Year","AL",53,"679358","Eric Orze","MIN","reliever",28,36.4,0.5549,5.6613,"ERA",41.1,"IP"," 0.6 WAR | 5.66 ERA | 1 SV | 41.1 IP","20+ games; no more than five starts and 25% start share","fangraphs_reliever_profile_score_v1","2026-07-28 17:11:36 UTC","FanGraphs season leaderboard via BaseballR; award score is a transparent performance index, not a ballot forecast."
"Reliever of the Year","AL",54,"573124","Taylor Rogers","MIN","reliever",35,35.6,0.2973,5.1652,"ERA",38.1,"IP"," 0.3 WAR | 5.17 ERA | 2 SV | 38.1 IP","20+ games; no more than five starts and 25% start share","fangraphs_reliever_profile_score_v1","2026-07-28 17:11:36 UTC","FanGraphs season leaderboard via BaseballR; award score is a transparent performance index, not a ballot forecast."
"Reliever of the Year","AL",55,"640448","Kyle Finnegan","DET","reliever",34,35.2,-0.3395,2.5435,"ERA",46,"IP","-0.3 WAR | 2.54 ERA | 2 SV | 46.0 IP","20+ games; no more than five starts and 25% start share","fangraphs_reliever_profile_score_v1","2026-07-28 17:11:36 UTC","FanGraphs season leaderboard via BaseballR; award score is a transparent performance index, not a ballot forecast."
"Reliever of the Year","AL",56,"687911","Bryan King","HOU","reliever",29,34.2,-0.1524,3.7445,"ERA",45.2,"IP","-0.2 WAR | 3.74 ERA | 6 SV | 45.2 IP","20+ games; no more than five starts and 25% start share","fangraphs_reliever_profile_score_v1","2026-07-28 17:11:36 UTC","FanGraphs season leaderboard via BaseballR; award score is a transparent performance index, not a ballot forecast."
"Reliever of the Year","AL",57,"701519","Travis Adams","MIN","reliever",26,33.8,0.0216,5.4,"ERA",31.2,"IP"," 0.0 WAR | 5.40 ERA | 2 SV | 31.2 IP","20+ games; no more than five starts and 25% start share","fangraphs_reliever_profile_score_v1","2026-07-28 17:11:36 UTC","FanGraphs season leaderboard via BaseballR; award score is a transparent performance index, not a ballot forecast."
"Reliever of the Year","AL",58,"815083","Mitch Farris","LAA","reliever",25,33.5,-0.1516,3.5308,"ERA",43.1,"IP","-0.2 WAR | 3.53 ERA | 1 SV | 43.1 IP","20+ games; no more than five starts and 25% start share","fangraphs_reliever_profile_score_v1","2026-07-28 17:11:36 UTC","FanGraphs season leaderboard via BaseballR; award score is a transparent performance index, not a ballot forecast."
"Reliever of the Year","AL",59,"642232","Ryan Yarbrough","NYY","reliever",34,31.2,0.2074,4.6406,"ERA",42.2,"IP"," 0.2 WAR | 4.64 ERA | 2 SV | 42.2 IP","20+ games; no more than five starts and 25% start share","fangraphs_reliever_profile_score_v1","2026-07-28 17:11:36 UTC","FanGraphs season leaderboard via BaseballR; award score is a transparent performance index, not a ballot forecast."
"Reliever of the Year","AL",60,"696147","Sam Bachman","LAA","reliever",26,30.9,-0.1495,4.2632,"ERA",44.1,"IP","-0.1 WAR | 4.26 ERA | 1 SV | 44.1 IP","20+ games; no more than five starts and 25% start share","fangraphs_reliever_profile_score_v1","2026-07-28 17:11:36 UTC","FanGraphs season leaderboard via BaseballR; award score is a transparent performance index, not a ballot forecast."
"Reliever of the Year","AL",61,"622554","Seranthony Domínguez","CHW","reliever",31,30.2,-0.0553,4.211,"ERA",36.1,"IP","-0.1 WAR | 4.21 ERA | 12 SV | 36.1 IP","20+ games; no more than five starts and 25% start share","fangraphs_reliever_profile_score_v1","2026-07-28 17:11:36 UTC","FanGraphs season leaderboard via BaseballR; award score is a transparent performance index, not a ballot forecast."
"Reliever of the Year","AL",62,"670245","Ryan Watson","BOS","reliever",28,30,0.0156,4.4451,"ERA",54.2,"IP"," 0.0 WAR | 4.45 ERA | 1 SV | 54.2 IP","20+ games; no more than five starts and 25% start share","fangraphs_reliever_profile_score_v1","2026-07-28 17:11:36 UTC","FanGraphs season leaderboard via BaseballR; award score is a transparent performance index, not a ballot forecast."
"Reliever of the Year","AL",63,"674444","Steven Cruz","KCR","reliever",27,28.9,-0.4087,4.6216,"ERA",37,"IP","-0.4 WAR | 4.62 ERA | 2 SV | 37.0 IP","20+ games; no more than five starts and 25% start share","fangraphs_reliever_profile_score_v1","2026-07-28 17:11:36 UTC","FanGraphs season leaderboard via BaseballR; award score is a transparent performance index, not a ballot forecast."
"Reliever of the Year","AL",64,"669711","Greg Weissert","BOS","reliever",31,28.1,-0.0483,4.1371,"ERA",41.1,"IP"," 0.0 WAR | 4.14 ERA | 0 SV | 41.1 IP","20+ games; no more than five starts and 25% start share","fangraphs_reliever_profile_score_v1","2026-07-28 17:11:36 UTC","FanGraphs season leaderboard via BaseballR; award score is a transparent performance index, not a ballot forecast."
"Reliever of the Year","AL",65,"607455","Anthony Banda","MIN","reliever",32,27.8,0.0101,4.4563,"ERA",34.1,"IP"," 0.0 WAR | 4.46 ERA | 2 SV | 34.1 IP","20+ games; no more than five starts and 25% start share","fangraphs_reliever_profile_score_v1","2026-07-28 17:11:36 UTC","FanGraphs season leaderboard via BaseballR; award score is a transparent performance index, not a ballot forecast."
"Reliever of the Year","AL",66,"656638","Alex Lange","KCR","reliever",30,27.2,-0.0221,6,"ERA",42,"IP"," 0.0 WAR | 6.00 ERA | 10 SV | 42.0 IP","20+ games; no more than five starts and 25% start share","fangraphs_reliever_profile_score_v1","2026-07-28 17:11:36 UTC","FanGraphs season leaderboard via BaseballR; award score is a transparent performance index, not a ballot forecast."
"Reliever of the Year","AL",67,"615698","Cal Quantrill","TEX","reliever",31,26.7,-0.0144,4.05,"ERA",53.1,"IP"," 0.0 WAR | 4.05 ERA | 0 SV | 53.1 IP","20+ games; no more than five starts and 25% start share","fangraphs_reliever_profile_score_v1","2026-07-28 17:11:36 UTC","FanGraphs season leaderboard via BaseballR; award score is a transparent performance index, not a ballot forecast."
"Reliever of the Year","AL",68,"665660","Elvis Alvarado","ATH","reliever",27,26.4,-0.2722,5.2258,"ERA",31,"IP","-0.3 WAR | 5.23 ERA | 2 SV | 31.0 IP","20+ games; no more than five starts and 25% start share","fangraphs_reliever_profile_score_v1","2026-07-28 17:11:36 UTC","FanGraphs season leaderboard via BaseballR; award score is a transparent performance index, not a ballot forecast."
"Reliever of the Year","AL",69,"668390","Cole Winn","TEX","reliever",26,24.9,-0.0507,6.1132,"ERA",35.1,"IP","-0.1 WAR | 6.11 ERA | 1 SV | 35.1 IP","20+ games; no more than five starts and 25% start share","fangraphs_reliever_profile_score_v1","2026-07-28 17:11:36 UTC","FanGraphs season leaderboard via BaseballR; award score is a transparent performance index, not a ballot forecast."
"Reliever of the Year","AL",70,"670167","John Schreiber","KCR","reliever",32,23.5,-0.4456,3.7934,"ERA",40.1,"IP","-0.4 WAR | 3.79 ERA | 1 SV | 40.1 IP","20+ games; no more than five starts and 25% start share","fangraphs_reliever_profile_score_v1","2026-07-28 17:11:36 UTC","FanGraphs season leaderboard via BaseballR; award score is a transparent performance index, not a ballot forecast."
"Reliever of the Year","AL",71,"650556","Bryan Abreu","HOU","reliever",29,23.2,-0.5714,5.0467,"ERA",35.2,"IP","-0.6 WAR | 5.05 ERA | 6 SV | 35.2 IP","20+ games; no more than five starts and 25% start share","fangraphs_reliever_profile_score_v1","2026-07-28 17:11:36 UTC","FanGraphs season leaderboard via BaseballR; award score is a transparent performance index, not a ballot forecast."
"Reliever of the Year","AL",72,"666808","Camilo Doval","NYY","reliever",28,22.9,-0.0373,4.6552,"ERA",38.2,"IP"," 0.0 WAR | 4.66 ERA | 1 SV | 38.2 IP","20+ games; no more than five starts and 25% start share","fangraphs_reliever_profile_score_v1","2026-07-28 17:11:36 UTC","FanGraphs season leaderboard via BaseballR; award score is a transparent performance index, not a ballot forecast."
"Reliever of the Year","AL",73,"656234","Jake Bird","NYY","reliever",30,21.7,0.0703,5.9341,"ERA",30.1,"IP"," 0.1 WAR | 5.93 ERA | 0 SV | 30.1 IP","20+ games; no more than five starts and 25% start share","fangraphs_reliever_profile_score_v1","2026-07-28 17:11:36 UTC","FanGraphs season leaderboard via BaseballR; award score is a transparent performance index, not a ballot forecast."
"Reliever of the Year","AL",74,"682120","Tim Herrin","CLE","reliever",29,21.7,-0.272,3.24,"ERA",33.1,"IP","-0.3 WAR | 3.24 ERA | 0 SV | 33.1 IP","20+ games; no more than five starts and 25% start share","fangraphs_reliever_profile_score_v1","2026-07-28 17:11:36 UTC","FanGraphs season leaderboard via BaseballR; award score is a transparent performance index, not a ballot forecast."
"Reliever of the Year","AL",75,"542888","Shawn Armstrong","CLE","reliever",35,19,-0.0505,4.9091,"ERA",33,"IP","-0.1 WAR | 4.91 ERA | 0 SV | 33.0 IP","20+ games; no more than five starts and 25% start share","fangraphs_reliever_profile_score_v1","2026-07-28 17:11:36 UTC","FanGraphs season leaderboard via BaseballR; award score is a transparent performance index, not a ballot forecast."
"Reliever of the Year","AL",76,"686993","Justin Sterner","ATH","reliever",29,19,-0.5477,6.1172,"ERA",42.2,"IP","-0.5 WAR | 6.12 ERA | 1 SV | 42.2 IP","20+ games; no more than five starts and 25% start share","fangraphs_reliever_profile_score_v1","2026-07-28 17:11:36 UTC","FanGraphs season leaderboard via BaseballR; award score is a transparent performance index, not a ballot forecast."
"Reliever of the Year","AL",77,"657612","Tim Hill","NYY","reliever",36,15.9,-0.6495,4.3109,"ERA",39.2,"IP","-0.6 WAR | 4.31 ERA | 1 SV | 39.2 IP","20+ games; no more than five starts and 25% start share","fangraphs_reliever_profile_score_v1","2026-07-28 17:11:36 UTC","FanGraphs season leaderboard via BaseballR; award score is a transparent performance index, not a ballot forecast."
"Reliever of the Year","AL",78,"668674","Lucas Erceg","KCR","reliever",31,15.4,-0.5545,5.2627,"ERA",39.1,"IP","-0.6 WAR | 5.26 ERA | 12 SV | 39.1 IP","20+ games; no more than five starts and 25% start share","fangraphs_reliever_profile_score_v1","2026-07-28 17:11:36 UTC","FanGraphs season leaderboard via BaseballR; award score is a transparent performance index, not a ballot forecast."
"Reliever of the Year","AL",79,"605130","Scott Barlow","ATH","reliever",33,13.8,-0.736,6.48,"ERA",33.1,"IP","-0.7 WAR | 6.48 ERA | 2 SV | 33.1 IP","20+ games; no more than five starts and 25% start share","fangraphs_reliever_profile_score_v1","2026-07-28 17:11:36 UTC","FanGraphs season leaderboard via BaseballR; award score is a transparent performance index, not a ballot forecast."
"Reliever of the Year","AL",80,"621381","Matt Strahm","KCR","reliever",34,5.2,-1.0119,6.75,"ERA",34.2,"IP","-1.0 WAR | 6.75 ERA | 0 SV | 34.2 IP","20+ games; no more than five starts and 25% start share","fangraphs_reliever_profile_score_v1","2026-07-28 17:11:36 UTC","FanGraphs season leaderboard via BaseballR; award score is a transparent performance index, not a ballot forecast."
"ROTY watch","AL",1,"805808","Kevin McGonigle","DET","hitter",21,96.9,4.0618,131.2459,"wRC+",457,"PA"," 4.1 combined WAR | 131 wRC+ | age 21","prior AB/IP screen passed; MLB service days not verified","fangraphs_roty_role_balanced_score_v3","2026-07-28 17:11:36 UTC","FanGraphs season leaderboard via BaseballR; award score is a transparent performance index, not a ballot forecast."
"ROTY watch","AL",2,"800048","Parker Messick","CLE","pitcher",25,91.3,3.266,2.5851,"ERA",125.1,"IP","3.3 WAR | 2.59 ERA | age 25","prior AB/IP screen passed; MLB service days not verified","fangraphs_roty_role_balanced_score_v3","2026-07-28 17:11:36 UTC","FanGraphs season leaderboard via BaseballR; award score is a transparent performance index, not a ballot forecast."
"ROTY watch","AL",3,"801139","Payton Tolle","BOS","pitcher",23,83.4,2.2382,3.3158,"ERA",95,"IP","2.2 WAR | 3.32 ERA | age 23","prior AB/IP screen passed; MLB service days not verified","fangraphs_roty_role_balanced_score_v3","2026-07-28 17:11:36 UTC","FanGraphs season leaderboard via BaseballR; award score is a transparent performance index, not a ballot forecast."
"ROTY watch","AL",4,"691799","Grant Taylor","CHW","pitcher",24,80.5,1.5643,2.5796,"ERA",52.1,"IP","1.6 WAR | 2.58 ERA | age 24","prior AB/IP screen passed; MLB service days not verified","fangraphs_roty_role_balanced_score_v3","2026-07-28 17:11:36 UTC","FanGraphs season leaderboard via BaseballR; award score is a transparent performance index, not a ballot forecast."
"ROTY watch","AL",5,"808959","Munetaka Murakami","CHW","hitter",26,78.5,2.4267,153.6686,"wRC+",304,"PA"," 2.4 combined WAR | 154 wRC+ | age 26","prior AB/IP screen passed; MLB service days not verified","fangraphs_roty_role_balanced_score_v3","2026-07-28 17:11:36 UTC","FanGraphs season leaderboard via BaseballR; award score is a transparent performance index, not a ballot forecast."
"ROTY watch","AL",6,"671976","Tristan Peters","CHW","hitter",26,77.7,2.6595,117.557,"wRC+",312,"PA"," 2.7 combined WAR | 118 wRC+ | age 26","prior AB/IP screen passed; MLB service days not verified","fangraphs_roty_role_balanced_score_v3","2026-07-28 17:11:36 UTC","FanGraphs season leaderboard via BaseballR; award score is a transparent performance index, not a ballot forecast."
"ROTY watch","AL",7,"677960","Ryan Weathers","NYY","pitcher",26,74.7,1.8164,4.25,"ERA",108,"IP","1.8 WAR | 4.25 ERA | age 26","prior AB/IP screen passed; MLB service days not verified","fangraphs_roty_role_balanced_score_v3","2026-07-28 17:11:36 UTC","FanGraphs season leaderboard via BaseballR; award score is a transparent performance index, not a ballot forecast."
"ROTY watch","AL",8,"671737","Taj Bradley","MIN","pitcher",25,71.8,1.5884,3.689,"ERA",114.2,"IP","1.6 WAR | 3.69 ERA | age 25","prior AB/IP screen passed; MLB service days not verified","fangraphs_roty_role_balanced_score_v3","2026-07-28 17:11:36 UTC","FanGraphs season leaderboard via BaseballR; award score is a transparent performance index, not a ballot forecast."
"ROTY watch","AL",9,"800050","Chase DeLauter","CLE","hitter",24,71.2,1.9114,126.1979,"wRC+",372,"PA"," 1.9 combined WAR | 126 wRC+ | age 24","prior AB/IP screen passed; MLB service days not verified","fangraphs_roty_role_balanced_score_v3","2026-07-28 17:11:36 UTC","FanGraphs season leaderboard via BaseballR; award score is a transparent performance index, not a ballot forecast."
"ROTY watch","AL",10,"687562","Jake Bennett","BOS","pitcher",25,68.7,1.5606,2.5787,"ERA",59.1,"IP","1.6 WAR | 2.58 ERA | age 25","prior AB/IP screen passed; MLB service days not verified","fangraphs_roty_role_balanced_score_v3","2026-07-28 17:11:36 UTC","FanGraphs season leaderboard via BaseballR; award score is a transparent performance index, not a ballot forecast."
"ROTY watch","AL",11,"803011","Sam Antonacci","CHW","hitter",23,65,1.5856,126.3006,"wRC+",343,"PA"," 1.6 combined WAR | 126 wRC+ | age 23","prior AB/IP screen passed; MLB service days not verified","fangraphs_roty_role_balanced_score_v3","2026-07-28 17:11:36 UTC","FanGraphs season leaderboard via BaseballR; award score is a transparent performance index, not a ballot forecast."
"ROTY watch","AL",12,"693686","Spencer Miles","TOR","pitcher",25,63.7,1.1325,3.2609,"ERA",69,"IP","1.1 WAR | 3.26 ERA | age 25","prior AB/IP screen passed; MLB service days not verified","fangraphs_roty_role_balanced_score_v3","2026-07-28 17:11:36 UTC","FanGraphs season leaderboard via BaseballR; award score is a transparent performance index, not a ballot forecast."
"ROTY watch","AL",13,"700712","Walbert Ureña","LAA","pitcher",22,61.3,1.524,2.7,"ERA",93.1,"IP","1.5 WAR | 2.70 ERA | age 22","prior AB/IP screen passed; MLB service days not verified","fangraphs_roty_role_balanced_score_v3","2026-07-28 17:11:36 UTC","FanGraphs season leaderboard via BaseballR; award score is a transparent performance index, not a ballot forecast."
"ROTY watch","AL",14,"680869","Zack Gelof","ATH","hitter",26,59.2,1.7189,120.7629,"wRC+",247,"PA"," 1.7 combined WAR | 121 wRC+ | age 26","prior AB/IP screen passed; MLB service days not verified","fangraphs_roty_role_balanced_score_v3","2026-07-28 17:11:36 UTC","FanGraphs season leaderboard via BaseballR; award score is a transparent performance index, not a ballot forecast."
"ROTY watch","AL",15,"695600","Carter Jensen","KCR","hitter",22,58.5,1.9266,100.6902,"wRC+",388,"PA"," 1.9 combined WAR | 101 wRC+ | age 22","prior AB/IP screen passed; MLB service days not verified","fangraphs_roty_role_balanced_score_v3","2026-07-28 17:11:36 UTC","FanGraphs season leaderboard via BaseballR; award score is a transparent performance index, not a ballot forecast."
"ROTY watch","AL",16,"702193","Andrew Morris","MIN","pitcher",24,57.4,0.9686,3.24,"ERA",50,"IP","1.0 WAR | 3.24 ERA | age 24","prior AB/IP screen passed; MLB service days not verified","fangraphs_roty_role_balanced_score_v3","2026-07-28 17:11:36 UTC","FanGraphs season leaderboard via BaseballR; award score is a transparent performance index, not a ballot forecast."
"ROTY watch","AL",17,"687570","Connor Prielipp","MIN","pitcher",25,52.4,1.3216,4.7281,"ERA",72.1,"IP","1.3 WAR | 4.73 ERA | age 25","prior AB/IP screen passed; MLB service days not verified","fangraphs_roty_role_balanced_score_v3","2026-07-28 17:11:36 UTC","FanGraphs season leaderboard via BaseballR; award score is a transparent performance index, not a ballot forecast."
"ROTY watch","AL",18,"683953","Travis Bazzana","CLE","hitter",23,51.2,1.5543,108.8155,"wRC+",325,"PA"," 1.6 combined WAR | 109 wRC+ | age 23","prior AB/IP screen passed; MLB service days not verified","fangraphs_roty_role_balanced_score_v3","2026-07-28 17:11:36 UTC","FanGraphs season leaderboard via BaseballR; award score is a transparent performance index, not a ballot forecast."
"ROTY watch","AL",19,"675512","Troy Melton","DET","pitcher",25,51.1,0.8196,1.95,"ERA",60,"IP","0.8 WAR | 1.95 ERA | age 25","prior AB/IP screen passed; MLB service days not verified","fangraphs_roty_role_balanced_score_v3","2026-07-28 17:11:36 UTC","FanGraphs season leaderboard via BaseballR; award score is a transparent performance index, not a ballot forecast."
"ROTY watch","AL",20,"702056","Trey Yesavage","TOR","pitcher",22,47.4,1.1805,3.9176,"ERA",85,"IP","1.2 WAR | 3.92 ERA | age 22","prior AB/IP screen passed; MLB service days not verified","fangraphs_roty_role_balanced_score_v3","2026-07-28 17:11:36 UTC","FanGraphs season leaderboard via BaseballR; award score is a transparent performance index, not a ballot forecast."
"ROTY watch","AL",21,"694212","Samuel Basallo","BAL","hitter",21,42.3,0.8708,109.103,"wRC+",311,"PA"," 0.9 combined WAR | 109 wRC+ | age 21","prior AB/IP screen passed; MLB service days not verified","fangraphs_roty_role_balanced_score_v3","2026-07-28 17:11:36 UTC","FanGraphs season leaderboard via BaseballR; award score is a transparent performance index, not a ballot forecast."
"ROTY watch","AL",22,"695611","Gage Jump","ATH","pitcher",23,41.1,0.9285,4.4211,"ERA",57,"IP","0.9 WAR | 4.42 ERA | age 23","prior AB/IP screen passed; MLB service days not verified","fangraphs_roty_role_balanced_score_v3","2026-07-28 17:11:36 UTC","FanGraphs season leaderboard via BaseballR; award score is a transparent performance index, not a ballot forecast."
"ROTY watch","AL",23,"813349","Connelly Early","BOS","pitcher",24,39.5,0.6744,3.4364,"ERA",91.2,"IP","0.7 WAR | 3.44 ERA | age 24","prior AB/IP screen passed; MLB service days not verified","fangraphs_roty_role_balanced_score_v3","2026-07-28 17:11:36 UTC","FanGraphs season leaderboard via BaseballR; award score is a transparent performance index, not a ballot forecast."
"ROTY watch","AL",24,"687093","Vaughn Grissom","LAA","hitter",25,33.8,0.8436,104.8767,"wRC+",253,"PA"," 0.8 combined WAR | 105 wRC+ | age 25","prior AB/IP screen passed; MLB service days not verified","fangraphs_roty_role_balanced_score_v3","2026-07-28 17:11:36 UTC","FanGraphs season leaderboard via BaseballR; award score is a transparent performance index, not a ballot forecast."
"ROTY watch","AL",25,"678022","Jack Perkins","ATH","pitcher",26,29.5,0.5083,6.4537,"ERA",68.1,"IP","0.5 WAR | 6.45 ERA | age 26","prior AB/IP screen passed; MLB service days not verified","fangraphs_roty_role_balanced_score_v3","2026-07-28 17:11:36 UTC","FanGraphs season leaderboard via BaseballR; award score is a transparent performance index, not a ballot forecast."
"ROTY watch","AL",26,"672724","Oswald Peraza","LAA","hitter",26,26.5,0.6644,80.4594,"wRC+",291,"PA"," 0.7 combined WAR | 80 wRC+ | age 26","prior AB/IP screen passed; MLB service days not verified","fangraphs_roty_role_balanced_score_v3","2026-07-28 17:11:36 UTC","FanGraphs season leaderboard via BaseballR; award score is a transparent performance index, not a ballot forecast."
"ROTY watch","AL",27,"805123","AJ Blubaugh","HOU","pitcher",25,24.2,0.1388,3.7426,"ERA",67.1,"IP","0.1 WAR | 3.74 ERA | age 25","prior AB/IP screen passed; MLB service days not verified","fangraphs_roty_role_balanced_score_v3","2026-07-28 17:11:36 UTC","FanGraphs season leaderboard via BaseballR; award score is a transparent performance index, not a ballot forecast."
"ROTY watch","AL",28,"703607","Henry Bolte","ATH","hitter",22,22.7,0.5203,82.0194,"wRC+",230,"PA"," 0.5 combined WAR | 82 wRC+ | age 22","prior AB/IP screen passed; MLB service days not verified","fangraphs_roty_role_balanced_score_v3","2026-07-28 17:11:36 UTC","FanGraphs season leaderboard via BaseballR; award score is a transparent performance index, not a ballot forecast."
"ROTY watch","AL",29,"681293","Spencer Arrighetti","HOU","pitcher",26,19.7,0.3748,4.6023,"ERA",88,"IP","0.4 WAR | 4.60 ERA | age 26","prior AB/IP screen passed; MLB service days not verified","fangraphs_roty_role_balanced_score_v3","2026-07-28 17:11:36 UTC","FanGraphs season leaderboard via BaseballR; award score is a transparent performance index, not a ballot forecast."
"ROTY watch","AL",30,"679883","Luinder Avila","KCR","pitcher",24,17.6,0.4446,4.8119,"ERA",67.1,"IP","0.4 WAR | 4.81 ERA | age 24","prior AB/IP screen passed; MLB service days not verified","fangraphs_roty_role_balanced_score_v3","2026-07-28 17:11:36 UTC","FanGraphs season leaderboard via BaseballR; award score is a transparent performance index, not a ballot forecast."
"ROTY watch","AL",31,"680755","Braydon Fisher","TOR","pitcher",25,15.8,0.0527,4.1538,"ERA",52,"IP","0.1 WAR | 4.15 ERA | age 25","prior AB/IP screen passed; MLB service days not verified","fangraphs_roty_role_balanced_score_v3","2026-07-28 17:11:36 UTC","FanGraphs season leaderboard via BaseballR; award score is a transparent performance index, not a ballot forecast."
"ROTY watch","AL",32,"702273","Noah Schultz","CHW","pitcher",22,8.9,0.252,6.15,"ERA",60,"IP","0.3 WAR | 6.15 ERA | age 22","prior AB/IP screen passed; MLB service days not verified","fangraphs_roty_role_balanced_score_v3","2026-07-28 17:11:36 UTC","FanGraphs season leaderboard via BaseballR; award score is a transparent performance index, not a ballot forecast."
"ROTY watch","AL",33,"691785","Marcelo Mayer","BOS","hitter",23,8.5,-0.1072,62.8755,"wRC+",228,"PA","-0.1 combined WAR | 63 wRC+ | age 23","prior AB/IP screen passed; MLB service days not verified","fangraphs_roty_role_balanced_score_v3","2026-07-28 17:11:36 UTC","FanGraphs season leaderboard via BaseballR; award score is a transparent performance index, not a ballot forecast."
"ROTY watch","AL",34,"694728","Brice Matthews","HOU","hitter",24,8.1,0.1282,60.971,"wRC+",226,"PA"," 0.1 combined WAR | 61 wRC+ | age 24","prior AB/IP screen passed; MLB service days not verified","fangraphs_roty_role_balanced_score_v3","2026-07-28 17:11:36 UTC","FanGraphs season leaderboard via BaseballR; award score is a transparent performance index, not a ballot forecast."
"MVP","NL",1,"691718","Pete Crow-Armstrong","CHC","hitter",24,96.4,6.9412,153.9406,"wRC+",465,"PA"," 6.9 combined WAR | 23 HR | 60 RBI | 154 wRC+","qualified performance pool","modern_era_mvp_percentile_profile_v3","2026-07-28 17:11:36 UTC","FanGraphs season leaderboard via BaseballR; award score is a transparent performance index, not a ballot forecast."
"MVP","NL",2,"682928","CJ Abrams","WSN","hitter",25,96.1,3.9084,152.308,"wRC+",440,"PA"," 3.9 combined WAR | 27 HR | 82 RBI | 152 wRC+","qualified performance pool","modern_era_mvp_percentile_profile_v3","2026-07-28 17:11:36 UTC","FanGraphs season leaderboard via BaseballR; award score is a transparent performance index, not a ballot forecast."
"MVP","NL",3,"695578","James Wood","WSN","hitter",23,96,4.3945,156.4415,"wRC+",503,"PA"," 4.4 combined WAR | 30 HR | 72 RBI | 156 wRC+","qualified performance pool","modern_era_mvp_percentile_profile_v3","2026-07-28 17:11:36 UTC","FanGraphs season leaderboard via BaseballR; award score is a transparent performance index, not a ballot forecast."
"MVP","NL",4,"660271","Shohei Ohtani","LAD","hitter",31,92.6,5.7333,142.9471,"wRC+",447,"PA"," 5.7 combined WAR | 22 HR | 61 RBI | 143 wRC+","qualified performance pool","modern_era_mvp_percentile_profile_v3","2026-07-28 17:11:36 UTC","FanGraphs season leaderboard via BaseballR; award score is a transparent performance index, not a ballot forecast."
"MVP","NL",5,"672640","Otto Lopez","MIA","hitter",27,89.4,4.4604,132.893,"wRC+",446,"PA"," 4.5 combined WAR | 9 HR | 48 RBI | 133 wRC+","qualified performance pool","modern_era_mvp_percentile_profile_v3","2026-07-28 17:11:36 UTC","FanGraphs season leaderboard via BaseballR; award score is a transparent performance index, not a ballot forecast."
"MVP","NL",6,"691023","Jordan Walker","STL","hitter",24,87.9,2.5254,134.5869,"wRC+",443,"PA"," 2.5 combined WAR | 22 HR | 77 RBI | 135 wRC+","qualified performance pool","modern_era_mvp_percentile_profile_v3","2026-07-28 17:11:36 UTC","FanGraphs season leaderboard via BaseballR; award score is a transparent performance index, not a ballot forecast."
"MVP","NL",7,"518692","Freddie Freeman","LAD","hitter",36,86.9,3.1357,140.1168,"wRC+",446,"PA"," 3.1 combined WAR | 15 HR | 52 RBI | 140 wRC+","qualified performance pool","modern_era_mvp_percentile_profile_v3","2026-07-28 17:11:36 UTC","FanGraphs season leaderboard via BaseballR; award score is a transparent performance index, not a ballot forecast."
"MVP","NL",8,"668930","Brice Turang","MIL","hitter",26,86.6,3.7727,125.6602,"wRC+",453,"PA"," 3.8 combined WAR | 15 HR | 62 RBI | 126 wRC+","qualified performance pool","modern_era_mvp_percentile_profile_v3","2026-07-28 17:11:36 UTC","FanGraphs season leaderboard via BaseballR; award score is a transparent performance index, not a ballot forecast."
"MVP","NL",9,"682829","Elly De La Cruz","CIN","hitter",24,85.7,3.5933,129.8751,"wRC+",381,"PA"," 3.6 combined WAR | 18 HR | 47 RBI | 130 wRC+","qualified performance pool","modern_era_mvp_percentile_profile_v3","2026-07-28 17:11:36 UTC","FanGraphs season leaderboard via BaseballR; award score is a transparent performance index, not a ballot forecast."
"MVP","NL",10,"621566","Matt Olson","ATL","hitter",32,85.4,2.9419,132.8518,"wRC+",467,"PA"," 2.9 combined WAR | 27 HR | 63 RBI | 133 wRC+","qualified performance pool","modern_era_mvp_percentile_profile_v3","2026-07-28 17:11:36 UTC","FanGraphs season leaderboard via BaseballR; award score is a transparent performance index, not a ballot forecast."
"MVP","NL",11,"671739","Michael Harris II","ATL","hitter",25,83.8,3.0183,123.9057,"wRC+",402,"PA"," 3.0 combined WAR | 19 HR | 61 RBI | 124 wRC+","qualified performance pool","modern_era_mvp_percentile_profile_v3","2026-07-28 17:11:36 UTC","FanGraphs season leaderboard via BaseballR; award score is a transparent performance index, not a ballot forecast."
"MVP","NL",12,"665742","Juan Soto","NYM","hitter",27,83.1,2.8343,158.1541,"wRC+",359,"PA"," 2.8 combined WAR | 21 HR | 52 RBI | 158 wRC+","qualified performance pool","modern_era_mvp_percentile_profile_v3","2026-07-28 17:11:36 UTC","FanGraphs season leaderboard via BaseballR; award score is a transparent performance index, not a ballot forecast."
"MVP","NL",13,"668804","Bryan Reynolds","PIT","hitter",31,82.6,2.6122,130.2482,"wRC+",464,"PA"," 2.6 combined WAR | 14 HR | 60 RBI | 130 wRC+","qualified performance pool","modern_era_mvp_percentile_profile_v3","2026-07-28 17:11:36 UTC","FanGraphs season leaderboard via BaseballR; award score is a transparent performance index, not a ballot forecast."
"MVP","NL",14,"656941","Kyle Schwarber","PHI","hitter",33,82.1,2.5025,144.7014,"wRC+",457,"PA"," 2.5 combined WAR | 33 HR | 62 RBI | 145 wRC+","qualified performance pool","modern_era_mvp_percentile_profile_v3","2026-07-28 17:11:36 UTC","FanGraphs season leaderboard via BaseballR; award score is a transparent performance index, not a ballot forecast."
"MVP","NL",15,"681624","Andy Pages","LAD","hitter",25,81.2,3.0795,114.8208,"wRC+",452,"PA"," 3.1 combined WAR | 17 HR | 69 RBI | 115 wRC+","qualified performance pool","modern_era_mvp_percentile_profile_v3","2026-07-28 17:11:36 UTC","FanGraphs season leaderboard via BaseballR; award score is a transparent performance index, not a ballot forecast."
"MVP","NL",16,"696100","Hunter Goodman","COL","hitter",26,80.8,2.4265,124.188,"wRC+",408,"PA"," 2.4 combined WAR | 31 HR | 60 RBI | 124 wRC+","qualified performance pool","modern_era_mvp_percentile_profile_v3","2026-07-28 17:11:36 UTC","FanGraphs season leaderboard via BaseballR; award score is a transparent performance index, not a ballot forecast."
"MVP","NL",17,"682998","Corbin Carroll","ARI","hitter",25,80.5,3.2843,122.6724,"wRC+",444,"PA"," 3.3 combined WAR | 15 HR | 49 RBI | 123 wRC+","qualified performance pool","modern_era_mvp_percentile_profile_v3","2026-07-28 17:11:36 UTC","FanGraphs season leaderboard via BaseballR; award score is a transparent performance index, not a ballot forecast."
"MVP","NL",18,"686948","Drake Baldwin","ATL","hitter",25,78.7,2.327,133.8922,"wRC+",371,"PA"," 2.3 combined WAR | 20 HR | 56 RBI | 134 wRC+","qualified performance pool","modern_era_mvp_percentile_profile_v3","2026-07-28 17:11:36 UTC","FanGraphs season leaderboard via BaseballR; award score is a transparent performance index, not a ballot forecast."
"MVP","NL",19,"641343","Jake Bauers","MIL","hitter",30,78.6,1.9785,135.3763,"wRC+",381,"PA"," 2.0 combined WAR | 18 HR | 60 RBI | 135 wRC+","qualified performance pool","modern_era_mvp_percentile_profile_v3","2026-07-28 17:11:36 UTC","FanGraphs season leaderboard via BaseballR; award score is a transparent performance index, not a ballot forecast."
"MVP","NL",20,"571970","Max Muncy","LAD","hitter",35,78.3,3.131,132.7216,"wRC+",367,"PA"," 3.1 combined WAR | 20 HR | 48 RBI | 133 wRC+","qualified performance pool","modern_era_mvp_percentile_profile_v3","2026-07-28 17:11:36 UTC","FanGraphs season leaderboard via BaseballR; award score is a transparent performance index, not a ballot forecast."
"MVP","NL",21,"676475","Alec Burleson","STL","hitter",27,78.1,2.024,123.6496,"wRC+",446,"PA"," 2.0 combined WAR | 15 HR | 71 RBI | 124 wRC+","qualified performance pool","modern_era_mvp_percentile_profile_v3","2026-07-28 17:11:36 UTC","FanGraphs season leaderboard via BaseballR; award score is a transparent performance index, not a ballot forecast."
"MVP","NL",22,"650333","Luis Arraez","SFG","hitter",29,77.9,3.7563,121.8646,"wRC+",442,"PA"," 3.8 combined WAR | 4 HR | 41 RBI | 122 wRC+","qualified performance pool","modern_era_mvp_percentile_profile_v3","2026-07-28 17:11:36 UTC","FanGraphs season leaderboard via BaseballR; award score is a transparent performance index, not a ballot forecast."
"MVP","NL",23,"547180","Bryce Harper","PHI","hitter",33,76.7,1.8269,128.7877,"wRC+",451,"PA"," 1.8 combined WAR | 22 HR | 63 RBI | 129 wRC+","qualified performance pool","modern_era_mvp_percentile_profile_v3","2026-07-28 17:11:36 UTC","FanGraphs season leaderboard via BaseballR; award score is a transparent performance index, not a ballot forecast."
"MVP","NL",24,"664040","Brandon Lowe","PIT","hitter",31,76.2,2.848,113.3208,"wRC+",436,"PA"," 2.8 combined WAR | 21 HR | 67 RBI | 113 wRC+","qualified performance pool","modern_era_mvp_percentile_profile_v3","2026-07-28 17:11:36 UTC","FanGraphs season leaderboard via BaseballR; award score is a transparent performance index, not a ballot forecast."
"MVP","NL",25,"673548","Seiya Suzuki","CHC","hitter",31,75.5,2.4185,126.5902,"wRC+",392,"PA"," 2.4 combined WAR | 18 HR | 58 RBI | 127 wRC+","qualified performance pool","modern_era_mvp_percentile_profile_v3","2026-07-28 17:11:36 UTC","FanGraphs season leaderboard via BaseballR; award score is a transparent performance index, not a ballot forecast."
"MVP","NL",26,"802139","JJ Wetherholt","STL","hitter",23,75.2,3.6895,109.3667,"wRC+",457,"PA"," 3.7 combined WAR | 15 HR | 40 RBI | 109 wRC+","qualified performance pool","modern_era_mvp_percentile_profile_v3","2026-07-28 17:11:36 UTC","FanGraphs season leaderboard via BaseballR; award score is a transparent performance index, not a ballot forecast."
"MVP","NL",27,"681198","TJ Rumfield","COL","hitter",26,74.8,1.9939,124.1103,"wRC+",419,"PA"," 2.0 combined WAR | 13 HR | 53 RBI | 124 wRC+","qualified performance pool","modern_era_mvp_percentile_profile_v3","2026-07-28 17:11:36 UTC","FanGraphs season leaderboard via BaseballR; award score is a transparent performance index, not a ballot forecast."
"MVP","NL",28,"672515","Gabriel Moreno","ARI","hitter",26,73.8,3.0461,132.9984,"wRC+",326,"PA"," 3.0 combined WAR | 7 HR | 41 RBI | 133 wRC+","qualified performance pool","modern_era_mvp_percentile_profile_v3","2026-07-28 17:11:36 UTC","FanGraphs season leaderboard via BaseballR; award score is a transparent performance index, not a ballot forecast."
"MVP","NL",29,"693304","Nick Gonzales","PIT","hitter",27,72.5,2.2221,117.0636,"wRC+",416,"PA"," 2.2 combined WAR | 6 HR | 47 RBI | 117 wRC+","qualified performance pool","modern_era_mvp_percentile_profile_v3","2026-07-28 17:11:36 UTC","FanGraphs season leaderboard via BaseballR; award score is a transparent performance index, not a ballot forecast."
"MVP","NL",30,"664983","Jake McCarthy","COL","hitter",28,72.1,1.794,114.4861,"wRC+",348,"PA"," 1.8 combined WAR | 10 HR | 58 RBI | 114 wRC+","qualified performance pool","modern_era_mvp_percentile_profile_v3","2026-07-28 17:11:36 UTC","FanGraphs season leaderboard via BaseballR; award score is a transparent performance index, not a ballot forecast."
"MVP","NL",31,"669364","Xavier Edwards","MIA","hitter",26,71.4,2.4866,111.9616,"wRC+",451,"PA"," 2.5 combined WAR | 6 HR | 37 RBI | 112 wRC+","qualified performance pool","modern_era_mvp_percentile_profile_v3","2026-07-28 17:11:36 UTC","FanGraphs season leaderboard via BaseballR; award score is a transparent performance index, not a ballot forecast."
"MVP","NL",32,"671277","Luis García Jr.","WSN","hitter",26,71.4,1.7844,129.8412,"wRC+",353,"PA"," 1.8 combined WAR | 21 HR | 71 RBI | 130 wRC+","qualified performance pool","modern_era_mvp_percentile_profile_v3","2026-07-28 17:11:36 UTC","FanGraphs season leaderboard via BaseballR; award score is a transparent performance index, not a ballot forecast."
"MVP","NL",33,"665487","Fernando Tatis Jr.","SDP","hitter",27,71,2.2434,107.7128,"wRC+",464,"PA"," 2.2 combined WAR | 8 HR | 47 RBI | 108 wRC+","qualified performance pool","modern_era_mvp_percentile_profile_v3","2026-07-28 17:11:36 UTC","FanGraphs season leaderboard via BaseballR; award score is a transparent performance index, not a ballot forecast."
"MVP","NL",34,"669477","Casey Schmitt","SFG","hitter",27,69.6,1.8234,112.8878,"wRC+",409,"PA"," 1.8 combined WAR | 21 HR | 55 RBI | 113 wRC+","qualified performance pool","modern_era_mvp_percentile_profile_v3","2026-07-28 17:11:36 UTC","FanGraphs season leaderboard via BaseballR; award score is a transparent performance index, not a ballot forecast."
"MVP","NL",35,"701398","Sal Stewart","CIN","hitter",22,69.2,1.499,110.8209,"wRC+",450,"PA"," 1.5 combined WAR | 21 HR | 76 RBI | 111 wRC+","qualified performance pool","modern_era_mvp_percentile_profile_v3","2026-07-28 17:11:36 UTC","FanGraphs season leaderboard via BaseballR; award score is a transparent performance index, not a ballot forecast."
"MVP","NL",36,"664034","Ty France","SDP","hitter",31,69.1,2.0867,141.8907,"wRC+",273,"PA"," 2.1 combined WAR | 16 HR | 46 RBI | 142 wRC+","qualified performance pool","modern_era_mvp_percentile_profile_v3","2026-07-28 17:11:36 UTC","FanGraphs season leaderboard via BaseballR; award score is a transparent performance index, not a ballot forecast."
"MVP","NL",37,"694192","Jackson Chourio","MIL","hitter",22,68.3,1.8759,119.0579,"wRC+",327,"PA"," 1.9 combined WAR | 13 HR | 40 RBI | 119 wRC+","qualified performance pool","modern_era_mvp_percentile_profile_v3","2026-07-28 17:11:36 UTC","FanGraphs season leaderboard via BaseballR; award score is a transparent performance index, not a ballot forecast."
"MVP","NL",38,"669003","Garrett Mitchell","MIL","hitter",27,68.3,2.1118,121.6107,"wRC+",345,"PA"," 2.1 combined WAR | 8 HR | 48 RBI | 122 wRC+","qualified performance pool","modern_era_mvp_percentile_profile_v3","2026-07-28 17:11:36 UTC","FanGraphs season leaderboard via BaseballR; award score is a transparent performance index, not a ballot forecast."
"MVP","NL",39,"645277","Ozzie Albies","ATL","hitter",29,67.7,1.8138,102.7399,"wRC+",462,"PA"," 1.8 combined WAR | 18 HR | 60 RBI | 103 wRC+","qualified performance pool","modern_era_mvp_percentile_profile_v3","2026-07-28 17:11:36 UTC","FanGraphs season leaderboard via BaseballR; award score is a transparent performance index, not a ballot forecast."
"MVP","NL",40,"606466","Ketel Marte","ARI","hitter",32,67.7,1.8116,104.8059,"wRC+",451,"PA"," 1.8 combined WAR | 19 HR | 61 RBI | 105 wRC+","qualified performance pool","modern_era_mvp_percentile_profile_v3","2026-07-28 17:11:36 UTC","FanGraphs season leaderboard via BaseballR; award score is a transparent performance index, not a ballot forecast."
"MVP","NL",41,"621020","Dansby Swanson","CHC","hitter",32,66.7,2.7052,95.7265,"wRC+",396,"PA"," 2.7 combined WAR | 16 HR | 61 RBI | 96 wRC+","qualified performance pool","modern_era_mvp_percentile_profile_v3","2026-07-28 17:11:36 UTC","FanGraphs season leaderboard via BaseballR; award score is a transparent performance index, not a ballot forecast."
"MVP","NL",42,"689414","Liam Hicks","MIA","hitter",27,65.7,1.4878,118.3108,"wRC+",384,"PA"," 1.5 combined WAR | 14 HR | 60 RBI | 118 wRC+","qualified performance pool","modern_era_mvp_percentile_profile_v3","2026-07-28 17:11:36 UTC","FanGraphs season leaderboard via BaseballR; award score is a transparent performance index, not a ballot forecast."
"MVP","NL",43,"665833","Oneil Cruz","PIT","hitter",27,65.3,1.5739,123.295,"wRC+",283,"PA"," 1.6 combined WAR | 14 HR | 44 RBI | 123 wRC+","qualified performance pool","modern_era_mvp_percentile_profile_v3","2026-07-28 17:11:36 UTC","FanGraphs season leaderboard via BaseballR; award score is a transparent performance index, not a ballot forecast."
"MVP","NL",44,"683737","Michael Busch","CHC","hitter",28,64.4,1.8528,116.5662,"wRC+",473,"PA"," 1.9 combined WAR | 13 HR | 56 RBI | 117 wRC+","qualified performance pool","modern_era_mvp_percentile_profile_v3","2026-07-28 17:11:36 UTC","FanGraphs season leaderboard via BaseballR; award score is a transparent performance index, not a ballot forecast."
"MVP","NL",45,"664023","Ian Happ","CHC","hitter",31,63.3,1.9271,108.9636,"wRC+",441,"PA"," 1.9 combined WAR | 18 HR | 45 RBI | 109 wRC+","qualified performance pool","modern_era_mvp_percentile_profile_v3","2026-07-28 17:11:36 UTC","FanGraphs season leaderboard via BaseballR; award score is a transparent performance index, not a ballot forecast."
"MVP","NL",46,"669016","Brandon Marsh","PHI","hitter",28,63.1,1.1365,110.7621,"wRC+",401,"PA"," 1.1 combined WAR | 16 HR | 47 RBI | 111 wRC+","qualified performance pool","modern_era_mvp_percentile_profile_v3","2026-07-28 17:11:36 UTC","FanGraphs season leaderboard via BaseballR; award score is a transparent performance index, not a ballot forecast."
"MVP","NL",47,"646240","Rafael Devers","SFG","hitter",29,62.4,1.4391,116.8746,"wRC+",450,"PA"," 1.4 combined WAR | 22 HR | 60 RBI | 117 wRC+","qualified performance pool","modern_era_mvp_percentile_profile_v3","2026-07-28 17:11:36 UTC","FanGraphs season leaderboard via BaseballR; award score is a transparent performance index, not a ballot forecast."
"MVP","NL",48,"681082","Bryson Stott","PHI","hitter",28,61.7,2.0888,96.5887,"wRC+",390,"PA"," 2.1 combined WAR | 8 HR | 47 RBI | 97 wRC+","qualified performance pool","modern_era_mvp_percentile_profile_v3","2026-07-28 17:11:36 UTC","FanGraphs season leaderboard via BaseballR; award score is a transparent performance index, not a ballot forecast."
"MVP","NL",49,"672695","Geraldo Perdomo","ARI","hitter",26,61.2,2.5475,101.8182,"wRC+",443,"PA"," 2.5 combined WAR | 8 HR | 37 RBI | 102 wRC+","qualified performance pool","modern_era_mvp_percentile_profile_v3","2026-07-28 17:11:36 UTC","FanGraphs season leaderboard via BaseballR; award score is a transparent performance index, not a ballot forecast."
"MVP","NL",50,"691720","Kyle Karros","COL","hitter",23,60.5,1.7526,105.263,"wRC+",356,"PA"," 1.8 combined WAR | 9 HR | 37 RBI | 105 wRC+","qualified performance pool","modern_era_mvp_percentile_profile_v3","2026-07-28 17:11:36 UTC","FanGraphs season leaderboard via BaseballR; award score is a transparent performance index, not a ballot forecast."
"MVP","NL",51,"571448","Nolan Arenado","ARI","hitter",35,60.3,1.8388,102.3155,"wRC+",388,"PA"," 1.8 combined WAR | 14 HR | 49 RBI | 102 wRC+","qualified performance pool","modern_era_mvp_percentile_profile_v3","2026-07-28 17:11:36 UTC","FanGraphs season leaderboard via BaseballR; award score is a transparent performance index, not a ballot forecast."
"MVP","NL",52,"656811","Ryan O'Hearn","PIT","hitter",32,59.1,0.8157,118.019,"wRC+",379,"PA"," 0.8 combined WAR | 17 HR | 68 RBI | 118 wRC+","qualified performance pool","modern_era_mvp_percentile_profile_v3","2026-07-28 17:11:36 UTC","FanGraphs season leaderboard via BaseballR; award score is a transparent performance index, not a ballot forecast."
"MVP","NL",53,"701807","Carson Benge","NYM","hitter",23,59,1.6583,100.9712,"wRC+",421,"PA"," 1.7 combined WAR | 11 HR | 40 RBI | 101 wRC+","qualified performance pool","modern_era_mvp_percentile_profile_v3","2026-07-28 17:11:36 UTC","FanGraphs season leaderboard via BaseballR; award score is a transparent performance index, not a ballot forecast."
"MVP","NL",54,"661388","William Contreras","MIL","hitter",28,58.8,1.5313,99.4152,"wRC+",424,"PA"," 1.5 combined WAR | 10 HR | 57 RBI | 99 wRC+","qualified performance pool","modern_era_mvp_percentile_profile_v3","2026-07-28 17:11:36 UTC","FanGraphs season leaderboard via BaseballR; award score is a transparent performance index, not a ballot forecast."
"MVP","NL",55,"608324","Alex Bregman","CHC","hitter",32,58.4,1.9155,98.8602,"wRC+",473,"PA"," 1.9 combined WAR | 11 HR | 46 RBI | 99 wRC+","qualified performance pool","modern_era_mvp_percentile_profile_v3","2026-07-28 17:11:36 UTC","FanGraphs season leaderboard via BaseballR; award score is a transparent performance index, not a ballot forecast."
"MVP","NL",56,"643289","Mauricio Dubón","ATL","hitter",31,57.8,1.7261,95.5029,"wRC+",419,"PA"," 1.7 combined WAR | 10 HR | 55 RBI | 96 wRC+","qualified performance pool","modern_era_mvp_percentile_profile_v3","2026-07-28 17:11:36 UTC","FanGraphs season leaderboard via BaseballR; award score is a transparent performance index, not a ballot forecast."
"MVP","NL",57,"592518","Manny Machado","SDP","hitter",33,57.4,1.6476,100.9577,"wRC+",437,"PA"," 1.6 combined WAR | 23 HR | 63 RBI | 101 wRC+","qualified performance pool","modern_era_mvp_percentile_profile_v3","2026-07-28 17:11:36 UTC","FanGraphs season leaderboard via BaseballR; award score is a transparent performance index, not a ballot forecast."
"MVP","NL",58,"666160","Mickey Moniak","COL","hitter",28,56.3,1.1396,120.586,"wRC+",255,"PA"," 1.1 combined WAR | 16 HR | 43 RBI | 121 wRC+","qualified performance pool","modern_era_mvp_percentile_profile_v3","2026-07-28 17:11:36 UTC","FanGraphs season leaderboard via BaseballR; award score is a transparent performance index, not a ballot forecast."
"MVP","NL",59,"668709","JJ Bleday","CIN","hitter",28,56.3,1.3216,117.3844,"wRC+",322,"PA"," 1.3 combined WAR | 17 HR | 44 RBI | 117 wRC+","qualified performance pool","modern_era_mvp_percentile_profile_v3","2026-07-28 17:11:36 UTC","FanGraphs season leaderboard via BaseballR; award score is a transparent performance index, not a ballot forecast."
"MVP","NL",60,"687462","Spencer Horwitz","PIT","hitter",28,56.1,1.3181,132.2935,"wRC+",295,"PA"," 1.3 combined WAR | 10 HR | 33 RBI | 132 wRC+","qualified performance pool","modern_era_mvp_percentile_profile_v3","2026-07-28 17:11:36 UTC","FanGraphs season leaderboard via BaseballR; award score is a transparent performance index, not a ballot forecast."
"MVP","NL",61,"671056","Iván Herrera","STL","hitter",26,56.1,1.147,112.9527,"wRC+",468,"PA"," 1.1 combined WAR | 12 HR | 44 RBI | 113 wRC+","qualified performance pool","modern_era_mvp_percentile_profile_v3","2026-07-28 17:11:36 UTC","FanGraphs season leaderboard via BaseballR; award score is a transparent performance index, not a ballot forecast."
"MVP","NL",62,"808982","Jung Hoo Lee","SFG","hitter",27,54.9,1.1036,113.4168,"wRC+",384,"PA"," 1.1 combined WAR | 6 HR | 37 RBI | 113 wRC+","qualified performance pool","modern_era_mvp_percentile_profile_v3","2026-07-28 17:11:36 UTC","FanGraphs season leaderboard via BaseballR; award score is a transparent performance index, not a ballot forecast."
"MVP","NL",63,"701538","Jackson Merrill","SDP","hitter",23,52.7,1.5524,86.6446,"wRC+",433,"PA"," 1.6 combined WAR | 15 HR | 46 RBI | 87 wRC+","qualified performance pool","modern_era_mvp_percentile_profile_v3","2026-07-28 17:11:36 UTC","FanGraphs season leaderboard via BaseballR; award score is a transparent performance index, not a ballot forecast."
"MVP","NL",64,"663538","Nico Hoerner","CHC","hitter",29,52.6,1.6597,87.2921,"wRC+",464,"PA"," 1.7 combined WAR | 5 HR | 48 RBI | 87 wRC+","qualified performance pool","modern_era_mvp_percentile_profile_v3","2026-07-28 17:11:36 UTC","FanGraphs season leaderboard via BaseballR; award score is a transparent performance index, not a ballot forecast."
"MVP","NL",65,"805999","A.J. Ewing","NYM","hitter",21,49.8,1.416,113.2949,"wRC+",271,"PA"," 1.4 combined WAR | 7 HR | 26 RBI | 113 wRC+","qualified performance pool","modern_era_mvp_percentile_profile_v3","2026-07-28 17:11:36 UTC","FanGraphs season leaderboard via BaseballR; award score is a transparent performance index, not a ballot forecast."
"MVP","NL",66,"682626","Francisco Alvarez","NYM","hitter",24,49.3,1.5063,120.659,"wRC+",260,"PA"," 1.5 combined WAR | 12 HR | 26 RBI | 121 wRC+","qualified performance pool","modern_era_mvp_percentile_profile_v3","2026-07-28 17:11:36 UTC","FanGraphs season leaderboard via BaseballR; award score is a transparent performance index, not a ballot forecast."
"MVP","NL",67,"681715","Heriberto Hernández","MIA","hitter",26,48.6,1.1103,114.5103,"wRC+",271,"PA"," 1.1 combined WAR | 15 HR | 41 RBI | 115 wRC+","qualified performance pool","modern_era_mvp_percentile_profile_v3","2026-07-28 17:11:36 UTC","FanGraphs season leaderboard via BaseballR; award score is a transparent performance index, not a ballot forecast."
"MVP","NL",68,"666182","Bo Bichette","NYM","hitter",28,48,1.1343,89.8989,"wRC+",459,"PA"," 1.1 combined WAR | 10 HR | 53 RBI | 90 wRC+","qualified performance pool","modern_era_mvp_percentile_profile_v3","2026-07-28 17:11:36 UTC","FanGraphs season leaderboard via BaseballR; award score is a transparent performance index, not a ballot forecast."
"MVP","NL",69,"695734","Daylen Lile","WSN","hitter",23,47.8,0.9035,89.9258,"wRC+",440,"PA"," 0.9 combined WAR | 11 HR | 51 RBI | 90 wRC+","qualified performance pool","modern_era_mvp_percentile_profile_v3","2026-07-28 17:11:36 UTC","FanGraphs season leaderboard via BaseballR; award score is a transparent performance index, not a ballot forecast."
"MVP","NL",70,"663656","Kyle Tucker","LAD","hitter",29,47,0.8556,99.4069,"wRC+",413,"PA"," 0.9 combined WAR | 9 HR | 51 RBI | 99 wRC+","qualified performance pool","modern_era_mvp_percentile_profile_v3","2026-07-28 17:11:36 UTC","FanGraphs season leaderboard via BaseballR; award score is a transparent performance index, not a ballot forecast."
"MVP","NL",71,"668715","Spencer Steer","CIN","hitter",28,46.1,0.784,99.0884,"wRC+",384,"PA"," 0.8 combined WAR | 16 HR | 40 RBI | 99 wRC+","qualified performance pool","modern_era_mvp_percentile_profile_v3","2026-07-28 17:11:36 UTC","FanGraphs season leaderboard via BaseballR; award score is a transparent performance index, not a ballot forecast."
"MVP","NL",72,"607208","Trea Turner","PHI","hitter",33,46.1,0.705,85.2277,"wRC+",460,"PA"," 0.7 combined WAR | 14 HR | 41 RBI | 85 wRC+","qualified performance pool","modern_era_mvp_percentile_profile_v3","2026-07-28 17:11:36 UTC","FanGraphs season leaderboard via BaseballR; award score is a transparent performance index, not a ballot forecast."
"MVP","NL",73,"804606","Konnor Griffin","PIT","hitter",20,45.7,1.1367,101.5618,"wRC+",247,"PA"," 1.1 combined WAR | 5 HR | 25 RBI | 102 wRC+","qualified performance pool","modern_era_mvp_percentile_profile_v3","2026-07-28 17:11:36 UTC","FanGraphs season leaderboard via BaseballR; award score is a transparent performance index, not a ballot forecast."
"MVP","NL",74,"691026","Masyn Winn","STL","hitter",24,44.2,1.5469,81.4974,"wRC+",401,"PA"," 1.5 combined WAR | 4 HR | 43 RBI | 81 wRC+","qualified performance pool","modern_era_mvp_percentile_profile_v3","2026-07-28 17:11:36 UTC","FanGraphs season leaderboard via BaseballR; award score is a transparent performance index, not a ballot forecast."
"MVP","NL",75,"696285","Jacob Young","WSN","hitter",26,44.1,1.5149,85.0394,"wRC+",317,"PA"," 1.5 combined WAR | 9 HR | 35 RBI | 85 wRC+","qualified performance pool","modern_era_mvp_percentile_profile_v3","2026-07-28 17:11:36 UTC","FanGraphs season leaderboard via BaseballR; award score is a transparent performance index, not a ballot forecast."
"MVP","NL",76,"663968","Jake Mangum","PIT","hitter",30,44,1.0798,98.0606,"wRC+",293,"PA"," 1.1 combined WAR | 2 HR | 21 RBI | 98 wRC+","qualified performance pool","modern_era_mvp_percentile_profile_v3","2026-07-28 17:11:36 UTC","FanGraphs season leaderboard via BaseballR; award score is a transparent performance index, not a ballot forecast."
"MVP","NL",77,"687221","Dalton Rushing","LAD","hitter",25,43.9,1.126,119.1806,"wRC+",231,"PA"," 1.1 combined WAR | 11 HR | 33 RBI | 119 wRC+","qualified performance pool","modern_era_mvp_percentile_profile_v3","2026-07-28 17:11:36 UTC","FanGraphs season leaderboard via BaseballR; award score is a transparent performance index, not a ballot forecast."
"MVP","NL",78,"669065","Kyle Stowers","MIA","hitter",28,43.8,0.999,104.6094,"wRC+",349,"PA"," 1.0 combined WAR | 13 HR | 45 RBI | 105 wRC+","qualified performance pool","modern_era_mvp_percentile_profile_v3","2026-07-28 17:11:36 UTC","FanGraphs season leaderboard via BaseballR; award score is a transparent performance index, not a ballot forecast."
"MVP","NL",79,"545121","Ildemaro Vargas","ARI","hitter",34,43.7,0.7102,95.7525,"wRC+",333,"PA"," 0.7 combined WAR | 7 HR | 49 RBI | 96 wRC+","qualified performance pool","modern_era_mvp_percentile_profile_v3","2026-07-28 17:11:36 UTC","FanGraphs season leaderboard via BaseballR; award score is a transparent performance index, not a ballot forecast."
"MVP","NL",80,"650489","Willi Castro","COL","hitter",29,42.9,0.3371,87.4407,"wRC+",356,"PA"," 0.3 combined WAR | 10 HR | 44 RBI | 87 wRC+","qualified performance pool","modern_era_mvp_percentile_profile_v3","2026-07-28 17:11:36 UTC","FanGraphs season leaderboard via BaseballR; award score is a transparent performance index, not a ballot forecast."
"MVP","NL",81,"593428","Xander Bogaerts","SDP","hitter",33,42.8,1.4887,83.558,"wRC+",401,"PA"," 1.5 combined WAR | 9 HR | 38 RBI | 84 wRC+","qualified performance pool","modern_era_mvp_percentile_profile_v3","2026-07-28 17:11:36 UTC","FanGraphs season leaderboard via BaseballR; award score is a transparent performance index, not a ballot forecast."
"MVP","NL",82,"660688","Keibert Ruiz","WSN","hitter",27,42.7,1.1952,100.8567,"wRC+",234,"PA"," 1.2 combined WAR | 7 HR | 35 RBI | 101 wRC+","qualified performance pool","modern_era_mvp_percentile_profile_v3","2026-07-28 17:11:36 UTC","FanGraphs season leaderboard via BaseballR; award score is a transparent performance index, not a ballot forecast."
"MVP","NL",83,"660670","Ronald Acuña Jr.","ATL","hitter",28,42.6,0.8188,118.9998,"wRC+",240,"PA"," 0.8 combined WAR | 7 HR | 22 RBI | 119 wRC+","qualified performance pool","modern_era_mvp_percentile_profile_v3","2026-07-28 17:11:36 UTC","FanGraphs season leaderboard via BaseballR; award score is a transparent performance index, not a ballot forecast."
"MVP","NL",84,"805811","Bryce Eldridge","SFG","hitter",21,41.9,0.7163,126.0021,"wRC+",260,"PA"," 0.7 combined WAR | 10 HR | 23 RBI | 126 wRC+","qualified performance pool","modern_era_mvp_percentile_profile_v3","2026-07-28 17:11:36 UTC","FanGraphs season leaderboard via BaseballR; award score is a transparent performance index, not a ballot forecast."
"MVP","NL",85,"687859","Troy Johnston","COL","hitter",29,41.6,0.2663,97.5047,"wRC+",339,"PA"," 0.3 combined WAR | 3 HR | 41 RBI | 98 wRC+","qualified performance pool","modern_era_mvp_percentile_profile_v3","2026-07-28 17:11:36 UTC","FanGraphs season leaderboard via BaseballR; award score is a transparent performance index, not a ballot forecast."
"MVP","NL",86,"683083","Nasim Nuñez","WSN","hitter",25,40,1.1888,79.9744,"wRC+",345,"PA"," 1.2 combined WAR | 1 HR | 30 RBI | 80 wRC+","qualified performance pool","modern_era_mvp_percentile_profile_v3","2026-07-28 17:11:36 UTC","FanGraphs season leaderboard via BaseballR; award score is a transparent performance index, not a ballot forecast."
"MVP","NL",87,"605141","Mookie Betts","LAD","hitter",33,39.9,1.3059,90.0097,"wRC+",296,"PA"," 1.3 combined WAR | 13 HR | 34 RBI | 90 wRC+","qualified performance pool","modern_era_mvp_percentile_profile_v3","2026-07-28 17:11:36 UTC","FanGraphs season leaderboard via BaseballR; award score is a transparent performance index, not a ballot forecast."
"MVP","NL",88,"608348","Carson Kelly","CHC","hitter",31,39.9,1.0101,106.546,"wRC+",280,"PA"," 1.0 combined WAR | 6 HR | 36 RBI | 107 wRC+","qualified performance pool","modern_era_mvp_percentile_profile_v3","2026-07-28 17:11:36 UTC","FanGraphs season leaderboard via BaseballR; award score is a transparent performance index, not a ballot forecast."
"MVP","NL",89,"656305","Matt Chapman","SFG","hitter",33,39.4,1.2948,95.1707,"wRC+",352,"PA"," 1.3 combined WAR | 7 HR | 42 RBI | 95 wRC+","qualified performance pool","modern_era_mvp_percentile_profile_v3","2026-07-28 17:11:36 UTC","FanGraphs season leaderboard via BaseballR; award score is a transparent performance index, not a ballot forecast."
"MVP","NL",90,"596019","Francisco Lindor","NYM","hitter",32,39,1.3384,107.7501,"wRC+",217,"PA"," 1.3 combined WAR | 8 HR | 23 RBI | 108 wRC+","qualified performance pool","modern_era_mvp_percentile_profile_v3","2026-07-28 17:11:36 UTC","FanGraphs season leaderboard via BaseballR; award score is a transparent performance index, not a ballot forecast."
"MVP","NL",91,"642715","Willy Adames","SFG","hitter",30,38.6,0.261,94.0657,"wRC+",423,"PA"," 0.3 combined WAR | 18 HR | 45 RBI | 94 wRC+","qualified performance pool","modern_era_mvp_percentile_profile_v3","2026-07-28 17:11:36 UTC","FanGraphs season leaderboard via BaseballR; award score is a transparent performance index, not a ballot forecast."
"MVP","NL",92,"663993","Nathaniel Lowe","CIN","hitter",30,38,0.337,115.749,"wRC+",249,"PA"," 0.3 combined WAR | 12 HR | 33 RBI | 116 wRC+","qualified performance pool","modern_era_mvp_percentile_profile_v3","2026-07-28 17:11:36 UTC","FanGraphs season leaderboard via BaseballR; award score is a transparent performance index, not a ballot forecast."
"MVP","NL",93,"691788","Joe Mack","MIA","hitter",23,37.3,1.4663,94.057,"wRC+",202,"PA"," 1.5 combined WAR | 10 HR | 30 RBI | 94 wRC+","qualified performance pool","modern_era_mvp_percentile_profile_v3","2026-07-28 17:11:36 UTC","FanGraphs season leaderboard via BaseballR; award score is a transparent performance index, not a ballot forecast."
"MVP","NL",94,"606192","Teoscar Hernández","LAD","hitter",33,36.6,0.639,97.058,"wRC+",282,"PA"," 0.6 combined WAR | 8 HR | 37 RBI | 97 wRC+","qualified performance pool","modern_era_mvp_percentile_profile_v3","2026-07-28 17:11:36 UTC","FanGraphs season leaderboard via BaseballR; award score is a transparent performance index, not a ballot forecast."
"MVP","NL",95,"671218","Heliot Ramos","SFG","hitter",26,35.5,0.5496,97.8968,"wRC+",279,"PA"," 0.5 combined WAR | 9 HR | 31 RBI | 98 wRC+","qualified performance pool","modern_era_mvp_percentile_profile_v3","2026-07-28 17:11:36 UTC","FanGraphs season leaderboard via BaseballR; award score is a transparent performance index, not a ballot forecast."
"MVP","NL",96,"663586","Austin Riley","ATL","hitter",29,34.8,0.4947,78.7247,"wRC+",430,"PA"," 0.5 combined WAR | 12 HR | 50 RBI | 79 wRC+","qualified performance pool","modern_era_mvp_percentile_profile_v3","2026-07-28 17:11:36 UTC","FanGraphs season leaderboard via BaseballR; award score is a transparent performance index, not a ballot forecast."
"MVP","NL",97,"687401","Joey Ortiz","MIL","hitter",27,34.1,1.2963,83.7792,"wRC+",273,"PA"," 1.3 combined WAR | 5 HR | 28 RBI | 84 wRC+","qualified performance pool","modern_era_mvp_percentile_profile_v3","2026-07-28 17:11:36 UTC","FanGraphs season leaderboard via BaseballR; award score is a transparent performance index, not a ballot forecast."
"MVP","NL",98,"691594","Javier Sanoja","MIA","hitter",23,34.1,0.8122,88.2443,"wRC+",281,"PA"," 0.8 combined WAR | 3 HR | 35 RBI | 88 wRC+","qualified performance pool","modern_era_mvp_percentile_profile_v3","2026-07-28 17:11:36 UTC","FanGraphs season leaderboard via BaseballR; award score is a transparent performance index, not a ballot forecast."
"MVP","NL",99,"657757","Gavin Sheets","SDP","hitter",30,33.7,0.2613,100.3719,"wRC+",354,"PA"," 0.3 combined WAR | 14 HR | 42 RBI | 100 wRC+","qualified performance pool","modern_era_mvp_percentile_profile_v3","2026-07-28 17:11:36 UTC","FanGraphs season leaderboard via BaseballR; award score is a transparent performance index, not a ballot forecast."
"MVP","NL",100,"592885","Christian Yelich","MIL","hitter",34,33.2,0.2057,96.3413,"wRC+",314,"PA"," 0.2 combined WAR | 7 HR | 37 RBI | 96 wRC+","qualified performance pool","modern_era_mvp_percentile_profile_v3","2026-07-28 17:11:36 UTC","FanGraphs season leaderboard via BaseballR; award score is a transparent performance index, not a ballot forecast."
"MVP","NL",101,"669257","Will Smith","LAD","hitter",31,31.3,0.9992,101.7529,"wRC+",201,"PA"," 1.0 combined WAR | 6 HR | 23 RBI | 102 wRC+","qualified performance pool","modern_era_mvp_percentile_profile_v3","2026-07-28 17:11:36 UTC","FanGraphs season leaderboard via BaseballR; award score is a transparent performance index, not a ballot forecast."
"MVP","NL",102,"592663","J.T. Realmuto","PHI","hitter",35,30.8,1.0481,83.2818,"wRC+",292,"PA"," 1.0 combined WAR | 7 HR | 36 RBI | 83 wRC+","qualified performance pool","modern_era_mvp_percentile_profile_v3","2026-07-28 17:11:36 UTC","FanGraphs season leaderboard via BaseballR; award score is a transparent performance index, not a ballot forecast."
"MVP","NL",103,"683357","Owen Caissie","MIA","hitter",23,30.6,-0.2589,100.7296,"wRC+",246,"PA","-0.3 combined WAR | 12 HR | 50 RBI | 101 wRC+","qualified performance pool","modern_era_mvp_percentile_profile_v3","2026-07-28 17:11:36 UTC","FanGraphs season leaderboard via BaseballR; award score is a transparent performance index, not a ballot forecast."
"MVP","NL",104,"686611","Dylan Crews","WSN","hitter",24,29.3,0.7198,92.9005,"wRC+",230,"PA"," 0.7 combined WAR | 8 HR | 23 RBI | 93 wRC+","qualified performance pool","modern_era_mvp_percentile_profile_v3","2026-07-28 17:11:36 UTC","FanGraphs season leaderboard via BaseballR; award score is a transparent performance index, not a ballot forecast."
"MVP","NL",105,"663886","Tyler Stephenson","CIN","hitter",29,28.9,0.4041,92.53,"wRC+",281,"PA"," 0.4 combined WAR | 8 HR | 28 RBI | 93 wRC+","qualified performance pool","modern_era_mvp_percentile_profile_v3","2026-07-28 17:11:36 UTC","FanGraphs season leaderboard via BaseballR; award score is a transparent performance index, not a ballot forecast."
"MVP","NL",106,"642086","Dominic Smith","ATL","hitter",31,28.8,-0.1533,94.8117,"wRC+",256,"PA","-0.2 combined WAR | 7 HR | 41 RBI | 95 wRC+","qualified performance pool","modern_era_mvp_percentile_profile_v3","2026-07-28 17:11:36 UTC","FanGraphs season leaderboard via BaseballR; award score is a transparent performance index, not a ballot forecast."
"MVP","NL",107,"664761","Alec Bohm","PHI","hitter",29,26.6,-0.2449,77.5282,"wRC+",416,"PA","-0.2 combined WAR | 13 HR | 58 RBI | 78 wRC+","qualified performance pool","modern_era_mvp_percentile_profile_v3","2026-07-28 17:11:36 UTC","FanGraphs season leaderboard via BaseballR; award score is a transparent performance index, not a ballot forecast."
"MVP","NL",108,"805300","Jakob Marsee","MIA","hitter",25,26.1,0.2285,76.5337,"wRC+",414,"PA"," 0.2 combined WAR | 5 HR | 26 RBI | 77 wRC+","qualified performance pool","modern_era_mvp_percentile_profile_v3","2026-07-28 17:11:36 UTC","FanGraphs season leaderboard via BaseballR; award score is a transparent performance index, not a ballot forecast."
"MVP","NL",109,"609280","Miguel Andujar","SDP","hitter",31,24.5,-0.0235,99.637,"wRC+",254,"PA"," 0.0 combined WAR | 5 HR | 22 RBI | 100 wRC+","qualified performance pool","modern_era_mvp_percentile_profile_v3","2026-07-28 17:11:36 UTC","FanGraphs season leaderboard via BaseballR; award score is a transparent performance index, not a ballot forecast."
"MVP","NL",110,"665877","José Fermín","STL","hitter",27,24.4,0.331,95.9409,"wRC+",205,"PA"," 0.3 combined WAR | 5 HR | 22 RBI | 96 wRC+","qualified performance pool","modern_era_mvp_percentile_profile_v3","2026-07-28 17:11:36 UTC","FanGraphs season leaderboard via BaseballR; award score is a transparent performance index, not a ballot forecast."
"MVP","NL",111,"702222","Justin Crawford","PHI","hitter",22,22.8,0.0272,76.3493,"wRC+",309,"PA"," 0.0 combined WAR | 2 HR | 23 RBI | 76 wRC+","qualified performance pool","modern_era_mvp_percentile_profile_v3","2026-07-28 17:11:36 UTC","FanGraphs season leaderboard via BaseballR; award score is a transparent performance index, not a ballot forecast."
"MVP","NL",112,"573262","Mike Yastrzemski","ATL","hitter",35,21.9,0.2232,87.4029,"wRC+",276,"PA"," 0.2 combined WAR | 6 HR | 28 RBI | 87 wRC+","qualified performance pool","modern_era_mvp_percentile_profile_v3","2026-07-28 17:11:36 UTC","FanGraphs season leaderboard via BaseballR; award score is a transparent performance index, not a ballot forecast."
"MVP","NL",113,"687551","Drew Gilbert","SFG","hitter",25,21.6,0.4044,88.2372,"wRC+",248,"PA"," 0.4 combined WAR | 4 HR | 21 RBI | 88 wRC+","qualified performance pool","modern_era_mvp_percentile_profile_v3","2026-07-28 17:11:36 UTC","FanGraphs season leaderboard via BaseballR; award score is a transparent performance index, not a ballot forecast."
"MVP","NL",114,"543760","Marcus Semien","NYM","hitter",35,21.3,-0.2456,75.1718,"wRC+",348,"PA","-0.2 combined WAR | 12 HR | 35 RBI | 75 wRC+","qualified performance pool","modern_era_mvp_percentile_profile_v3","2026-07-28 17:11:36 UTC","FanGraphs season leaderboard via BaseballR; award score is a transparent performance index, not a ballot forecast."
"MVP","NL",115,"683146","Brett Baty","NYM","hitter",26,21,0.0095,76.9323,"wRC+",350,"PA"," 0.0 combined WAR | 6 HR | 33 RBI | 77 wRC+","qualified performance pool","modern_era_mvp_percentile_profile_v3","2026-07-28 17:11:36 UTC","FanGraphs season leaderboard via BaseballR; award score is a transparent performance index, not a ballot forecast."
"MVP","NL",116,"666152","David Hamilton","MIL","hitter",28,20.8,0.2091,80.6609,"wRC+",245,"PA"," 0.2 combined WAR | 3 HR | 15 RBI | 81 wRC+","qualified performance pool","modern_era_mvp_percentile_profile_v3","2026-07-28 17:11:36 UTC","FanGraphs season leaderboard via BaseballR; award score is a transparent performance index, not a ballot forecast."
"MVP","NL",117,"678391","Jorbit Vivas","WSN","hitter",25,20.1,0.3951,85.1536,"wRC+",224,"PA"," 0.4 combined WAR | 3 HR | 18 RBI | 85 wRC+","qualified performance pool","modern_era_mvp_percentile_profile_v3","2026-07-28 17:11:36 UTC","FanGraphs season leaderboard via BaseballR; award score is a transparent performance index, not a ballot forecast."
"MVP","NL",118,"553993","Eugenio Suárez","CIN","hitter",34,19.3,-0.7253,80.6674,"wRC+",300,"PA","-0.7 combined WAR | 14 HR | 39 RBI | 81 wRC+","qualified performance pool","modern_era_mvp_percentile_profile_v3","2026-07-28 17:11:36 UTC","FanGraphs season leaderboard via BaseballR; award score is a transparent performance index, not a ballot forecast."
"MVP","NL",119,"677588","José Tena","WSN","hitter",25,19.2,-0.0812,94.5632,"wRC+",202,"PA","-0.1 combined WAR | 5 HR | 20 RBI | 95 wRC+","qualified performance pool","modern_era_mvp_percentile_profile_v3","2026-07-28 17:11:36 UTC","FanGraphs season leaderboard via BaseballR; award score is a transparent performance index, not a ballot forecast."
"MVP","NL",120,"686217","Sal Frelick","MIL","hitter",26,19.2,-0.226,75.5111,"wRC+",313,"PA","-0.2 combined WAR | 4 HR | 34 RBI | 76 wRC+","qualified performance pool","modern_era_mvp_percentile_profile_v3","2026-07-28 17:11:36 UTC","FanGraphs season leaderboard via BaseballR; award score is a transparent performance index, not a ballot forecast."
"MVP","NL",121,"680574","Matt McLain","CIN","hitter",26,18.8,0.0738,70.6943,"wRC+",309,"PA"," 0.1 combined WAR | 8 HR | 25 RBI | 71 wRC+","qualified performance pool","modern_era_mvp_percentile_profile_v3","2026-07-28 17:11:36 UTC","FanGraphs season leaderboard via BaseballR; award score is a transparent performance index, not a ballot forecast."
"MVP","NL",122,"669707","Jared Triolo","PIT","hitter",28,18.7,0.2445,74.6389,"wRC+",240,"PA"," 0.2 combined WAR | 1 HR | 19 RBI | 75 wRC+","qualified performance pool","modern_era_mvp_percentile_profile_v3","2026-07-28 17:11:36 UTC","FanGraphs season leaderboard via BaseballR; award score is a transparent performance index, not a ballot forecast."
"MVP","NL",123,"701675","Nathan Church","STL","hitter",25,18.3,-0.0669,72.5317,"wRC+",281,"PA","-0.1 combined WAR | 8 HR | 30 RBI | 73 wRC+","qualified performance pool","modern_era_mvp_percentile_profile_v3","2026-07-28 17:11:36 UTC","FanGraphs season leaderboard via BaseballR; award score is a transparent performance index, not a ballot forecast."
"MVP","NL",124,"671289","Tyler Freeman","COL","hitter",27,18.2,-0.9245,72.4101,"wRC+",269,"PA","-0.9 combined WAR | 3 HR | 23 RBI | 72 wRC+","qualified performance pool","modern_era_mvp_percentile_profile_v3","2026-07-28 17:11:36 UTC","FanGraphs season leaderboard via BaseballR; award score is a transparent performance index, not a ballot forecast."
"MVP","NL",125,"690976","Alex Freeland","LAD","hitter",24,17.2,0.3594,76.066,"wRC+",223,"PA"," 0.4 combined WAR | 3 HR | 19 RBI | 76 wRC+","qualified performance pool","modern_era_mvp_percentile_profile_v3","2026-07-28 17:11:36 UTC","FanGraphs season leaderboard via BaseballR; award score is a transparent performance index, not a ballot forecast."
"MVP","NL",126,"657656","Ramón Laureano","SDP","hitter",31,17.1,0.1835,85.1273,"wRC+",206,"PA"," 0.2 combined WAR | 7 HR | 21 RBI | 85 wRC+","qualified performance pool","modern_era_mvp_percentile_profile_v3","2026-07-28 17:11:36 UTC","FanGraphs season leaderboard via BaseballR; award score is a transparent performance index, not a ballot forecast."
"MVP","NL",127,"680779","Henry Davis","PIT","hitter",26,15.1,0.2187,66.8292,"wRC+",211,"PA"," 0.2 combined WAR | 8 HR | 28 RBI | 67 wRC+","qualified performance pool","modern_era_mvp_percentile_profile_v3","2026-07-28 17:11:36 UTC","FanGraphs season leaderboard via BaseballR; award score is a transparent performance index, not a ballot forecast."
"MVP","NL",128,"681393","Connor Norby","MIA","hitter",26,14.5,0.1581,80.751,"wRC+",233,"PA"," 0.2 combined WAR | 4 HR | 16 RBI | 81 wRC+","qualified performance pool","modern_era_mvp_percentile_profile_v3","2026-07-28 17:11:36 UTC","FanGraphs season leaderboard via BaseballR; award score is a transparent performance index, not a ballot forecast."
"MVP","NL",129,"678662","Ezequiel Tovar","COL","hitter",24,13.6,-1.0402,38.788,"wRC+",363,"PA","-1.0 combined WAR | 8 HR | 32 RBI | 39 wRC+","qualified performance pool","modern_era_mvp_percentile_profile_v3","2026-07-28 17:11:36 UTC","FanGraphs season leaderboard via BaseballR; award score is a transparent performance index, not a ballot forecast."
"MVP","NL",130,"668901","Mark Vientos","NYM","hitter",26,13.4,-1.1063,76.8923,"wRC+",254,"PA","-1.1 combined WAR | 11 HR | 35 RBI | 77 wRC+","qualified performance pool","modern_era_mvp_percentile_profile_v3","2026-07-28 17:11:36 UTC","FanGraphs season leaderboard via BaseballR; award score is a transparent performance index, not a ballot forecast."
"MVP","NL",131,"630105","Jake Cronenworth","SDP","hitter",32,12.6,-0.0604,81.2082,"wRC+",202,"PA","-0.1 combined WAR | 3 HR | 13 RBI | 81 wRC+","qualified performance pool","modern_era_mvp_percentile_profile_v3","2026-07-28 17:11:36 UTC","FanGraphs season leaderboard via BaseballR; award score is a transparent performance index, not a ballot forecast."
"MVP","NL",132,"666397","Edouard Julien","COL","hitter",27,12.6,-0.7985,64.5568,"wRC+",262,"PA","-0.8 combined WAR | 3 HR | 20 RBI | 65 wRC+","qualified performance pool","modern_era_mvp_percentile_profile_v3","2026-07-28 17:11:36 UTC","FanGraphs season leaderboard via BaseballR; award score is a transparent performance index, not a ballot forecast."
"MVP","NL",133,"666969","Adolis García","PHI","hitter",33,11.3,0.0094,64.0553,"wRC+",259,"PA"," 0.0 combined WAR | 7 HR | 21 RBI | 64 wRC+","qualified performance pool","modern_era_mvp_percentile_profile_v3","2026-07-28 17:11:36 UTC","FanGraphs season leaderboard via BaseballR; award score is a transparent performance index, not a ballot forecast."
"MVP","NL",134,"542303","Marcell Ozuna","PIT","hitter",35,8.4,-0.9338,68.7774,"wRC+",269,"PA","-0.9 combined WAR | 8 HR | 28 RBI | 69 wRC+","qualified performance pool","modern_era_mvp_percentile_profile_v3","2026-07-28 17:11:36 UTC","FanGraphs season leaderboard via BaseballR; award score is a transparent performance index, not a ballot forecast."
"MVP","NL",135,"669357","Nolan Gorman","STL","hitter",26,7.1,-0.2809,66.3691,"wRC+",229,"PA","-0.3 combined WAR | 7 HR | 26 RBI | 66 wRC+","qualified performance pool","modern_era_mvp_percentile_profile_v3","2026-07-28 17:11:36 UTC","FanGraphs season leaderboard via BaseballR; award score is a transparent performance index, not a ballot forecast."
"MVP","NL",136,"670770","TJ Friedl","CIN","hitter",30,4.8,-0.6258,41.5859,"wRC+",229,"PA","-0.6 combined WAR | 3 HR | 11 RBI | 42 wRC+","qualified performance pool","modern_era_mvp_percentile_profile_v3","2026-07-28 17:11:36 UTC","FanGraphs season leaderboard via BaseballR; award score is a transparent performance index, not a ballot forecast."
"Cy Young","NL",1,"694819","Jacob Misiorowski","MIL","pitcher",24,98.5,4.8486,1.575,"ERA",120,"IP"," 4.8 WAR | 1.57 ERA | 120.0 IP","qualified performance pool","fangraphs_cy_young_performance_score_v1","2026-07-28 17:11:36 UTC","FanGraphs season leaderboard via BaseballR; award score is a transparent performance index, not a ballot forecast."
"Cy Young","NL",2,"519242","Chris Sale","ATL","pitcher",37,93,3.5048,2.1892,"ERA",111,"IP"," 3.5 WAR | 2.19 ERA | 111.0 IP","qualified performance pool","fangraphs_cy_young_performance_score_v1","2026-07-28 17:11:36 UTC","FanGraphs season leaderboard via BaseballR; award score is a transparent performance index, not a ballot forecast."
"Cy Young","NL",3,"650911","Cristopher Sánchez","PHI","pitcher",29,91.7,4.4136,2.726,"ERA",138.2,"IP"," 4.4 WAR | 2.73 ERA | 138.2 IP","qualified performance pool","fangraphs_cy_young_performance_score_v1","2026-07-28 17:11:36 UTC","FanGraphs season leaderboard via BaseballR; award score is a transparent performance index, not a ballot forecast."
"Cy Young","NL",4,"808967","Yoshinobu Yamamoto","LAD","pitcher",27,89.9,3.1748,2.7215,"ERA",125.2,"IP"," 3.2 WAR | 2.72 ERA | 125.2 IP","qualified performance pool","fangraphs_cy_young_performance_score_v1","2026-07-28 17:11:36 UTC","FanGraphs season leaderboard via BaseballR; award score is a transparent performance index, not a ballot forecast."
"Cy Young","NL",5,"554430","Zack Wheeler","PHI","pitcher",36,89.2,2.8715,2.534,"ERA",103,"IP"," 2.9 WAR | 2.53 ERA | 103.0 IP","qualified performance pool","fangraphs_cy_young_performance_score_v1","2026-07-28 17:11:36 UTC","FanGraphs season leaderboard via BaseballR; award score is a transparent performance index, not a ballot forecast."
"Cy Young","NL",6,"666200","Jesús Luzardo","PHI","pitcher",28,87.8,3.5307,3.3106,"ERA",122.1,"IP"," 3.5 WAR | 3.31 ERA | 122.1 IP","qualified performance pool","fangraphs_cy_young_performance_score_v1","2026-07-28 17:11:36 UTC","FanGraphs season leaderboard via BaseballR; award score is a transparent performance index, not a ballot forecast."
"Cy Young","NL",7,"694973","Paul Skenes","PIT","pitcher",24,87.5,3.8247,3.6547,"ERA",120.2,"IP"," 3.8 WAR | 3.65 ERA | 120.2 IP","qualified performance pool","fangraphs_cy_young_performance_score_v1","2026-07-28 17:11:36 UTC","FanGraphs season leaderboard via BaseballR; award score is a transparent performance index, not a ballot forecast."
"Cy Young","NL",8,"660271","Shohei Ohtani","LAD","pitcher",31,86.6,2.968,1.786,"ERA",85.2,"IP"," 3.0 WAR | 1.79 ERA |  85.2 IP","qualified performance pool","fangraphs_cy_young_performance_score_v1","2026-07-28 17:11:36 UTC","FanGraphs season leaderboard via BaseballR; award score is a transparent performance index, not a ballot forecast."
"Cy Young","NL",9,"695505","Chase Burns","CIN","pitcher",23,85.9,3.0329,2.4241,"ERA",107.2,"IP"," 3.0 WAR | 2.42 ERA | 107.2 IP","qualified performance pool","fangraphs_cy_young_performance_score_v1","2026-07-28 17:11:36 UTC","FanGraphs season leaderboard via BaseballR; award score is a transparent performance index, not a ballot forecast."
"Cy Young","NL",10,"690997","Nolan McLean","NYM","pitcher",24,82.3,2.6188,3.3184,"ERA",119.1,"IP"," 2.6 WAR | 3.32 ERA | 119.1 IP","qualified performance pool","fangraphs_cy_young_performance_score_v1","2026-07-28 17:11:36 UTC","FanGraphs season leaderboard via BaseballR; award score is a transparent performance index, not a ballot forecast."
"Cy Young","NL",11,"680736","Justin Wrobleski","LAD","pitcher",25,82.1,2.74,2.6156,"ERA",106.2,"IP"," 2.7 WAR | 2.62 ERA | 106.2 IP","qualified performance pool","fangraphs_cy_young_performance_score_v1","2026-07-28 17:11:36 UTC","FanGraphs season leaderboard via BaseballR; award score is a transparent performance index, not a ballot forecast."
"Cy Young","NL",12,"656492","Foster Griffin","WSN","pitcher",30,80.8,1.9726,2.7581,"ERA",124,"IP"," 2.0 WAR | 2.76 ERA | 124.0 IP","qualified performance pool","fangraphs_cy_young_performance_score_v1","2026-07-28 17:11:36 UTC","FanGraphs season leaderboard via BaseballR; award score is a transparent performance index, not a ballot forecast."
"Cy Young","NL",13,"676974","Max Meyer","MIA","pitcher",27,80.5,2.4066,2.6757,"ERA",111,"IP"," 2.4 WAR | 2.68 ERA | 111.0 IP","qualified performance pool","fangraphs_cy_young_performance_score_v1","2026-07-28 17:11:36 UTC","FanGraphs season leaderboard via BaseballR; award score is a transparent performance index, not a ballot forecast."
"Cy Young","NL",14,"690986","Kyle Harrison","MIL","pitcher",24,79.4,2.1986,3.012,"ERA",83.2,"IP"," 2.2 WAR | 3.01 ERA |  83.2 IP","qualified performance pool","fangraphs_cy_young_performance_score_v1","2026-07-28 17:11:36 UTC","FanGraphs season leaderboard via BaseballR; award score is a transparent performance index, not a ballot forecast."
"Cy Young","NL",15,"676962","Ben Brown","CHC","pitcher",26,79.4,2.0375,1.8529,"ERA",68,"IP"," 2.0 WAR | 1.85 ERA |  68.0 IP","qualified performance pool","fangraphs_cy_young_performance_score_v1","2026-07-28 17:11:36 UTC","FanGraphs season leaderboard via BaseballR; award score is a transparent performance index, not a ballot forecast."
"Cy Young","NL",16,"677952","Braxton Ashcraft","PIT","pitcher",26,77.4,2.7587,4.0463,"ERA",122.1,"IP"," 2.8 WAR | 4.05 ERA | 122.1 IP","qualified performance pool","fangraphs_cy_young_performance_score_v1","2026-07-28 17:11:36 UTC","FanGraphs season leaderboard via BaseballR; award score is a transparent performance index, not a ballot forecast."
"Cy Young","NL",17,"647336","Michael Soroka","ARI","pitcher",28,76.3,2.1558,3.0732,"ERA",82,"IP"," 2.2 WAR | 3.07 ERA |  82.0 IP","qualified performance pool","fangraphs_cy_young_performance_score_v1","2026-07-28 17:11:36 UTC","FanGraphs season leaderboard via BaseballR; award score is a transparent performance index, not a ballot forecast."
"Cy Young","NL",18,"676917","Cade Cavalli","WSN","pitcher",27,76,2.6877,3.5783,"ERA",110.2,"IP"," 2.7 WAR | 3.58 ERA | 110.2 IP","qualified performance pool","fangraphs_cy_young_performance_score_v1","2026-07-28 17:11:36 UTC","FanGraphs season leaderboard via BaseballR; award score is a transparent performance index, not a ballot forecast."
"Cy Young","NL",19,"670970","Adrian Morejon","SDP","pitcher",27,72.4,1.7949,3.1953,"ERA",56.1,"IP"," 1.8 WAR | 3.20 ERA |  56.1 IP","qualified performance pool","fangraphs_cy_young_performance_score_v1","2026-07-28 17:11:36 UTC","FanGraphs season leaderboard via BaseballR; award score is a transparent performance index, not a ballot forecast."
"Cy Young","NL",20,"694738","Landen Roupp","SFG","pitcher",27,69.8,2.2915,3.9273,"ERA",110,"IP"," 2.3 WAR | 3.93 ERA | 110.0 IP","qualified performance pool","fangraphs_cy_young_performance_score_v1","2026-07-28 17:11:36 UTC","FanGraphs season leaderboard via BaseballR; award score is a transparent performance index, not a ballot forecast."
"Cy Young","NL",21,"675660","Shane Drohan","MIL","pitcher",27,69.7,1.9089,3.5122,"ERA",82,"IP"," 1.9 WAR | 3.51 ERA |  82.0 IP","qualified performance pool","fangraphs_cy_young_performance_score_v1","2026-07-28 17:11:36 UTC","FanGraphs season leaderboard via BaseballR; award score is a transparent performance index, not a ballot forecast."
"Cy Young","NL",22,"684007","Shota Imanaga","CHC","pitcher",32,69.5,1.4035,3.719,"ERA",121,"IP"," 1.4 WAR | 3.72 ERA | 121.0 IP","qualified performance pool","fangraphs_cy_young_performance_score_v1","2026-07-28 17:11:36 UTC","FanGraphs season leaderboard via BaseballR; award score is a transparent performance index, not a ballot forecast."
"Cy Young","NL",23,"657277","Logan Webb","SFG","pitcher",29,68.8,2.0938,3.9823,"ERA",113,"IP"," 2.1 WAR | 3.98 ERA | 113.0 IP","qualified performance pool","fangraphs_cy_young_performance_score_v1","2026-07-28 17:11:36 UTC","FanGraphs season leaderboard via BaseballR; award score is a transparent performance index, not a ballot forecast."
"Cy Young","NL",24,"650633","Michael King","SDP","pitcher",31,68.7,1.889,3.243,"ERA",119.1,"IP"," 1.9 WAR | 3.24 ERA | 119.1 IP","qualified performance pool","fangraphs_cy_young_performance_score_v1","2026-07-28 17:11:36 UTC","FanGraphs season leaderboard via BaseballR; award score is a transparent performance index, not a ballot forecast."
"Cy Young","NL",25,"593958","Eduardo Rodriguez","ARI","pitcher",33,67.6,1.5312,2.6413,"ERA",122.2,"IP"," 1.5 WAR | 2.64 ERA | 122.2 IP","qualified performance pool","fangraphs_cy_young_performance_score_v1","2026-07-28 17:11:36 UTC","FanGraphs season leaderboard via BaseballR; award score is a transparent performance index, not a ballot forecast."
"Cy Young","NL",26,"691587","Eury Pérez","MIA","pitcher",23,67.1,1.5642,3.5574,"ERA",98.2,"IP"," 1.6 WAR | 3.56 ERA |  98.2 IP","qualified performance pool","fangraphs_cy_young_performance_score_v1","2026-07-28 17:11:36 UTC","FanGraphs season leaderboard via BaseballR; award score is a transparent performance index, not a ballot forecast."
"Cy Young","NL",27,"645261","Sandy Alcantara","MIA","pitcher",30,67,2.1957,4.0093,"ERA",143.2,"IP"," 2.2 WAR | 4.01 ERA | 143.2 IP","qualified performance pool","fangraphs_cy_young_performance_score_v1","2026-07-28 17:11:36 UTC","FanGraphs season leaderboard via BaseballR; award score is a transparent performance index, not a ballot forecast."
"Cy Young","NL",28,"669160","Dustin May","STL","pitcher",28,66.6,2.4805,4.5865,"ERA",104,"IP"," 2.5 WAR | 4.59 ERA | 104.0 IP","qualified performance pool","fangraphs_cy_young_performance_score_v1","2026-07-28 17:11:36 UTC","FanGraphs season leaderboard via BaseballR; award score is a transparent performance index, not a ballot forecast."
"Cy Young","NL",29,"700241","Michael McGreevy","STL","pitcher",25,65.6,1.2802,3.07,"ERA",114.1,"IP"," 1.3 WAR | 3.07 ERA | 114.1 IP","qualified performance pool","fangraphs_cy_young_performance_score_v1","2026-07-28 17:11:36 UTC","FanGraphs season leaderboard via BaseballR; award score is a transparent performance index, not a ballot forecast."
"Cy Young","NL",30,"605280","Clay Holmes","NYM","pitcher",33,63.6,1.2184,2.3924,"ERA",52.2,"IP"," 1.2 WAR | 2.39 ERA |  52.2 IP","qualified performance pool","fangraphs_cy_young_performance_score_v1","2026-07-28 17:11:36 UTC","FanGraphs season leaderboard via BaseballR; award score is a transparent performance index, not a ballot forecast."
"Cy Young","NL",31,"669467","Andre Pallante","STL","pitcher",27,63,1.8554,3.7656,"ERA",112.1,"IP"," 1.9 WAR | 3.77 ERA | 112.1 IP","qualified performance pool","fangraphs_cy_young_performance_score_v1","2026-07-28 17:11:36 UTC","FanGraphs season leaderboard via BaseballR; award score is a transparent performance index, not a ballot forecast."
"Cy Young","NL",32,"681035","Christian Scott","NYM","pitcher",27,62,1.229,3.1263,"ERA",63.1,"IP"," 1.2 WAR | 3.13 ERA |  63.1 IP","qualified performance pool","fangraphs_cy_young_performance_score_v1","2026-07-28 17:11:36 UTC","FanGraphs season leaderboard via BaseballR; award score is a transparent performance index, not a ballot forecast."
"Cy Young","NL",33,"676879","Aaron Ashby","MIL","pitcher",28,59.6,1.1206,3.3,"ERA",60,"IP"," 1.1 WAR | 3.30 ERA |  60.0 IP","qualified performance pool","fangraphs_cy_young_performance_score_v1","2026-07-28 17:11:36 UTC","FanGraphs season leaderboard via BaseballR; award score is a transparent performance index, not a ballot forecast."
"Cy Young","NL",34,"681517","Kyle Leahy","STL","pitcher",29,58.8,1.3307,3.5526,"ERA",101.1,"IP"," 1.3 WAR | 3.55 ERA | 101.1 IP","qualified performance pool","fangraphs_cy_young_performance_score_v1","2026-07-28 17:11:36 UTC","FanGraphs season leaderboard via BaseballR; award score is a transparent performance index, not a ballot forecast."
"Cy Young","NL",35,"623211","Huascar Brazobán","NYM","pitcher",36,57.1,0.8025,2.6645,"ERA",50.2,"IP"," 0.8 WAR | 2.66 ERA |  50.2 IP","qualified performance pool","fangraphs_cy_young_performance_score_v1","2026-07-28 17:11:36 UTC","FanGraphs season leaderboard via BaseballR; award score is a transparent performance index, not a ballot forecast."
"Cy Young","NL",36,"669387","Carmen Mlodzinski","PIT","pitcher",27,56.2,1.3934,3.3623,"ERA",88.1,"IP"," 1.4 WAR | 3.36 ERA |  88.1 IP","qualified performance pool","fangraphs_cy_young_performance_score_v1","2026-07-28 17:11:36 UTC","FanGraphs season leaderboard via BaseballR; award score is a transparent performance index, not a ballot forecast."
"Cy Young","NL",37,"694477","Chad Patrick","MIL","pitcher",27,55.3,1.0444,3.4468,"ERA",78.1,"IP"," 1.0 WAR | 3.45 ERA |  78.1 IP","qualified performance pool","fangraphs_cy_young_performance_score_v1","2026-07-28 17:11:36 UTC","FanGraphs season leaderboard via BaseballR; award score is a transparent performance index, not a ballot forecast."
"Cy Young","NL",38,"693821","Bryce Elder","ATL","pitcher",27,55.1,1.0754,3.9589,"ERA",113.2,"IP"," 1.1 WAR | 3.96 ERA | 113.2 IP","qualified performance pool","fangraphs_cy_young_performance_score_v1","2026-07-28 17:11:36 UTC","FanGraphs season leaderboard via BaseballR; award score is a transparent performance index, not a ballot forecast."
"Cy Young","NL",39,"592662","Robbie Ray","SFG","pitcher",34,53.6,0.8441,3.1629,"ERA",116.2,"IP"," 0.8 WAR | 3.16 ERA | 116.2 IP","qualified performance pool","fangraphs_cy_young_performance_score_v1","2026-07-28 17:11:36 UTC","FanGraphs season leaderboard via BaseballR; award score is a transparent performance index, not a ballot forecast."
"Cy Young","NL",40,"571510","Matthew Boyd","CHC","pitcher",35,53.5,1.2,3.8136,"ERA",59,"IP"," 1.2 WAR | 3.81 ERA |  59.0 IP","qualified performance pool","fangraphs_cy_young_performance_score_v1","2026-07-28 17:11:36 UTC","FanGraphs season leaderboard via BaseballR; award score is a transparent performance index, not a ballot forecast."
"Cy Young","NL",41,"622608","Antonio Senzatela","COL","pitcher",31,52.6,1.0594,3.5294,"ERA",51,"IP"," 1.1 WAR | 3.53 ERA |  51.0 IP","qualified performance pool","fangraphs_cy_young_performance_score_v1","2026-07-28 17:11:36 UTC","FanGraphs season leaderboard via BaseballR; award score is a transparent performance index, not a ballot forecast."
"Cy Young","NL",42,"686218","Emmet Sheehan","LAD","pitcher",26,52.5,1.2693,4.9532,"ERA",92.2,"IP"," 1.3 WAR | 4.95 ERA |  92.2 IP","qualified performance pool","fangraphs_cy_young_performance_score_v1","2026-07-28 17:11:36 UTC","FanGraphs season leaderboard via BaseballR; award score is a transparent performance index, not a ballot forecast."
"Cy Young","NL",43,"656605","Mitch Keller","PIT","pitcher",30,51.8,1.3556,4.8299,"ERA",113.2,"IP"," 1.4 WAR | 4.83 ERA | 113.2 IP","qualified performance pool","fangraphs_cy_young_performance_score_v1","2026-07-28 17:11:36 UTC","FanGraphs season leaderboard via BaseballR; award score is a transparent performance index, not a ballot forecast."
"Cy Young","NL",44,"671096","Andrew Abbott","CIN","pitcher",27,48.7,1.3151,3.8462,"ERA",117,"IP"," 1.3 WAR | 3.85 ERA | 117.0 IP","qualified performance pool","fangraphs_cy_young_performance_score_v1","2026-07-28 17:11:36 UTC","FanGraphs season leaderboard via BaseballR; award score is a transparent performance index, not a ballot forecast."
"Cy Young","NL",45,"674841","Andrew Alvarez","WSN","pitcher",27,47.8,1.3427,4.0578,"ERA",57.2,"IP"," 1.3 WAR | 4.06 ERA |  57.2 IP","qualified performance pool","fangraphs_cy_young_performance_score_v1","2026-07-28 17:11:36 UTC","FanGraphs season leaderboard via BaseballR; award score is a transparent performance index, not a ballot forecast."
"Cy Young","NL",46,"642547","Freddy Peralta","NYM","pitcher",30,46,1.2014,4.9883,"ERA",113.2,"IP"," 1.2 WAR | 4.99 ERA | 113.2 IP","qualified performance pool","fangraphs_cy_young_performance_score_v1","2026-07-28 17:11:36 UTC","FanGraphs season leaderboard via BaseballR; award score is a transparent performance index, not a ballot forecast."
"Cy Young","NL",47,"527048","Martín Pérez","ATL","pitcher",35,45.9,0.6578,3.4871,"ERA",90.1,"IP"," 0.7 WAR | 3.49 ERA |  90.1 IP","qualified performance pool","fangraphs_cy_young_performance_score_v1","2026-07-28 17:11:36 UTC","FanGraphs season leaderboard via BaseballR; award score is a transparent performance index, not a ballot forecast."
"Cy Young","NL",48,"640455","Sean Manaea","NYM","pitcher",34,45.2,0.6386,4.5175,"ERA",85.2,"IP"," 0.6 WAR | 4.52 ERA |  85.2 IP","qualified performance pool","fangraphs_cy_young_performance_score_v1","2026-07-28 17:11:36 UTC","FanGraphs season leaderboard via BaseballR; award score is a transparent performance index, not a ballot forecast."
"Cy Young","NL",49,"625643","Reynaldo López","ATL","pitcher",32,43.4,0.5501,3.6419,"ERA",71.2,"IP"," 0.6 WAR | 3.64 ERA |  71.2 IP","qualified performance pool","fangraphs_cy_young_performance_score_v1","2026-07-28 17:11:36 UTC","FanGraphs season leaderboard via BaseballR; award score is a transparent performance index, not a ballot forecast."
"Cy Young","NL",50,"696149","Bubba Chandler","PIT","pitcher",23,42.1,1.2082,4.4702,"ERA",100.2,"IP"," 1.2 WAR | 4.47 ERA | 100.2 IP","qualified performance pool","fangraphs_cy_young_performance_score_v1","2026-07-28 17:11:36 UTC","FanGraphs season leaderboard via BaseballR; award score is a transparent performance index, not a ballot forecast."
"Cy Young","NL",51,"670990","Yohan Ramírez","PIT","pitcher",31,40.2,0.2667,3.2143,"ERA",56,"IP"," 0.3 WAR | 3.21 ERA |  56.0 IP","qualified performance pool","fangraphs_cy_young_performance_score_v1","2026-07-28 17:11:36 UTC","FanGraphs season leaderboard via BaseballR; award score is a transparent performance index, not a ballot forecast."
"Cy Young","NL",52,"621111","Walker Buehler","SDP","pitcher",31,39.9,1.0677,5.13,"ERA",100,"IP"," 1.1 WAR | 5.13 ERA | 100.0 IP","qualified performance pool","fangraphs_cy_young_performance_score_v1","2026-07-28 17:11:36 UTC","FanGraphs season leaderboard via BaseballR; award score is a transparent performance index, not a ballot forecast."
"Cy Young","NL",53,"808963","Roki Sasaki","LAD","pitcher",24,39.5,0.5378,4.7082,"ERA",93.2,"IP"," 0.5 WAR | 4.71 ERA |  93.2 IP","qualified performance pool","fangraphs_cy_young_performance_score_v1","2026-07-28 17:11:36 UTC","FanGraphs season leaderboard via BaseballR; award score is a transparent performance index, not a ballot forecast."
"Cy Young","NL",54,"669199","Lake Bachar","MIA","pitcher",31,39.1,0.1904,4.1159,"ERA",54.2,"IP"," 0.2 WAR | 4.12 ERA |  54.2 IP","qualified performance pool","fangraphs_cy_young_performance_score_v1","2026-07-28 17:11:36 UTC","FanGraphs season leaderboard via BaseballR; award score is a transparent performance index, not a ballot forecast."
"Cy Young","NL",55,"676083","Janson Junk","MIA","pitcher",30,39,1.0111,4.8869,"ERA",73.2,"IP"," 1.0 WAR | 4.89 ERA |  73.2 IP","qualified performance pool","fangraphs_cy_young_performance_score_v1","2026-07-28 17:11:36 UTC","FanGraphs season leaderboard via BaseballR; award score is a transparent performance index, not a ballot forecast."
"Cy Young","NL",56,"695418","Brad Lord","WSN","pitcher",26,38.9,0.1274,3.8793,"ERA",58,"IP"," 0.1 WAR | 3.88 ERA |  58.0 IP","qualified performance pool","fangraphs_cy_young_performance_score_v1","2026-07-28 17:11:36 UTC","FanGraphs season leaderboard via BaseballR; award score is a transparent performance index, not a ballot forecast."
"Cy Young","NL",57,"663903","Brady Singer","CIN","pitcher",29,38.7,0.5997,4.529,"ERA",103.1,"IP"," 0.6 WAR | 4.53 ERA | 103.1 IP","qualified performance pool","fangraphs_cy_young_performance_score_v1","2026-07-28 17:11:36 UTC","FanGraphs season leaderboard via BaseballR; award score is a transparent performance index, not a ballot forecast."
"Cy Young","NL",58,"688107","Robert Gasser","MIL","pitcher",27,38.1,0.5169,4.7093,"ERA",57.1,"IP"," 0.5 WAR | 4.71 ERA |  57.1 IP","qualified performance pool","fangraphs_cy_young_performance_score_v1","2026-07-28 17:11:36 UTC","FanGraphs season leaderboard via BaseballR; award score is a transparent performance index, not a ballot forecast."
"Cy Young","NL",59,"656550","Grant Holmes","ATL","pitcher",30,38.1,0.4617,3.7911,"ERA",97.1,"IP"," 0.5 WAR | 3.79 ERA |  97.1 IP","qualified performance pool","fangraphs_cy_young_performance_score_v1","2026-07-28 17:11:36 UTC","FanGraphs season leaderboard via BaseballR; award score is a transparent performance index, not a ballot forecast."
"Cy Young","NL",60,"656271","Brock Burke","CIN","pitcher",29,38.1,0.3248,2.6645,"ERA",50.2,"IP"," 0.3 WAR | 2.66 ERA |  50.2 IP","qualified performance pool","fangraphs_cy_young_performance_score_v1","2026-07-28 17:11:36 UTC","FanGraphs season leaderboard via BaseballR; award score is a transparent performance index, not a ballot forecast."
"Cy Young","NL",61,"641816","Tyler Mahle","SFG","pitcher",31,37.2,0.772,4.9551,"ERA",89,"IP"," 0.8 WAR | 4.96 ERA |  89.0 IP","qualified performance pool","fangraphs_cy_young_performance_score_v1","2026-07-28 17:11:36 UTC","FanGraphs season leaderboard via BaseballR; award score is a transparent performance index, not a ballot forecast."
"Cy Young","NL",62,"605400","Aaron Nola","PHI","pitcher",33,36.9,0.5511,5.8154,"ERA",108.1,"IP"," 0.6 WAR | 5.82 ERA | 108.1 IP","qualified performance pool","fangraphs_cy_young_performance_score_v1","2026-07-28 17:11:36 UTC","FanGraphs season leaderboard via BaseballR; award score is a transparent performance index, not a ballot forecast."
"Cy Young","NL",63,"663623","Jake Irvin","WSN","pitcher",29,36.4,0.6809,5.2258,"ERA",51.2,"IP"," 0.7 WAR | 5.23 ERA |  51.2 IP","qualified performance pool","fangraphs_cy_young_performance_score_v1","2026-07-28 17:11:36 UTC","FanGraphs season leaderboard via BaseballR; award score is a transparent performance index, not a ballot forecast."
"Cy Young","NL",64,"686790","Trevor McDonald","SFG","pitcher",25,35.5,0.6726,5.1185,"ERA",70.1,"IP"," 0.7 WAR | 5.12 ERA |  70.1 IP","qualified performance pool","fangraphs_cy_young_performance_score_v1","2026-07-28 17:11:36 UTC","FanGraphs season leaderboard via BaseballR; award score is a transparent performance index, not a ballot forecast."
"Cy Young","NL",65,"663969","Tyler Phillips","MIA","pitcher",28,34.6,0.3173,3.5217,"ERA",84.1,"IP"," 0.3 WAR | 3.52 ERA |  84.1 IP","qualified performance pool","fangraphs_cy_young_performance_score_v1","2026-07-28 17:11:36 UTC","FanGraphs season leaderboard via BaseballR; award score is a transparent performance index, not a ballot forecast."
"Cy Young","NL",66,"694297","Brandon Pfaadt","ARI","pitcher",27,34.1,0.5317,4.4308,"ERA",65,"IP"," 0.5 WAR | 4.43 ERA |  65.0 IP","qualified performance pool","fangraphs_cy_young_performance_score_v1","2026-07-28 17:11:36 UTC","FanGraphs season leaderboard via BaseballR; award score is a transparent performance index, not a ballot forecast."
"Cy Young","NL",67,"607536","Kyle Freeland","COL","pitcher",33,33.9,0.8259,7.3389,"ERA",99.1,"IP"," 0.8 WAR | 7.34 ERA |  99.1 IP","qualified performance pool","fangraphs_cy_young_performance_score_v1","2026-07-28 17:11:36 UTC","FanGraphs season leaderboard via BaseballR; award score is a transparent performance index, not a ballot forecast."
"Cy Young","NL",68,"669461","Matthew Liberatore","STL","pitcher",26,33.6,0.465,5.2597,"ERA",102.2,"IP"," 0.5 WAR | 5.26 ERA | 102.2 IP","qualified performance pool","fangraphs_cy_young_performance_score_v1","2026-07-28 17:11:36 UTC","FanGraphs season leaderboard via BaseballR; award score is a transparent performance index, not a ballot forecast."
"Cy Young","NL",69,"593974","Wandy Peralta","SDP","pitcher",34,32.6,0.0744,3.0375,"ERA",53.1,"IP"," 0.1 WAR | 3.04 ERA |  53.1 IP","qualified performance pool","fangraphs_cy_young_performance_score_v1","2026-07-28 17:11:36 UTC","FanGraphs season leaderboard via BaseballR; award score is a transparent performance index, not a ballot forecast."
"Cy Young","NL",70,"665871","Javier Assad","CHC","pitcher",28,31.3,-0.11,3.8571,"ERA",65.1,"IP","-0.1 WAR | 3.86 ERA |  65.1 IP","qualified performance pool","fangraphs_cy_young_performance_score_v1","2026-07-28 17:11:36 UTC","FanGraphs season leaderboard via BaseballR; award score is a transparent performance index, not a ballot forecast."
"Cy Young","NL",71,"607067","Colin Rea","CHC","pitcher",35,30.4,0.2521,4.8549,"ERA",105.2,"IP"," 0.3 WAR | 4.85 ERA | 105.2 IP","qualified performance pool","fangraphs_cy_young_performance_score_v1","2026-07-28 17:11:36 UTC","FanGraphs season leaderboard via BaseballR; award score is a transparent performance index, not a ballot forecast."
"Cy Young","NL",72,"700669","Gordon Graceffo","STL","pitcher",26,29.9,-0.2207,3.1558,"ERA",51.1,"IP","-0.2 WAR | 3.16 ERA |  51.1 IP","qualified performance pool","fangraphs_cy_young_performance_score_v1","2026-07-28 17:11:36 UTC","FanGraphs season leaderboard via BaseballR; award score is a transparent performance index, not a ballot forecast."
"Cy Young","NL",73,"681190","Randy Vásquez","SDP","pitcher",27,29.6,0.411,4.6827,"ERA",90.1,"IP"," 0.4 WAR | 4.68 ERA |  90.1 IP","qualified performance pool","fangraphs_cy_young_performance_score_v1","2026-07-28 17:11:36 UTC","FanGraphs season leaderboard via BaseballR; award score is a transparent performance index, not a ballot forecast."
"Cy Young","NL",74,"608372","Tomoyuki Sugano","COL","pitcher",36,28.8,0.2992,4.6875,"ERA",96,"IP"," 0.3 WAR | 4.69 ERA |  96.0 IP","qualified performance pool","fangraphs_cy_young_performance_score_v1","2026-07-28 17:11:36 UTC","FanGraphs season leaderboard via BaseballR; award score is a transparent performance index, not a ballot forecast."
"Cy Young","NL",75,"687075","Brandon Sproat","MIL","pitcher",25,28.5,0.1845,5.0504,"ERA",92.2,"IP"," 0.2 WAR | 5.05 ERA |  92.2 IP","qualified performance pool","fangraphs_cy_young_performance_score_v1","2026-07-28 17:11:36 UTC","FanGraphs season leaderboard via BaseballR; award score is a transparent performance index, not a ballot forecast."
"Cy Young","NL",76,"695076","Rhett Lowder","CIN","pitcher",24,27.3,0.9314,5.6104,"ERA",77,"IP"," 0.9 WAR | 5.61 ERA |  77.0 IP","qualified performance pool","fangraphs_cy_young_performance_score_v1","2026-07-28 17:11:36 UTC","FanGraphs season leaderboard via BaseballR; award score is a transparent performance index, not a ballot forecast."
"Cy Young","NL",77,"547179","Michael Lorenzen","COL","pitcher",34,26.8,0.8209,6.5265,"ERA",100.2,"IP"," 0.8 WAR | 6.53 ERA | 100.2 IP","qualified performance pool","fangraphs_cy_young_performance_score_v1","2026-07-28 17:11:36 UTC","FanGraphs season leaderboard via BaseballR; award score is a transparent performance index, not a ballot forecast."
"Cy Young","NL",78,"669194","Ryne Nelson","ARI","pitcher",28,25.3,-0.0807,4.968,"ERA",83.1,"IP","-0.1 WAR | 4.97 ERA |  83.1 IP","qualified performance pool","fangraphs_cy_young_performance_score_v1","2026-07-28 17:11:36 UTC","FanGraphs season leaderboard via BaseballR; award score is a transparent performance index, not a ballot forecast."
"Cy Young","NL",79,"665795","Edward Cabrera","CHC","pitcher",28,24.5,0.2106,5.1014,"ERA",72.1,"IP"," 0.2 WAR | 5.10 ERA |  72.1 IP","qualified performance pool","fangraphs_cy_young_performance_score_v1","2026-07-28 17:11:36 UTC","FanGraphs season leaderboard via BaseballR; award score is a transparent performance index, not a ballot forecast."
"Cy Young","NL",80,"666157","Nick Lodolo","CIN","pitcher",28,23.6,0.3886,4.5957,"ERA",62.2,"IP"," 0.4 WAR | 4.60 ERA |  62.2 IP","qualified performance pool","fangraphs_cy_young_performance_score_v1","2026-07-28 17:11:36 UTC","FanGraphs season leaderboard via BaseballR; award score is a transparent performance index, not a ballot forecast."
"Cy Young","NL",81,"685299","Tanner Gordon","COL","pitcher",28,21.8,0.1076,5.8966,"ERA",58,"IP"," 0.1 WAR | 5.90 ERA |  58.0 IP","qualified performance pool","fangraphs_cy_young_performance_score_v1","2026-07-28 17:11:36 UTC","FanGraphs season leaderboard via BaseballR; award score is a transparent performance index, not a ballot forecast."
"Cy Young","NL",82,"605288","Adrian Houser","SFG","pitcher",33,20.2,-0.1104,4.8621,"ERA",87,"IP","-0.1 WAR | 4.86 ERA |  87.0 IP","qualified performance pool","fangraphs_cy_young_performance_score_v1","2026-07-28 17:11:36 UTC","FanGraphs season leaderboard via BaseballR; award score is a transparent performance index, not a ballot forecast."
"Cy Young","NL",83,"518876","Merrill Kelly","ARI","pitcher",37,20,-0.4346,4.8567,"ERA",109.1,"IP","-0.4 WAR | 4.86 ERA | 109.1 IP","qualified performance pool","fangraphs_cy_young_performance_score_v1","2026-07-28 17:11:36 UTC","FanGraphs season leaderboard via BaseballR; award score is a transparent performance index, not a ballot forecast."
"Cy Young","NL",84,"641793","Zack Littell","WSN","pitcher",30,19.4,-0.7648,5.1683,"ERA",101,"IP","-0.8 WAR | 5.17 ERA | 101.0 IP","qualified performance pool","fangraphs_cy_young_performance_score_v1","2026-07-28 17:11:36 UTC","FanGraphs season leaderboard via BaseballR; award score is a transparent performance index, not a ballot forecast."
"Cy Young","NL",85,"592791","Jameson Taillon","CHC","pitcher",34,18,-1.0548,5.9211,"ERA",76,"IP","-1.1 WAR | 5.92 ERA |  76.0 IP","qualified performance pool","fangraphs_cy_young_performance_score_v1","2026-07-28 17:11:36 UTC","FanGraphs season leaderboard via BaseballR; award score is a transparent performance index, not a ballot forecast."
"Cy Young","NL",86,"571945","Miles Mikolas","WSN","pitcher",37,17.9,-0.7779,5.6471,"ERA",102,"IP","-0.8 WAR | 5.65 ERA | 102.0 IP","qualified performance pool","fangraphs_cy_young_performance_score_v1","2026-07-28 17:11:36 UTC","FanGraphs season leaderboard via BaseballR; award score is a transparent performance index, not a ballot forecast."
"Cy Young","NL",87,"663372","Ryan Feltner","COL","pitcher",29,15.4,0.173,5.7311,"ERA",70.2,"IP"," 0.2 WAR | 5.73 ERA |  70.2 IP","qualified performance pool","fangraphs_cy_young_performance_score_v1","2026-07-28 17:11:36 UTC","FanGraphs season leaderboard via BaseballR; award score is a transparent performance index, not a ballot forecast."
"Cy Young","NL",88,"668678","Zac Gallen","ARI","pitcher",30,14.8,-0.0698,6.3367,"ERA",98,"IP","-0.1 WAR | 6.34 ERA |  98.0 IP","qualified performance pool","fangraphs_cy_young_performance_score_v1","2026-07-28 17:11:36 UTC","FanGraphs season leaderboard via BaseballR; award score is a transparent performance index, not a ballot forecast."
"Cy Young","NL",89,"702275","JR Ritchie","ATL","pitcher",23,14,-0.2443,4.5,"ERA",54,"IP","-0.2 WAR | 4.50 ERA |  54.0 IP","qualified performance pool","fangraphs_cy_young_performance_score_v1","2026-07-28 17:11:36 UTC","FanGraphs season leaderboard via BaseballR; award score is a transparent performance index, not a ballot forecast."
"Cy Young","NL",90,"656288","Griffin Canning","SDP","pitcher",30,13.7,-0.0074,6.9677,"ERA",62,"IP"," 0.0 WAR | 6.97 ERA |  62.0 IP","qualified performance pool","fangraphs_cy_young_performance_score_v1","2026-07-28 17:11:36 UTC","FanGraphs season leaderboard via BaseballR; award score is a transparent performance index, not a ballot forecast."
"Cy Young","NL",91,"691725","Andrew Painter","PHI","pitcher",23,12.1,-0.0064,7.0615,"ERA",65,"IP"," 0.0 WAR | 7.06 ERA |  65.0 IP","qualified performance pool","fangraphs_cy_young_performance_score_v1","2026-07-28 17:11:36 UTC","FanGraphs season leaderboard via BaseballR; award score is a transparent performance index, not a ballot forecast."
"Cy Young","NL",92,"688642","Zach Agnos","COL","pitcher",25,10.7,-0.0245,6.4216,"ERA",61.2,"IP"," 0.0 WAR | 6.42 ERA |  61.2 IP","qualified performance pool","fangraphs_cy_young_performance_score_v1","2026-07-28 17:11:36 UTC","FanGraphs season leaderboard via BaseballR; award score is a transparent performance index, not a ballot forecast."
"Reliever of the Year","NL",1,"695243","Mason Miller","SDP","reliever",27,98.3,2.6855,0.8244,"ERA",43.2,"IP"," 2.7 WAR | 0.82 ERA | 27 SV | 43.2 IP","20+ games; no more than five starts and 25% start share","fangraphs_reliever_profile_score_v1","2026-07-28 17:11:36 UTC","FanGraphs season leaderboard via BaseballR; award score is a transparent performance index, not a ballot forecast."
"Reliever of the Year","NL",2,"661395","Jhoan Duran","PHI","reliever",28,92.4,1.9456,2.0377,"ERA",35.1,"IP"," 1.9 WAR | 2.04 ERA | 24 SV | 35.1 IP","20+ games; no more than five starts and 25% start share","fangraphs_reliever_profile_score_v1","2026-07-28 17:11:36 UTC","FanGraphs season leaderboard via BaseballR; award score is a transparent performance index, not a ballot forecast."
"Reliever of the Year","NL",3,"656945","Tanner Scott","LAD","reliever",31,91.2,1.3879,2.3203,"ERA",42.2,"IP"," 1.4 WAR | 2.32 ERA | 16 SV | 42.2 IP","20+ games; no more than five starts and 25% start share","fangraphs_reliever_profile_score_v1","2026-07-28 17:11:36 UTC","FanGraphs season leaderboard via BaseballR; award score is a transparent performance index, not a ballot forecast."
"Reliever of the Year","NL",4,"656730","Trevor Megill","MIL","reliever",32,85.3,1.7949,2.9746,"ERA",39.1,"IP"," 1.8 WAR | 2.97 ERA | 17 SV | 39.1 IP","20+ games; no more than five starts and 25% start share","fangraphs_reliever_profile_score_v1","2026-07-28 17:11:36 UTC","FanGraphs season leaderboard via BaseballR; award score is a transparent performance index, not a ballot forecast."
"Reliever of the Year","NL",5,"669276","Dylan Lee","ATL","reliever",31,85,1.5742,2.2657,"ERA",47.2,"IP"," 1.6 WAR | 2.27 ERA | 0 SV | 47.2 IP","20+ games; no more than five starts and 25% start share","fangraphs_reliever_profile_score_v1","2026-07-28 17:11:36 UTC","FanGraphs season leaderboard via BaseballR; award score is a transparent performance index, not a ballot forecast."
"Reliever of the Year","NL",6,"596133","Luke Weaver","NYM","reliever",32,82.3,1.0347,1.9286,"ERA",42,"IP"," 1.0 WAR | 1.93 ERA | 1 SV | 42.0 IP","20+ games; no more than five starts and 25% start share","fangraphs_reliever_profile_score_v1","2026-07-28 17:11:36 UTC","FanGraphs season leaderboard via BaseballR; award score is a transparent performance index, not a ballot forecast."
"Reliever of the Year","NL",7,"628452","Raisel Iglesias","ATL","reliever",36,81.6,0.8645,2.4324,"ERA",37,"IP"," 0.9 WAR | 2.43 ERA | 21 SV | 37.0 IP","20+ games; no more than five starts and 25% start share","fangraphs_reliever_profile_score_v1","2026-07-28 17:11:36 UTC","FanGraphs season leaderboard via BaseballR; award score is a transparent performance index, not a ballot forecast."
"Reliever of the Year","NL",8,"663158","Robert Suarez","ATL","reliever",35,80.6,0.8349,0.5625,"ERA",32,"IP"," 0.8 WAR | 0.56 ERA | 4 SV | 32.0 IP","20+ games; no more than five starts and 25% start share","fangraphs_reliever_profile_score_v1","2026-07-28 17:11:36 UTC","FanGraphs season leaderboard via BaseballR; award score is a transparent performance index, not a ballot forecast."
"Reliever of the Year","NL",9,"670970","Adrian Morejon","SDP","reliever",27,79.8,1.7949,3.1953,"ERA",56.1,"IP"," 1.8 WAR | 3.20 ERA | 1 SV | 56.1 IP","20+ games; no more than five starts and 25% start share","fangraphs_reliever_profile_score_v1","2026-07-28 17:11:36 UTC","FanGraphs season leaderboard via BaseballR; award score is a transparent performance index, not a ballot forecast."
"Reliever of the Year","NL",10,"800311","Didier Fuentes","ATL","reliever",21,79.4,1.3347,2.7,"ERA",43.1,"IP"," 1.3 WAR | 2.70 ERA | 1 SV | 43.1 IP","20+ games; no more than five starts and 25% start share","fangraphs_reliever_profile_score_v1","2026-07-28 17:11:36 UTC","FanGraphs season leaderboard via BaseballR; award score is a transparent performance index, not a ballot forecast."
"Reliever of the Year","NL",11,"682842","Abner Uribe","MIL","reliever",26,78.5,0.9036,2.376,"ERA",41.2,"IP"," 0.9 WAR | 2.38 ERA | 6 SV | 41.2 IP","20+ games; no more than five starts and 25% start share","fangraphs_reliever_profile_score_v1","2026-07-28 17:11:36 UTC","FanGraphs season leaderboard via BaseballR; award score is a transparent performance index, not a ballot forecast."
"Reliever of the Year","NL",12,"681911","Alex Vesia","LAD","reliever",30,78.2,0.9278,2.5472,"ERA",35.1,"IP"," 0.9 WAR | 2.55 ERA | 3 SV | 35.1 IP","20+ games; no more than five starts and 25% start share","fangraphs_reliever_profile_score_v1","2026-07-28 17:11:36 UTC","FanGraphs season leaderboard via BaseballR; award score is a transparent performance index, not a ballot forecast."
"Reliever of the Year","NL",13,"669622","Anthony Bender","MIA","reliever",31,75.7,0.8531,2.6214,"ERA",34.1,"IP"," 0.9 WAR | 2.62 ERA | 2 SV | 34.1 IP","20+ games; no more than five starts and 25% start share","fangraphs_reliever_profile_score_v1","2026-07-28 17:11:36 UTC","FanGraphs season leaderboard via BaseballR; award score is a transparent performance index, not a ballot forecast."
"Reliever of the Year","NL",14,"666661","Juan Morillo","ARI","reliever",27,74.6,1.1237,2.7209,"ERA",43,"IP"," 1.1 WAR | 2.72 ERA | 1 SV | 43.0 IP","20+ games; no more than five starts and 25% start share","fangraphs_reliever_profile_score_v1","2026-07-28 17:11:36 UTC","FanGraphs season leaderboard via BaseballR; award score is a transparent performance index, not a ballot forecast."
"Reliever of the Year","NL",15,"682254","Mason Montgomery","PIT","reliever",26,73.1,0.9077,3.9462,"ERA",43.1,"IP"," 0.9 WAR | 3.95 ERA | 2 SV | 43.1 IP","20+ games; no more than five starts and 25% start share","fangraphs_reliever_profile_score_v1","2026-07-28 17:11:36 UTC","FanGraphs season leaderboard via BaseballR; award score is a transparent performance index, not a ballot forecast."
"Reliever of the Year","NL",16,"689266","Dylan Dodd","ATL","reliever",28,71.3,0.5608,1.9895,"ERA",31.2,"IP"," 0.6 WAR | 1.99 ERA | 1 SV | 31.2 IP","20+ games; no more than five starts and 25% start share","fangraphs_reliever_profile_score_v1","2026-07-28 17:11:36 UTC","FanGraphs season leaderboard via BaseballR; award score is a transparent performance index, not a ballot forecast."
"Reliever of the Year","NL",17,"699134","Bradgley Rodriguez","SDP","reliever",22,71.1,1.045,2.0149,"ERA",44.2,"IP"," 1.0 WAR | 2.01 ERA | 0 SV | 44.2 IP","20+ games; no more than five starts and 25% start share","fangraphs_reliever_profile_score_v1","2026-07-28 17:11:36 UTC","FanGraphs season leaderboard via BaseballR; award score is a transparent performance index, not a ballot forecast."
"Reliever of the Year","NL",18,"656848","Michael Petersen","MIA","reliever",32,71.1,0.8526,2.8421,"ERA",44.1,"IP"," 0.9 WAR | 2.84 ERA | 1 SV | 44.1 IP","20+ games; no more than five starts and 25% start share","fangraphs_reliever_profile_score_v1","2026-07-28 17:11:36 UTC","FanGraphs season leaderboard via BaseballR; award score is a transparent performance index, not a ballot forecast."
"Reliever of the Year","NL",19,"680742","Jonathan Bowlan","PHI","reliever",29,67.4,0.8397,2.7,"ERA",36.2,"IP"," 0.8 WAR | 2.70 ERA | 0 SV | 36.2 IP","20+ games; no more than five starts and 25% start share","fangraphs_reliever_profile_score_v1","2026-07-28 17:11:36 UTC","FanGraphs season leaderboard via BaseballR; award score is a transparent performance index, not a ballot forecast."
"Reliever of the Year","NL",20,"642397","Gregory Soto","PIT","reliever",31,65.9,0.7344,3.7099,"ERA",43.2,"IP"," 0.7 WAR | 3.71 ERA | 13 SV | 43.2 IP","20+ games; no more than five starts and 25% start share","fangraphs_reliever_profile_score_v1","2026-07-28 17:11:36 UTC","FanGraphs season leaderboard via BaseballR; award score is a transparent performance index, not a ballot forecast."
"Reliever of the Year","NL",21,"683618","Edgardo Henriquez","LAD","reliever",24,65.9,0.7692,2.808,"ERA",41.2,"IP"," 0.8 WAR | 2.81 ERA | 1 SV | 41.2 IP","20+ games; no more than five starts and 25% start share","fangraphs_reliever_profile_score_v1","2026-07-28 17:11:36 UTC","FanGraphs season leaderboard via BaseballR; award score is a transparent performance index, not a ballot forecast."
"Reliever of the Year","NL",22,"548384","Brooks Raley","NYM","reliever",38,65,0.7213,2.0948,"ERA",38.2,"IP"," 0.7 WAR | 2.09 ERA | 0 SV | 38.2 IP","20+ games; no more than five starts and 25% start share","fangraphs_reliever_profile_score_v1","2026-07-28 17:11:36 UTC","FanGraphs season leaderboard via BaseballR; award score is a transparent performance index, not a ballot forecast."
"Reliever of the Year","NL",23,"676879","Aaron Ashby","MIL","reliever",28,64.7,1.1206,3.3,"ERA",60,"IP"," 1.1 WAR | 3.30 ERA | 0 SV | 60.0 IP","20+ games; no more than five starts and 25% start share","fangraphs_reliever_profile_score_v1","2026-07-28 17:11:36 UTC","FanGraphs season leaderboard via BaseballR; award score is a transparent performance index, not a ballot forecast."
"Reliever of the Year","NL",24,"622608","Antonio Senzatela","COL","reliever",31,64.4,1.0594,3.5294,"ERA",51,"IP"," 1.1 WAR | 3.53 ERA | 3 SV | 51.0 IP","20+ games; no more than five starts and 25% start share","fangraphs_reliever_profile_score_v1","2026-07-28 17:11:36 UTC","FanGraphs season leaderboard via BaseballR; award score is a transparent performance index, not a ballot forecast."
"Reliever of the Year","NL",25,"657097","Jacob Webb","CHC","reliever",32,63.9,0.4447,2.7794,"ERA",45.1,"IP"," 0.4 WAR | 2.78 ERA | 5 SV | 45.1 IP","20+ games; no more than five starts and 25% start share","fangraphs_reliever_profile_score_v1","2026-07-28 17:11:36 UTC","FanGraphs season leaderboard via BaseballR; award score is a transparent performance index, not a ballot forecast."
"Reliever of the Year","NL",26,"681895","Evan Sisk","PIT","reliever",29,63,0.6705,2.2294,"ERA",36.1,"IP"," 0.7 WAR | 2.23 ERA | 0 SV | 36.1 IP","20+ games; no more than five starts and 25% start share","fangraphs_reliever_profile_score_v1","2026-07-28 17:11:36 UTC","FanGraphs season leaderboard via BaseballR; award score is a transparent performance index, not a ballot forecast."
"Reliever of the Year","NL",27,"642528","Jonathan Loáisiga","ARI","reliever",31,62.2,0.6314,2.5714,"ERA",42,"IP"," 0.6 WAR | 2.57 ERA | 1 SV | 42.0 IP","20+ games; no more than five starts and 25% start share","fangraphs_reliever_profile_score_v1","2026-07-28 17:11:36 UTC","FanGraphs season leaderboard via BaseballR; award score is a transparent performance index, not a ballot forecast."
"Reliever of the Year","NL",28,"676617","Riley O'Brien","STL","reliever",31,61.6,0.5538,3.672,"ERA",41.2,"IP"," 0.6 WAR | 3.67 ERA | 26 SV | 41.2 IP","20+ games; no more than five starts and 25% start share","fangraphs_reliever_profile_score_v1","2026-07-28 17:11:36 UTC","FanGraphs season leaderboard via BaseballR; award score is a transparent performance index, not a ballot forecast."
"Reliever of the Year","NL",29,"642207","Devin Williams","NYM","reliever",31,60.7,0.6631,4.4135,"ERA",34.2,"IP"," 0.7 WAR | 4.41 ERA | 14 SV | 34.2 IP","20+ games; no more than five starts and 25% start share","fangraphs_reliever_profile_score_v1","2026-07-28 17:11:36 UTC","FanGraphs season leaderboard via BaseballR; award score is a transparent performance index, not a ballot forecast."
"Reliever of the Year","NL",30,"657514","Brennan Bernardino","COL","reliever",34,60,0.8505,2.7422,"ERA",42.2,"IP"," 0.9 WAR | 2.74 ERA | 1 SV | 42.2 IP","20+ games; no more than five starts and 25% start share","fangraphs_reliever_profile_score_v1","2026-07-28 17:11:36 UTC","FanGraphs season leaderboard via BaseballR; award score is a transparent performance index, not a ballot forecast."
"Reliever of the Year","NL",31,"622088","Tejay Antone","CIN","reliever",32,58.5,0.3826,2.25,"ERA",32,"IP"," 0.4 WAR | 2.25 ERA | 1 SV | 32.0 IP","20+ games; no more than five starts and 25% start share","fangraphs_reliever_profile_score_v1","2026-07-28 17:11:36 UTC","FanGraphs season leaderboard via BaseballR; award score is a transparent performance index, not a ballot forecast."
"Reliever of the Year","NL",32,"669062","Erik Miller","SFG","reliever",28,56.5,0.3263,2.8723,"ERA",31.1,"IP"," 0.3 WAR | 2.87 ERA | 3 SV | 31.1 IP","20+ games; no more than five starts and 25% start share","fangraphs_reliever_profile_score_v1","2026-07-28 17:11:36 UTC","FanGraphs season leaderboard via BaseballR; award score is a transparent performance index, not a ballot forecast."
"Reliever of the Year","NL",33,"656464","Kevin Ginkel","ARI","reliever",32,56.3,0.5123,3.2481,"ERA",44.1,"IP"," 0.5 WAR | 3.25 ERA | 0 SV | 44.1 IP","20+ games; no more than five starts and 25% start share","fangraphs_reliever_profile_score_v1","2026-07-28 17:11:36 UTC","FanGraphs season leaderboard via BaseballR; award score is a transparent performance index, not a ballot forecast."
"Reliever of the Year","NL",34,"689147","Orion Kerkering","PHI","reliever",25,54.2,0.4225,2.6777,"ERA",40.1,"IP"," 0.4 WAR | 2.68 ERA | 1 SV | 40.1 IP","20+ games; no more than five starts and 25% start share","fangraphs_reliever_profile_score_v1","2026-07-28 17:11:36 UTC","FanGraphs season leaderboard via BaseballR; award score is a transparent performance index, not a ballot forecast."
"Reliever of the Year","NL",35,"666277","George Soriano","STL","reliever",27,54,0.341,3.4964,"ERA",46.1,"IP"," 0.3 WAR | 3.50 ERA | 2 SV | 46.1 IP","20+ games; no more than five starts and 25% start share","fangraphs_reliever_profile_score_v1","2026-07-28 17:11:36 UTC","FanGraphs season leaderboard via BaseballR; award score is a transparent performance index, not a ballot forecast."
"Reliever of the Year","NL",36,"694361","Will Klein","LAD","reliever",26,53.9,0.6532,3.5702,"ERA",40.1,"IP"," 0.7 WAR | 3.57 ERA | 2 SV | 40.1 IP","20+ games; no more than five starts and 25% start share","fangraphs_reliever_profile_score_v1","2026-07-28 17:11:36 UTC","FanGraphs season leaderboard via BaseballR; award score is a transparent performance index, not a ballot forecast."
"Reliever of the Year","NL",37,"676263","Jack Dreyer","LAD","reliever",27,53.3,0.5135,3.24,"ERA",41.2,"IP"," 0.5 WAR | 3.24 ERA | 0 SV | 41.2 IP","20+ games; no more than five starts and 25% start share","fangraphs_reliever_profile_score_v1","2026-07-28 17:11:36 UTC","FanGraphs season leaderboard via BaseballR; award score is a transparent performance index, not a ballot forecast."
"Reliever of the Year","NL",38,"664199","Taylor Clarke","ARI","reliever",33,52.7,0.2719,2.2345,"ERA",48.1,"IP"," 0.3 WAR | 2.23 ERA | 0 SV | 48.1 IP","20+ games; no more than five starts and 25% start share","fangraphs_reliever_profile_score_v1","2026-07-28 17:11:36 UTC","FanGraphs season leaderboard via BaseballR; award score is a transparent performance index, not a ballot forecast."
"Reliever of the Year","NL",39,"667463","John King","MIA","reliever",31,52.5,0.2223,2.5313,"ERA",42.2,"IP"," 0.2 WAR | 2.53 ERA | 1 SV | 42.2 IP","20+ games; no more than five starts and 25% start share","fangraphs_reliever_profile_score_v1","2026-07-28 17:11:36 UTC","FanGraphs season leaderboard via BaseballR; award score is a transparent performance index, not a ballot forecast."
"Reliever of the Year","NL",40,"641835","Tim Mayza","PHI","reliever",34,51.3,0.5868,3.9375,"ERA",48,"IP"," 0.6 WAR | 3.94 ERA | 0 SV | 48.0 IP","20+ games; no more than five starts and 25% start share","fangraphs_reliever_profile_score_v1","2026-07-28 17:11:36 UTC","FanGraphs season leaderboard via BaseballR; award score is a transparent performance index, not a ballot forecast."
"Reliever of the Year","NL",41,"621237","José Alvarado","PHI","reliever",31,50.5,0.5553,6,"ERA",39,"IP"," 0.6 WAR | 6.00 ERA | 1 SV | 39.0 IP","20+ games; no more than five starts and 25% start share","fangraphs_reliever_profile_score_v1","2026-07-28 17:11:36 UTC","FanGraphs season leaderboard via BaseballR; award score is a transparent performance index, not a ballot forecast."
"Reliever of the Year","NL",42,"669020","Ryan Rolison","CHC","reliever",28,50.5,0.3252,2.6557,"ERA",40.2,"IP"," 0.3 WAR | 2.66 ERA | 1 SV | 40.2 IP","20+ games; no more than five starts and 25% start share","fangraphs_reliever_profile_score_v1","2026-07-28 17:11:36 UTC","FanGraphs season leaderboard via BaseballR; award score is a transparent performance index, not a ballot forecast."
"Reliever of the Year","NL",43,"656271","Brock Burke","CIN","reliever",29,50.1,0.3248,2.6645,"ERA",50.2,"IP"," 0.3 WAR | 2.66 ERA | 1 SV | 50.2 IP","20+ games; no more than five starts and 25% start share","fangraphs_reliever_profile_score_v1","2026-07-28 17:11:36 UTC","FanGraphs season leaderboard via BaseballR; award score is a transparent performance index, not a ballot forecast."
"Reliever of the Year","NL",44,"670990","Yohan Ramírez","PIT","reliever",31,48.5,0.2667,3.2143,"ERA",56,"IP"," 0.3 WAR | 3.21 ERA | 1 SV | 56.0 IP","20+ games; no more than five starts and 25% start share","fangraphs_reliever_profile_score_v1","2026-07-28 17:11:36 UTC","FanGraphs season leaderboard via BaseballR; award score is a transparent performance index, not a ballot forecast."
"Reliever of the Year","NL",45,"668873","Caleb Kilian","SFG","reliever",29,48.3,0.2786,4.5726,"ERA",41.1,"IP"," 0.3 WAR | 4.57 ERA | 8 SV | 41.1 IP","20+ games; no more than five starts and 25% start share","fangraphs_reliever_profile_score_v1","2026-07-28 17:11:36 UTC","FanGraphs season leaderboard via BaseballR; award score is a transparent performance index, not a ballot forecast."
"Reliever of the Year","NL",46,"676775","Keaton Winn","SFG","reliever",28,44.4,0.4002,3.375,"ERA",34.2,"IP"," 0.4 WAR | 3.38 ERA | 1 SV | 34.2 IP","20+ games; no more than five starts and 25% start share","fangraphs_reliever_profile_score_v1","2026-07-28 17:11:36 UTC","FanGraphs season leaderboard via BaseballR; award score is a transparent performance index, not a ballot forecast."
"Reliever of the Year","NL",47,"669165","Kyle Hurt","LAD","reliever",28,43.7,0.4061,4.59,"ERA",33.1,"IP"," 0.4 WAR | 4.59 ERA | 1 SV | 33.1 IP","20+ games; no more than five starts and 25% start share","fangraphs_reliever_profile_score_v1","2026-07-28 17:11:36 UTC","FanGraphs season leaderboard via BaseballR; award score is a transparent performance index, not a ballot forecast."
"Reliever of the Year","NL",48,"664141","JT Brubaker","SFG","reliever",32,43.6,0.158,2.7365,"ERA",49.1,"IP"," 0.2 WAR | 2.74 ERA | 1 SV | 49.1 IP","20+ games; no more than five starts and 25% start share","fangraphs_reliever_profile_score_v1","2026-07-28 17:11:36 UTC","FanGraphs season leaderboard via BaseballR; award score is a transparent performance index, not a ballot forecast."
"Reliever of the Year","NL",49,"675848","Juan Mejia","COL","reliever",25,43.5,0.6075,5.4783,"ERA",46,"IP"," 0.6 WAR | 5.48 ERA | 4 SV | 46.0 IP","20+ games; no more than five starts and 25% start share","fangraphs_reliever_profile_score_v1","2026-07-28 17:11:36 UTC","FanGraphs season leaderboard via BaseballR; award score is a transparent performance index, not a ballot forecast."
"Reliever of the Year","NL",50,"623149","Paul Sewald","ARI","reliever",36,43.2,-0.0597,4.5804,"ERA",37.1,"IP","-0.1 WAR | 4.58 ERA | 24 SV | 37.1 IP","20+ games; no more than five starts and 25% start share","fangraphs_reliever_profile_score_v1","2026-07-28 17:11:36 UTC","FanGraphs season leaderboard via BaseballR; award score is a transparent performance index, not a ballot forecast."
"Reliever of the Year","NL",51,"669084","DL Hall","MIL","reliever",27,42.5,0.2089,2.0323,"ERA",31,"IP"," 0.2 WAR | 2.03 ERA | 0 SV | 31.0 IP","20+ games; no more than five starts and 25% start share","fangraphs_reliever_profile_score_v1","2026-07-28 17:11:36 UTC","FanGraphs season leaderboard via BaseballR; award score is a transparent performance index, not a ballot forecast."
"Reliever of the Year","NL",52,"592094","Jason Adam","SDP","reliever",34,41.8,-0.099,2.5052,"ERA",32.1,"IP","-0.1 WAR | 2.51 ERA | 2 SV | 32.1 IP","20+ games; no more than five starts and 25% start share","fangraphs_reliever_profile_score_v1","2026-07-28 17:11:36 UTC","FanGraphs season leaderboard via BaseballR; award score is a transparent performance index, not a ballot forecast."
"Reliever of the Year","NL",53,"641745","Brad Keller","PHI","reliever",30,41.8,0.1792,4.0213,"ERA",31.1,"IP"," 0.2 WAR | 4.02 ERA | 3 SV | 31.1 IP","20+ games; no more than five starts and 25% start share","fangraphs_reliever_profile_score_v1","2026-07-28 17:11:36 UTC","FanGraphs season leaderboard via BaseballR; award score is a transparent performance index, not a ballot forecast."
"Reliever of the Year","NL",54,"668941","JoJo Romero","STL","reliever",29,41.3,0.1226,3.3488,"ERA",43,"IP"," 0.1 WAR | 3.35 ERA | 0 SV | 43.0 IP","20+ games; no more than five starts and 25% start share","fangraphs_reliever_profile_score_v1","2026-07-28 17:11:36 UTC","FanGraphs season leaderboard via BaseballR; award score is a transparent performance index, not a ballot forecast."
"Reliever of the Year","NL",55,"669199","Lake Bachar","MIA","reliever",31,41.1,0.1904,4.1159,"ERA",54.2,"IP"," 0.2 WAR | 4.12 ERA | 1 SV | 54.2 IP","20+ games; no more than five starts and 25% start share","fangraphs_reliever_profile_score_v1","2026-07-28 17:11:36 UTC","FanGraphs season leaderboard via BaseballR; award score is a transparent performance index, not a ballot forecast."
"Reliever of the Year","NL",56,"676534","Calvin Faucher","MIA","reliever",30,40.7,0.5912,4.6692,"ERA",44.1,"IP"," 0.6 WAR | 4.67 ERA | 1 SV | 44.1 IP","20+ games; no more than five starts and 25% start share","fangraphs_reliever_profile_score_v1","2026-07-28 17:11:36 UTC","FanGraphs season leaderboard via BaseballR; award score is a transparent performance index, not a ballot forecast."
"Reliever of the Year","NL",57,"695418","Brad Lord","WSN","reliever",26,39.3,0.1274,3.8793,"ERA",58,"IP"," 0.1 WAR | 3.88 ERA | 1 SV | 58.0 IP","20+ games; no more than five starts and 25% start share","fangraphs_reliever_profile_score_v1","2026-07-28 17:11:36 UTC","FanGraphs season leaderboard via BaseballR; award score is a transparent performance index, not a ballot forecast."
"Reliever of the Year","NL",58,"673513","Yuki Matsui","SDP","reliever",30,39,0.0931,2.5603,"ERA",38.2,"IP"," 0.1 WAR | 2.56 ERA | 0 SV | 38.2 IP","20+ games; no more than five starts and 25% start share","fangraphs_reliever_profile_score_v1","2026-07-28 17:11:36 UTC","FanGraphs season leaderboard via BaseballR; award score is a transparent performance index, not a ballot forecast."
"Reliever of the Year","NL",59,"663423","Trent Thornton","CHC","reliever",32,37.5,-0.1876,2.5052,"ERA",32.1,"IP","-0.2 WAR | 2.51 ERA | 3 SV | 32.1 IP","20+ games; no more than five starts and 25% start share","fangraphs_reliever_profile_score_v1","2026-07-28 17:11:36 UTC","FanGraphs season leaderboard via BaseballR; award score is a transparent performance index, not a ballot forecast."
"Reliever of the Year","NL",60,"681982","Grant Anderson","MIL","reliever",29,37.4,0.1715,3.4964,"ERA",46.1,"IP"," 0.2 WAR | 3.50 ERA | 0 SV | 46.1 IP","20+ games; no more than five starts and 25% start share","fangraphs_reliever_profile_score_v1","2026-07-28 17:11:36 UTC","FanGraphs season leaderboard via BaseballR; award score is a transparent performance index, not a ballot forecast."
"Reliever of the Year","NL",61,"657044","Ryan Thompson","ARI","reliever",34,35.9,0.2474,3.7565,"ERA",38.1,"IP"," 0.2 WAR | 3.76 ERA | 0 SV | 38.1 IP","20+ games; no more than five starts and 25% start share","fangraphs_reliever_profile_score_v1","2026-07-28 17:11:36 UTC","FanGraphs season leaderboard via BaseballR; award score is a transparent performance index, not a ballot forecast."
"Reliever of the Year","NL",62,"700669","Gordon Graceffo","STL","reliever",26,34.8,-0.2207,3.1558,"ERA",51.1,"IP","-0.2 WAR | 3.16 ERA | 1 SV | 51.1 IP","20+ games; no more than five starts and 25% start share","fangraphs_reliever_profile_score_v1","2026-07-28 17:11:36 UTC","FanGraphs season leaderboard via BaseballR; award score is a transparent performance index, not a ballot forecast."
"Reliever of the Year","NL",63,"676755","Isaac Mattson","PIT","reliever",30,33.1,0.2619,4.9091,"ERA",33,"IP"," 0.3 WAR | 4.91 ERA | 0 SV | 33.0 IP","20+ games; no more than five starts and 25% start share","fangraphs_reliever_profile_score_v1","2026-07-28 17:11:36 UTC","FanGraphs season leaderboard via BaseballR; award score is a transparent performance index, not a ballot forecast."
"Reliever of the Year","NL",64,"606996","Kyle Hart","SDP","reliever",33,31.8,0.2669,5.2105,"ERA",38,"IP"," 0.3 WAR | 5.21 ERA | 0 SV | 38.0 IP","20+ games; no more than five starts and 25% start share","fangraphs_reliever_profile_score_v1","2026-07-28 17:11:36 UTC","FanGraphs season leaderboard via BaseballR; award score is a transparent performance index, not a ballot forecast."
"Reliever of the Year","NL",65,"594580","Sam Moll","CIN","reliever",34,31.5,0.1526,4.32,"ERA",41.2,"IP"," 0.2 WAR | 4.32 ERA | 1 SV | 41.2 IP","20+ games; no more than five starts and 25% start share","fangraphs_reliever_profile_score_v1","2026-07-28 17:11:36 UTC","FanGraphs season leaderboard via BaseballR; award score is a transparent performance index, not a ballot forecast."
"Reliever of the Year","NL",66,"677865","Justin Bruihl","STL","reliever",29,31.1,0.1651,3.8311,"ERA",49.1,"IP"," 0.2 WAR | 3.83 ERA | 0 SV | 49.1 IP","20+ games; no more than five starts and 25% start share","fangraphs_reliever_profile_score_v1","2026-07-28 17:11:36 UTC","FanGraphs season leaderboard via BaseballR; award score is a transparent performance index, not a ballot forecast."
"Reliever of the Year","NL",67,"573204","Caleb Thielbar","CHC","reliever",39,30.8,-0.3,4.0645,"ERA",31,"IP","-0.3 WAR | 4.06 ERA | 2 SV | 31.0 IP","20+ games; no more than five starts and 25% start share","fangraphs_reliever_profile_score_v1","2026-07-28 17:11:36 UTC","FanGraphs season leaderboard via BaseballR; award score is a transparent performance index, not a ballot forecast."
"Reliever of the Year","NL",68,"593974","Wandy Peralta","SDP","reliever",34,29.9,0.0744,3.0375,"ERA",53.1,"IP"," 0.1 WAR | 3.04 ERA | 0 SV | 53.1 IP","20+ games; no more than five starts and 25% start share","fangraphs_reliever_profile_score_v1","2026-07-28 17:11:36 UTC","FanGraphs season leaderboard via BaseballR; award score is a transparent performance index, not a ballot forecast."
"Reliever of the Year","NL",69,"571948","Hoby Milner","CHC","reliever",35,29.2,-0.0497,3.5327,"ERA",35.2,"IP"," 0.0 WAR | 3.53 ERA | 1 SV | 35.2 IP","20+ games; no more than five starts and 25% start share","fangraphs_reliever_profile_score_v1","2026-07-28 17:11:36 UTC","FanGraphs season leaderboard via BaseballR; award score is a transparent performance index, not a ballot forecast."
"Reliever of the Year","NL",70,"641755","Tyler Kinley","ATL","reliever",35,25.8,-0.2676,4.3393,"ERA",37.1,"IP","-0.3 WAR | 4.34 ERA | 0 SV | 37.1 IP","20+ games; no more than five starts and 25% start share","fangraphs_reliever_profile_score_v1","2026-07-28 17:11:36 UTC","FanGraphs season leaderboard via BaseballR; award score is a transparent performance index, not a ballot forecast."
"Reliever of the Year","NL",71,"663767","Chase Shugart","PHI","reliever",29,25.8,-0.1505,5.0792,"ERA",33.2,"IP","-0.2 WAR | 5.08 ERA | 0 SV | 33.2 IP","20+ games; no more than five starts and 25% start share","fangraphs_reliever_profile_score_v1","2026-07-28 17:11:36 UTC","FanGraphs season leaderboard via BaseballR; award score is a transparent performance index, not a ballot forecast."
"Reliever of the Year","NL",72,"687606","Paxton Schultz","WSN","reliever",28,25,0.0356,5.6842,"ERA",31.2,"IP"," 0.0 WAR | 5.68 ERA | 1 SV | 31.2 IP","20+ games; no more than five starts and 25% start share","fangraphs_reliever_profile_score_v1","2026-07-28 17:11:36 UTC","FanGraphs season leaderboard via BaseballR; award score is a transparent performance index, not a ballot forecast."
"Reliever of the Year","NL",73,"664126","Pete Fairbanks","MIA","reliever",32,24,-0.2227,7.1809,"ERA",31.1,"IP","-0.2 WAR | 7.18 ERA | 13 SV | 31.1 IP","20+ games; no more than five starts and 25% start share","fangraphs_reliever_profile_score_v1","2026-07-28 17:11:36 UTC","FanGraphs season leaderboard via BaseballR; award score is a transparent performance index, not a ballot forecast."
"Reliever of the Year","NL",74,"680767","Victor Vodnik","COL","reliever",26,23.8,0.0402,5.5588,"ERA",34,"IP"," 0.0 WAR | 5.56 ERA | 4 SV | 34.0 IP","20+ games; no more than five starts and 25% start share","fangraphs_reliever_profile_score_v1","2026-07-28 17:11:36 UTC","FanGraphs season leaderboard via BaseballR; award score is a transparent performance index, not a ballot forecast."
"Reliever of the Year","NL",75,"592773","Ryne Stanek","STL","reliever",34,23.6,-0.1079,4.4628,"ERA",40.1,"IP","-0.1 WAR | 4.46 ERA | 1 SV | 40.1 IP","20+ games; no more than five starts and 25% start share","fangraphs_reliever_profile_score_v1","2026-07-28 17:11:36 UTC","FanGraphs season leaderboard via BaseballR; award score is a transparent performance index, not a ballot forecast."
"Reliever of the Year","NL",76,"690925","Clayton Beeter","WSN","reliever",27,23.2,-0.4522,3.6947,"ERA",31.2,"IP","-0.5 WAR | 3.69 ERA | 10 SV | 31.2 IP","20+ games; no more than five starts and 25% start share","fangraphs_reliever_profile_score_v1","2026-07-28 17:11:36 UTC","FanGraphs season leaderboard via BaseballR; award score is a transparent performance index, not a ballot forecast."
"Reliever of the Year","NL",77,"681810","Austin Warren","NYM","reliever",30,21.7,-0.1174,4.6286,"ERA",35,"IP","-0.1 WAR | 4.63 ERA | 0 SV | 35.0 IP","20+ games; no more than five starts and 25% start share","fangraphs_reliever_profile_score_v1","2026-07-28 17:11:36 UTC","FanGraphs season leaderboard via BaseballR; award score is a transparent performance index, not a ballot forecast."
"Reliever of the Year","NL",78,"688642","Zach Agnos","COL","reliever",25,21,-0.0245,6.4216,"ERA",61.2,"IP"," 0.0 WAR | 6.42 ERA | 2 SV | 61.2 IP","20+ games; no more than five starts and 25% start share","fangraphs_reliever_profile_score_v1","2026-07-28 17:11:36 UTC","FanGraphs season leaderboard via BaseballR; award score is a transparent performance index, not a ballot forecast."
"Reliever of the Year","NL",79,"681402","Gus Varland","WSN","reliever",29,20.6,-0.2866,6.2526,"ERA",31.2,"IP","-0.3 WAR | 6.25 ERA | 6 SV | 31.2 IP","20+ games; no more than five starts and 25% start share","fangraphs_reliever_profile_score_v1","2026-07-28 17:11:36 UTC","FanGraphs season leaderboard via BaseballR; award score is a transparent performance index, not a ballot forecast."
"Reliever of the Year","NL",80,"668964","Tobias Myers","NYM","reliever",27,20.6,-0.1024,6.2609,"ERA",46,"IP","-0.1 WAR | 6.26 ERA | 1 SV | 46.0 IP","20+ games; no more than five starts and 25% start share","fangraphs_reliever_profile_score_v1","2026-07-28 17:11:36 UTC","FanGraphs season leaderboard via BaseballR; award score is a transparent performance index, not a ballot forecast."
"Reliever of the Year","NL",81,"572955","Pierce Johnson","CIN","reliever",35,19.8,-0.1611,5.1,"ERA",30,"IP","-0.2 WAR | 5.10 ERA | 1 SV | 30.0 IP","20+ games; no more than five starts and 25% start share","fangraphs_reliever_profile_score_v1","2026-07-28 17:11:36 UTC","FanGraphs season leaderboard via BaseballR; award score is a transparent performance index, not a ballot forecast."
"Reliever of the Year","NL",82,"663574","Tony Santillan","CIN","reliever",29,17,-0.7381,5.2258,"ERA",31,"IP","-0.7 WAR | 5.23 ERA | 5 SV | 31.0 IP","20+ games; no more than five starts and 25% start share","fangraphs_reliever_profile_score_v1","2026-07-28 17:11:36 UTC","FanGraphs season leaderboard via BaseballR; award score is a transparent performance index, not a ballot forecast."
"Reliever of the Year","NL",83,"694335","Matt Svanson","STL","reliever",27,16.9,0.0173,7.2283,"ERA",42.1,"IP"," 0.0 WAR | 7.23 ERA | 0 SV | 42.1 IP","20+ games; no more than five starts and 25% start share","fangraphs_reliever_profile_score_v1","2026-07-28 17:11:36 UTC","FanGraphs season leaderboard via BaseballR; award score is a transparent performance index, not a ballot forecast."
"Reliever of the Year","NL",84,"642701","Dennis Santana","PIT","reliever",30,14.3,-0.343,6.048,"ERA",41.2,"IP","-0.3 WAR | 6.05 ERA | 2 SV | 41.2 IP","20+ games; no more than five starts and 25% start share","fangraphs_reliever_profile_score_v1","2026-07-28 17:11:36 UTC","FanGraphs season leaderboard via BaseballR; award score is a transparent performance index, not a ballot forecast."
"Reliever of the Year","NL",85,"680730","Mitchell Parker","WSN","reliever",26,12.8,-0.5458,6.5798,"ERA",39.2,"IP","-0.5 WAR | 6.58 ERA | 1 SV | 39.2 IP","20+ games; no more than five starts and 25% start share","fangraphs_reliever_profile_score_v1","2026-07-28 17:11:36 UTC","FanGraphs season leaderboard via BaseballR; award score is a transparent performance index, not a ballot forecast."
"ROTY watch","NL",1,"695505","Chase Burns","CIN","pitcher",23,93.6,3.0329,2.4241,"ERA",107.2,"IP"," 3.0 WAR | 2.42 ERA | age 23","prior AB/IP screen passed; MLB service days not verified","fangraphs_roty_role_balanced_score_v3","2026-07-28 17:11:36 UTC","FanGraphs season leaderboard via BaseballR; award score is a transparent performance index, not a ballot forecast."
"ROTY watch","NL",2,"802139","JJ Wetherholt","STL","hitter",23,90.7,3.6895,109.3667,"wRC+",457,"PA"," 3.7 combined WAR | 109 wRC+ | age 23","prior AB/IP screen passed; MLB service days not verified","fangraphs_roty_role_balanced_score_v3","2026-07-28 17:11:36 UTC","FanGraphs season leaderboard via BaseballR; award score is a transparent performance index, not a ballot forecast."
"ROTY watch","NL",3,"690997","Nolan McLean","NYM","pitcher",24,88.2,2.6188,3.3184,"ERA",119.1,"IP"," 2.6 WAR | 3.32 ERA | age 24","prior AB/IP screen passed; MLB service days not verified","fangraphs_roty_role_balanced_score_v3","2026-07-28 17:11:36 UTC","FanGraphs season leaderboard via BaseballR; award score is a transparent performance index, not a ballot forecast."
"ROTY watch","NL",4,"690986","Kyle Harrison","MIL","pitcher",24,86.4,2.1986,3.012,"ERA",83.2,"IP"," 2.2 WAR | 3.01 ERA | age 24","prior AB/IP screen passed; MLB service days not verified","fangraphs_roty_role_balanced_score_v3","2026-07-28 17:11:36 UTC","FanGraphs season leaderboard via BaseballR; award score is a transparent performance index, not a ballot forecast."
"ROTY watch","NL",5,"681198","TJ Rumfield","COL","hitter",26,84.3,1.9939,124.1103,"wRC+",419,"PA"," 2.0 combined WAR | 124 wRC+ | age 26","prior AB/IP screen passed; MLB service days not verified","fangraphs_roty_role_balanced_score_v3","2026-07-28 17:11:36 UTC","FanGraphs season leaderboard via BaseballR; award score is a transparent performance index, not a ballot forecast."
"ROTY watch","NL",6,"701807","Carson Benge","NYM","hitter",23,72.1,1.6583,100.9712,"wRC+",421,"PA"," 1.7 combined WAR | 101 wRC+ | age 23","prior AB/IP screen passed; MLB service days not verified","fangraphs_roty_role_balanced_score_v3","2026-07-28 17:11:36 UTC","FanGraphs season leaderboard via BaseballR; award score is a transparent performance index, not a ballot forecast."
"ROTY watch","NL",7,"701398","Sal Stewart","CIN","hitter",22,71.4,1.499,110.8209,"wRC+",450,"PA"," 1.5 combined WAR | 111 wRC+ | age 22","prior AB/IP screen passed; MLB service days not verified","fangraphs_roty_role_balanced_score_v3","2026-07-28 17:11:36 UTC","FanGraphs season leaderboard via BaseballR; award score is a transparent performance index, not a ballot forecast."
"ROTY watch","NL",8,"805999","A.J. Ewing","NYM","hitter",21,68.6,1.416,113.2949,"wRC+",271,"PA"," 1.4 combined WAR | 113 wRC+ | age 21","prior AB/IP screen passed; MLB service days not verified","fangraphs_roty_role_balanced_score_v3","2026-07-28 17:11:36 UTC","FanGraphs season leaderboard via BaseballR; award score is a transparent performance index, not a ballot forecast."
"ROTY watch","NL",9,"696149","Bubba Chandler","PIT","pitcher",23,63.6,1.2082,4.4702,"ERA",100.2,"IP"," 1.2 WAR | 4.47 ERA | age 23","prior AB/IP screen passed; MLB service days not verified","fangraphs_roty_role_balanced_score_v3","2026-07-28 17:11:36 UTC","FanGraphs season leaderboard via BaseballR; award score is a transparent performance index, not a ballot forecast."
"ROTY watch","NL",10,"805811","Bryce Eldridge","SFG","hitter",21,58.9,0.7163,126.0021,"wRC+",260,"PA"," 0.7 combined WAR | 126 wRC+ | age 21","prior AB/IP screen passed; MLB service days not verified","fangraphs_roty_role_balanced_score_v3","2026-07-28 17:11:36 UTC","FanGraphs season leaderboard via BaseballR; award score is a transparent performance index, not a ballot forecast."
"ROTY watch","NL",11,"804606","Konnor Griffin","PIT","hitter",20,57.9,1.1367,101.5618,"wRC+",247,"PA"," 1.1 combined WAR | 102 wRC+ | age 20","prior AB/IP screen passed; MLB service days not verified","fangraphs_roty_role_balanced_score_v3","2026-07-28 17:11:36 UTC","FanGraphs season leaderboard via BaseballR; award score is a transparent performance index, not a ballot forecast."
"ROTY watch","NL",12,"691788","Joe Mack","MIA","hitter",23,51.8,1.4663,94.057,"wRC+",202,"PA"," 1.5 combined WAR | 94 wRC+ | age 23","prior AB/IP screen passed; MLB service days not verified","fangraphs_roty_role_balanced_score_v3","2026-07-28 17:11:36 UTC","FanGraphs season leaderboard via BaseballR; award score is a transparent performance index, not a ballot forecast."
"ROTY watch","NL",13,"683083","Nasim Nuñez","WSN","hitter",25,50,1.1888,79.9744,"wRC+",345,"PA"," 1.2 combined WAR | 80 wRC+ | age 25","prior AB/IP screen passed; MLB service days not verified","fangraphs_roty_role_balanced_score_v3","2026-07-28 17:11:36 UTC","FanGraphs season leaderboard via BaseballR; award score is a transparent performance index, not a ballot forecast."
"ROTY watch","NL",14,"686790","Trevor McDonald","SFG","pitcher",25,50,0.6726,5.1185,"ERA",70.1,"IP"," 0.7 WAR | 5.12 ERA | age 25","prior AB/IP screen passed; MLB service days not verified","fangraphs_roty_role_balanced_score_v3","2026-07-28 17:11:36 UTC","FanGraphs season leaderboard via BaseballR; award score is a transparent performance index, not a ballot forecast."
"ROTY watch","NL",15,"808963","Roki Sasaki","LAD","pitcher",24,49.5,0.5378,4.7082,"ERA",93.2,"IP"," 0.5 WAR | 4.71 ERA | age 24","prior AB/IP screen passed; MLB service days not verified","fangraphs_roty_role_balanced_score_v3","2026-07-28 17:11:36 UTC","FanGraphs season leaderboard via BaseballR; award score is a transparent performance index, not a ballot forecast."
"ROTY watch","NL",16,"695076","Rhett Lowder","CIN","pitcher",24,47.3,0.9314,5.6104,"ERA",77,"IP"," 0.9 WAR | 5.61 ERA | age 24","prior AB/IP screen passed; MLB service days not verified","fangraphs_roty_role_balanced_score_v3","2026-07-28 17:11:36 UTC","FanGraphs season leaderboard via BaseballR; award score is a transparent performance index, not a ballot forecast."
"ROTY watch","NL",17,"687075","Brandon Sproat","MIL","pitcher",25,40.5,0.1845,5.0504,"ERA",92.2,"IP"," 0.2 WAR | 5.05 ERA | age 25","prior AB/IP screen passed; MLB service days not verified","fangraphs_roty_role_balanced_score_v3","2026-07-28 17:11:36 UTC","FanGraphs season leaderboard via BaseballR; award score is a transparent performance index, not a ballot forecast."
"ROTY watch","NL",18,"678391","Jorbit Vivas","WSN","hitter",25,32.9,0.3951,85.1536,"wRC+",224,"PA"," 0.4 combined WAR | 85 wRC+ | age 25","prior AB/IP screen passed; MLB service days not verified","fangraphs_roty_role_balanced_score_v3","2026-07-28 17:11:36 UTC","FanGraphs season leaderboard via BaseballR; award score is a transparent performance index, not a ballot forecast."
"ROTY watch","NL",19,"687551","Drew Gilbert","SFG","hitter",25,31.1,0.4044,88.2372,"wRC+",248,"PA"," 0.4 combined WAR | 88 wRC+ | age 25","prior AB/IP screen passed; MLB service days not verified","fangraphs_roty_role_balanced_score_v3","2026-07-28 17:11:36 UTC","FanGraphs season leaderboard via BaseballR; award score is a transparent performance index, not a ballot forecast."
"ROTY watch","NL",20,"700669","Gordon Graceffo","STL","pitcher",26,26.8,-0.2207,3.1558,"ERA",51.1,"IP","-0.2 WAR | 3.16 ERA | age 26","prior AB/IP screen passed; MLB service days not verified","fangraphs_roty_role_balanced_score_v3","2026-07-28 17:11:36 UTC","FanGraphs season leaderboard via BaseballR; award score is a transparent performance index, not a ballot forecast."
"ROTY watch","NL",21,"683357","Owen Caissie","MIA","hitter",23,25.4,-0.2589,100.7296,"wRC+",246,"PA","-0.3 combined WAR | 101 wRC+ | age 23","prior AB/IP screen passed; MLB service days not verified","fangraphs_roty_role_balanced_score_v3","2026-07-28 17:11:36 UTC","FanGraphs season leaderboard via BaseballR; award score is a transparent performance index, not a ballot forecast."
"ROTY watch","NL",22,"702222","Justin Crawford","PHI","hitter",22,22.1,0.0272,76.3493,"wRC+",309,"PA"," 0.0 combined WAR | 76 wRC+ | age 22","prior AB/IP screen passed; MLB service days not verified","fangraphs_roty_role_balanced_score_v3","2026-07-28 17:11:36 UTC","FanGraphs season leaderboard via BaseballR; award score is a transparent performance index, not a ballot forecast."
"ROTY watch","NL",23,"691725","Andrew Painter","PHI","pitcher",23,20.5,-0.0064,7.0615,"ERA",65,"IP"," 0.0 WAR | 7.06 ERA | age 23","prior AB/IP screen passed; MLB service days not verified","fangraphs_roty_role_balanced_score_v3","2026-07-28 17:11:36 UTC","FanGraphs season leaderboard via BaseballR; award score is a transparent performance index, not a ballot forecast."
"ROTY watch","NL",24,"690976","Alex Freeland","LAD","hitter",24,20,0.3594,76.066,"wRC+",223,"PA"," 0.4 combined WAR | 76 wRC+ | age 24","prior AB/IP screen passed; MLB service days not verified","fangraphs_roty_role_balanced_score_v3","2026-07-28 17:11:36 UTC","FanGraphs season leaderboard via BaseballR; award score is a transparent performance index, not a ballot forecast."
"ROTY watch","NL",25,"688642","Zach Agnos","COL","pitcher",25,17.7,-0.0245,6.4216,"ERA",61.2,"IP"," 0.0 WAR | 6.42 ERA | age 25","prior AB/IP screen passed; MLB service days not verified","fangraphs_roty_role_balanced_score_v3","2026-07-28 17:11:36 UTC","FanGraphs season leaderboard via BaseballR; award score is a transparent performance index, not a ballot forecast."
"ROTY watch","NL",26,"702275","JR Ritchie","ATL","pitcher",23,15.9,-0.2443,4.5,"ERA",54,"IP","-0.2 WAR | 4.50 ERA | age 23","prior AB/IP screen passed; MLB service days not verified","fangraphs_roty_role_balanced_score_v3","2026-07-28 17:11:36 UTC","FanGraphs season leaderboard via BaseballR; award score is a transparent performance index, not a ballot forecast."
"ROTY watch","NL",27,"701675","Nathan Church","STL","hitter",25,12.9,-0.0669,72.5317,"wRC+",281,"PA","-0.1 combined WAR | 73 wRC+ | age 25","prior AB/IP screen passed; MLB service days not verified","fangraphs_roty_role_balanced_score_v3","2026-07-28 17:11:36 UTC","FanGraphs season leaderboard via BaseballR; award score is a transparent performance index, not a ballot forecast."
