"season","player_id","player_name","team","league","age","throws","games","starts","wins","losses","saves","innings_display","innings_outs","batters_faced","era","whip","fip","xfip","strikeouts","walks","strikeout_rate","walk_rate","k_minus_bb_rate","war","wpa","source_method","source_acquired_at_utc"
2026,"694819","Jacob Misiorowski","MIL","NL",24,"R",20,20,11,4,0,120,360,456,1.575,0.75,2.0347,1.9806,185,28,0.4057,0.0614,0.3443,4.8327,3.0977,"baseballr_fangraphs_pitcher_leaders_v1","2026-07-30 17:13:30 UTC"
2026,"693645","Cam Schlittler","NYY","AL",25,"R",23,23,10,6,0,136.2,410,538,2.0415,0.9073,2.539,2.8702,165,26,0.3067,0.0483,0.2584,4.4728,2.0916,"baseballr_fangraphs_pitcher_leaders_v1","2026-07-30 17:13:30 UTC"
2026,"650911","Cristopher Sánchez","PHI","NL",29,"L",22,22,13,4,0,138.2,416,578,2.726,1.2043,2.6626,2.6042,157,28,0.2716,0.0484,0.2232,4.4018,2.7087,"baseballr_fangraphs_pitcher_leaders_v1","2026-07-30 17:13:30 UTC"
2026,"656302","Dylan Cease","TOR","AL",30,"R",19,19,7,5,0,113.1,340,457,2.4618,1.0853,2.3156,2.6562,167,48,0.3654,0.105,0.2604,4.1109,1.2862,"baseballr_fangraphs_pitcher_leaders_v1","2026-07-30 17:13:30 UTC"
2026,"519242","Chris Sale","ATL","NL",37,"L",20,20,12,6,0,117,351,471,2.0769,1.0171,2.4772,2.9306,143,26,0.3036,0.0552,0.2484,3.8993,2.0521,"baseballr_fangraphs_pitcher_leaders_v1","2026-07-30 17:13:30 UTC"
2026,"694973","Paul Skenes","PIT","NL",24,"R",22,22,9,9,0,120.2,362,490,3.6547,1.0608,2.7202,3.0893,149,28,0.3041,0.0571,0.2469,3.7938,0.9898,"baseballr_fangraphs_pitcher_leaders_v1","2026-07-30 17:13:30 UTC"
2026,"666200","Jesús Luzardo","PHI","NL",28,"L",22,22,9,5,0,128.2,386,537,3.5674,1.1813,3.0475,3.0083,157,41,0.2924,0.0764,0.216,3.4893,1.8838,"baseballr_fangraphs_pitcher_leaders_v1","2026-07-30 17:13:30 UTC"
2026,"800048","Parker Messick","CLE","AL",25,"L",21,21,8,6,0,125.1,376,496,2.5851,1.0372,3.1895,3.5205,122,36,0.246,0.0726,0.1734,3.2576,1.892,"baseballr_fangraphs_pitcher_leaders_v1","2026-07-30 17:13:30 UTC"
2026,"624133","Ranger Suarez","BOS","AL",30,"L",18,18,4,3,0,95.1,286,391,3.021,1.1538,2.5118,3.1894,103,26,0.2634,0.0665,0.1969,3.2285,1.6364,"baseballr_fangraphs_pitcher_leaders_v1","2026-07-30 17:13:30 UTC"
2026,"808967","Yoshinobu Yamamoto","LAD","NL",27,"R",19,19,11,6,0,125.2,377,481,2.7215,0.8992,3.3166,3.3549,118,28,0.2453,0.0582,0.1871,3.1651,1.679,"baseballr_fangraphs_pitcher_leaders_v1","2026-07-30 17:13:30 UTC"
2026,"663436","Davis Martin","CHW","AL",29,"R",21,21,9,5,0,117,351,488,3.6154,1.265,3.1268,3.7955,106,35,0.2172,0.0717,0.1455,3.1467,1.6556,"baseballr_fangraphs_pitcher_leaders_v1","2026-07-30 17:13:30 UTC"
2026,"695505","Chase Burns","CIN","NL",23,"R",20,20,12,1,0,112.2,338,455,2.3964,1.1183,3.4293,3.6344,128,41,0.2813,0.0901,0.1912,3.0509,2.3756,"baseballr_fangraphs_pitcher_leaders_v1","2026-07-30 17:13:30 UTC"
2026,"672282","Reid Detmers","LAA","AL",26,"L",22,22,3,7,0,125,375,513,4.032,1.096,3.3577,3.5908,145,38,0.2827,0.0741,0.2086,2.9648,0.8011,"baseballr_fangraphs_pitcher_leaders_v1","2026-07-30 17:13:30 UTC"
2026,"660271","Shohei Ohtani","LAD","NL",31,"R",14,14,8,2,0,85.2,257,340,1.786,0.9455,2.6195,3.2583,95,26,0.2794,0.0765,0.2029,2.9618,2.2388,"baseballr_fangraphs_pitcher_leaders_v1","2026-07-30 17:13:30 UTC"
2026,"663554","Casey Mize","DET","AL",29,"R",16,16,4,6,0,86.2,260,341,2.7,0.9923,2.5905,3.7933,85,19,0.2493,0.0557,0.1935,2.9378,1.4634,"baseballr_fangraphs_pitcher_leaders_v1","2026-07-30 17:13:30 UTC"
2026,"669373","Tarik Skubal","DET","AL",29,"L",16,16,7,5,0,96.2,290,374,2.7931,0.9103,2.6132,2.5144,116,14,0.3102,0.0374,0.2727,2.9261,1.5962,"baseballr_fangraphs_pitcher_leaders_v1","2026-07-30 17:13:30 UTC"
2026,"695243","Mason Miller","SDP","NL",27,"R",44,0,3,1,28,45.2,137,172,0.7883,0.7883,0.4382,1.3063,85,15,0.4942,0.0872,0.407,2.8881,3.6267,"baseballr_fangraphs_pitcher_leaders_v1","2026-07-30 17:13:30 UTC"
2026,"554430","Zack Wheeler","PHI","NL",36,"R",17,17,10,2,0,103,309,396,2.534,0.9223,3.0903,2.7522,123,23,0.3106,0.0581,0.2525,2.8621,2.7547,"baseballr_fangraphs_pitcher_leaders_v1","2026-07-30 17:13:30 UTC"
2026,"656876","Drew Rasmussen","TBR","AL",30,"R",20,20,9,5,0,111.1,334,439,3.0719,0.9341,3.1726,3.2504,112,19,0.2551,0.0433,0.2118,2.7931,1.7739,"baseballr_fangraphs_pitcher_leaders_v1","2026-07-30 17:13:30 UTC"
2026,"693433","Bryan Woo","SEA","AL",26,"R",20,20,7,7,0,115.1,346,475,4.3699,1.1358,3.1878,3.6727,114,24,0.24,0.0505,0.1895,2.7909,-0.7421,"baseballr_fangraphs_pitcher_leaders_v1","2026-07-30 17:13:30 UTC"
2026,"594798","Jacob deGrom","TEX","AL",38,"R",20,20,7,6,0,110.1,331,446,3.6707,1.0695,3.2547,3.1384,132,24,0.296,0.0538,0.2422,2.7747,1.133,"baseballr_fangraphs_pitcher_leaders_v1","2026-07-30 17:13:30 UTC"
2026,"669302","Logan Gilbert","SEA","AL",29,"R",21,21,8,6,0,125.2,377,496,3.4377,0.9947,3.3087,3.5162,133,27,0.2681,0.0544,0.2137,2.7579,0.8847,"baseballr_fangraphs_pitcher_leaders_v1","2026-07-30 17:13:30 UTC"
2026,"677952","Braxton Ashcraft","PIT","NL",26,"R",21,21,10,4,0,122.1,367,507,4.0463,1.1853,3.4857,3.2686,135,30,0.2663,0.0592,0.2071,2.7285,0.5622,"baseballr_fangraphs_pitcher_leaders_v1","2026-07-30 17:13:30 UTC"
2026,"676917","Cade Cavalli","WSN","NL",27,"R",23,23,8,4,0,116.2,350,503,3.5486,1.2943,3.2297,3.4354,130,36,0.2584,0.0716,0.1869,2.6536,0.4051,"baseballr_fangraphs_pitcher_leaders_v1","2026-07-30 17:13:30 UTC"
2026,"690997","Nolan McLean","NYM","NL",24,"R",21,21,7,7,0,119.1,358,496,3.3184,1.1145,3.336,3.3387,142,43,0.2863,0.0867,0.1996,2.6085,0.2041,"baseballr_fangraphs_pitcher_leaders_v1","2026-07-30 17:13:30 UTC"
2026,"669160","Dustin May","STL","NL",28,"R",21,21,5,7,0,109,327,459,4.3761,1.2844,3.1556,3.8874,106,35,0.2309,0.0763,0.1547,2.591,-0.3773,"baseballr_fangraphs_pitcher_leaders_v1","2026-07-30 17:13:30 UTC"
2026,"657746","Joe Ryan","MIN","AL",30,"R",22,22,6,7,0,120.1,361,498,3.5152,1.1136,3.4504,3.6285,135,25,0.2711,0.0502,0.2209,2.5323,-0.093,"baseballr_fangraphs_pitcher_leaders_v1","2026-07-30 17:13:30 UTC"
2026,"680732","Sean Burke","CHW","AL",26,"R",21,17,7,5,0,118.1,355,482,3.1944,1.1155,3.4309,3.7164,130,35,0.2697,0.0726,0.1971,2.5011,1.1845,"baseballr_fangraphs_pitcher_leaders_v1","2026-07-30 17:13:30 UTC"
2026,"668909","Gavin Williams","CLE","AL",26,"R",22,22,10,6,0,133.1,400,532,3.7125,1.0725,3.5597,2.8845,168,38,0.3158,0.0714,0.2444,2.495,0.9386,"baseballr_fangraphs_pitcher_leaders_v1","2026-07-30 17:13:30 UTC"
2026,"645261","Sandy Alcantara","MIA","NL",30,"R",23,23,11,6,0,150.2,452,625,3.823,1.208,3.9659,4.1689,115,39,0.184,0.0624,0.1216,2.4832,1.1907,"baseballr_fangraphs_pitcher_leaders_v1","2026-07-30 17:13:30 UTC"
2026,"669358","Shane Baz","BAL","AL",27,"R",21,21,4,9,0,122,366,526,3.9836,1.3852,3.4704,4.261,107,44,0.2034,0.0837,0.1198,2.4748,-0.7329,"baseballr_fangraphs_pitcher_leaders_v1","2026-07-30 17:13:30 UTC"
2026,"686973","Louis Varland","TOR","AL",28,"R",49,0,3,3,23,55,165,211,0.9818,0.9636,1.5097,2.1605,73,15,0.346,0.0711,0.2749,2.4519,3.6233,"baseballr_fangraphs_pitcher_leaders_v1","2026-07-30 17:13:30 UTC"
2026,"592332","Kevin Gausman","TOR","AL",35,"R",22,22,4,10,0,121.2,365,515,4.5123,1.2658,3.5782,3.8176,123,35,0.2388,0.068,0.1709,2.4472,-0.3458,"baseballr_fangraphs_pitcher_leaders_v1","2026-07-30 17:13:30 UTC"
2026,"669432","Trevor Rogers","BAL","AL",28,"L",20,20,6,7,0,109.2,329,463,4.2675,1.2766,3.5748,4.4053,89,32,0.1922,0.0691,0.1231,2.4205,0.1435,"baseballr_fangraphs_pitcher_leaders_v1","2026-07-30 17:13:30 UTC"
2026,"680736","Justin Wrobleski","LAD","NL",25,"L",18,17,11,2,0,112.2,338,449,2.8757,1.0207,3.6156,4.0986,87,21,0.1938,0.0468,0.147,2.3966,2.4459,"baseballr_fangraphs_pitcher_leaders_v1","2026-07-30 17:13:30 UTC"
2026,"676974","Max Meyer","MIA","NL",27,"R",20,20,9,1,0,111,333,462,2.6757,1.1351,3.5151,3.7653,121,41,0.2619,0.0887,0.1732,2.3896,1.9223,"baseballr_fangraphs_pitcher_leaders_v1","2026-07-30 17:13:30 UTC"
2026,"608331","Max Fried","NYY","AL",32,"L",12,12,4,3,0,69.2,209,271,3.2297,1.0191,2.5786,3.727,61,22,0.2251,0.0812,0.1439,2.2748,0.3498,"baseballr_fangraphs_pitcher_leaders_v1","2026-07-30 17:13:30 UTC"
2026,"657277","Logan Webb","SFG","NL",29,"R",19,19,6,7,0,119,357,486,3.9328,1.1176,3.4375,3.7355,93,30,0.1914,0.0617,0.1296,2.2729,0.7549,"baseballr_fangraphs_pitcher_leaders_v1","2026-07-30 17:13:30 UTC"
2026,"694738","Landen Roupp","SFG","NL",27,"R",21,21,7,9,0,113.2,341,475,4.1173,1.2581,3.3912,3.7104,114,48,0.24,0.1011,0.1389,2.2436,0.4722,"baseballr_fangraphs_pitcher_leaders_v1","2026-07-30 17:13:30 UTC"
2026,"801139","Payton Tolle","BOS","AL",23,"L",17,17,6,6,0,95,285,389,3.3158,1.1053,3.3939,3.8146,103,27,0.2648,0.0694,0.1954,2.2321,0.6145,"baseballr_fangraphs_pitcher_leaders_v1","2026-07-30 17:13:30 UTC"
2026,"669022","MacKenzie Gore","TEX","AL",27,"L",23,23,6,9,0,122.2,368,523,4.769,1.2554,3.8108,3.8677,136,44,0.26,0.0841,0.1759,2.1917,-0.8444,"baseballr_fangraphs_pitcher_leaders_v1","2026-07-30 17:13:30 UTC"
2026,"690986","Kyle Harrison","MIL","NL",24,"L",17,17,8,2,0,83.2,251,341,3.012,1.0757,3.1097,3.1414,101,20,0.2962,0.0587,0.2375,2.189,0.8003,"baseballr_fangraphs_pitcher_leaders_v1","2026-07-30 17:13:30 UTC"
2026,"663556","Shane McClanahan","TBR","AL",29,"L",19,19,9,6,0,96,288,397,3.0938,1.1354,3.3493,4.0373,88,33,0.2217,0.0831,0.1385,2.1843,1.0157,"baseballr_fangraphs_pitcher_leaders_v1","2026-07-30 17:13:30 UTC"
2026,"607259","Nick Martinez","TBR","AL",35,"R",20,20,10,2,0,117.1,352,473,2.4545,1.0994,3.7745,4.6609,67,20,0.1416,0.0423,0.0994,2.1792,2.4631,"baseballr_fangraphs_pitcher_leaders_v1","2026-07-30 17:13:30 UTC"
2026,"647336","Michael Soroka","ARI","NL",28,"R",15,15,8,3,0,82,246,333,3.0732,1.0854,2.939,3.624,79,17,0.2372,0.0511,0.1862,2.1462,1.8484,"baseballr_fangraphs_pitcher_leaders_v1","2026-07-30 17:13:30 UTC"
2026,"667755","José Soriano","LAA","AL",27,"R",22,22,9,6,0,123,369,511,3.2927,1.252,3.8008,3.7225,127,57,0.2485,0.1115,0.137,2.1229,1.2204,"baseballr_fangraphs_pitcher_leaders_v1","2026-07-30 17:13:30 UTC"
2026,"672456","Keider Montero","DET","AL",25,"R",23,17,7,6,1,110.1,331,443,3.3444,1.0151,3.7079,4.4847,79,23,0.1783,0.0519,0.1264,2.1003,1.3159,"baseballr_fangraphs_pitcher_leaders_v1","2026-07-30 17:13:30 UTC"
2026,"676962","Ben Brown","CHC","NL",26,"R",20,8,4,2,1,68,204,265,1.8529,0.9412,2.5068,3.4922,65,19,0.2453,0.0717,0.1736,2.0255,1.7418,"baseballr_fangraphs_pitcher_leaders_v1","2026-07-30 17:13:30 UTC"
2026,"669923","George Kirby","SEA","AL",28,"R",20,20,8,9,0,120,360,497,3.975,1.3,3.6514,3.6654,107,25,0.2153,0.0503,0.165,1.9757,-0.0738,"baseballr_fangraphs_pitcher_leaders_v1","2026-07-30 17:13:30 UTC"
2026,"656492","Foster Griffin","WSN","NL",30,"L",21,21,12,2,0,124,372,499,2.7581,1.0323,3.9404,3.6828,113,28,0.2265,0.0561,0.1703,1.9565,2.7921,"baseballr_fangraphs_pitcher_leaders_v1","2026-07-30 17:13:30 UTC"
2026,"661395","Jhoan Duran","PHI","NL",28,"R",38,0,1,4,24,35.1,106,141,2.0377,1.0189,1.1569,1.3931,53,6,0.3759,0.0426,0.3333,1.9434,1.3571,"baseballr_fangraphs_pitcher_leaders_v1","2026-07-30 17:13:30 UTC"
2026,"656641","Jacob Latz","TEX","AL",30,"L",40,1,2,1,21,50,150,182,1.8,0.66,2.5097,3.3154,51,11,0.2802,0.0604,0.2198,1.9017,2.3309,"baseballr_fangraphs_pitcher_leaders_v1","2026-07-30 17:13:30 UTC"
2026,"675660","Shane Drohan","MIL","NL",27,"L",21,11,5,4,1,82,246,342,3.5122,1.1951,3.0122,3.7344,82,23,0.2398,0.0673,0.1725,1.8989,-0.1868,"baseballr_fangraphs_pitcher_leaders_v1","2026-07-30 17:13:30 UTC"
2026,"608379","Michael Wacha","KCR","AL",34,"R",21,21,5,7,0,132.1,397,538,3.6045,1.1713,4.0845,4.3908,104,38,0.1933,0.0706,0.1227,1.8828,1.0486,"baseballr_fangraphs_pitcher_leaders_v1","2026-07-30 17:13:30 UTC"
2026,"650633","Michael King","SDP","NL",31,"R",22,22,6,7,0,125.1,376,515,3.375,1.1729,4.131,4.4371,109,50,0.2117,0.0971,0.1146,1.8516,1.5522,"baseballr_fangraphs_pitcher_leaders_v1","2026-07-30 17:13:30 UTC"
2026,"543243","Sonny Gray","BOS","AL",36,"R",19,19,12,2,0,106.2,320,431,2.7844,1.1625,3.7003,3.6244,93,28,0.2158,0.065,0.1508,1.8313,2.1852,"baseballr_fangraphs_pitcher_leaders_v1","2026-07-30 17:13:30 UTC"
2026,"669467","Andre Pallante","STL","NL",27,"R",20,20,11,6,0,112.1,337,469,3.7656,1.2107,3.8041,3.9905,83,32,0.177,0.0682,0.1087,1.8311,0.664,"baseballr_fangraphs_pitcher_leaders_v1","2026-07-30 17:13:30 UTC"
2026,"671737","Taj Bradley","MIN","AL",25,"R",21,21,9,4,0,120.2,362,504,3.6547,1.2099,3.9053,3.8175,139,49,0.2758,0.0972,0.1786,1.8296,1.2102,"baseballr_fangraphs_pitcher_leaders_v1","2026-07-30 17:13:30 UTC"
2026,"687064","Brandon Young","BAL","AL",27,"R",17,17,8,2,0,97.2,293,415,3.1331,1.2901,3.7445,4.4043,80,34,0.1928,0.0819,0.1108,1.8292,0.8647,"baseballr_fangraphs_pitcher_leaders_v1","2026-07-30 17:13:30 UTC"
2026,"680694","Kyle Bradish","BAL","AL",29,"R",21,21,7,9,0,118,354,501,3.7373,1.3644,3.8724,3.9847,114,52,0.2275,0.1038,0.1238,1.7976,-0.1701,"baseballr_fangraphs_pitcher_leaders_v1","2026-07-30 17:13:30 UTC"
2026,"677960","Ryan Weathers","NYY","AL",26,"L",20,20,4,7,0,108,324,456,4.25,1.2685,3.8134,3.2212,122,30,0.2675,0.0658,0.2018,1.7969,-0.3466,"baseballr_fangraphs_pitcher_leaders_v1","2026-07-30 17:13:30 UTC"
2026,"670970","Adrian Morejon","SDP","NL",27,"L",50,0,8,2,1,57.1,172,237,3.1395,1.1163,2.4993,2.6168,64,15,0.27,0.0633,0.2068,1.7948,1.1202,"baseballr_fangraphs_pitcher_leaders_v1","2026-07-30 17:13:30 UTC"
2026,"656730","Trevor Megill","MIL","NL",32,"R",41,0,2,2,17,39.1,118,159,2.9746,0.9915,1.5335,3.1615,49,11,0.3082,0.0692,0.239,1.7897,1.543,"baseballr_fangraphs_pitcher_leaders_v1","2026-07-30 17:13:30 UTC"
2026,"671922","Cade Smith","CLE","AL",27,"R",47,0,3,1,30,50,150,202,2.52,1.08,2.2497,2.6734,70,14,0.3465,0.0693,0.2772,1.7664,2.6927,"baseballr_fangraphs_pitcher_leaders_v1","2026-07-30 17:13:30 UTC"
2026,"593958","Eduardo Rodriguez","ARI","NL",33,"L",22,22,10,3,0,130.2,392,533,2.4796,1.2092,4.0893,4.6046,88,45,0.1651,0.0844,0.0807,1.7482,2.7314,"baseballr_fangraphs_pitcher_leaders_v1","2026-07-30 17:13:30 UTC"
2026,"676282","Joey Cantillo","CLE","AL",26,"L",23,23,8,6,0,113.2,341,492,3.8798,1.4516,3.8927,3.9887,124,54,0.252,0.1098,0.1423,1.7425,0.0978,"baseballr_fangraphs_pitcher_leaders_v1","2026-07-30 17:13:30 UTC"
2026,"676106","Emerson Hancock","SEA","AL",27,"R",20,20,6,5,0,110.1,331,438,3.2628,1.0423,3.7532,3.8311,102,27,0.2329,0.0616,0.1712,1.6588,1.2132,"baseballr_fangraphs_pitcher_leaders_v1","2026-07-30 17:13:30 UTC"
2026,"663567","Peter Lambert","HOU","AL",29,"R",18,18,8,5,0,103,309,429,3.0583,1.1456,3.9253,4.4761,100,39,0.2331,0.0909,0.1422,1.6496,1.6047,"baseballr_fangraphs_pitcher_leaders_v1","2026-07-30 17:13:30 UTC"
2026,"687396","Brent Headrick","NYY","AL",28,"L",54,0,6,1,0,54.1,163,219,1.3252,1.0859,2.2079,3.3569,63,17,0.2877,0.0776,0.21,1.6385,2.5293,"baseballr_fangraphs_pitcher_leaders_v1","2026-07-30 17:13:30 UTC"
2026,"691799","Grant Taylor","CHW","AL",24,"R",40,4,4,2,5,54.2,164,219,2.4695,1.0244,2.3048,2.6645,75,18,0.3425,0.0822,0.2603,1.6375,1.9865,"baseballr_fangraphs_pitcher_leaders_v1","2026-07-30 17:13:30 UTC"
2026,"669276","Dylan Lee","ATL","NL",31,"L",50,0,5,0,0,48.2,146,181,2.2192,0.7397,1.9385,2.7349,60,8,0.3315,0.0442,0.2873,1.5999,1.8786,"baseballr_fangraphs_pitcher_leaders_v1","2026-07-30 17:13:30 UTC"
2026,"687562","Jake Bennett","BOS","AL",25,"L",11,11,6,4,0,65.2,197,256,2.7411,0.9746,3.2925,3.8815,46,11,0.1797,0.043,0.1367,1.5587,1.5183,"baseballr_fangraphs_pitcher_leaders_v1","2026-07-30 17:13:30 UTC"
2026,"691587","Eury Pérez","MIA","NL",23,"R",18,18,5,8,0,98.2,296,399,3.5574,1.1149,4.0726,4.0596,106,38,0.2657,0.0952,0.1704,1.5538,0.2665,"baseballr_fangraphs_pitcher_leaders_v1","2026-07-30 17:13:30 UTC"
2026,"543135","Nathan Eovaldi","TEX","AL",36,"R",20,20,10,8,0,122.1,367,507,4.0463,1.1689,4.1806,3.2635,130,29,0.2564,0.0572,0.1992,1.5506,-0.1337,"baseballr_fangraphs_pitcher_leaders_v1","2026-07-30 17:13:30 UTC"
2026,"681035","Christian Scott","NYM","NL",27,"R",15,15,3,3,0,69.1,208,295,2.9856,1.2404,3.4847,3.7556,85,30,0.2881,0.1017,0.1864,1.5178,0.7337,"baseballr_fangraphs_pitcher_leaders_v1","2026-07-30 17:13:30 UTC"
2026,"700712","Walbert Ureña","LAA","AL",22,"R",19,17,6,7,0,93.1,280,401,2.7,1.2643,3.8919,4.363,88,49,0.2195,0.1222,0.0973,1.5088,1.0653,"baseballr_fangraphs_pitcher_leaders_v1","2026-07-30 17:13:30 UTC"
2026,"669387","Carmen Mlodzinski","PIT","NL",27,"R",24,9,6,3,2,91.1,274,391,3.2518,1.3358,3.5805,4.3537,72,30,0.1841,0.0767,0.1074,1.4201,0.9382,"baseballr_fangraphs_pitcher_leaders_v1","2026-07-30 17:13:30 UTC"
2026,"656945","Tanner Scott","LAD","NL",31,"L",46,0,1,3,16,43.2,131,164,2.4733,0.8244,2.2166,2.4923,56,6,0.3415,0.0366,0.3049,1.4189,1.5883,"baseballr_fangraphs_pitcher_leaders_v1","2026-07-30 17:13:30 UTC"
2026,"701656","Logan Henderson","MIL","NL",24,"R",9,9,5,1,0,44,132,169,2.6591,0.9091,2.8143,2.9657,54,9,0.3195,0.0533,0.2663,1.416,0.7808,"baseballr_fangraphs_pitcher_leaders_v1","2026-07-30 17:13:30 UTC"
2026,"800311","Didier Fuentes","ATL","NL",21,"R",37,1,4,1,1,45,135,188,2.6,1.1778,2.3764,3.2894,55,15,0.2926,0.0798,0.2128,1.4114,1.1457,"baseballr_fangraphs_pitcher_leaders_v1","2026-07-30 17:13:30 UTC"
2026,"702070","Noah Cameron","KCR","AL",26,"L",20,19,5,8,0,107.2,323,473,4.9319,1.4118,4.0292,4.1515,100,37,0.2114,0.0782,0.1332,1.4005,-1.146,"baseballr_fangraphs_pitcher_leaders_v1","2026-07-30 17:13:30 UTC"
2026,"571510","Matthew Boyd","CHC","NL",35,"L",12,12,6,1,0,66,198,274,3.4091,1.197,3.5643,3.9765,60,19,0.219,0.0693,0.1496,1.3877,0.9753,"baseballr_fangraphs_pitcher_leaders_v1","2026-07-30 17:13:30 UTC"
2026,"684007","Shota Imanaga","CHC","NL",32,"L",21,21,7,8,0,121,363,487,3.719,1.0992,4.399,3.9255,113,29,0.232,0.0595,0.1725,1.3847,1.3799,"baseballr_fangraphs_pitcher_leaders_v1","2026-07-30 17:13:30 UTC"
2026,"677958","Kumar Rocker","TEX","AL",26,"R",20,18,4,8,0,102.2,308,436,4.0325,1.2857,4.1422,4.1742,93,38,0.2133,0.0872,0.1261,1.3392,0.232,"baseballr_fangraphs_pitcher_leaders_v1","2026-07-30 17:13:30 UTC"
2026,"702056","Trey Yesavage","TOR","AL",22,"R",17,17,5,5,0,91.2,275,379,3.7309,1.1564,4.0806,4.5919,91,45,0.2401,0.1187,0.1214,1.3367,0.4293,"baseballr_fangraphs_pitcher_leaders_v1","2026-07-30 17:13:30 UTC"
2026,"674841","Andrew Alvarez","WSN","NL",27,"L",15,7,2,3,1,57.2,173,252,4.0578,1.5087,3.1097,3.69,58,28,0.2302,0.1111,0.119,1.3318,0.1396,"baseballr_fangraphs_pitcher_leaders_v1","2026-07-30 17:13:30 UTC"
2026,"656605","Mitch Keller","PIT","NL",30,"R",21,21,6,7,0,113.2,341,487,4.8299,1.3109,4.2798,4.5234,87,38,0.1786,0.078,0.1006,1.3276,-1.1282,"baseballr_fangraphs_pitcher_leaders_v1","2026-07-30 17:13:30 UTC"
2026,"681517","Kyle Leahy","STL","NL",29,"R",20,20,7,4,0,101.1,304,432,3.5526,1.3421,4.067,4.002,88,34,0.2037,0.0787,0.125,1.326,1.0524,"baseballr_fangraphs_pitcher_leaders_v1","2026-07-30 17:13:30 UTC"
2026,"607625","Seth Lugo","KCR","AL",36,"R",22,22,4,6,0,123.2,371,523,4.221,1.3666,4.2499,4.5101,96,40,0.1836,0.0765,0.1071,1.3133,-0.259,"baseballr_fangraphs_pitcher_leaders_v1","2026-07-30 17:13:30 UTC"
2026,"687570","Connor Prielipp","MIN","AL",25,"L",14,14,3,5,0,72.1,217,312,4.7281,1.2995,3.7318,4.0436,76,26,0.2436,0.0833,0.1603,1.311,-1.0508,"baseballr_fangraphs_pitcher_leaders_v1","2026-07-30 17:13:30 UTC"
2026,"696149","Bubba Chandler","PIT","NL",23,"R",21,20,3,8,0,104.2,314,463,4.6433,1.4236,4.3518,4.9889,93,57,0.2009,0.1231,0.0778,1.3102,-0.5458,"baseballr_fangraphs_pitcher_leaders_v1","2026-07-30 17:13:30 UTC"
2026,"671096","Andrew Abbott","CIN","NL",27,"L",22,22,5,6,0,117,351,505,3.8462,1.3846,4.7764,4.7771,94,54,0.1861,0.1069,0.0792,1.3048,0.4103,"baseballr_fangraphs_pitcher_leaders_v1","2026-07-30 17:13:30 UTC"
2026,"700241","Michael McGreevy","STL","NL",25,"R",21,21,4,9,0,116,348,469,3.569,1.1983,4.2304,4.2055,76,29,0.162,0.0618,0.1002,1.2706,1.0549,"baseballr_fangraphs_pitcher_leaders_v1","2026-07-30 17:13:30 UTC"
2026,"676477","Garrett Whitlock","BOS","AL",30,"R",41,0,6,1,2,40,120,152,2.025,0.875,2.4347,3.0225,42,6,0.2763,0.0395,0.2368,1.2703,2.5163,"baseballr_fangraphs_pitcher_leaders_v1","2026-07-30 17:13:30 UTC"
2026,"543037","Gerrit Cole","NYY","AL",35,"R",12,12,4,5,0,68,204,279,3.5735,1.0882,3.7274,3.7097,73,14,0.2616,0.0502,0.2115,1.265,0.4156,"baseballr_fangraphs_pitcher_leaders_v1","2026-07-30 17:13:30 UTC"
2026,"656427","Jack Flaherty","DET","AL",30,"R",19,19,3,8,0,86.1,259,389,4.5869,1.4131,4.1059,4.4981,102,42,0.2622,0.108,0.1542,1.2633,-1.2387,"baseballr_fangraphs_pitcher_leaders_v1","2026-07-30 17:13:30 UTC"
2026,"686218","Emmet Sheehan","LAD","NL",26,"R",19,19,4,7,0,92.2,278,396,4.9532,1.2518,4.4155,3.9886,104,29,0.2626,0.0732,0.1894,1.2615,-0.7815,"baseballr_fangraphs_pitcher_leaders_v1","2026-07-30 17:13:30 UTC"
2026,"683003","Jared Jones","PIT","NL",24,"R",11,11,2,2,0,52,156,208,3.8077,1.0192,3.4943,3.5622,58,15,0.2788,0.0721,0.2067,1.2565,0.3285,"baseballr_fangraphs_pitcher_leaders_v1","2026-07-30 17:13:30 UTC"
2026,"605540","Brandon Woodruff","MIL","NL",33,"R",9,9,2,2,0,45.1,136,174,2.9779,0.8382,3.198,3.9166,47,10,0.2701,0.0575,0.2126,1.236,0.601,"baseballr_fangraphs_pitcher_leaders_v1","2026-07-30 17:13:30 UTC"
2026,"656794","Sean Newcomb","CHW","AL",33,"L",39,1,1,2,3,57.2,173,239,2.9653,1.1618,3.0577,3.8495,55,21,0.2301,0.0879,0.1423,1.2236,1.9645,"baseballr_fangraphs_pitcher_leaders_v1","2026-07-30 17:13:30 UTC"
2026,"605280","Clay Holmes","NYM","NL",33,"R",9,9,4,4,0,52.2,158,215,2.3924,1.1013,3.2236,3.699,45,18,0.2093,0.0837,0.1256,1.2151,1.0237,"baseballr_fangraphs_pitcher_leaders_v1","2026-07-30 17:13:30 UTC"
2026,"547973","Aroldis Chapman","BOS","AL",38,"L",37,0,2,3,25,35.2,107,151,1.7664,1.2336,2.3527,3.3134,47,17,0.3113,0.1126,0.1987,1.2102,1.5898,"baseballr_fangraphs_pitcher_leaders_v1","2026-07-30 17:13:30 UTC"
2026,"642547","Freddy Peralta","NYM","NL",30,"R",22,22,5,9,0,113.2,341,512,4.9883,1.478,4.4646,4.2775,113,48,0.2207,0.0938,0.127,1.1913,-0.7678,"baseballr_fangraphs_pitcher_leaders_v1","2026-07-30 17:13:30 UTC"
2026,"666661","Juan Morillo","ARI","NL",27,"R",47,0,3,4,1,43.2,131,176,2.6794,1.0305,2.5601,3.0122,52,16,0.2955,0.0909,0.2045,1.191,0.4302,"baseballr_fangraphs_pitcher_leaders_v1","2026-07-30 17:13:30 UTC"
2026,"701542","Will Warren","NYY","AL",27,"R",21,20,7,5,0,102,306,450,4.4118,1.4118,4.1685,3.8861,102,36,0.2267,0.08,0.1467,1.185,-1.3219,"baseballr_fangraphs_pitcher_leaders_v1","2026-07-30 17:13:30 UTC"
2026,"669372","J.T. Ginn","ATH","AL",27,"R",22,19,8,6,0,109.1,328,457,3.4573,1.2165,4.3353,4.2818,100,49,0.2188,0.1072,0.1116,1.1816,0.2817,"baseballr_fangraphs_pitcher_leaders_v1","2026-07-30 17:13:30 UTC"
2026,"682243","Bryce Miller","SEA","AL",27,"R",12,11,4,5,0,68.2,206,264,2.7524,0.9175,3.6486,3.4756,71,11,0.2689,0.0417,0.2273,1.1338,1.0619,"baseballr_fangraphs_pitcher_leaders_v1","2026-07-30 17:13:30 UTC"
2026,"693686","Spencer Miles","TOR","AL",25,"R",29,4,4,2,0,69,207,278,3.2609,1.1014,2.9648,3.1497,66,19,0.2374,0.0683,0.1691,1.127,1.1489,"baseballr_fangraphs_pitcher_leaders_v1","2026-07-30 17:13:30 UTC"
2026,"670280","David Bednar","NYY","AL",31,"R",43,0,4,3,22,46,138,188,2.7391,1.0652,2.6967,2.9095,53,14,0.2819,0.0745,0.2074,1.114,1.7072,"baseballr_fangraphs_pitcher_leaders_v1","2026-07-30 17:13:30 UTC"
2026,"595345","Steven Okert","HOU","AL",34,"L",53,1,4,1,0,53.1,160,204,2.1938,0.8438,3.1472,4.1583,54,12,0.2647,0.0588,0.2059,1.1116,1.1825,"baseballr_fangraphs_pitcher_leaders_v1","2026-07-30 17:13:30 UTC"
2026,"664285","Framber Valdez","DET","AL",32,"L",21,21,5,7,0,113.1,340,503,4.5265,1.3765,4.2656,4.3152,92,41,0.1829,0.0815,0.1014,1.107,-0.0363,"baseballr_fangraphs_pitcher_leaders_v1","2026-07-30 17:13:30 UTC"
2026,"695611","Gage Jump","ATH","AL",23,"L",12,12,4,6,0,63,189,267,4,1.3968,3.7288,3.8816,68,25,0.2547,0.0936,0.161,1.1039,0.1806,"baseballr_fangraphs_pitcher_leaders_v1","2026-07-30 17:13:30 UTC"
2026,"676879","Aaron Ashby","MIL","NL",28,"L",51,1,12,2,0,60.2,182,269,3.8571,1.4505,3.0768,3.1614,83,31,0.3086,0.1152,0.1933,1.0968,-0.4703,"baseballr_fangraphs_pitcher_leaders_v1","2026-07-30 17:13:30 UTC"
2026,"699134","Bradgley Rodriguez","SDP","NL",22,"R",44,3,2,2,0,46.1,139,194,2.3309,1.1655,2.6781,3.6636,47,16,0.2423,0.0825,0.1598,1.0944,-0.5882,"baseballr_fangraphs_pitcher_leaders_v1","2026-07-30 17:13:30 UTC"
2026,"596133","Luke Weaver","NYM","NL",32,"R",41,0,2,1,1,43,129,166,1.8837,0.8372,2.8772,3.5303,44,11,0.2651,0.0663,0.1988,1.0827,2.6293,"baseballr_fangraphs_pitcher_leaders_v1","2026-07-30 17:13:30 UTC"
2026,"656546","Jeff Hoffman","TOR","AL",33,"R",49,0,5,7,5,46,138,207,4.1087,1.3913,2.5445,2.541,72,17,0.3478,0.0821,0.2657,1.0799,-1.8998,"baseballr_fangraphs_pitcher_leaders_v1","2026-07-30 17:13:30 UTC"
2026,"693821","Bryce Elder","ATL","NL",27,"R",20,20,6,6,0,113.2,341,479,3.9589,1.2493,4.4734,4.0512,98,37,0.2046,0.0772,0.1273,1.0662,-0.0962,"baseballr_fangraphs_pitcher_leaders_v1","2026-07-30 17:13:30 UTC"
2026,"643511","Tyler Rogers","TOR","AL",35,"R",50,0,1,2,2,48,144,197,1.6875,1.125,2.8597,3.908,27,14,0.1371,0.0711,0.066,1.0653,1.4288,"baseballr_fangraphs_pitcher_leaders_v1","2026-07-30 17:13:30 UTC"
2026,"641329","Bryan Baker","TBR","AL",31,"R",43,0,1,0,29,41.1,124,159,1.5242,0.8468,2.6742,3.5207,43,13,0.2704,0.0818,0.1887,1.065,1.3794,"baseballr_fangraphs_pitcher_leaders_v1","2026-07-30 17:13:30 UTC"
2026,"621111","Walker Buehler","SDP","NL",31,"R",21,21,6,5,0,100,300,434,5.13,1.41,4.3597,4.2097,91,42,0.2097,0.0968,0.1129,1.061,-0.7174,"baseballr_fangraphs_pitcher_leaders_v1","2026-07-30 17:13:30 UTC"
2026,"622608","Antonio Senzatela","COL","NL",31,"R",33,0,9,2,3,51.2,155,216,3.6581,1.2968,3.4194,4.036,45,17,0.2083,0.0787,0.1296,1.0454,-0.0154,"baseballr_fangraphs_pitcher_leaders_v1","2026-07-30 17:13:30 UTC"
2026,"607192","Tyler Glasnow","LAD","NL",32,"R",7,7,3,0,0,39.2,119,148,2.7227,0.8319,3.261,2.9292,49,13,0.3311,0.0878,0.2432,1.0445,0.5485,"baseballr_fangraphs_pitcher_leaders_v1","2026-07-30 17:13:30 UTC"
2026,"675512","Troy Melton","DET","AL",25,"R",11,11,6,1,0,67,201,260,1.7463,0.9254,3.9008,3.8732,60,21,0.2308,0.0808,0.15,1.0121,1.7545,"baseballr_fangraphs_pitcher_leaders_v1","2026-07-30 17:13:30 UTC"
2026,"676083","Janson Junk","MIA","NL",30,"R",14,14,4,6,0,73.2,221,316,4.8869,1.3575,4.3586,4.3216,57,20,0.1804,0.0633,0.1171,1.0013,-0.3358,"baseballr_fangraphs_pitcher_leaders_v1","2026-07-30 17:13:30 UTC"
2026,"641927","Bailey Ober","MIN","AL",30,"R",15,15,7,3,0,81,243,342,4.5556,1.2469,4.6036,4.7571,60,22,0.1754,0.0643,0.1111,0.9776,-0.294,"baseballr_fangraphs_pitcher_leaders_v1","2026-07-30 17:13:30 UTC"
2026,"663542","Bryan Hudson","CHW","AL",29,"L",47,6,3,4,4,45.2,137,195,2.9562,1.292,3.1316,4.0313,44,17,0.2256,0.0872,0.1385,0.975,0.3835,"baseballr_fangraphs_pitcher_leaders_v1","2026-07-30 17:13:30 UTC"
2026,"694477","Chad Patrick","MIL","NL",27,"R",35,6,5,4,4,80.1,241,330,3.5851,1.2324,3.8691,4.5104,68,30,0.2061,0.0909,0.1152,0.9716,1.1495,"baseballr_fangraphs_pitcher_leaders_v1","2026-07-30 17:13:30 UTC"
2026,"641302","Tyler Alexander","TEX","AL",31,"L",48,4,1,1,4,46,138,196,3.1304,1.3261,2.8489,3.7089,40,12,0.2041,0.0612,0.1429,0.9628,0.3508,"baseballr_fangraphs_pitcher_leaders_v1","2026-07-30 17:13:30 UTC"
2026,"702193","Andrew Morris","MIN","AL",24,"R",39,2,4,2,3,50,150,212,3.24,1.26,2.9297,3.7659,51,16,0.2406,0.0755,0.1651,0.9605,0.5184,"baseballr_fangraphs_pitcher_leaders_v1","2026-07-30 17:13:30 UTC"
2026,"805299","Brandyn Garcia","ARI","NL",26,"L",35,0,0,1,2,29,87,110,2.1724,0.8276,1.7304,2.4665,35,7,0.3182,0.0636,0.2545,0.9602,1.2925,"baseballr_fangraphs_pitcher_leaders_v1","2026-07-30 17:13:30 UTC"
2026,"607074","Carlos Rodón","NYY","AL",33,"L",9,9,4,2,0,46.1,139,194,3.3022,1.2518,3.455,4.0612,52,26,0.268,0.134,0.134,0.9395,-0.0995,"baseballr_fangraphs_pitcher_leaders_v1","2026-07-30 17:13:30 UTC"
2026,"676440","Tanner Bibee","CLE","AL",27,"R",22,22,4,10,0,125,375,510,3.888,1.184,4.5737,4.3112,97,37,0.1902,0.0725,0.1176,0.9356,0.613,"baseballr_fangraphs_pitcher_leaders_v1","2026-07-30 17:13:30 UTC"
2026,"682842","Abner Uribe","MIL","NL",26,"R",43,0,4,2,6,42.2,128,168,2.3203,1.0781,3.1566,3.4575,41,15,0.244,0.0893,0.1548,0.9335,2.3319,"baseballr_fangraphs_pitcher_leaders_v1","2026-07-30 17:13:30 UTC"
2026,"693855","Ian Seymour","TBR","AL",27,"L",36,7,7,3,2,78.1,235,323,4.366,1.1234,4.0289,4.0227,90,28,0.2786,0.0867,0.192,0.9306,1.4079,"baseballr_fangraphs_pitcher_leaders_v1","2026-07-30 17:13:30 UTC"
2026,"695076","Rhett Lowder","CIN","NL",24,"R",18,15,3,7,0,77,231,353,5.6104,1.5714,4.5383,4.8405,65,37,0.1841,0.1048,0.0793,0.9256,-0.5547,"baseballr_fangraphs_pitcher_leaders_v1","2026-07-30 17:13:30 UTC"
2026,"657514","Brennan Bernardino","COL","NL",34,"L",51,2,3,3,1,44.2,134,186,2.6194,1.1642,3.1097,4.0978,34,12,0.1828,0.0645,0.1183,0.9217,-0.2102,"baseballr_fangraphs_pitcher_leaders_v1","2026-07-30 17:13:30 UTC"
2026,"670059","Colin Holderman","CLE","AL",30,"R",42,0,6,2,1,42,126,162,1.7143,0.8333,2.7526,3.4958,41,15,0.2531,0.0926,0.1605,0.9208,2.4172,"baseballr_fangraphs_pitcher_leaders_v1","2026-07-30 17:13:30 UTC"
2026,"547179","Michael Lorenzen","COL","NL",34,"R",23,22,3,9,0,104.2,314,502,6.535,1.8057,4.8581,4.6772,80,40,0.1594,0.0797,0.0797,0.92,-2.5301,"baseballr_fangraphs_pitcher_leaders_v1","2026-07-30 17:13:30 UTC"
2026,"643377","Griffin Jax","TBR","AL",31,"R",28,17,6,8,0,86.2,260,358,3.7385,1.2346,4.0443,3.4842,92,30,0.257,0.0838,0.1732,0.8954,0.0215,"baseballr_fangraphs_pitcher_leaders_v1","2026-07-30 17:13:30 UTC"
2026,"628452","Raisel Iglesias","ATL","NL",36,"R",37,0,0,2,22,38,114,150,2.3684,1.0526,2.8466,3.1633,43,8,0.2867,0.0533,0.2333,0.8948,1.0719,"baseballr_fangraphs_pitcher_leaders_v1","2026-07-30 17:13:30 UTC"
2026,"682254","Mason Montgomery","PIT","NL",26,"L",44,5,4,3,2,43.1,130,183,3.9462,1.2231,2.9482,2.5389,66,20,0.3607,0.1093,0.2514,0.894,1.3736,"baseballr_fangraphs_pitcher_leaders_v1","2026-07-30 17:13:30 UTC"
2026,"601713","Nick Pivetta","SDP","NL",33,"R",4,4,1,2,0,16,48,66,4.5,1.125,1.2347,3.2359,24,6,0.3636,0.0909,0.2727,0.8924,0.0686,"baseballr_fangraphs_pitcher_leaders_v1","2026-07-30 17:13:30 UTC"
2026,"623352","Josh Hader","HOU","AL",32,"L",24,0,3,1,14,22,66,86,1.2273,0.9091,2.0643,2.7901,33,10,0.3837,0.1163,0.2674,0.8909,1.6997,"baseballr_fangraphs_pitcher_leaders_v1","2026-07-30 17:13:30 UTC"
2026,"662253","Andrés Muñoz","SEA","AL",27,"R",41,0,3,4,19,38.1,115,163,3.9913,1.2261,2.7184,2.5154,59,16,0.362,0.0982,0.2638,0.8848,-0.3117,"baseballr_fangraphs_pitcher_leaders_v1","2026-07-30 17:13:30 UTC"
2026,"518585","Fernando Cruz","NYY","AL",36,"R",50,0,4,4,2,45.1,136,193,2.5809,1.3015,3.4185,4.5426,56,27,0.2902,0.1399,0.1503,0.8776,1.4733,"baseballr_fangraphs_pitcher_leaders_v1","2026-07-30 17:13:30 UTC"
2026,"687312","Gabriel Hughes","COL","NL",24,"R",5,4,0,3,1,24.1,73,99,3.3288,1.1918,2.37,4.0618,21,7,0.2121,0.0707,0.1414,0.8666,0.2767,"baseballr_fangraphs_pitcher_leaders_v1","2026-07-30 17:13:30 UTC"
2026,"596001","Jakob Junis","TEX","AL",33,"R",36,1,1,1,5,40,120,164,2.7,1.075,3.0097,4.1512,30,7,0.1829,0.0427,0.1402,0.8502,1.7268,"baseballr_fangraphs_pitcher_leaders_v1","2026-07-30 17:13:30 UTC"
2026,"669622","Anthony Bender","MIA","NL",31,"R",35,0,1,1,2,34.1,103,140,2.6214,0.9612,2.4107,3.4087,41,12,0.2929,0.0857,0.2071,0.8495,0.7347,"baseballr_fangraphs_pitcher_leaders_v1","2026-07-30 17:13:30 UTC"
2026,"669330","Tyler Wells","BAL","AL",31,"R",42,0,2,2,3,53,159,208,2.717,0.9811,3.4305,4.0013,53,13,0.2548,0.0625,0.1923,0.8473,1.3817,"baseballr_fangraphs_pitcher_leaders_v1","2026-07-30 17:13:30 UTC"
2026,"656848","Michael Petersen","MIA","NL",32,"R",43,0,1,1,1,44.1,133,176,2.8421,1.015,3.3353,3.9851,51,18,0.2898,0.1023,0.1875,0.8463,1.8111,"baseballr_fangraphs_pitcher_leaders_v1","2026-07-30 17:13:30 UTC"
2026,"623211","Huascar Brazobán","NYM","NL",36,"R",45,6,5,2,0,51.2,155,203,2.6129,1.0065,3.3807,3.8358,47,22,0.2315,0.1084,0.1232,0.8417,1.3054,"baseballr_fangraphs_pitcher_leaders_v1","2026-07-30 17:13:30 UTC"
2026,"663158","Robert Suarez","ATL","NL",35,"R",31,0,4,0,4,32,96,121,0.5625,0.8438,2.4535,3.429,26,6,0.2149,0.0496,0.1653,0.8341,1.8939,"baseballr_fangraphs_pitcher_leaders_v1","2026-07-30 17:13:30 UTC"
2026,"687330","Kevin Kelly","TBR","AL",28,"R",45,0,5,3,4,49.2,149,185,2.1745,0.8456,3.2104,2.9002,40,8,0.2162,0.0432,0.173,0.8281,2.1613,"baseballr_fangraphs_pitcher_leaders_v1","2026-07-30 17:13:30 UTC"
2026,"592662","Robbie Ray","SFG","NL",34,"L",21,20,9,6,0,116.2,350,490,3.1629,1.3114,4.4897,4.8178,101,56,0.2061,0.1143,0.0918,0.8276,1.1317,"baseballr_fangraphs_pitcher_leaders_v1","2026-07-30 17:13:30 UTC"
2026,"607536","Kyle Freeland","COL","NL",33,"L",19,19,2,10,0,99.1,298,452,7.3389,1.5503,4.9319,4.1943,85,21,0.1881,0.0465,0.1416,0.8154,-2.7319,"baseballr_fangraphs_pitcher_leaders_v1","2026-07-30 17:13:30 UTC"
2026,"681911","Alex Vesia","LAD","NL",30,"L",48,0,1,1,3,37,111,156,2.6757,1.1892,3.0286,4.0567,52,25,0.3333,0.1603,0.1731,0.8006,1.3705,"baseballr_fangraphs_pitcher_leaders_v1","2026-07-30 17:13:30 UTC"
2026,"682608","Peyton Gray","TEX","AL",31,"R",33,0,5,0,0,39.1,118,172,3.4322,1.2458,3.1097,3.9013,42,12,0.2442,0.0698,0.1744,0.7961,0.1524,"baseballr_fangraphs_pitcher_leaders_v1","2026-07-30 17:13:30 UTC"
2026,"694297","Brandon Pfaadt","ARI","NL",27,"R",19,9,5,1,0,72,216,308,4,1.2917,4.2347,4.5479,49,21,0.1591,0.0682,0.0909,0.7947,-0.1009,"baseballr_fangraphs_pitcher_leaders_v1","2026-07-30 17:13:30 UTC"
2026,"677944","Slade Cecconi","CLE","AL",27,"R",21,21,4,7,0,107.1,322,473,4.7795,1.472,4.5445,4.4249,84,35,0.1776,0.074,0.1036,0.7934,-1.2968,"baseballr_fangraphs_pitcher_leaders_v1","2026-07-30 17:13:30 UTC"
2026,"663460","Kris Bubic","KCR","AL",28,"L",9,9,3,2,0,50.1,151,207,4.1126,1.2318,3.7256,4.1768,51,26,0.2464,0.1256,0.1208,0.7859,0.3849,"baseballr_fangraphs_pitcher_leaders_v1","2026-07-30 17:13:30 UTC"
2026,"664991","Grant Wolfram","BAL","AL",29,"L",41,0,4,2,1,33,99,144,4.0909,1.2727,2.5037,3.6344,36,9,0.25,0.0625,0.1875,0.7764,0.111,"baseballr_fangraphs_pitcher_leaders_v1","2026-07-30 17:13:30 UTC"
2026,"663738","Daniel Lynch IV","KCR","AL",29,"L",45,0,4,2,1,45,135,179,2,0.9333,3.1097,4.1922,34,12,0.1899,0.067,0.1229,0.7763,1.761,"baseballr_fangraphs_pitcher_leaders_v1","2026-07-30 17:13:30 UTC"
2026,"683618","Edgardo Henriquez","LAD","NL",24,"R",40,0,4,1,1,41.2,125,166,2.808,1.008,2.9897,3.9219,42,18,0.253,0.1084,0.1446,0.7666,1.0389,"baseballr_fangraphs_pitcher_leaders_v1","2026-07-30 17:13:30 UTC"
2026,"641816","Tyler Mahle","SFG","NL",31,"R",17,17,3,9,0,89,267,379,4.9551,1.4045,4.4243,4.2215,80,35,0.2111,0.0923,0.1187,0.7643,-0.3012,"baseballr_fangraphs_pitcher_leaders_v1","2026-07-30 17:13:30 UTC"
2026,"642397","Gregory Soto","PIT","NL",31,"L",45,0,5,2,13,44.2,134,183,3.6269,1.0299,3.6918,3.7727,51,18,0.2787,0.0984,0.1803,0.7593,1.3689,"baseballr_fangraphs_pitcher_leaders_v1","2026-07-30 17:13:30 UTC"
2026,"660853","Enyel De Los Santos","HOU","AL",30,"R",47,0,1,3,5,50,150,205,4.32,1.18,3.4297,3.7603,49,12,0.239,0.0585,0.1805,0.7343,0.4118,"baseballr_fangraphs_pitcher_leaders_v1","2026-07-30 17:13:30 UTC"
2026,"666974","Yennier Cano","BAL","AL",32,"R",48,0,2,2,1,36.2,110,146,2.2091,0.9545,2.5097,3.1532,31,8,0.2123,0.0548,0.1575,0.7243,0.4185,"baseballr_fangraphs_pitcher_leaders_v1","2026-07-30 17:13:30 UTC"
2026,"696519","Samy Natera Jr.","LAA","AL",26,"L",19,0,1,0,1,21.2,65,85,2.0769,0.8769,2.279,3.579,32,10,0.3765,0.1176,0.2588,0.7172,0.6091,"baseballr_fangraphs_pitcher_leaders_v1","2026-07-30 17:13:30 UTC"
2026,"548384","Brooks Raley","NYM","NL",38,"L",43,0,4,5,0,38.2,116,162,2.0948,1.1379,3.1614,4.1452,39,15,0.2407,0.0926,0.1481,0.7167,0.6391,"baseballr_fangraphs_pitcher_leaders_v1","2026-07-30 17:13:30 UTC"
2026,"642207","Devin Williams","NYM","NL",31,"R",39,0,3,2,15,35.2,107,164,4.2897,1.5981,3.0536,3.3709,49,19,0.2988,0.1159,0.1829,0.7139,0.6264,"baseballr_fangraphs_pitcher_leaders_v1","2026-07-30 17:13:30 UTC"
2026,"680742","Jonathan Bowlan","PHI","NL",29,"R",40,0,2,1,0,37.2,113,150,3.1062,1.0088,2.977,2.8108,45,9,0.3,0.06,0.24,0.6958,-0.3544,"baseballr_fangraphs_pitcher_leaders_v1","2026-07-30 17:13:30 UTC"
2026,"663623","Jake Irvin","WSN","NL",29,"R",11,11,2,4,0,51.2,155,228,5.2258,1.3548,4.2517,4.2315,58,22,0.2544,0.0965,0.1579,0.6734,-0.6408,"baseballr_fangraphs_pitcher_leaders_v1","2026-07-30 17:13:30 UTC"
2026,"804267","Zac Thornton","NYM","NL",24,"L",5,5,2,1,0,29.2,89,110,2.427,0.9101,3.2108,3.8763,22,7,0.2,0.0636,0.1364,0.6721,0.7846,"baseballr_fangraphs_pitcher_leaders_v1","2026-07-30 17:13:30 UTC"
2026,"668881","Hunter Greene","CIN","NL",26,"R",4,4,2,2,0,21.2,65,94,7.0615,1.3385,3.202,3.0909,29,7,0.3085,0.0745,0.234,0.6719,-0.1424,"baseballr_fangraphs_pitcher_leaders_v1","2026-07-30 17:13:30 UTC"
2026,"681870","Erik Sabrowski","CLE","AL",28,"L",39,0,4,2,0,31,93,132,3.4839,1.2903,3.0452,3.5578,52,21,0.3939,0.1591,0.2348,0.6717,0.8299,"baseballr_fangraphs_pitcher_leaders_v1","2026-07-30 17:13:30 UTC"
2026,"681895","Evan Sisk","PIT","NL",29,"L",32,0,1,0,0,36.1,109,152,2.2294,1.1835,3.0272,3.6544,43,13,0.2829,0.0855,0.1974,0.6625,-0.7914,"baseballr_fangraphs_pitcher_leaders_v1","2026-07-30 17:13:30 UTC"
2026,"813349","Connelly Early","BOS","AL",24,"L",17,17,7,5,0,91.2,275,390,3.4364,1.2545,4.6152,4.1346,93,34,0.2385,0.0872,0.1513,0.6621,1.0272,"baseballr_fangraphs_pitcher_leaders_v1","2026-07-30 17:13:30 UTC"
2026,"641743","Anthony Kay","CHW","AL",31,"L",22,20,7,5,0,103.2,311,467,4.254,1.3601,4.9522,4.8144,87,41,0.1863,0.0878,0.0985,0.6595,-0.5377,"baseballr_fangraphs_pitcher_leaders_v1","2026-07-30 17:13:30 UTC"
2026,"686790","Trevor McDonald","SFG","NL",25,"R",14,14,3,7,0,70.1,211,310,5.1185,1.3081,4.2756,4.1524,57,23,0.1839,0.0742,0.1097,0.6582,-0.461,"baseballr_fangraphs_pitcher_leaders_v1","2026-07-30 17:13:30 UTC"
2026,"663903","Brady Singer","CIN","NL",29,"R",21,21,5,10,0,107.2,323,479,4.3467,1.4211,5.1809,4.3872,91,36,0.19,0.0752,0.1148,0.6558,-0.832,"baseballr_fangraphs_pitcher_leaders_v1","2026-07-30 17:13:30 UTC"
2026,"527048","Martín Pérez","ATL","NL",35,"L",20,16,6,6,0,90.1,271,373,3.4871,1.2288,4.4603,4.2951,69,37,0.185,0.0992,0.0858,0.6549,0.5654,"baseballr_fangraphs_pitcher_leaders_v1","2026-07-30 17:13:30 UTC"
2026,"579328","Yusei Kikuchi","LAA","AL",35,"L",7,7,0,3,0,31,93,142,5.8065,1.5806,3.6904,4.3013,33,14,0.2324,0.0986,0.1338,0.6543,-0.4488,"baseballr_fangraphs_pitcher_leaders_v1","2026-07-30 17:13:30 UTC"
2026,"694361","Will Klein","LAD","NL",26,"R",35,3,3,4,2,40.1,121,180,3.5702,1.5124,3.432,3.5614,46,20,0.2556,0.1111,0.1444,0.6501,-0.4159,"baseballr_fangraphs_pitcher_leaders_v1","2026-07-30 17:13:30 UTC"
2026,"594027","Tyron Guerrero","BOS","AL",35,"R",24,0,1,1,0,25,75,102,2.16,1,2.4297,2.6095,29,3,0.2843,0.0294,0.2549,0.6388,0.5815,"baseballr_fangraphs_pitcher_leaders_v1","2026-07-30 17:13:30 UTC"
2026,"642528","Jonathan Loáisiga","ARI","NL",31,"R",45,0,2,3,1,42,126,166,2.5714,1.0476,2.9669,3.7999,31,9,0.1867,0.0542,0.1325,0.6276,0.153,"baseballr_fangraphs_pitcher_leaders_v1","2026-07-30 17:13:30 UTC"
2026,"640455","Sean Manaea","NYM","NL",34,"L",23,9,2,5,0,91.2,275,401,4.4182,1.3418,4.3425,4.2619,88,30,0.2195,0.0748,0.1446,0.6162,-0.6769,"baseballr_fangraphs_pitcher_leaders_v1","2026-07-30 17:13:30 UTC"
2026,"641835","Tim Mayza","PHI","NL",34,"L",42,4,2,3,0,48.1,145,195,3.9103,1.0966,3.2132,3.1617,48,11,0.2462,0.0564,0.1897,0.612,-0.5031,"baseballr_fangraphs_pitcher_leaders_v1","2026-07-30 17:13:30 UTC"
2026,"676534","Calvin Faucher","MIA","NL",30,"R",46,0,5,5,1,45.1,136,202,4.5662,1.5,3.2641,4.2395,46,30,0.2277,0.1485,0.0792,0.6017,-1.3489,"baseballr_fangraphs_pitcher_leaders_v1","2026-07-30 17:13:30 UTC"
2026,"622663","Luis Severino","ATH","AL",32,"R",12,12,2,6,0,62.2,188,271,4.1649,1.4681,4.4821,4.1722,65,31,0.2399,0.1144,0.1255,0.5825,-0.5081,"baseballr_fangraphs_pitcher_leaders_v1","2026-07-30 17:13:30 UTC"
2026,"622491","Luis Castillo","SEA","AL",33,"R",20,17,3,9,0,99.2,299,443,5.0569,1.3946,4.5846,4.5629,86,32,0.1941,0.0722,0.1219,0.5824,-1.6691,"baseballr_fangraphs_pitcher_leaders_v1","2026-07-30 17:13:30 UTC"
2026,"675848","Juan Mejia","COL","NL",25,"R",43,1,3,6,4,47.1,142,213,5.5141,1.5845,3.9548,4.3057,48,26,0.2254,0.1221,0.1033,0.5784,-0.6465,"baseballr_fangraphs_pitcher_leaders_v1","2026-07-30 17:13:30 UTC"
2026,"643410","Mark Leiter Jr.","ATH","AL",35,"R",36,0,0,1,4,33.2,101,144,4.2772,1.3069,2.9612,3.5023,38,11,0.2639,0.0764,0.1875,0.5753,-0.1683,"baseballr_fangraphs_pitcher_leaders_v1","2026-07-30 17:13:30 UTC"
2026,"605400","Aaron Nola","PHI","NL",33,"R",22,22,3,9,0,114,342,498,5.6053,1.4474,5.0922,3.9997,116,39,0.2329,0.0783,0.1546,0.5682,-1.5627,"baseballr_fangraphs_pitcher_leaders_v1","2026-07-30 17:13:30 UTC"
2026,"690953","Mick Abel","MIN","AL",24,"R",4,3,1,2,0,20.1,61,93,3.9836,1.5738,2.7655,4.3401,23,10,0.2473,0.1075,0.1398,0.5668,-0.1773,"baseballr_fangraphs_pitcher_leaders_v1","2026-07-30 17:13:30 UTC"
2026,"676263","Jack Dreyer","LAD","NL",27,"L",43,1,4,1,0,42.2,128,170,3.1641,1.0313,3.555,3.1563,49,12,0.2882,0.0706,0.2176,0.5639,-0.3468,"baseballr_fangraphs_pitcher_leaders_v1","2026-07-30 17:13:30 UTC"
2026,"621237","José Alvarado","PHI","NL",31,"L",46,0,3,3,1,40,120,186,5.85,1.525,3.4097,3.6725,53,15,0.2849,0.0806,0.2043,0.5524,0.2568,"baseballr_fangraphs_pitcher_leaders_v1","2026-07-30 17:13:30 UTC"
2026,"679358","Eric Orze","MIN","AL",28,"R",36,0,2,2,1,41.1,124,189,5.6613,1.5242,3.3517,4.734,36,21,0.1905,0.1111,0.0794,0.5491,-0.6502,"baseballr_fangraphs_pitcher_leaders_v1","2026-07-30 17:13:30 UTC"
2026,"681217","Chase Silseth","LAA","AL",26,"R",47,0,3,2,0,39.2,119,174,2.7227,1.4118,3.4122,3.9281,48,22,0.2759,0.1264,0.1494,0.5462,0.0145,"baseballr_fangraphs_pitcher_leaders_v1","2026-07-30 17:13:30 UTC"
2026,"683004","Jack Leiter","TEX","AL",26,"R",15,15,3,7,0,80,240,355,5.2875,1.4375,4.7722,4.2887,83,35,0.2338,0.0986,0.1352,0.546,-1.0515,"baseballr_fangraphs_pitcher_leaders_v1","2026-07-30 17:13:30 UTC"
2026,"625643","Reynaldo López","ATL","NL",32,"R",24,11,4,3,0,71.2,215,306,3.6419,1.3395,4.3376,4.4384,66,29,0.2157,0.0948,0.1209,0.5449,-0.0193,"baseballr_fangraphs_pitcher_leaders_v1","2026-07-30 17:13:30 UTC"
2026,"686613","Hunter Brown","HOU","AL",27,"R",9,9,2,1,0,47,141,200,3.4468,1.2766,4.4076,4.2898,50,28,0.25,0.14,0.11,0.5435,0.1485,"baseballr_fangraphs_pitcher_leaders_v1","2026-07-30 17:13:30 UTC"
2026,"656464","Kevin Ginkel","ARI","NL",32,"R",48,0,4,3,0,45.1,136,181,3.1765,1.125,3.4406,3.7221,43,12,0.2376,0.0663,0.1713,0.5369,0.7892,"baseballr_fangraphs_pitcher_leaders_v1","2026-07-30 17:13:30 UTC"
2026,"808963","Roki Sasaki","LAD","NL",24,"R",18,18,4,5,0,93.2,281,399,4.7082,1.2918,5.1916,4.1412,94,36,0.2356,0.0902,0.1454,0.5306,-0.7591,"baseballr_fangraphs_pitcher_leaders_v1","2026-07-30 17:13:30 UTC"
2026,"657097","Jacob Webb","CHC","NL",32,"R",47,0,3,2,5,46.1,139,196,2.7194,1.2734,3.5198,3.2843,55,17,0.2806,0.0867,0.1939,0.5286,0.5429,"baseballr_fangraphs_pitcher_leaders_v1","2026-07-30 17:13:30 UTC"
2026,"642121","Cole Sulser","TBR","AL",36,"R",41,2,1,0,2,46.1,139,197,4.8561,1.3165,3.6277,3.82,48,14,0.2437,0.0711,0.1726,0.523,0.6541,"baseballr_fangraphs_pitcher_leaders_v1","2026-07-30 17:13:30 UTC"
2026,"689266","Dylan Dodd","ATL","NL",28,"L",28,0,2,1,1,32.2,98,125,2.2041,0.8265,3.2016,3.688,36,11,0.288,0.088,0.2,0.518,0.5955,"baseballr_fangraphs_pitcher_leaders_v1","2026-07-30 17:13:30 UTC"
2026,"687377","Orlando Ribalta","WSN","NL",28,"R",34,0,0,2,2,31.2,95,131,3.6947,1.2316,3.5203,4.2628,31,12,0.2366,0.0916,0.145,0.5175,1.3014,"baseballr_fangraphs_pitcher_leaders_v1","2026-07-30 17:13:30 UTC"
2026,"687473","Ryan Gusto","MIA","NL",27,"R",13,8,0,2,0,39,117,175,5.3077,1.4359,3.8533,4.2792,34,13,0.1943,0.0743,0.12,0.5162,-0.3152,"baseballr_fangraphs_pitcher_leaders_v1","2026-07-30 17:13:30 UTC"
2026,"688107","Robert Gasser","MIL","NL",27,"L",11,11,3,4,0,57.1,172,242,4.7093,1.1686,4.7841,4.3908,52,14,0.2149,0.0579,0.157,0.5098,-0.3862,"baseballr_fangraphs_pitcher_leaders_v1","2026-07-30 17:13:30 UTC"
2026,"664076","Garrett Cleavinger","TBR","AL",32,"L",36,0,2,3,2,31.2,95,132,3.4105,1.2316,3.4571,3.1631,43,14,0.3258,0.1061,0.2197,0.5039,0.7121,"baseballr_fangraphs_pitcher_leaders_v1","2026-07-30 17:13:30 UTC"
2026,"671212","Joe Boyle","TBR","AL",26,"R",3,3,0,1,0,15.2,47,66,5.1702,1.0851,3.0459,4.0652,16,6,0.2424,0.0909,0.1515,0.5027,-0.5267,"baseballr_fangraphs_pitcher_leaders_v1","2026-07-30 17:13:30 UTC"
2026,"608718","Brent Suter","LAA","AL",36,"L",40,2,1,2,0,61.1,184,256,4.2554,1.2554,3.5662,3.3504,54,14,0.2109,0.0547,0.1562,0.4985,-0.5871,"baseballr_fangraphs_pitcher_leaders_v1","2026-07-30 17:13:30 UTC"
2026,"676617","Riley O'Brien","STL","NL",31,"R",43,0,3,4,26,42.2,128,185,3.5859,1.2188,3.5785,4.0054,45,18,0.2432,0.0973,0.1459,0.4983,1.422,"baseballr_fangraphs_pitcher_leaders_v1","2026-07-30 17:13:30 UTC"
2026,"678022","Jack Perkins","ATH","AL",26,"R",26,8,2,6,3,68.1,205,306,6.4537,1.361,4.3975,4.2684,80,27,0.2614,0.0882,0.1732,0.4933,-0.5052,"baseballr_fangraphs_pitcher_leaders_v1","2026-07-30 17:13:30 UTC"
2026,"660825","Eduard Bazardo","SEA","AL",30,"R",50,0,3,3,0,47,141,196,2.8723,1.2553,3.4502,3.9812,47,14,0.2398,0.0714,0.1684,0.4844,0.402,"baseballr_fangraphs_pitcher_leaders_v1","2026-07-30 17:13:30 UTC"
2026,"686580","Justin Slaten","BOS","AL",28,"R",31,0,1,4,0,27.1,82,119,4.6098,1.3537,3.1097,2.6576,35,6,0.2941,0.0504,0.2437,0.482,-0.1256,"baseballr_fangraphs_pitcher_leaders_v1","2026-07-30 17:13:30 UTC"
2026,"665622","Luis Medina","ATH","AL",27,"R",36,1,2,2,0,48.2,146,216,3.6986,1.5,3.5823,4.237,58,26,0.2685,0.1204,0.1481,0.4775,-0.8652,"baseballr_fangraphs_pitcher_leaders_v1","2026-07-30 17:13:30 UTC"
2026,"571578","Patrick Corbin","TOR","AL",36,"L",19,15,3,4,1,80,240,360,5.5125,1.5375,4.6472,4.4506,63,25,0.175,0.0694,0.1056,0.4705,-0.9564,"baseballr_fangraphs_pitcher_leaders_v1","2026-07-30 17:13:30 UTC"
2026,"663568","Stephen Kolek","KCR","AL",29,"R",10,10,4,3,0,54,162,224,4.5,1.2407,4.5542,4.2376,34,12,0.1518,0.0536,0.0982,0.466,-0.2551,"baseballr_fangraphs_pitcher_leaders_v1","2026-07-30 17:13:30 UTC"
2026,"680744","Ty Madden","DET","AL",26,"R",10,1,0,0,0,27,81,109,2.6667,1,2.9986,3.6733,31,10,0.2844,0.0917,0.1927,0.4573,0.431,"baseballr_fangraphs_pitcher_leaders_v1","2026-07-30 17:13:30 UTC"
2026,"669461","Matthew Liberatore","STL","NL",26,"L",21,21,5,8,0,102.2,308,456,5.2597,1.5584,4.8532,4.2741,100,40,0.2193,0.0877,0.1316,0.4557,-2.3356,"baseballr_fangraphs_pitcher_leaders_v1","2026-07-30 17:13:30 UTC"
2026,"656550","Grant Holmes","ATL","NL",30,"R",20,19,6,4,0,97.1,292,422,3.7911,1.3562,4.8255,4.6235,83,43,0.1967,0.1019,0.0948,0.4532,0.1013,"baseballr_fangraphs_pitcher_leaders_v1","2026-07-30 17:13:30 UTC"
2026,"801403","Chase Dollander","COL","NL",24,"R",10,3,3,3,0,44,132,189,3.8864,1.2955,4.1779,3.9645,47,18,0.2487,0.0952,0.1534,0.4422,0.7765,"baseballr_fangraphs_pitcher_leaders_v1","2026-07-30 17:13:30 UTC"
2026,"623454","Drew Anderson","DET","AL",32,"R",39,2,4,4,2,62.1,187,271,4.3316,1.3155,3.8958,3.462,76,24,0.2804,0.0886,0.1919,0.4363,-0.9075,"baseballr_fangraphs_pitcher_leaders_v1","2026-07-30 17:13:30 UTC"
2026,"679883","Luinder Avila","KCR","AL",24,"R",20,11,5,3,0,67.1,202,294,4.8119,1.5743,4.3424,4.7691,59,39,0.2007,0.1327,0.068,0.4359,0.0099,"baseballr_fangraphs_pitcher_leaders_v1","2026-07-30 17:13:30 UTC"
2026,"690928","Hunter Dobbins","STL","NL",26,"R",7,4,2,1,1,33.2,101,143,3.7426,1.3366,3.8226,3.8631,32,11,0.2238,0.0769,0.1469,0.4212,0.4042,"baseballr_fangraphs_pitcher_leaders_v1","2026-07-30 17:13:30 UTC"
2026,"696070","Kendry Rojas","MIN","AL",23,"L",11,4,1,1,0,28.2,86,124,2.5116,1.4651,3.5632,4.599,33,21,0.2661,0.1694,0.0968,0.416,0.4833,"baseballr_fangraphs_pitcher_leaders_v1","2026-07-30 17:13:30 UTC"
2026,"622088","Tejay Antone","CIN","NL",32,"R",33,0,1,0,1,33.1,100,137,2.16,0.93,3.8597,3.9921,30,8,0.219,0.0584,0.1606,0.4156,1.0556,"baseballr_fangraphs_pitcher_leaders_v1","2026-07-30 17:13:30 UTC"
2026,"681190","Randy Vásquez","SDP","NL",27,"R",20,17,6,6,0,90.1,271,396,4.6827,1.5055,4.8256,5.0557,63,29,0.1591,0.0732,0.0859,0.4041,-0.098,"baseballr_fangraphs_pitcher_leaders_v1","2026-07-30 17:13:30 UTC"
2026,"669165","Kyle Hurt","LAD","NL",28,"R",33,1,3,1,1,33.1,100,143,4.59,1.38,3.6497,3.852,39,18,0.2727,0.1259,0.1469,0.4041,-0.1595,"baseballr_fangraphs_pitcher_leaders_v1","2026-07-30 17:13:30 UTC"
2026,"646241","Enmanuel De Jesus","DET","AL",29,"L",22,0,2,0,1,31.2,95,134,3.9789,1.2632,2.7939,4.0205,31,13,0.2313,0.097,0.1343,0.4013,-0.1322,"baseballr_fangraphs_pitcher_leaders_v1","2026-07-30 17:13:30 UTC"
2026,"689147","Orion Kerkering","PHI","NL",25,"R",44,0,6,0,1,41.1,124,180,2.6129,1.2339,3.8839,4.8585,44,24,0.2444,0.1333,0.1111,0.3966,0.6442,"baseballr_fangraphs_pitcher_leaders_v1","2026-07-30 17:13:30 UTC"
2026,"668933","Graham Ashcraft","CIN","NL",28,"R",26,0,1,1,1,27,81,109,3.3333,1.2222,3.4801,3.5901,32,16,0.2936,0.1468,0.1468,0.3886,0.3189,"baseballr_fangraphs_pitcher_leaders_v1","2026-07-30 17:13:30 UTC"
2026,"666157","Nick Lodolo","CIN","NL",28,"L",12,12,3,2,0,62.2,188,279,4.5957,1.4681,5.1044,4.8675,50,27,0.1792,0.0968,0.0824,0.3829,0.1243,"baseballr_fangraphs_pitcher_leaders_v1","2026-07-30 17:13:30 UTC"
2026,"676775","Keaton Winn","SFG","NL",28,"R",37,0,2,2,1,36.2,110,150,3.1909,1.1182,3.6279,4.1247,29,14,0.1933,0.0933,0.1,0.3827,0.0248,"baseballr_fangraphs_pitcher_leaders_v1","2026-07-30 17:13:30 UTC"
2026,"683769","Hunter Gaddis","CLE","AL",28,"R",42,0,1,2,1,35.2,107,156,2.7757,1.3458,3.8387,4.5182,34,13,0.2179,0.0833,0.1346,0.3812,0.9706,"baseballr_fangraphs_pitcher_leaders_v1","2026-07-30 17:13:30 UTC"
2026,"663855","Jordan Hicks","CHW","AL",29,"R",34,0,1,1,1,31,93,137,3.1935,1.4839,3.4323,4.2425,36,22,0.2628,0.1606,0.1022,0.3703,0.9075,"baseballr_fangraphs_pitcher_leaders_v1","2026-07-30 17:13:30 UTC"
2026,"489446","Kirby Yates","LAA","AL",39,"R",30,0,0,5,3,26.1,79,113,3.7595,1.1392,3.1477,3.8974,35,11,0.3097,0.0973,0.2124,0.3702,-1.9135,"baseballr_fangraphs_pitcher_leaders_v1","2026-07-30 17:13:30 UTC"
2026,"666277","George Soriano","STL","NL",27,"R",48,0,3,3,2,47.1,142,194,3.4225,1.0986,3.997,4.0886,45,17,0.232,0.0876,0.1443,0.3646,1.3956,"baseballr_fangraphs_pitcher_leaders_v1","2026-07-30 17:13:30 UTC"
2026,"606996","Kyle Hart","SDP","NL",33,"L",28,3,0,2,0,40.2,122,167,4.8689,1.1066,3.7982,4.0568,36,13,0.2156,0.0778,0.1377,0.3612,-0.3337,"baseballr_fangraphs_pitcher_leaders_v1","2026-07-30 17:13:30 UTC"
2026,"678606","José A. Ferrer","SEA","AL",26,"L",49,0,4,1,3,44,132,192,2.6591,1.3182,3.5188,4.0185,36,13,0.1875,0.0677,0.1198,0.361,0.0477,"baseballr_fangraphs_pitcher_leaders_v1","2026-07-30 17:13:30 UTC"
2026,"681293","Spencer Arrighetti","HOU","AL",26,"R",17,17,7,5,0,88,264,386,4.6023,1.3409,5.087,5.0296,87,50,0.2254,0.1295,0.0959,0.36,0.0402,"baseballr_fangraphs_pitcher_leaders_v1","2026-07-30 17:13:30 UTC"
2026,"663776","Patrick Sandoval","BOS","AL",29,"L",4,4,0,0,0,19,57,86,3.3158,1.5789,4.1624,3.9554,20,6,0.2326,0.0698,0.1628,0.3534,0.0189,"baseballr_fangraphs_pitcher_leaders_v1","2026-07-30 17:13:30 UTC"
2026,"607067","Colin Rea","CHC","NL",35,"R",22,18,8,7,1,111.2,335,486,4.6746,1.397,4.8649,4.7291,83,40,0.1708,0.0823,0.0885,0.3447,-0.6152,"baseballr_fangraphs_pitcher_leaders_v1","2026-07-30 17:13:30 UTC"
2026,"656271","Brock Burke","CIN","NL",29,"L",54,0,4,4,1,51.2,155,218,2.6129,1.2968,4.2517,5.0158,43,29,0.1972,0.133,0.0642,0.3386,1.449,"baseballr_fangraphs_pitcher_leaders_v1","2026-07-30 17:13:30 UTC"
2026,"689254","Mason Fluharty","TOR","AL",24,"L",56,3,5,1,1,43,129,187,4.3954,1.4186,3.8772,3.8361,51,18,0.2727,0.0963,0.1765,0.336,0.0822,"baseballr_fangraphs_pitcher_leaders_v1","2026-07-30 17:13:30 UTC"
2026,"695380","Alex Hoppe","SEA","AL",27,"R",23,0,0,1,0,26,78,116,5.8846,1.4231,2.6097,3.1066,31,11,0.2672,0.0948,0.1724,0.3314,-0.2773,"baseballr_fangraphs_pitcher_leaders_v1","2026-07-30 17:13:30 UTC"
2026,"670036","Matt Festa","CLE","AL",33,"R",45,0,2,2,1,44,132,196,4.5,1.3636,3.8143,3.9821,49,13,0.25,0.0663,0.1837,0.3299,-0.7627,"baseballr_fangraphs_pitcher_leaders_v1","2026-07-30 17:13:30 UTC"
2026,"666171","Ryan Zeferjahn","LAA","AL",28,"R",44,0,4,3,3,50,150,217,3.78,1.2,3.9697,3.9505,71,32,0.3272,0.1475,0.1797,0.329,0.6248,"baseballr_fangraphs_pitcher_leaders_v1","2026-07-30 17:13:30 UTC"
2026,"676979","Garrett Crochet","BOS","AL",27,"L",6,6,3,3,0,30,90,138,6.3,1.4667,4.3097,3.7694,37,11,0.2681,0.0797,0.1884,0.327,-0.2596,"baseballr_fangraphs_pitcher_leaders_v1","2026-07-30 17:13:30 UTC"
2026,"669093","Jeremiah Estrada","SDP","NL",27,"R",22,0,2,2,1,21.2,65,86,3.3231,1.1077,3.4328,3.781,26,11,0.3023,0.1279,0.1744,0.3238,0.2243,"baseballr_fangraphs_pitcher_leaders_v1","2026-07-30 17:13:30 UTC"
2026,"676684","Will Vest","DET","AL",31,"R",27,0,3,5,2,26.2,80,116,6.075,1.425,3.4097,3.4639,27,10,0.2328,0.0862,0.1466,0.3224,-1.8304,"baseballr_fangraphs_pitcher_leaders_v1","2026-07-30 17:13:30 UTC"
2026,"669062","Erik Miller","SFG","NL",28,"L",36,0,2,0,3,31.1,94,136,2.8723,1.4043,3.3331,3.3792,44,22,0.3235,0.1618,0.1618,0.3205,0.28,"baseballr_fangraphs_pitcher_leaders_v1","2026-07-30 17:13:30 UTC"
2026,"669020","Ryan Rolison","CHC","NL",28,"L",37,2,5,1,1,40.2,122,164,2.6557,1.3033,3.7245,3.833,42,19,0.2561,0.1159,0.1402,0.3177,-0.4406,"baseballr_fangraphs_pitcher_leaders_v1","2026-07-30 17:13:30 UTC"
2026,"666374","Matt Brash","SEA","AL",28,"R",20,0,3,0,0,16.2,50,64,0.54,0.84,2.9297,4.0275,15,6,0.2344,0.0938,0.1406,0.3111,1.0216,"baseballr_fangraphs_pitcher_leaders_v1","2026-07-30 17:13:30 UTC"
2026,"676755","Isaac Mattson","PIT","NL",30,"R",36,0,0,0,0,34.2,104,156,4.9327,1.5577,3.802,4.7002,33,16,0.2115,0.1026,0.109,0.3061,0.8899,"baseballr_fangraphs_pitcher_leaders_v1","2026-07-30 17:13:30 UTC"
2026,"663969","Tyler Phillips","MIA","NL",28,"R",27,11,2,5,2,84.1,253,362,3.5217,1.3636,4.6157,4.7013,63,38,0.174,0.105,0.0691,0.3029,0.0706,"baseballr_fangraphs_pitcher_leaders_v1","2026-07-30 17:13:30 UTC"
2026,"663558","Jovani Morán","BOS","AL",29,"L",30,3,2,2,0,44,132,174,2.6591,0.9545,3.6779,3.76,50,19,0.2874,0.1092,0.1782,0.3021,0.3994,"baseballr_fangraphs_pitcher_leaders_v1","2026-07-30 17:13:30 UTC"
2026,"680916","Franco Aleman","CLE","AL",26,"R",13,0,0,0,0,14,42,56,1.9286,1.0714,2.8954,4.0361,17,5,0.3036,0.0893,0.2143,0.3002,0.2305,"baseballr_fangraphs_pitcher_leaders_v1","2026-07-30 17:13:30 UTC"
2026,"682989","Victor Mederos","ATL","NL",25,"R",8,0,0,0,1,12.1,37,50,3.6486,1.0541,2.0557,4.1573,11,3,0.22,0.06,0.16,0.2966,0.5737,"baseballr_fangraphs_pitcher_leaders_v1","2026-07-30 17:13:30 UTC"
2026,"696062","Wilber Dotel","PIT","NL",23,"R",12,0,1,3,0,24.1,73,102,4.4384,1.274,3.3563,3.7916,25,10,0.2451,0.098,0.1471,0.2955,0.4497,"baseballr_fangraphs_pitcher_leaders_v1","2026-07-30 17:13:30 UTC"
2026,"595014","Blake Treinen","LAD","NL",38,"R",29,0,4,1,1,23,69,100,3.5217,1.3478,3.501,3.7627,25,10,0.25,0.1,0.15,0.2926,0.0835,"baseballr_fangraphs_pitcher_leaders_v1","2026-07-30 17:13:30 UTC"
2026,"573124","Taylor Rogers","MIN","AL",35,"L",44,0,6,3,2,38.1,115,174,5.1652,1.5913,3.8923,4.983,33,17,0.1897,0.0977,0.092,0.2912,0.34,"baseballr_fangraphs_pitcher_leaders_v1","2026-07-30 17:13:30 UTC"
2026,"608372","Tomoyuki Sugano","COL","NL",36,"R",18,18,10,4,0,96,288,405,4.6875,1.2917,5.4639,4.9314,56,24,0.1383,0.0593,0.079,0.2889,0.3929,"baseballr_fangraphs_pitcher_leaders_v1","2026-07-30 17:13:30 UTC"
2026,"677865","Justin Bruihl","STL","NL",29,"L",47,0,0,0,0,52.1,157,234,3.6115,1.3567,3.7594,4.7193,38,20,0.1624,0.0855,0.0769,0.2826,-0.2621,"baseballr_fangraphs_pitcher_leaders_v1","2026-07-30 17:13:30 UTC"
2026,"837227","Tatsuya Imai","HOU","AL",28,"R",15,15,6,4,0,58.2,176,265,5.8295,1.5341,4.8995,4.3866,72,40,0.2717,0.1509,0.1208,0.2798,-0.7179,"baseballr_fangraphs_pitcher_leaders_v1","2026-07-30 17:13:30 UTC"
2026,"605135","Chris Bassitt","BAL","AL",37,"R",12,10,4,4,0,56.1,169,261,5.2722,1.6331,4.7784,5.0177,37,22,0.1418,0.0843,0.0575,0.2777,-0.4631,"baseballr_fangraphs_pitcher_leaders_v1","2026-07-30 17:13:30 UTC"
2026,"686799","Jack Kochanowicz","LAA","AL",25,"R",13,13,2,5,0,64,192,296,6.1875,1.5781,4.9847,5.0161,47,36,0.1588,0.1216,0.0372,0.2719,-0.7658,"baseballr_fangraphs_pitcher_leaders_v1","2026-07-30 17:13:30 UTC"
2026,"668873","Caleb Kilian","SFG","NL",29,"R",43,0,3,6,8,42.1,127,186,4.4646,1.3465,3.7003,3.7856,50,19,0.2688,0.1022,0.1667,0.2692,-0.3012,"baseballr_fangraphs_pitcher_leaders_v1","2026-07-30 17:13:30 UTC"
2026,"664199","Taylor Clarke","ARI","NL",33,"R",48,0,2,2,0,48.1,145,185,2.2345,0.869,3.8959,4.3343,25,9,0.1351,0.0486,0.0865,0.2669,1.4015,"baseballr_fangraphs_pitcher_leaders_v1","2026-07-30 17:13:30 UTC"
2026,"663687","Hogan Harris","ATH","AL",29,"L",51,0,3,0,9,48,144,217,3.375,1.4792,4.0889,3.8615,65,28,0.2995,0.129,0.1705,0.2622,1.2088,"baseballr_fangraphs_pitcher_leaders_v1","2026-07-30 17:13:30 UTC"
2026,"500779","Jose Quintana","COL","NL",37,"L",9,9,2,3,0,41,123,181,5.2683,1.5122,5.3536,5.9428,20,17,0.1105,0.0939,0.0166,0.2537,-0.2614,"baseballr_fangraphs_pitcher_leaders_v1","2026-07-30 17:13:30 UTC"
2026,"670990","Yohan Ramírez","PIT","NL",31,"R",44,0,6,3,1,56,168,248,3.2143,1.375,4.1276,4.2881,62,33,0.25,0.1331,0.1169,0.2517,1.1747,"baseballr_fangraphs_pitcher_leaders_v1","2026-07-30 17:13:30 UTC"
2026,"702273","Noah Schultz","CHW","AL",22,"L",13,13,3,7,0,60,180,267,6.15,1.45,5.1097,5.1164,54,31,0.2022,0.1161,0.0861,0.2447,-1.2528,"baseballr_fangraphs_pitcher_leaders_v1","2026-07-30 17:13:30 UTC"
2026,"592155","Cam Booser","TBR","AL",34,"L",19,0,0,0,0,20.2,62,75,1.7419,0.6774,3.6904,3.3137,26,4,0.3467,0.0533,0.2933,0.2444,0.5695,"baseballr_fangraphs_pitcher_leaders_v1","2026-07-30 17:13:30 UTC"
2026,"657044","Ryan Thompson","ARI","NL",34,"R",44,0,4,2,0,39,117,177,4.3846,1.5385,3.879,4.2864,27,12,0.1525,0.0678,0.0847,0.2401,0.2741,"baseballr_fangraphs_pitcher_leaders_v1","2026-07-30 17:13:30 UTC"
2026,"615698","Cal Quantrill","TEX","AL",31,"R",22,6,4,3,0,58.2,176,249,3.8352,1.2443,4.729,5.1394,39,18,0.1566,0.0723,0.0843,0.2356,0.472,"baseballr_fangraphs_pitcher_leaders_v1","2026-07-30 17:13:30 UTC"
2026,"669684","Chris Murphy","CHW","AL",28,"L",26,2,3,0,1,26.2,80,119,4.3875,1.425,3.9722,5.2271,27,14,0.2269,0.1176,0.1092,0.2272,-0.2957,"baseballr_fangraphs_pitcher_leaders_v1","2026-07-30 17:13:30 UTC"
2026,"694037","Daniel Palencia","CHC","NL",26,"R",19,0,2,1,3,16.2,50,71,2.7,1.38,3.4697,3.6479,19,6,0.2676,0.0845,0.1831,0.2259,0.6358,"baseballr_fangraphs_pitcher_leaders_v1","2026-07-30 17:13:30 UTC"
2026,"669620","Brady Basso","ATH","AL",28,"L",9,1,0,0,0,12,36,57,4.5,1.75,2.9431,3.5115,12,3,0.2105,0.0526,0.1579,0.2211,0.1008,"baseballr_fangraphs_pitcher_leaders_v1","2026-07-30 17:13:30 UTC"
2026,"681676","Ryan Fernandez","STL","NL",28,"R",11,0,1,2,0,13.1,40,59,2.7,1.35,2.6597,3.057,20,7,0.339,0.1186,0.2203,0.2183,-0.2375,"baseballr_fangraphs_pitcher_leaders_v1","2026-07-30 17:13:30 UTC"
2026,"573009","Joe Mantiply","TOR","AL",35,"L",17,0,1,0,0,17.2,53,71,2.0377,1.1321,2.8833,3.442,16,4,0.2254,0.0563,0.169,0.218,0.0804,"baseballr_fangraphs_pitcher_leaders_v1","2026-07-30 17:13:30 UTC"
2026,"677955","Jaden Hill","COL","NL",26,"R",32,0,0,2,2,26.2,80,127,5.0625,1.65,4.2347,4.975,28,17,0.2205,0.1339,0.0866,0.2178,-0.0081,"baseballr_fangraphs_pitcher_leaders_v1","2026-07-30 17:13:30 UTC"
2026,"656529","Sam Hentges","SFG","NL",29,"L",29,0,1,3,0,22.1,67,103,2.8209,1.6567,3.6918,5.0572,25,18,0.2427,0.1748,0.068,0.2176,-0.3306,"baseballr_fangraphs_pitcher_leaders_v1","2026-07-30 17:13:30 UTC"
2026,"667463","John King","MIA","NL",31,"L",42,1,6,2,1,42.2,128,161,2.5313,0.8203,4.0003,4.3182,31,12,0.1925,0.0745,0.118,0.217,1.3371,"baseballr_fangraphs_pitcher_leaders_v1","2026-07-30 17:13:30 UTC"
2026,"621112","Paul Blackburn","NYY","AL",32,"R",38,2,3,1,1,58.2,176,228,2.1477,1.0398,4.0131,3.9571,44,20,0.193,0.0877,0.1053,0.2134,0.6282,"baseballr_fangraphs_pitcher_leaders_v1","2026-07-30 17:13:30 UTC"
2026,"642232","Ryan Yarbrough","NYY","AL",34,"L",27,1,2,1,2,43,129,187,4.6047,1.3023,4.1562,5.3413,30,18,0.1604,0.0963,0.0642,0.2115,-0.276,"baseballr_fangraphs_pitcher_leaders_v1","2026-07-30 17:13:30 UTC"
2026,"677976","Randy Dobnak","KCR","AL",31,"R",5,3,1,0,0,26,78,106,1.0385,1.1923,4.1866,4.4768,14,10,0.1321,0.0943,0.0377,0.207,0.8839,"baseballr_fangraphs_pitcher_leaders_v1","2026-07-30 17:13:30 UTC"
2026,"669084","DL Hall","MIL","NL",27,"L",24,1,0,0,0,31,93,126,2.0323,1.2258,3.8839,4.5958,32,24,0.254,0.1905,0.0635,0.2059,0.1632,"baseballr_fangraphs_pitcher_leaders_v1","2026-07-30 17:13:30 UTC"
2026,"806188","Cade Gibson","MIA","NL",28,"L",23,0,2,0,0,28,84,127,5.7857,1.4643,3.7169,4.3961,25,13,0.1969,0.1024,0.0945,0.2052,0.4381,"baseballr_fangraphs_pitcher_leaders_v1","2026-07-30 17:13:30 UTC"
2026,"689441","Coleman Crow","MIL","NL",25,"R",5,4,0,1,0,18.2,56,85,5.3036,1.4464,4.5562,5.6954,10,6,0.1176,0.0706,0.0471,0.204,-0.3313,"baseballr_fangraphs_pitcher_leaders_v1","2026-07-30 17:13:30 UTC"
2026,"650960","Daniel Duarte","NYM","NL",29,"R",7,0,0,0,0,11.1,34,38,0,0.5294,1.9627,2.9044,11,2,0.2895,0.0526,0.2368,0.2029,0.1744,"baseballr_fangraphs_pitcher_leaders_v1","2026-07-30 17:13:30 UTC"
2026,"624522","Keegan Thompson","COL","NL",31,"R",5,0,0,0,0,12,36,57,8.25,1.75,2.8597,4.1905,11,2,0.193,0.0351,0.1579,0.2022,-0.0077,"baseballr_fangraphs_pitcher_leaders_v1","2026-07-30 17:13:30 UTC"
2026,"681916","Dylan Smith","SFG","NL",26,"R",19,0,0,2,1,17,51,73,2.6471,1.1176,4.0509,4.5843,20,8,0.274,0.1096,0.1644,0.2011,0.027,"baseballr_fangraphs_pitcher_leaders_v1","2026-07-30 17:13:30 UTC"
2026,"696136","Jordan Wicks","CHC","NL",26,"L",4,2,0,2,2,10.1,31,50,10.4516,1.9355,3.6904,4.0554,8,2,0.16,0.04,0.12,0.1998,0.0226,"baseballr_fangraphs_pitcher_leaders_v1","2026-07-30 17:13:30 UTC"
2026,"665795","Edward Cabrera","CHC","NL",28,"R",14,14,5,4,0,72.1,217,309,5.1014,1.3963,5.0729,4.0955,65,29,0.2104,0.0939,0.1165,0.199,-0.8025,"baseballr_fangraphs_pitcher_leaders_v1","2026-07-30 17:13:30 UTC"
2026,"702303","Riley Martin","CHC","NL",28,"L",8,1,0,0,0,8.1,25,31,2.16,0.84,2.9897,3.0764,10,2,0.3226,0.0645,0.2581,0.1858,0.3739,"baseballr_fangraphs_pitcher_leaders_v1","2026-07-30 17:13:30 UTC"
2026,"669199","Lake Bachar","MIA","NL",31,"R",36,4,1,2,1,54.2,164,229,4.1159,1.1524,4.4634,4.3034,59,21,0.2576,0.0917,0.1659,0.1836,-0.1865,"baseballr_fangraphs_pitcher_leaders_v1","2026-07-30 17:13:30 UTC"
2026,"687223","Carson Palmquist","WSN","NL",25,"L",9,5,0,1,0,14,42,66,8.3571,1.7143,3.824,4.7469,15,6,0.2273,0.0909,0.1364,0.1835,-0.2861,"baseballr_fangraphs_pitcher_leaders_v1","2026-07-30 17:13:30 UTC"
2026,"701719","Tyler Samaniego","BOS","AL",27,"L",20,1,0,3,0,20.1,61,90,2.6557,1.4754,3.5523,4.3377,17,8,0.1889,0.0889,0.1,0.1799,-0.4297,"baseballr_fangraphs_pitcher_leaders_v1","2026-07-30 17:13:30 UTC"
2026,"664141","JT Brubaker","SFG","NL",32,"R",32,0,0,0,1,52.1,157,211,3.0955,1.1656,3.9314,4.8315,36,20,0.1706,0.0948,0.0758,0.1785,0.3282,"baseballr_fangraphs_pitcher_leaders_v1","2026-07-30 17:13:30 UTC"
2026,"820862","José Fermin","LAA","AL",24,"R",32,0,3,2,0,33.2,101,144,2.6733,1.2178,3.882,3.8558,38,18,0.2639,0.125,0.1389,0.1777,-0.6151,"baseballr_fangraphs_pitcher_leaders_v1","2026-07-30 17:13:30 UTC"
2026,"701121","Logan VanWey","HOU","AL",27,"R",5,0,1,0,0,6,18,22,1.5,0.8333,1.4431,3.476,5,0,0.2273,0,0.2273,0.1766,0.3477,"baseballr_fangraphs_pitcher_leaders_v1","2026-07-30 17:13:30 UTC"
2026,"676428","Brant Hurter","DET","AL",27,"L",21,0,4,1,0,25.1,76,101,2.8421,1.0658,3.7413,4.0707,18,12,0.1782,0.1188,0.0594,0.1763,0.5773,"baseballr_fangraphs_pitcher_leaders_v1","2026-07-30 17:13:30 UTC"
2026,"676680","Tom Cosgrove","WSN","NL",30,"L",7,0,0,0,1,7,21,28,1.2857,1.1429,2.824,5.4378,4,2,0.1429,0.0714,0.0714,0.1759,0.1213,"baseballr_fangraphs_pitcher_leaders_v1","2026-07-30 17:13:30 UTC"
2026,"687075","Brandon Sproat","MIL","NL",25,"R",20,18,3,6,0,92.2,278,398,5.0504,1.3921,5.2033,4.3485,96,46,0.2412,0.1156,0.1256,0.1754,0.0041,"baseballr_fangraphs_pitcher_leaders_v1","2026-07-30 17:13:30 UTC"
2026,"641745","Brad Keller","PHI","NL",30,"R",32,0,2,1,3,31.1,94,135,4.0213,1.3404,4.1629,4.0118,32,13,0.237,0.0963,0.1407,0.1752,0.7628,"baseballr_fangraphs_pitcher_leaders_v1","2026-07-30 17:13:30 UTC"
2026,"689296","Anthony Nunez","BAL","AL",24,"R",38,0,2,2,3,43.1,130,186,4.3615,1.2692,3.9866,3.9996,45,19,0.2419,0.1022,0.1398,0.1733,-0.3227,"baseballr_fangraphs_pitcher_leaders_v1","2026-07-30 17:13:30 UTC"
2026,"805673","Zebby Matthews","MIN","AL",26,"R",13,13,4,8,0,76,228,319,5.2105,1.3158,5.1492,4.4492,59,24,0.185,0.0752,0.1097,0.1697,-0.2377,"baseballr_fangraphs_pitcher_leaders_v1","2026-07-30 17:13:30 UTC"
2026,"663947","Tyler Holton","DET","AL",30,"L",45,2,1,4,1,47.1,142,201,3.0423,1.331,4.0816,3.851,37,11,0.1841,0.0547,0.1294,0.1695,-0.5225,"baseballr_fangraphs_pitcher_leaders_v1","2026-07-30 17:13:30 UTC"
2026,"675627","Michael Grove","TBR","AL",29,"R",1,0,1,0,0,3,9,10,0,0.3333,0.4431,1.9678,4,0,0.4,0,0.4,0.1667,0.1824,"baseballr_fangraphs_pitcher_leaders_v1","2026-07-30 17:13:30 UTC"
2026,"663372","Ryan Feltner","COL","NL",29,"R",15,15,3,5,0,70.2,212,308,5.7311,1.4575,5.6144,4.7753,54,29,0.1753,0.0942,0.0812,0.1663,-0.7063,"baseballr_fangraphs_pitcher_leaders_v1","2026-07-30 17:13:30 UTC"
2026,"683409","Angel Chivilli","NYY","AL",23,"R",12,0,1,0,0,13.2,41,54,0.6585,0.8049,3.2561,4.313,13,4,0.2407,0.0741,0.1667,0.1655,0.068,"baseballr_fangraphs_pitcher_leaders_v1","2026-07-30 17:13:30 UTC"
2026,"592779","Brock Stewart","LAD","NL",34,"R",14,0,0,1,1,14.2,44,55,2.4545,0.75,3.9961,3.8867,14,5,0.2545,0.0909,0.1636,0.1539,0.605,"baseballr_fangraphs_pitcher_leaders_v1","2026-07-30 17:13:30 UTC"
2026,"670329","Rico Garcia","BAL","AL",32,"R",50,0,4,1,5,46.2,140,180,3.0857,0.8786,4.4812,3.6076,49,14,0.2722,0.0778,0.1944,0.1504,0.5058,"baseballr_fangraphs_pitcher_leaders_v1","2026-07-30 17:13:30 UTC"
2026,"670183","Garrett Acton","MIN","AL",28,"R",4,0,1,1,0,6.2,20,28,2.7,1.05,2.2097,3.8107,9,3,0.3214,0.1071,0.2143,0.1455,-0.3484,"baseballr_fangraphs_pitcher_leaders_v1","2026-07-30 17:13:30 UTC"
2026,"678906","Kai-Wei Teng","HOU","AL",27,"R",25,10,5,6,0,68.1,205,301,4.3463,1.3463,4.8512,4.6445,67,30,0.2226,0.0997,0.1229,0.1452,-0.4143,"baseballr_fangraphs_pitcher_leaders_v1","2026-07-30 17:13:30 UTC"
2026,"671106","Logan Allen","CLE","AL",27,"L",2,1,0,0,0,7.1,22,38,2.4545,2.0455,2.0188,3.89,10,4,0.2632,0.1053,0.1579,0.144,-0.1983,"baseballr_fangraphs_pitcher_leaders_v1","2026-07-30 17:13:30 UTC"
2026,"677161","Zack Kelly","BOS","AL",31,"R",17,0,0,2,0,16.1,49,71,3.3061,1.2857,3.6607,4.1717,14,7,0.1972,0.0986,0.0986,0.1425,-0.232,"baseballr_fangraphs_pitcher_leaders_v1","2026-07-30 17:13:30 UTC"
2026,"608650","Dietrich Enns","BAL","AL",35,"L",13,0,3,0,0,16,48,70,3.9375,1.5,3.5472,5.739,13,11,0.1857,0.1571,0.0286,0.1423,-0.0309,"baseballr_fangraphs_pitcher_leaders_v1","2026-07-30 17:13:30 UTC"
2026,"594580","Sam Moll","CIN","NL",34,"L",49,0,1,7,1,42.2,128,192,4.4297,1.4063,4.516,4.0646,46,24,0.2396,0.125,0.1146,0.1339,-0.8634,"baseballr_fangraphs_pitcher_leaders_v1","2026-07-30 17:13:30 UTC"
2026,"669211","Keegan Akin","BAL","AL",31,"L",24,2,0,1,0,25.1,76,114,5.6842,1.5,4.3729,5.3612,17,9,0.1491,0.0789,0.0702,0.1333,-0.6195,"baseballr_fangraphs_pitcher_leaders_v1","2026-07-30 17:13:30 UTC"
2026,"657571","Caleb Ferguson","CIN","NL",29,"L",24,1,1,0,1,23.1,70,103,3.4714,1.5,4.3954,3.9655,21,11,0.2039,0.1068,0.0971,0.1326,-0.3304,"baseballr_fangraphs_pitcher_leaders_v1","2026-07-30 17:13:30 UTC"
2026,"699823","Tyler Davis","CHW","AL",27,"R",24,0,2,3,1,26.1,79,106,4.1013,1.2152,4.135,4.8268,22,15,0.2075,0.1415,0.066,0.128,-0.4806,"baseballr_fangraphs_pitcher_leaders_v1","2026-07-30 17:13:30 UTC"
2026,"805123","AJ Blubaugh","HOU","AL",25,"R",40,0,4,2,0,67.1,202,286,3.7426,1.2624,4.3127,4.613,69,32,0.2413,0.1119,0.1294,0.1276,0.5907,"baseballr_fangraphs_pitcher_leaders_v1","2026-07-30 17:13:30 UTC"
2026,"700363","AJ Smith-Shawver","ATL","NL",23,"R",1,1,0,0,0,4.1,13,19,4.1538,1.3846,2.6482,4.4075,4,2,0.2105,0.1053,0.1053,0.1233,-0.061,"baseballr_fangraphs_pitcher_leaders_v1","2026-07-30 17:13:30 UTC"
2026,"621016","Jose Cuas","KCR","AL",32,"R",5,0,0,0,0,6.1,19,29,2.8421,1.5789,1.215,2.6594,9,2,0.3103,0.069,0.2414,0.1228,-0.0544,"baseballr_fangraphs_pitcher_leaders_v1","2026-07-30 17:13:30 UTC"
2026,"681867","Cooper Criswell","SEA","AL",29,"R",26,0,2,1,1,30.2,92,121,3.5217,1.1739,3.7619,3.6834,23,8,0.1901,0.0661,0.124,0.1217,-0.3432,"baseballr_fangraphs_pitcher_leaders_v1","2026-07-30 17:13:30 UTC"
2026,"694918","Blade Tidwell","SFG","NL",25,"R",8,0,0,0,1,12,36,47,3,1.0833,3.5264,4.2219,10,3,0.2128,0.0638,0.1489,0.1213,0.1294,"baseballr_fangraphs_pitcher_leaders_v1","2026-07-30 17:13:30 UTC"
2026,"605483","Blake Snell","LAD","NL",33,"L",1,1,0,1,0,3,9,18,12,2.6667,1.7764,2.2846,5,2,0.2778,0.1111,0.1667,0.1205,-0.3134,"baseballr_fangraphs_pitcher_leaders_v1","2026-07-30 17:13:30 UTC"
2026,"672442","Yovanny Cruz","NYY","AL",26,"R",3,0,0,0,0,4.1,13,15,0,0.2308,1.0328,2.7921,6,0,0.4,0,0.4,0.1199,0.0073,"baseballr_fangraphs_pitcher_leaders_v1","2026-07-30 17:13:30 UTC"
2026,"695418","Brad Lord","WSN","NL",26,"R",27,1,5,2,1,58,174,248,3.8793,1.2241,4.2304,3.7918,52,21,0.2097,0.0847,0.125,0.1185,0.1893,"baseballr_fangraphs_pitcher_leaders_v1","2026-07-30 17:13:30 UTC"
2026,"689149","Chad Dallas","TOR","AL",26,"R",2,0,1,0,0,4.2,14,19,1.9286,1.0714,3.1097,6.0502,3,2,0.1579,0.1053,0.0526,0.1168,0.2452,"baseballr_fangraphs_pitcher_leaders_v1","2026-07-30 17:13:30 UTC"
2026,"668941","JoJo Romero","STL","NL",29,"L",44,0,1,3,0,43,129,186,3.3488,1.3023,4.0167,3.9234,43,16,0.2312,0.086,0.1452,0.1165,0.5674,"baseballr_fangraphs_pitcher_leaders_v1","2026-07-30 17:13:30 UTC"
2026,"695239","Robby Ahlstrom","TEX","AL",27,"L",24,0,3,0,0,19.2,59,85,5.0339,1.4237,3.9233,3.9967,17,8,0.2,0.0941,0.1059,0.1165,0.2371,"baseballr_fangraphs_pitcher_leaders_v1","2026-07-30 17:13:30 UTC"
2026,"593974","Wandy Peralta","SDP","NL",34,"L",47,4,2,2,0,54,162,225,3.1667,1.3519,4.3319,4.54,34,21,0.1511,0.0933,0.0578,0.1155,-1.025,"baseballr_fangraphs_pitcher_leaders_v1","2026-07-30 17:13:30 UTC"
2026,"669713","Hayden Wesneski","HOU","AL",28,"R",1,1,1,0,0,5.2,17,25,4.7647,1.5882,3.2862,4.0934,4,2,0.16,0.08,0.08,0.1154,-0.014,"baseballr_fangraphs_pitcher_leaders_v1","2026-07-30 17:13:30 UTC"
2026,"702021","Will Dion","CLE","AL",26,"L",10,0,0,0,0,17.2,53,78,4.5849,1.4717,3.2795,2.6255,24,3,0.3077,0.0385,0.2692,0.1136,-0.0442,"baseballr_fangraphs_pitcher_leaders_v1","2026-07-30 17:13:30 UTC"
2026,"702153","Brian Fitzpatrick","MIL","NL",26,"L",5,0,0,0,0,6.2,20,30,1.35,1.5,2.9597,4.5607,5,3,0.1667,0.1,0.0667,0.1125,0.0207,"baseballr_fangraphs_pitcher_leaders_v1","2026-07-30 17:13:30 UTC"
2026,"676664","JP Sears","SDP","NL",30,"L",6,5,3,3,0,28,84,116,3.8571,1.1786,4.7526,4.2826,23,9,0.1983,0.0776,0.1207,0.1103,0.2681,"baseballr_fangraphs_pitcher_leaders_v1","2026-07-30 17:13:30 UTC"
2026,"642100","Gabe Speier","SEA","AL",31,"L",34,0,2,2,1,28.2,86,117,1.8837,1.0465,4.0865,4.5876,25,10,0.2137,0.0855,0.1282,0.1088,0.5616,"baseballr_fangraphs_pitcher_leaders_v1","2026-07-30 17:13:30 UTC"
2026,"690978","Dax Fulton","MIA","NL",24,"L",6,0,0,0,0,14,42,57,4.5,1.3571,3.5383,4.4096,12,10,0.2105,0.1754,0.0351,0.1045,-0.0309,"baseballr_fangraphs_pitcher_leaders_v1","2026-07-30 17:13:30 UTC"
2026,"687941","Alec Gamboa","BOS","AL",29,"L",7,0,0,0,1,13,39,52,2.0769,1.1538,3.4174,3.7075,12,5,0.2308,0.0962,0.1346,0.1032,0.0035,"baseballr_fangraphs_pitcher_leaders_v1","2026-07-30 17:13:30 UTC"
2026,"685299","Tanner Gordon","COL","NL",28,"R",14,5,0,2,0,58,174,257,5.8966,1.5172,4.9718,4.4239,53,13,0.2062,0.0506,0.1556,0.1022,-0.2304,"baseballr_fangraphs_pitcher_leaders_v1","2026-07-30 17:13:30 UTC"
2026,"647315","Zach Pop","PHI","NL",29,"R",7,1,0,0,0,7.1,22,31,3.6818,1.0909,3.1097,4.773,6,3,0.1935,0.0968,0.0968,0.1012,-0.0025,"baseballr_fangraphs_pitcher_leaders_v1","2026-07-30 17:13:30 UTC"
2026,"672629","Gerardo Carrillo","ARI","NL",27,"R",3,0,1,0,0,6,18,25,1.5,1.5,3.1097,3.8721,6,4,0.24,0.16,0.08,0.1008,0.8164,"baseballr_fangraphs_pitcher_leaders_v1","2026-07-30 17:13:30 UTC"
2026,"801434","Paul Gervase","LAD","NL",26,"R",4,0,0,0,0,7.2,23,34,2.3478,1.5652,2.9793,4.5703,8,5,0.2353,0.1471,0.0882,0.0955,0.0357,"baseballr_fangraphs_pitcher_leaders_v1","2026-07-30 17:13:30 UTC"
2026,"669145","Bruce Zimmermann","STL","NL",31,"L",1,0,0,0,0,5,15,21,5.4,1.4,2.9097,5.6542,2,1,0.0952,0.0476,0.0476,0.0929,-0.0791,"baseballr_fangraphs_pitcher_leaders_v1","2026-07-30 17:13:30 UTC"
2026,"673513","Yuki Matsui","SDP","NL",30,"L",30,0,1,1,0,38.2,116,160,2.5603,1.2414,4.5839,4.8744,43,24,0.2688,0.15,0.1188,0.0911,0.2754,"baseballr_fangraphs_pitcher_leaders_v1","2026-07-30 17:13:30 UTC"
2026,"665645","Kervin Castro","NYY","AL",27,"R",2,0,0,0,0,2.2,8,10,3.375,0.75,0.1097,0.6815,4,0,0.4,0,0.4,0.0908,0.0687,"baseballr_fangraphs_pitcher_leaders_v1","2026-07-30 17:13:30 UTC"
2026,"664074","Cody Ponce","TOR","AL",32,"R",1,1,0,0,0,2.1,7,10,3.8571,0.8571,1.824,3.7843,3,1,0.3,0.1,0.2,0.0896,-0.0189,"baseballr_fangraphs_pitcher_leaders_v1","2026-07-30 17:13:30 UTC"
2026,"660604","Alan Rangel","PHI","NL",28,"R",6,3,0,3,0,23.1,70,108,5.4,1.5857,4.9097,4.7722,26,12,0.2407,0.1111,0.1296,0.0894,-0.3686,"baseballr_fangraphs_pitcher_leaders_v1","2026-07-30 17:13:30 UTC"
2026,"805326","Tyler Schweitzer","CHW","AL",25,"L",10,0,1,0,1,19.2,59,82,3.2034,1.322,3.9233,5.433,9,7,0.1098,0.0854,0.0244,0.0884,-0.2288,"baseballr_fangraphs_pitcher_leaders_v1","2026-07-30 17:13:30 UTC"
2026,"694753","Khristian Curtis","PIT","NL",24,"R",1,0,0,0,0,5,15,17,0,0.8,2.7097,3.6245,4,2,0.2353,0.1176,0.1176,0.0884,0.2651,"baseballr_fangraphs_pitcher_leaders_v1","2026-07-30 17:13:30 UTC"
2026,"686751","Seth Johnson","PHI","NL",27,"R",16,0,1,0,0,16.1,49,80,5.5102,1.7755,4.2118,5.0961,20,14,0.25,0.175,0.075,0.0883,-0.6524,"baseballr_fangraphs_pitcher_leaders_v1","2026-07-30 17:13:30 UTC"
2026,"681982","Grant Anderson","MIL","NL",29,"R",43,0,3,3,0,47.1,142,186,3.8028,1.1408,4.483,4.4931,40,18,0.2151,0.0968,0.1183,0.0863,0.4344,"baseballr_fangraphs_pitcher_leaders_v1","2026-07-30 17:13:30 UTC"
2026,"621345","A.J. Minter","NYM","NL",32,"L",23,0,1,1,0,23,69,92,2.3478,1,4.0228,4.0821,20,2,0.2174,0.0217,0.1957,0.0842,-0.2651,"baseballr_fangraphs_pitcher_leaders_v1","2026-07-30 17:13:30 UTC"
2026,"680767","Victor Vodnik","COL","NL",26,"R",32,0,3,3,4,35,105,159,5.4,1.7143,4.5097,4.6588,25,19,0.1572,0.1195,0.0377,0.0806,-0.4403,"baseballr_fangraphs_pitcher_leaders_v1","2026-07-30 17:13:30 UTC"
2026,"678394","Brayan Bello","BOS","AL",27,"R",14,8,2,6,0,70.2,212,317,5.6038,1.5425,4.7937,4.1725,54,25,0.1703,0.0789,0.0915,0.0795,-1.0365,"baseballr_fangraphs_pitcher_leaders_v1","2026-07-30 17:13:30 UTC"
2026,"702566","Owen Murphy","ATL","NL",22,"R",3,1,0,1,0,6.2,20,29,4.05,1.2,4.6097,4.9468,6,2,0.2069,0.069,0.1379,0.079,-0.4904,"baseballr_fangraphs_pitcher_leaders_v1","2026-07-30 17:13:30 UTC"
2026,"687531","William Kempner","MIA","NL",25,"R",9,0,1,0,0,12.1,37,50,2.9189,0.973,3.353,3.906,14,4,0.28,0.08,0.2,0.0789,-0.134,"baseballr_fangraphs_pitcher_leaders_v1","2026-07-30 17:13:30 UTC"
2026,"695049","Brett Kerry","LAA","AL",27,"R",1,0,0,0,0,4,12,16,4.5,1,2.8597,4.7656,2,1,0.125,0.0625,0.0625,0.0784,-0.0224,"baseballr_fangraphs_pitcher_leaders_v1","2026-07-30 17:13:30 UTC"
2026,"621139","Brooks Kriske","ATH","AL",32,"R",2,0,0,0,0,2.2,8,11,0,1.125,2.7347,5.0218,2,1,0.1818,0.0909,0.0909,0.0779,0.0409,"baseballr_fangraphs_pitcher_leaders_v1","2026-07-30 17:13:30 UTC"
2026,"691951","Sam Aldegheri","LAA","AL",24,"L",9,6,3,4,0,33.2,101,151,5.0792,1.4257,5.3374,5.7617,22,17,0.1457,0.1126,0.0331,0.0776,-0.5254,"baseballr_fangraphs_pitcher_leaders_v1","2026-07-30 17:13:30 UTC"
2026,"682052","Jacob Lopez","ATH","AL",28,"L",17,14,5,4,0,70,210,326,5.7857,1.6714,5.524,5.6696,61,42,0.1871,0.1288,0.0583,0.0771,-1.1378,"baseballr_fangraphs_pitcher_leaders_v1","2026-07-30 17:13:30 UTC"
2026,"572143","Burch Smith","DET","AL",36,"R",13,1,0,2,0,17,51,73,3.1765,1.4706,3.5215,3.158,20,7,0.274,0.0959,0.1781,0.0753,-0.4308,"baseballr_fangraphs_pitcher_leaders_v1","2026-07-30 17:13:30 UTC"
2026,"677020","Josh Walker","BAL","AL",31,"L",7,0,0,0,0,9.1,28,39,3.8571,1.1786,3.4312,4.4887,8,2,0.2051,0.0513,0.1538,0.0735,0.0814,"baseballr_fangraphs_pitcher_leaders_v1","2026-07-30 17:13:30 UTC"
2026,"692230","Carlos Rodriguez","MIL","NL",24,"R",4,0,0,0,0,9.1,28,42,3.8571,1.5,4.074,5.2949,8,4,0.1905,0.0952,0.0952,0.0728,-0.1118,"baseballr_fangraphs_pitcher_leaders_v1","2026-07-30 17:13:30 UTC"
2026,"656288","Griffin Canning","SDP","NL",30,"R",16,11,2,9,0,65,195,289,6.6462,1.5692,5.0636,4.3056,67,32,0.2318,0.1107,0.1211,0.0727,-1.5179,"baseballr_fangraphs_pitcher_leaders_v1","2026-07-30 17:13:30 UTC"
2026,"656986","Bennett Sousa","HOU","AL",31,"L",9,0,0,0,0,7.1,22,32,3.6818,1.5,3.5188,6.0138,6,5,0.1875,0.1562,0.0312,0.0722,-0.0388,"baseballr_fangraphs_pitcher_leaders_v1","2026-07-30 17:13:30 UTC"
2026,"552640","Andrew Kittredge","BAL","AL",36,"R",36,0,1,3,4,31,93,137,3.4839,1.3548,4.271,3.7481,28,9,0.2044,0.0657,0.1387,0.0707,-0.497,"baseballr_fangraphs_pitcher_leaders_v1","2026-07-30 17:13:30 UTC"
2026,"700842","Eduardo Rivera","BOS","AL",23,"L",4,3,0,1,0,10,30,44,6.3,1.4,4.2097,4.282,10,6,0.2273,0.1364,0.0909,0.0704,-0.2727,"baseballr_fangraphs_pitcher_leaders_v1","2026-07-30 17:13:30 UTC"
2026,"675911","Spencer Strider","ATL","NL",27,"R",8,8,4,2,0,39,117,165,5.3077,1.359,5.3661,4.3991,46,20,0.2788,0.1212,0.1576,0.0664,-0.3028,"baseballr_fangraphs_pitcher_leaders_v1","2026-07-30 17:13:30 UTC"
2026,"656234","Jake Bird","NYY","AL",30,"R",36,0,1,1,0,30.1,91,139,5.9341,1.5495,4.3625,4.2567,31,11,0.223,0.0791,0.1439,0.0654,-0.939,"baseballr_fangraphs_pitcher_leaders_v1","2026-07-30 17:13:30 UTC"
2026,"668831","Garrett Stallings","MIL","NL",28,"R",3,0,0,0,0,5,15,18,0,0.6,2.3097,3.5295,5,2,0.2778,0.1111,0.1667,0.063,0.0275,"baseballr_fangraphs_pitcher_leaders_v1","2026-07-30 17:13:30 UTC"
2026,"678868","Eddy Yean","WSN","NL",25,"R",5,1,0,1,0,8,24,31,2.25,0.75,4.4847,4.575,4,2,0.129,0.0645,0.0645,0.0626,0.1432,"baseballr_fangraphs_pitcher_leaders_v1","2026-07-30 17:13:30 UTC"
2026,"676051","Codi Heuer","CLE","AL",29,"R",8,0,0,1,0,9.2,29,46,4.6552,1.7586,3.7304,5.7809,6,5,0.1304,0.1087,0.0217,0.0604,-0.1984,"baseballr_fangraphs_pitcher_leaders_v1","2026-07-30 17:13:30 UTC"
2026,"687606","Paxton Schultz","WSN","NL",28,"R",27,1,1,2,1,32.1,97,153,6.4021,1.701,4.3468,4.6943,32,12,0.2092,0.0784,0.1307,0.0574,-0.6318,"baseballr_fangraphs_pitcher_leaders_v1","2026-07-30 17:13:30 UTC"
2026,"641941","Emilio Pagán","CIN","NL",35,"R",23,0,2,1,11,21.1,64,91,5.0625,1.2188,4.7972,4.8612,23,8,0.2527,0.0879,0.1648,0.0569,0.1189,"baseballr_fangraphs_pitcher_leaders_v1","2026-07-30 17:13:30 UTC"
2026,"680723","Drew Rom","MIL","NL",26,"L",5,0,1,0,0,5.2,17,27,3.1765,1.7647,3.6391,2.9594,11,4,0.4074,0.1481,0.2593,0.0514,-0.0845,"baseballr_fangraphs_pitcher_leaders_v1","2026-07-30 17:13:30 UTC"
2026,"688158","David Morgan","SDP","NL",26,"R",18,0,2,0,0,22,66,105,4.5,1.7727,4.1097,4.0368,26,13,0.2476,0.1238,0.1238,0.0495,-0.0173,"baseballr_fangraphs_pitcher_leaders_v1","2026-07-30 17:13:30 UTC"
2026,"680755","Braydon Fisher","TOR","AL",25,"R",50,7,3,3,1,52,156,214,4.1538,1.25,4.2828,4.2489,52,26,0.243,0.1215,0.1215,0.0476,0.42,"baseballr_fangraphs_pitcher_leaders_v1","2026-07-30 17:13:30 UTC"
2026,"695001","Alimber Santa","HOU","AL",23,"R",10,0,0,1,0,15.1,46,59,1.1739,0.913,3.9576,4.6013,9,6,0.1525,0.1017,0.0508,0.0472,0.026,"baseballr_fangraphs_pitcher_leaders_v1","2026-07-30 17:13:30 UTC"
2026,"592826","Vince Velasquez","CHC","NL",34,"R",2,0,0,0,0,3.1,10,11,0,0.3,2.5097,5.2542,1,0,0.0909,0,0.0909,0.0462,6e-04,"baseballr_fangraphs_pitcher_leaders_v1","2026-07-30 17:13:30 UTC"
2026,"621389","Ty Blach","CHC","NL",35,"L",1,0,0,0,0,3,9,9,0,0.3333,1.7764,2.2846,2,0,0.2222,0,0.2222,0.0458,0.0053,"baseballr_fangraphs_pitcher_leaders_v1","2026-07-30 17:13:30 UTC"
2026,"679775","Kyle Backhus","PHI","NL",28,"L",19,1,1,1,0,18,54,84,5.5,1.5556,4.2764,3.8038,18,4,0.2143,0.0476,0.1667,0.0448,0.0201,"baseballr_fangraphs_pitcher_leaders_v1","2026-07-30 17:13:30 UTC"
2026,"685801","Hunter Bigge","TBR","AL",28,"R",18,0,1,1,0,19.1,58,85,6.9828,1.4483,4.5063,5.9632,14,14,0.1647,0.1647,0,0.044,0.3884,"baseballr_fangraphs_pitcher_leaders_v1","2026-07-30 17:13:30 UTC"
2026,"694335","Matt Svanson","STL","NL",27,"R",41,1,2,3,0,43.1,130,207,7.2692,1.7538,4.3097,4.7801,41,21,0.1981,0.1014,0.0966,0.0421,-1.6235,"baseballr_fangraphs_pitcher_leaders_v1","2026-07-30 17:13:30 UTC"
2026,"805427","Drew Sommers","DET","AL",25,"L",22,0,0,2,0,14.2,44,68,4.9091,1.7045,3.8597,3.3345,21,8,0.3088,0.1176,0.1912,0.0419,-0.6744,"baseballr_fangraphs_pitcher_leaders_v1","2026-07-30 17:13:30 UTC"
2026,"686228","Juan Burgos","ARI","NL",26,"R",2,0,0,0,0,2.2,8,12,3.375,1.125,4.2347,7.0935,0,0,0,0,0,0.0409,0.0365,"baseballr_fangraphs_pitcher_leaders_v1","2026-07-30 17:13:30 UTC"
2026,"682982","Daniel Espino","CLE","AL",25,"R",6,0,0,0,0,6,18,27,4.5,1.5,3.2764,2.1262,12,4,0.4444,0.1481,0.2963,0.0406,-0.1317,"baseballr_fangraphs_pitcher_leaders_v1","2026-07-30 17:13:30 UTC"
2026,"621074","Michael Rucker","SEA","AL",32,"R",18,0,0,2,0,19.2,59,85,4.5763,1.322,3.8216,3.4666,23,6,0.2706,0.0706,0.2,0.0405,-0.4975,"baseballr_fangraphs_pitcher_leaders_v1","2026-07-30 17:13:30 UTC"
2026,"690990","Cade Horton","CHC","NL",24,"R",2,2,1,0,0,7.1,22,26,2.4545,0.8182,4.6097,3.8766,4,2,0.1538,0.0769,0.0769,0.0396,0.1417,"baseballr_fangraphs_pitcher_leaders_v1","2026-07-30 17:13:30 UTC"
2026,"689818","David Sandlin","CHW","AL",25,"R",4,3,2,1,0,19.1,58,80,6.0517,1.2931,5.2821,4.0909,20,10,0.25,0.125,0.125,0.0371,-0.2655,"baseballr_fangraphs_pitcher_leaders_v1","2026-07-30 17:13:30 UTC"
2026,"641656","Ian Hamilton","ATL","NL",31,"R",4,0,0,0,0,4.2,14,23,7.7143,1.9286,3.324,3.9775,4,3,0.1739,0.1304,0.0435,0.0351,-0.1559,"baseballr_fangraphs_pitcher_leaders_v1","2026-07-30 17:13:30 UTC"
2026,"605441","Yacksel Ríos","CHC","NL",33,"R",1,0,0,0,0,1.2,5,5,0,0,0.7097,1.6245,2,0,0.4,0,0.4,0.0348,0.0013,"baseballr_fangraphs_pitcher_leaders_v1","2026-07-30 17:13:30 UTC"
2026,"676510","Nolan Hoffman","PHI","NL",28,"R",3,0,0,0,0,4.2,14,21,3.8571,1.9286,4.1812,5.8148,2,3,0.0952,0.1429,-0.0476,0.034,0.0139,"baseballr_fangraphs_pitcher_leaders_v1","2026-07-30 17:13:30 UTC"
2026,"605218","Carl Edwards Jr.","NYM","NL",34,"R",2,0,0,0,0,6,18,25,1.5,1.1667,3.6097,2.4595,11,4,0.44,0.16,0.28,0.0336,0.102,"baseballr_fangraphs_pitcher_leaders_v1","2026-07-30 17:13:30 UTC"
2026,"676395","Robert Garcia","TEX","AL",30,"L",9,0,0,1,0,8,24,34,3.375,1.5,4.2347,5.3782,6,7,0.1765,0.2059,-0.0294,0.032,-0.3032,"baseballr_fangraphs_pitcher_leaders_v1","2026-07-30 17:13:30 UTC"
2026,"700327","Welinton Herrera","COL","NL",22,"L",3,0,0,0,0,2.1,7,10,0,1.2857,2.6812,4.6415,2,1,0.2,0.1,0.1,0.0311,-0.0139,"baseballr_fangraphs_pitcher_leaders_v1","2026-07-30 17:13:30 UTC"
2026,"690155","Matt Pushard","STL","NL",28,"R",6,0,0,0,0,7,21,32,5.1429,1.4286,3.5383,5.2808,6,4,0.1875,0.125,0.0625,0.0309,-0.0806,"baseballr_fangraphs_pitcher_leaders_v1","2026-07-30 17:13:30 UTC"
2026,"664353","José Urquidy","PIT","NL",31,"R",5,0,0,1,1,6.1,19,36,8.5263,2.6842,4.215,4.329,6,2,0.1667,0.0556,0.1111,0.0309,-0.2095,"baseballr_fangraphs_pitcher_leaders_v1","2026-07-30 17:13:30 UTC"
2026,"702352","Spencer Bivens","SFG","NL",32,"R",2,0,0,0,0,2,6,10,0,2,1.6097,3.1344,3,1,0.3,0.1,0.2,0.0308,-0.0114,"baseballr_fangraphs_pitcher_leaders_v1","2026-07-30 17:13:30 UTC"
2026,"682769","Eiberson Castellano","COL","NL",25,"R",1,0,0,0,1,3,9,12,0,1.3333,2.7764,2.7764,2,0,0.1667,0,0.1667,0.0307,0.0025,"baseballr_fangraphs_pitcher_leaders_v1","2026-07-30 17:13:30 UTC"
2026,"686753","Drey Jameson","ARI","NL",28,"R",11,0,0,0,0,17.1,52,76,4.6731,1.4423,4.0905,5.0118,13,9,0.1711,0.1184,0.0526,0.0303,-0.0128,"baseballr_fangraphs_pitcher_leaders_v1","2026-07-30 17:13:30 UTC"
2026,"675916","James Karinchak","ATL","NL",30,"R",9,0,0,0,0,9.2,29,37,1.8621,0.931,4.3511,5.3722,8,5,0.2162,0.1351,0.0811,0.0295,0.3139,"baseballr_fangraphs_pitcher_leaders_v1","2026-07-30 17:13:30 UTC"
2026,"666711","Joel Peguero","SFG","NL",29,"R",11,0,0,0,0,11.1,34,48,2.3824,1.2353,3.8156,5.5645,5,4,0.1042,0.0833,0.0208,0.0251,-0.2439,"baseballr_fangraphs_pitcher_leaders_v1","2026-07-30 17:13:30 UTC"
2026,"671109","Jake Eder","LAD","NL",27,"L",4,0,1,0,0,4,12,15,2.25,1,3.3597,6.4091,1,1,0.0667,0.0667,0,0.0249,0.0239,"baseballr_fangraphs_pitcher_leaders_v1","2026-07-30 17:13:30 UTC"
2026,"622694","Elieser Hernández","ATL","NL",31,"R",1,0,1,0,0,3,9,13,0,1.3333,4.7764,7.3176,2,3,0.1538,0.2308,-0.0769,0.0244,0.2809,"baseballr_fangraphs_pitcher_leaders_v1","2026-07-30 17:13:30 UTC"
2026,"657265","Peter Strzelecki","STL","NL",31,"R",1,0,0,0,0,2,6,8,4.5,1.5,2.1097,3.6344,1,0,0.125,0,0.125,0.0239,0,"baseballr_fangraphs_pitcher_leaders_v1","2026-07-30 17:13:30 UTC"
2026,"668670","Jake Rogers","DET","AL",31,"R",3,0,0,0,0,2.1,7,12,0,1.7143,3.1097,3.7632,3,1,0.25,0.0833,0.1667,0.0237,2e-04,"baseballr_fangraphs_pitcher_leaders_v1","2026-07-30 17:13:30 UTC"
2026,"592866","Trevor Williams","WSN","NL",34,"R",1,0,0,0,0,1.1,4,4,0,0,1.6097,2.7532,1,0,0.25,0,0.25,0.0232,0.0119,"baseballr_fangraphs_pitcher_leaders_v1","2026-07-30 17:13:30 UTC"
2026,"677961","Cole Wilcox","SEA","AL",26,"R",20,0,0,0,0,24.2,74,109,3.2838,1.5,3.8395,4.3014,23,15,0.211,0.1376,0.0734,0.0229,0.1094,"baseballr_fangraphs_pitcher_leaders_v1","2026-07-30 17:13:30 UTC"
2026,"621107","Zach Eflin","BAL","AL",32,"R",1,1,0,0,0,3.2,11,17,2.4545,1.6364,4.4734,1.7596,7,2,0.4118,0.1176,0.2941,0.0214,0.0334,"baseballr_fangraphs_pitcher_leaders_v1","2026-07-30 17:13:30 UTC"
2026,"703615","Jose Cabrera","ARI","NL",24,"R",4,4,0,2,0,17.2,53,81,5.6038,1.5283,5.4871,5.4371,12,7,0.1481,0.0864,0.0617,0.0213,-0.4351,"baseballr_fangraphs_pitcher_leaders_v1","2026-07-30 17:13:30 UTC"
2026,"670245","Ryan Watson","BOS","AL",28,"R",35,0,1,0,1,55.2,167,240,4.5269,1.3114,4.6187,4.6677,43,19,0.1792,0.0792,0.1,0.0201,0.1722,"baseballr_fangraphs_pitcher_leaders_v1","2026-07-30 17:13:30 UTC"
2026,"670871","Guillo Zuñiga","NYM","NL",27,"R",1,0,0,0,0,1,3,4,0,1,4.1097,7.1591,1,1,0.25,0.25,0,0.0189,0.0317,"baseballr_fangraphs_pitcher_leaders_v1","2026-07-30 17:13:30 UTC"
2026,"664731","P.J. Higgins","CIN","NL",33,"R",1,0,0,0,0,1,3,3,0,0,1.1097,4.1591,1,0,0.3333,0,0.3333,0.0186,1e-04,"baseballr_fangraphs_pitcher_leaders_v1","2026-07-30 17:13:30 UTC"
2026,"624512","Reese McGuire","CHW","AL",31,"R",1,0,0,0,0,1,3,3,0,0,3.1097,7.6838,0,0,0,0,0,0.0181,2e-04,"baseballr_fangraphs_pitcher_leaders_v1","2026-07-30 17:13:30 UTC"
2026,"596117","Garrett Stubbs","PHI","NL",33,"R",4,0,0,0,0,3.1,10,15,5.4,1.5,4.0097,7.2116,0,1,0,0.0667,-0.0667,0.017,2e-04,"baseballr_fangraphs_pitcher_leaders_v1","2026-07-30 17:13:30 UTC"
2026,"624431","Jose Trevino","CIN","NL",33,"R",4,0,0,0,0,5,15,29,14.4,3,3.9097,5.7394,1,1,0.0345,0.0345,0,0.0167,-6e-04,"baseballr_fangraphs_pitcher_leaders_v1","2026-07-30 17:13:30 UTC"
2026,"680728","Adrian Del Castillo","ARI","NL",26,"R",1,0,0,0,0,1.2,5,10,5.4,2.4,4.9097,8.569,0,0,0,0,0,0.0157,2e-04,"baseballr_fangraphs_pitcher_leaders_v1","2026-07-30 17:13:30 UTC"
2026,"680702","Joey Gerber","NYM","NL",29,"R",7,0,0,0,0,8.1,25,34,4.32,1.2,4.1897,4.4594,8,4,0.2353,0.1176,0.1176,0.015,0.0957,"baseballr_fangraphs_pitcher_leaders_v1","2026-07-30 17:13:30 UTC"
2026,"683155","Joey Estes","ATH","AL",24,"R",1,1,0,0,0,4.1,13,18,8.3077,1.3846,4.9559,4.067,4,1,0.2222,0.0556,0.1667,0.014,-0.1378,"baseballr_fangraphs_pitcher_leaders_v1","2026-07-30 17:13:30 UTC"
2026,"701519","Travis Adams","MIN","AL",26,"R",23,0,2,0,2,32.1,97,140,5.2887,1.3918,4.2231,3.9104,37,15,0.2643,0.1071,0.1571,0.0135,0.2629,"baseballr_fangraphs_pitcher_leaders_v1","2026-07-30 17:13:30 UTC"
2026,"664702","Myles Straw","TOR","AL",31,"R",3,0,0,0,0,3,9,15,0,2,4.1097,5.6344,0,1,0,0.0667,-0.0667,0.0135,1e-04,"baseballr_fangraphs_pitcher_leaders_v1","2026-07-30 17:13:30 UTC"
2026,"683766","Christian Koss","SFG","NL",28,"R",2,0,0,0,0,2,6,10,13.5,2.5,3.1097,5.3968,0,0,0,0,0,0.0115,0,"baseballr_fangraphs_pitcher_leaders_v1","2026-07-30 17:13:30 UTC"
2026,"802408","Brycen Mautz","STL","NL",24,"L",1,0,0,0,0,3,9,14,6,2,3.7764,5.8093,2,2,0.1429,0.1429,0,0.0105,-0.0679,"baseballr_fangraphs_pitcher_leaders_v1","2026-07-30 17:13:30 UTC"
2026,"668834","Easton McGee","MIL","NL",28,"R",2,0,0,0,0,2,6,6,0,1,3.6097,3.6097,1,1,0.1667,0.1667,0,0.0092,0.0049,"baseballr_fangraphs_pitcher_leaders_v1","2026-07-30 17:13:30 UTC"
2026,"694350","Zach Brzykcy","MIA","NL",26,"R",2,0,0,0,0,3,9,12,3,1.6667,3.7764,4.2846,2,2,0.1667,0.1667,0,0.0092,0.0163,"baseballr_fangraphs_pitcher_leaders_v1","2026-07-30 17:13:30 UTC"
2026,"622761","Jorge Mateo","ATL","NL",31,"R",3,0,0,0,0,2.1,7,12,3.8571,2.5714,3.5383,6.8055,1,1,0.0833,0.0833,0,0.009,1e-04,"baseballr_fangraphs_pitcher_leaders_v1","2026-07-30 17:13:30 UTC"
2026,"688642","Zach Agnos","COL","NL",25,"R",28,2,0,2,2,63.2,191,287,6.2199,1.5393,4.8061,5.256,40,24,0.1394,0.0836,0.0557,0.0082,-0.9006,"baseballr_fangraphs_pitcher_leaders_v1","2026-07-30 17:13:30 UTC"
2026,"694795","Josh Ekness","MIA","NL",24,"R",6,0,0,0,1,5.1,16,22,1.6875,1.3125,4.0472,5.1907,5,5,0.2273,0.2273,0,0.0077,-0.0651,"baseballr_fangraphs_pitcher_leaders_v1","2026-07-30 17:13:30 UTC"
2026,"663941","Tristan Beck","SFG","NL",30,"R",9,0,0,0,1,12.2,38,55,6.3947,1.3421,4.2939,5.4343,5,3,0.0909,0.0545,0.0364,0.0075,0.0069,"baseballr_fangraphs_pitcher_leaders_v1","2026-07-30 17:13:30 UTC"
2026,"595978","Austin Hedges","CLE","AL",33,"R",2,0,0,0,0,1.1,4,8,13.5,3,3.1097,4.2532,0,0,0,0,0,0.0072,-2e-04,"baseballr_fangraphs_pitcher_leaders_v1","2026-07-30 17:13:30 UTC"
2026,"686934","Alex McFarlane","PHI","NL",25,"R",1,0,0,0,0,1,3,4,0,1,3.1097,4.6344,0,0,0,0,0,0.0071,0.0017,"baseballr_fangraphs_pitcher_leaders_v1","2026-07-30 17:13:30 UTC"
2026,"681084","Tanner Andrews","TOR","AL",30,"R",2,0,0,0,0,3,9,11,0,1,4.4431,6.476,1,2,0.0909,0.1818,-0.0909,0.0071,0.0044,"baseballr_fangraphs_pitcher_leaders_v1","2026-07-30 17:13:30 UTC"
2026,"594835","Marco Gonzales","TEX","AL",34,"L",1,0,0,0,1,3,9,13,0,1.3333,3.7764,6.8258,2,2,0.1538,0.1538,0,0.007,9e-04,"baseballr_fangraphs_pitcher_leaders_v1","2026-07-30 17:13:30 UTC"
2026,"670097","Zack Short","NYM","NL",31,"R",1,0,0,0,0,1,3,3,0,0,3.1097,4.6344,0,0,0,0,0,0.0064,1e-04,"baseballr_fangraphs_pitcher_leaders_v1","2026-07-30 17:13:30 UTC"
2026,"676694","Jake Meyers","HOU","AL",30,"L",1,0,0,0,0,1,3,3,0,0,3.1097,3.1097,0,0,0,0,0,0.006,0,"baseballr_fangraphs_pitcher_leaders_v1","2026-07-30 17:13:30 UTC"
2026,"660787","Yerry De los Santos","NYY","AL",28,"R",5,0,0,0,0,8.2,26,38,1.0385,1.3846,4.379,4.1104,7,4,0.1842,0.1053,0.0789,0.0058,-0.0566,"baseballr_fangraphs_pitcher_leaders_v1","2026-07-30 17:13:30 UTC"
2026,"664744","Jose Espada","BAL","AL",29,"R",1,0,0,0,0,1,3,4,0,2,3.1097,4.6344,0,0,0,0,0,0.0056,9e-04,"baseballr_fangraphs_pitcher_leaders_v1","2026-07-30 17:13:30 UTC"
2026,"695684","Elmer Rodríguez","NYY","AL",22,"R",4,4,0,2,0,17,51,83,4.7647,1.7647,5.1685,6.1079,10,11,0.1205,0.1325,-0.012,0.0053,-0.3471,"baseballr_fangraphs_pitcher_leaders_v1","2026-07-30 17:13:30 UTC"
2026,"691008","Max Rajcic","STL","NL",24,"R",6,0,0,0,0,9,27,39,5,1.3333,4.7764,5.5343,8,6,0.2051,0.1538,0.0513,0.0046,0.2221,"baseballr_fangraphs_pitcher_leaders_v1","2026-07-30 17:13:30 UTC"
2026,"669711","Greg Weissert","BOS","AL",31,"R",44,0,3,2,1,42.1,127,178,4.0394,1.2047,4.3617,3.9769,40,12,0.2247,0.0674,0.1573,0.0035,-0.7093,"baseballr_fangraphs_pitcher_leaders_v1","2026-07-30 17:13:30 UTC"
2026,"607455","Anthony Banda","MIN","AL",32,"L",39,0,2,0,2,34.1,103,156,4.4563,1.3398,4.333,5.0623,33,15,0.2115,0.0962,0.1154,0.0033,-0.4518,"baseballr_fangraphs_pitcher_leaders_v1","2026-07-30 17:13:30 UTC"
2026,"656240","Scott Blewett","STL","NL",30,"R",1,0,0,0,0,2,6,9,0,1.5,4.1097,6.3968,2,2,0.2222,0.2222,0,0.0014,0.0097,"baseballr_fangraphs_pitcher_leaders_v1","2026-07-30 17:13:30 UTC"
2026,"686563","Jonathan Cannon","CHW","AL",25,"R",1,0,0,0,0,0,0,3,9,3,12.1097,12.1097,0,3,0,1,-1,0,-0.2821,"baseballr_fangraphs_pitcher_leaders_v1","2026-07-30 17:13:30 UTC"
2026,"687721","Cameron Weston","BAL","AL",25,"R",1,0,0,0,0,1,3,3,0,1,4.1097,4.1097,1,1,0.3333,0.3333,0,-3e-04,0.0362,"baseballr_fangraphs_pitcher_leaders_v1","2026-07-30 17:13:30 UTC"
2026,"642048","Tayler Saucedo","LAA","AL",33,"L",6,0,0,0,0,3.1,10,15,5.4,1.5,4.3097,2.6968,6,0,0.4,0,0.4,-7e-04,0.0027,"baseballr_fangraphs_pitcher_leaders_v1","2026-07-30 17:13:30 UTC"
2026,"693713","Emiliano Teodo","TEX","AL",25,"R",1,0,0,0,0,1.2,5,10,10.8,3,5.5097,7.3394,1,2,0.1,0.2,-0.1,-0.001,-0.0137,"baseballr_fangraphs_pitcher_leaders_v1","2026-07-30 17:13:30 UTC"
2026,"675540","Xzavion Curry","NYM","NL",27,"R",4,0,0,0,0,6,18,25,3,1.1667,4.9431,5.8258,4,2,0.16,0.08,0.08,-0.001,-0.0101,"baseballr_fangraphs_pitcher_leaders_v1","2026-07-30 17:13:30 UTC"
2026,"691594","Javier Sanoja","MIA","NL",23,"R",3,0,0,0,0,3,9,14,6,1.3333,4.4431,9.0171,1,1,0.0714,0.0714,0,-0.0028,-2e-04,"baseballr_fangraphs_pitcher_leaders_v1","2026-07-30 17:13:30 UTC"
2026,"671131","Jackson Rutledge","WSN","NL",27,"R",1,0,0,0,0,1.1,4,12,47.25,6,4.6097,5.7532,2,2,0.1667,0.1667,0,-0.0034,-0.0346,"baseballr_fangraphs_pitcher_leaders_v1","2026-07-30 17:13:30 UTC"
2026,"663494","Bryan Torres","STL","NL",28,"R",1,0,0,0,0,2,6,8,0,1,4.6097,6.8968,0,1,0,0.125,-0.125,-0.005,5e-04,"baseballr_fangraphs_pitcher_leaders_v1","2026-07-30 17:13:30 UTC"
2026,"675989","Cody Bolton","HOU","AL",28,"R",8,3,0,1,1,20,60,95,5.4,1.75,5.1097,4.9131,22,14,0.2316,0.1474,0.0842,-0.0053,-0.1709,"baseballr_fangraphs_pitcher_leaders_v1","2026-07-30 17:13:30 UTC"
2026,"671936","Adam Macko","TOR","AL",25,"L",22,1,2,0,0,22,66,99,4.9091,1.5455,4.5643,4.4548,23,10,0.2323,0.101,0.1313,-0.008,-0.0285,"baseballr_fangraphs_pitcher_leaders_v1","2026-07-30 17:13:30 UTC"
2026,"680951","Doug Nikhazy","CHW","AL",26,"L",1,0,0,0,0,2,6,9,4.5,1.5,5.1097,5.8721,1,2,0.1111,0.2222,-0.1111,-0.0085,0.0028,"baseballr_fangraphs_pitcher_leaders_v1","2026-07-30 17:13:30 UTC"
2026,"680474","Max Schuemann","NYY","AL",29,"R",1,0,0,0,0,1,3,5,0,2,6.1097,9.1591,0,1,0,0.2,-0.2,-0.0101,2e-04,"baseballr_fangraphs_pitcher_leaders_v1","2026-07-30 17:13:30 UTC"
2026,"664059","Sam Haggerty","TEX","AL",32,"R",1,0,0,0,0,1,3,3,0,0,6.1097,6.1097,0,0,0,0,0,-0.0105,0,"baseballr_fangraphs_pitcher_leaders_v1","2026-07-30 17:13:30 UTC"
2026,"664238","Dylan Moore","PHI","NL",33,"R",2,0,0,0,0,1.2,5,8,5.4,1.2,6.7097,7.6245,0,1,0,0.125,-0.125,-0.0114,0,"baseballr_fangraphs_pitcher_leaders_v1","2026-07-30 17:13:30 UTC"
2026,"701474","Duncan Davitt","CHW","AL",26,"R",1,0,0,0,0,1,3,3,0,1,6.1097,7.6344,0,1,0,0.3333,-0.3333,-0.0115,0.0155,"baseballr_fangraphs_pitcher_leaders_v1","2026-07-30 17:13:30 UTC"
2026,"691725","Andrew Painter","PHI","NL",23,"R",14,12,1,8,0,65,195,299,7.0615,1.6615,5.5251,4.8597,53,24,0.1773,0.0803,0.097,-0.0124,-1.3412,"baseballr_fangraphs_pitcher_leaders_v1","2026-07-30 17:13:30 UTC"
2026,"666619","Gregory Santos","SFG","NL",26,"R",3,0,0,0,0,5,15,22,3.6,1.6,4.5097,6.0344,1,3,0.0455,0.1364,-0.0909,-0.0139,-0.0547,"baseballr_fangraphs_pitcher_leaders_v1","2026-07-30 17:13:30 UTC"
2026,"689690","Alek Jacob","SDP","NL",28,"R",3,0,1,0,0,5,15,23,5.4,1.4,5.1097,4.6443,6,2,0.2609,0.087,0.1739,-0.0139,-0.1055,"baseballr_fangraphs_pitcher_leaders_v1","2026-07-30 17:13:30 UTC"
2026,"686678","Chase Solesky","TBR","AL",28,"R",1,0,0,0,0,3,9,17,6,2.3333,5.7764,3.476,4,1,0.2353,0.0588,0.1765,-0.015,0.0051,"baseballr_fangraphs_pitcher_leaders_v1","2026-07-30 17:13:30 UTC"
2026,"687931","Carson Whisenhunt","SFG","NL",25,"L",3,3,2,1,0,15.2,47,67,4.5957,1.4043,5.4714,4.9285,13,8,0.194,0.1194,0.0746,-0.0163,-0.1065,"baseballr_fangraphs_pitcher_leaders_v1","2026-07-30 17:13:30 UTC"
2026,"682997","Tyler Callihan","PIT","NL",26,"R",4,0,0,0,0,3,9,15,0,2,5.4431,8.4925,1,3,0.0667,0.2,-0.1333,-0.0198,0,"baseballr_fangraphs_pitcher_leaders_v1","2026-07-30 17:13:30 UTC"
2026,"681343","Shane Smith","CHW","AL",26,"R",3,3,0,2,0,8.1,25,49,10.8,2.52,5.6297,5.8994,11,9,0.2245,0.1837,0.0408,-0.024,-0.5444,"baseballr_fangraphs_pitcher_leaders_v1","2026-07-30 17:13:30 UTC"
2026,"621242","Edwin Díaz","LAD","NL",32,"R",8,0,1,0,5,7,21,38,10.2857,2.2857,4.6812,5.0021,10,5,0.2632,0.1316,0.1316,-0.0244,0.1096,"baseballr_fangraphs_pitcher_leaders_v1","2026-07-30 17:13:30 UTC"
2026,"666745","Jhony Brito","SDP","NL",28,"R",3,0,0,0,0,5.1,16,20,3.375,0.9375,4.6097,4.7452,4,1,0.2,0.05,0.15,-0.0249,-0.1991,"baseballr_fangraphs_pitcher_leaders_v1","2026-07-30 17:13:30 UTC"
2026,"606115","Orlando Arcia","MIN","AL",31,"R",1,0,0,0,0,1,3,5,9,3,9.1097,10.6344,0,2,0,0.4,-0.4,-0.0258,1e-04,"baseballr_fangraphs_pitcher_leaders_v1","2026-07-30 17:13:30 UTC"
2026,"697812","Joe Rock","CHW","AL",25,"L",4,0,0,1,0,10.1,31,53,3.4839,2.129,4.5613,6.332,12,11,0.2264,0.2075,0.0189,-0.0272,-0.3041,"baseballr_fangraphs_pitcher_leaders_v1","2026-07-30 17:13:30 UTC"
2026,"671083","Buddy Kennedy","SFG","NL",27,"R",1,0,0,0,0,1,3,9,36,6,9.1097,13.6838,0,2,0,0.2222,-0.2222,-0.0278,1e-04,"baseballr_fangraphs_pitcher_leaders_v1","2026-07-30 17:13:30 UTC"
2026,"685112","Zach McCambley","CIN","NL",27,"R",4,0,0,0,0,4.1,13,25,6.2308,2.5385,5.4174,6.8248,4,5,0.16,0.2,-0.04,-0.0295,-0.1545,"baseballr_fangraphs_pitcher_leaders_v1","2026-07-30 17:13:30 UTC"
2026,"608371","Lucas Sims","CHW","AL",32,"R",9,0,0,2,0,10,30,46,4.5,1.6,4.8097,5.0344,10,7,0.2174,0.1522,0.0652,-0.0302,-0.5628,"baseballr_fangraphs_pitcher_leaders_v1","2026-07-30 17:13:30 UTC"
2026,"694646","Chayce McDermott","LAD","NL",27,"R",2,0,0,0,0,2.1,7,10,7.7143,1.2857,7.824,6.1732,1,0,0.1,0,0.1,-0.0311,-1e-04,"baseballr_fangraphs_pitcher_leaders_v1","2026-07-30 17:13:30 UTC"
2026,"656638","Alex Lange","KCR","AL",30,"R",42,0,1,6,10,42.2,128,193,6.3281,1.5469,4.305,4.6944,44,24,0.228,0.1244,0.1036,-0.033,-1.4706,"baseballr_fangraphs_pitcher_leaders_v1","2026-07-30 17:13:30 UTC"
2026,"662144","Brian Keller","PHI","NL",32,"R",1,0,0,0,0,3,9,11,3,0.6667,5.4431,3.6509,3,0,0.2727,0,0.2727,-0.033,0.0734,"baseballr_fangraphs_pitcher_leaders_v1","2026-07-30 17:13:30 UTC"
2026,"666129","Braxton Garrett","MIA","NL",28,"L",2,2,0,1,0,4.1,13,28,14.5385,3.4615,6.3405,8.4516,5,8,0.1786,0.2857,-0.1071,-0.0331,-0.3498,"baseballr_fangraphs_pitcher_leaders_v1","2026-07-30 17:13:30 UTC"
2026,"682227","Brandon Williamson","CIN","NL",28,"L",6,6,2,3,0,28,84,128,6.1071,1.6429,6.074,6.5039,19,20,0.1484,0.1562,-0.0078,-0.0342,-0.2208,"baseballr_fangraphs_pitcher_leaders_v1","2026-07-30 17:13:30 UTC"
2026,"669704","Kade Strowd","ARI","NL",28,"R",1,0,0,0,0,1,3,7,9,4,10.1097,11.6344,1,3,0.1429,0.4286,-0.2857,-0.0346,1e-04,"baseballr_fangraphs_pitcher_leaders_v1","2026-07-30 17:13:30 UTC"
2026,"628708","Yunior Marte","CIN","NL",31,"R",1,0,0,0,0,0.1,1,6,108.0001,12,15.1097,24.2579,1,1,0.1667,0.1667,0,-0.0357,-0.2477,"baseballr_fangraphs_pitcher_leaders_v1","2026-07-30 17:13:30 UTC"
2026,"664954","Brett Sullivan","COL","NL",32,"R",6,0,0,0,0,7,21,31,5.1429,1.7143,5.5383,6.0771,1,2,0.0323,0.0645,-0.0323,-0.0366,0,"baseballr_fangraphs_pitcher_leaders_v1","2026-07-30 17:13:30 UTC"
2026,"606965","Chris Devenski","PIT","NL",35,"R",3,0,0,0,0,2.1,7,12,7.7143,2.1429,6.1097,2.4986,3,0,0.25,0,0.25,-0.0373,-0.1565,"baseballr_fangraphs_pitcher_leaders_v1","2026-07-30 17:13:30 UTC"
2026,"671382","Cameron Foster","BAL","AL",27,"R",6,0,0,0,0,9,27,49,9,2.7778,5.2208,5.3011,9,8,0.1837,0.1633,0.0204,-0.0378,-0.0879,"baseballr_fangraphs_pitcher_leaders_v1","2026-07-30 17:13:30 UTC"
2026,"683232","Nick Mears","KCR","AL",29,"R",21,0,2,3,0,19.1,58,83,5.1207,1.5,4.6097,4.7633,15,11,0.1807,0.1325,0.0482,-0.0388,-0.489,"baseballr_fangraphs_pitcher_leaders_v1","2026-07-30 17:13:30 UTC"
2026,"445276","Kenley Jansen","DET","AL",38,"R",32,0,2,4,12,28.2,86,120,3.7674,1.2209,5.0283,4.8352,32,18,0.2667,0.15,0.1167,-0.0392,-1.3603,"baseballr_fangraphs_pitcher_leaders_v1","2026-07-30 17:13:30 UTC"
2026,"677053","Andrew Nardi","MIA","NL",27,"L",25,0,3,3,0,22.2,68,99,5.1618,1.4118,4.6097,4.0645,27,11,0.2727,0.1111,0.1616,-0.0414,-0.1405,"baseballr_fangraphs_pitcher_leaders_v1","2026-07-30 17:13:30 UTC"
2026,"642759","Julian Fernández","WSN","NL",30,"R",3,0,0,0,0,4,12,18,2.25,1.25,6.3597,6.5403,3,2,0.1667,0.1111,0.0556,-0.0415,-0.0069,"baseballr_fangraphs_pitcher_leaders_v1","2026-07-30 17:13:30 UTC"
2026,"656716","Zach McKinstry","DET","AL",31,"R",1,0,0,0,0,1,3,8,18,5,12.1097,15.1591,0,3,0,0.375,-0.375,-0.0415,-3e-04,"baseballr_fangraphs_pitcher_leaders_v1","2026-07-30 17:13:30 UTC"
2026,"683627","Anthony Molina","ATL","NL",24,"R",3,0,0,0,0,5,15,21,5.4,1.4,5.5097,4.1295,2,1,0.0952,0.0476,0.0476,-0.0426,-0.0179,"baseballr_fangraphs_pitcher_leaders_v1","2026-07-30 17:13:30 UTC"
2026,"699044","Miguel Ullola","HOU","AL",24,"R",3,0,0,0,0,5,15,20,5.4,1,6.1097,3.0443,7,1,0.35,0.05,0.3,-0.0436,0.0256,"baseballr_fangraphs_pitcher_leaders_v1","2026-07-30 17:13:30 UTC"
2026,"683000","Riley Cornelio","WSN","NL",26,"R",9,0,2,1,0,18.1,55,87,5.8909,1.8545,4.7461,6.1161,17,17,0.1954,0.1954,0,-0.0468,-0.5261,"baseballr_fangraphs_pitcher_leaders_v1","2026-07-30 17:13:30 UTC"
2026,"678576","Wilkin Ramos","SFG","NL",25,"R",2,0,0,0,0,2,6,15,22.5,4.5,8.1097,8.8721,1,4,0.0667,0.2667,-0.2,-0.0474,-0.0889,"baseballr_fangraphs_pitcher_leaders_v1","2026-07-30 17:13:30 UTC"
2026,"694397","Marco Raya","MIN","AL",23,"R",3,0,0,0,0,6,18,25,3,1.3333,5.4431,4.8011,4,3,0.16,0.12,0.04,-0.0488,0.0166,"baseballr_fangraphs_pitcher_leaders_v1","2026-07-30 17:13:30 UTC"
2026,"686560","Gavin Collyer","TEX","AL",25,"R",23,0,1,1,0,23,69,105,5.087,1.4783,5.0228,6.1811,22,19,0.2095,0.181,0.0286,-0.049,-0.1875,"baseballr_fangraphs_pitcher_leaders_v1","2026-07-30 17:13:30 UTC"
2026,"688497","Taylor Rashi","ARI","NL",30,"R",3,0,1,0,0,3.2,11,15,9.8182,1.0909,5.2915,2.9936,4,1,0.2667,0.0667,0.2,-0.0496,0.0537,"baseballr_fangraphs_pitcher_leaders_v1","2026-07-30 17:13:30 UTC"
2026,"681432","Luke Little","CHC","NL",25,"L",1,0,0,0,0,1,3,5,9,2,14.1097,2.6344,1,0,0.2,0,0.2,-0.0518,1e-04,"baseballr_fangraphs_pitcher_leaders_v1","2026-07-30 17:13:30 UTC"
2026,"545121","Ildemaro Vargas","ARI","NL",34,"R",2,0,0,0,0,2.2,8,13,6.75,1.875,7.6097,11.0403,0,3,0,0.2308,-0.2308,-0.0519,6e-04,"baseballr_fangraphs_pitcher_leaders_v1","2026-07-30 17:13:30 UTC"
2026,"663967","César Salazar","HOU","AL",30,"R",1,0,0,0,0,1,3,4,9,1,16.1097,7.6838,0,0,0,0,0,-0.0521,-1e-04,"baseballr_fangraphs_pitcher_leaders_v1","2026-07-30 17:13:30 UTC"
2026,"670062","Julian Garcia","CIN","NL",31,"R",13,0,1,2,1,18.1,55,72,2.4545,0.9818,5.0188,4.638,17,9,0.2361,0.125,0.1111,-0.0538,0.2038,"baseballr_fangraphs_pitcher_leaders_v1","2026-07-30 17:13:30 UTC"
2026,"542888","Shawn Armstrong","CLE","AL",35,"R",38,0,2,1,0,33,99,146,4.9091,1.4545,4.5946,4.9131,33,19,0.226,0.1301,0.0959,-0.0543,0.0994,"baseballr_fangraphs_pitcher_leaders_v1","2026-07-30 17:13:30 UTC"
2026,"663465","Kolby Allard","CLE","AL",28,"L",4,0,0,0,0,8.2,26,45,10.3846,2.1923,5.4174,4.1767,9,3,0.2,0.0667,0.1333,-0.0549,-0.1933,"baseballr_fangraphs_pitcher_leaders_v1","2026-07-30 17:13:30 UTC"
2026,"810938","Ben Williamson","TBR","AL",25,"R",5,0,0,0,0,5,15,21,3.6,1.2,6.3097,7.0641,0,1,0,0.0476,-0.0476,-0.056,3e-04,"baseballr_fangraphs_pitcher_leaders_v1","2026-07-30 17:13:30 UTC"
2026,"623474","Jimmy Herget","COL","NL",32,"R",30,3,0,4,3,28.1,85,135,6.6706,1.8,5.2627,5.2287,29,16,0.2148,0.1185,0.0963,-0.0563,-0.3476,"baseballr_fangraphs_pitcher_leaders_v1","2026-07-30 17:13:30 UTC"
2026,"668390","Cole Winn","TEX","AL",26,"R",39,0,5,3,1,35.1,106,156,6.1132,1.3585,4.5814,3.9478,36,10,0.2308,0.0641,0.1667,-0.0563,-0.5861,"baseballr_fangraphs_pitcher_leaders_v1","2026-07-30 17:13:30 UTC"
2026,"571948","Hoby Milner","CHC","NL",35,"L",38,0,1,0,1,35.2,107,149,3.5327,1.2056,4.5677,4.8197,18,9,0.1208,0.0604,0.0604,-0.0568,0.324,"baseballr_fangraphs_pitcher_leaders_v1","2026-07-30 17:13:30 UTC"
2026,"682445","Domingo Gonzalez","SEA","AL",26,"R",5,0,0,0,0,7.2,23,36,4.6957,1.8261,5.4576,5.7506,5,5,0.1389,0.1389,0,-0.0584,-0.0195,"baseballr_fangraphs_pitcher_leaders_v1","2026-07-30 17:13:30 UTC"
2026,"684974","Craig Yoho","MIL","NL",26,"R",15,0,2,0,0,20,60,78,3.15,0.85,4.7597,4.4107,18,8,0.2308,0.1026,0.1282,-0.059,0.5571,"baseballr_fangraphs_pitcher_leaders_v1","2026-07-30 17:13:30 UTC"
2026,"671111","Sammy Peralta","COL","NL",28,"L",2,1,0,1,0,2.2,8,15,10.125,1.875,9.4847,6.8968,4,2,0.2667,0.1333,0.1333,-0.0623,-0.1815,"baseballr_fangraphs_pitcher_leaders_v1","2026-07-30 17:13:30 UTC"
2026,"622554","Seranthony Domínguez","CHW","AL",31,"R",41,0,3,3,12,36.1,109,158,4.211,1.3761,4.8161,4.1381,44,22,0.2785,0.1392,0.1392,-0.063,-0.9979,"baseballr_fangraphs_pitcher_leaders_v1","2026-07-30 17:13:30 UTC"
2026,"671345","Jason Foley","SFG","NL",30,"R",4,0,0,0,0,4.1,13,20,6.2308,1.6154,5.879,4.9901,2,1,0.1,0.05,0.05,-0.0634,-0.2692,"baseballr_fangraphs_pitcher_leaders_v1","2026-07-30 17:13:30 UTC"
2026,"663362","Matt Waldron","SDP","NL",29,"R",10,3,1,2,0,32.2,98,147,7.1633,1.5612,5.0995,4.3675,28,8,0.1905,0.0544,0.1361,-0.0636,-0.8722,"baseballr_fangraphs_pitcher_leaders_v1","2026-07-30 17:13:30 UTC"
2026,"620443","Luis Torrens","NYM","NL",30,"R",1,0,0,0,0,0.1,1,3,27,6,42.1098,7.6838,0,0,0,0,0,-0.0641,0,"baseballr_fangraphs_pitcher_leaders_v1","2026-07-30 17:13:30 UTC"
2026,"670090","Wyatt Mills","LAD","NL",31,"R",5,0,0,0,0,4.1,13,24,6.2308,2.3077,6.802,8.2094,4,7,0.1667,0.2917,-0.125,-0.0668,0.0063,"baseballr_fangraphs_pitcher_leaders_v1","2026-07-30 17:13:30 UTC"
2026,"692437","Winston Santos","TEX","AL",24,"R",1,0,0,0,0,2,6,9,9,1.5,10.1097,6.6591,1,1,0.1111,0.1111,0,-0.0672,-0.0342,"baseballr_fangraphs_pitcher_leaders_v1","2026-07-30 17:13:30 UTC"
2026,"804636","Jonah Tong","NYM","NL",23,"R",3,0,1,1,0,10,30,47,3.6,1.5,5.1097,5.9443,7,7,0.1489,0.1489,0,-0.0675,-0.08,"baseballr_fangraphs_pitcher_leaders_v1","2026-07-30 17:13:30 UTC"
2026,"691548","Rolddy Muñoz","ATL","NL",26,"R",1,0,0,0,0,2,6,12,13.5,3,8.1097,3.1344,3,1,0.25,0.0833,0.1667,-0.0684,-0.1568,"baseballr_fangraphs_pitcher_leaders_v1","2026-07-30 17:13:30 UTC"
2026,"682668","Luisangel Acuña","CHW","AL",24,"R",2,0,0,0,0,2,6,9,4.5,1.5,11.1097,6.1344,0,1,0,0.1111,-0.1111,-0.0707,1e-04,"baseballr_fangraphs_pitcher_leaders_v1","2026-07-30 17:13:30 UTC"
2026,"687239","Ben Peoples","TEX","AL",25,"R",9,0,0,0,0,9.1,28,36,1.9286,0.8571,5.6812,5.1825,4,1,0.1111,0.0278,0.0833,-0.0743,-0.1245,"baseballr_fangraphs_pitcher_leaders_v1","2026-07-30 17:13:30 UTC"
2026,"694363","Jared Shuster","STL","NL",27,"L",5,0,0,0,0,9,27,44,9,1.8889,5.6653,6.2538,4,6,0.0909,0.1364,-0.0455,-0.0753,-0.2582,"baseballr_fangraphs_pitcher_leaders_v1","2026-07-30 17:13:30 UTC"
2026,"700270","Yilber Díaz","ARI","NL",25,"R",1,0,0,0,0,0.2,2,10,94.5001,12,27.1097,16.7579,0,1,0,0.1,-0.1,-0.0754,-0.008,"baseballr_fangraphs_pitcher_leaders_v1","2026-07-30 17:13:30 UTC"
2026,"644433","Chadwick Tromp","BAL","AL",31,"R",1,0,0,0,0,1,3,6,18,4,19.1097,9.1591,0,1,0,0.1667,-0.1667,-0.0754,1e-04,"baseballr_fangraphs_pitcher_leaders_v1","2026-07-30 17:13:30 UTC"
2026,"678391","Jorbit Vivas","WSN","NL",25,"R",3,0,0,0,0,2.2,8,18,16.875,3.375,10.2347,10.5056,0,1,0,0.0556,-0.0556,-0.076,-0.0116,"baseballr_fangraphs_pitcher_leaders_v1","2026-07-30 17:13:30 UTC"
2026,"544150","Albert Suárez","BAL","AL",36,"R",18,0,2,0,1,44,132,184,3.6818,1.2727,4.7461,4.7224,32,15,0.1739,0.0815,0.0924,-0.0761,-0.1137,"baseballr_fangraphs_pitcher_leaders_v1","2026-07-30 17:13:30 UTC"
2026,"683734","Andrew Vaughn","MIL","NL",28,"R",1,0,0,0,0,1,3,8,27,5,20.1097,8.6344,1,2,0.125,0.25,-0.125,-0.0777,1e-04,"baseballr_fangraphs_pitcher_leaders_v1","2026-07-30 17:13:30 UTC"
2026,"686747","Joe La Sorsa","BOS","AL",28,"L",1,0,0,0,0,0.1,1,2,27,3,36.1098,1.6838,1,0,0.5,0,0.5,-0.0796,-0.0543,"baseballr_fangraphs_pitcher_leaders_v1","2026-07-30 17:13:30 UTC"
2026,"700413","Tyler Uberstine","BOS","AL",27,"R",1,0,0,1,0,2.2,8,11,3.375,1.5,7.6097,5.0218,2,1,0.1818,0.0909,0.0909,-0.0798,-0.1636,"baseballr_fangraphs_pitcher_leaders_v1","2026-07-30 17:13:30 UTC"
2026,"434378","Justin Verlander","DET","AL",43,"R",1,1,0,1,0,3.2,11,19,12.2727,2.1818,7.7461,7.1114,1,2,0.0526,0.1053,-0.0526,-0.0804,-0.2912,"baseballr_fangraphs_pitcher_leaders_v1","2026-07-30 17:13:30 UTC"
2026,"668678","Zac Gallen","ARI","NL",30,"R",19,19,3,9,0,98,294,440,6.3367,1.5612,5.324,4.8343,61,31,0.1386,0.0705,0.0682,-0.0806,-2.2246,"baseballr_fangraphs_pitcher_leaders_v1","2026-07-30 17:13:30 UTC"
2026,"669310","CJ Van Eyk","TOR","AL",27,"R",3,0,0,1,0,5.2,17,31,4.7647,2.1176,6.1097,6.5062,1,1,0.0323,0.0323,0,-0.0807,-0.3924,"baseballr_fangraphs_pitcher_leaders_v1","2026-07-30 17:13:30 UTC"
2026,"702281","Robby Snelling","MIA","NL",22,"L",1,1,0,1,0,5,15,22,5.4,1.8,7.3097,6.2344,2,4,0.0909,0.1818,-0.0909,-0.0818,-0.0327,"baseballr_fangraphs_pitcher_leaders_v1","2026-07-30 17:13:30 UTC"
2026,"807743","Sean Sullivan","COL","NL",23,"L",5,5,0,3,0,22.1,67,114,8.8657,2.0149,6.4679,6.971,16,11,0.1404,0.0965,0.0439,-0.0826,-0.5264,"baseballr_fangraphs_pitcher_leaders_v1","2026-07-30 17:13:30 UTC"
2026,"605154","John Brebbia","COL","NL",36,"R",3,0,0,0,0,4.1,13,21,10.3846,1.6154,8.1866,5.7052,2,0,0.0952,0,0.0952,-0.0834,1e-04,"baseballr_fangraphs_pitcher_leaders_v1","2026-07-30 17:13:30 UTC"
2026,"700249","Cade Povich","BAL","AL",26,"L",4,3,1,1,0,19.1,58,82,5.1207,1.3448,5.7994,5.3968,12,7,0.1463,0.0854,0.061,-0.0837,-0.2906,"baseballr_fangraphs_pitcher_leaders_v1","2026-07-30 17:13:30 UTC"
2026,"543309","Kyle Higashioka","TEX","AL",36,"R",3,0,0,0,0,3,9,18,21,3,9.4431,8.1591,0,1,0,0.0556,-0.0556,-0.0843,-1e-04,"baseballr_fangraphs_pitcher_leaders_v1","2026-07-30 17:13:30 UTC"
2026,"623381","Thomas Pannone","MIL","NL",32,"L",1,1,0,1,0,3,9,14,6,1.6667,8.1097,5.8093,2,2,0.1429,0.1429,0,-0.0848,-0.1736,"baseballr_fangraphs_pitcher_leaders_v1","2026-07-30 17:13:30 UTC"
2026,"691945","Carter Baumler","TEX","AL",24,"R",4,0,0,0,0,5.2,17,27,3.1765,1.7647,6.9921,6.5814,6,6,0.2222,0.2222,0,-0.0861,0.0234,"baseballr_fangraphs_pitcher_leaders_v1","2026-07-30 17:13:30 UTC"
2026,"702752","Jonathan Pintaro","NYM","NL",28,"R",5,0,0,0,0,12.1,37,48,5.1081,0.7297,5.5422,3.8635,12,3,0.25,0.0625,0.1875,-0.0865,-0.1009,"baseballr_fangraphs_pitcher_leaders_v1","2026-07-30 17:13:30 UTC"
2026,"664129","Geoff Hartlieb","ATH","AL",32,"R",8,0,1,1,0,13.1,40,64,6.075,1.95,5.2097,6.9792,6,9,0.0938,0.1406,-0.0469,-0.0872,-0.435,"baseballr_fangraphs_pitcher_leaders_v1","2026-07-30 17:13:30 UTC"
2026,"669920","Jason Alexander","HOU","AL",33,"R",4,2,1,1,0,18.1,55,84,9.3273,1.5818,5.8915,4.8848,14,8,0.1667,0.0952,0.0714,-0.0884,-0.1304,"baseballr_fangraphs_pitcher_leaders_v1","2026-07-30 17:13:30 UTC"
2026,"664854","Ryan Helsley","BAL","AL",31,"R",17,0,0,4,8,15.1,46,68,4.1087,1.4348,4.6749,3.2253,21,9,0.3088,0.1324,0.1765,-0.0886,-0.5251,"baseballr_fangraphs_pitcher_leaders_v1","2026-07-30 17:13:30 UTC"
2026,"669169","Jonathan Heasley","TBR","AL",29,"R",1,0,0,0,0,4,12,19,11.25,2,8.6097,5.1591,2,0,0.1053,0,0.1053,-0.0889,-0.0163,"baseballr_fangraphs_pitcher_leaders_v1","2026-07-30 17:13:30 UTC"
2026,"624428","Adam Frazier","LAA","AL",34,"R",3,0,0,0,0,2,6,14,18,4.5,12.6097,9.1591,0,2,0,0.1429,-0.1429,-0.0893,0,"baseballr_fangraphs_pitcher_leaders_v1","2026-07-30 17:13:30 UTC"
2026,"695534","Chase Petty","CIN","NL",23,"R",15,2,1,2,1,30,90,130,4.5,1.2333,5.4431,5.4618,14,8,0.1077,0.0615,0.0462,-0.0894,-0.4586,"baseballr_fangraphs_pitcher_leaders_v1","2026-07-30 17:13:30 UTC"
2026,"669194","Ryne Nelson","ARI","NL",28,"R",15,15,3,5,0,83.1,250,355,4.968,1.236,5.4017,4.9905,62,22,0.1746,0.062,0.1127,-0.0898,-0.6123,"baseballr_fangraphs_pitcher_leaders_v1","2026-07-30 17:13:30 UTC"
2026,"693313","Carson Seymour","SFG","NL",27,"R",2,0,0,0,0,4.1,13,25,14.5385,3,6.5713,6.3861,2,2,0.08,0.08,0,-0.09,-0.121,"baseballr_fangraphs_pitcher_leaders_v1","2026-07-30 17:13:30 UTC"
2026,"686894","Joey Wiemer","WSN","NL",27,"R",2,0,0,0,0,2,6,16,22.5,4.5,14.1097,12.9462,0,2,0,0.125,-0.125,-0.0916,2e-04,"baseballr_fangraphs_pitcher_leaders_v1","2026-07-30 17:13:30 UTC"
2026,"572955","Pierce Johnson","CIN","NL",35,"R",36,0,2,1,1,32,96,137,4.7813,1.3125,5.016,4.6273,28,13,0.2044,0.0949,0.1095,-0.0934,0.5543,"baseballr_fangraphs_pitcher_leaders_v1","2026-07-30 17:13:30 UTC"
2026,"680604","Blas Castaño","COL","NL",27,"R",10,0,1,0,0,20.2,62,85,3.9194,1.3548,5.142,4.1014,17,6,0.2,0.0706,0.1294,-0.0976,0.0586,"baseballr_fangraphs_pitcher_leaders_v1","2026-07-30 17:13:30 UTC"
2026,"641585","J.P. France","HOU","AL",31,"R",3,0,0,0,0,6.2,20,31,8.1,1.65,6.5597,6.6681,4,5,0.129,0.1613,-0.0323,-0.0983,-0.0564,"baseballr_fangraphs_pitcher_leaders_v1","2026-07-30 17:13:30 UTC"
2026,"684442","Kohl Drake","ARI","NL",25,"L",2,2,0,0,0,9,27,40,5,1.4444,6.3319,6.6619,6,4,0.15,0.1,0.05,-0.0983,-0.1072,"baseballr_fangraphs_pitcher_leaders_v1","2026-07-30 17:13:30 UTC"
2026,"543510","James McCann","ARI","NL",36,"R",4,0,0,0,0,4,12,23,11.25,3,8.6097,7.6468,0,3,0,0.1304,-0.1304,-0.0999,-7.9681e-06,"baseballr_fangraphs_pitcher_leaders_v1","2026-07-30 17:13:30 UTC"
2026,"608348","Carson Kelly","CHC","NL",31,"R",1,0,0,0,0,1,3,5,18,2,29.1097,9.2085,0,0,0,0,0,-0.1005,0,"baseballr_fangraphs_pitcher_leaders_v1","2026-07-30 17:13:30 UTC"
2026,"676508","Ben Casparius","LAD","NL",27,"R",5,0,0,1,0,4.2,14,23,9.6429,2.1429,6.7526,6.2539,4,4,0.1739,0.1739,0,-0.1022,-0.2718,"baseballr_fangraphs_pitcher_leaders_v1","2026-07-30 17:13:30 UTC"
2026,"621366","Ryan Borucki","SFG","NL",32,"L",21,0,1,1,0,23.2,71,104,4.9437,1.5211,4.8844,5.1048,15,9,0.1442,0.0865,0.0577,-0.1031,-0.159,"baseballr_fangraphs_pitcher_leaders_v1","2026-07-30 17:13:30 UTC"
2026,"592094","Jason Adam","SDP","NL",34,"R",36,0,2,2,2,32.1,97,134,2.5052,1.1753,4.687,4.6101,22,8,0.1642,0.0597,0.1045,-0.1033,0.936,"baseballr_fangraphs_pitcher_leaders_v1","2026-07-30 17:13:30 UTC"
2026,"666808","Camilo Doval","NYY","AL",28,"R",44,0,3,1,1,39.2,119,178,4.5378,1.3866,4.6223,3.886,39,18,0.2191,0.1011,0.118,-0.1045,-1.6154,"baseballr_fangraphs_pitcher_leaders_v1","2026-07-30 17:13:30 UTC"
2026,"676604","Tyler Zuber","MIA","NL",31,"R",20,0,1,1,1,17,51,76,4.7647,1.3529,4.698,3.5226,20,3,0.2632,0.0395,0.2237,-0.1057,-0.3568,"baseballr_fangraphs_pitcher_leaders_v1","2026-07-30 17:13:30 UTC"
2026,"668964","Tobias Myers","NYM","NL",27,"R",26,3,0,2,1,46,138,198,6.2609,1.3913,5.0662,4.6109,33,13,0.1667,0.0657,0.101,-0.1066,-0.3853,"baseballr_fangraphs_pitcher_leaders_v1","2026-07-30 17:13:30 UTC"
2026,"605335","Brandon Leibrandt","CIN","NL",33,"L",1,0,0,0,0,6,18,30,7.5,2.1667,7.9431,6.9132,3,3,0.1,0.1,0,-0.1124,-0.0794,"baseballr_fangraphs_pitcher_leaders_v1","2026-07-30 17:13:30 UTC"
2026,"666201","Alek Manoah","LAA","AL",28,"R",3,0,0,0,0,7.1,22,39,9.8182,2.1818,6.7915,7.7217,5,8,0.1282,0.2051,-0.0769,-0.1124,-0.0125,"baseballr_fangraphs_pitcher_leaders_v1","2026-07-30 17:13:30 UTC"
2026,"621097","Jacob Waguespack","DET","AL",32,"R",15,0,0,1,0,20,60,77,1.8,0.8,4.9597,4.4582,13,7,0.1688,0.0909,0.0779,-0.1125,0.218,"baseballr_fangraphs_pitcher_leaders_v1","2026-07-30 17:13:30 UTC"
2026,"664299","Cristian Javier","HOU","AL",29,"R",8,4,1,1,0,21.1,64,101,7.1719,1.8281,5.3597,5.8186,21,15,0.2079,0.1485,0.0594,-0.1128,-0.6774,"baseballr_fangraphs_pitcher_leaders_v1","2026-07-30 17:13:30 UTC"
2026,"688883","Peyton Pallette","CLE","AL",25,"R",16,0,1,2,0,20.2,62,97,5.2258,1.5968,4.9968,5.2143,22,16,0.2268,0.1649,0.0619,-0.1135,0.2062,"baseballr_fangraphs_pitcher_leaders_v1","2026-07-30 17:13:30 UTC"
2026,"694360","Beck Way","KCR","AL",26,"R",19,1,1,1,0,23.1,70,105,3.8571,1.5857,4.9526,3.9002,21,10,0.2,0.0952,0.1048,-0.1146,-0.0705,"baseballr_fangraphs_pitcher_leaders_v1","2026-07-30 17:13:30 UTC"
2026,"664126","Pete Fairbanks","MIA","NL",32,"R",36,1,3,4,15,33.1,100,148,6.75,1.38,5.0597,4.1353,45,14,0.3041,0.0946,0.2095,-0.1164,-0.8172,"baseballr_fangraphs_pitcher_leaders_v1","2026-07-30 17:13:30 UTC"
2026,"675919","Nick Raquet","BAL","AL",30,"L",4,0,0,0,0,3.2,11,17,7.3636,1.3636,8.5643,7.9296,1,2,0.0588,0.1176,-0.0588,-0.1169,-0.113,"baseballr_fangraphs_pitcher_leaders_v1","2026-07-30 17:13:30 UTC"
2026,"571927","Steven Matz","TBR","AL",35,"L",16,10,4,4,0,54.1,163,235,6.2945,1.3804,5.576,4.6411,41,19,0.1745,0.0809,0.0936,-0.1171,-0.6008,"baseballr_fangraphs_pitcher_leaders_v1","2026-07-30 17:13:30 UTC"
2026,"681810","Austin Warren","NYM","NL",30,"R",26,2,1,3,0,35,105,157,4.6286,1.4857,4.6526,4.3637,37,18,0.2357,0.1146,0.121,-0.1201,-0.2426,"baseballr_fangraphs_pitcher_leaders_v1","2026-07-30 17:13:30 UTC"
2026,"660710","Rodolfo Durán","SDP","NL",28,"R",2,0,0,0,0,3,9,19,27,3.3333,12.7764,9.192,0,1,0,0.0526,-0.0526,-0.1205,1e-04,"baseballr_fangraphs_pitcher_leaders_v1","2026-07-30 17:13:30 UTC"
2026,"605288","Adrian Houser","SFG","NL",33,"R",20,14,2,7,0,87,261,382,4.8621,1.3793,5.1557,4.8421,58,29,0.1518,0.0759,0.0759,-0.1207,-1.0887,"baseballr_fangraphs_pitcher_leaders_v1","2026-07-30 17:13:30 UTC"
2026,"657649","Jared Koenig","MIL","NL",32,"L",9,0,0,0,0,7,21,41,9,2.7143,6.3954,6.4986,7,7,0.1707,0.1707,0,-0.1207,-0.1834,"baseballr_fangraphs_pitcher_leaders_v1","2026-07-30 17:13:30 UTC"
2026,"592454","Tommy Kahnle","BOS","AL",36,"R",8,0,0,0,0,9,27,43,8,2,6.8875,6.0315,5,6,0.1163,0.1395,-0.0233,-0.1208,-0.0664,"baseballr_fangraphs_pitcher_leaders_v1","2026-07-30 17:13:30 UTC"
2026,"665871","Javier Assad","CHC","NL",28,"R",17,8,6,1,1,65.1,196,262,3.8571,1.1173,5.0383,4.4942,42,16,0.1603,0.0611,0.0992,-0.1217,1.1203,"baseballr_fangraphs_pitcher_leaders_v1","2026-07-30 17:13:30 UTC"
2026,"606303","Joel Payamps","ATL","NL",32,"R",12,0,0,2,0,7.2,23,36,8.2174,1.6957,5.7184,4.9125,9,4,0.25,0.1111,0.1389,-0.122,-0.5753,"baseballr_fangraphs_pitcher_leaders_v1","2026-07-30 17:13:30 UTC"
2026,"670912","Johan Oviedo","BOS","AL",28,"R",1,0,0,0,0,3.2,11,18,9.8182,1.9091,10.2006,5.6047,3,1,0.1667,0.0556,0.1111,-0.1225,-0.025,"baseballr_fangraphs_pitcher_leaders_v1","2026-07-30 17:13:30 UTC"
2026,"592773","Ryne Stanek","STL","NL",34,"R",46,0,2,2,1,41.1,124,182,4.3548,1.4516,4.7065,4.3687,45,25,0.2473,0.1374,0.1099,-0.1256,-0.6744,"baseballr_fangraphs_pitcher_leaders_v1","2026-07-30 17:13:30 UTC"
2026,"642215","Weston Wilson","BAL","AL",31,"R",3,0,0,0,0,2.1,7,13,15.4286,2.5714,14.2526,7.6838,0,0,0,0,0,-0.1257,3e-04,"baseballr_fangraphs_pitcher_leaders_v1","2026-07-30 17:13:30 UTC"
2026,"804619","John Klein","MIN","AL",24,"R",3,0,0,1,0,4.1,13,19,4.1538,1.6154,7.9559,7.4189,2,4,0.1053,0.2105,-0.1053,-0.1259,-0.1779,"baseballr_fangraphs_pitcher_leaders_v1","2026-07-30 17:13:30 UTC"
2026,"689520","Cody Laweryson","MIN","AL",28,"R",15,0,1,0,1,16.2,50,78,4.86,1.38,5.0897,4.3964,18,8,0.2308,0.1026,0.1282,-0.1262,0.4564,"baseballr_fangraphs_pitcher_leaders_v1","2026-07-30 17:13:30 UTC"
2026,"689225","Beau Brieske","DET","AL",28,"R",8,0,0,0,0,9.1,28,39,6.75,1.3929,6.8597,4.6415,8,4,0.2051,0.1026,0.1026,-0.1268,-0.0848,"baseballr_fangraphs_pitcher_leaders_v1","2026-07-30 17:13:30 UTC"
2026,"500743","Miguel Rojas","LAD","NL",37,"R",4,0,0,0,0,4,12,23,13.5,2.5,11.1097,7.2779,0,1,0,0.0435,-0.0435,-0.1276,3e-04,"baseballr_fangraphs_pitcher_leaders_v1","2026-07-30 17:13:30 UTC"
2026,"668970","Gavin Hollowell","CHC","NL",28,"R",13,0,0,0,1,13.1,40,58,2.7,1.35,5.1347,5.4718,13,8,0.2241,0.1379,0.0862,-0.1279,0.356,"baseballr_fangraphs_pitcher_leaders_v1","2026-07-30 17:13:30 UTC"
2026,"543056","Danny Coulombe","BOS","AL",36,"L",29,0,0,2,0,22,66,96,4.5,1.5,4.9734,6.1844,10,15,0.1042,0.1562,-0.0521,-0.1292,0.0995,"baseballr_fangraphs_pitcher_leaders_v1","2026-07-30 17:13:30 UTC"
2026,"687985","Josh White","MIA","NL",25,"R",1,0,0,0,0,0.2,2,8,67.5001,7.5,42.1098,27.1838,1,4,0.125,0.5,-0.375,-0.1329,-0.0422,"baseballr_fangraphs_pitcher_leaders_v1","2026-07-30 17:13:30 UTC"
2026,"669298","TJ Shook","COL","NL",28,"R",4,0,0,0,0,5.2,17,27,9.5294,1.9412,8.4038,3.674,6,1,0.2222,0.037,0.1852,-0.1357,-0.0333,"baseballr_fangraphs_pitcher_leaders_v1","2026-07-30 17:13:30 UTC"
2026,"656577","Alex Jackson","MIN","AL",30,"R",2,0,0,0,0,2,6,10,13.5,2,17.6097,9.1838,0,1,0,0.1,-0.1,-0.1362,-2e-04,"baseballr_fangraphs_pitcher_leaders_v1","2026-07-30 17:13:30 UTC"
2026,"689546","Nick Davila","SEA","AL",27,"R",20,0,0,0,1,22.2,68,94,3.5735,1.1912,4.7421,5.6484,9,11,0.0957,0.117,-0.0213,-0.1395,0.513,"baseballr_fangraphs_pitcher_leaders_v1","2026-07-30 17:13:30 UTC"
2026,"808970","Woo-Suk Go","MIN","AL",27,"R",4,0,0,0,0,4,12,22,9,2.5,8.6097,4.0156,5,2,0.2273,0.0909,0.1364,-0.141,0.0399,"baseballr_fangraphs_pitcher_leaders_v1","2026-07-30 17:13:30 UTC"
2026,"681751","Lazaro Estrada","TOR","AL",27,"R",4,0,0,0,0,9.1,28,36,4.8214,0.9643,6.2169,5.0648,6,5,0.1667,0.1389,0.0278,-0.141,0.1429,"baseballr_fangraphs_pitcher_leaders_v1","2026-07-30 17:13:30 UTC"
2026,"641312","Shaun Anderson","LAA","AL",31,"R",9,0,1,0,0,16.2,50,73,5.94,1.5,5.6297,4.8449,12,8,0.1644,0.1096,0.0548,-0.1421,-0.142,"baseballr_fangraphs_pitcher_leaders_v1","2026-07-30 17:13:30 UTC"
2026,"676571","PJ Poulin","WSN","NL",29,"L",35,11,3,0,3,36.2,110,153,2.7,1.3091,4.9643,5.3341,25,21,0.1634,0.1373,0.0261,-0.1435,0.9658,"baseballr_fangraphs_pitcher_leaders_v1","2026-07-30 17:13:30 UTC"
2026,"672582","Angel Zerpa","MIL","NL",26,"L",12,0,0,2,2,12.2,38,55,6.3947,1.7368,5.3203,4.351,8,6,0.1455,0.1091,0.0364,-0.1444,-0.3774,"baseballr_fangraphs_pitcher_leaders_v1","2026-07-30 17:13:30 UTC"
2026,"699008","Antwone Kelly","PIT","NL",22,"R",2,0,0,0,0,4.1,13,20,10.3846,1.8462,10.0328,5.7921,1,2,0.05,0.1,-0.05,-0.1465,-0.0145,"baseballr_fangraphs_pitcher_leaders_v1","2026-07-30 17:13:30 UTC"
2026,"547184","Michael Kelly","ATH","AL",33,"R",5,0,0,0,0,5,15,32,16.2,3.6,6.9097,6.1394,6,6,0.1875,0.1875,0,-0.1468,-0.3453,"baseballr_fangraphs_pitcher_leaders_v1","2026-07-30 17:13:30 UTC"
2026,"668820","Max Kranick","WSN","NL",28,"R",5,0,0,0,0,4.2,14,25,11.5714,2.1429,7.824,7.9788,3,4,0.12,0.16,-0.04,-0.1487,0.0194,"baseballr_fangraphs_pitcher_leaders_v1","2026-07-30 17:13:30 UTC"
2026,"685005","Christian Roa","HOU","AL",27,"R",7,0,0,1,0,8.2,26,43,5.1923,1.9615,6.6866,7.4737,6,7,0.1395,0.1628,-0.0233,-0.1492,-0.124,"baseballr_fangraphs_pitcher_leaders_v1","2026-07-30 17:13:30 UTC"
2026,"676596","Josh Fleming","TOR","AL",30,"L",1,0,0,0,0,3,9,18,12,2.6667,9.7764,7.476,1,2,0.0556,0.1111,-0.0556,-0.1504,-0.2273,"baseballr_fangraphs_pitcher_leaders_v1","2026-07-30 17:13:30 UTC"
2026,"663767","Chase Shugart","PHI","NL",29,"R",29,0,2,0,0,33.2,101,144,5.0792,1.3069,5.1295,3.7161,42,13,0.2917,0.0903,0.2014,-0.1532,-0.1294,"baseballr_fangraphs_pitcher_leaders_v1","2026-07-30 17:13:30 UTC"
2026,"669438","Mason Englert","TBR","AL",26,"R",14,3,0,3,1,35.2,107,157,4.5421,1.4299,5.3527,4.2953,32,8,0.2038,0.051,0.1529,-0.1544,-0.2105,"baseballr_fangraphs_pitcher_leaders_v1","2026-07-30 17:13:30 UTC"
2026,"676661","Max Lazar","PHI","NL",27,"R",6,0,0,0,0,8,24,35,5.625,1.375,7.8597,4.8906,5,3,0.1429,0.0857,0.0571,-0.1571,0.0321,"baseballr_fangraphs_pitcher_leaders_v1","2026-07-30 17:13:30 UTC"
2026,"691769","Philip Abner","ARI","NL",24,"L",5,0,0,0,0,9.1,28,41,6.75,1.5,6.7526,6.0906,5,6,0.122,0.1463,-0.0244,-0.1595,-0.0351,"baseballr_fangraphs_pitcher_leaders_v1","2026-07-30 17:13:30 UTC"
2026,"696147","Sam Bachman","LAA","AL",26,"R",39,0,1,2,1,44.1,133,191,4.2632,1.3083,4.621,4.2029,46,24,0.2408,0.1257,0.1152,-0.16,1.1397,"baseballr_fangraphs_pitcher_leaders_v1","2026-07-30 17:13:30 UTC"
2026,"681892","Kody Funderburk","MIN","AL",29,"L",32,0,1,1,1,30.2,92,133,3.5217,1.337,4.8054,5.0514,20,20,0.1504,0.1504,0,-0.1614,0.3929,"baseballr_fangraphs_pitcher_leaders_v1","2026-07-30 17:13:30 UTC"
2026,"640451","Hunter Harvey","CHC","NL",31,"R",4,0,0,1,0,4,12,18,6.75,1.5,8.3597,4.1468,4,1,0.2222,0.0556,0.1667,-0.1626,-0.2947,"baseballr_fangraphs_pitcher_leaders_v1","2026-07-30 17:13:30 UTC"
2026,"700669","Gordon Graceffo","STL","NL",26,"R",44,0,6,1,1,53.2,161,215,3.1863,1.118,4.5631,5.1702,34,25,0.1581,0.1163,0.0419,-0.1632,1.3883,"baseballr_fangraphs_pitcher_leaders_v1","2026-07-30 17:13:30 UTC"
2026,"471911","Carlos Carrasco","ATL","NL",39,"R",8,0,0,0,0,16.2,50,73,5.94,1.44,5.5097,4.7249,7,3,0.0959,0.0411,0.0548,-0.1649,-0.0927,"baseballr_fangraphs_pitcher_leaders_v1","2026-07-30 17:13:30 UTC"
2026,"687911","Bryan King","HOU","AL",29,"L",43,0,2,3,6,45.2,137,199,3.7445,1.3577,4.6207,4.582,36,16,0.1809,0.0804,0.1005,-0.165,0.1254,"baseballr_fangraphs_pitcher_leaders_v1","2026-07-30 17:13:30 UTC"
2026,"699151","Jedixson Paez","CHW","AL",22,"R",3,0,0,0,0,3,9,16,18,2.3333,14.7764,10.1756,0,3,0,0.1875,-0.1875,-0.1657,-0.0028,"baseballr_fangraphs_pitcher_leaders_v1","2026-07-30 17:13:30 UTC"
2026,"693312","Kyle Nicolas","CIN","NL",27,"R",7,0,1,0,0,7.1,22,42,8.5909,2.8636,8.2915,8.8059,7,13,0.1667,0.3095,-0.1429,-0.1665,0.0354,"baseballr_fangraphs_pitcher_leaders_v1","2026-07-30 17:13:30 UTC"
2026,"696131","Mason Black","KCR","AL",26,"R",12,0,0,0,0,17.2,53,82,3.566,1.6981,5.8267,6.0357,15,11,0.1829,0.1341,0.0488,-0.1714,-0.2498,"baseballr_fangraphs_pitcher_leaders_v1","2026-07-30 17:13:30 UTC"
2026,"815083","Mitch Farris","LAA","AL",25,"L",24,0,0,3,1,45.1,136,195,4.1691,1.5221,4.8303,4.1842,46,21,0.2359,0.1077,0.1282,-0.1722,-0.4361,"baseballr_fangraphs_pitcher_leaders_v1","2026-07-30 17:13:30 UTC"
2026,"682825","Luis Mey","CIN","NL",25,"R",7,0,0,0,0,8.2,26,46,7.2692,1.9615,7.379,5.4345,14,10,0.3043,0.2174,0.087,-0.1726,-0.4205,"baseballr_fangraphs_pitcher_leaders_v1","2026-07-30 17:13:30 UTC"
2026,"683742","Jose Franco","CIN","NL",25,"R",10,0,1,0,0,20.1,61,93,4.4262,1.7213,5.913,6.0946,15,16,0.1613,0.172,-0.0108,-0.1751,0.3966,"baseballr_fangraphs_pitcher_leaders_v1","2026-07-30 17:13:30 UTC"
2026,"676130","José Buttó","SFG","NL",28,"R",3,0,0,0,0,2,6,16,22.5,5,17.1097,7.1591,5,4,0.3125,0.25,0.0625,-0.1769,-0.1414,"baseballr_fangraphs_pitcher_leaders_v1","2026-07-30 17:13:30 UTC"
2026,"681799","Ethan Roberts","CHC","NL",28,"R",23,0,0,2,0,25.2,77,110,4.2078,1.4026,5.2915,5.3166,17,14,0.1545,0.1273,0.0273,-0.1808,-0.7118,"baseballr_fangraphs_pitcher_leaders_v1","2026-07-30 17:13:30 UTC"
2026,"684320","Yariel Rodríguez","TOR","AL",29,"R",10,0,0,1,0,9.1,28,45,7.7143,2.0357,7.1812,6.5191,6,7,0.1333,0.1556,-0.0222,-0.1874,-0.5706,"baseballr_fangraphs_pitcher_leaders_v1","2026-07-30 17:13:30 UTC"
2026,"694851","Andrew Hoffmann","ARI","NL",26,"R",8,0,1,0,0,11.2,35,59,7.7143,2.0571,6.7097,5.3272,12,8,0.2034,0.1356,0.0678,-0.1887,-0.1388,"baseballr_fangraphs_pitcher_leaders_v1","2026-07-30 17:13:30 UTC"
2026,"680689","Lyon Richardson","CIN","NL",26,"R",2,1,0,1,0,1.2,5,10,27,2.4,20.5097,7.6542,3,2,0.3,0.2,0.1,-0.1908,-0.3287,"baseballr_fangraphs_pitcher_leaders_v1","2026-07-30 17:13:30 UTC"
2026,"608337","Lucas Giolito","SDP","NL",31,"R",7,5,2,3,0,29.2,89,138,5.1573,1.8539,6.076,6.379,18,23,0.1304,0.1667,-0.0362,-0.195,-0.3097,"baseballr_fangraphs_pitcher_leaders_v1","2026-07-30 17:13:30 UTC"
2026,"676105","Jeff Criswell","COL","NL",27,"R",3,0,0,0,0,4,12,18,4.5,1.75,10.3597,5.7656,3,3,0.1667,0.1667,0,-0.1954,0.0932,"baseballr_fangraphs_pitcher_leaders_v1","2026-07-30 17:13:30 UTC"
2026,"681168","Luis Curvelo","TEX","AL",25,"R",8,0,0,0,0,8.1,25,41,7.56,1.92,7.9097,6.5231,4,3,0.0976,0.0732,0.0244,-0.1957,-0.0468,"baseballr_fangraphs_pitcher_leaders_v1","2026-07-30 17:13:30 UTC"
2026,"678020","Seth Halvorsen","COL","NL",26,"R",21,0,0,1,0,19,57,96,4.7368,1.9474,5.7413,5.2134,17,15,0.1771,0.1562,0.0208,-0.1961,-0.3109,"baseballr_fangraphs_pitcher_leaders_v1","2026-07-30 17:13:30 UTC"
2026,"686930","Mason Barnett","ATH","AL",25,"R",14,0,1,1,2,24.2,74,105,4.7432,1.3784,5.4611,4.7421,23,13,0.219,0.1238,0.0952,-0.1985,0.2643,"baseballr_fangraphs_pitcher_leaders_v1","2026-07-30 17:13:30 UTC"
2026,"691946","George Klassen","LAA","AL",24,"R",2,2,0,1,0,4.2,14,32,11.5714,3.6429,9.7526,7.947,6,10,0.1875,0.3125,-0.125,-0.2023,-0.4431,"baseballr_fangraphs_pitcher_leaders_v1","2026-07-30 17:13:30 UTC"
2026,"642546","Jonathan Hernández","LAD","NL",29,"R",12,0,0,0,0,17.2,53,83,8.1509,1.7547,6.3927,5.2617,15,12,0.1807,0.1446,0.0361,-0.2041,-0.4015,"baseballr_fangraphs_pitcher_leaders_v1","2026-07-30 17:13:30 UTC"
2026,"692030","Jose Corniell","TEX","AL",23,"R",2,0,0,1,0,4.1,13,28,20.7692,3.4615,10.0328,7.5513,4,4,0.1429,0.1429,0,-0.2061,-0.3381,"baseballr_fangraphs_pitcher_leaders_v1","2026-07-30 17:13:30 UTC"
2026,"669947","Jesse Scholtens","TBR","AL",32,"R",9,2,5,3,0,37.2,113,164,3.823,1.2743,5.3929,4.6558,30,11,0.1829,0.0671,0.1159,-0.215,-0.6411,"baseballr_fangraphs_pitcher_leaders_v1","2026-07-30 17:13:30 UTC"
2026,"676568","Ricky Vanasco","DET","AL",27,"R",5,0,0,1,0,6.1,19,40,15.6316,3.1579,8.7939,8.2998,4,6,0.1,0.15,-0.05,-0.2182,-0.6087,"baseballr_fangraphs_pitcher_leaders_v1","2026-07-30 17:13:30 UTC"
2026,"680570","Grayson Rodriguez","LAA","AL",26,"R",10,10,3,3,0,44,132,208,7.9773,1.75,5.837,5.2224,36,21,0.1731,0.101,0.0721,-0.2288,-1.0907,"baseballr_fangraphs_pitcher_leaders_v1","2026-07-30 17:13:30 UTC"
2026,"656686","Corbin Martin","CHC","NL",30,"R",7,0,0,0,1,5,15,25,10.8,2,9.7097,7.2542,4,5,0.16,0.2,-0.04,-0.2288,-0.5593,"baseballr_fangraphs_pitcher_leaders_v1","2026-07-30 17:13:30 UTC"
2026,"664849","Danny Young","ATL","NL",32,"L",11,1,0,1,0,7.2,23,34,2.3478,1.6957,6.501,5.9986,7,8,0.2059,0.2353,-0.0294,-0.2292,0.1813,"baseballr_fangraphs_pitcher_leaders_v1","2026-07-30 17:13:30 UTC"
2026,"621383","Tanner Banks","PHI","NL",34,"L",28,1,0,4,0,29,87,146,7.1379,2,5.3856,4.6136,32,13,0.2192,0.089,0.1301,-0.2305,-1.094,"baseballr_fangraphs_pitcher_leaders_v1","2026-07-30 17:13:30 UTC"
2026,"676910","Matt Seelinger","NYM","NL",31,"R",1,0,0,1,0,2,6,15,31.5,4.5,13.6097,10.1591,2,4,0.1333,0.2667,-0.1333,-0.2309,-0.4882,"baseballr_fangraphs_pitcher_leaders_v1","2026-07-30 17:13:30 UTC"
2026,"663423","Trent Thornton","CHC","NL",32,"R",30,0,3,4,3,32.2,98,127,3.0306,1.102,4.8852,4.8803,15,11,0.1181,0.0866,0.0315,-0.2315,0.4748,"baseballr_fangraphs_pitcher_leaders_v1","2026-07-30 17:13:30 UTC"
2026,"656457","Tyler Gilbert","CHW","AL",32,"L",4,1,0,0,0,3.2,11,22,17.1818,3,11.837,7.6569,3,4,0.1364,0.1818,-0.0455,-0.2319,-0.188,"baseballr_fangraphs_pitcher_leaders_v1","2026-07-30 17:13:30 UTC"
2026,"455119","Chris Martin","TEX","AL",40,"R",16,0,1,1,0,14,42,66,9,1.9286,6.1812,4.5361,9,2,0.1364,0.0303,0.1061,-0.2345,-1.2185,"baseballr_fangraphs_pitcher_leaders_v1","2026-07-30 17:13:30 UTC"
2026,"666126","Carlos Cortes","ATH","AL",29,"B",6,0,0,0,0,6,18,33,10.5,2.6667,11.7764,8.3258,1,5,0.0303,0.1515,-0.1212,-0.236,4e-04,"baseballr_fangraphs_pitcher_leaders_v1","2026-07-30 17:13:30 UTC"
2026,"669854","Ronel Blanco","HOU","AL",32,"R",2,2,0,1,0,10,30,41,8.1,1.2,7.7097,4.3394,12,6,0.2927,0.1463,0.1463,-0.2361,-0.4869,"baseballr_fangraphs_pitcher_leaders_v1","2026-07-30 17:13:30 UTC"
2026,"701552","Andre Granillo","WSN","NL",26,"R",8,0,0,0,0,9.1,28,50,9.6429,2.25,8.1454,8.3002,3,8,0.06,0.16,-0.1,-0.2366,-0.2958,"baseballr_fangraphs_pitcher_leaders_v1","2026-07-30 17:13:30 UTC"
2026,"695445","Chase Lee","TOR","AL",27,"R",3,0,0,0,0,3.1,10,15,8.1,1.8,13.9097,8.3968,1,4,0.0667,0.2667,-0.2,-0.2424,-0.1804,"baseballr_fangraphs_pitcher_leaders_v1","2026-07-30 17:13:30 UTC"
2026,"573204","Caleb Thielbar","CHC","NL",39,"L",37,0,3,2,2,32,96,135,3.9375,1.2188,4.9535,3.8952,42,13,0.3111,0.0963,0.2148,-0.2424,-0.0986,"baseballr_fangraphs_pitcher_leaders_v1","2026-07-30 17:13:30 UTC"
2026,"689017","Landon Knack","LAD","NL",28,"R",2,0,0,0,0,5,15,24,9,1.6,13.7097,6.0542,4,2,0.1667,0.0833,0.0833,-0.2441,-0.0466,"baseballr_fangraphs_pitcher_leaders_v1","2026-07-30 17:13:30 UTC"
2026,"663485","Cole Sands","MIN","AL",28,"R",13,0,1,1,1,12,36,56,8.25,1.6667,6.0264,4.8093,11,5,0.1964,0.0893,0.1071,-0.2446,-0.2338,"baseballr_fangraphs_pitcher_leaders_v1","2026-07-30 17:13:30 UTC"
2026,"702275","JR Ritchie","ATL","NL",23,"R",13,7,1,2,1,54,162,236,4.5,1.4074,5.5171,4.8752,49,33,0.2076,0.1398,0.0678,-0.2492,-0.3021,"baseballr_fangraphs_pitcher_leaders_v1","2026-07-30 17:13:30 UTC"
2026,"687765","Mitch Spence","KCR","AL",28,"R",3,1,0,2,0,9.1,28,56,21.2143,3,8.8954,6.8406,6,9,0.1071,0.1607,-0.0536,-0.2514,-0.7976,"baseballr_fangraphs_pitcher_leaders_v1","2026-07-30 17:13:30 UTC"
2026,"814305","Yunior Tur","ATH","AL",26,"R",2,0,0,0,0,2.2,8,24,47.25,6,19.9847,11.0773,3,4,0.125,0.1667,-0.0417,-0.2529,-0.1146,"baseballr_fangraphs_pitcher_leaders_v1","2026-07-30 17:13:30 UTC"
2026,"683352","Mitch Bratt","ARI","NL",22,"L",4,4,0,1,0,15.2,47,77,6.3191,1.9787,7.4502,6.6613,10,11,0.1299,0.1429,-0.013,-0.2553,-0.4808,"baseballr_fangraphs_pitcher_leaders_v1","2026-07-30 17:13:30 UTC"
2026,"641755","Tyler Kinley","ATL","NL",35,"R",44,0,6,4,0,38.1,115,158,4.2261,1.2522,5.1706,4.4861,38,16,0.2405,0.1013,0.1392,-0.2558,0.9698,"baseballr_fangraphs_pitcher_leaders_v1","2026-07-30 17:13:30 UTC"
2026,"608032","Carlos Estévez","KCR","AL",33,"R",1,0,0,1,0,0.1,1,7,162.0002,18,60.1098,30.2579,0,2,0,0.2857,-0.2857,-0.2597,-0.907,"baseballr_fangraphs_pitcher_leaders_v1","2026-07-30 17:13:30 UTC"
2026,"696270","Ryan Johnson","LAA","AL",23,"R",11,8,2,5,0,41.2,125,189,7.344,1.536,6.2777,5.0047,34,17,0.1799,0.0899,0.0899,-0.2651,-1.0602,"baseballr_fangraphs_pitcher_leaders_v1","2026-07-30 17:13:30 UTC"
2026,"682120","Tim Herrin","CLE","AL",29,"L",43,0,1,4,0,33.2,101,147,3.4752,1.3663,5.0404,5.3527,28,19,0.1905,0.1293,0.0612,-0.2712,-0.6676,"baseballr_fangraphs_pitcher_leaders_v1","2026-07-30 17:13:30 UTC"
2026,"680704","Nick Sandlin","LAA","AL",29,"R",8,0,0,1,0,8.2,26,40,11.4231,1.6154,7.4943,6.4295,6,5,0.15,0.125,0.025,-0.2719,-0.7372,"baseballr_fangraphs_pitcher_leaders_v1","2026-07-30 17:13:30 UTC"
2026,"672021","Eric Cerantola","KCR","AL",26,"R",4,0,0,0,0,5.1,16,27,10.125,2.625,10.9847,7.2532,7,10,0.2593,0.3704,-0.1111,-0.2764,-0.1646,"baseballr_fangraphs_pitcher_leaders_v1","2026-07-30 17:13:30 UTC"
2026,"623465","Evan Phillips","LAD","NL",31,"R",7,0,0,2,0,6.2,20,29,6.75,1.35,8.6597,3.6042,9,1,0.3103,0.0345,0.2759,-0.2785,-0.5309,"baseballr_fangraphs_pitcher_leaders_v1","2026-07-30 17:13:30 UTC"
2026,"664192","Joey Lucchesi","LAA","AL",33,"L",5,0,0,1,0,3.1,10,24,13.5,3.9,10.9097,8.382,4,6,0.1667,0.25,-0.0833,-0.28,-0.9456,"baseballr_fangraphs_pitcher_leaders_v1","2026-07-30 17:13:30 UTC"
2026,"656222","Jalen Beeks","TEX","AL",32,"L",29,0,2,1,0,26,78,113,3.8077,1.3846,5.4174,4.1767,21,8,0.1858,0.0708,0.115,-0.2801,0.2143,"baseballr_fangraphs_pitcher_leaders_v1","2026-07-30 17:13:30 UTC"
2026,"666142","Cole Ragans","KCR","AL",28,"L",8,8,1,4,0,35.1,106,151,4.8396,1.4151,6.1946,4.4141,45,23,0.298,0.1523,0.1457,-0.2816,0.2499,"baseballr_fangraphs_pitcher_leaders_v1","2026-07-30 17:13:30 UTC"
2026,"702474","Mike Paredes","MIN","AL",25,"R",9,5,0,3,0,34.1,103,154,4.7184,1.4272,5.6728,5.4882,19,13,0.1234,0.0844,0.039,-0.2917,-0.3208,"baseballr_fangraphs_pitcher_leaders_v1","2026-07-30 17:13:30 UTC"
2026,"665660","Elvis Alvarado","ATH","AL",27,"R",30,0,3,3,2,32,96,132,5.0625,1.25,5.016,3.8875,39,14,0.2955,0.1061,0.1894,-0.2967,-0.5053,"baseballr_fangraphs_pitcher_leaders_v1","2026-07-30 17:13:30 UTC"
2026,"683175","Connor Phillips","CIN","NL",25,"R",25,0,1,0,1,27.2,83,133,5.5301,1.7711,5.8567,6.5963,28,28,0.2105,0.2105,0,-0.2968,0.5463,"baseballr_fangraphs_pitcher_leaders_v1","2026-07-30 17:13:30 UTC"
2026,"694680","Trevor Martin","TBR","AL",25,"R",6,0,0,0,0,11.1,34,54,3.9706,1.5882,8.0509,5.8842,7,4,0.1296,0.0741,0.0556,-0.2972,-0.2071,"baseballr_fangraphs_pitcher_leaders_v1","2026-07-30 17:13:30 UTC"
2026,"682610","Roddery Muñoz","HOU","AL",26,"R",3,0,0,0,0,4,12,25,15.75,3.25,14.3597,6.8968,6,6,0.24,0.24,0,-0.2984,-0.2647,"baseballr_fangraphs_pitcher_leaders_v1","2026-07-30 17:13:30 UTC"
2026,"669212","Eli Morgan","KCR","AL",30,"R",16,0,0,1,1,19.1,58,91,5.1207,1.7069,6.5235,5.2119,16,9,0.1758,0.0989,0.0769,-0.2996,-0.2682,"baseballr_fangraphs_pitcher_leaders_v1","2026-07-30 17:13:30 UTC"
2026,"641401","Connor Brogdon","CLE","AL",31,"R",15,0,2,2,1,15.1,46,67,5.2826,1.1087,6.1097,4.3565,14,3,0.209,0.0448,0.1642,-0.3029,-0.4783,"baseballr_fangraphs_pitcher_leaders_v1","2026-07-30 17:13:30 UTC"
2026,"686475","Tyler Tolbert","KCR","AL",28,"R",5,0,0,0,0,4.2,14,33,25.0714,4.2857,16.824,8.2949,0,3,0,0.0909,-0.0909,-0.3043,-2e-04,"baseballr_fangraphs_pitcher_leaders_v1","2026-07-30 17:13:30 UTC"
2026,"682274","Yaramil Hiraldo","BAL","AL",30,"R",3,0,0,0,0,1.2,5,12,21.6,4.2,23.5097,12.4838,2,4,0.1667,0.3333,-0.1667,-0.3087,-0.5028,"baseballr_fangraphs_pitcher_leaders_v1","2026-07-30 17:13:30 UTC"
2026,"681347","Mike Burrows","HOU","AL",26,"R",18,17,4,9,0,94.2,284,423,5.9894,1.5528,5.6449,4.8871,75,35,0.1773,0.0827,0.0946,-0.3111,-2.156,"baseballr_fangraphs_pitcher_leaders_v1","2026-07-30 17:13:30 UTC"
2026,"695034","Kade Morris","ATH","AL",24,"R",3,1,0,1,0,10,30,53,11.7,2.5,8.9097,5.3869,6,6,0.1132,0.1132,0,-0.3147,-0.4104,"baseballr_fangraphs_pitcher_leaders_v1","2026-07-30 17:13:30 UTC"
2026,"669456","Shane Bieber","TOR","AL",31,"R",7,7,2,2,0,31.1,94,141,5.7447,1.6277,6.3331,5.1807,22,18,0.156,0.1277,0.0284,-0.3151,-0.0991,"baseballr_fangraphs_pitcher_leaders_v1","2026-07-30 17:13:30 UTC"
2026,"681006","Josh Simpson","SEA","AL",28,"L",4,0,0,0,0,3,9,15,9,2,11.7764,6.6674,3,2,0.2,0.1333,0.0667,-0.3184,-0.5562,"baseballr_fangraphs_pitcher_leaders_v1","2026-07-30 17:13:30 UTC"
2026,"694462","Hurston Waldrep","ATL","NL",24,"R",3,2,0,1,0,10.2,32,56,8.4375,2.1563,8.4535,5.9407,9,10,0.1607,0.1786,-0.0179,-0.3196,-0.5153,"baseballr_fangraphs_pitcher_leaders_v1","2026-07-30 17:13:30 UTC"
2026,"669371","Cole Henry","WSN","NL",26,"R",11,0,0,2,0,13.2,41,70,7.9024,1.7561,6.9146,5.8988,15,7,0.2143,0.1,0.1143,-0.3236,-1.4419,"baseballr_fangraphs_pitcher_leaders_v1","2026-07-30 17:13:30 UTC"
2026,"669724","Brenan Hanifee","DET","AL",28,"R",21,2,0,0,0,20.1,61,86,3.9836,1.3279,5.913,4.7054,8,6,0.093,0.0698,0.0233,-0.3244,0.0377,"baseballr_fangraphs_pitcher_leaders_v1","2026-07-30 17:13:30 UTC"
2026,"665665","Reiver Sanmartin","SFG","NL",30,"L",2,0,1,0,0,3.1,10,15,8.1,1.5,13.3097,2.982,4,1,0.2667,0.0667,0.2,-0.3274,-0.1421,"baseballr_fangraphs_pitcher_leaders_v1","2026-07-30 17:13:30 UTC"
2026,"605156","Aaron Brooks","TBR","AL",36,"R",1,0,0,1,0,0.1,1,4,81.0001,9,60.1098,30.2579,0,2,0,0.5,-0.5,-0.3382,-0.8052,"baseballr_fangraphs_pitcher_leaders_v1","2026-07-30 17:13:30 UTC"
2026,"684049","Brandan Bidois","PIT","NL",25,"R",15,0,0,0,0,15.2,47,80,6.3192,1.9787,7.1948,5.5762,20,12,0.25,0.15,0.1,-0.3392,-0.3554,"baseballr_fangraphs_pitcher_leaders_v1","2026-07-30 17:13:30 UTC"
2026,"665152","Dean Kremer","BAL","AL",30,"R",7,7,1,4,0,36,108,153,6.5,1.3611,6.2486,3.8212,38,11,0.2484,0.0719,0.1765,-0.3417,-1.1233,"baseballr_fangraphs_pitcher_leaders_v1","2026-07-30 17:13:30 UTC"
2026,"676254","Ryan Walker","SFG","NL",30,"R",27,0,0,1,3,26.1,79,125,7.519,1.8228,5.4642,5.1686,19,15,0.152,0.12,0.032,-0.3418,-0.8819,"baseballr_fangraphs_pitcher_leaders_v1","2026-07-30 17:13:30 UTC"
2026,"663559","Bailey Falter","KCR","AL",29,"L",5,2,0,2,0,9.2,29,57,13.9655,3.1034,9.1097,5.9386,6,6,0.1053,0.1053,0,-0.3463,-0.4915,"baseballr_fangraphs_pitcher_leaders_v1","2026-07-30 17:13:30 UTC"
2026,"687209","Zach Maxwell","CIN","NL",25,"R",10,0,0,1,1,10,30,54,9.9,2.4,8.2097,7.0542,9,10,0.1667,0.1852,-0.0185,-0.3525,-0.0426,"baseballr_fangraphs_pitcher_leaders_v1","2026-07-30 17:13:30 UTC"
2026,"642701","Dennis Santana","PIT","NL",30,"R",44,0,2,5,2,41.2,125,186,6.048,1.512,5.4857,5.1853,37,21,0.1989,0.1129,0.086,-0.3526,-1.3449,"baseballr_fangraphs_pitcher_leaders_v1","2026-07-30 17:13:30 UTC"
2026,"674444","Steven Cruz","KCR","AL",27,"R",37,2,2,3,2,39,117,163,4.3846,1.2564,5.4687,3.6992,46,17,0.2822,0.1043,0.1779,-0.3548,0.3237,"baseballr_fangraphs_pitcher_leaders_v1","2026-07-30 17:13:30 UTC"
2026,"607200","Erick Fedde","CHW","AL",33,"R",21,11,5,6,0,97.1,292,423,4.2534,1.3973,5.4522,4.8569,68,36,0.1608,0.0851,0.0757,-0.3629,-1.0218,"baseballr_fangraphs_pitcher_leaders_v1","2026-07-30 17:13:30 UTC"
2026,"673929","Jordan Leasure","CHW","AL",27,"R",18,1,2,1,0,18.2,56,78,6.2679,1.2321,6.6454,5.244,18,8,0.2308,0.1026,0.1282,-0.3718,-0.7158,"baseballr_fangraphs_pitcher_leaders_v1","2026-07-30 17:13:30 UTC"
2026,"664208","Phil Maton","CHC","NL",33,"R",31,0,0,1,0,27.2,83,136,6.1807,1.8072,5.4953,4.3583,31,16,0.2279,0.1176,0.1103,-0.3801,-0.9467,"baseballr_fangraphs_pitcher_leaders_v1","2026-07-30 17:13:30 UTC"
2026,"640448","Kyle Finnegan","DET","AL",34,"R",46,0,2,0,2,46,138,195,2.9348,1.5217,5.001,4.9627,36,26,0.1846,0.1333,0.0513,-0.3832,0.0929,"baseballr_fangraphs_pitcher_leaders_v1","2026-07-30 17:13:30 UTC"
2026,"694346","Trey Gibson","BAL","AL",24,"R",8,7,1,3,0,33,99,161,7.3636,1.9091,6.4128,4.9027,30,25,0.1863,0.1553,0.0311,-0.3873,-0.802,"baseballr_fangraphs_pitcher_leaders_v1","2026-07-30 17:13:30 UTC"
2026,"686610","Ken Waldichuk","WSN","NL",28,"L",5,0,0,0,0,9.1,28,41,6.75,1.5,9.2169,5.6058,8,6,0.1951,0.1463,0.0488,-0.3988,-0.2908,"baseballr_fangraphs_pitcher_leaders_v1","2026-07-30 17:13:30 UTC"
2026,"690925","Clayton Beeter","WSN","NL",27,"R",34,0,3,3,11,32.2,98,139,3.5816,1.2551,5.0383,4.2154,34,20,0.2446,0.1439,0.1007,-0.4065,-0.4602,"baseballr_fangraphs_pitcher_leaders_v1","2026-07-30 17:13:30 UTC"
2026,"663893","Brendon Little","TOR","AL",29,"L",10,0,0,2,0,10.2,32,55,13.5,2.4375,7.6097,3.8782,14,8,0.2545,0.1455,0.1091,-0.4104,-0.9973,"baseballr_fangraphs_pitcher_leaders_v1","2026-07-30 17:13:30 UTC"
2026,"694341","Brendan Beck","NYY","AL",27,"R",2,1,0,1,0,6.2,20,31,9.45,1.8,11.9597,7.3616,4,5,0.129,0.1613,-0.0323,-0.4191,-0.3127,"baseballr_fangraphs_pitcher_leaders_v1","2026-07-30 17:13:30 UTC"
2026,"671162","Connor Thomas","ATL","NL",28,"L",2,0,0,1,0,6.1,19,40,21.3158,3.3158,12.8992,8.0591,4,6,0.1,0.15,-0.05,-0.4443,-0.3518,"baseballr_fangraphs_pitcher_leaders_v1","2026-07-30 17:13:30 UTC"
2026,"518876","Merrill Kelly","ARI","NL",37,"R",19,19,8,8,0,109.1,328,473,4.8567,1.4451,5.6616,4.9702,71,42,0.1501,0.0888,0.0613,-0.4482,-0.9244,"baseballr_fangraphs_pitcher_leaders_v1","2026-07-30 17:13:30 UTC"
2026,"623149","Paul Sewald","ARI","NL",36,"R",42,0,2,5,24,37.2,113,153,5.2566,1.0088,5.4195,4.2541,43,9,0.281,0.0588,0.2222,-0.4608,0.2812,"baseballr_fangraphs_pitcher_leaders_v1","2026-07-30 17:13:30 UTC"
2026,"676467","Colton Gordon","HOU","AL",27,"L",4,1,0,0,0,9.1,28,50,11.5714,2.5714,10.3954,4.162,11,3,0.22,0.06,0.16,-0.4612,-0.3788,"baseballr_fangraphs_pitcher_leaders_v1","2026-07-30 17:13:30 UTC"
2026,"681402","Gus Varland","WSN","NL",29,"R",33,0,1,2,6,31.2,95,151,6.8211,1.8316,5.5097,5.1398,30,15,0.1987,0.0993,0.0993,-0.4679,-0.0149,"baseballr_fangraphs_pitcher_leaders_v1","2026-07-30 17:13:30 UTC"
2026,"623437","Justin Topa","MIN","AL",35,"R",23,0,0,1,2,19,57,92,8.0526,2,6.4781,5.4265,12,11,0.1304,0.1196,0.0109,-0.4745,-0.4119,"baseballr_fangraphs_pitcher_leaders_v1","2026-07-30 17:13:30 UTC"
2026,"806960","Luis Morales","ATH","AL",23,"R",4,2,0,2,0,14,42,76,10.9286,2.4286,9.0383,6.7914,12,13,0.1579,0.1711,-0.0132,-0.4745,-0.5667,"baseballr_fangraphs_pitcher_leaders_v1","2026-07-30 17:13:30 UTC"
2026,"703725","Luis Gastelum","STL","NL",24,"R",9,0,2,1,0,9,27,39,6,1.6667,8.4431,4.0206,8,4,0.2051,0.1026,0.1026,-0.4753,-0.5994,"baseballr_fangraphs_pitcher_leaders_v1","2026-07-30 17:13:30 UTC"
2026,"682995","Hunter Barco","PIT","NL",25,"L",5,0,0,1,0,11.2,35,60,7.7143,1.9714,7.9097,6.6579,8,9,0.1333,0.15,-0.0167,-0.484,-0.6302,"baseballr_fangraphs_pitcher_leaders_v1","2026-07-30 17:13:30 UTC"
2026,"661563","Luis Gil","NYY","AL",28,"R",4,4,1,2,0,19.1,58,85,6.0517,1.3448,8.3856,6.4016,9,11,0.1059,0.1294,-0.0235,-0.4877,-0.2829,"baseballr_fangraphs_pitcher_leaders_v1","2026-07-30 17:13:30 UTC"
2026,"670167","John Schreiber","KCR","AL",32,"R",45,0,0,3,1,40.2,122,170,3.7623,1.377,5.2491,4.5111,29,17,0.1706,0.1,0.0706,-0.4939,0.2571,"baseballr_fangraphs_pitcher_leaders_v1","2026-07-30 17:13:30 UTC"
2026,"608566","Germán Márquez","SDP","NL",31,"R",11,10,4,2,0,47,141,211,5.1702,1.5319,6.514,5.4981,34,22,0.1611,0.1043,0.0569,-0.5063,-0.5881,"baseballr_fangraphs_pitcher_leaders_v1","2026-07-30 17:13:30 UTC"
2026,"650556","Bryan Abreu","HOU","AL",29,"R",41,0,2,3,7,38,114,168,4.7368,1.5,5.4255,4.5154,48,28,0.2857,0.1667,0.119,-0.5087,0.5709,"baseballr_fangraphs_pitcher_leaders_v1","2026-07-30 17:13:30 UTC"
2026,"592836","Taijuan Walker","PHI","NL",33,"R",5,4,1,4,0,22.2,68,115,9.1324,2.0735,7.7862,5.5523,17,11,0.1478,0.0957,0.0522,-0.5098,-1.1226,"baseballr_fangraphs_pitcher_leaders_v1","2026-07-30 17:13:30 UTC"
2026,"678368","Valente Bellozo","COL","NL",26,"R",3,0,0,1,0,10.2,32,48,7.5938,1.5938,9.9535,6.2897,8,7,0.1667,0.1458,0.0208,-0.512,-0.4037,"baseballr_fangraphs_pitcher_leaders_v1","2026-07-30 17:13:30 UTC"
2026,"605488","Jeffrey Springs","ATH","AL",33,"L",21,21,3,10,0,104,312,459,6.2308,1.4519,6.0136,4.8816,86,39,0.1874,0.085,0.1024,-0.5215,-2.5668,"baseballr_fangraphs_pitcher_leaders_v1","2026-07-30 17:13:30 UTC"
2026,"680730","Mitchell Parker","WSN","NL",26,"L",22,0,3,3,1,39.2,119,178,6.5798,1.4874,5.4795,4.5287,34,13,0.191,0.073,0.118,-0.553,-2.2257,"baseballr_fangraphs_pitcher_leaders_v1","2026-07-30 17:13:30 UTC"
2026,"686993","Justin Sterner","ATH","AL",29,"R",46,0,2,3,1,42.2,128,184,6.1172,1.3828,5.5004,4.1857,40,13,0.2174,0.0707,0.1467,-0.5577,-0.3253,"baseballr_fangraphs_pitcher_leaders_v1","2026-07-30 17:13:30 UTC"
2026,"668674","Lucas Erceg","KCR","AL",31,"R",41,0,4,3,12,39.1,118,179,5.2627,1.678,5.4487,5.1141,27,23,0.1508,0.1285,0.0223,-0.5624,-1.7295,"baseballr_fangraphs_pitcher_leaders_v1","2026-07-30 17:13:30 UTC"
2026,"680802","Ryan Weiss","HOU","AL",29,"R",9,2,0,3,0,26,78,131,7.6154,2.1154,7.1097,5.0449,30,20,0.229,0.1527,0.0763,-0.5981,-1.4017,"baseballr_fangraphs_pitcher_leaders_v1","2026-07-30 17:13:30 UTC"
2026,"657612","Tim Hill","NYY","AL",36,"L",49,0,3,2,1,40.2,122,169,4.2049,1.1803,5.5196,4.3691,19,10,0.1124,0.0592,0.0533,-0.6272,0.0763,"baseballr_fangraphs_pitcher_leaders_v1","2026-07-30 17:13:30 UTC"
2026,"453286","Max Scherzer","TOR","AL",41,"R",7,7,1,4,0,24.2,74,117,9.4865,1.8243,8.2178,6.1943,18,14,0.1538,0.1197,0.0342,-0.6368,-0.9224,"baseballr_fangraphs_pitcher_leaders_v1","2026-07-30 17:13:30 UTC"
2026,"641793","Zack Littell","WSN","NL",30,"R",22,14,7,8,0,105.2,317,454,4.9401,1.3438,5.9488,5.1818,68,34,0.1498,0.0749,0.0749,-0.7013,-0.9525,"baseballr_fangraphs_pitcher_leaders_v1","2026-07-30 17:13:30 UTC"
2026,"673540","Kodai Senga","NYM","NL",33,"R",12,7,0,7,0,40.2,122,194,8.8525,1.8443,6.8966,5.0851,49,30,0.2526,0.1546,0.0979,-0.705,-2.1708,"baseballr_fangraphs_pitcher_leaders_v1","2026-07-30 17:13:30 UTC"
2026,"663574","Tony Santillan","CIN","NL",29,"R",34,0,1,4,5,31,93,134,5.2258,1.3871,6.4323,4.7238,28,14,0.209,0.1045,0.1045,-0.7432,-0.381,"baseballr_fangraphs_pitcher_leaders_v1","2026-07-30 17:13:30 UTC"
2026,"605130","Scott Barlow","ATH","AL",33,"R",36,0,2,0,2,33.1,100,152,6.48,1.35,6.4397,5.7681,29,19,0.1908,0.125,0.0658,-0.7456,0.3156,"baseballr_fangraphs_pitcher_leaders_v1","2026-07-30 17:13:30 UTC"
2026,"607481","Aaron Bummer","ATL","NL",32,"L",19,0,1,1,0,15.1,46,77,7.6304,1.8261,8.6532,5.7539,13,10,0.1688,0.1299,0.039,-0.7509,-0.4995,"baseballr_fangraphs_pitcher_leaders_v1","2026-07-30 17:13:30 UTC"
2026,"657424","Matt Gage","SFG","NL",33,"L",34,0,4,1,1,27.1,82,126,5.5976,1.6463,6.3292,5.3164,22,17,0.1746,0.1349,0.0397,-0.7779,-0.8025,"baseballr_fangraphs_pitcher_leaders_v1","2026-07-30 17:13:30 UTC"
2026,"571945","Miles Mikolas","WSN","NL",37,"R",22,9,3,7,0,102,306,435,5.6471,1.3333,5.6685,4.7552,52,21,0.1195,0.0483,0.0713,-0.7909,-1.8642,"baseballr_fangraphs_pitcher_leaders_v1","2026-07-30 17:13:30 UTC"
2026,"621381","Matt Strahm","KCR","AL",34,"L",39,0,3,3,0,34.2,104,156,6.75,1.4423,6.5713,5.6801,29,14,0.1859,0.0897,0.0962,-1.0192,-0.9377,"baseballr_fangraphs_pitcher_leaders_v1","2026-07-30 17:13:30 UTC"
2026,"592791","Jameson Taillon","CHC","NL",34,"R",15,15,2,6,0,76,228,326,5.9211,1.3553,6.7413,4.8122,68,27,0.2086,0.0828,0.1258,-1.0674,-1.2872,"baseballr_fangraphs_pitcher_leaders_v1","2026-07-30 17:13:30 UTC"
