"player_id","player_name","team","player_hand","perspective","stronger_opponent_hand","pa_vs_l","pa_vs_r","ops_vs_l","ops_vs_r","woba_vs_l","woba_vs_r","woba_gap","split_reliability","headline","evidence","matchup_method","matchup_edge_score","matchup_edge_rank","source_through","generated_at_utc"
"646240","Rafael Devers","San Francisco Giants","L","hitter","R",220,409,0.572592259225923,1.02113952913382,0.250136363636364,0.422068965517241,0.171932601880877,0.688,"Rafael Devers is doing more damage against right-handed pitching","Estimated wOBA: 0.250 vs L, 0.422 vs R.","two_sided_opponent_hand_woba_gap_v1",91.5,1,"2026-09-19","2026-09-20 14:10:26 UTC"
"676475","Alec Burleson","St. Louis Cardinals","L","hitter","R",200,445,0.554812834224599,0.938991033934854,0.24185,0.399121621621622,0.157271621621622,0.667,"Alec Burleson is doing more damage against right-handed pitching","Estimated wOBA: 0.242 vs L, 0.399 vs R.","two_sided_opponent_hand_woba_gap_v1",89.4,2,"2026-09-19","2026-09-20 14:10:26 UTC"
"502671","Paul Goldschmidt","New York Yankees","R","hitter","L",176,192,0.989832535885167,0.576766304347826,0.416534090909091,0.248020833333333,0.168513257575758,0.638,"Paul Goldschmidt is doing more damage against left-handed pitching","Estimated wOBA: 0.417 vs L, 0.248 vs R.","two_sided_opponent_hand_woba_gap_v1",88.1,3,"2026-09-19","2026-09-20 14:10:26 UTC"
"691723","Coby Mayo","Baltimore Orioles","R","hitter","L",158,271,1.10438580852202,0.574187596714677,0.455822784810127,0.250738007380074,0.205084777430053,0.612,"Coby Mayo is doing more damage against left-handed pitching","Estimated wOBA: 0.456 vs L, 0.251 vs R.","two_sided_opponent_hand_woba_gap_v1",87.7,4,"2026-09-19","2026-09-20 14:10:26 UTC"
"547180","Bryce Harper","Philadelphia Phillies","L","hitter","R",257,402,0.671078948325394,1.0044776119403,0.300739299610895,0.421492537313433,0.120753237702538,0.72,"Bryce Harper is doing more damage against right-handed pitching","Estimated wOBA: 0.301 vs L, 0.421 vs R.","two_sided_opponent_hand_woba_gap_v1",87.4,5,"2026-09-19","2026-09-20 14:10:26 UTC"
"666176","Jo Adell","Cleveland Guardians","R","hitter","L",173,457,0.975037737933066,0.589414790463252,0.407456647398844,0.259628008752735,0.147828638646109,0.634,"Jo Adell is doing more damage against left-handed pitching","Estimated wOBA: 0.407 vs L, 0.260 vs R.","two_sided_opponent_hand_woba_gap_v1",86.6,6,"2026-09-19","2026-09-20 14:10:26 UTC"
"641680","Jonah Heim","Athletics","R","hitter","L",154,216,0.853393085787452,0.474747474747475,0.358506493506493,0.212453703703704,0.146052789802789,0.606,"Jonah Heim is doing more damage against left-handed pitching","Estimated wOBA: 0.359 vs L, 0.212 vs R.","two_sided_opponent_hand_woba_gap_v1",84.4,7,"2026-09-19","2026-09-20 14:10:26 UTC"
"664040","Brandon Lowe","Pittsburgh Pirates","L","hitter","R",200,429,0.631120218579235,0.916860916860917,0.27135,0.386200466200466,0.114850466200466,0.667,"Brandon Lowe is doing more damage against right-handed pitching","Estimated wOBA: 0.271 vs L, 0.386 vs R.","two_sided_opponent_hand_woba_gap_v1",84,8,"2026-09-19","2026-09-20 14:10:26 UTC"
"668930","Brice Turang","Milwaukee Brewers","L","hitter","R",193,460,0.59585798816568,0.888646288209607,0.27,0.381550218340611,0.111550218340611,0.659,"Brice Turang is doing more damage against right-handed pitching","Estimated wOBA: 0.270 vs L, 0.382 vs R.","two_sided_opponent_hand_woba_gap_v1",82.5,9,"2026-09-19","2026-09-20 14:10:26 UTC"
"805367","Chase Meidroth","Chicago White Sox","R","hitter","L",179,447,0.954913038661792,0.65607746586987,0.407231638418079,0.291783295711061,0.115448342707018,0.642,"Chase Meidroth is doing more damage against left-handed pitching","Estimated wOBA: 0.407 vs L, 0.292 vs R.","two_sided_opponent_hand_woba_gap_v1",82.5,9,"2026-09-19","2026-09-20 14:10:26 UTC"
"664023","Ian Happ","Chicago Cubs","R","hitter","R",144,464,0.483958789302301,0.819493314567206,0.217132867132867,0.354719827586207,0.13758696045334,0.59,"Ian Happ is doing more damage against right-handed pitching","Estimated wOBA: 0.217 vs L, 0.355 vs R.","two_sided_opponent_hand_woba_gap_v1",82.3,11,"2026-09-19","2026-09-20 14:10:26 UTC"
"682998","Corbin Carroll","Arizona Diamondbacks","L","hitter","L",203,437,0.955832960143305,0.728265374150886,0.403743842364532,0.309288990825688,0.094454851538844,0.67,"Corbin Carroll is doing more damage against left-handed pitching","Estimated wOBA: 0.404 vs L, 0.309 vs R.","two_sided_opponent_hand_woba_gap_v1",79.8,12,"2026-09-19","2026-09-20 14:10:26 UTC"
"670541","Yordan Alvarez","Houston Astros","L","hitter","R",172,459,0.825581395348837,1.07375068082789,0.342426035502959,0.448446389496718,0.106020353993759,0.632,"Yordan Alvarez is doing more damage against right-handed pitching","Estimated wOBA: 0.342 vs L, 0.448 vs R.","two_sided_opponent_hand_woba_gap_v1",79.6,13,"2026-09-19","2026-09-20 14:10:26 UTC"
"691781","Brady House","Washington Nationals","R","hitter","L",105,228,0.94715821812596,0.58611673414305,0.405714285714286,0.255614035087719,0.150100250626567,0.512,"Brady House is doing more damage against left-handed pitching","Estimated wOBA: 0.406 vs L, 0.256 vs R.","two_sided_opponent_hand_woba_gap_v1",78.7,14,"2026-09-19","2026-09-20 14:10:26 UTC"
"689414","Liam Hicks","Tampa Bay Rays","L","hitter","R",112,418,0.5139731568303,0.884427291231595,0.239189189189189,0.379856459330144,0.140667270140955,0.528,"Liam Hicks is doing more damage against right-handed pitching","Estimated wOBA: 0.239 vs L, 0.380 vs R.","two_sided_opponent_hand_woba_gap_v1",78.6,15,"2026-09-19","2026-09-20 14:10:26 UTC"
"668715","Spencer Steer","Cincinnati Reds","R","hitter","L",96,288,1.06235842771486,0.637931034482759,0.445368421052632,0.279722222222222,0.16564619883041,0.49,"Spencer Steer is doing more damage against left-handed pitching","Estimated wOBA: 0.445 vs L, 0.280 vs R.","two_sided_opponent_hand_woba_gap_v1",78.2,16,"2026-09-19","2026-09-20 14:10:26 UTC"
"668901","Mark Vientos","New York Mets","R","hitter","L",111,166,0.883147853736089,0.532141469102215,0.36963963963964,0.233072289156627,0.136567350483013,0.526,"Mark Vientos is doing more damage against left-handed pitching","Estimated wOBA: 0.370 vs L, 0.233 vs R.","two_sided_opponent_hand_woba_gap_v1",78.1,17,"2026-09-19","2026-09-20 14:10:26 UTC"
"679822","Justin Foscue","Texas Rangers","R","hitter","L",152,85,0.997678018575851,0.511764705882353,0.420131578947368,0.221882352941176,0.198249226006192,0.459,"Justin Foscue is doing more damage against left-handed pitching","Estimated wOBA: 0.420 vs L, 0.222 vs R.","two_sided_opponent_hand_woba_gap_v1",78.1,17,"2026-09-19","2026-09-20 14:10:26 UTC"
"545121","Ildemaro Vargas","Arizona Diamondbacks","R","hitter","L",165,310,0.83218114028274,0.581108414239482,0.353414634146341,0.255695792880259,0.097718841266082,0.623,"Ildemaro Vargas is doing more damage against left-handed pitching","Estimated wOBA: 0.353 vs L, 0.256 vs R.","two_sided_opponent_hand_woba_gap_v1",77.6,19,"2026-09-19","2026-09-20 14:10:26 UTC"
"663837","Matt Vierling","Detroit Tigers","R","hitter","L",119,173,0.765826330532213,0.468920470858455,0.326890756302521,0.203372093023256,0.123518663279265,0.543,"Matt Vierling is doing more damage against left-handed pitching","Estimated wOBA: 0.327 vs L, 0.203 vs R.","two_sided_opponent_hand_woba_gap_v1",77.2,20,"2026-09-19","2026-09-20 14:10:26 UTC"
"683953","Travis Bazzana","Cleveland Guardians","L","hitter","R",150,341,0.545241730279898,0.841932481258695,0.254333333333333,0.359,0.104666666666667,0.6,"Travis Bazzana is doing more damage against right-handed pitching","Estimated wOBA: 0.254 vs L, 0.359 vs R.","two_sided_opponent_hand_woba_gap_v1",76.8,21,"2026-09-19","2026-09-20 14:10:26 UTC"
"624641","Edmundo Sosa","Philadelphia Phillies","R","hitter","L",138,104,0.835001177301625,0.5291146761735,0.355109489051095,0.224509803921569,0.130599685129526,0.51,"Edmundo Sosa is doing more damage against left-handed pitching","Estimated wOBA: 0.355 vs L, 0.225 vs R.","two_sided_opponent_hand_woba_gap_v1",76.5,22,"2026-09-19","2026-09-20 14:10:26 UTC"
"545341","Randal Grichuk","Chicago White Sox","R","hitter","L",167,92,0.977115832030207,0.650724637681159,0.40874251497006,0.267391304347826,0.141351210622234,0.479,"Randal Grichuk is doing more damage against left-handed pitching","Estimated wOBA: 0.409 vs L, 0.267 vs R.","two_sided_opponent_hand_woba_gap_v1",76.4,23,"2026-09-19","2026-09-20 14:10:26 UTC"
"682928","CJ Abrams","Washington Nationals","L","hitter","R",196,431,0.683784383318545,0.884376380137221,0.289795918367347,0.374545454545455,0.084749536178108,0.662,"CJ Abrams is doing more damage against right-handed pitching","Estimated wOBA: 0.290 vs L, 0.375 vs R.","two_sided_opponent_hand_woba_gap_v1",75.9,24,"2026-09-19","2026-09-20 14:10:26 UTC"
"687597","Jordan Beck","Colorado Rockies","R","hitter","L",88,78,0.740909090909091,0.333333333333333,0.321818181818182,0.154615384615385,0.167202797202797,0.438,"Jordan Beck is doing more damage against left-handed pitching","Estimated wOBA: 0.322 vs L, 0.155 vs R.","two_sided_opponent_hand_woba_gap_v1",75.9,24,"2026-09-19","2026-09-20 14:10:26 UTC"
"805808","Kevin McGonigle","Detroit Tigers","L","hitter","R",197,485,0.649276723100848,0.859290922806135,0.290355329949239,0.373628865979381,0.083273536030142,0.663,"Kevin McGonigle is doing more damage against right-handed pitching","Estimated wOBA: 0.290 vs L, 0.374 vs R.","two_sided_opponent_hand_woba_gap_v1",75.7,26,"2026-09-19","2026-09-20 14:10:26 UTC"
"669394","Jake Burger","Texas Rangers","R","hitter","L",162,430,0.915895061728395,0.658308229907218,0.381666666666667,0.288860465116279,0.092806201550388,0.618,"Jake Burger is doing more damage against left-handed pitching","Estimated wOBA: 0.382 vs L, 0.289 vs R.","two_sided_opponent_hand_woba_gap_v1",75.5,27,"2026-09-19","2026-09-20 14:10:26 UTC"
"686948","Drake Baldwin","Atlanta Braves","L","hitter","R",215,372,0.68452776459421,0.886279700624244,0.300604651162791,0.379730458221024,0.079125807058233,0.683,"Drake Baldwin is doing more damage against right-handed pitching","Estimated wOBA: 0.301 vs L, 0.380 vs R.","two_sided_opponent_hand_woba_gap_v1",75.5,27,"2026-09-19","2026-09-20 14:10:26 UTC"
"693307","Dillon Dingler","Detroit Tigers","R","hitter","R",183,407,0.601580796252927,0.818518518518519,0.261092896174863,0.347481481481481,0.086388585306618,0.647,"Dillon Dingler is doing more damage against right-handed pitching","Estimated wOBA: 0.261 vs L, 0.347 vs R.","two_sided_opponent_hand_woba_gap_v1",75.4,29,"2026-09-19","2026-09-20 14:10:26 UTC"
"656811","Ryan O'Hearn","Pittsburgh Pirates","L","hitter","R",132,294,0.585444610034774,0.851439435089625,0.256590909090909,0.364455782312925,0.107864873222016,0.569,"Ryan O'Hearn is doing more damage against right-handed pitching","Estimated wOBA: 0.257 vs L, 0.364 vs R.","two_sided_opponent_hand_woba_gap_v1",75.2,30,"2026-09-19","2026-09-20 14:10:26 UTC"
"694497","Evan Carter","Texas Rangers","L","hitter","R",76,362,0.304310712761417,0.656082176968823,0.147746478873239,0.291117318435754,0.143370839562515,0.432,"Evan Carter is doing more damage against right-handed pitching","Estimated wOBA: 0.148 vs L, 0.291 vs R.","two_sided_opponent_hand_woba_gap_v1",74.3,31,"2026-09-19","2026-09-20 14:10:26 UTC"
"694212","Samuel Basallo","Baltimore Orioles","L","hitter","R",97,294,0.468562365469582,0.779220779220779,0.211443298969072,0.331292517006803,0.119849218037731,0.492,"Samuel Basallo is doing more damage against right-handed pitching","Estimated wOBA: 0.211 vs L, 0.331 vs R.","two_sided_opponent_hand_woba_gap_v1",73.9,32,"2026-09-19","2026-09-20 14:10:26 UTC"
"606192","Teoscar Hernández","Los Angeles Dodgers","R","hitter","L",141,322,0.922857807231717,0.680619012527635,0.39290780141844,0.296863354037267,0.096044447381173,0.585,"Teoscar Hernández is doing more damage against left-handed pitching","Estimated wOBA: 0.393 vs L, 0.297 vs R.","two_sided_opponent_hand_woba_gap_v1",73.8,33,"2026-09-19","2026-09-20 14:10:26 UTC"
"686611","Dylan Crews","Washington Nationals","R","hitter","L",133,283,0.829197994987469,0.584561022016852,0.35593984962406,0.257703180212014,0.098236669412046,0.571,"Dylan Crews is doing more damage against left-handed pitching","Estimated wOBA: 0.356 vs L, 0.258 vs R.","two_sided_opponent_hand_woba_gap_v1",73.5,34,"2026-09-19","2026-09-20 14:10:26 UTC"
"682987","Spencer Jones","New York Yankees","L","hitter","L",54,211,1.17724867724868,0.634085213032581,0.492407407407407,0.277238095238095,0.215169312169312,0.351,"Spencer Jones is doing more damage against left-handed pitching","Estimated wOBA: 0.492 vs L, 0.277 vs R.","two_sided_opponent_hand_woba_gap_v1",73.5,34,"2026-09-19","2026-09-20 14:10:26 UTC"
"682829","Elly De La Cruz","Cincinnati Reds","R","hitter","L",178,428,1.03831748775569,0.817626862341654,0.431638418079096,0.351658878504673,0.079979539574423,0.64,"Elly De La Cruz is doing more damage against left-handed pitching","Estimated wOBA: 0.432 vs L, 0.352 vs R.","two_sided_opponent_hand_woba_gap_v1",73.4,36,"2026-09-19","2026-09-20 14:10:26 UTC"
"686797","Brooks Lee","Minnesota Twins","R","hitter","R",197,405,0.581519274376417,0.788853057102837,0.257857142857143,0.334518518518518,0.076661375661375,0.663,"Brooks Lee is doing more damage against right-handed pitching","Estimated wOBA: 0.258 vs L, 0.335 vs R.","two_sided_opponent_hand_woba_gap_v1",73.3,37,"2026-09-19","2026-09-20 14:10:26 UTC"
"701762","Nick Kurtz","Athletics","L","hitter","R",158,271,0.722304351843297,0.952454639753771,0.317707006369427,0.405888888888889,0.088181882519462,0.612,"Nick Kurtz is doing more damage against right-handed pitching","Estimated wOBA: 0.318 vs L, 0.406 vs R.","two_sided_opponent_hand_woba_gap_v1",73.3,37,"2026-09-19","2026-09-20 14:10:26 UTC"
"695731","Braden Montgomery","Chicago White Sox","R","hitter","R",96,244,0.440891472868217,0.717522424992267,0.1996875,0.318155737704918,0.118468237704918,0.49,"Braden Montgomery is doing more damage against right-handed pitching","Estimated wOBA: 0.200 vs L, 0.318 vs R.","two_sided_opponent_hand_woba_gap_v1",73.3,37,"2026-09-19","2026-09-20 14:10:26 UTC"
"680779","Henry Davis","Pittsburgh Pirates","R","hitter","R",90,203,0.41210295728368,0.657693674484719,0.176136363636364,0.298507462686567,0.122371099050203,0.474,"Henry Davis is doing more damage against right-handed pitching","Estimated wOBA: 0.176 vs L, 0.299 vs R.","two_sided_opponent_hand_woba_gap_v1",73.3,37,"2026-09-19","2026-09-20 14:10:26 UTC"
"672356","Gabriel Arias","Chicago Cubs","R","hitter","R",49,97,0.267857142857143,0.856009969412031,0.121836734693878,0.366082474226804,0.244245739532926,0.329,"Gabriel Arias is doing more damage against right-handed pitching","Estimated wOBA: 0.122 vs L, 0.366 vs R.","two_sided_opponent_hand_woba_gap_v1",73.1,41,"2026-09-19","2026-09-20 14:10:26 UTC"
"665487","Fernando Tatis Jr.","San Diego Padres","R","hitter","L",159,516,0.986457329109856,0.765106879453311,0.414810126582278,0.329688715953307,0.085121410628971,0.614,"Fernando Tatis Jr. is doing more damage against left-handed pitching","Estimated wOBA: 0.415 vs L, 0.330 vs R.","two_sided_opponent_hand_woba_gap_v1",73,42,"2026-09-19","2026-09-20 14:10:26 UTC"
"518692","Freddie Freeman","Los Angeles Dodgers","L","hitter","R",209,422,0.680868838763576,0.864035428482635,0.3,0.371330166270784,0.071330166270784,0.676,"Freddie Freeman is doing more damage against right-handed pitching","Estimated wOBA: 0.300 vs L, 0.371 vs R.","two_sided_opponent_hand_woba_gap_v1",72.8,43,"2026-09-19","2026-09-20 14:10:26 UTC"
"687551","Drew Gilbert","San Francisco Giants","L","hitter","R",48,329,0.218703612073231,0.782648694908002,0.115531914893617,0.339451219512195,0.223919304618578,0.324,"Drew Gilbert is doing more damage against right-handed pitching","Estimated wOBA: 0.116 vs L, 0.339 vs R.","two_sided_opponent_hand_woba_gap_v1",72.5,44,"2026-09-19","2026-09-20 14:10:26 UTC"
"665742","Juan Soto","New York Mets","L","hitter","R",145,296,0.741773504273504,0.985652318985652,0.322430555555555,0.412320819112628,0.089890263557073,0.592,"Juan Soto is doing more damage against right-handed pitching","Estimated wOBA: 0.322 vs L, 0.412 vs R.","two_sided_opponent_hand_woba_gap_v1",72.3,45,"2026-09-19","2026-09-20 14:10:26 UTC"
"680977","Brendan Donovan","Seattle Mariners","L","hitter","R",53,108,0.469772814786292,0.925925925925926,0.215660377358491,0.400648148148148,0.184987770789657,0.346,"Brendan Donovan is doing more damage against right-handed pitching","Estimated wOBA: 0.216 vs L, 0.401 vs R.","two_sided_opponent_hand_woba_gap_v1",72.2,46,"2026-09-19","2026-09-20 14:10:26 UTC"
"607043","Brandon Nimmo","Texas Rangers","L","hitter","L",195,436,0.855264288783842,0.672650252761655,0.365538461538462,0.294022988505747,0.071515473032715,0.661,"Brandon Nimmo is doing more damage against left-handed pitching","Estimated wOBA: 0.366 vs L, 0.294 vs R.","two_sided_opponent_hand_woba_gap_v1",71.9,47,"2026-09-19","2026-09-20 14:10:26 UTC"
"666969","Adolis García","Philadelphia Phillies","R","hitter","L",68,191,0.863659022931206,0.507701205406064,0.362941176470588,0.229109947643979,0.133831228826609,0.405,"Adolis García is doing more damage against left-handed pitching","Estimated wOBA: 0.363 vs L, 0.229 vs R.","two_sided_opponent_hand_woba_gap_v1",71.8,48,"2026-09-19","2026-09-20 14:10:26 UTC"
"500743","Miguel Rojas","Los Angeles Dodgers","R","hitter","L",157,84,0.806111086365863,0.502672903441363,0.342547770700637,0.222926829268293,0.119620941432344,0.457,"Miguel Rojas is doing more damage against left-handed pitching","Estimated wOBA: 0.343 vs L, 0.223 vs R.","two_sided_opponent_hand_woba_gap_v1",71.8,48,"2026-09-19","2026-09-20 14:10:26 UTC"
"663993","Nathaniel Lowe","Cleveland Guardians","L","hitter","R",45,368,0.274603174603175,0.833576352067869,0.132888888888889,0.35366847826087,0.220779589371981,0.31,"Nathaniel Lowe is doing more damage against right-handed pitching","Estimated wOBA: 0.133 vs L, 0.354 vs R.","two_sided_opponent_hand_woba_gap_v1",71.6,50,"2026-09-19","2026-09-20 14:10:26 UTC"
"687952","Christian Encarnacion-Strand","Baltimore Orioles","R","hitter","L",76,120,1.00705882352941,0.694047619047619,0.419333333333333,0.295833333333333,0.1235,0.432,"Christian Encarnacion-Strand is doing more damage against left-handed pitching","Estimated wOBA: 0.419 vs L, 0.296 vs R.","two_sided_opponent_hand_woba_gap_v1",71.5,51,"2026-09-19","2026-09-20 14:10:26 UTC"
"665750","Leody Taveras","Baltimore Orioles","R","hitter","R",157,313,0.486690614350189,0.703653617751855,0.224545454545455,0.304201954397394,0.079656499851939,0.611,"Leody Taveras is doing more damage against right-handed pitching","Estimated wOBA: 0.225 vs L, 0.304 vs R.","two_sided_opponent_hand_woba_gap_v1",71,52,"2026-09-19","2026-09-20 14:10:26 UTC"
"669720","Austin Hays","San Diego Padres","R","hitter","L",49,44,0.920538428137212,0.414376321353066,0.387551020408163,0.181363636363636,0.206187384044527,0.306,"Austin Hays is doing more damage against left-handed pitching","Estimated wOBA: 0.388 vs L, 0.181 vs R.","two_sided_opponent_hand_woba_gap_v1",71,52,"2026-09-19","2026-09-20 14:10:26 UTC"
"669127","Shea Langeliers","Athletics","R","hitter","L",131,306,0.983374304567214,0.744465528146743,0.412,0.320392156862745,0.091607843137255,0.567,"Shea Langeliers is doing more damage against left-handed pitching","Estimated wOBA: 0.412 vs L, 0.320 vs R.","two_sided_opponent_hand_woba_gap_v1",70.9,54,"2026-09-19","2026-09-20 14:10:26 UTC"
"602104","Ramón Urías","St. Louis Cardinals","R","hitter","L",40,60,0.967647058823529,0.334615384615385,0.403,0.166833333333333,0.236166666666667,0.286,"Ramón Urías is doing more damage against left-handed pitching","Estimated wOBA: 0.403 vs L, 0.167 vs R.","two_sided_opponent_hand_woba_gap_v1",70.7,55,"2026-09-19","2026-09-20 14:10:26 UTC"
"680574","Matt McLain","Cincinnati Reds","R","hitter","L",119,355,0.777523906236778,0.549220482013874,0.339230769230769,0.244858757062147,0.094372012168622,0.543,"Matt McLain is doing more damage against left-handed pitching","Estimated wOBA: 0.339 vs L, 0.245 vs R.","two_sided_opponent_hand_woba_gap_v1",70.6,56,"2026-09-19","2026-09-20 14:10:26 UTC"
"687859","Troy Johnston","Colorado Rockies","L","hitter","R",110,327,0.583613407212281,0.79878531254678,0.253119266055046,0.349877675840979,0.096758409785933,0.524,"Troy Johnston is doing more damage against right-handed pitching","Estimated wOBA: 0.253 vs L, 0.350 vs R.","two_sided_opponent_hand_woba_gap_v1",70.6,56,"2026-09-19","2026-09-20 14:10:26 UTC"
"695734","Daylen Lile","Washington Nationals","L","hitter","R",171,459,0.588394062078273,0.789716775599129,0.259298245614035,0.333616557734205,0.07431831212017,0.631,"Daylen Lile is doing more damage against right-handed pitching","Estimated wOBA: 0.259 vs L, 0.334 vs R.","two_sided_opponent_hand_woba_gap_v1",70.4,58,"2026-09-19","2026-09-20 14:10:26 UTC"
"608070","José Ramírez","Cleveland Guardians","R","hitter","L",145,364,0.836339522546419,0.624564686314258,0.358068965517241,0.276408839779005,0.081660125738236,0.592,"José Ramírez is doing more damage against left-handed pitching","Estimated wOBA: 0.358 vs L, 0.276 vs R.","two_sided_opponent_hand_woba_gap_v1",70.4,58,"2026-09-19","2026-09-20 14:10:26 UTC"
"657757","Gavin Sheets","San Diego Padres","L","hitter","R",72,342,0.448232323232323,0.752142914363534,0.206944444444444,0.327456140350877,0.120511695906433,0.419,"Gavin Sheets is doing more damage against right-handed pitching","Estimated wOBA: 0.207 vs L, 0.327 vs R.","two_sided_opponent_hand_woba_gap_v1",70.4,58,"2026-09-19","2026-09-20 14:10:26 UTC"
"669224","Austin Wells","New York Yankees","L","hitter","R",99,277,0.436363636363636,0.664535379369139,0.195050505050505,0.295090909090909,0.100040404040404,0.497,"Austin Wells is doing more damage against right-handed pitching","Estimated wOBA: 0.195 vs L, 0.295 vs R.","two_sided_opponent_hand_woba_gap_v1",70.1,61,"2026-09-19","2026-09-20 14:10:26 UTC"
"691740","Daniel Susac","San Francisco Giants","R","hitter","L",50,111,0.911914893617021,0.546675494183297,0.3898,0.237981651376147,0.151818348623853,0.333,"Daniel Susac is doing more damage against left-handed pitching","Estimated wOBA: 0.390 vs L, 0.238 vs R.","two_sided_opponent_hand_woba_gap_v1",70.1,61,"2026-09-19","2026-09-20 14:10:26 UTC"
"695657","Colson Montgomery","Chicago White Sox","L","hitter","L",187,423,0.822568766210894,0.654407384414721,0.352245989304813,0.282867298578199,0.069378690726614,0.652,"Colson Montgomery is doing more damage against left-handed pitching","Estimated wOBA: 0.352 vs L, 0.283 vs R.","two_sided_opponent_hand_woba_gap_v1",70,63,"2026-09-19","2026-09-20 14:10:26 UTC"
"665052","Griffin Conine","Miami Marlins","L","hitter","R",59,237,0.574757869249395,0.905961482224172,0.254745762711864,0.386118143459916,0.131372380748052,0.371,"Griffin Conine is doing more damage against right-handed pitching","Estimated wOBA: 0.255 vs L, 0.386 vs R.","two_sided_opponent_hand_woba_gap_v1",70,63,"2026-09-19","2026-09-20 14:10:26 UTC"
"678489","Jorge Barrosa","Houston Astros","R","hitter","L",61,109,0.826118855465884,0.517220235053654,0.358793103448276,0.228834951456311,0.129958151991965,0.379,"Jorge Barrosa is doing more damage against left-handed pitching","Estimated wOBA: 0.359 vs L, 0.229 vs R.","two_sided_opponent_hand_woba_gap_v1",70,63,"2026-09-19","2026-09-20 14:10:26 UTC"
"686894","Joey Wiemer","Washington Nationals","R","hitter","L",44,41,1.16866028708134,0.576757532281205,0.479318181818182,0.277560975609756,0.201757206208426,0.291,"Joey Wiemer is doing more damage against left-handed pitching","Estimated wOBA: 0.479 vs L, 0.278 vs R.","two_sided_opponent_hand_woba_gap_v1",70,63,"2026-09-19","2026-09-20 14:10:26 UTC"
"621043","Carlos Correa","Houston Astros","R","hitter","L",47,93,1.08783415166394,0.635833657209483,0.452340425531915,0.286666666666667,0.165673758865248,0.32,"Carlos Correa is doing more damage against left-handed pitching","Estimated wOBA: 0.452 vs L, 0.287 vs R.","two_sided_opponent_hand_woba_gap_v1",69.8,67,"2026-09-19","2026-09-20 14:10:26 UTC"
"673548","Seiya Suzuki","Chicago Cubs","R","hitter","L",159,444,0.971001968409429,0.777108084948702,0.412641509433962,0.336546275395034,0.076095234038928,0.614,"Seiya Suzuki is doing more damage against left-handed pitching","Estimated wOBA: 0.413 vs L, 0.337 vs R.","two_sided_opponent_hand_woba_gap_v1",69.7,68,"2026-09-19","2026-09-20 14:10:26 UTC"
"681297","Colton Cowser","Baltimore Orioles","L","hitter","R",61,314,0.405345911949686,0.725835696685109,0.1905,0.31812101910828,0.12762101910828,0.379,"Colton Cowser is doing more damage against right-handed pitching","Estimated wOBA: 0.191 vs L, 0.318 vs R.","two_sided_opponent_hand_woba_gap_v1",69.7,68,"2026-09-19","2026-09-20 14:10:26 UTC"
"657041","Lane Thomas","Atlanta Braves","R","hitter","L",165,209,0.803352675693101,0.622837191258244,0.349575757575758,0.275741626794258,0.0738341307815,0.623,"Lane Thomas is doing more damage against left-handed pitching","Estimated wOBA: 0.350 vs L, 0.276 vs R.","two_sided_opponent_hand_woba_gap_v1",69.7,68,"2026-09-19","2026-09-20 14:10:26 UTC"
"668885","Austin Martin","Minnesota Twins","R","hitter","L",174,181,0.741629185407296,0.581645181092695,0.335689655172414,0.264861878453039,0.070827776719375,0.635,"Austin Martin is doing more damage against left-handed pitching","Estimated wOBA: 0.336 vs L, 0.265 vs R.","two_sided_opponent_hand_woba_gap_v1",69.7,68,"2026-09-19","2026-09-20 14:10:26 UTC"
"690984","Petey Halpin","Cleveland Guardians","L","hitter","R",44,141,0.272893772893773,0.67114725080208,0.122619047619048,0.292173913043478,0.16955486542443,0.306,"Petey Halpin is doing more damage against right-handed pitching","Estimated wOBA: 0.123 vs L, 0.292 vs R.","two_sided_opponent_hand_woba_gap_v1",69.7,68,"2026-09-19","2026-09-20 14:10:26 UTC"
"663368","Blake Perkins","Milwaukee Brewers","R","hitter","L",60,42,0.688888888888889,0.226287262872629,0.299833333333333,0.12780487804878,0.172028455284553,0.296,"Blake Perkins is doing more damage against left-handed pitching","Estimated wOBA: 0.300 vs L, 0.128 vs R.","two_sided_opponent_hand_woba_gap_v1",69.6,73,"2026-09-19","2026-09-20 14:10:26 UTC"
"682877","Juan Brito","Cincinnati Reds","R","hitter","L",40,59,0.967567567567568,0.461079723791588,0.40675,0.209661016949153,0.197088983050847,0.286,"Juan Brito is doing more damage against left-handed pitching","Estimated wOBA: 0.407 vs L, 0.210 vs R.","two_sided_opponent_hand_woba_gap_v1",69.4,74,"2026-09-19","2026-09-20 14:10:26 UTC"
"606466","Ketel Marte","Arizona Diamondbacks","R","hitter","L",148,442,0.911367249602544,0.687113711881514,0.376802721088435,0.298868778280543,0.077933942807892,0.597,"Ketel Marte is doing more damage against left-handed pitching","Estimated wOBA: 0.377 vs L, 0.299 vs R.","two_sided_opponent_hand_woba_gap_v1",69.3,75,"2026-09-19","2026-09-20 14:10:26 UTC"
"695491","Joshua Báez","St. Louis Cardinals","R","hitter","L",43,65,1.05058139534884,0.612820512820513,0.431162790697674,0.262307692307692,0.168855098389982,0.301,"Joshua Báez is doing more damage against left-handed pitching","Estimated wOBA: 0.431 vs L, 0.262 vs R.","two_sided_opponent_hand_woba_gap_v1",69.3,75,"2026-09-19","2026-09-20 14:10:26 UTC"
"673490","Ha-Seong Kim","Atlanta Braves","R","hitter","R",59,69,0.208320493066256,0.47629575042987,0.106440677966102,0.233188405797101,0.126747727830999,0.371,"Ha-Seong Kim is doing more damage against right-handed pitching","Estimated wOBA: 0.106 vs L, 0.233 vs R.","two_sided_opponent_hand_woba_gap_v1",69.2,77,"2026-09-19","2026-09-20 14:10:26 UTC"
"664728","Kyle Isbel","Kansas City Royals","L","hitter","R",75,235,0.386405388854868,0.642155966099628,0.16887323943662,0.280952380952381,0.112079141515761,0.429,"Kyle Isbel is doing more damage against right-handed pitching","Estimated wOBA: 0.169 vs L, 0.281 vs R.","two_sided_opponent_hand_woba_gap_v1",68.9,78,"2026-09-19","2026-09-20 14:10:26 UTC"
"669743","Alex Call","Los Angeles Dodgers","R","hitter","L",76,116,0.827249575551783,0.534834623504574,0.366578947368421,0.255344827586207,0.111234119782214,0.432,"Alex Call is doing more damage against left-handed pitching","Estimated wOBA: 0.367 vs L, 0.255 vs R.","two_sided_opponent_hand_woba_gap_v1",68.6,79,"2026-09-19","2026-09-20 14:10:26 UTC"
"695670","Harry Ford","Washington Nationals","R","hitter","L",50,59,0.832380952380952,0.492190096377534,0.3626,0.227966101694915,0.134633898305085,0.333,"Harry Ford is doing more damage against left-handed pitching","Estimated wOBA: 0.363 vs L, 0.228 vs R.","two_sided_opponent_hand_woba_gap_v1",68.4,80,"2026-09-19","2026-09-20 14:10:26 UTC"
"699013","Esmerlyn Valdez","Pittsburgh Pirates","R","hitter","L",111,176,1.01171171171171,0.760949729078868,0.417477477477477,0.327102272727273,0.090375204750204,0.526,"Esmerlyn Valdez is doing more damage against left-handed pitching","Estimated wOBA: 0.417 vs L, 0.327 vs R.","two_sided_opponent_hand_woba_gap_v1",68.2,81,"2026-09-19","2026-09-20 14:10:26 UTC"
"666018","Jonathan Aranda","Tampa Bay Rays","L","hitter","R",181,467,0.667739002727463,0.848282191116128,0.297016574585635,0.363720430107527,0.066703855521892,0.644,"Jonathan Aranda is doing more damage against right-handed pitching","Estimated wOBA: 0.297 vs L, 0.364 vs R.","two_sided_opponent_hand_woba_gap_v1",68,82,"2026-09-19","2026-09-20 14:10:26 UTC"
"702284","Cole Young","Seattle Mariners","L","hitter","R",205,409,0.588209208295292,0.73798228969007,0.260926829268293,0.319950980392157,0.059024151123864,0.672,"Cole Young is doing more damage against right-handed pitching","Estimated wOBA: 0.261 vs L, 0.320 vs R.","two_sided_opponent_hand_woba_gap_v1",67.6,83,"2026-09-19","2026-09-20 14:10:26 UTC"
"691458","Blaze Jordan","St. Louis Cardinals","R","hitter","L",76,123,0.822831727205337,0.55638034641216,0.345526315789474,0.239674796747967,0.105851519041507,0.432,"Blaze Jordan is doing more damage against left-handed pitching","Estimated wOBA: 0.346 vs L, 0.240 vs R.","two_sided_opponent_hand_woba_gap_v1",67.5,84,"2026-09-19","2026-09-20 14:10:26 UTC"
"683227","Cody Freeman","Texas Rangers","R","hitter","L",47,46,0.822261072261072,0.493427704752275,0.360227272727273,0.225,0.135227272727273,0.315,"Cody Freeman is doing more damage against left-handed pitching","Estimated wOBA: 0.360 vs L, 0.225 vs R.","two_sided_opponent_hand_woba_gap_v1",67.5,84,"2026-09-19","2026-09-20 14:10:26 UTC"
"671277","Luis García Jr.","New York Yankees","L","hitter","R",85,438,0.628612926652142,0.887980026937354,0.273294117647059,0.371004566210046,0.097710448562987,0.459,"Luis García Jr. is doing more damage against right-handed pitching","Estimated wOBA: 0.273 vs L, 0.371 vs R.","two_sided_opponent_hand_woba_gap_v1",67.4,86,"2026-09-19","2026-09-20 14:10:26 UTC"
"642708","Amed Rosario","New York Yankees","R","hitter","R",155,81,0.599327956989247,0.84,0.257161290322581,0.355802469135802,0.098641178813221,0.448,"Amed Rosario is doing more damage against right-handed pitching","Estimated wOBA: 0.257 vs L, 0.356 vs R.","two_sided_opponent_hand_woba_gap_v1",67.4,86,"2026-09-19","2026-09-20 14:10:26 UTC"
"703520","Brett Bateman","Toronto Blue Jays","L","hitter","R",59,107,0.619899560577527,0.890937019969278,0.273728813559322,0.390952380952381,0.117223567393059,0.371,"Brett Bateman is doing more damage against right-handed pitching","Estimated wOBA: 0.274 vs L, 0.391 vs R.","two_sided_opponent_hand_woba_gap_v1",67.4,86,"2026-09-19","2026-09-20 14:10:26 UTC"
"703601","Max Clark","Detroit Tigers","L","hitter","L",59,121,0.997975708502024,0.698503040698581,0.423333333333333,0.307083333333333,0.11625,0.371,"Max Clark is doing more damage against left-handed pitching","Estimated wOBA: 0.423 vs L, 0.307 vs R.","two_sided_opponent_hand_woba_gap_v1",67.3,89,"2026-09-19","2026-09-20 14:10:26 UTC"
"624413","Pete Alonso","Baltimore Orioles","R","hitter","R",204,466,0.755785920925747,0.903907951776048,0.325490196078431,0.384098712446352,0.058608516367921,0.671,"Pete Alonso is doing more damage against right-handed pitching","Estimated wOBA: 0.325 vs L, 0.384 vs R.","two_sided_opponent_hand_woba_gap_v1",67.2,90,"2026-09-19","2026-09-20 14:10:26 UTC"
"608348","Carson Kelly","Chicago Cubs","R","hitter","L",136,277,0.870867768595041,0.660503661263684,0.374779411764706,0.297075812274368,0.077703599490338,0.576,"Carson Kelly is doing more damage against left-handed pitching","Estimated wOBA: 0.375 vs L, 0.297 vs R.","two_sided_opponent_hand_woba_gap_v1",67.2,90,"2026-09-19","2026-09-20 14:10:26 UTC"
"686469","Vinnie Pasquantino","Kansas City Royals","L","hitter","R",125,331,0.573734513274336,0.774005450742611,0.25376,0.333981762917933,0.080221762917933,0.556,"Vinnie Pasquantino is doing more damage against right-handed pitching","Estimated wOBA: 0.254 vs L, 0.334 vs R.","two_sided_opponent_hand_woba_gap_v1",67.1,92,"2026-09-19","2026-09-20 14:10:26 UTC"
"665489","Vladimir Guerrero Jr.","Toronto Blue Jays","R","hitter","L",151,439,0.810462549412188,0.648140853272132,0.356026490066225,0.28619589977221,0.069830590294015,0.602,"Vladimir Guerrero Jr. is doing more damage against left-handed pitching","Estimated wOBA: 0.356 vs L, 0.286 vs R.","two_sided_opponent_hand_woba_gap_v1",66.8,93,"2026-09-19","2026-09-20 14:10:26 UTC"
"668939","Adley Rutschman","Boston Red Sox","R","hitter","R",129,258,0.587557145696681,0.796124031007752,0.26,0.338759689922481,0.078759689922481,0.563,"Adley Rutschman is doing more damage against right-handed pitching","Estimated wOBA: 0.260 vs L, 0.339 vs R.","two_sided_opponent_hand_woba_gap_v1",66.7,94,"2026-09-19","2026-09-20 14:10:26 UTC"
"699302","Héctor Rodríguez","Cincinnati Reds","L","hitter","R",40,91,0.425,0.753475440222428,0.18225,0.323406593406593,0.141156593406593,0.286,"Héctor Rodríguez is doing more damage against right-handed pitching","Estimated wOBA: 0.182 vs L, 0.323 vs R.","two_sided_opponent_hand_woba_gap_v1",66.6,95,"2026-09-19","2026-09-20 14:10:26 UTC"
"687749","Jase Bowen","San Diego Padres","R","hitter","L",49,48,0.628745115067303,0.28384912959381,0.264489795918367,0.138936170212766,0.125553625705601,0.324,"Jase Bowen is doing more damage against left-handed pitching","Estimated wOBA: 0.264 vs L, 0.139 vs R.","two_sided_opponent_hand_woba_gap_v1",66.6,95,"2026-09-19","2026-09-20 14:10:26 UTC"
"553869","Elias Díaz","Texas Rangers","R","hitter","L",99,131,0.796786799826314,0.551930147058824,0.331530612244898,0.24265625,0.088874362244898,0.497,"Elias Díaz is doing more damage against left-handed pitching","Estimated wOBA: 0.332 vs L, 0.243 vs R.","two_sided_opponent_hand_woba_gap_v1",66.5,97,"2026-09-19","2026-09-20 14:10:26 UTC"
"696285","Jacob Young","Washington Nationals","R","hitter","L",158,298,0.804233536247925,0.64634454844422,0.350576923076923,0.282915254237288,0.067661668839635,0.612,"Jacob Young is doing more damage against left-handed pitching","Estimated wOBA: 0.351 vs L, 0.283 vs R.","two_sided_opponent_hand_woba_gap_v1",66.3,98,"2026-09-19","2026-09-20 14:10:26 UTC"
"808982","Jung Hoo Lee","San Francisco Giants","L","hitter","R",177,400,0.616121872477805,0.767432432432432,0.268248587570621,0.32984962406015,0.061601036489529,0.639,"Jung Hoo Lee is doing more damage against right-handed pitching","Estimated wOBA: 0.268 vs L, 0.330 vs R.","two_sided_opponent_hand_woba_gap_v1",66.2,99,"2026-09-19","2026-09-20 14:10:26 UTC"
"664770","Nathan Lukes","Toronto Blue Jays","L","hitter","R",80,345,0.50027437351381,0.745283018867924,0.227532467532468,0.32374269005848,0.096210222526012,0.444,"Nathan Lukes is doing more damage against right-handed pitching","Estimated wOBA: 0.228 vs L, 0.324 vs R.","two_sided_opponent_hand_woba_gap_v1",66.2,99,"2026-09-19","2026-09-20 14:10:26 UTC"
"666160","Mickey Moniak","Colorado Rockies","L","hitter","R",89,336,0.586164884256126,0.813748079877112,0.247303370786517,0.339255952380952,0.091952581594435,0.471,"Mickey Moniak is doing more damage against right-handed pitching","Estimated wOBA: 0.247 vs L, 0.339 vs R.","two_sided_opponent_hand_woba_gap_v1",66.1,101,"2026-09-19","2026-09-20 14:10:26 UTC"
"699393","Pedro Ramírez","Chicago Cubs","R","hitter","L",44,195,0.984090909090909,0.672345506436018,0.418636363636364,0.288963730569948,0.129672633066416,0.306,"Pedro Ramírez is doing more damage against left-handed pitching","Estimated wOBA: 0.419 vs L, 0.289 vs R.","two_sided_opponent_hand_woba_gap_v1",66,102,"2026-09-19","2026-09-20 14:10:26 UTC"
"664761","Alec Bohm","Philadelphia Phillies","R","hitter","L",187,417,0.811319588266205,0.647719893790062,0.345294117647059,0.286954436450839,0.05833968119622,0.652,"Alec Bohm is doing more damage against left-handed pitching","Estimated wOBA: 0.345 vs L, 0.287 vs R.","two_sided_opponent_hand_woba_gap_v1",65.5,103,"2026-09-19","2026-09-20 14:10:26 UTC"
"665877","José Fermín","St. Louis Cardinals","R","hitter","L",159,197,0.756871609403255,0.589237828496514,0.32626582278481,0.262319587628866,0.063946235155944,0.614,"José Fermín is doing more damage against left-handed pitching","Estimated wOBA: 0.326 vs L, 0.262 vs R.","two_sided_opponent_hand_woba_gap_v1",64.9,104,"2026-09-19","2026-09-20 14:10:26 UTC"
"677942","Blaze Alexander","Baltimore Orioles","R","hitter","R",103,186,0.644012944983819,0.836952204422084,0.283398058252427,0.363681318681319,0.080283260428892,0.507,"Blaze Alexander is doing more damage against right-handed pitching","Estimated wOBA: 0.283 vs L, 0.364 vs R.","two_sided_opponent_hand_woba_gap_v1",64.9,104,"2026-09-19","2026-09-20 14:10:26 UTC"
"675961","Alika Williams","Athletics","R","hitter","L",100,121,0.836069210292813,0.647197640117994,0.357448979591837,0.276916666666667,0.08053231292517,0.5,"Alika Williams is doing more damage against left-handed pitching","Estimated wOBA: 0.357 vs L, 0.277 vs R.","two_sided_opponent_hand_woba_gap_v1",64.7,106,"2026-09-19","2026-09-20 14:10:26 UTC"
"660844","Leo Rivas","Seattle Mariners","R","hitter","R",46,93,0.260765550239234,0.555417700578991,0.142954545454545,0.261827956989247,0.118873411534702,0.315,"Leo Rivas is doing more damage against right-handed pitching","Estimated wOBA: 0.143 vs L, 0.262 vs R.","two_sided_opponent_hand_woba_gap_v1",64.7,106,"2026-09-19","2026-09-20 14:10:26 UTC"
"677800","Wilyer Abreu","Boston Red Sox","L","hitter","L",201,457,0.865714285714286,0.748792853032255,0.3726,0.318476821192053,0.054123178807947,0.668,"Wilyer Abreu is doing more damage against left-handed pitching","Estimated wOBA: 0.373 vs L, 0.318 vs R.","two_sided_opponent_hand_woba_gap_v1",64.6,108,"2026-09-19","2026-09-20 14:10:26 UTC"
"671218","Heliot Ramos","New York Yankees","R","hitter","L",105,307,0.852380952380952,0.653105932008992,0.363714285714286,0.284201954397394,0.079512331316892,0.512,"Heliot Ramos is doing more damage against left-handed pitching","Estimated wOBA: 0.364 vs L, 0.284 vs R.","two_sided_opponent_hand_woba_gap_v1",64.5,109,"2026-09-19","2026-09-20 14:10:26 UTC"
"677649","Ezequiel Duran","Texas Rangers","R","hitter","L",158,413,0.846495371245041,0.722818075534997,0.370189873417721,0.308228155339806,0.061961718077915,0.612,"Ezequiel Duran is doing more damage against left-handed pitching","Estimated wOBA: 0.370 vs L, 0.308 vs R.","two_sided_opponent_hand_woba_gap_v1",64.4,110,"2026-09-19","2026-09-20 14:10:26 UTC"
"693304","Nick Gonzales","Pittsburgh Pirates","R","hitter","R",189,400,0.666666666666667,0.801232782369146,0.297936507936508,0.3527,0.054763492063492,0.654,"Nick Gonzales is doing more damage against right-handed pitching","Estimated wOBA: 0.298 vs L, 0.353 vs R.","two_sided_opponent_hand_woba_gap_v1",64.3,111,"2026-09-19","2026-09-20 14:10:26 UTC"
"643396","Isiah Kiner-Falefa","Boston Red Sox","R","hitter","R",48,119,0.448328267477204,0.726898887276246,0.209787234042553,0.323076923076923,0.11328968903437,0.324,"Isiah Kiner-Falefa is doing more damage against right-handed pitching","Estimated wOBA: 0.210 vs L, 0.323 vs R.","two_sided_opponent_hand_woba_gap_v1",64.3,111,"2026-09-19","2026-09-20 14:10:26 UTC"
"687263","Zach Neto","Los Angeles Angels","R","hitter","L",184,487,0.865309062336302,0.717709395327465,0.368315217391304,0.313305954825462,0.055009262565842,0.648,"Zach Neto is doing more damage against left-handed pitching","Estimated wOBA: 0.368 vs L, 0.313 vs R.","two_sided_opponent_hand_woba_gap_v1",64.1,113,"2026-09-19","2026-09-20 14:10:26 UTC"
"666139","Josh Lowe","Los Angeles Angels","L","hitter","R",54,270,0.427547169811321,0.683786336766409,0.189056603773585,0.296282527881041,0.107225924107456,0.351,"Josh Lowe is doing more damage against right-handed pitching","Estimated wOBA: 0.189 vs L, 0.296 vs R.","two_sided_opponent_hand_woba_gap_v1",64.1,113,"2026-09-19","2026-09-20 14:10:26 UTC"
"677587","Brayan Rocchio","Cleveland Guardians","R","hitter","R",187,386,0.609499614098276,0.731027857829011,0.265326086956522,0.319895833333333,0.054569746376811,0.652,"Brayan Rocchio is doing more damage against right-handed pitching","Estimated wOBA: 0.265 vs L, 0.320 vs R.","two_sided_opponent_hand_woba_gap_v1",63.9,115,"2026-09-19","2026-09-20 14:10:26 UTC"
"672515","Gabriel Moreno","Arizona Diamondbacks","R","hitter","R",145,381,0.749334781428184,0.896987647186304,0.319241379310345,0.385931758530184,0.066690379219839,0.592,"Gabriel Moreno is doing more damage against right-handed pitching","Estimated wOBA: 0.319 vs L, 0.386 vs R.","two_sided_opponent_hand_woba_gap_v1",63.9,115,"2026-09-19","2026-09-20 14:10:26 UTC"
"678545","Osleivis Basabe","San Francisco Giants","R","hitter","R",57,79,0.429287504475474,0.741510741510742,0.210350877192982,0.313076923076923,0.102726045883941,0.363,"Osleivis Basabe is doing more damage against right-handed pitching","Estimated wOBA: 0.210 vs L, 0.313 vs R.","two_sided_opponent_hand_woba_gap_v1",63.9,115,"2026-09-19","2026-09-20 14:10:26 UTC"
"701162","Ben Malgeri","Detroit Tigers","R","hitter","R",75,49,0.573968253968254,0.875559980089597,0.268533333333333,0.38,0.111466666666667,0.329,"Ben Malgeri is doing more damage against right-handed pitching","Estimated wOBA: 0.269 vs L, 0.380 vs R.","two_sided_opponent_hand_woba_gap_v1",63.8,118,"2026-09-19","2026-09-20 14:10:26 UTC"
"691783","Jordan Lawlar","Arizona Diamondbacks","R","hitter","L",54,68,0.939858490566038,0.665085388994307,0.399056603773585,0.292794117647059,0.106262486126526,0.351,"Jordan Lawlar is doing more damage against left-handed pitching","Estimated wOBA: 0.399 vs L, 0.293 vs R.","two_sided_opponent_hand_woba_gap_v1",63.8,118,"2026-09-19","2026-09-20 14:10:26 UTC"
"685133","Wade Meckler","Los Angeles Angels","L","hitter","R",47,261,0.502120890774125,0.789787798408488,0.236521739130435,0.349269230769231,0.112747491638796,0.32,"Wade Meckler is doing more damage against right-handed pitching","Estimated wOBA: 0.237 vs L, 0.349 vs R.","two_sided_opponent_hand_woba_gap_v1",63.7,120,"2026-09-19","2026-09-20 14:10:26 UTC"
"695600","Carter Jensen","Kansas City Royals","L","hitter","R",163,418,0.655022745294437,0.818055905313523,0.287239263803681,0.345659472422062,0.058420208618381,0.62,"Carter Jensen is doing more damage against right-handed pitching","Estimated wOBA: 0.287 vs L, 0.346 vs R.","two_sided_opponent_hand_woba_gap_v1",63.5,121,"2026-09-19","2026-09-20 14:10:26 UTC"
"663457","Lars Nootbaar","Arizona Diamondbacks","L","hitter","R",49,257,0.45,0.745406640958978,0.215833333333333,0.326171875,0.110338541666667,0.329,"Lars Nootbaar is doing more damage against right-handed pitching","Estimated wOBA: 0.216 vs L, 0.326 vs R.","two_sided_opponent_hand_woba_gap_v1",63.4,122,"2026-09-19","2026-09-20 14:10:26 UTC"
"680757","Steven Kwan","Cleveland Guardians","L","hitter","R",190,421,0.606415343915344,0.755915267785771,0.284338624338624,0.337937649880096,0.053599025541472,0.655,"Steven Kwan is doing more damage against right-handed pitching","Estimated wOBA: 0.284 vs L, 0.338 vs R.","two_sided_opponent_hand_woba_gap_v1",63.3,123,"2026-09-19","2026-09-20 14:10:26 UTC"
"668670","Jake Rogers","Chicago White Sox","R","hitter","L",45,127,0.772222222222222,0.486772486772487,0.337333333333333,0.22452380952381,0.112809523809523,0.31,"Jake Rogers is doing more damage against left-handed pitching","Estimated wOBA: 0.337 vs L, 0.225 vs R.","two_sided_opponent_hand_woba_gap_v1",63.3,123,"2026-09-19","2026-09-20 14:10:26 UTC"
"656716","Zach McKinstry","Detroit Tigers","L","hitter","R",86,331,0.398095238095238,0.628027717447513,0.193809523809524,0.277325227963526,0.083515704154002,0.462,"Zach McKinstry is doing more damage against right-handed pitching","Estimated wOBA: 0.194 vs L, 0.277 vs R.","two_sided_opponent_hand_woba_gap_v1",63.2,125,"2026-09-19","2026-09-20 14:10:26 UTC"
"672580","Maikel Garcia","Kansas City Royals","R","hitter","L",72,250,0.857638888888889,0.646649350649351,0.3725,0.28184,0.09066,0.419,"Maikel Garcia is doing more damage against left-handed pitching","Estimated wOBA: 0.372 vs L, 0.282 vs R.","two_sided_opponent_hand_woba_gap_v1",63.1,126,"2026-09-19","2026-09-20 14:10:26 UTC"
"695336","Thomas Saggese","St. Louis Cardinals","R","hitter","L",49,109,0.89234693877551,0.617737003058104,0.37530612244898,0.268715596330275,0.106590526118705,0.329,"Thomas Saggese is doing more damage against left-handed pitching","Estimated wOBA: 0.375 vs L, 0.269 vs R.","two_sided_opponent_hand_woba_gap_v1",63,127,"2026-09-19","2026-09-20 14:10:26 UTC"
"694384","Nolan Schanuel","Los Angeles Angels","L","hitter","R",119,327,0.614872364039956,0.780256553262688,0.273109243697479,0.342546012269939,0.06943676857246,0.543,"Nolan Schanuel is doing more damage against right-handed pitching","Estimated wOBA: 0.273 vs L, 0.343 vs R.","two_sided_opponent_hand_woba_gap_v1",62.5,128,"2026-09-19","2026-09-20 14:10:26 UTC"
"683734","Andrew Vaughn","Milwaukee Brewers","R","hitter","L",133,200,0.938294010889292,0.755804597701149,0.401590909090909,0.33415,0.067440909090909,0.571,"Andrew Vaughn is doing more damage against left-handed pitching","Estimated wOBA: 0.402 vs L, 0.334 vs R.","two_sided_opponent_hand_woba_gap_v1",62.5,128,"2026-09-19","2026-09-20 14:10:26 UTC"
"655316","Andruw Monasterio","Boston Red Sox","R","hitter","L",120,209,0.798148148148148,0.616503866503866,0.339416666666667,0.270240384615385,0.069176282051282,0.545,"Andruw Monasterio is doing more damage against left-handed pitching","Estimated wOBA: 0.339 vs L, 0.270 vs R.","two_sided_opponent_hand_woba_gap_v1",62.3,130,"2026-09-19","2026-09-20 14:10:26 UTC"
"695578","James Wood","Washington Nationals","L","hitter","R",201,388,0.821641791044776,0.941197077369633,0.3502,0.399041450777202,0.048841450777202,0.668,"James Wood is doing more damage against right-handed pitching","Estimated wOBA: 0.350 vs L, 0.399 vs R.","two_sided_opponent_hand_woba_gap_v1",62.2,131,"2026-09-19","2026-09-20 14:10:26 UTC"
"663616","Trevor Larnach","Minnesota Twins","L","hitter","R",55,381,0.571759259259259,0.811908866421283,0.255555555555556,0.351921052631579,0.096365497076023,0.355,"Trevor Larnach is doing more damage against right-handed pitching","Estimated wOBA: 0.256 vs L, 0.352 vs R.","two_sided_opponent_hand_woba_gap_v1",62.1,132,"2026-09-19","2026-09-20 14:10:26 UTC"
"700250","Ben Rice","New York Yankees","L","hitter","R",214,421,0.800525700934579,0.929623535344153,0.344158878504673,0.39083135391924,0.046672475414567,0.682,"Ben Rice is doing more damage against right-handed pitching","Estimated wOBA: 0.344 vs L, 0.391 vs R.","two_sided_opponent_hand_woba_gap_v1",62,133,"2026-09-19","2026-09-20 14:10:26 UTC"
"680700","Richie Palacios","Tampa Bay Rays","L","hitter","R",58,323,0.508620689655172,0.743401149386506,0.232586206896552,0.326635514018692,0.09404930712214,0.367,"Richie Palacios is doing more damage against right-handed pitching","Estimated wOBA: 0.233 vs L, 0.327 vs R.","two_sided_opponent_hand_woba_gap_v1",61.8,134,"2026-09-19","2026-09-20 14:10:26 UTC"
"681624","Andy Pages","Los Angeles Dodgers","R","hitter","L",163,390,0.899566690977734,0.753403065301082,0.379567901234568,0.325128205128205,0.054439696106363,0.62,"Andy Pages is doing more damage against left-handed pitching","Estimated wOBA: 0.380 vs L, 0.325 vs R.","two_sided_opponent_hand_woba_gap_v1",61.6,135,"2026-09-19","2026-09-20 14:10:26 UTC"
"663698","Joey Bart","Chicago White Sox","R","hitter","R",66,62,0.535885167464115,0.793255131964809,0.25030303030303,0.341129032258065,0.090826001955035,0.383,"Joey Bart is doing more damage against right-handed pitching","Estimated wOBA: 0.250 vs L, 0.341 vs R.","two_sided_opponent_hand_woba_gap_v1",61.6,135,"2026-09-19","2026-09-20 14:10:26 UTC"
"691023","Jordan Walker","St. Louis Cardinals","R","hitter","L",170,470,0.903137254901961,0.778241452522147,0.383905325443787,0.332292993630573,0.051612331813214,0.63,"Jordan Walker is doing more damage against left-handed pitching","Estimated wOBA: 0.384 vs L, 0.332 vs R.","two_sided_opponent_hand_woba_gap_v1",61.1,137,"2026-09-19","2026-09-20 14:10:26 UTC"
"543510","James McCann","Arizona Diamondbacks","R","hitter","R",57,95,0.581264481959616,0.83943457774556,0.261754385964912,0.354301075268817,0.092546689303905,0.363,"James McCann is doing more damage against right-handed pitching","Estimated wOBA: 0.262 vs L, 0.354 vs R.","two_sided_opponent_hand_woba_gap_v1",61.1,137,"2026-09-19","2026-09-20 14:10:26 UTC"
"802415","Chandler Simpson","Tampa Bay Rays","L","hitter","R",199,398,0.630580972329401,0.727149544222715,0.272279792746114,0.31873417721519,0.046454384469076,0.666,"Chandler Simpson is doing more damage against right-handed pitching","Estimated wOBA: 0.272 vs L, 0.319 vs R.","two_sided_opponent_hand_woba_gap_v1",61,139,"2026-09-19","2026-09-20 14:10:26 UTC"
"621438","Tyrone Taylor","Chicago Cubs","R","hitter","L",112,123,0.906757233592096,0.734471349075049,0.381926605504587,0.314262295081967,0.06766431042262,0.528,"Tyrone Taylor is doing more damage against left-handed pitching","Estimated wOBA: 0.382 vs L, 0.314 vs R.","two_sided_opponent_hand_woba_gap_v1",60.8,140,"2026-09-19","2026-09-20 14:10:26 UTC"
"691016","Tyler Soderstrom","Athletics","L","hitter","R",145,306,0.711952294529427,0.84811348781937,0.304551724137931,0.361967213114754,0.057415488976823,0.592,"Tyler Soderstrom is doing more damage against right-handed pitching","Estimated wOBA: 0.305 vs L, 0.362 vs R.","two_sided_opponent_hand_woba_gap_v1",60.7,141,"2026-09-19","2026-09-20 14:10:26 UTC"
"521692","Salvador Perez","Kansas City Royals","R","hitter","L",169,434,0.737554112554113,0.600907781309309,0.310606060606061,0.259445727482679,0.051160333123382,0.628,"Salvador Perez is doing more damage against left-handed pitching","Estimated wOBA: 0.311 vs L, 0.259 vs R.","two_sided_opponent_hand_woba_gap_v1",60.6,142,"2026-09-19","2026-09-20 14:10:26 UTC"
"668709","JJ Bleday","Cincinnati Reds","L","hitter","R",146,374,0.628756504194542,0.77004127835227,0.278424657534247,0.334316353887399,0.055891696353152,0.593,"JJ Bleday is doing more damage against right-handed pitching","Estimated wOBA: 0.278 vs L, 0.334 vs R.","two_sided_opponent_hand_woba_gap_v1",60.5,143,"2026-09-19","2026-09-20 14:10:26 UTC"
"691788","Joe Mack","Miami Marlins","L","hitter","R",64,257,0.487878787878788,0.704880025940337,0.2175,0.302334630350195,0.084834630350195,0.39,"Joe Mack is doing more damage against right-handed pitching","Estimated wOBA: 0.217 vs L, 0.302 vs R.","two_sided_opponent_hand_woba_gap_v1",60.4,144,"2026-09-19","2026-09-20 14:10:26 UTC"
"664983","Jake McCarthy","Colorado Rockies","L","hitter","L",168,399,0.909713041449568,0.792715483047632,0.386766467065868,0.33620253164557,0.050563935420298,0.627,"Jake McCarthy is doing more damage against left-handed pitching","Estimated wOBA: 0.387 vs L, 0.336 vs R.","two_sided_opponent_hand_woba_gap_v1",60.3,145,"2026-09-19","2026-09-20 14:10:26 UTC"
"668227","Randy Arozarena","Seattle Mariners","R","hitter","L",185,455,0.961423535336579,0.81358795446199,0.403459459459459,0.356395604395604,0.047063855063855,0.649,"Randy Arozarena is doing more damage against left-handed pitching","Estimated wOBA: 0.403 vs L, 0.356 vs R.","two_sided_opponent_hand_woba_gap_v1",60.1,146,"2026-09-19","2026-09-20 14:10:26 UTC"
"666211","Taylor Trammell","Houston Astros","L","hitter","R",40,232,0.407239819004525,0.686836870026525,0.197692307692308,0.299741379310345,0.102049071618037,0.286,"Taylor Trammell is doing more damage against right-handed pitching","Estimated wOBA: 0.198 vs L, 0.300 vs R.","two_sided_opponent_hand_woba_gap_v1",59.7,147,"2026-09-19","2026-09-20 14:10:26 UTC"
"678246","Miguel Vargas","Chicago White Sox","R","hitter","L",196,475,0.92549944942583,0.802053281351527,0.389123711340206,0.346021052631579,0.043102658708627,0.662,"Miguel Vargas is doing more damage against left-handed pitching","Estimated wOBA: 0.389 vs L, 0.346 vs R.","two_sided_opponent_hand_woba_gap_v1",59.2,148,"2026-09-19","2026-09-20 14:10:26 UTC"
"695506","Jac Caglianone","Kansas City Royals","L","hitter","R",160,365,0.731944444444444,0.8509392174555,0.3130625,0.362739726027397,0.049677226027397,0.615,"Jac Caglianone is doing more damage against right-handed pitching","Estimated wOBA: 0.313 vs L, 0.363 vs R.","two_sided_opponent_hand_woba_gap_v1",59.2,148,"2026-09-19","2026-09-20 14:10:26 UTC"
"694192","Jackson Chourio","Milwaukee Brewers","R","hitter","L",160,387,0.91296768707483,0.780637575124118,0.384240506329114,0.334961240310078,0.049279266019036,0.615,"Jackson Chourio is doing more damage against left-handed pitching","Estimated wOBA: 0.384 vs L, 0.335 vs R.","two_sided_opponent_hand_woba_gap_v1",59,150,"2026-09-19","2026-09-20 14:10:26 UTC"
"641933","Tyler O'Neill","Baltimore Orioles","R","hitter","L",123,137,0.774825783972125,0.583880267435441,0.32869918699187,0.26963503649635,0.05906415049552,0.552,"Tyler O'Neill is doing more damage against left-handed pitching","Estimated wOBA: 0.329 vs L, 0.270 vs R.","two_sided_opponent_hand_woba_gap_v1",59,150,"2026-09-19","2026-09-20 14:10:26 UTC"
"543309","Kyle Higashioka","Texas Rangers","R","hitter","L",54,132,0.841213553979511,0.609912686183873,0.361666666666667,0.273106060606061,0.088560606060606,0.351,"Kyle Higashioka is doing more damage against left-handed pitching","Estimated wOBA: 0.362 vs L, 0.273 vs R.","two_sided_opponent_hand_woba_gap_v1",58.9,152,"2026-09-19","2026-09-20 14:10:26 UTC"
"669016","Brandon Marsh","Philadelphia Phillies","L","hitter","R",127,418,0.598506069094304,0.73831320547675,0.258333333333333,0.315879518072289,0.057546184738956,0.559,"Brandon Marsh is doing more damage against right-handed pitching","Estimated wOBA: 0.258 vs L, 0.316 vs R.","two_sided_opponent_hand_woba_gap_v1",58.3,153,"2026-09-19","2026-09-20 14:10:26 UTC"
"687401","Joey Ortiz","Milwaukee Brewers","R","hitter","R",149,250,0.654875283446712,0.785688220697708,0.286938775510204,0.337459677419355,0.050520901909151,0.598,"Joey Ortiz is doing more damage against right-handed pitching","Estimated wOBA: 0.287 vs L, 0.337 vs R.","two_sided_opponent_hand_woba_gap_v1",58.1,154,"2026-09-19","2026-09-20 14:10:26 UTC"
"645305","Ali Sánchez","New York Yankees","R","hitter","L",41,40,0.71025641025641,0.466216216216216,0.30625,0.21125,0.095,0.286,"Ali Sánchez is doing more damage against left-handed pitching","Estimated wOBA: 0.306 vs L, 0.211 vs R.","two_sided_opponent_hand_woba_gap_v1",58.1,154,"2026-09-19","2026-09-20 14:10:26 UTC"
"673962","Josh Jung","Texas Rangers","R","hitter","L",109,318,0.915403186866248,0.784067085953878,0.399174311926606,0.337798742138365,0.061375569788241,0.522,"Josh Jung is doing more damage against left-handed pitching","Estimated wOBA: 0.399 vs L, 0.338 vs R.","two_sided_opponent_hand_woba_gap_v1",58,156,"2026-09-19","2026-09-20 14:10:26 UTC"
"678011","Anthony Seigler","Boston Red Sox","R","hitter","R",42,133,0.549457994579946,0.770898641588297,0.241219512195122,0.334848484848485,0.093628972653363,0.296,"Anthony Seigler is doing more damage against right-handed pitching","Estimated wOBA: 0.241 vs L, 0.335 vs R.","two_sided_opponent_hand_woba_gap_v1",57.9,157,"2026-09-19","2026-09-20 14:10:26 UTC"
"669065","Kyle Stowers","Miami Marlins","L","hitter","R",109,384,0.645228411992812,0.802006890478471,0.281834862385321,0.342931937172775,0.061097074787454,0.522,"Kyle Stowers is doing more damage against right-handed pitching","Estimated wOBA: 0.282 vs L, 0.343 vs R.","two_sided_opponent_hand_woba_gap_v1",57.8,158,"2026-09-19","2026-09-20 14:10:26 UTC"
"803011","Sam Antonacci","Chicago White Sox","L","hitter","R",108,424,0.597318163348232,0.780229456400694,0.282336448598131,0.342962085308057,0.060625636709926,0.519,"Sam Antonacci is doing more damage against right-handed pitching","Estimated wOBA: 0.282 vs L, 0.343 vs R.","two_sided_opponent_hand_woba_gap_v1",57.6,159,"2026-09-19","2026-09-20 14:10:26 UTC"
"643217","Andrew Benintendi","Chicago White Sox","L","hitter","R",47,404,0.510869565217391,0.746219127407246,0.229130434782609,0.317990074441687,0.088859639659078,0.32,"Andrew Benintendi is doing more damage against right-handed pitching","Estimated wOBA: 0.229 vs L, 0.318 vs R.","two_sided_opponent_hand_woba_gap_v1",57.6,159,"2026-09-19","2026-09-20 14:10:26 UTC"
"672724","Oswald Peraza","Los Angeles Angels","R","hitter","L",135,229,0.71039961482908,0.559469359879136,0.305746268656716,0.251310043668122,0.054436224988594,0.574,"Oswald Peraza is doing more damage against left-handed pitching","Estimated wOBA: 0.306 vs L, 0.251 vs R.","two_sided_opponent_hand_woba_gap_v1",57.6,159,"2026-09-19","2026-09-20 14:10:26 UTC"
"650859","Luis Rengifo","San Diego Padres","R","hitter","R",134,220,0.554621848739496,0.676831297238199,0.249090909090909,0.302798165137615,0.053707256046706,0.573,"Luis Rengifo is doing more damage against right-handed pitching","Estimated wOBA: 0.249 vs L, 0.303 vs R.","two_sided_opponent_hand_woba_gap_v1",57.1,162,"2026-09-19","2026-09-20 14:10:26 UTC"
"670032","Nicky Lopez","Texas Rangers","L","hitter","R",59,198,0.485314685314685,0.663007518796992,0.217636363636364,0.295526315789474,0.07788995215311,0.371,"Nicky Lopez is doing more damage against right-handed pitching","Estimated wOBA: 0.218 vs L, 0.296 vs R.","two_sided_opponent_hand_woba_gap_v1",57.1,162,"2026-09-19","2026-09-20 14:10:26 UTC"
"667670","Brent Rooker","Athletics","R","hitter","R",47,154,0.508220502901354,0.720923520923521,0.223191489361702,0.310324675324675,0.087133185962973,0.32,"Brent Rooker is doing more damage against right-handed pitching","Estimated wOBA: 0.223 vs L, 0.310 vs R.","two_sided_opponent_hand_woba_gap_v1",57.1,162,"2026-09-19","2026-09-20 14:10:26 UTC"
"807713","Matt Shaw","Chicago Cubs","R","hitter","L",91,94,0.834199134199134,0.676194310252281,0.358666666666667,0.293478260869565,0.065188405797102,0.476,"Matt Shaw is doing more damage against left-handed pitching","Estimated wOBA: 0.359 vs L, 0.293 vs R.","two_sided_opponent_hand_woba_gap_v1",56.8,165,"2026-09-19","2026-09-20 14:10:26 UTC"
"676724","Jared Young","New York Mets","L","hitter","R",63,280,0.596059113300493,0.793468981217985,0.265238095238095,0.340535714285714,0.075297619047619,0.387,"Jared Young is doing more damage against right-handed pitching","Estimated wOBA: 0.265 vs L, 0.341 vs R.","two_sided_opponent_hand_woba_gap_v1",56.7,166,"2026-09-19","2026-09-20 14:10:26 UTC"
"670764","Taylor Walls","Tampa Bay Rays","R","hitter","R",147,271,0.528285714285714,0.631415495259889,0.238642857142857,0.286654135338346,0.048011278195489,0.595,"Taylor Walls is doing more damage against right-handed pitching","Estimated wOBA: 0.239 vs L, 0.287 vs R.","two_sided_opponent_hand_woba_gap_v1",56.6,167,"2026-09-19","2026-09-20 14:10:26 UTC"
"669257","Will Smith","Los Angeles Dodgers","R","hitter","R",78,181,0.60176282051282,0.818559313087237,0.281923076923077,0.350110497237569,0.068187420314492,0.438,"Will Smith is doing more damage against right-handed pitching","Estimated wOBA: 0.282 vs L, 0.350 vs R.","two_sided_opponent_hand_woba_gap_v1",56.5,168,"2026-09-19","2026-09-20 14:10:26 UTC"
"514888","Jose Altuve","Houston Astros","R","hitter","L",129,413,0.776621787025704,0.674859210559845,0.342248062015504,0.290097323600973,0.052150738414531,0.563,"Jose Altuve is doing more damage against left-handed pitching","Estimated wOBA: 0.342 vs L, 0.290 vs R.","two_sided_opponent_hand_woba_gap_v1",56.1,169,"2026-09-19","2026-09-20 14:10:26 UTC"
"683146","Brett Baty","New York Mets","L","hitter","R",85,371,0.5120826709062,0.707452907452907,0.241176470588235,0.307,0.065823529411765,0.459,"Brett Baty is doing more damage against right-handed pitching","Estimated wOBA: 0.241 vs L, 0.307 vs R.","two_sided_opponent_hand_woba_gap_v1",56.1,169,"2026-09-19","2026-09-20 14:10:26 UTC"
"682177","Daniel Schneemann","Cleveland Guardians","L","hitter","L",64,218,0.720982142857143,0.553910436915251,0.3171875,0.24605504587156,0.07113245412844,0.39,"Daniel Schneemann is doing more damage against left-handed pitching","Estimated wOBA: 0.317 vs L, 0.246 vs R.","two_sided_opponent_hand_woba_gap_v1",56,171,"2026-09-19","2026-09-20 14:10:26 UTC"
"691176","Jasson Domínguez","New York Yankees","R","hitter","L",86,138,0.72563543936093,0.569899665551839,0.312588235294118,0.24804347826087,0.064544757033248,0.462,"Jasson Domínguez is doing more damage against left-handed pitching","Estimated wOBA: 0.313 vs L, 0.248 vs R.","two_sided_opponent_hand_woba_gap_v1",56,171,"2026-09-19","2026-09-20 14:10:26 UTC"
"682626","Francisco Alvarez","New York Mets","R","hitter","R",107,291,0.587591966593756,0.749494277348949,0.267196261682243,0.323529411764706,0.056333150082463,0.517,"Francisco Alvarez is doing more damage against right-handed pitching","Estimated wOBA: 0.267 vs L, 0.324 vs R.","two_sided_opponent_hand_woba_gap_v1",55.8,173,"2026-09-19","2026-09-20 14:10:26 UTC"
"657656","Ramón Laureano","San Diego Padres","R","hitter","R",55,151,0.516363636363636,0.713726670680313,0.230909090909091,0.308145695364238,0.077236604455147,0.355,"Ramón Laureano is doing more damage against right-handed pitching","Estimated wOBA: 0.231 vs L, 0.308 vs R.","two_sided_opponent_hand_woba_gap_v1",55.8,173,"2026-09-19","2026-09-20 14:10:26 UTC"
"687221","Dalton Rushing","Los Angeles Dodgers","L","hitter","R",66,184,0.658962506420134,0.848564143853999,0.291818181818182,0.361358695652174,0.069540513833992,0.398,"Dalton Rushing is doing more damage against right-handed pitching","Estimated wOBA: 0.292 vs L, 0.361 vs R.","two_sided_opponent_hand_woba_gap_v1",55.7,175,"2026-09-19","2026-09-20 14:10:26 UTC"
"656941","Kyle Schwarber","Philadelphia Phillies","L","hitter","L",247,417,0.904838646279627,0.828768522553933,0.386315789473684,0.350240384615385,0.036075404858299,0.712,"Kyle Schwarber is doing more damage against left-handed pitching","Estimated wOBA: 0.386 vs L, 0.350 vs R.","two_sided_opponent_hand_woba_gap_v1",55.6,176,"2026-09-19","2026-09-20 14:10:26 UTC"
"672761","Wenceel Pérez","Detroit Tigers","R","hitter","L",54,121,0.74002849002849,0.524073091212374,0.311481481481481,0.234628099173554,0.076853382307927,0.351,"Wenceel Pérez is doing more damage against left-handed pitching","Estimated wOBA: 0.311 vs L, 0.235 vs R.","two_sided_opponent_hand_woba_gap_v1",55.4,177,"2026-09-19","2026-09-20 14:10:26 UTC"
"806198","Cooper Pratt","Milwaukee Brewers","R","hitter","R",68,177,0.591450216450216,0.753246753246753,0.261060606060606,0.329715909090909,0.068655303030303,0.405,"Cooper Pratt is doing more damage against right-handed pitching","Estimated wOBA: 0.261 vs L, 0.330 vs R.","two_sided_opponent_hand_woba_gap_v1",55.2,178,"2026-09-19","2026-09-20 14:10:26 UTC"
"643289","Mauricio Dubón","Atlanta Braves","R","hitter","R",204,391,0.659398496240601,0.73782932416953,0.284827586206897,0.321417525773196,0.036589939566299,0.671,"Mauricio Dubón is doing more damage against right-handed pitching","Estimated wOBA: 0.285 vs L, 0.321 vs R.","two_sided_opponent_hand_woba_gap_v1",55.1,179,"2026-09-19","2026-09-20 14:10:26 UTC"
"804606","Konnor Griffin","Pittsburgh Pirates","R","hitter","L",82,228,0.832520325203252,0.665869218500797,0.355975609756098,0.292719298245614,0.063256311510484,0.451,"Konnor Griffin is doing more damage against left-handed pitching","Estimated wOBA: 0.356 vs L, 0.293 vs R.","two_sided_opponent_hand_woba_gap_v1",54.9,180,"2026-09-19","2026-09-20 14:10:26 UTC"
"667472","Dane Myers","Cincinnati Reds","R","hitter","L",140,184,0.791569086651054,0.659937888198758,0.3445,0.298260869565217,0.0462391304347829,0.583,"Dane Myers is doing more damage against left-handed pitching","Estimated wOBA: 0.344 vs L, 0.298 vs R.","two_sided_opponent_hand_woba_gap_v1",54.5,181,"2026-09-19","2026-09-20 14:10:26 UTC"
"671056","Iván Herrera","St. Louis Cardinals","R","hitter","L",206,477,0.780108645399908,0.712222069197692,0.351650485436893,0.315995807127883,0.03565467830901,0.673,"Iván Herrera is doing more damage against left-handed pitching","Estimated wOBA: 0.352 vs L, 0.316 vs R.","two_sided_opponent_hand_woba_gap_v1",54.1,182,"2026-09-19","2026-09-20 14:10:26 UTC"
"665019","Kody Clemens","Minnesota Twins","L","hitter","R",155,402,0.675411948817086,0.788009372173961,0.291372549019608,0.332817955112219,0.041445406092611,0.608,"Kody Clemens is doing more damage against right-handed pitching","Estimated wOBA: 0.291 vs L, 0.333 vs R.","two_sided_opponent_hand_woba_gap_v1",54.1,182,"2026-09-19","2026-09-20 14:10:26 UTC"
"672960","Kazuma Okamoto","Toronto Blue Jays","R","hitter","L",163,446,0.848529722868627,0.747432735426009,0.360122699386503,0.32067264573991,0.039450053646593,0.62,"Kazuma Okamoto is doing more damage against left-handed pitching","Estimated wOBA: 0.360 vs L, 0.321 vs R.","two_sided_opponent_hand_woba_gap_v1",54,184,"2026-09-19","2026-09-20 14:10:26 UTC"
"683083","Nasim Nuñez","Washington Nationals","R","hitter","L",141,336,0.601298701298701,0.510547132498352,0.279357142857143,0.235182926829268,0.044174216027875,0.585,"Nasim Nuñez is doing more damage against left-handed pitching","Estimated wOBA: 0.279 vs L, 0.235 vs R.","two_sided_opponent_hand_woba_gap_v1",53.9,185,"2026-09-19","2026-09-20 14:10:26 UTC"
"671976","Tristan Peters","Chicago White Sox","L","hitter","R",64,408,0.611042183622829,0.821405081810982,0.284516129032258,0.351847290640394,0.067331161608136,0.39,"Tristan Peters is doing more damage against right-handed pitching","Estimated wOBA: 0.285 vs L, 0.352 vs R.","two_sided_opponent_hand_woba_gap_v1",53.6,186,"2026-09-19","2026-09-20 14:10:26 UTC"
"543807","George Springer","Toronto Blue Jays","R","hitter","R",153,348,0.667251461988304,0.75937215396911,0.289539473684211,0.330895953757225,0.041356480073014,0.605,"George Springer is doing more damage against right-handed pitching","Estimated wOBA: 0.290 vs L, 0.331 vs R.","two_sided_opponent_hand_woba_gap_v1",53.6,186,"2026-09-19","2026-09-20 14:10:26 UTC"
"694374","Tim Tawa","Arizona Diamondbacks","R","hitter","R",86,236,0.568067226890756,0.728571428571429,0.254,0.312173913043478,0.058173913043478,0.462,"Tim Tawa is doing more damage against right-handed pitching","Estimated wOBA: 0.254 vs L, 0.312 vs R.","two_sided_opponent_hand_woba_gap_v1",53.5,188,"2026-09-19","2026-09-20 14:10:26 UTC"
"691026","Masyn Winn","St. Louis Cardinals","R","hitter","L",136,382,0.72156862745098,0.596364422616565,0.314485294117647,0.268507853403141,0.045977440714506,0.576,"Masyn Winn is doing more damage against left-handed pitching","Estimated wOBA: 0.314 vs L, 0.269 vs R.","two_sided_opponent_hand_woba_gap_v1",53.4,189,"2026-09-19","2026-09-20 14:10:26 UTC"
"701350","Roman Anthony","Boston Red Sox","L","hitter","R",68,152,0.595704948646125,0.75953692370461,0.266764705882353,0.331192052980132,0.064427347097779,0.405,"Roman Anthony is doing more damage against right-handed pitching","Estimated wOBA: 0.267 vs L, 0.331 vs R.","two_sided_opponent_hand_woba_gap_v1",53.2,190,"2026-09-19","2026-09-20 14:10:26 UTC"
"608324","Alex Bregman","Chicago Cubs","R","hitter","L",171,519,0.859897971880055,0.777777777777778,0.37327485380117,0.335317919075145,0.037956934726025,0.631,"Alex Bregman is doing more damage against left-handed pitching","Estimated wOBA: 0.373 vs L, 0.335 vs R.","two_sided_opponent_hand_woba_gap_v1",53,191,"2026-09-19","2026-09-20 14:10:26 UTC"
"666182","Bo Bichette","New York Mets","R","hitter","L",178,486,0.769592696629213,0.673251028806584,0.33,0.293477366255144,0.036522633744856,0.64,"Bo Bichette is doing more damage against left-handed pitching","Estimated wOBA: 0.330 vs L, 0.293 vs R.","two_sided_opponent_hand_woba_gap_v1",52.9,192,"2026-09-19","2026-09-20 14:10:26 UTC"
"623168","Tyler Heineman","Los Angeles Angels","R","hitter","R",51,143,0.333333333333333,0.477037037037037,0.146666666666667,0.217037037037037,0.07037037037037,0.338,"Tyler Heineman is doing more damage against right-handed pitching","Estimated wOBA: 0.147 vs L, 0.217 vs R.","two_sided_opponent_hand_woba_gap_v1",52.9,192,"2026-09-19","2026-09-20 14:10:26 UTC"
"695681","Christian Moore","Los Angeles Angels","R","hitter","L",44,75,0.577505827505828,0.412018779342723,0.259090909090909,0.183466666666667,0.075624242424242,0.306,"Christian Moore is doing more damage against left-handed pitching","Estimated wOBA: 0.259 vs L, 0.183 vs R.","two_sided_opponent_hand_woba_gap_v1",52.6,194,"2026-09-19","2026-09-20 14:10:26 UTC"
"607208","Trea Turner","Philadelphia Phillies","R","hitter","R",224,443,0.604107142857143,0.710321194484484,0.272723214285714,0.304627539503386,0.031904325217672,0.691,"Trea Turner is doing more damage against right-handed pitching","Estimated wOBA: 0.273 vs L, 0.305 vs R.","two_sided_opponent_hand_woba_gap_v1",52.5,195,"2026-09-19","2026-09-20 14:10:26 UTC"
"691594","Javier Sanoja","Miami Marlins","R","hitter","L",144,318,0.839460784313726,0.743551058734161,0.359375,0.318958990536278,0.040416009463722,0.59,"Javier Sanoja is doing more damage against left-handed pitching","Estimated wOBA: 0.359 vs L, 0.319 vs R.","two_sided_opponent_hand_woba_gap_v1",52.3,196,"2026-09-19","2026-09-20 14:10:26 UTC"
"802139","JJ Wetherholt","St. Louis Cardinals","L","hitter","R",211,382,0.664147559882157,0.730302837409889,0.294739336492891,0.326675392670157,0.031936056177266,0.678,"JJ Wetherholt is doing more damage against right-handed pitching","Estimated wOBA: 0.295 vs L, 0.327 vs R.","two_sided_opponent_hand_woba_gap_v1",52.2,197,"2026-09-19","2026-09-20 14:10:26 UTC"
"665862","Jazz Chisholm Jr.","New York Yankees","L","hitter","R",157,363,0.653722820118603,0.731699335147611,0.279426751592357,0.318099173553719,0.0386724219613619,0.611,"Jazz Chisholm Jr. is doing more damage against right-handed pitching","Estimated wOBA: 0.279 vs L, 0.318 vs R.","two_sided_opponent_hand_woba_gap_v1",52.2,197,"2026-09-19","2026-09-20 14:10:26 UTC"
"671289","Tyler Freeman","Colorado Rockies","R","hitter","R",102,188,0.562063574778531,0.661646994980328,0.250792079207921,0.300714285714286,0.049922206506365,0.505,"Tyler Freeman is doing more damage against right-handed pitching","Estimated wOBA: 0.251 vs L, 0.301 vs R.","two_sided_opponent_hand_woba_gap_v1",52.1,199,"2026-09-19","2026-09-20 14:10:26 UTC"
"686555","Isaac Collins","Kansas City Royals","R","hitter","R",153,353,0.590738361174261,0.674768518518519,0.265099337748344,0.304232954545455,0.039133616797111,0.605,"Isaac Collins is doing more damage against right-handed pitching","Estimated wOBA: 0.265 vs L, 0.304 vs R.","two_sided_opponent_hand_woba_gap_v1",52,200,"2026-09-19","2026-09-20 14:10:26 UTC"
"694671","Wyatt Langford","Texas Rangers","R","hitter","R",148,293,0.704169285564634,0.811635967649832,0.310945945945946,0.349965870307167,0.039019924361221,0.597,"Wyatt Langford is doing more damage against right-handed pitching","Estimated wOBA: 0.311 vs L, 0.350 vs R.","two_sided_opponent_hand_woba_gap_v1",51.3,201,"2026-09-19","2026-09-20 14:10:26 UTC"
"686668","Brenton Doyle","Chicago White Sox","R","hitter","L",91,115,0.66984126984127,0.536098923015556,0.290222222222222,0.238869565217391,0.051352657004831,0.476,"Brenton Doyle is doing more damage against left-handed pitching","Estimated wOBA: 0.290 vs L, 0.239 vs R.","two_sided_opponent_hand_woba_gap_v1",51.3,201,"2026-09-19","2026-09-20 14:10:26 UTC"
"596019","Francisco Lindor","New York Mets","R","hitter","R",130,305,0.666220735785953,0.777193828351012,0.292307692307692,0.334393442622951,0.042085750315259,0.565,"Francisco Lindor is doing more damage against right-handed pitching","Estimated wOBA: 0.292 vs L, 0.334 vs R.","two_sided_opponent_hand_woba_gap_v1",51.2,203,"2026-09-19","2026-09-20 14:10:26 UTC"
"666624","Christopher Morel","New York Mets","R","hitter","R",41,61,0.395121951219512,0.553204172876304,0.175853658536585,0.248852459016393,0.072998800479808,0.291,"Christopher Morel is doing more damage against right-handed pitching","Estimated wOBA: 0.176 vs L, 0.249 vs R.","two_sided_opponent_hand_woba_gap_v1",51.2,203,"2026-09-19","2026-09-20 14:10:26 UTC"
"663604","Brandon Lockridge","Milwaukee Brewers","R","hitter","R",46,66,0.548250265111347,0.7251629726206,0.255,0.324,0.069,0.315,"Brandon Lockridge is doing more damage against right-handed pitching","Estimated wOBA: 0.255 vs L, 0.324 vs R.","two_sided_opponent_hand_woba_gap_v1",50.6,205,"2026-09-19","2026-09-20 14:10:26 UTC"
"687363","Victor Scott II","St. Louis Cardinals","L","hitter","L",62,130,0.632357473035439,0.464995483288166,0.278474576271186,0.219756097560976,0.05871847871021,0.383,"Victor Scott II is doing more damage against left-handed pitching","Estimated wOBA: 0.278 vs L, 0.220 vs R.","two_sided_opponent_hand_woba_gap_v1",50.4,206,"2026-09-19","2026-09-20 14:10:26 UTC"
"703607","Henry Bolte","Athletics","R","hitter","L",142,300,0.83080040526849,0.715551839464883,0.359219858156028,0.320635451505017,0.038584406651011,0.587,"Henry Bolte is doing more damage against left-handed pitching","Estimated wOBA: 0.359 vs L, 0.321 vs R.","two_sided_opponent_hand_woba_gap_v1",50.2,207,"2026-09-19","2026-09-20 14:10:26 UTC"
"665923","Esteury Ruiz","Miami Marlins","R","hitter","L",112,125,0.789074500768049,0.66120218579235,0.342678571428571,0.3,0.042678571428571,0.528,"Esteury Ruiz is doing more damage against left-handed pitching","Estimated wOBA: 0.343 vs L, 0.300 vs R.","two_sided_opponent_hand_woba_gap_v1",49.6,208,"2026-09-19","2026-09-20 14:10:26 UTC"
"678218","Brandon Valenzuela","Toronto Blue Jays","R","hitter","R",74,187,0.555984555984556,0.698732718894009,0.252837837837838,0.306021505376344,0.053183667538506,0.425,"Brandon Valenzuela is doing more damage against right-handed pitching","Estimated wOBA: 0.253 vs L, 0.306 vs R.","two_sided_opponent_hand_woba_gap_v1",49.3,209,"2026-09-19","2026-09-20 14:10:26 UTC"
"677592","Everson Pereira","St. Louis Cardinals","R","hitter","L",44,67,0.831552482715273,0.694886224614632,0.363255813953488,0.295671641791045,0.067584172162443,0.306,"Everson Pereira is doing more damage against left-handed pitching","Estimated wOBA: 0.363 vs L, 0.296 vs R.","two_sided_opponent_hand_woba_gap_v1",49.3,209,"2026-09-19","2026-09-20 14:10:26 UTC"
"681351","Logan O'Hoppe","Texas Rangers","R","hitter","L",87,188,0.655172413793103,0.537886605998061,0.288850574712644,0.240213903743316,0.048636670969328,0.465,"Logan O'Hoppe is doing more damage against left-handed pitching","Estimated wOBA: 0.289 vs L, 0.240 vs R.","two_sided_opponent_hand_woba_gap_v1",49.2,211,"2026-09-19","2026-09-20 14:10:26 UTC"
"575929","Willson Contreras","Boston Red Sox","R","hitter","L",142,391,0.972553268327916,0.872848400340847,0.412535211267606,0.375333333333333,0.037201877934273,0.587,"Willson Contreras is doing more damage against left-handed pitching","Estimated wOBA: 0.413 vs L, 0.375 vs R.","two_sided_opponent_hand_woba_gap_v1",49.1,212,"2026-09-19","2026-09-20 14:10:26 UTC"
"621439","Byron Buxton","Minnesota Twins","R","hitter","R",114,293,0.73483709273183,0.859105956016321,0.31859649122807,0.359897610921502,0.041301119693432,0.533,"Byron Buxton is doing more damage against right-handed pitching","Estimated wOBA: 0.319 vs L, 0.360 vs R.","two_sided_opponent_hand_woba_gap_v1",48.8,213,"2026-09-19","2026-09-20 14:10:26 UTC"
"595978","Austin Hedges","Cleveland Guardians","R","hitter","L",119,118,0.737826086956522,0.648462021343377,0.324521739130435,0.284661016949153,0.039860722181282,0.541,"Austin Hedges is doing more damage against left-handed pitching","Estimated wOBA: 0.325 vs L, 0.285 vs R.","two_sided_opponent_hand_woba_gap_v1",48.6,214,"2026-09-19","2026-09-20 14:10:26 UTC"
"656305","Matt Chapman","San Francisco Giants","R","hitter","L",94,257,0.761702127659575,0.664221189941549,0.337021276595745,0.292568093385214,0.044453183210531,0.485,"Matt Chapman is doing more damage against left-handed pitching","Estimated wOBA: 0.337 vs L, 0.293 vs R.","two_sided_opponent_hand_woba_gap_v1",48.3,215,"2026-09-19","2026-09-20 14:10:26 UTC"
"571448","Nolan Arenado","Arizona Diamondbacks","R","hitter","L",151,416,0.849644346333088,0.743948299938298,0.356733333333333,0.322192771084337,0.034540562248996,0.602,"Nolan Arenado is doing more damage against left-handed pitching","Estimated wOBA: 0.357 vs L, 0.322 vs R.","two_sided_opponent_hand_woba_gap_v1",48.2,216,"2026-09-19","2026-09-20 14:10:26 UTC"
"650489","Willi Castro","Colorado Rockies","R","hitter","R",168,314,0.695976491862568,0.764121995443768,0.301130952380952,0.332898089171974,0.031767136791022,0.627,"Willi Castro is doing more damage against right-handed pitching","Estimated wOBA: 0.301 vs L, 0.333 vs R.","two_sided_opponent_hand_woba_gap_v1",48.2,216,"2026-09-19","2026-09-20 14:10:26 UTC"
"668723","Ryan Vilade","Tampa Bay Rays","R","hitter","L",159,95,0.822843822843823,0.698754540736897,0.348679245283019,0.30531914893617,0.043360096346849,0.487,"Ryan Vilade is doing more damage against left-handed pitching","Estimated wOBA: 0.349 vs L, 0.305 vs R.","two_sided_opponent_hand_woba_gap_v1",48.2,216,"2026-09-19","2026-09-20 14:10:26 UTC"
"681715","Heriberto Hernández","Miami Marlins","R","hitter","L",154,320,0.832887700534759,0.729660087719298,0.351233766233766,0.31784375,0.033390016233766,0.606,"Heriberto Hernández is doing more damage against left-handed pitching","Estimated wOBA: 0.351 vs L, 0.318 vs R.","two_sided_opponent_hand_woba_gap_v1",48,219,"2026-09-19","2026-09-20 14:10:26 UTC"
"694249","Cole Carrigg","Colorado Rockies","R","hitter","R",140,203,0.755116716450935,0.820588893864756,0.317028985507246,0.353152709359606,0.03612372385236,0.583,"Cole Carrigg is doing more damage against right-handed pitching","Estimated wOBA: 0.317 vs L, 0.353 vs R.","two_sided_opponent_hand_woba_gap_v1",47.9,220,"2026-09-19","2026-09-20 14:10:26 UTC"
"691406","Junior Caminero","Tampa Bay Rays","R","hitter","L",176,492,0.918221003134796,0.865976428220658,0.394022988505747,0.363795918367347,0.0302270701384,0.638,"Junior Caminero is doing more damage against left-handed pitching","Estimated wOBA: 0.394 vs L, 0.364 vs R.","two_sided_opponent_hand_woba_gap_v1",47.8,221,"2026-09-19","2026-09-20 14:10:26 UTC"
"807712","Luke Keaschall","Minnesota Twins","R","hitter","R",194,400,0.706982769008314,0.777725563909774,0.315336787564767,0.34390977443609,0.028572986871323,0.66,"Luke Keaschall is doing more damage against right-handed pitching","Estimated wOBA: 0.315 vs L, 0.344 vs R.","two_sided_opponent_hand_woba_gap_v1",47.8,221,"2026-09-19","2026-09-20 14:10:26 UTC"
"686475","Tyler Tolbert","Kansas City Royals","R","hitter","R",83,58,0.697791688402017,0.855769230769231,0.312469135802469,0.367142857142857,0.054673721340388,0.367,"Tyler Tolbert is doing more damage against right-handed pitching","Estimated wOBA: 0.312 vs L, 0.367 vs R.","two_sided_opponent_hand_woba_gap_v1",47.8,221,"2026-09-19","2026-09-20 14:10:26 UTC"
"592885","Christian Yelich","Milwaukee Brewers","L","hitter","R",128,349,0.619671463480858,0.715738911916618,0.272834645669291,0.310804597701149,0.037969952031858,0.561,"Christian Yelich is doing more damage against right-handed pitching","Estimated wOBA: 0.273 vs L, 0.311 vs R.","two_sided_opponent_hand_woba_gap_v1",47.7,224,"2026-09-19","2026-09-20 14:10:26 UTC"
"814439","Ryan Waldschmidt","Arizona Diamondbacks","R","hitter","L",86,196,0.747425997425997,0.651135531135531,0.332142857142857,0.286102564102564,0.046040293040293,0.462,"Ryan Waldschmidt is doing more damage against left-handed pitching","Estimated wOBA: 0.332 vs L, 0.286 vs R.","two_sided_opponent_hand_woba_gap_v1",47.6,225,"2026-09-19","2026-09-20 14:10:26 UTC"
"676694","Jake Meyers","Houston Astros","R","hitter","R",55,98,0.520068610634648,0.63682745825603,0.225272727272727,0.281020408163265,0.055747680890538,0.355,"Jake Meyers is doing more damage against right-handed pitching","Estimated wOBA: 0.225 vs L, 0.281 vs R.","two_sided_opponent_hand_woba_gap_v1",47.6,225,"2026-09-19","2026-09-20 14:10:26 UTC"
"669003","Garrett Mitchell","Milwaukee Brewers","L","hitter","R",125,380,0.686131957473421,0.807644110275689,0.309837398373984,0.347883597883598,0.038046199509614,0.556,"Garrett Mitchell is doing more damage against right-handed pitching","Estimated wOBA: 0.310 vs L, 0.348 vs R.","two_sided_opponent_hand_woba_gap_v1",47.5,227,"2026-09-19","2026-09-20 14:10:26 UTC"
"682657","Angel Martínez","Cleveland Guardians","R","hitter","L",135,256,0.819898583668474,0.722423997847727,0.344962406015038,0.308611111111111,0.036351294903927,0.574,"Angel Martínez is doing more damage against left-handed pitching","Estimated wOBA: 0.345 vs L, 0.309 vs R.","two_sided_opponent_hand_woba_gap_v1",47.4,228,"2026-09-19","2026-09-20 14:10:26 UTC"
"656537","Derek Hill","Philadelphia Phillies","R","hitter","L",135,77,0.799454545454545,0.655844155844156,0.33719696969697,0.29,0.04719696969697,0.435,"Derek Hill is doing more damage against left-handed pitching","Estimated wOBA: 0.337 vs L, 0.290 vs R.","two_sided_opponent_hand_woba_gap_v1",47.4,228,"2026-09-19","2026-09-20 14:10:26 UTC"
"686780","Pedro Pagés","St. Louis Cardinals","R","hitter","R",95,114,0.501794258373206,0.62997299729973,0.228947368421053,0.271363636363636,0.042416267942583,0.487,"Pedro Pagés is doing more damage against right-handed pitching","Estimated wOBA: 0.229 vs L, 0.271 vs R.","two_sided_opponent_hand_woba_gap_v1",47.4,228,"2026-09-19","2026-09-20 14:10:26 UTC"
"686681","Michael Massey","Kansas City Royals","L","hitter","L",97,329,0.820358588779641,0.723617089112068,0.350210526315789,0.308384146341463,0.041826379974326,0.492,"Michael Massey is doing more damage against left-handed pitching","Estimated wOBA: 0.350 vs L, 0.308 vs R.","two_sided_opponent_hand_woba_gap_v1",47.2,231,"2026-09-19","2026-09-20 14:10:26 UTC"
"656555","Rhys Hoskins","Cleveland Guardians","R","hitter","R",127,192,0.631359781950333,0.70800983436853,0.276220472440945,0.31375,0.037529527559055,0.559,"Rhys Hoskins is doing more damage against right-handed pitching","Estimated wOBA: 0.276 vs L, 0.314 vs R.","two_sided_opponent_hand_woba_gap_v1",47.1,232,"2026-09-19","2026-09-20 14:10:26 UTC"
"669707","Jared Triolo","Pittsburgh Pirates","R","hitter","L",138,216,0.671916010498688,0.58288409703504,0.29963768115942,0.264905660377358,0.034732020782062,0.58,"Jared Triolo is doing more damage against left-handed pitching","Estimated wOBA: 0.300 vs L, 0.265 vs R.","two_sided_opponent_hand_woba_gap_v1",46.8,233,"2026-09-19","2026-09-20 14:10:26 UTC"
"663728","Cal Raleigh","Seattle Mariners","R","hitter","R",186,318,0.627671158295903,0.697491188057226,0.277258064516129,0.305157232704403,0.027899168188274,0.65,"Cal Raleigh is doing more damage against right-handed pitching","Estimated wOBA: 0.277 vs L, 0.305 vs R.","two_sided_opponent_hand_woba_gap_v1",46.5,234,"2026-09-19","2026-09-20 14:10:26 UTC"
"808959","Munetaka Murakami","Chicago White Sox","L","hitter","R",157,357,0.727949044585987,0.828882047868652,0.322564102564103,0.353501400560224,0.030937297996121,0.611,"Munetaka Murakami is doing more damage against right-handed pitching","Estimated wOBA: 0.323 vs L, 0.354 vs R.","two_sided_opponent_hand_woba_gap_v1",46.4,235,"2026-09-19","2026-09-20 14:10:26 UTC"
"663656","Kyle Tucker","Los Angeles Dodgers","L","hitter","L",181,420,0.784849128771781,0.700793650793651,0.337845303867403,0.309857142857143,0.02798816101026,0.644,"Kyle Tucker is doing more damage against left-handed pitching","Estimated wOBA: 0.338 vs L, 0.310 vs R.","two_sided_opponent_hand_woba_gap_v1",46.3,236,"2026-09-19","2026-09-20 14:10:26 UTC"
"641598","Mitch Garver","Seattle Mariners","R","hitter","L",64,85,0.658564814814815,0.548366013071895,0.3021875,0.253176470588235,0.049011029411765,0.39,"Mitch Garver is doing more damage against left-handed pitching","Estimated wOBA: 0.302 vs L, 0.253 vs R.","two_sided_opponent_hand_woba_gap_v1",46.3,236,"2026-09-19","2026-09-20 14:10:26 UTC"
"687462","Spencer Horwitz","Pittsburgh Pirates","L","hitter","R",86,344,0.611181905065307,0.738667717776902,0.28406976744186,0.326104651162791,0.042034883720931,0.462,"Spencer Horwitz is doing more damage against right-handed pitching","Estimated wOBA: 0.284 vs L, 0.326 vs R.","two_sided_opponent_hand_woba_gap_v1",45.8,238,"2026-09-19","2026-09-20 14:10:26 UTC"
"672640","Otto Lopez","Miami Marlins","R","hitter","L",163,500,0.862494887525562,0.765440672265971,0.360122699386503,0.33092,0.029202699386503,0.62,"Otto Lopez is doing more damage against left-handed pitching","Estimated wOBA: 0.360 vs L, 0.331 vs R.","two_sided_opponent_hand_woba_gap_v1",45.6,239,"2026-09-19","2026-09-20 14:10:26 UTC"
"805811","Bryce Eldridge","San Francisco Giants","L","hitter","L",143,305,0.877622377622378,0.79968474148802,0.377272727272727,0.345657894736842,0.031614832535885,0.588,"Bryce Eldridge is doing more damage against left-handed pitching","Estimated wOBA: 0.377 vs L, 0.346 vs R.","two_sided_opponent_hand_woba_gap_v1",45,240,"2026-09-19","2026-09-20 14:10:26 UTC"
"681198","TJ Rumfield","Colorado Rockies","L","hitter","R",190,421,0.793581514762516,0.865167735007972,0.350315789473684,0.375985748218527,0.025669958744843,0.655,"TJ Rumfield is doing more damage against right-handed pitching","Estimated wOBA: 0.350 vs L, 0.376 vs R.","two_sided_opponent_hand_woba_gap_v1",44.9,241,"2026-09-19","2026-09-20 14:10:26 UTC"
"608369","Corey Seager","Texas Rangers","L","hitter","L",138,266,0.799596103587551,0.724579689567266,0.344275362318841,0.312452830188679,0.031822532130162,0.58,"Corey Seager is doing more damage against left-handed pitching","Estimated wOBA: 0.344 vs L, 0.312 vs R.","two_sided_opponent_hand_woba_gap_v1",44.7,242,"2026-09-19","2026-09-20 14:10:26 UTC"
"642215","Weston Wilson","Seattle Mariners","R","hitter","R",111,63,0.577200963339577,0.678787878787879,0.258018018018018,0.304285714285714,0.046267696267696,0.387,"Weston Wilson is doing more damage against right-handed pitching","Estimated wOBA: 0.258 vs L, 0.304 vs R.","two_sided_opponent_hand_woba_gap_v1",44.6,243,"2026-09-19","2026-09-20 14:10:26 UTC"
"800325","Luis Lara","Milwaukee Brewers","R","hitter","R",68,128,0.591911764705882,0.684151785714286,0.260588235294118,0.30328125,0.042693014705882,0.405,"Luis Lara is doing more damage against right-handed pitching","Estimated wOBA: 0.261 vs L, 0.303 vs R.","two_sided_opponent_hand_woba_gap_v1",43.9,244,"2026-09-19","2026-09-20 14:10:26 UTC"
"678554","Curtis Mead","Washington Nationals","R","hitter","L",142,189,0.890390731485688,0.811016976661148,0.379366197183099,0.349259259259259,0.03010693792384,0.587,"Curtis Mead is doing more damage against left-handed pitching","Estimated wOBA: 0.379 vs L, 0.349 vs R.","two_sided_opponent_hand_woba_gap_v1",43.8,245,"2026-09-19","2026-09-20 14:10:26 UTC"
"678662","Ezequiel Tovar","Colorado Rockies","R","hitter","R",158,330,0.541490356776981,0.626279795232763,0.24140127388535,0.268632218844985,0.027230944959635,0.612,"Ezequiel Tovar is doing more damage against right-handed pitching","Estimated wOBA: 0.241 vs L, 0.269 vs R.","two_sided_opponent_hand_woba_gap_v1",43.5,246,"2026-09-19","2026-09-20 14:10:26 UTC"
"701678","Hao-Yu Lee","Detroit Tigers","R","hitter","R",135,196,0.711679696754324,0.781836734693877,0.303805970149254,0.335179487179487,0.031373517030233,0.574,"Hao-Yu Lee is doing more damage against right-handed pitching","Estimated wOBA: 0.304 vs L, 0.335 vs R.","two_sided_opponent_hand_woba_gap_v1",43.5,246,"2026-09-19","2026-09-20 14:10:26 UTC"
"665161","Jeremy Peña","Houston Astros","R","hitter","R",101,351,0.713829447460875,0.823247863247863,0.313267326732673,0.349515669515669,0.036248342782996,0.502,"Jeremy Peña is doing more damage against right-handed pitching","Estimated wOBA: 0.313 vs L, 0.350 vs R.","two_sided_opponent_hand_woba_gap_v1",43.4,248,"2026-09-19","2026-09-20 14:10:26 UTC"
"666023","Freddy Fermin","San Diego Padres","R","hitter","R",74,186,0.513295729250604,0.595468918308489,0.225616438356164,0.265745856353591,0.040129417997427,0.425,"Freddy Fermin is doing more damage against right-handed pitching","Estimated wOBA: 0.226 vs L, 0.266 vs R.","two_sided_opponent_hand_woba_gap_v1",43,249,"2026-09-19","2026-09-20 14:10:26 UTC"
"621566","Matt Olson","Atlanta Braves","L","hitter","R",272,395,0.80245983935743,0.851841196777906,0.340698529411765,0.358451776649746,0.017753247237981,0.731,"Matt Olson is doing more damage against right-handed pitching","Estimated wOBA: 0.341 vs L, 0.358 vs R.","two_sided_opponent_hand_woba_gap_v1",42.9,250,"2026-09-19","2026-09-20 14:10:26 UTC"
"691718","Pete Crow-Armstrong","Chicago Cubs","L","hitter","R",224,469,0.885309278350515,0.961601307189542,0.379732142857143,0.398755364806867,0.019023221949724,0.691,"Pete Crow-Armstrong is doing more damage against right-handed pitching","Estimated wOBA: 0.380 vs L, 0.399 vs R.","two_sided_opponent_hand_woba_gap_v1",42.8,251,"2026-09-19","2026-09-20 14:10:26 UTC"
"664702","Myles Straw","Toronto Blue Jays","R","hitter","R",167,146,0.61870299991914,0.675524475524476,0.270602409638554,0.298811188811189,0.028208779172635,0.593,"Myles Straw is doing more damage against right-handed pitching","Estimated wOBA: 0.271 vs L, 0.299 vs R.","two_sided_opponent_hand_woba_gap_v1",42.7,252,"2026-09-19","2026-09-20 14:10:26 UTC"
"645277","Ozzie Albies","Atlanta Braves","R","hitter","L",251,406,0.73470221677393,0.673717762967256,0.310956175298805,0.29256157635468,0.018394598944125,0.715,"Ozzie Albies is doing more damage against left-handed pitching","Estimated wOBA: 0.311 vs L, 0.293 vs R.","two_sided_opponent_hand_woba_gap_v1",42.6,253,"2026-09-19","2026-09-20 14:10:26 UTC"
"676391","Ernie Clement","Toronto Blue Jays","R","hitter","R",196,402,0.626861555432984,0.678088614519028,0.271428571428571,0.292114427860697,0.020685856432126,0.662,"Ernie Clement is doing more damage against right-handed pitching","Estimated wOBA: 0.271 vs L, 0.292 vs R.","two_sided_opponent_hand_woba_gap_v1",42.4,254,"2026-09-19","2026-09-20 14:10:26 UTC"
"686527","Dominic Canzone","Seattle Mariners","L","hitter","L",131,370,0.84464235227594,0.793488225067172,0.366412213740458,0.335918918918919,0.030493294821539,0.567,"Dominic Canzone is doing more damage against left-handed pitching","Estimated wOBA: 0.366 vs L, 0.336 vs R.","two_sided_opponent_hand_woba_gap_v1",42.4,254,"2026-09-19","2026-09-20 14:10:26 UTC"
"642715","Willy Adames","San Francisco Giants","R","hitter","R",137,368,0.652671532846715,0.734878516624041,0.284963503649635,0.313858695652174,0.028895192002539,0.578,"Willy Adames is doing more damage against right-handed pitching","Estimated wOBA: 0.285 vs L, 0.314 vs R.","two_sided_opponent_hand_woba_gap_v1",42,256,"2026-09-19","2026-09-20 14:10:26 UTC"
"595879","Javier Báez","Detroit Tigers","R","hitter","L",53,132,0.694783573806881,0.575036075036075,0.296415094339623,0.25030303030303,0.046112064036593,0.346,"Javier Báez is doing more damage against left-handed pitching","Estimated wOBA: 0.296 vs L, 0.250 vs R.","two_sided_opponent_hand_woba_gap_v1",42,256,"2026-09-19","2026-09-20 14:10:26 UTC"
"682668","Luisangel Acuña","Chicago White Sox","R","hitter","R",106,114,0.48094709581946,0.546016483516484,0.212358490566038,0.245267857142857,0.032909366576819,0.515,"Luisangel Acuña is doing more damage against right-handed pitching","Estimated wOBA: 0.212 vs L, 0.245 vs R.","two_sided_opponent_hand_woba_gap_v1",42,256,"2026-09-19","2026-09-20 14:10:26 UTC"
"592450","Aaron Judge","New York Yankees","R","hitter","L",78,203,0.933002481389578,0.8354513148543,0.393461538461538,0.35535,0.038111538461538,0.438,"Aaron Judge is doing more damage against left-handed pitching","Estimated wOBA: 0.393 vs L, 0.355 vs R.","two_sided_opponent_hand_woba_gap_v1",41.9,259,"2026-09-19","2026-09-20 14:10:26 UTC"
"804668","Rafael Flores Jr.","Pittsburgh Pirates","R","hitter","L",72,70,0.907986111111111,0.814285714285714,0.385138888888889,0.345714285714286,0.039424603174603,0.412,"Rafael Flores Jr. is doing more damage against left-handed pitching","Estimated wOBA: 0.385 vs L, 0.346 vs R.","two_sided_opponent_hand_woba_gap_v1",41.9,259,"2026-09-19","2026-09-20 14:10:26 UTC"
"672820","Lenyn Sosa","Toronto Blue Jays","R","hitter","L",45,72,0.571059431524548,0.440040241448692,0.240444444444444,0.191549295774648,0.048895148669796,0.31,"Lenyn Sosa is doing more damage against left-handed pitching","Estimated wOBA: 0.240 vs L, 0.192 vs R.","two_sided_opponent_hand_woba_gap_v1",41.8,261,"2026-09-19","2026-09-20 14:10:26 UTC"
"572233","Christian Walker","Houston Astros","R","hitter","L",137,466,0.739275195287489,0.691788733656632,0.325474452554744,0.296924731182796,0.028549721371948,0.578,"Christian Walker is doing more damage against left-handed pitching","Estimated wOBA: 0.325 vs L, 0.297 vs R.","two_sided_opponent_hand_woba_gap_v1",41.7,262,"2026-09-19","2026-09-20 14:10:26 UTC"
"671732","Lawrence Butler","Athletics","L","hitter","R",142,369,0.648964539007092,0.725824370044943,0.289007092198582,0.316521739130435,0.027514646931853,0.587,"Lawrence Butler is doing more damage against right-handed pitching","Estimated wOBA: 0.289 vs L, 0.317 vs R.","two_sided_opponent_hand_woba_gap_v1",41.7,262,"2026-09-19","2026-09-20 14:10:26 UTC"
"596115","Trevor Story","Boston Red Sox","R","hitter","L",67,181,0.705407389283093,0.610243220930971,0.302424242424242,0.262817679558011,0.039606562866231,0.401,"Trevor Story is doing more damage against left-handed pitching","Estimated wOBA: 0.302 vs L, 0.263 vs R.","two_sided_opponent_hand_woba_gap_v1",41.7,262,"2026-09-19","2026-09-20 14:10:26 UTC"
"656775","Cedric Mullins","Tampa Bay Rays","L","hitter","R",114,372,0.541905541905542,0.641420765027322,0.248828828828829,0.280491803278689,0.03166297444986,0.533,"Cedric Mullins is doing more damage against right-handed pitching","Estimated wOBA: 0.249 vs L, 0.280 vs R.","two_sided_opponent_hand_woba_gap_v1",41.6,265,"2026-09-19","2026-09-20 14:10:26 UTC"
"657136","Connor Wong","Boston Red Sox","R","hitter","L",69,165,0.732787674530573,0.619248466257669,0.318059701492537,0.278895705521472,0.039163995971065,0.408,"Connor Wong is doing more damage against left-handed pitching","Estimated wOBA: 0.318 vs L, 0.279 vs R.","two_sided_opponent_hand_woba_gap_v1",41.5,266,"2026-09-19","2026-09-20 14:10:26 UTC"
"650402","Gleyber Torres","Detroit Tigers","R","hitter","L",120,285,0.776344086021505,0.715995872033024,0.348319327731092,0.317824561403509,0.030494766327583,0.545,"Gleyber Torres is doing more damage against left-handed pitching","Estimated wOBA: 0.348 vs L, 0.318 vs R.","two_sided_opponent_hand_woba_gap_v1",41.4,267,"2026-09-19","2026-09-20 14:10:26 UTC"
"672275","Patrick Bailey","Cleveland Guardians","R","hitter","R",55,273,0.486531986531986,0.616752767527675,0.227592592592593,0.270627306273063,0.04303471368047,0.355,"Patrick Bailey is doing more damage against right-handed pitching","Estimated wOBA: 0.228 vs L, 0.271 vs R.","two_sided_opponent_hand_woba_gap_v1",41.4,267,"2026-09-19","2026-09-20 14:10:26 UTC"
"605170","Victor Caratini","Minnesota Twins","R","hitter","R",123,248,0.557955865272938,0.665966227472361,0.263089430894309,0.293064516129032,0.029975085234723,0.552,"Victor Caratini is doing more damage against right-handed pitching","Estimated wOBA: 0.263 vs L, 0.293 vs R.","two_sided_opponent_hand_woba_gap_v1",41.1,269,"2026-09-19","2026-09-20 14:10:26 UTC"
"679845","Nick Loftin","Kansas City Royals","R","hitter","L",165,252,0.730539699014011,0.680786494393865,0.320365853658537,0.298714859437751,0.021650994220786,0.623,"Nick Loftin is doing more damage against left-handed pitching","Estimated wOBA: 0.320 vs L, 0.299 vs R.","two_sided_opponent_hand_woba_gap_v1",40.4,270,"2026-09-19","2026-09-20 14:10:26 UTC"
"686217","Sal Frelick","Milwaukee Brewers","L","hitter","R",95,274,0.558948685857322,0.647365067524516,0.251382978723404,0.283947368421053,0.032564389697649,0.487,"Sal Frelick is doing more damage against right-handed pitching","Estimated wOBA: 0.251 vs L, 0.284 vs R.","two_sided_opponent_hand_woba_gap_v1",40.3,271,"2026-09-19","2026-09-20 14:10:26 UTC"
"668804","Bryan Reynolds","Pittsburgh Pirates","R","hitter","L",235,440,0.808817512274959,0.771067140406763,0.351829787234043,0.338542141230068,0.013287646003975,0.701,"Bryan Reynolds is doing more damage against left-handed pitching","Estimated wOBA: 0.352 vs L, 0.339 vs R.","two_sided_opponent_hand_woba_gap_v1",40.2,272,"2026-09-19","2026-09-20 14:10:26 UTC"
"691720","Kyle Karros","Colorado Rockies","R","hitter","L",153,300,0.808006535947712,0.741770833333333,0.349013157894737,0.3255,0.023513157894737,0.605,"Kyle Karros is doing more damage against left-handed pitching","Estimated wOBA: 0.349 vs L, 0.326 vs R.","two_sided_opponent_hand_woba_gap_v1",40.2,272,"2026-09-19","2026-09-20 14:10:26 UTC"
"672695","Geraldo Perdomo","Arizona Diamondbacks","R","hitter","R",194,454,0.704484244546189,0.736224028906956,0.313085106382979,0.329246119733925,0.016161013350946,0.66,"Geraldo Perdomo is doing more damage against right-handed pitching","Estimated wOBA: 0.313 vs L, 0.329 vs R.","two_sided_opponent_hand_woba_gap_v1",39.1,274,"2026-09-19","2026-09-20 14:10:26 UTC"
"660670","Ronald Acuña Jr.","Atlanta Braves","R","hitter","R",141,308,0.761913135220679,0.832130832130832,0.333049645390071,0.356428571428571,0.0233789260385,0.585,"Ronald Acuña Jr. is doing more damage against right-handed pitching","Estimated wOBA: 0.333 vs L, 0.356 vs R.","two_sided_opponent_hand_woba_gap_v1",38.4,275,"2026-09-19","2026-09-20 14:10:26 UTC"
"810938","Ben Williamson","Tampa Bay Rays","R","hitter","R",121,150,0.617105263157895,0.654228855721393,0.268833333333333,0.295533333333333,0.0267,0.548,"Ben Williamson is doing more damage against right-handed pitching","Estimated wOBA: 0.269 vs L, 0.296 vs R.","two_sided_opponent_hand_woba_gap_v1",38.3,276,"2026-09-19","2026-09-20 14:10:26 UTC"
"596142","Gary Sánchez","Milwaukee Brewers","R","hitter","L",118,146,0.807705748733182,0.730574421549442,0.351525423728814,0.324315068493151,0.027210355235663,0.541,"Gary Sánchez is doing more damage against left-handed pitching","Estimated wOBA: 0.352 vs L, 0.324 vs R.","two_sided_opponent_hand_woba_gap_v1",38.3,276,"2026-09-19","2026-09-20 14:10:26 UTC"
"800050","Chase DeLauter","Cleveland Guardians","L","hitter","L",166,365,0.853202282815472,0.806164383561644,0.367228915662651,0.348794520547945,0.018434395114706,0.624,"Chase DeLauter is doing more damage against left-handed pitching","Estimated wOBA: 0.367 vs L, 0.349 vs R.","two_sided_opponent_hand_woba_gap_v1",38.1,278,"2026-09-19","2026-09-20 14:10:26 UTC"
"700337","Edgar Quero","Chicago White Sox","R","hitter","R",91,126,0.514485514485514,0.559970674486803,0.22978021978022,0.260483870967742,0.030703651187522,0.476,"Edgar Quero is doing more damage against right-handed pitching","Estimated wOBA: 0.230 vs L, 0.260 vs R.","two_sided_opponent_hand_woba_gap_v1",38.1,278,"2026-09-19","2026-09-20 14:10:26 UTC"
"664034","Ty France","San Diego Padres","R","hitter","R",137,337,0.836655830215298,0.899404761904762,0.357007299270073,0.380446428571429,0.023439129301356,0.578,"Ty France is doing more damage against right-handed pitching","Estimated wOBA: 0.357 vs L, 0.380 vs R.","two_sided_opponent_hand_woba_gap_v1",37.9,280,"2026-09-19","2026-09-20 14:10:26 UTC"
"660271","Shohei Ohtani","Los Angeles Dodgers","L","hitter","R",195,388,0.869534305012442,0.893522772790462,0.366443298969072,0.379350649350649,0.012907350381577,0.661,"Shohei Ohtani is doing more damage against right-handed pitching","Estimated wOBA: 0.366 vs L, 0.379 vs R.","two_sided_opponent_hand_woba_gap_v1",37.8,281,"2026-09-19","2026-09-20 14:10:26 UTC"
"701398","Sal Stewart","Cincinnati Reds","R","hitter","L",171,495,0.826923821695519,0.796205296205296,0.354411764705882,0.337838383838384,0.016573380867498,0.631,"Sal Stewart is doing more damage against left-handed pitching","Estimated wOBA: 0.354 vs L, 0.338 vs R.","two_sided_opponent_hand_woba_gap_v1",37.6,282,"2026-09-19","2026-09-20 14:10:26 UTC"
"543760","Marcus Semien","New York Mets","R","hitter","L",141,385,0.655214509940705,0.6171875,0.292127659574468,0.269973958333333,0.022153701241135,0.585,"Marcus Semien is doing more damage against left-handed pitching","Estimated wOBA: 0.292 vs L, 0.270 vs R.","two_sided_opponent_hand_woba_gap_v1",37.6,282,"2026-09-19","2026-09-20 14:10:26 UTC"
"683748","Victor Mesa Jr.","Tampa Bay Rays","L","hitter","R",56,182,0.69982174688057,0.821737944205716,0.307818181818182,0.345690607734807,0.037872425916625,0.359,"Victor Mesa Jr. is doing more damage against right-handed pitching","Estimated wOBA: 0.308 vs L, 0.346 vs R.","two_sided_opponent_hand_woba_gap_v1",37.4,284,"2026-09-19","2026-09-20 14:10:26 UTC"
"696100","Hunter Goodman","Colorado Rockies","R","hitter","L",176,366,0.848532796317606,0.823339733175799,0.358636363636364,0.344808743169399,0.013827620466965,0.638,"Hunter Goodman is doing more damage against left-handed pitching","Estimated wOBA: 0.359 vs L, 0.345 vs R.","two_sided_opponent_hand_woba_gap_v1",37.3,285,"2026-09-19","2026-09-20 14:10:26 UTC"
"687637","Dylan Beavers","Baltimore Orioles","L","hitter","R",63,272,0.610023041474654,0.701844262295082,0.271774193548387,0.307242647058823,0.035468453510436,0.387,"Dylan Beavers is doing more damage against right-handed pitching","Estimated wOBA: 0.272 vs L, 0.307 vs R.","two_sided_opponent_hand_woba_gap_v1",37.1,286,"2026-09-19","2026-09-20 14:10:26 UTC"
"669364","Xavier Edwards","Miami Marlins","R","hitter","R",144,447,0.696678321678322,0.73552290406223,0.306153846153846,0.325752808988764,0.019598962834918,0.59,"Xavier Edwards is doing more damage against right-handed pitching","Estimated wOBA: 0.306 vs L, 0.326 vs R.","two_sided_opponent_hand_woba_gap_v1",36.4,287,"2026-09-19","2026-09-20 14:10:26 UTC"
"681082","Bryson Stott","Philadelphia Phillies","L","hitter","L",138,441,0.752901759004427,0.703266416751334,0.327810218978102,0.307557077625571,0.020253141352531,0.58,"Bryson Stott is doing more damage against left-handed pitching","Estimated wOBA: 0.328 vs L, 0.308 vs R.","two_sided_opponent_hand_woba_gap_v1",36.2,288,"2026-09-19","2026-09-20 14:10:26 UTC"
"669242","Tommy Edman","Los Angeles Dodgers","R","hitter","L",103,204,0.728824907934382,0.679063697903923,0.326990291262136,0.300398009950249,0.026592281311887,0.507,"Tommy Edman is doing more damage against left-handed pitching","Estimated wOBA: 0.327 vs L, 0.300 vs R.","two_sided_opponent_hand_woba_gap_v1",36.1,289,"2026-09-19","2026-09-20 14:10:26 UTC"
"805779","Jacob Wilson","Athletics","R","hitter","R",116,222,0.648631239935588,0.700672503489405,0.279565217391304,0.303783783783784,0.02421856639248,0.537,"Jacob Wilson is doing more damage against right-handed pitching","Estimated wOBA: 0.280 vs L, 0.304 vs R.","two_sided_opponent_hand_woba_gap_v1",36,290,"2026-09-19","2026-09-20 14:10:26 UTC"
"592663","J.T. Realmuto","Philadelphia Phillies","R","hitter","R",117,326,0.570598290598291,0.649221651850924,0.259487179487179,0.283558282208589,0.02407110272141,0.539,"J.T. Realmuto is doing more damage against right-handed pitching","Estimated wOBA: 0.259 vs L, 0.284 vs R.","two_sided_opponent_hand_woba_gap_v1",35.9,291,"2026-09-19","2026-09-20 14:10:26 UTC"
"676609","José Caballero","New York Yankees","R","hitter","R",144,294,0.638105680868839,0.685496183206107,0.278958333333333,0.297793103448276,0.018834770114943,0.59,"José Caballero is doing more damage against right-handed pitching","Estimated wOBA: 0.279 vs L, 0.298 vs R.","two_sided_opponent_hand_woba_gap_v1",35.9,291,"2026-09-19","2026-09-20 14:10:26 UTC"
"641857","Ryan McMahon","New York Yankees","L","hitter","R",64,289,0.517857142857143,0.632160344715023,0.242698412698413,0.275190311418685,0.032491898720272,0.39,"Ryan McMahon is doing more damage against right-handed pitching","Estimated wOBA: 0.243 vs L, 0.275 vs R.","two_sided_opponent_hand_woba_gap_v1",35.7,293,"2026-09-19","2026-09-20 14:10:26 UTC"
"671739","Michael Harris II","Atlanta Braves","L","hitter","R",217,383,0.775326797385621,0.807545510010074,0.331898148148148,0.341178010471204,0.009279862323056,0.685,"Michael Harris II is doing more damage against right-handed pitching","Estimated wOBA: 0.332 vs L, 0.341 vs R.","two_sided_opponent_hand_woba_gap_v1",35.6,294,"2026-09-19","2026-09-20 14:10:26 UTC"
"683357","Owen Caissie","Miami Marlins","L","hitter","R",41,292,0.589980224126566,0.708371088961143,0.261951219512195,0.301198630136986,0.039247410624791,0.291,"Owen Caissie is doing more damage against right-handed pitching","Estimated wOBA: 0.262 vs L, 0.301 vs R.","two_sided_opponent_hand_woba_gap_v1",35.5,295,"2026-09-19","2026-09-20 14:10:26 UTC"
"701807","Carson Benge","New York Mets","L","hitter","R",169,452,0.729434969253974,0.769488311298721,0.321065088757396,0.333783185840708,0.012718097083312,0.628,"Carson Benge is doing more damage against right-handed pitching","Estimated wOBA: 0.321 vs L, 0.334 vs R.","two_sided_opponent_hand_woba_gap_v1",35.4,296,"2026-09-19","2026-09-20 14:10:26 UTC"
"678882","Ceddanne Rafaela","Boston Red Sox","R","hitter","L",148,420,0.796525096525097,0.744190111135218,0.3375,0.320119331742243,0.017380668257757,0.597,"Ceddanne Rafaela is doing more damage against left-handed pitching","Estimated wOBA: 0.338 vs L, 0.320 vs R.","two_sided_opponent_hand_woba_gap_v1",35.3,297,"2026-09-19","2026-09-20 14:10:26 UTC"
"683766","Christian Koss","San Francisco Giants","R","hitter","L",57,140,0.689193825042882,0.565408302919708,0.289818181818182,0.255401459854015,0.034416721964167,0.363,"Christian Koss is doing more damage against left-handed pitching","Estimated wOBA: 0.290 vs L, 0.255 vs R.","two_sided_opponent_hand_woba_gap_v1",35.3,297,"2026-09-19","2026-09-20 14:10:26 UTC"
"605141","Mookie Betts","Los Angeles Dodgers","R","hitter","R",159,337,0.765199161425576,0.790695209834676,0.326582278481013,0.339525222551929,0.012942944070916,0.614,"Mookie Betts is doing more damage against right-handed pitching","Estimated wOBA: 0.327 vs L, 0.340 vs R.","two_sided_opponent_hand_woba_gap_v1",35,299,"2026-09-19","2026-09-20 14:10:26 UTC"
"694208","Moisés Ballesteros","Los Angeles Angels","L","hitter","R",56,273,0.575549450549451,0.644479330193616,0.24875,0.283040293040293,0.034290293040293,0.359,"Moisés Ballesteros is doing more damage against right-handed pitching","Estimated wOBA: 0.249 vs L, 0.283 vs R.","two_sided_opponent_hand_woba_gap_v1",34.8,300,"2026-09-19","2026-09-20 14:10:26 UTC"
"663647","Ke'Bryan Hayes","Cincinnati Reds","R","hitter","L",56,177,0.496293800539084,0.41633281972265,0.22125,0.18774011299435,0.03350988700565,0.359,"Ke'Bryan Hayes is doing more damage against left-handed pitching","Estimated wOBA: 0.221 vs L, 0.188 vs R.","two_sided_opponent_hand_woba_gap_v1",34.7,301,"2026-09-19","2026-09-20 14:10:26 UTC"
"665953","Andrés Chaparro","Washington Nationals","R","hitter","R",136,74,0.848593350383632,0.923832923832924,0.363897058823529,0.393783783783784,0.029886724960255,0.425,"Andrés Chaparro is doing more damage against right-handed pitching","Estimated wOBA: 0.364 vs L, 0.394 vs R.","two_sided_opponent_hand_woba_gap_v1",34.6,302,"2026-09-19","2026-09-20 14:10:26 UTC"
"542303","Marcell Ozuna","Pittsburgh Pirates","R","hitter","L",102,178,0.6538789428815,0.580898876404494,0.286470588235294,0.261797752808989,0.024672835426305,0.505,"Marcell Ozuna is doing more damage against left-handed pitching","Estimated wOBA: 0.286 vs L, 0.262 vs R.","two_sided_opponent_hand_woba_gap_v1",34.5,303,"2026-09-19","2026-09-20 14:10:26 UTC"
"681393","Connor Norby","Colorado Rockies","R","hitter","L",126,238,0.733893557422969,0.717895608947804,0.33468253968254,0.314453781512605,0.020228758169935,0.558,"Connor Norby is doing more damage against left-handed pitching","Estimated wOBA: 0.335 vs L, 0.314 vs R.","two_sided_opponent_hand_woba_gap_v1",34.4,304,"2026-09-19","2026-09-20 14:10:26 UTC"
"682985","Riley Greene","Detroit Tigers","L","hitter","R",175,389,0.815378715244487,0.858837324674153,0.354857142857143,0.366314432989691,0.011457290132548,0.636,"Riley Greene is doing more damage against right-handed pitching","Estimated wOBA: 0.355 vs L, 0.366 vs R.","two_sided_opponent_hand_woba_gap_v1",34.2,305,"2026-09-19","2026-09-20 14:10:26 UTC"
"668904","Royce Lewis","Minnesota Twins","R","hitter","L",135,349,0.704296296296296,0.659144416257551,0.30437037037037,0.285787965616046,0.018582404754324,0.574,"Royce Lewis is doing more damage against left-handed pitching","Estimated wOBA: 0.304 vs L, 0.286 vs R.","two_sided_opponent_hand_woba_gap_v1",34.2,305,"2026-09-19","2026-09-20 14:10:26 UTC"
"624585","Jorge Soler","Los Angeles Angels","R","hitter","R",95,267,0.618599397590361,0.675113554864929,0.2703125,0.295280898876405,0.024968398876405,0.487,"Jorge Soler is doing more damage against right-handed pitching","Estimated wOBA: 0.270 vs L, 0.295 vs R.","two_sided_opponent_hand_woba_gap_v1",33.8,307,"2026-09-19","2026-09-20 14:10:26 UTC"
"683737","Michael Busch","Chicago Cubs","L","hitter","L",198,483,0.766053391053391,0.73470040189989,0.334040404040404,0.326066252587992,0.00797415145241204,0.664,"Michael Busch is doing more damage against left-handed pitching","Estimated wOBA: 0.334 vs L, 0.326 vs R.","two_sided_opponent_hand_woba_gap_v1",33.6,308,"2026-09-19","2026-09-20 14:10:26 UTC"
"805300","Jakob Marsee","Miami Marlins","L","hitter","R",139,459,0.642660802638813,0.716788807461692,0.302279411764706,0.318574561403509,0.016295149638803,0.582,"Jakob Marsee is doing more damage against right-handed pitching","Estimated wOBA: 0.302 vs L, 0.319 vs R.","two_sided_opponent_hand_woba_gap_v1",33.5,309,"2026-09-19","2026-09-20 14:10:26 UTC"
"643446","Jeff McNeil","Athletics","L","hitter","R",104,391,0.610710930159724,0.692307692307692,0.277766990291262,0.300153846153846,0.022386855862584,0.51,"Jeff McNeil is doing more damage against right-handed pitching","Estimated wOBA: 0.278 vs L, 0.300 vs R.","two_sided_opponent_hand_woba_gap_v1",33.5,309,"2026-09-19","2026-09-20 14:10:26 UTC"
"670242","Matt Wallner","Minnesota Twins","L","hitter","R",47,88,0.495947315096251,0.58041958041958,0.227021276595745,0.261704545454545,0.0346832688588,0.32,"Matt Wallner is doing more damage against right-handed pitching","Estimated wOBA: 0.227 vs L, 0.262 vs R.","two_sided_opponent_hand_woba_gap_v1",33.3,311,"2026-09-19","2026-09-20 14:10:26 UTC"
"592518","Manny Machado","San Diego Padres","R","hitter","R",157,491,0.705160158774116,0.716613969531475,0.299423076923077,0.310959183673469,0.011536106750392,0.611,"Manny Machado is doing more damage against right-handed pitching","Estimated wOBA: 0.299 vs L, 0.311 vs R.","two_sided_opponent_hand_woba_gap_v1",32.8,312,"2026-09-19","2026-09-20 14:10:26 UTC"
"663886","Tyler Stephenson","Cincinnati Reds","R","hitter","R",113,340,0.667713388524122,0.7599324975892,0.306017699115044,0.325764705882353,0.019747006767309,0.531,"Tyler Stephenson is doing more damage against right-handed pitching","Estimated wOBA: 0.306 vs L, 0.326 vs R.","two_sided_opponent_hand_woba_gap_v1",32.8,312,"2026-09-19","2026-09-20 14:10:26 UTC"
"682663","Agustín Ramírez","Miami Marlins","R","hitter","L",84,148,0.714285714285714,0.667667667667668,0.317228915662651,0.291554054054054,0.025674861608597,0.457,"Agustín Ramírez is doing more damage against left-handed pitching","Estimated wOBA: 0.317 vs L, 0.292 vs R.","two_sided_opponent_hand_woba_gap_v1",32.7,314,"2026-09-19","2026-09-20 14:10:26 UTC"
"516782","Starling Marte","Kansas City Royals","R","hitter","L",126,42,0.627194830734654,0.563095238095238,0.281031746031746,0.245238095238095,0.035793650793651,0.296,"Starling Marte is doing more damage against left-handed pitching","Estimated wOBA: 0.281 vs L, 0.245 vs R.","two_sided_opponent_hand_woba_gap_v1",32.7,314,"2026-09-19","2026-09-20 14:10:26 UTC"
"669477","Casey Schmitt","San Francisco Giants","R","hitter","L",105,304,0.814005602240896,0.768494663231505,0.345238095238095,0.324407894736842,0.020830200501253,0.512,"Casey Schmitt is doing more damage against left-handed pitching","Estimated wOBA: 0.345 vs L, 0.324 vs R.","two_sided_opponent_hand_woba_gap_v1",32.6,316,"2026-09-19","2026-09-20 14:10:26 UTC"
"670623","Isaac Paredes","Houston Astros","R","hitter","R",149,480,0.773235712833028,0.798840311986864,0.336577181208054,0.348270833333333,0.011693652125279,0.598,"Isaac Paredes is doing more damage against right-handed pitching","Estimated wOBA: 0.337 vs L, 0.348 vs R.","two_sided_opponent_hand_woba_gap_v1",32.5,317,"2026-09-19","2026-09-20 14:10:26 UTC"
"677594","Julio Rodríguez","Seattle Mariners","R","hitter","R",197,429,0.679891103990018,0.700699300699301,0.296903553299492,0.302634032634033,0.00573047933454102,0.663,"Julio Rodríguez is doing more damage against right-handed pitching","Estimated wOBA: 0.297 vs L, 0.303 vs R.","two_sided_opponent_hand_woba_gap_v1",32.5,317,"2026-09-19","2026-09-20 14:10:26 UTC"
"650333","Luis Arraez","Philadelphia Phillies","L","hitter","L",202,435,0.77528519185634,0.76733929153284,0.333553299492386,0.328337182448037,0.00521611704434899,0.669,"Luis Arraez is doing more damage against left-handed pitching","Estimated wOBA: 0.334 vs L, 0.328 vs R.","two_sided_opponent_hand_woba_gap_v1",32.3,319,"2026-09-19","2026-09-20 14:10:26 UTC"
"647304","Josh Naylor","Seattle Mariners","L","hitter","L",211,409,0.690961750203456,0.676693404634581,0.302938388625592,0.298108108108108,0.00483028051748402,0.678,"Josh Naylor is doing more damage against left-handed pitching","Estimated wOBA: 0.303 vs L, 0.298 vs R.","two_sided_opponent_hand_woba_gap_v1",32.3,319,"2026-09-19","2026-09-20 14:10:26 UTC"
"701358","Cam Smith","Houston Astros","R","hitter","L",140,400,0.695428571428571,0.654142261731677,0.295571428571429,0.282631578947368,0.012939849624061,0.583,"Cam Smith is doing more damage against left-handed pitching","Estimated wOBA: 0.296 vs L, 0.283 vs R.","two_sided_opponent_hand_woba_gap_v1",32.2,321,"2026-09-19","2026-09-20 14:10:26 UTC"
"683002","Gunnar Henderson","Baltimore Orioles","L","hitter","R",221,462,0.703787085125827,0.700552321241976,0.302217194570136,0.306420824295011,0.00420362972487498,0.688,"Gunnar Henderson is doing more damage against right-handed pitching","Estimated wOBA: 0.302 vs L, 0.306 vs R.","two_sided_opponent_hand_woba_gap_v1",32.1,322,"2026-09-19","2026-09-20 14:10:26 UTC"
"680776","Jarren Duran","Boston Red Sox","L","hitter","L",135,455,0.620821512273344,0.61514064286354,0.276194029850746,0.262626931567329,0.013567098283417,0.574,"Jarren Duran is doing more damage against left-handed pitching","Estimated wOBA: 0.276 vs L, 0.263 vs R.","two_sided_opponent_hand_woba_gap_v1",32.1,322,"2026-09-19","2026-09-20 14:10:26 UTC"
"701675","Nathan Church","St. Louis Cardinals","L","hitter","R",101,350,0.62695652173913,0.68390092879257,0.2756,0.2954,0.0198,0.502,"Nathan Church is doing more damage against right-handed pitching","Estimated wOBA: 0.276 vs L, 0.295 vs R.","two_sided_opponent_hand_woba_gap_v1",31.5,324,"2026-09-19","2026-09-20 14:10:26 UTC"
"673237","Yainer Diaz","Houston Astros","R","hitter","R",90,241,0.687581699346405,0.757053035931073,0.300111111111111,0.322448132780083,0.022337021668972,0.474,"Yainer Diaz is doing more damage against right-handed pitching","Estimated wOBA: 0.300 vs L, 0.322 vs R.","two_sided_opponent_hand_woba_gap_v1",31.4,325,"2026-09-19","2026-09-20 14:10:26 UTC"
"694203","Denzer Guzman","Los Angeles Angels","R","hitter","L",94,185,0.650667986145472,0.589010989010989,0.280106382978723,0.258901098901099,0.021205284077624,0.485,"Denzer Guzman is doing more damage against left-handed pitching","Estimated wOBA: 0.280 vs L, 0.259 vs R.","two_sided_opponent_hand_woba_gap_v1",31.4,325,"2026-09-19","2026-09-20 14:10:26 UTC"
"680474","Max Schuemann","New York Yankees","R","hitter","L",45,44,0.728070175438597,0.623737373737374,0.321555555555556,0.288863636363636,0.03269191919192,0.306,"Max Schuemann is doing more damage against left-handed pitching","Estimated wOBA: 0.322 vs L, 0.289 vs R.","two_sided_opponent_hand_woba_gap_v1",31.4,325,"2026-09-19","2026-09-20 14:10:26 UTC"
"605137","Josh Bell","Minnesota Twins","R","hitter","R",200,407,0.727112299465241,0.734861061970988,0.31345,0.317709359605911,0.00425935960591101,0.667,"Josh Bell is doing more damage against right-handed pitching","Estimated wOBA: 0.313 vs L, 0.318 vs R.","two_sided_opponent_hand_woba_gap_v1",31.3,328,"2026-09-19","2026-09-20 14:10:26 UTC"
"650490","Yandy Díaz","Tampa Bay Rays","R","hitter","L",185,471,0.815825464018235,0.795879309829251,0.349783783783784,0.344777070063694,0.00500671372008998,0.649,"Yandy Díaz is doing more damage against left-handed pitching","Estimated wOBA: 0.350 vs L, 0.345 vs R.","two_sided_opponent_hand_woba_gap_v1",30.5,329,"2026-09-19","2026-09-20 14:10:26 UTC"
"701538","Jackson Merrill","San Diego Padres","L","hitter","L",180,460,0.752349275034714,0.741773520377137,0.321787709497207,0.316739606126915,0.00504810337029199,0.643,"Jackson Merrill is doing more damage against left-handed pitching","Estimated wOBA: 0.322 vs L, 0.317 vs R.","two_sided_opponent_hand_woba_gap_v1",30.4,330,"2026-09-19","2026-09-20 14:10:26 UTC"
"609280","Miguel Andujar","San Diego Padres","R","hitter","R",80,173,0.673333333333333,0.745699985901593,0.293625,0.316104651162791,0.022479651162791,0.444,"Miguel Andujar is doing more damage against right-handed pitching","Estimated wOBA: 0.294 vs L, 0.316 vs R.","two_sided_opponent_hand_woba_gap_v1",30.3,331,"2026-09-19","2026-09-20 14:10:26 UTC"
"681807","David Fry","Cleveland Guardians","R","hitter","R",134,63,0.613432835820896,0.726392251815981,0.283805970149254,0.31031746031746,0.026511490168206,0.387,"David Fry is doing more damage against right-handed pitching","Estimated wOBA: 0.284 vs L, 0.310 vs R.","two_sided_opponent_hand_woba_gap_v1",30.2,332,"2026-09-19","2026-09-20 14:10:26 UTC"
"642350","Jose Siri","Los Angeles Angels","R","hitter","L",114,116,0.718796992481203,0.678827851060277,0.30780701754386,0.293097345132743,0.014709672411117,0.533,"Jose Siri is doing more damage against left-handed pitching","Estimated wOBA: 0.308 vs L, 0.293 vs R.","two_sided_opponent_hand_woba_gap_v1",30.2,332,"2026-09-19","2026-09-20 14:10:26 UTC"
"679529","Spencer Torkelson","Detroit Tigers","R","hitter","R",174,412,0.722311029915506,0.753644523502832,0.319597701149425,0.324890510948905,0.00529280979947999,0.635,"Spencer Torkelson is doing more damage against right-handed pitching","Estimated wOBA: 0.320 vs L, 0.325 vs R.","two_sided_opponent_hand_woba_gap_v1",30.1,334,"2026-09-19","2026-09-20 14:10:26 UTC"
"677870","Leo Jiménez","Miami Marlins","R","hitter","R",95,101,0.54749373433584,0.568095238095238,0.251473684210526,0.2703,0.018826315789474,0.487,"Leo Jiménez is doing more damage against right-handed pitching","Estimated wOBA: 0.251 vs L, 0.270 vs R.","two_sided_opponent_hand_woba_gap_v1",29.8,335,"2026-09-19","2026-09-20 14:10:26 UTC"
"677951","Bobby Witt Jr.","Kansas City Royals","R","hitter","R",155,440,0.794430262241819,0.787340153452685,0.333443708609272,0.341477272727273,0.00803356411800099,0.608,"Bobby Witt Jr. is doing more damage against right-handed pitching","Estimated wOBA: 0.333 vs L, 0.341 vs R.","two_sided_opponent_hand_woba_gap_v1",29.7,336,"2026-09-19","2026-09-20 14:10:26 UTC"
"676914","Davis Schneider","Toronto Blue Jays","R","hitter","R",80,64,0.541935483870968,0.649350649350649,0.260875,0.286031746031746,0.025156746031746,0.39,"Davis Schneider is doing more damage against right-handed pitching","Estimated wOBA: 0.261 vs L, 0.286 vs R.","two_sided_opponent_hand_woba_gap_v1",29.5,337,"2026-09-19","2026-09-20 14:10:26 UTC"
"696030","Alejandro Osuna","Texas Rangers","L","hitter","L",48,175,0.693181818181818,0.618101545253863,0.315416666666667,0.286091954022988,0.029324712643679,0.324,"Alejandro Osuna is doing more damage against left-handed pitching","Estimated wOBA: 0.315 vs L, 0.286 vs R.","two_sided_opponent_hand_woba_gap_v1",29.4,338,"2026-09-19","2026-09-20 14:10:26 UTC"
"643376","Danny Jansen","Texas Rangers","R","hitter","R",57,144,0.619666048237477,0.683769282360832,0.274,0.300704225352113,0.026704225352113,0.363,"Danny Jansen is doing more damage against right-handed pitching","Estimated wOBA: 0.274 vs L, 0.301 vs R.","two_sided_opponent_hand_woba_gap_v1",29.4,338,"2026-09-19","2026-09-20 14:10:26 UTC"
"553993","Eugenio Suárez","Cincinnati Reds","R","hitter","L",123,354,0.729372937293729,0.725531342480495,0.323252032520325,0.311497175141243,0.011754857379082,0.552,"Eugenio Suárez is doing more damage against left-handed pitching","Estimated wOBA: 0.323 vs L, 0.311 vs R.","two_sided_opponent_hand_woba_gap_v1",29.2,340,"2026-09-19","2026-09-20 14:10:26 UTC"
"645302","Victor Robles","Seattle Mariners","R","hitter","L",50,99,0.682086167800454,0.593369259606373,0.297755102040816,0.269484536082474,0.028270565958342,0.333,"Victor Robles is doing more damage against left-handed pitching","Estimated wOBA: 0.298 vs L, 0.269 vs R.","two_sided_opponent_hand_woba_gap_v1",29.1,341,"2026-09-19","2026-09-20 14:10:26 UTC"
"669357","Nolan Gorman","St. Louis Cardinals","L","hitter","R",46,248,0.524844720496894,0.590707309854987,0.230434782608696,0.260081300813008,0.029646518204312,0.315,"Nolan Gorman is doing more damage against right-handed pitching","Estimated wOBA: 0.230 vs L, 0.260 vs R.","two_sided_opponent_hand_woba_gap_v1",29,342,"2026-09-19","2026-09-20 14:10:26 UTC"
"702332","Caleb Durbin","Boston Red Sox","R","hitter","L",154,410,0.731687738310255,0.715193879516746,0.322185430463576,0.314975369458128,0.00721006100544802,0.606,"Caleb Durbin is doing more damage against left-handed pitching","Estimated wOBA: 0.322 vs L, 0.315 vs R.","two_sided_opponent_hand_woba_gap_v1",28.9,343,"2026-09-19","2026-09-20 14:10:26 UTC"
"641343","Jake Bauers","Milwaukee Brewers","L","hitter","L",153,393,0.910334967320261,0.876822725876208,0.386339869281046,0.379079283887468,0.00726058539357805,0.605,"Jake Bauers is doing more damage against left-handed pitching","Estimated wOBA: 0.386 vs L, 0.379 vs R.","two_sided_opponent_hand_woba_gap_v1",28.9,343,"2026-09-19","2026-09-20 14:10:26 UTC"
"673357","Luis Robert Jr.","Baltimore Orioles","R","hitter","L",68,162,0.753134040501447,0.687084520417854,0.322352941176471,0.299197530864198,0.023155410312273,0.405,"Luis Robert Jr. is doing more damage against left-handed pitching","Estimated wOBA: 0.322 vs L, 0.299 vs R.","two_sided_opponent_hand_woba_gap_v1",28.8,345,"2026-09-19","2026-09-20 14:10:26 UTC"
"687231","Darell Hernaiz","Athletics","R","hitter","L",58,99,0.635278514588859,0.568101879927229,0.288103448275862,0.262061855670103,0.026041592605759,0.367,"Darell Hernaiz is doing more damage against left-handed pitching","Estimated wOBA: 0.288 vs L, 0.262 vs R.","two_sided_opponent_hand_woba_gap_v1",28.7,346,"2026-09-19","2026-09-20 14:10:26 UTC"
"663586","Austin Riley","Atlanta Braves","R","hitter","L",177,429,0.638964825952251,0.653121814247134,0.287401129943503,0.283986013986014,0.003415115957489,0.639,"Austin Riley is doing more damage against left-handed pitching","Estimated wOBA: 0.287 vs L, 0.284 vs R.","two_sided_opponent_hand_woba_gap_v1",28.5,347,"2026-09-19","2026-09-20 14:10:26 UTC"
"687093","Vaughn Grissom","Los Angeles Angels","R","hitter","L",169,273,0.689497716894977,0.699348059061681,0.305297619047619,0.301066176470588,0.00423144257703101,0.628,"Vaughn Grissom is doing more damage against left-handed pitching","Estimated wOBA: 0.305 vs L, 0.301 vs R.","two_sided_opponent_hand_woba_gap_v1",28.5,347,"2026-09-19","2026-09-20 14:10:26 UTC"
"593428","Xander Bogaerts","San Diego Padres","R","hitter","R",155,431,0.649352484106428,0.667069083683876,0.291818181818182,0.297354988399072,0.00553680658089001,0.608,"Xander Bogaerts is doing more damage against right-handed pitching","Estimated wOBA: 0.292 vs L, 0.297 vs R.","two_sided_opponent_hand_woba_gap_v1",28.4,349,"2026-09-19","2026-09-20 14:10:26 UTC"
"621020","Dansby Swanson","Chicago Cubs","R","hitter","L",136,332,0.75230352303523,0.694772168257806,0.315185185185185,0.304728915662651,0.010456269522534,0.576,"Dansby Swanson is doing more damage against left-handed pitching","Estimated wOBA: 0.315 vs L, 0.305 vs R.","two_sided_opponent_hand_woba_gap_v1",28.4,349,"2026-09-19","2026-09-20 14:10:26 UTC"
"668952","Ryan Kreidler","Minnesota Twins","R","hitter","L",111,146,0.668431317915854,0.660269865067466,0.295135135135135,0.282689655172414,0.012445479962721,0.526,"Ryan Kreidler is doing more damage against left-handed pitching","Estimated wOBA: 0.295 vs L, 0.283 vs R.","two_sided_opponent_hand_woba_gap_v1",28.3,351,"2026-09-19","2026-09-20 14:10:26 UTC"
"621493","Taylor Ward","Seattle Mariners","R","hitter","L",189,414,0.679399214883086,0.65609106492697,0.307513227513228,0.305410628019324,0.00210259949390401,0.654,"Taylor Ward is doing more damage against left-handed pitching","Estimated wOBA: 0.308 vs L, 0.305 vs R.","two_sided_opponent_hand_woba_gap_v1",27.6,352,"2026-09-19","2026-09-20 14:10:26 UTC"
"662139","Daulton Varsho","Houston Astros","L","hitter","R",135,390,0.615343915343915,0.638818655810299,0.269407407407407,0.278564102564103,0.00915669515669604,0.574,"Daulton Varsho is doing more damage against right-handed pitching","Estimated wOBA: 0.269 vs L, 0.279 vs R.","two_sided_opponent_hand_woba_gap_v1",27.5,353,"2026-09-19","2026-09-20 14:10:26 UTC"
"663538","Nico Hoerner","Chicago Cubs","R","hitter","L",171,491,0.6814520578175,0.66728923310166,0.296608187134503,0.293869653767821,0.00273853336668201,0.631,"Nico Hoerner is doing more damage against left-handed pitching","Estimated wOBA: 0.297 vs L, 0.294 vs R.","two_sided_opponent_hand_woba_gap_v1",27.3,354,"2026-09-19","2026-09-20 14:10:26 UTC"
"661388","William Contreras","Milwaukee Brewers","R","hitter","R",175,437,0.747399267399267,0.756897259872088,0.323828571428571,0.326298850574713,0.00247027914614195,0.636,"William Contreras is doing more damage against right-handed pitching","Estimated wOBA: 0.324 vs L, 0.326 vs R.","two_sided_opponent_hand_woba_gap_v1",27.3,354,"2026-09-19","2026-09-20 14:10:26 UTC"
"641355","Cody Bellinger","New York Yankees","L","hitter","L",194,349,0.79044752994458,0.779491756306073,0.338453608247423,0.337765042979943,0.000688565267480012,0.66,"Cody Bellinger is doing more damage against left-handed pitching","Estimated wOBA: 0.338 vs L, 0.338 vs R.","two_sided_opponent_hand_woba_gap_v1",27.3,354,"2026-09-19","2026-09-20 14:10:26 UTC"
"680869","Zack Gelof","Athletics","R","hitter","L",108,300,0.787757009345794,0.755219297159414,0.336448598130841,0.324832214765101,0.01161638336574,0.519,"Zack Gelof is doing more damage against left-handed pitching","Estimated wOBA: 0.336 vs L, 0.325 vs R.","two_sided_opponent_hand_woba_gap_v1",27,357,"2026-09-19","2026-09-20 14:10:26 UTC"
"694728","Brice Matthews","Houston Astros","R","hitter","L",82,145,0.616322701688555,0.55239898989899,0.262439024390244,0.245138888888889,0.017300135501355,0.451,"Brice Matthews is doing more damage against left-handed pitching","Estimated wOBA: 0.262 vs L, 0.245 vs R.","two_sided_opponent_hand_woba_gap_v1",26.8,358,"2026-09-19","2026-09-20 14:10:26 UTC"
"669392","Samad Taylor","San Diego Padres","R","hitter","R",48,108,0.797222222222222,0.846013911182451,0.347083333333333,0.373428571428571,0.026345238095238,0.324,"Samad Taylor is doing more damage against right-handed pitching","Estimated wOBA: 0.347 vs L, 0.373 vs R.","two_sided_opponent_hand_woba_gap_v1",26.6,359,"2026-09-19","2026-09-20 14:10:26 UTC"
"663757","Trent Grisham","New York Yankees","L","hitter","R",137,349,0.685769439584967,0.705935493791566,0.300875912408759,0.307040229885057,0.00616431747629803,0.578,"Trent Grisham is doing more damage against right-handed pitching","Estimated wOBA: 0.301 vs L, 0.307 vs R.","two_sided_opponent_hand_woba_gap_v1",26.5,360,"2026-09-19","2026-09-20 14:10:26 UTC"
"571970","Max Muncy","Los Angeles Dodgers","L","hitter","L",126,409,0.862719862719863,0.84054159561135,0.367857142857143,0.359242053789731,0.00861508906741199,0.558,"Max Muncy is doing more damage against left-handed pitching","Estimated wOBA: 0.368 vs L, 0.359 vs R.","two_sided_opponent_hand_woba_gap_v1",26.3,361,"2026-09-19","2026-09-20 14:10:26 UTC"
"545361","Mike Trout","Los Angeles Angels","R","hitter","R",169,431,0.789285714285714,0.786307637005327,0.344156626506024,0.346348837209302,0.00219221070327796,0.628,"Mike Trout is doing more damage against right-handed pitching","Estimated wOBA: 0.344 vs L, 0.346 vs R.","two_sided_opponent_hand_woba_gap_v1",26.2,362,"2026-09-19","2026-09-20 14:10:26 UTC"
"666152","David Hamilton","Milwaukee Brewers","L","hitter","R",75,295,0.605099502487562,0.645614035087719,0.269583333333333,0.287228070175439,0.017644736842106,0.429,"David Hamilton is doing more damage against right-handed pitching","Estimated wOBA: 0.270 vs L, 0.287 vs R.","two_sided_opponent_hand_woba_gap_v1",26.1,363,"2026-09-19","2026-09-20 14:10:26 UTC"
"805999","A.J. Ewing","New York Mets","L","hitter","R",126,341,0.677820677820678,0.698611594539196,0.297619047619048,0.306065088757396,0.00844604113834801,0.558,"A.J. Ewing is doing more damage against right-handed pitching","Estimated wOBA: 0.298 vs L, 0.306 vs R.","two_sided_opponent_hand_woba_gap_v1",26,364,"2026-09-19","2026-09-20 14:10:26 UTC"
"663743","Nick Fortes","Tampa Bay Rays","R","hitter","R",154,154,0.677444487728866,0.702014138988929,0.30046357615894,0.303529411764706,0.00306583560576601,0.606,"Nick Fortes is doing more damage against right-handed pitching","Estimated wOBA: 0.300 vs L, 0.304 vs R.","two_sided_opponent_hand_woba_gap_v1",25.8,365,"2026-09-19","2026-09-20 14:10:26 UTC"
"691777","Max Muncy","Athletics","R","hitter","L",105,182,0.676923076923077,0.673076923076923,0.299714285714286,0.288956043956044,0.010758241758242,0.512,"Max Muncy is doing more damage against left-handed pitching","Estimated wOBA: 0.300 vs L, 0.289 vs R.","two_sided_opponent_hand_woba_gap_v1",25.7,366,"2026-09-19","2026-09-20 14:10:26 UTC"
"676356","Jonny DeLuca","Tampa Bay Rays","R","hitter","R",140,198,0.688078892884385,0.70447672534831,0.297028985507246,0.301725888324873,0.00469690281762702,0.583,"Jonny DeLuca is doing more damage against right-handed pitching","Estimated wOBA: 0.297 vs L, 0.302 vs R.","two_sided_opponent_hand_woba_gap_v1",25.3,367,"2026-09-19","2026-09-20 14:10:26 UTC"
"620443","Luis Torrens","New York Mets","R","hitter","L",81,187,0.738356164383562,0.700363521416153,0.31775,0.304432432432432,0.013317567567568,0.448,"Luis Torrens is doing more damage against left-handed pitching","Estimated wOBA: 0.318 vs L, 0.304 vs R.","two_sided_opponent_hand_woba_gap_v1",25.3,367,"2026-09-19","2026-09-20 14:10:26 UTC"
"694362","Blake Dunn","Cincinnati Reds","R","hitter","R",42,113,0.666666666666667,0.74405017613197,0.296904761904762,0.323274336283186,0.026369574378424,0.296,"Blake Dunn is doing more damage against right-handed pitching","Estimated wOBA: 0.297 vs L, 0.323 vs R.","two_sided_opponent_hand_woba_gap_v1",25.3,367,"2026-09-19","2026-09-20 14:10:26 UTC"
"683011","Anthony Volpe","New York Yankees","R","hitter","R",96,132,0.650920542635659,0.658119658119658,0.285625,0.296666666666667,0.011041666666667,0.49,"Anthony Volpe is doing more damage against right-handed pitching","Estimated wOBA: 0.286 vs L, 0.297 vs R.","two_sided_opponent_hand_woba_gap_v1",24.8,370,"2026-09-19","2026-09-20 14:10:26 UTC"
"664954","Brett Sullivan","Colorado Rockies","L","hitter","L",59,168,0.704944697462589,0.678571428571429,0.306724137931034,0.287440476190476,0.019283661740558,0.371,"Brett Sullivan is doing more damage against left-handed pitching","Estimated wOBA: 0.307 vs L, 0.287 vs R.","two_sided_opponent_hand_woba_gap_v1",24.7,371,"2026-09-19","2026-09-20 14:10:26 UTC"
"678391","Jorbit Vivas","Washington Nationals","L","hitter","R",51,301,0.612727272727273,0.682676174496644,0.2836,0.305,0.0214,0.338,"Jorbit Vivas is doing more damage against right-handed pitching","Estimated wOBA: 0.284 vs L, 0.305 vs R.","two_sided_opponent_hand_woba_gap_v1",24.4,372,"2026-09-19","2026-09-20 14:10:26 UTC"
"641487","J.P. Crawford","Seattle Mariners","L","hitter","R",153,309,0.660117125499425,0.702410821424675,0.309470198675497,0.310064724919094,0.00059452624359696,0.605,"J.P. Crawford is doing more damage against right-handed pitching","Estimated wOBA: 0.309 vs L, 0.310 vs R.","two_sided_opponent_hand_woba_gap_v1",23,373,"2026-09-19","2026-09-20 14:10:26 UTC"
"700932","Kyle Manzardo","Cleveland Guardians","L","hitter","R",73,283,0.625799086757991,0.697613438779517,0.291369863013699,0.303250883392226,0.011881020378527,0.422,"Kyle Manzardo is doing more damage against right-handed pitching","Estimated wOBA: 0.291 vs L, 0.303 vs R.","two_sided_opponent_hand_woba_gap_v1",23,373,"2026-09-19","2026-09-20 14:10:26 UTC"
"672386","Alejandro Kirk","Toronto Blue Jays","R","hitter","L",89,201,0.779303648217506,0.758747697974217,0.338988764044944,0.328457711442786,0.010531052602158,0.471,"Alejandro Kirk is doing more damage against left-handed pitching","Estimated wOBA: 0.339 vs L, 0.328 vs R.","two_sided_opponent_hand_woba_gap_v1",22.9,375,"2026-09-19","2026-09-20 14:10:26 UTC"
"665926","Andrés Giménez","Toronto Blue Jays","L","hitter","R",139,348,0.631445904954499,0.645551040864911,0.277826086956522,0.280028818443804,0.00220273148728201,0.582,"Andrés Giménez is doing more damage against right-handed pitching","Estimated wOBA: 0.278 vs L, 0.280 vs R.","two_sided_opponent_hand_woba_gap_v1",22.7,376,"2026-09-19","2026-09-20 14:10:26 UTC"
"630105","Jake Cronenworth","San Diego Padres","L","hitter","L",91,311,0.624364123159304,0.596591311742612,0.280555555555556,0.27084142394822,0.00971413160733603,0.476,"Jake Cronenworth is doing more damage against left-handed pitching","Estimated wOBA: 0.281 vs L, 0.271 vs R.","two_sided_opponent_hand_woba_gap_v1",22.7,376,"2026-09-19","2026-09-20 14:10:26 UTC"
"680777","Ryan Jeffers","Minnesota Twins","R","hitter","L",131,220,0.799861207494795,0.824046161092793,0.352977099236641,0.350045454545455,0.00293164469118601,0.567,"Ryan Jeffers is doing more damage against left-handed pitching","Estimated wOBA: 0.353 vs L, 0.350 vs R.","two_sided_opponent_hand_woba_gap_v1",22.5,378,"2026-09-19","2026-09-20 14:10:26 UTC"
"702616","Jackson Holliday","Baltimore Orioles","L","hitter","R",91,262,0.601581345483785,0.637341585617448,0.270549450549451,0.27911877394636,0.00856932339690897,0.476,"Jackson Holliday is doing more damage against right-handed pitching","Estimated wOBA: 0.271 vs L, 0.279 vs R.","two_sided_opponent_hand_woba_gap_v1",22.1,379,"2026-09-19","2026-09-20 14:10:26 UTC"
"806068","Colt Emerson","Seattle Mariners","L","hitter","L",81,161,0.59358024691358,0.570280612244898,0.258641975308642,0.248,0.010641975308642,0.448,"Colt Emerson is doing more damage against left-handed pitching","Estimated wOBA: 0.259 vs L, 0.248 vs R.","two_sided_opponent_hand_woba_gap_v1",21.9,380,"2026-09-19","2026-09-20 14:10:26 UTC"
"665804","Miguel Amaya","Chicago Cubs","R","hitter","R",72,167,0.696125907990315,0.733760136577038,0.314,0.325515151515152,0.011515151515152,0.419,"Miguel Amaya is doing more damage against right-handed pitching","Estimated wOBA: 0.314 vs L, 0.326 vs R.","two_sided_opponent_hand_woba_gap_v1",21.7,381,"2026-09-19","2026-09-20 14:10:26 UTC"
"663968","Jake Mangum","Pittsburgh Pirates","R","hitter","R",130,329,0.700854700854701,0.710756646216769,0.309767441860465,0.311876923076923,0.00210948121645799,0.565,"Jake Mangum is doing more damage against right-handed pitching","Estimated wOBA: 0.310 vs L, 0.312 vs R.","two_sided_opponent_hand_woba_gap_v1",21.1,382,"2026-09-19","2026-09-20 14:10:26 UTC"
"699912","Jose Fernandez","Arizona Diamondbacks","R","hitter","R",67,148,0.625610948191593,0.65890522875817,0.276969696969697,0.288472222222222,0.011502525252525,0.401,"Jose Fernandez is doing more damage against right-handed pitching","Estimated wOBA: 0.277 vs L, 0.288 vs R.","two_sided_opponent_hand_woba_gap_v1",20.9,383,"2026-09-19","2026-09-20 14:10:26 UTC"
"665833","Oneil Cruz","Pittsburgh Pirates","L","hitter","L",133,268,0.844227504244482,0.843057440072365,0.364210526315789,0.363320895522388,0.000889630793400986,0.571,"Oneil Cruz is doing more damage against left-handed pitching","Estimated wOBA: 0.364 vs L, 0.363 vs R.","two_sided_opponent_hand_woba_gap_v1",20.8,384,"2026-09-19","2026-09-20 14:10:26 UTC"
"669236","Jeremiah Jackson","Baltimore Orioles","R","hitter","R",92,181,0.612573473038589,0.624596812825344,0.26,0.265414364640884,0.00541436464088402,0.479,"Jeremiah Jackson is doing more damage against right-handed pitching","Estimated wOBA: 0.260 vs L, 0.265 vs R.","two_sided_opponent_hand_woba_gap_v1",20.5,385,"2026-09-19","2026-09-20 14:10:26 UTC"
"642201","Eli White","Boston Red Sox","R","hitter","R",117,87,0.677390743428479,0.699121027721433,0.293418803418803,0.299310344827586,0.00589154140878301,0.465,"Eli White is doing more damage against right-handed pitching","Estimated wOBA: 0.293 vs L, 0.299 vs R.","two_sided_opponent_hand_woba_gap_v1",20.3,386,"2026-09-19","2026-09-20 14:10:26 UTC"
"682622","Noelvi Marte","Cincinnati Reds","R","hitter","R",53,148,0.541620421753607,0.552595761228855,0.229622641509434,0.241283783783784,0.01166114227435,0.346,"Noelvi Marte is doing more damage against right-handed pitching","Estimated wOBA: 0.230 vs L, 0.241 vs R.","two_sided_opponent_hand_woba_gap_v1",18.7,387,"2026-09-19","2026-09-20 14:10:26 UTC"
"682674","Victor Bericoto","San Francisco Giants","R","hitter","L",53,40,0.74455732946299,0.711538461538462,0.315283018867925,0.3,0.015283018867925,0.286,"Victor Bericoto is doing more damage against left-handed pitching","Estimated wOBA: 0.315 vs L, 0.300 vs R.","two_sided_opponent_hand_woba_gap_v1",18,388,"2026-09-19","2026-09-20 14:10:26 UTC"
"680664","Eduardo Valencia","Detroit Tigers","R","hitter","R",49,62,0.951955782312925,0.954846131722749,0.395102040816326,0.40672131147541,0.011619270659084,0.329,"Eduardo Valencia is doing more damage against right-handed pitching","Estimated wOBA: 0.395 vs L, 0.407 vs R.","two_sided_opponent_hand_woba_gap_v1",17.8,389,"2026-09-19","2026-09-20 14:10:26 UTC"
"666971","Lourdes Gurriel Jr.","Arizona Diamondbacks","R","hitter","R",54,147,0.519259259259259,0.560524209683874,0.233333333333333,0.244081632653061,0.010748299319728,0.351,"Lourdes Gurriel Jr. is doing more damage against right-handed pitching","Estimated wOBA: 0.233 vs L, 0.244 vs R.","two_sided_opponent_hand_woba_gap_v1",17.5,390,"2026-09-19","2026-09-20 14:10:26 UTC"
"543877","Christian Vázquez","Houston Astros","R","hitter","R",63,199,0.579234972677596,0.585748111399256,0.249180327868852,0.256820512820513,0.00764018495166099,0.387,"Christian Vázquez is doing more damage against right-handed pitching","Estimated wOBA: 0.249 vs L, 0.257 vs R.","two_sided_opponent_hand_woba_gap_v1",17.2,391,"2026-09-19","2026-09-20 14:10:26 UTC"
"665966","Carlos Narváez","Baltimore Orioles","R","hitter","R",76,199,0.455882352941176,0.479349415204678,0.215,0.219114583333333,0.00411458333333301,0.432,"Carlos Narváez is doing more damage against right-handed pitching","Estimated wOBA: 0.215 vs L, 0.219 vs R.","two_sided_opponent_hand_woba_gap_v1",16.6,392,"2026-09-19","2026-09-20 14:10:26 UTC"
"622761","Jorge Mateo","Tampa Bay Rays","R","hitter","R",83,124,0.569467744395303,0.576593923833975,0.249397590361446,0.251869918699187,0.00247232833774103,0.454,"Jorge Mateo is doing more damage against right-handed pitching","Estimated wOBA: 0.249 vs L, 0.252 vs R.","two_sided_opponent_hand_woba_gap_v1",16.2,393,"2026-09-19","2026-09-20 14:10:26 UTC"
"660688","Keibert Ruiz","Washington Nationals","R","hitter","R",94,247,0.774704491725768,0.780408378806548,0.332127659574468,0.332753036437247,0.000625376862779026,0.485,"Keibert Ruiz is doing more damage against right-handed pitching","Estimated wOBA: 0.332 vs L, 0.333 vs R.","two_sided_opponent_hand_woba_gap_v1",16,394,"2026-09-19","2026-09-20 14:10:26 UTC"
"695490","Edwin Arroyo","Cincinnati Reds","R","hitter","L",43,117,0.572887124220079,0.512555871596912,0.244883720930233,0.234173913043478,0.010709807886755,0.301,"Edwin Arroyo is doing more damage against left-handed pitching","Estimated wOBA: 0.245 vs L, 0.234 vs R.","two_sided_opponent_hand_woba_gap_v1",14.8,395,"2026-09-19","2026-09-20 14:10:26 UTC"
"813841","Jonah Cox","San Francisco Giants","R","hitter","R",77,63,0.763809523809524,0.750877192982456,0.325333333333333,0.328245614035088,0.00291228070175503,0.387,"Jonah Cox is doing more damage against right-handed pitching","Estimated wOBA: 0.325 vs L, 0.328 vs R.","two_sided_opponent_hand_woba_gap_v1",13.5,396,"2026-09-19","2026-09-20 14:10:26 UTC"
"694197","Angel Genao","Cleveland Guardians","R","hitter","L",40,90,0.608333333333333,0.578045515394913,0.27,0.26,0.01,0.286,"Angel Genao is doing more damage against left-handed pitching","Estimated wOBA: 0.270 vs L, 0.260 vs R.","two_sided_opponent_hand_woba_gap_v1",13.4,397,"2026-09-19","2026-09-20 14:10:26 UTC"
"686765","Nick Sogard","Boston Red Sox","R","hitter","R",57,194,0.751075802714333,0.724867724867725,0.320350877192982,0.322751322751323,0.00240044555834101,0.363,"Nick Sogard is doing more damage against right-handed pitching","Estimated wOBA: 0.320 vs L, 0.323 vs R.","two_sided_opponent_hand_woba_gap_v1",11.7,398,"2026-09-19","2026-09-20 14:10:26 UTC"
"669134","Luis Campusano","San Diego Padres","R","hitter","L",51,186,0.804367201426025,0.801208842583317,0.353137254901961,0.349677419354839,0.00345983554712204,0.338,"Luis Campusano is doing more damage against left-handed pitching","Estimated wOBA: 0.353 vs L, 0.350 vs R.","two_sided_opponent_hand_woba_gap_v1",11.7,398,"2026-09-19","2026-09-20 14:10:26 UTC"
"702222","Justin Crawford","Philadelphia Phillies","L","hitter","R",62,382,0.644009216589862,0.670365615064808,0.290483870967742,0.292260638297872,0.00177676733013005,0.383,"Justin Crawford is doing more damage against right-handed pitching","Estimated wOBA: 0.290 vs L, 0.292 vs R.","two_sided_opponent_hand_woba_gap_v1",11.6,400,"2026-09-19","2026-09-20 14:10:26 UTC"
"695720","Tommy White","Athletics","R","hitter","R",63,116,0.580275826177465,0.607142857142857,0.259365079365079,0.259827586206897,0.000462506841817978,0.387,"Tommy White is doing more damage against right-handed pitching","Estimated wOBA: 0.259 vs L, 0.260 vs R.","two_sided_opponent_hand_woba_gap_v1",11.1,401,"2026-09-19","2026-09-20 14:10:26 UTC"
"694377","Nick Yorke","Pittsburgh Pirates","R","hitter","R",61,56,0.569597615499255,0.55621521335807,0.254098360655738,0.256,0.00190163934426202,0.359,"Nick Yorke is doing more damage against right-handed pitching","Estimated wOBA: 0.254 vs L, 0.256 vs R.","two_sided_opponent_hand_woba_gap_v1",10.6,402,"2026-09-19","2026-09-20 14:10:26 UTC"
"701785","Kaelen Culpepper","Minnesota Twins","R","hitter","L",46,74,0.754658385093168,0.725897539330375,0.323913043478261,0.320405405405405,0.00350763807285598,0.315,"Kaelen Culpepper is doing more damage against left-handed pitching","Estimated wOBA: 0.324 vs L, 0.320 vs R.","two_sided_opponent_hand_woba_gap_v1",10.5,403,"2026-09-19","2026-09-20 14:10:26 UTC"
