"player_id","player_name","team","player_hand","perspective","stronger_opponent_hand","pa_vs_l","pa_vs_r","ops_vs_l","ops_vs_r","woba_vs_l","woba_vs_r","woba_gap","split_reliability","headline","evidence","matchup_method","matchup_edge_score","matchup_edge_rank","source_through","generated_at_utc"
"650911","Cristopher Sánchez","Philadelphia Phillies","L","pitcher","L",180,625,0.377634586084307,0.76560352749745,0.166480446927374,0.332576489533011,0.166096042605637,0.643,"Cristopher Sánchez is limiting left-handed batters more effectively","Estimated wOBA: 0.166 vs L, 0.333 vs R.","two_sided_opponent_hand_woba_gap_v1",87.2,1,"2026-09-15","2026-09-16 14:47:14 UTC"
"605288","Adrian Houser","San Francisco Giants","R","pitcher","R",284,186,0.883620198335803,0.551877470355731,0.376749116607774,0.235380434782609,0.141368681825165,0.65,"Adrian Houser is limiting right-handed batters more effectively","Estimated wOBA: 0.377 vs L, 0.235 vs R.","two_sided_opponent_hand_woba_gap_v1",85.8,2,"2026-09-15","2026-09-16 14:47:14 UTC"
"681517","Kyle Leahy","St. Louis Cardinals","R","pitcher","R",310,261,0.851759056268922,0.585659128516271,0.368608414239482,0.254440154440154,0.114168259799328,0.723,"Kyle Leahy is limiting right-handed batters more effectively","Estimated wOBA: 0.369 vs L, 0.254 vs R.","two_sided_opponent_hand_woba_gap_v1",84.8,3,"2026-09-15","2026-09-16 14:47:14 UTC"
"641743","Anthony Kay","Chicago White Sox","L","pitcher","L",173,481,0.522171945701357,0.859913880651582,0.235705882352941,0.369874476987448,0.134168594634507,0.634,"Anthony Kay is limiting left-handed batters more effectively","Estimated wOBA: 0.236 vs L, 0.370 vs R.","two_sided_opponent_hand_woba_gap_v1",84.3,4,"2026-09-15","2026-09-16 14:47:14 UTC"
"666200","Jesús Luzardo","Philadelphia Phillies","L","pitcher","L",176,554,0.373316409280023,0.686240632198991,0.17183908045977,0.300815217391304,0.128976136931534,0.638,"Jesús Luzardo is limiting left-handed batters more effectively","Estimated wOBA: 0.172 vs L, 0.301 vs R.","two_sided_opponent_hand_woba_gap_v1",83.1,5,"2026-09-15","2026-09-16 14:47:14 UTC"
"678606","José A. Ferrer","Seattle Mariners","L","pitcher","L",133,135,0.558514155196249,0.92022792022792,0.246259541984733,0.39762962962963,0.151370087644897,0.571,"José A. Ferrer is limiting left-handed batters more effectively","Estimated wOBA: 0.246 vs L, 0.398 vs R.","two_sided_opponent_hand_woba_gap_v1",82.7,6,"2026-09-15","2026-09-16 14:47:14 UTC"
"689254","Mason Fluharty","Toronto Blue Jays","L","pitcher","L",134,116,0.420454545454545,0.88,0.192348484848485,0.382173913043478,0.189825428194993,0.537,"Mason Fluharty is limiting left-handed batters more effectively","Estimated wOBA: 0.192 vs L, 0.382 vs R.","two_sided_opponent_hand_woba_gap_v1",82.5,7,"2026-09-15","2026-09-16 14:47:14 UTC"
"670167","John Schreiber","New York Yankees","R","pitcher","R",110,117,0.931914893617021,0.397202342225114,0.395963302752294,0.179741379310345,0.216221923441949,0.524,"John Schreiber is limiting right-handed batters more effectively","Estimated wOBA: 0.396 vs L, 0.180 vs R.","two_sided_opponent_hand_woba_gap_v1",82.3,8,"2026-09-15","2026-09-16 14:47:14 UTC"
"665871","Javier Assad","Chicago Cubs","R","pitcher","R",190,170,0.847953216374269,0.53333083664145,0.360740740740741,0.236390532544379,0.124350208196362,0.63,"Javier Assad is limiting right-handed batters more effectively","Estimated wOBA: 0.361 vs L, 0.236 vs R.","two_sided_opponent_hand_woba_gap_v1",82.2,9,"2026-09-15","2026-09-16 14:47:14 UTC"
"669020","Ryan Rolison","Chicago Cubs","L","pitcher","L",112,129,0.395225225225225,0.889636882904937,0.187567567567568,0.380232558139535,0.192664990571967,0.528,"Ryan Rolison is limiting left-handed batters more effectively","Estimated wOBA: 0.188 vs L, 0.380 vs R.","two_sided_opponent_hand_woba_gap_v1",82.2,9,"2026-09-15","2026-09-16 14:47:14 UTC"
"681190","Randy Vásquez","San Diego Padres","R","pitcher","R",328,231,0.848028651766106,0.604415082178537,0.360886850152905,0.262198275862069,0.098688574290836,0.698,"Randy Vásquez is limiting right-handed batters more effectively","Estimated wOBA: 0.361 vs L, 0.262 vs R.","two_sided_opponent_hand_woba_gap_v1",81,11,"2026-09-15","2026-09-16 14:47:14 UTC"
"672782","Yoendrys Gómez","Minnesota Twins","R","pitcher","R",145,127,0.858620689655172,0.483385254413292,0.367310344827586,0.232460317460317,0.134850027367269,0.559,"Yoendrys Gómez is limiting right-handed batters more effectively","Estimated wOBA: 0.367 vs L, 0.232 vs R.","two_sided_opponent_hand_woba_gap_v1",80.8,12,"2026-09-15","2026-09-16 14:47:14 UTC"
"675848","Juan Mejia","Colorado Rockies","R","pitcher","R",148,150,0.958550862205347,0.603383871676555,0.407959183673469,0.28472972972973,0.123229453943739,0.597,"Juan Mejia is limiting right-handed batters more effectively","Estimated wOBA: 0.408 vs L, 0.285 vs R.","two_sided_opponent_hand_woba_gap_v1",80.6,13,"2026-09-15","2026-09-16 14:47:14 UTC"
"642528","Jonathan Loáisiga","Arizona Diamondbacks","R","pitcher","R",120,116,0.758397534668721,0.405483069276173,0.323389830508475,0.181034482758621,0.142355347749854,0.537,"Jonathan Loáisiga is limiting right-handed batters more effectively","Estimated wOBA: 0.323 vs L, 0.181 vs R.","two_sided_opponent_hand_woba_gap_v1",80.1,14,"2026-09-15","2026-09-16 14:47:14 UTC"
"666277","George Soriano","St. Louis Cardinals","R","pitcher","L",152,129,0.58925680647535,0.937794811320755,0.264172185430464,0.394453125,0.130280939569536,0.563,"George Soriano is limiting left-handed batters more effectively","Estimated wOBA: 0.264 vs L, 0.394 vs R.","two_sided_opponent_hand_woba_gap_v1",79.9,15,"2026-09-15","2026-09-16 14:47:14 UTC"
"656288","Griffin Canning","San Diego Padres","R","pitcher","R",209,147,0.928543415169817,0.601683410263372,0.39444976076555,0.275448275862069,0.119001484903481,0.595,"Griffin Canning is limiting right-handed batters more effectively","Estimated wOBA: 0.394 vs L, 0.275 vs R.","two_sided_opponent_hand_woba_gap_v1",79.7,16,"2026-09-15","2026-09-16 14:47:14 UTC"
"668984","Casey Legumina","Tampa Bay Rays","R","pitcher","L",121,160,0.565740740740741,0.885588117221999,0.246083333333333,0.379433962264151,0.133350628930818,0.548,"Casey Legumina is limiting left-handed batters more effectively","Estimated wOBA: 0.246 vs L, 0.379 vs R.","two_sided_opponent_hand_woba_gap_v1",79.6,17,"2026-09-15","2026-09-16 14:47:14 UTC"
"667297","Tommy Nance","Minnesota Twins","R","pitcher","R",116,130,0.905154639175258,0.565321563682219,0.383070175438596,0.247769230769231,0.135300944669365,0.537,"Tommy Nance is limiting right-handed batters more effectively","Estimated wOBA: 0.383 vs L, 0.248 vs R.","two_sided_opponent_hand_woba_gap_v1",79.4,18,"2026-09-15","2026-09-16 14:47:14 UTC"
"695505","Chase Burns","Cincinnati Reds","R","pitcher","R",393,222,0.724674652469684,0.498810130885603,0.315331632653061,0.219504504504505,0.095827128148556,0.689,"Chase Burns is limiting right-handed batters more effectively","Estimated wOBA: 0.315 vs L, 0.220 vs R.","two_sided_opponent_hand_woba_gap_v1",79.3,19,"2026-09-15","2026-09-16 14:47:14 UTC"
"642121","Cole Sulser","Tampa Bay Rays","R","pitcher","L",123,87,0.496891684341403,1.05747126436782,0.211932773109244,0.44183908045977,0.229906307350526,0.465,"Cole Sulser is limiting left-handed batters more effectively","Estimated wOBA: 0.212 vs L, 0.442 vs R.","two_sided_opponent_hand_woba_gap_v1",79.3,19,"2026-09-15","2026-09-16 14:47:14 UTC"
"694918","Blade Tidwell","San Francisco Giants","R","pitcher","R",123,99,0.860832137733142,0.463980463980464,0.375853658536585,0.206969696969697,0.168883961566888,0.497,"Blade Tidwell is limiting right-handed batters more effectively","Estimated wOBA: 0.376 vs L, 0.207 vs R.","two_sided_opponent_hand_woba_gap_v1",79,21,"2026-09-15","2026-09-16 14:47:14 UTC"
"641816","Tyler Mahle","Atlanta Braves","R","pitcher","L",320,251,0.624133666005587,0.817908404920129,0.268746081504702,0.355502008032129,0.086755926527427,0.715,"Tyler Mahle is limiting left-handed batters more effectively","Estimated wOBA: 0.269 vs L, 0.356 vs R.","two_sided_opponent_hand_woba_gap_v1",78.8,22,"2026-09-15","2026-09-16 14:47:14 UTC"
"688297","Chris Roycroft","Athletics","R","pitcher","L",80,80,0.572359154929577,1.2745027124774,0.249240506329114,0.536708860759494,0.28746835443038,0.444,"Chris Roycroft is limiting left-handed batters more effectively","Estimated wOBA: 0.249 vs L, 0.537 vs R.","two_sided_opponent_hand_woba_gap_v1",78.5,23,"2026-09-15","2026-09-16 14:47:14 UTC"
"683769","Hunter Gaddis","Cleveland Guardians","R","pitcher","R",114,118,0.776619767239882,0.455286521388216,0.340350877192982,0.209322033898305,0.131028843294677,0.533,"Hunter Gaddis is limiting right-handed batters more effectively","Estimated wOBA: 0.340 vs L, 0.209 vs R.","two_sided_opponent_hand_woba_gap_v1",78.3,24,"2026-09-15","2026-09-16 14:47:14 UTC"
"681982","Grant Anderson","Milwaukee Brewers","R","pitcher","R",91,143,0.965659340659341,0.497304222495062,0.398791208791209,0.222657342657343,0.176133866133866,0.476,"Grant Anderson is limiting right-handed batters more effectively","Estimated wOBA: 0.399 vs L, 0.223 vs R.","two_sided_opponent_hand_woba_gap_v1",78.1,25,"2026-09-15","2026-09-16 14:47:14 UTC"
"668964","Tobias Myers","New York Mets","R","pitcher","L",111,101,0.662290862290862,0.991397849462366,0.279189189189189,0.4194,0.140210810810811,0.502,"Tobias Myers is limiting left-handed batters more effectively","Estimated wOBA: 0.279 vs L, 0.419 vs R.","two_sided_opponent_hand_woba_gap_v1",77.4,26,"2026-09-15","2026-09-16 14:47:14 UTC"
"547179","Michael Lorenzen","Toronto Blue Jays","R","pitcher","R",342,277,1.04770542174646,0.822634942371334,0.436461988304093,0.354855072463768,0.081606915840325,0.735,"Michael Lorenzen is limiting right-handed batters more effectively","Estimated wOBA: 0.436 vs L, 0.355 vs R.","two_sided_opponent_hand_woba_gap_v1",77.3,27,"2026-09-15","2026-09-16 14:47:14 UTC"
"690997","Nolan McLean","New York Mets","R","pitcher","R",424,273,0.725563861734075,0.513038645030802,0.318628841607565,0.236789667896679,0.081839173710886,0.732,"Nolan McLean is limiting right-handed batters more effectively","Estimated wOBA: 0.319 vs L, 0.237 vs R.","two_sided_opponent_hand_woba_gap_v1",77.1,28,"2026-09-15","2026-09-16 14:47:14 UTC"
"596133","Luke Weaver","Pittsburgh Pirates","R","pitcher","R",117,104,0.699872286079183,0.362520458265139,0.303534482758621,0.170865384615385,0.132669098143236,0.51,"Luke Weaver is limiting right-handed batters more effectively","Estimated wOBA: 0.304 vs L, 0.171 vs R.","two_sided_opponent_hand_woba_gap_v1",77,29,"2026-09-15","2026-09-16 14:47:14 UTC"
"621074","Michael Rucker","Seattle Mariners","R","pitcher","R",93,77,0.976670201484624,0.443936345344796,0.413369565217391,0.207402597402597,0.205966967814794,0.435,"Michael Rucker is limiting right-handed batters more effectively","Estimated wOBA: 0.413 vs L, 0.207 vs R.","two_sided_opponent_hand_woba_gap_v1",76.9,30,"2026-09-15","2026-09-16 14:47:14 UTC"
"681347","Mike Burrows","Houston Astros","R","pitcher","R",244,180,0.964871194379391,0.728174603174603,0.409180327868853,0.314666666666667,0.094513661202186,0.643,"Mike Burrows is limiting right-handed batters more effectively","Estimated wOBA: 0.409 vs L, 0.315 vs R.","two_sided_opponent_hand_woba_gap_v1",76.8,31,"2026-09-15","2026-09-16 14:47:14 UTC"
"686790","Trevor McDonald","San Francisco Giants","R","pitcher","R",177,133,0.846442364824718,0.558166409861325,0.364488636363636,0.2575,0.106988636363636,0.571,"Trevor McDonald is limiting right-handed batters more effectively","Estimated wOBA: 0.364 vs L, 0.258 vs R.","two_sided_opponent_hand_woba_gap_v1",76.7,32,"2026-09-15","2026-09-16 14:47:14 UTC"
"694819","Jacob Misiorowski","Milwaukee Brewers","R","pitcher","L",353,284,0.389443500424809,0.586997268783805,0.180710227272727,0.259683098591549,0.078972871318822,0.74,"Jacob Misiorowski is limiting left-handed batters more effectively","Estimated wOBA: 0.181 vs L, 0.260 vs R.","two_sided_opponent_hand_woba_gap_v1",76.6,33,"2026-09-15","2026-09-16 14:47:14 UTC"
"669270","Joel Kuhnel","San Francisco Giants","R","pitcher","R",86,94,1.04527131782946,0.604881101376721,0.432117647058823,0.271382978723404,0.160734668335419,0.462,"Joel Kuhnel is limiting right-handed batters more effectively","Estimated wOBA: 0.432 vs L, 0.271 vs R.","two_sided_opponent_hand_woba_gap_v1",76.4,34,"2026-09-15","2026-09-16 14:47:14 UTC"
"669372","J.T. Ginn","Athletics","R","pitcher","R",343,239,0.750029953272894,0.573019221753399,0.330964912280702,0.249029535864979,0.081935376415723,0.705,"J.T. Ginn is limiting right-handed batters more effectively","Estimated wOBA: 0.331 vs L, 0.249 vs R.","two_sided_opponent_hand_woba_gap_v1",75.9,35,"2026-09-15","2026-09-16 14:47:14 UTC"
"647336","Michael Soroka","Arizona Diamondbacks","R","pitcher","R",260,170,0.73868778280543,0.511024007839294,0.319189189189189,0.225680473372781,0.093508715816408,0.63,"Michael Soroka is limiting right-handed batters more effectively","Estimated wOBA: 0.319 vs L, 0.226 vs R.","two_sided_opponent_hand_woba_gap_v1",75.9,35,"2026-09-15","2026-09-16 14:47:14 UTC"
"679883","Luinder Avila","Kansas City Royals","R","pitcher","L",189,123,0.693515704154002,0.953039617486339,0.304308510638298,0.413114754098361,0.108806243460063,0.552,"Luinder Avila is limiting left-handed batters more effectively","Estimated wOBA: 0.304 vs L, 0.413 vs R.","two_sided_opponent_hand_woba_gap_v1",75.9,35,"2026-09-15","2026-09-16 14:47:14 UTC"
"660761","José Suarez","Athletics","L","pitcher","L",120,156,0.656416464891041,0.943103125584877,0.291271186440678,0.401987179487179,0.110715993046501,0.545,"José Suarez is limiting left-handed batters more effectively","Estimated wOBA: 0.291 vs L, 0.402 vs R.","two_sided_opponent_hand_woba_gap_v1",75.8,38,"2026-09-15","2026-09-16 14:47:14 UTC"
"801403","Chase Dollander","Colorado Rockies","R","pitcher","R",89,101,0.902241594022416,0.574580284115368,0.389431818181818,0.247623762376238,0.14180805580558,0.471,"Chase Dollander is limiting right-handed batters more effectively","Estimated wOBA: 0.389 vs L, 0.248 vs R.","two_sided_opponent_hand_woba_gap_v1",75.8,38,"2026-09-15","2026-09-16 14:47:14 UTC"
"669432","Trevor Rogers","Baltimore Orioles","L","pitcher","L",164,492,0.539955070603338,0.770182882353988,0.235792682926829,0.328577235772358,0.092784552845529,0.621,"Trevor Rogers is limiting left-handed batters more effectively","Estimated wOBA: 0.236 vs L, 0.329 vs R.","two_sided_opponent_hand_woba_gap_v1",75.2,40,"2026-09-15","2026-09-16 14:47:14 UTC"
"687562","Jake Bennett","Boston Red Sox","L","pitcher","L",103,313,0.39391124871001,0.720356710337994,0.185392156862745,0.306645161290323,0.121253004427578,0.507,"Jake Bennett is limiting left-handed batters more effectively","Estimated wOBA: 0.185 vs L, 0.307 vs R.","two_sided_opponent_hand_woba_gap_v1",74.8,41,"2026-09-15","2026-09-16 14:47:14 UTC"
"594580","Sam Moll","Cincinnati Reds","L","pitcher","L",136,120,0.601374124967591,0.873052559493237,0.274360902255639,0.377627118644068,0.103266216388429,0.545,"Sam Moll is limiting left-handed batters more effectively","Estimated wOBA: 0.274 vs L, 0.378 vs R.","two_sided_opponent_hand_woba_gap_v1",74.7,42,"2026-09-15","2026-09-16 14:47:14 UTC"
"657612","Tim Hill","New York Yankees","L","pitcher","L",133,98,0.599039172209904,0.930565329580108,0.262651515151515,0.390103092783505,0.12745157763199,0.495,"Tim Hill is limiting left-handed batters more effectively","Estimated wOBA: 0.263 vs L, 0.390 vs R.","two_sided_opponent_hand_woba_gap_v1",74.6,43,"2026-09-15","2026-09-16 14:47:14 UTC"
"657044","Ryan Thompson","Arizona Diamondbacks","R","pitcher","R",77,106,1.00603621730382,0.62513500245459,0.42948051948052,0.275619047619048,0.153861471861472,0.435,"Ryan Thompson is limiting right-handed batters more effectively","Estimated wOBA: 0.429 vs L, 0.276 vs R.","two_sided_opponent_hand_woba_gap_v1",74.6,43,"2026-09-15","2026-09-16 14:47:14 UTC"
"670062","Julian Garcia","Cincinnati Reds","R","pitcher","L",91,83,0.440645773979107,0.815093708165997,0.204395604395604,0.341807228915663,0.137411624520059,0.454,"Julian Garcia is limiting left-handed batters more effectively","Estimated wOBA: 0.204 vs L, 0.342 vs R.","two_sided_opponent_hand_woba_gap_v1",74.4,45,"2026-09-15","2026-09-16 14:47:14 UTC"
"641793","Zack Littell","Arizona Diamondbacks","R","pitcher","R",304,238,0.926244798392883,0.725327340238421,0.387920792079208,0.309705882352941,0.078214909726267,0.704,"Zack Littell is limiting right-handed batters more effectively","Estimated wOBA: 0.388 vs L, 0.310 vs R.","two_sided_opponent_hand_woba_gap_v1",74.3,46,"2026-09-15","2026-09-16 14:47:14 UTC"
"656986","Bennett Sousa","Houston Astros","L","pitcher","R",59,60,1.08336215842269,0.542698826597132,0.463050847457627,0.24271186440678,0.220338983050847,0.371,"Bennett Sousa is limiting right-handed batters more effectively","Estimated wOBA: 0.463 vs L, 0.243 vs R.","two_sided_opponent_hand_woba_gap_v1",74.3,46,"2026-09-15","2026-09-16 14:47:14 UTC"
"666974","Yennier Cano","Baltimore Orioles","R","pitcher","R",78,113,0.754604550379198,0.410502588078143,0.330384615384615,0.18716814159292,0.143216473791695,0.438,"Yennier Cano is limiting right-handed batters more effectively","Estimated wOBA: 0.330 vs L, 0.187 vs R.","two_sided_opponent_hand_woba_gap_v1",74.2,48,"2026-09-15","2026-09-16 14:47:14 UTC"
"663738","Daniel Lynch IV","Kansas City Royals","L","pitcher","L",110,185,0.455477603885591,0.729176164115923,0.205596330275229,0.315189189189189,0.10959285891396,0.524,"Daniel Lynch IV is limiting left-handed batters more effectively","Estimated wOBA: 0.206 vs L, 0.315 vs R.","two_sided_opponent_hand_woba_gap_v1",74.1,49,"2026-09-15","2026-09-16 14:47:14 UTC"
"680604","Blas Castaño","Colorado Rockies","R","pitcher","R",56,56,1.15178571428571,0.464285714285714,0.477321428571429,0.207857142857143,0.269464285714286,0.359,"Blas Castaño is limiting right-handed batters more effectively","Estimated wOBA: 0.477 vs L, 0.208 vs R.","two_sided_opponent_hand_woba_gap_v1",74.1,49,"2026-09-15","2026-09-16 14:47:14 UTC"
"694037","Daniel Palencia","Chicago Cubs","R","pitcher","R",53,55,1.18280922431866,0.374125874125874,0.492075471698113,0.166727272727273,0.32534819897084,0.346,"Daniel Palencia is limiting right-handed batters more effectively","Estimated wOBA: 0.492 vs L, 0.167 vs R.","two_sided_opponent_hand_woba_gap_v1",73.8,51,"2026-09-15","2026-09-16 14:47:14 UTC"
"656605","Mitch Keller","Pittsburgh Pirates","R","pitcher","R",321,182,0.838231818670104,0.6134734830387,0.358566978193146,0.276208791208791,0.082358186984355,0.645,"Mitch Keller is limiting right-handed batters more effectively","Estimated wOBA: 0.359 vs L, 0.276 vs R.","two_sided_opponent_hand_woba_gap_v1",73.6,52,"2026-09-15","2026-09-16 14:47:14 UTC"
"669358","Shane Baz","Baltimore Orioles","R","pitcher","R",449,294,0.796523045921068,0.619349962207105,0.342393736017897,0.270102040816326,0.072291695201571,0.746,"Shane Baz is limiting right-handed batters more effectively","Estimated wOBA: 0.342 vs L, 0.270 vs R.","two_sided_opponent_hand_woba_gap_v1",73.5,53,"2026-09-15","2026-09-16 14:47:14 UTC"
"607536","Kyle Freeland","Colorado Rockies","L","pitcher","L",158,417,0.715531987683886,0.939863493820328,0.308101265822785,0.393836930455635,0.08573566463285,0.612,"Kyle Freeland is limiting left-handed batters more effectively","Estimated wOBA: 0.308 vs L, 0.394 vs R.","two_sided_opponent_hand_woba_gap_v1",73.5,53,"2026-09-15","2026-09-16 14:47:14 UTC"
"678906","Kai-Wei Teng","Houston Astros","R","pitcher","R",187,145,0.860420519142524,0.630657327586207,0.37247311827957,0.284620689655172,0.087852428624398,0.592,"Kai-Wei Teng is limiting right-handed batters more effectively","Estimated wOBA: 0.372 vs L, 0.285 vs R.","two_sided_opponent_hand_woba_gap_v1",73.4,55,"2026-09-15","2026-09-16 14:47:14 UTC"
"676775","Keaton Winn","San Francisco Giants","R","pitcher","R",72,104,0.874133691035099,0.479395604395604,0.372676056338028,0.223557692307692,0.149118364030336,0.419,"Keaton Winn is limiting right-handed batters more effectively","Estimated wOBA: 0.373 vs L, 0.224 vs R.","two_sided_opponent_hand_woba_gap_v1",73.4,55,"2026-09-15","2026-09-16 14:47:14 UTC"
"623149","Paul Sewald","Toronto Blue Jays","R","pitcher","R",116,90,0.860213289581624,0.553658536585366,0.36095652173913,0.234444444444444,0.126512077294686,0.474,"Paul Sewald is limiting right-handed batters more effectively","Estimated wOBA: 0.361 vs L, 0.234 vs R.","two_sided_opponent_hand_woba_gap_v1",73.3,57,"2026-09-15","2026-09-16 14:47:14 UTC"
"608379","Michael Wacha","Kansas City Royals","R","pitcher","L",439,321,0.609150988497989,0.796365761649222,0.266529680365297,0.335454545454545,0.068924865089248,0.762,"Michael Wacha is limiting left-handed batters more effectively","Estimated wOBA: 0.267 vs L, 0.335 vs R.","two_sided_opponent_hand_woba_gap_v1",73,58,"2026-09-15","2026-09-16 14:47:14 UTC"
"690986","Kyle Harrison","Milwaukee Brewers","L","pitcher","L",134,343,0.59678171641791,0.818192044847337,0.26044776119403,0.349241982507289,0.088794221313259,0.573,"Kyle Harrison is limiting left-handed batters more effectively","Estimated wOBA: 0.260 vs L, 0.349 vs R.","two_sided_opponent_hand_woba_gap_v1",72.9,59,"2026-09-15","2026-09-16 14:47:14 UTC"
"518886","Craig Kimbrel","Kansas City Royals","R","pitcher","R",100,92,0.84992784992785,0.540031813361612,0.365252525252525,0.245217391304348,0.120035133948177,0.479,"Craig Kimbrel is limiting right-handed batters more effectively","Estimated wOBA: 0.365 vs L, 0.245 vs R.","two_sided_opponent_hand_woba_gap_v1",72.9,59,"2026-09-15","2026-09-16 14:47:14 UTC"
"571927","Steven Matz","Tampa Bay Rays","L","pitcher","L",110,210,0.581039755351682,0.839209726443769,0.252110091743119,0.354,0.101889908256881,0.524,"Steven Matz is limiting left-handed batters more effectively","Estimated wOBA: 0.252 vs L, 0.354 vs R.","two_sided_opponent_hand_woba_gap_v1",72.8,61,"2026-09-15","2026-09-16 14:47:14 UTC"
"670950","Trevor Richards","Chicago White Sox","R","pitcher","L",135,170,0.547425474254743,0.757059396299903,0.235407407407407,0.324023668639053,0.088616261231646,0.574,"Trevor Richards is limiting left-handed batters more effectively","Estimated wOBA: 0.235 vs L, 0.324 vs R.","two_sided_opponent_hand_woba_gap_v1",72.8,61,"2026-09-15","2026-09-16 14:47:14 UTC"
"695418","Brad Lord","Washington Nationals","R","pitcher","R",160,176,0.768259652022219,0.580241524807217,0.338364779874214,0.254682080924855,0.083682698949359,0.615,"Brad Lord is limiting right-handed batters more effectively","Estimated wOBA: 0.338 vs L, 0.255 vs R.","two_sided_opponent_hand_woba_gap_v1",72.7,63,"2026-09-15","2026-09-16 14:47:14 UTC"
"682608","Peyton Gray","Texas Rangers","R","pitcher","L",120,123,0.613674560733384,0.862688604139814,0.263076923076923,0.359669421487603,0.09659249841068,0.545,"Peyton Gray is limiting left-handed batters more effectively","Estimated wOBA: 0.263 vs L, 0.360 vs R.","two_sided_opponent_hand_woba_gap_v1",72.6,64,"2026-09-15","2026-09-16 14:47:14 UTC"
"680570","Grayson Rodriguez","Los Angeles Angels","R","pitcher","R",234,159,0.932766353558433,0.716626804854283,0.393047210300429,0.309685534591195,0.083361675709234,0.614,"Grayson Rodriguez is limiting right-handed batters more effectively","Estimated wOBA: 0.393 vs L, 0.310 vs R.","two_sided_opponent_hand_woba_gap_v1",72.5,65,"2026-09-15","2026-09-16 14:47:14 UTC"
"663893","Brendon Little","Toronto Blue Jays","L","pitcher","L",58,58,0.659947741694662,1.10275862068966,0.294912280701754,0.464736842105263,0.169824561403509,0.367,"Brendon Little is limiting left-handed batters more effectively","Estimated wOBA: 0.295 vs L, 0.465 vs R.","two_sided_opponent_hand_woba_gap_v1",72.4,66,"2026-09-15","2026-09-16 14:47:14 UTC"
"682052","Jacob Lopez","Athletics","L","pitcher","L",136,375,0.602580318745257,0.838691896338955,0.272910447761194,0.359224598930481,0.086314151169287,0.576,"Jacob Lopez is limiting left-handed batters more effectively","Estimated wOBA: 0.273 vs L, 0.359 vs R.","two_sided_opponent_hand_woba_gap_v1",72.2,67,"2026-09-15","2026-09-16 14:47:14 UTC"
"677955","Jaden Hill","Colorado Rockies","R","pitcher","L",91,75,0.583838383838384,0.953015873015873,0.271555555555556,0.403733333333333,0.132177777777777,0.429,"Jaden Hill is limiting left-handed batters more effectively","Estimated wOBA: 0.272 vs L, 0.404 vs R.","two_sided_opponent_hand_woba_gap_v1",72.2,67,"2026-09-15","2026-09-16 14:47:14 UTC"
"696131","Mason Black","Kansas City Royals","R","pitcher","R",61,81,1.04622950819672,0.610842726784756,0.439344262295082,0.280246913580247,0.159097348714835,0.379,"Mason Black is limiting right-handed batters more effectively","Estimated wOBA: 0.439 vs L, 0.280 vs R.","two_sided_opponent_hand_woba_gap_v1",72.2,67,"2026-09-15","2026-09-16 14:47:14 UTC"
"673513","Yuki Matsui","San Diego Padres","L","pitcher","L",127,112,0.459600225225225,0.721102150537634,0.213359375,0.311160714285714,0.097801339285714,0.528,"Yuki Matsui is limiting left-handed batters more effectively","Estimated wOBA: 0.213 vs L, 0.311 vs R.","two_sided_opponent_hand_woba_gap_v1",72.1,70,"2026-09-15","2026-09-16 14:47:14 UTC"
"622088","Tejay Antone","Cincinnati Reds","R","pitcher","R",95,123,0.833504492939666,0.549253034547152,0.354255319148936,0.242605042016807,0.111650277132129,0.487,"Tejay Antone is limiting right-handed batters more effectively","Estimated wOBA: 0.354 vs L, 0.243 vs R.","two_sided_opponent_hand_woba_gap_v1",72.1,70,"2026-09-15","2026-09-16 14:47:14 UTC"
"664126","Pete Fairbanks","Miami Marlins","R","pitcher","R",105,78,0.901831501831502,0.535782625334864,0.377596153846154,0.247820512820513,0.129775641025641,0.438,"Pete Fairbanks is limiting right-handed batters more effectively","Estimated wOBA: 0.378 vs L, 0.248 vs R.","two_sided_opponent_hand_woba_gap_v1",72.1,70,"2026-09-15","2026-09-16 14:47:14 UTC"
"657097","Jacob Webb","Chicago Cubs","R","pitcher","L",165,106,0.574089892210698,0.850260939381774,0.257818181818182,0.358490566037736,0.100672384219554,0.515,"Jacob Webb is limiting left-handed batters more effectively","Estimated wOBA: 0.258 vs L, 0.358 vs R.","two_sided_opponent_hand_woba_gap_v1",72,73,"2026-09-15","2026-09-16 14:47:14 UTC"
"656240","Scott Blewett","Athletics","R","pitcher","R",58,69,0.869876382563435,0.45,0.371206896551724,0.208529411764706,0.162677484787018,0.367,"Scott Blewett is limiting right-handed batters more effectively","Estimated wOBA: 0.371 vs L, 0.209 vs R.","two_sided_opponent_hand_woba_gap_v1",71.9,74,"2026-09-15","2026-09-16 14:47:14 UTC"
"642546","Jonathan Hernández","Los Angeles Dodgers","R","pitcher","L",48,60,0.375,0.938888888888889,0.172340425531915,0.398833333333333,0.226492907801418,0.324,"Jonathan Hernández is limiting left-handed batters more effectively","Estimated wOBA: 0.172 vs L, 0.399 vs R.","two_sided_opponent_hand_woba_gap_v1",71.9,74,"2026-09-15","2026-09-16 14:47:14 UTC"
"694360","Beck Way","Kansas City Royals","R","pitcher","R",51,54,1.07888736890105,0.543083900226757,0.448039215686274,0.248333333333333,0.199705882352941,0.338,"Beck Way is limiting right-handed batters more effectively","Estimated wOBA: 0.448 vs L, 0.248 vs R.","two_sided_opponent_hand_woba_gap_v1",71.9,74,"2026-09-15","2026-09-16 14:47:14 UTC"
"656234","Jake Bird","Washington Nationals","R","pitcher","R",57,115,1.07785087719298,0.671571906354515,0.456140350877193,0.291739130434783,0.16440122044241,0.363,"Jake Bird is limiting right-handed batters more effectively","Estimated wOBA: 0.456 vs L, 0.292 vs R.","two_sided_opponent_hand_woba_gap_v1",71.8,77,"2026-09-15","2026-09-16 14:47:14 UTC"
"700249","Cade Povich","Baltimore Orioles","L","pitcher","R",52,90,1.09134615384615,0.598611111111111,0.455961538461538,0.273222222222222,0.182739316239316,0.342,"Cade Povich is limiting right-handed batters more effectively","Estimated wOBA: 0.456 vs L, 0.273 vs R.","two_sided_opponent_hand_woba_gap_v1",71.6,78,"2026-09-15","2026-09-16 14:47:14 UTC"
"675512","Troy Melton","Detroit Tigers","R","pitcher","R",266,185,0.73970293054998,0.543071395094517,0.317849056603774,0.241081081081081,0.076767975522693,0.649,"Troy Melton is limiting right-handed batters more effectively","Estimated wOBA: 0.318 vs L, 0.241 vs R.","two_sided_opponent_hand_woba_gap_v1",71.4,79,"2026-09-15","2026-09-16 14:47:14 UTC"
"694335","Matt Svanson","St. Louis Cardinals","R","pitcher","L",102,105,0.687711124053582,0.956892230576441,0.308217821782178,0.407714285714286,0.099496463932108,0.505,"Matt Svanson is limiting left-handed batters more effectively","Estimated wOBA: 0.308 vs L, 0.408 vs R.","two_sided_opponent_hand_woba_gap_v1",71.1,80,"2026-09-15","2026-09-16 14:47:14 UTC"
"621366","Ryan Borucki","San Francisco Giants","L","pitcher","L",49,54,0.550024888003982,1.07407407407407,0.258163265306122,0.450740740740741,0.192577475434619,0.329,"Ryan Borucki is limiting left-handed batters more effectively","Estimated wOBA: 0.258 vs L, 0.451 vs R.","two_sided_opponent_hand_woba_gap_v1",71.1,80,"2026-09-15","2026-09-16 14:47:14 UTC"
"687330","Kevin Kelly","Tampa Bay Rays","R","pitcher","R",113,145,0.693904557108593,0.456863341443633,0.295803571428571,0.200625,0.095178571428571,0.531,"Kevin Kelly is limiting right-handed batters more effectively","Estimated wOBA: 0.296 vs L, 0.201 vs R.","two_sided_opponent_hand_woba_gap_v1",71,82,"2026-09-15","2026-09-16 14:47:14 UTC"
"656222","Jalen Beeks","Texas Rangers","L","pitcher","R",51,61,1.0517313308302,0.61138014527845,0.44,0.264576271186441,0.175423728813559,0.338,"Jalen Beeks is limiting right-handed batters more effectively","Estimated wOBA: 0.440 vs L, 0.265 vs R.","two_sided_opponent_hand_woba_gap_v1",71,82,"2026-09-15","2026-09-16 14:47:14 UTC"
"676428","Brant Hurter","Detroit Tigers","L","pitcher","L",58,60,0.35632183908046,0.698983050847458,0.163275862068966,0.313389830508475,0.150113968439509,0.367,"Brant Hurter is limiting left-handed batters more effectively","Estimated wOBA: 0.163 vs L, 0.313 vs R.","two_sided_opponent_hand_woba_gap_v1",71,82,"2026-09-15","2026-09-16 14:47:14 UTC"
"689818","David Sandlin","Chicago White Sox","R","pitcher","R",76,50,0.878337147215866,0.401818181818182,0.371578947368421,0.194,0.177578947368421,0.333,"David Sandlin is limiting right-handed batters more effectively","Estimated wOBA: 0.372 vs L, 0.194 vs R.","two_sided_opponent_hand_woba_gap_v1",70.9,85,"2026-09-15","2026-09-16 14:47:14 UTC"
"677952","Braxton Ashcraft","Pittsburgh Pirates","R","pitcher","R",375,293,0.742208197901097,0.57989785645886,0.317774798927614,0.251331058020478,0.066443740907136,0.746,"Braxton Ashcraft is limiting right-handed batters more effectively","Estimated wOBA: 0.318 vs L, 0.251 vs R.","two_sided_opponent_hand_woba_gap_v1",70.8,86,"2026-09-15","2026-09-16 14:47:14 UTC"
"571578","Patrick Corbin","Toronto Blue Jays","L","pitcher","L",100,263,0.643689643689644,0.89963260656816,0.283434343434343,0.383536121673004,0.100101778238661,0.5,"Patrick Corbin is limiting left-handed batters more effectively","Estimated wOBA: 0.283 vs L, 0.384 vs R.","two_sided_opponent_hand_woba_gap_v1",70.8,86,"2026-09-15","2026-09-16 14:47:14 UTC"
"642100","Gabe Speier","Seattle Mariners","L","pitcher","L",83,92,0.498373983739837,0.776556776556777,0.221707317073171,0.337582417582418,0.115875100509247,0.454,"Gabe Speier is limiting left-handed batters more effectively","Estimated wOBA: 0.222 vs L, 0.338 vs R.","two_sided_opponent_hand_woba_gap_v1",70.7,88,"2026-09-15","2026-09-16 14:47:14 UTC"
"453286","Max Scherzer","Toronto Blue Jays","R","pitcher","R",192,103,0.848419857440232,0.624161745571014,0.365392670157068,0.267864077669903,0.097528592487165,0.507,"Max Scherzer is limiting right-handed batters more effectively","Estimated wOBA: 0.365 vs L, 0.268 vs R.","two_sided_opponent_hand_woba_gap_v1",70.6,89,"2026-09-15","2026-09-16 14:47:14 UTC"
"668820","Max Kranick","Washington Nationals","R","pitcher","L",50,44,0.772108843537415,1.36056511056511,0.341836734693878,0.555,0.213163265306122,0.306,"Max Kranick is limiting left-handed batters more effectively","Estimated wOBA: 0.342 vs L, 0.555 vs R.","two_sided_opponent_hand_woba_gap_v1",70.6,89,"2026-09-15","2026-09-16 14:47:14 UTC"
"650644","Aaron Civale","Chicago Cubs","R","pitcher","R",259,204,0.872527399091152,0.705976880410554,0.37422480620155,0.301039603960396,0.073185202241154,0.671,"Aaron Civale is limiting right-handed batters more effectively","Estimated wOBA: 0.374 vs L, 0.301 vs R.","two_sided_opponent_hand_woba_gap_v1",70.5,91,"2026-09-15","2026-09-16 14:47:14 UTC"
"693686","Spencer Miles","Toronto Blue Jays","R","pitcher","R",198,162,0.655531903280389,0.434833043334162,0.282791878172589,0.204444444444444,0.078347433728145,0.618,"Spencer Miles is limiting right-handed batters more effectively","Estimated wOBA: 0.283 vs L, 0.204 vs R.","two_sided_opponent_hand_woba_gap_v1",70.5,91,"2026-09-15","2026-09-16 14:47:14 UTC"
"696062","Wilber Dotel","Pittsburgh Pirates","R","pitcher","L",82,67,0.511041557989915,0.84087626384208,0.23358024691358,0.364029850746269,0.130449603832689,0.401,"Wilber Dotel is limiting left-handed batters more effectively","Estimated wOBA: 0.234 vs L, 0.364 vs R.","two_sided_opponent_hand_woba_gap_v1",70.5,91,"2026-09-15","2026-09-16 14:47:14 UTC"
"695034","Kade Morris","Athletics","R","pitcher","R",49,40,1.38775510204082,0.75,0.565102040816327,0.32775,0.237352040816327,0.286,"Kade Morris is limiting right-handed batters more effectively","Estimated wOBA: 0.565 vs L, 0.328 vs R.","two_sided_opponent_hand_woba_gap_v1",70.4,94,"2026-09-15","2026-09-16 14:47:14 UTC"
"554430","Zack Wheeler","Philadelphia Phillies","R","pitcher","R",329,245,0.709721256885588,0.554392191659272,0.309088145896657,0.240816326530612,0.068271819366045,0.71,"Zack Wheeler is limiting right-handed batters more effectively","Estimated wOBA: 0.309 vs L, 0.241 vs R.","two_sided_opponent_hand_woba_gap_v1",70.2,95,"2026-09-15","2026-09-16 14:47:14 UTC"
"691951","Sam Aldegheri","Los Angeles Angels","L","pitcher","R",41,111,1.10594512195122,0.585585585585586,0.472926829268293,0.253243243243243,0.21968358602505,0.291,"Sam Aldegheri is limiting right-handed batters more effectively","Estimated wOBA: 0.473 vs L, 0.253 vs R.","two_sided_opponent_hand_woba_gap_v1",70.2,95,"2026-09-15","2026-09-16 14:47:14 UTC"
"663765","Jake Woodford","Chicago Cubs","R","pitcher","R",51,75,1.14450127877238,0.731100665883275,0.474705882352941,0.312702702702703,0.162003179650238,0.338,"Jake Woodford is limiting right-handed batters more effectively","Estimated wOBA: 0.475 vs L, 0.313 vs R.","two_sided_opponent_hand_woba_gap_v1",70.2,95,"2026-09-15","2026-09-16 14:47:14 UTC"
"681916","Dylan Smith","San Francisco Giants","R","pitcher","L",71,82,0.48110599078341,0.821792807300054,0.227857142857143,0.349506172839506,0.121649029982363,0.415,"Dylan Smith is limiting left-handed batters more effectively","Estimated wOBA: 0.228 vs L, 0.350 vs R.","two_sided_opponent_hand_woba_gap_v1",69.9,98,"2026-09-15","2026-09-16 14:47:14 UTC"
"605135","Chris Bassitt","Baltimore Orioles","R","pitcher","R",243,171,0.883904248536486,0.681286549707602,0.379753086419753,0.305380116959064,0.0743729694606891,0.631,"Chris Bassitt is limiting right-handed batters more effectively","Estimated wOBA: 0.380 vs L, 0.305 vs R.","two_sided_opponent_hand_woba_gap_v1",69.7,99,"2026-09-15","2026-09-16 14:47:14 UTC"
"668909","Gavin Williams","Cleveland Guardians","R","pitcher","L",428,278,0.600725843036443,0.757022953066119,0.263435294117647,0.326870503597122,0.063435209479475,0.735,"Gavin Williams is limiting left-handed batters more effectively","Estimated wOBA: 0.263 vs L, 0.327 vs R.","two_sided_opponent_hand_woba_gap_v1",69.6,100,"2026-09-15","2026-09-16 14:47:14 UTC"
"682842","Abner Uribe","Milwaukee Brewers","R","pitcher","R",101,113,0.64026402640264,0.407043407043407,0.284554455445545,0.188545454545454,0.096009000900091,0.502,"Abner Uribe is limiting right-handed batters more effectively","Estimated wOBA: 0.285 vs L, 0.189 vs R.","two_sided_opponent_hand_woba_gap_v1",69.6,100,"2026-09-15","2026-09-16 14:47:14 UTC"
"688107","Robert Gasser","Milwaukee Brewers","L","pitcher","L",128,288,0.577008928571429,0.797816687129664,0.260234375,0.342692307692308,0.082457932692308,0.561,"Robert Gasser is limiting left-handed batters more effectively","Estimated wOBA: 0.260 vs L, 0.343 vs R.","two_sided_opponent_hand_woba_gap_v1",69.5,102,"2026-09-15","2026-09-16 14:47:14 UTC"
"668933","Graham Ashcraft","Cincinnati Reds","R","pitcher","R",68,63,0.838493292053664,0.523809523809524,0.364852941176471,0.235245901639344,0.129607039537127,0.387,"Graham Ashcraft is limiting right-handed batters more effectively","Estimated wOBA: 0.365 vs L, 0.235 vs R.","two_sided_opponent_hand_woba_gap_v1",69.5,102,"2026-09-15","2026-09-16 14:47:14 UTC"
"669062","Erik Miller","Boston Red Sox","L","pitcher","L",87,115,0.476798637718178,0.679381548163971,0.214597701149425,0.316696428571429,0.102098727422004,0.465,"Erik Miller is limiting left-handed batters more effectively","Estimated wOBA: 0.215 vs L, 0.317 vs R.","two_sided_opponent_hand_woba_gap_v1",69.4,104,"2026-09-15","2026-09-16 14:47:14 UTC"
"592094","Jason Adam","San Diego Padres","R","pitcher","L",64,70,0.540322580645161,0.858986175115207,0.23734375,0.366,0.12865625,0.39,"Jason Adam is limiting left-handed batters more effectively","Estimated wOBA: 0.237 vs L, 0.366 vs R.","two_sided_opponent_hand_woba_gap_v1",69.4,104,"2026-09-15","2026-09-16 14:47:14 UTC"
"677958","Kumar Rocker","Texas Rangers","R","pitcher","R",351,259,0.835704468292328,0.667537611503129,0.357663817663818,0.292471042471042,0.065192775192776,0.721,"Kumar Rocker is limiting right-handed batters more effectively","Estimated wOBA: 0.358 vs L, 0.292 vs R.","two_sided_opponent_hand_woba_gap_v1",69.2,106,"2026-09-15","2026-09-16 14:47:14 UTC"
"680755","Braydon Fisher","Toronto Blue Jays","R","pitcher","R",152,146,0.726468353056129,0.551748251748252,0.322466666666667,0.245174825174825,0.077291841491842,0.593,"Braydon Fisher is limiting right-handed batters more effectively","Estimated wOBA: 0.322 vs L, 0.245 vs R.","two_sided_opponent_hand_woba_gap_v1",68.9,107,"2026-09-15","2026-09-16 14:47:14 UTC"
"663362","Matt Waldron","Washington Nationals","R","pitcher","R",108,87,1.00207860922147,0.724709302325581,0.414907407407407,0.316860465116279,0.098046942291128,0.465,"Matt Waldron is limiting right-handed batters more effectively","Estimated wOBA: 0.415 vs L, 0.317 vs R.","two_sided_opponent_hand_woba_gap_v1",68.3,108,"2026-09-15","2026-09-16 14:47:14 UTC"
"664353","José Urquidy","Chicago White Sox","R","pitcher","L",67,64,0.684400577756379,0.983845338983051,0.297164179104478,0.416875,0.119710820895522,0.39,"José Urquidy is limiting left-handed batters more effectively","Estimated wOBA: 0.297 vs L, 0.417 vs R.","two_sided_opponent_hand_woba_gap_v1",68.3,108,"2026-09-15","2026-09-16 14:47:14 UTC"
"676534","Calvin Faucher","Miami Marlins","R","pitcher","R",164,111,0.686215624865932,0.442322757540149,0.306993865030675,0.222252252252252,0.084741612778423,0.526,"Calvin Faucher is limiting right-handed batters more effectively","Estimated wOBA: 0.307 vs L, 0.222 vs R.","two_sided_opponent_hand_woba_gap_v1",68.2,110,"2026-09-15","2026-09-16 14:47:14 UTC"
"666808","Camilo Doval","Pittsburgh Pirates","R","pitcher","R",126,125,0.818783068783069,0.595416799744491,0.35031746031746,0.270241935483871,0.080075524833589,0.556,"Camilo Doval is limiting right-handed batters more effectively","Estimated wOBA: 0.350 vs L, 0.270 vs R.","two_sided_opponent_hand_woba_gap_v1",68.1,111,"2026-09-15","2026-09-16 14:47:14 UTC"
"650960","Daniel Duarte","New York Mets","R","pitcher","R",70,43,0.630803571428571,0.261486103233125,0.276571428571429,0.122325581395349,0.15424584717608,0.301,"Daniel Duarte is limiting right-handed batters more effectively","Estimated wOBA: 0.277 vs L, 0.122 vs R.","two_sided_opponent_hand_woba_gap_v1",68.1,111,"2026-09-15","2026-09-16 14:47:14 UTC"
"675660","Shane Drohan","Milwaukee Brewers","L","pitcher","L",153,349,0.624160153571918,0.792879534258845,0.269150326797386,0.342902298850575,0.073751972053189,0.605,"Shane Drohan is limiting left-handed batters more effectively","Estimated wOBA: 0.269 vs L, 0.343 vs R.","two_sided_opponent_hand_woba_gap_v1",68,113,"2026-09-15","2026-09-16 14:47:14 UTC"
"663542","Bryan Hudson","Chicago White Sox","L","pitcher","R",105,157,0.76867151354924,0.540471288034775,0.3271,0.241032258064516,0.086067741935484,0.512,"Bryan Hudson is limiting right-handed batters more effectively","Estimated wOBA: 0.327 vs L, 0.241 vs R.","two_sided_opponent_hand_woba_gap_v1",68,113,"2026-09-15","2026-09-16 14:47:14 UTC"
"694477","Chad Patrick","Milwaukee Brewers","R","pitcher","R",206,212,0.763089851325145,0.570660522273426,0.327303921568627,0.260238095238095,0.067065826330532,0.673,"Chad Patrick is limiting right-handed batters more effectively","Estimated wOBA: 0.327 vs L, 0.260 vs R.","two_sided_opponent_hand_woba_gap_v1",67.5,115,"2026-09-15","2026-09-16 14:47:14 UTC"
"669711","Greg Weissert","Boston Red Sox","R","pitcher","R",88,148,0.849358974358974,0.621177747090156,0.365454545454545,0.269797297297297,0.095657248157248,0.468,"Greg Weissert is limiting right-handed batters more effectively","Estimated wOBA: 0.365 vs L, 0.270 vs R.","two_sided_opponent_hand_woba_gap_v1",67.4,116,"2026-09-15","2026-09-16 14:47:14 UTC"
"642701","Dennis Santana","Arizona Diamondbacks","R","pitcher","R",123,102,0.873983739837398,0.661843107387662,0.373196721311475,0.288019801980198,0.085176919331277,0.505,"Dennis Santana is limiting right-handed batters more effectively","Estimated wOBA: 0.373 vs L, 0.288 vs R.","two_sided_opponent_hand_woba_gap_v1",67.1,117,"2026-09-15","2026-09-16 14:47:14 UTC"
"696147","Sam Bachman","Los Angeles Angels","R","pitcher","R",101,98,0.77106978990582,0.559601113172542,0.340792079207921,0.254081632653061,0.08671044655486,0.495,"Sam Bachman is limiting right-handed batters more effectively","Estimated wOBA: 0.341 vs L, 0.254 vs R.","two_sided_opponent_hand_woba_gap_v1",67,118,"2026-09-15","2026-09-16 14:47:14 UTC"
"663554","Casey Mize","San Diego Padres","R","pitcher","L",290,224,0.610880430603614,0.778280942808544,0.265121107266436,0.327309417040359,0.062188309773923,0.691,"Casey Mize is limiting left-handed batters more effectively","Estimated wOBA: 0.265 vs L, 0.327 vs R.","two_sided_opponent_hand_woba_gap_v1",66.9,119,"2026-09-15","2026-09-16 14:47:14 UTC"
"686993","Justin Sterner","Athletics","R","pitcher","L",86,97,0.712732688011914,0.957257036951234,0.303176470588235,0.398556701030928,0.095380230442693,0.462,"Justin Sterner is limiting left-handed batters more effectively","Estimated wOBA: 0.303 vs L, 0.399 vs R.","two_sided_opponent_hand_woba_gap_v1",66.9,119,"2026-09-15","2026-09-16 14:47:14 UTC"
"694297","Brandon Pfaadt","Arizona Diamondbacks","R","pitcher","R",280,232,0.759605595302846,0.593834419195932,0.323870967741936,0.262155172413793,0.061715795328143,0.699,"Brandon Pfaadt is limiting right-handed batters more effectively","Estimated wOBA: 0.324 vs L, 0.262 vs R.","two_sided_opponent_hand_woba_gap_v1",66.8,121,"2026-09-15","2026-09-16 14:47:14 UTC"
"623474","Jimmy Herget","Colorado Rockies","R","pitcher","R",99,114,0.994167118827998,0.75725371120108,0.410618556701031,0.324649122807018,0.085969433894013,0.497,"Jimmy Herget is limiting right-handed batters more effectively","Estimated wOBA: 0.411 vs L, 0.325 vs R.","two_sided_opponent_hand_woba_gap_v1",66.8,121,"2026-09-15","2026-09-16 14:47:14 UTC"
"669212","Eli Morgan","Kansas City Royals","R","pitcher","R",47,44,1.08406850025947,0.725524475524476,0.45468085106383,0.321136363636364,0.133544487427466,0.306,"Eli Morgan is limiting right-handed batters more effectively","Estimated wOBA: 0.455 vs L, 0.321 vs R.","two_sided_opponent_hand_woba_gap_v1",66.6,123,"2026-09-15","2026-09-16 14:47:14 UTC"
"608337","Lucas Giolito","San Diego Padres","R","pitcher","R",71,67,0.935013590313813,0.696779261586803,0.415492957746479,0.311194029850746,0.104298927895733,0.401,"Lucas Giolito is limiting right-handed batters more effectively","Estimated wOBA: 0.415 vs L, 0.311 vs R.","two_sided_opponent_hand_woba_gap_v1",66.4,124,"2026-09-15","2026-09-16 14:47:14 UTC"
"682243","Bryce Miller","Seattle Mariners","R","pitcher","R",243,193,0.781507201646091,0.620922619047619,0.333827160493827,0.269010416666667,0.06481674382716,0.659,"Bryce Miller is limiting right-handed batters more effectively","Estimated wOBA: 0.334 vs L, 0.269 vs R.","two_sided_opponent_hand_woba_gap_v1",66.2,125,"2026-09-15","2026-09-16 14:47:14 UTC"
"676755","Isaac Mattson","Pittsburgh Pirates","R","pitcher","R",92,84,0.916304347826087,0.663533834586466,0.389239130434783,0.295714285714286,0.093524844720497,0.457,"Isaac Mattson is limiting right-handed batters more effectively","Estimated wOBA: 0.389 vs L, 0.296 vs R.","two_sided_opponent_hand_woba_gap_v1",66.2,125,"2026-09-15","2026-09-16 14:47:14 UTC"
"683004","Jack Leiter","Texas Rangers","R","pitcher","R",201,154,0.851820443238354,0.675512892904197,0.365522388059701,0.295194805194805,0.070327582864896,0.606,"Jack Leiter is limiting right-handed batters more effectively","Estimated wOBA: 0.366 vs L, 0.295 vs R.","two_sided_opponent_hand_woba_gap_v1",66.1,127,"2026-09-15","2026-09-16 14:47:14 UTC"
"656529","Sam Hentges","San Francisco Giants","L","pitcher","R",75,79,0.76,0.531070195627158,0.347333333333333,0.25025641025641,0.097076923076923,0.429,"Sam Hentges is limiting right-handed batters more effectively","Estimated wOBA: 0.347 vs L, 0.250 vs R.","two_sided_opponent_hand_woba_gap_v1",66,128,"2026-09-15","2026-09-16 14:47:14 UTC"
"605447","Jordan Romano","Colorado Rockies","R","pitcher","L",72,61,0.517857142857143,0.788813886210222,0.237222222222222,0.345245901639344,0.108023679417122,0.379,"Jordan Romano is limiting left-handed batters more effectively","Estimated wOBA: 0.237 vs L, 0.345 vs R.","two_sided_opponent_hand_woba_gap_v1",65.9,129,"2026-09-15","2026-09-16 14:47:14 UTC"
"693433","Bryan Woo","Seattle Mariners","R","pitcher","R",379,279,0.68354654338177,0.556261742015429,0.295132275132275,0.240573476702509,0.054558798429766,0.736,"Bryan Woo is limiting right-handed batters more effectively","Estimated wOBA: 0.295 vs L, 0.241 vs R.","two_sided_opponent_hand_woba_gap_v1",65.8,130,"2026-09-15","2026-09-16 14:47:14 UTC"
"687396","Brent Headrick","New York Yankees","L","pitcher","R",110,197,0.784074074074074,0.573470849448503,0.333055555555555,0.253298969072165,0.07975658648339,0.524,"Brent Headrick is limiting right-handed batters more effectively","Estimated wOBA: 0.333 vs L, 0.253 vs R.","two_sided_opponent_hand_woba_gap_v1",65.8,130,"2026-09-15","2026-09-16 14:47:14 UTC"
"671922","Cade Smith","Cleveland Guardians","R","pitcher","L",158,116,0.500575373993095,0.651739130434783,0.217133757961783,0.294695652173913,0.07756189421213,0.537,"Cade Smith is limiting left-handed batters more effectively","Estimated wOBA: 0.217 vs L, 0.295 vs R.","two_sided_opponent_hand_woba_gap_v1",65.8,130,"2026-09-15","2026-09-16 14:47:14 UTC"
"815083","Mitch Farris","Los Angeles Angels","L","pitcher","L",94,126,0.690425531914894,0.938992408557626,0.310957446808511,0.396031746031746,0.085074299223235,0.485,"Mitch Farris is limiting left-handed batters more effectively","Estimated wOBA: 0.311 vs L, 0.396 vs R.","two_sided_opponent_hand_woba_gap_v1",65.7,133,"2026-09-15","2026-09-16 14:47:14 UTC"
"678020","Seth Halvorsen","Los Angeles Dodgers","R","pitcher","R",51,74,0.982216142270862,0.723177723177723,0.427450980392157,0.30972972972973,0.117721250662427,0.338,"Seth Halvorsen is limiting right-handed batters more effectively","Estimated wOBA: 0.427 vs L, 0.310 vs R.","two_sided_opponent_hand_woba_gap_v1",65.3,134,"2026-09-15","2026-09-16 14:47:14 UTC"
"615698","Cal Quantrill","Texas Rangers","R","pitcher","R",243,195,0.690793164055196,0.545680044593088,0.300413223140496,0.238923076923077,0.061490146217419,0.661,"Cal Quantrill is limiting right-handed batters more effectively","Estimated wOBA: 0.300 vs L, 0.239 vs R.","two_sided_opponent_hand_woba_gap_v1",65.2,135,"2026-09-15","2026-09-16 14:47:14 UTC"
"686799","Jack Kochanowicz","Los Angeles Angels","R","pitcher","R",158,137,0.815916004317535,0.651729089386143,0.360063291139241,0.288248175182482,0.071815115956759,0.578,"Jack Kochanowicz is limiting right-handed batters more effectively","Estimated wOBA: 0.360 vs L, 0.288 vs R.","two_sided_opponent_hand_woba_gap_v1",65.2,135,"2026-09-15","2026-09-16 14:47:14 UTC"
"660853","Enyel De Los Santos","Houston Astros","R","pitcher","L",147,138,0.629442128250943,0.801167883211679,0.270205479452055,0.341678832116788,0.071473352664733,0.58,"Enyel De Los Santos is limiting left-handed batters more effectively","Estimated wOBA: 0.270 vs L, 0.342 vs R.","two_sided_opponent_hand_woba_gap_v1",65.2,135,"2026-09-15","2026-09-16 14:47:14 UTC"
"621381","Matt Strahm","Kansas City Royals","L","pitcher","L",54,107,0.700854700854701,0.998894583458949,0.299259259259259,0.412924528301887,0.113665269042628,0.351,"Matt Strahm is limiting left-handed batters more effectively","Estimated wOBA: 0.299 vs L, 0.413 vs R.","two_sided_opponent_hand_woba_gap_v1",65.2,135,"2026-09-15","2026-09-16 14:47:14 UTC"
"687941","Alec Gamboa","Boston Red Sox","L","pitcher","R",41,72,0.817073170731707,0.463198546115402,0.345121951219512,0.214507042253521,0.130614908965991,0.291,"Alec Gamboa is limiting right-handed batters more effectively","Estimated wOBA: 0.345 vs L, 0.215 vs R.","two_sided_opponent_hand_woba_gap_v1",65.2,135,"2026-09-15","2026-09-16 14:47:14 UTC"
"800048","Parker Messick","Cleveland Guardians","L","pitcher","R",187,498,0.711616880037933,0.565567698127764,0.308432432432432,0.246592741935484,0.061839690496948,0.652,"Parker Messick is limiting right-handed batters more effectively","Estimated wOBA: 0.308 vs L, 0.247 vs R.","two_sided_opponent_hand_woba_gap_v1",65.1,140,"2026-09-15","2026-09-16 14:47:14 UTC"
"696149","Bubba Chandler","Pittsburgh Pirates","R","pitcher","R",353,282,0.760017942583732,0.602963178153824,0.328920454545455,0.275943060498221,0.052977394047234,0.738,"Bubba Chandler is limiting right-handed batters more effectively","Estimated wOBA: 0.329 vs L, 0.276 vs R.","two_sided_opponent_hand_woba_gap_v1",65.1,140,"2026-09-15","2026-09-16 14:47:14 UTC"
"813349","Connelly Early","Boston Red Sox","L","pitcher","L",107,283,0.589071142475682,0.770800899498357,0.257383177570093,0.336702127659574,0.079318950089481,0.517,"Connelly Early is limiting left-handed batters more effectively","Estimated wOBA: 0.257 vs L, 0.337 vs R.","two_sided_opponent_hand_woba_gap_v1",65.1,140,"2026-09-15","2026-09-16 14:47:14 UTC"
"681293","Spencer Arrighetti","Toronto Blue Jays","R","pitcher","R",286,196,0.783268214203631,0.641401817849082,0.346842105263158,0.286288659793814,0.060553445469344,0.662,"Spencer Arrighetti is limiting right-handed batters more effectively","Estimated wOBA: 0.347 vs L, 0.286 vs R.","two_sided_opponent_hand_woba_gap_v1",64.8,143,"2026-09-15","2026-09-16 14:47:14 UTC"
"670990","Yohan Ramírez","Pittsburgh Pirates","R","pitcher","R",165,166,0.691042780748663,0.522006392918613,0.309263803680982,0.243192771084337,0.066071032596645,0.623,"Yohan Ramírez is limiting right-handed batters more effectively","Estimated wOBA: 0.309 vs L, 0.243 vs R.","two_sided_opponent_hand_woba_gap_v1",64.8,143,"2026-09-15","2026-09-16 14:47:14 UTC"
"689546","Nick Davila","Seattle Mariners","R","pitcher","R",68,51,0.82563025210084,0.524509803921569,0.360147058823529,0.245882352941176,0.114264705882353,0.338,"Nick Davila is limiting right-handed batters more effectively","Estimated wOBA: 0.360 vs L, 0.246 vs R.","two_sided_opponent_hand_woba_gap_v1",64.8,143,"2026-09-15","2026-09-16 14:47:14 UTC"
"489446","Kirby Yates","Pittsburgh Pirates","R","pitcher","R",80,89,0.768242740134028,0.527652123157741,0.333037974683544,0.245505617977528,0.087532356706016,0.444,"Kirby Yates is limiting right-handed batters more effectively","Estimated wOBA: 0.333 vs L, 0.246 vs R.","two_sided_opponent_hand_woba_gap_v1",64.5,146,"2026-09-15","2026-09-16 14:47:14 UTC"
"667755","José Soriano","Toronto Blue Jays","R","pitcher","R",411,296,0.700326797385621,0.573559408465069,0.311299019607843,0.260337837837838,0.050961181770005,0.747,"José Soriano is limiting right-handed batters more effectively","Estimated wOBA: 0.311 vs L, 0.260 vs R.","two_sided_opponent_hand_woba_gap_v1",64.4,147,"2026-09-15","2026-09-16 14:47:14 UTC"
"671345","Jason Foley","San Francisco Giants","R","pitcher","R",49,48,0.860544217687075,0.590425531914894,0.371836734693878,0.254583333333333,0.117253401360545,0.324,"Jason Foley is limiting right-handed batters more effectively","Estimated wOBA: 0.372 vs L, 0.255 vs R.","two_sided_opponent_hand_woba_gap_v1",64.4,147,"2026-09-15","2026-09-16 14:47:14 UTC"
"700669","Gordon Graceffo","St. Louis Cardinals","R","pitcher","L",141,158,0.455354028601325,0.642428750755498,0.213617021276596,0.281783439490446,0.06816641821385,0.585,"Gordon Graceffo is limiting left-handed batters more effectively","Estimated wOBA: 0.214 vs L, 0.282 vs R.","two_sided_opponent_hand_woba_gap_v1",64.3,149,"2026-09-15","2026-09-16 14:47:14 UTC"
"676962","Ben Brown","Chicago Cubs","R","pitcher","R",143,122,0.569296844887396,0.414112615823236,0.258391608391608,0.185737704918033,0.072653903473575,0.55,"Ben Brown is limiting right-handed batters more effectively","Estimated wOBA: 0.258 vs L, 0.186 vs R.","two_sided_opponent_hand_woba_gap_v1",64.3,149,"2026-09-15","2026-09-16 14:47:14 UTC"
"683618","Edgardo Henriquez","Los Angeles Dodgers","R","pitcher","R",111,131,0.622529644268775,0.441880341880342,0.285818181818182,0.210615384615385,0.075202797202797,0.526,"Edgardo Henriquez is limiting right-handed batters more effectively","Estimated wOBA: 0.286 vs L, 0.211 vs R.","two_sided_opponent_hand_woba_gap_v1",64.3,149,"2026-09-15","2026-09-16 14:47:14 UTC"
"663878","Nate Pearson","Kansas City Royals","R","pitcher","L",102,72,0.468221771467208,0.728174603174603,0.229607843137255,0.324166666666667,0.094558823529412,0.419,"Nate Pearson is limiting left-handed batters more effectively","Estimated wOBA: 0.230 vs L, 0.324 vs R.","two_sided_opponent_hand_woba_gap_v1",64.3,149,"2026-09-15","2026-09-16 14:47:14 UTC"
"519141","Drew Pomeranz","Chicago Cubs","L","pitcher","L",58,73,0.71128526645768,0.969444444444444,0.307068965517241,0.408611111111111,0.10154214559387,0.367,"Drew Pomeranz is limiting left-handed batters more effectively","Estimated wOBA: 0.307 vs L, 0.409 vs R.","two_sided_opponent_hand_woba_gap_v1",64.2,153,"2026-09-15","2026-09-16 14:47:14 UTC"
"645261","Sandy Alcantara","Miami Marlins","R","pitcher","R",520,341,0.739721106430228,0.615482796892342,0.319364161849711,0.271441176470588,0.047922985379123,0.773,"Sandy Alcantara is limiting right-handed batters more effectively","Estimated wOBA: 0.319 vs L, 0.271 vs R.","two_sided_opponent_hand_woba_gap_v1",64.1,154,"2026-09-15","2026-09-16 14:47:14 UTC"
"691587","Eury Pérez","Miami Marlins","R","pitcher","L",340,264,0.63081798375916,0.764367816091954,0.280411764705882,0.333181818181818,0.052770053475936,0.725,"Eury Pérez is limiting left-handed batters more effectively","Estimated wOBA: 0.280 vs L, 0.333 vs R.","two_sided_opponent_hand_woba_gap_v1",64.1,154,"2026-09-15","2026-09-16 14:47:14 UTC"
"682254","Mason Montgomery","Pittsburgh Pirates","L","pitcher","L",90,161,0.376068376068376,0.613747412008282,0.185222222222222,0.268012422360248,0.082790200138026,0.474,"Mason Montgomery is limiting left-handed batters more effectively","Estimated wOBA: 0.185 vs L, 0.268 vs R.","two_sided_opponent_hand_woba_gap_v1",64.1,154,"2026-09-15","2026-09-16 14:47:14 UTC"
"820862","José Fermin","Los Angeles Angels","R","pitcher","R",106,119,0.767581475128645,0.580834168529797,0.335142857142857,0.258235294117647,0.07690756302521,0.515,"José Fermin is limiting right-handed batters more effectively","Estimated wOBA: 0.335 vs L, 0.258 vs R.","two_sided_opponent_hand_woba_gap_v1",64.1,154,"2026-09-15","2026-09-16 14:47:14 UTC"
"676254","Ryan Walker","San Francisco Giants","R","pitcher","R",56,98,1.0333850931677,0.755825734549139,0.431818181818182,0.329148936170213,0.102669245647969,0.359,"Ryan Walker is limiting right-handed batters more effectively","Estimated wOBA: 0.432 vs L, 0.329 vs R.","two_sided_opponent_hand_woba_gap_v1",64.1,154,"2026-09-15","2026-09-16 14:47:14 UTC"
"680916","Franco Aleman","Cleveland Guardians","R","pitcher","L",50,55,0.669565217391304,0.925252525252525,0.2946,0.405272727272727,0.110672727272727,0.333,"Franco Aleman is limiting left-handed batters more effectively","Estimated wOBA: 0.295 vs L, 0.405 vs R.","two_sided_opponent_hand_woba_gap_v1",63.8,159,"2026-09-15","2026-09-16 14:47:14 UTC"
"669387","Carmen Mlodzinski","Pittsburgh Pirates","R","pitcher","R",309,195,0.751331402410539,0.607224819379516,0.326123778501629,0.269076923076923,0.057046855424706,0.661,"Carmen Mlodzinski is limiting right-handed batters more effectively","Estimated wOBA: 0.326 vs L, 0.269 vs R.","two_sided_opponent_hand_woba_gap_v1",63.4,160,"2026-09-15","2026-09-16 14:47:14 UTC"
"623454","Drew Anderson","Detroit Tigers","R","pitcher","L",234,201,0.65195512291701,0.778491264607197,0.284069264069264,0.34044776119403,0.0563784971247659,0.668,"Drew Anderson is limiting left-handed batters more effectively","Estimated wOBA: 0.284 vs L, 0.340 vs R.","two_sided_opponent_hand_woba_gap_v1",63.4,160,"2026-09-15","2026-09-16 14:47:14 UTC"
"666171","Ryan Zeferjahn","Chicago Cubs","R","pitcher","R",128,156,0.744243054523845,0.552447552447553,0.327322834645669,0.258461538461538,0.068861296184131,0.561,"Ryan Zeferjahn is limiting right-handed batters more effectively","Estimated wOBA: 0.327 vs L, 0.258 vs R.","two_sided_opponent_hand_woba_gap_v1",63.4,160,"2026-09-15","2026-09-16 14:47:14 UTC"
"666142","Cole Ragans","Kansas City Royals","L","pitcher","R",51,101,1.0171568627451,0.717484248424842,0.417647058823529,0.311188118811881,0.106458940011648,0.338,"Cole Ragans is limiting right-handed batters more effectively","Estimated wOBA: 0.418 vs L, 0.311 vs R.","two_sided_opponent_hand_woba_gap_v1",63.4,160,"2026-09-15","2026-09-16 14:47:14 UTC"
"595014","Blake Treinen","Los Angeles Dodgers","R","pitcher","R",40,72,0.933333333333333,0.597361949474626,0.38475,0.263428571428571,0.121321428571429,0.286,"Blake Treinen is limiting right-handed batters more effectively","Estimated wOBA: 0.385 vs L, 0.263 vs R.","two_sided_opponent_hand_woba_gap_v1",63.4,160,"2026-09-15","2026-09-16 14:47:14 UTC"
"623352","Josh Hader","Houston Astros","L","pitcher","R",43,112,0.555813953488372,0.26717032967033,0.246511627906977,0.129642857142857,0.11686877076412,0.301,"Josh Hader is limiting right-handed batters more effectively","Estimated wOBA: 0.247 vs L, 0.130 vs R.","two_sided_opponent_hand_woba_gap_v1",63.3,165,"2026-09-15","2026-09-16 14:47:14 UTC"
"669211","Keegan Akin","Baltimore Orioles","L","pitcher","L",49,65,0.627008250108554,0.899715909090909,0.271836734693878,0.37875,0.106913265306122,0.329,"Keegan Akin is limiting left-handed batters more effectively","Estimated wOBA: 0.272 vs L, 0.379 vs R.","two_sided_opponent_hand_woba_gap_v1",62.9,166,"2026-09-15","2026-09-16 14:47:14 UTC"
"685126","Brandon Eisert","Pittsburgh Pirates","L","pitcher","L",80,92,0.606060606060606,0.831834082958521,0.269350649350649,0.352608695652174,0.083258046301525,0.444,"Brandon Eisert is limiting left-handed batters more effectively","Estimated wOBA: 0.269 vs L, 0.353 vs R.","two_sided_opponent_hand_woba_gap_v1",62.6,167,"2026-09-15","2026-09-16 14:47:14 UTC"
"686218","Emmet Sheehan","Los Angeles Dodgers","R","pitcher","R",247,206,0.824639031206334,0.6812475009996,0.348582995951417,0.294536585365854,0.054046410585563,0.673,"Emmet Sheehan is limiting right-handed batters more effectively","Estimated wOBA: 0.349 vs L, 0.295 vs R.","two_sided_opponent_hand_woba_gap_v1",62.3,168,"2026-09-15","2026-09-16 14:47:14 UTC"
"669199","Lake Bachar","Pittsburgh Pirates","R","pitcher","R",191,145,0.704076060771529,0.569444444444444,0.310578947368421,0.248472222222222,0.062106725146199,0.592,"Lake Bachar is limiting right-handed batters more effectively","Estimated wOBA: 0.311 vs L, 0.248 vs R.","two_sided_opponent_hand_woba_gap_v1",62.3,168,"2026-09-15","2026-09-16 14:47:14 UTC"
"693821","Bryce Elder","Atlanta Braves","R","pitcher","L",398,237,0.661488950868912,0.788928468277655,0.288556962025316,0.339531914893617,0.050974952868301,0.703,"Bryce Elder is limiting left-handed batters more effectively","Estimated wOBA: 0.289 vs L, 0.340 vs R.","two_sided_opponent_hand_woba_gap_v1",62.2,170,"2026-09-15","2026-09-16 14:47:14 UTC"
"621237","José Alvarado","Philadelphia Phillies","L","pitcher","R",107,143,0.875077752436243,0.707505093331865,0.383428571428571,0.310559440559441,0.07286913086913,0.517,"José Alvarado is limiting right-handed batters more effectively","Estimated wOBA: 0.383 vs L, 0.311 vs R.","two_sided_opponent_hand_woba_gap_v1",62.2,170,"2026-09-15","2026-09-16 14:47:14 UTC"
"668390","Cole Winn","Texas Rangers","R","pitcher","R",94,121,0.905812143227815,0.71889640812077,0.383763440860215,0.307647058823529,0.076116382036686,0.485,"Cole Winn is limiting right-handed batters more effectively","Estimated wOBA: 0.384 vs L, 0.308 vs R.","two_sided_opponent_hand_woba_gap_v1",61.9,172,"2026-09-15","2026-09-16 14:47:14 UTC"
"663903","Brady Singer","Cincinnati Reds","R","pitcher","R",443,242,0.873895485986166,0.745641205462373,0.373922902494331,0.324315352697095,0.049607549797236,0.708,"Brady Singer is limiting right-handed batters more effectively","Estimated wOBA: 0.374 vs L, 0.324 vs R.","two_sided_opponent_hand_woba_gap_v1",61.8,173,"2026-09-15","2026-09-16 14:47:14 UTC"
"640455","Sean Manaea","New York Mets","L","pitcher","L",181,423,0.693434343434344,0.848790425261014,0.302888888888889,0.358,0.055111111111111,0.644,"Sean Manaea is limiting left-handed batters more effectively","Estimated wOBA: 0.303 vs L, 0.358 vs R.","two_sided_opponent_hand_woba_gap_v1",61.8,173,"2026-09-15","2026-09-16 14:47:14 UTC"
"669947","Jesse Scholtens","Tampa Bay Rays","R","pitcher","R",100,97,0.91695652173913,0.692999280748022,0.377878787878788,0.303298969072165,0.074579818806623,0.492,"Jesse Scholtens is limiting right-handed batters more effectively","Estimated wOBA: 0.378 vs L, 0.303 vs R.","two_sided_opponent_hand_woba_gap_v1",61.8,173,"2026-09-15","2026-09-16 14:47:14 UTC"
"621112","Paul Blackburn","New York Yankees","R","pitcher","R",166,151,0.635316777313335,0.489637429129544,0.28289156626506,0.222847682119205,0.060043884145855,0.602,"Paul Blackburn is limiting right-handed batters more effectively","Estimated wOBA: 0.283 vs L, 0.223 vs R.","two_sided_opponent_hand_woba_gap_v1",61.7,176,"2026-09-15","2026-09-16 14:47:14 UTC"
"670245","Ryan Watson","Los Angeles Angels","R","pitcher","R",144,151,0.767154929577465,0.636641504191173,0.334014084507042,0.272649006622517,0.061365077884525,0.59,"Ryan Watson is limiting right-handed batters more effectively","Estimated wOBA: 0.334 vs L, 0.273 vs R.","two_sided_opponent_hand_woba_gap_v1",61.7,176,"2026-09-15","2026-09-16 14:47:14 UTC"
"682120","Tim Herrin","Cleveland Guardians","L","pitcher","L",102,120,0.584854631507776,0.767082590612002,0.258137254901961,0.331440677966102,0.073303423064141,0.505,"Tim Herrin is limiting left-handed batters more effectively","Estimated wOBA: 0.258 vs L, 0.331 vs R.","two_sided_opponent_hand_woba_gap_v1",61.7,176,"2026-09-15","2026-09-16 14:47:14 UTC"
"624133","Ranger Suarez","Boston Red Sox","L","pitcher","R",165,406,0.744491270319085,0.598671497584541,0.324,0.266148148148148,0.057851851851852,0.623,"Ranger Suarez is limiting right-handed batters more effectively","Estimated wOBA: 0.324 vs L, 0.266 vs R.","two_sided_opponent_hand_woba_gap_v1",61.6,179,"2026-09-15","2026-09-16 14:47:14 UTC"
"664141","JT Brubaker","San Francisco Giants","R","pitcher","L",122,130,0.534047919293821,0.755968169761273,0.252459016393443,0.319923076923077,0.067464060529634,0.55,"JT Brubaker is limiting left-handed batters more effectively","Estimated wOBA: 0.252 vs L, 0.320 vs R.","two_sided_opponent_hand_woba_gap_v1",61.6,179,"2026-09-15","2026-09-16 14:47:14 UTC"
"680730","Mitchell Parker","Washington Nationals","L","pitcher","R",75,103,0.972008547008547,0.771172298706717,0.413611111111111,0.330980392156863,0.082630718954248,0.429,"Mitchell Parker is limiting right-handed batters more effectively","Estimated wOBA: 0.414 vs L, 0.331 vs R.","two_sided_opponent_hand_woba_gap_v1",61.5,181,"2026-09-15","2026-09-16 14:47:14 UTC"
"660271","Shohei Ohtani","Los Angeles Dodgers","R","pitcher","R",191,149,0.588888888888889,0.42968045677652,0.261789473684211,0.202147651006711,0.0596418226775,0.598,"Shohei Ohtani is limiting right-handed batters more effectively","Estimated wOBA: 0.262 vs L, 0.202 vs R.","two_sided_opponent_hand_woba_gap_v1",61.4,182,"2026-09-15","2026-09-16 14:47:14 UTC"
"702275","JR Ritchie","Atlanta Braves","R","pitcher","R",157,99,0.783489251592357,0.606882781301386,0.346624203821656,0.272929292929293,0.073694910892363,0.497,"JR Ritchie is limiting right-handed batters more effectively","Estimated wOBA: 0.347 vs L, 0.273 vs R.","two_sided_opponent_hand_woba_gap_v1",61.2,183,"2026-09-15","2026-09-16 14:47:14 UTC"
"661563","Luis Gil","New York Yankees","R","pitcher","L",50,57,0.660909090909091,0.933638443935927,0.297,0.394035087719298,0.097035087719298,0.333,"Luis Gil is limiting left-handed batters more effectively","Estimated wOBA: 0.297 vs L, 0.394 vs R.","two_sided_opponent_hand_woba_gap_v1",61,184,"2026-09-15","2026-09-16 14:47:14 UTC"
"608566","Germán Márquez","San Diego Padres","R","pitcher","R",136,101,0.940217391304348,0.754476511480935,0.394558823529412,0.321980198019802,0.07257862550961,0.502,"Germán Márquez is limiting right-handed batters more effectively","Estimated wOBA: 0.395 vs L, 0.322 vs R.","two_sided_opponent_hand_woba_gap_v1",60.9,185,"2026-09-15","2026-09-16 14:47:14 UTC"
"518876","Merrill Kelly","Arizona Diamondbacks","R","pitcher","R",401,263,0.852091871461052,0.740522706689093,0.363333333333333,0.317557251908397,0.045776081424936,0.725,"Merrill Kelly is limiting right-handed batters more effectively","Estimated wOBA: 0.363 vs L, 0.318 vs R.","two_sided_opponent_hand_woba_gap_v1",60.7,186,"2026-09-15","2026-09-16 14:47:14 UTC"
"676604","Tyler Zuber","Miami Marlins","R","pitcher","R",76,88,0.955263157894737,0.724539700805524,0.395394736842105,0.314886363636364,0.080508373205741,0.432,"Tyler Zuber is limiting right-handed batters more effectively","Estimated wOBA: 0.395 vs L, 0.315 vs R.","two_sided_opponent_hand_woba_gap_v1",60.7,186,"2026-09-15","2026-09-16 14:47:14 UTC"
"700712","Walbert Ureña","Los Angeles Angels","R","pitcher","R",328,253,0.655913978494624,0.546269873624134,0.295230769230769,0.249130434782609,0.04610033444816,0.717,"Walbert Ureña is limiting right-handed batters more effectively","Estimated wOBA: 0.295 vs L, 0.249 vs R.","two_sided_opponent_hand_woba_gap_v1",60.6,188,"2026-09-15","2026-09-16 14:47:14 UTC"
"607625","Seth Lugo","Kansas City Royals","R","pitcher","R",451,259,0.847582798701371,0.744676675497988,0.363318485523385,0.317790697674419,0.0455277878489661,0.721,"Seth Lugo is limiting right-handed batters more effectively","Estimated wOBA: 0.363 vs L, 0.318 vs R.","two_sided_opponent_hand_woba_gap_v1",60.2,189,"2026-09-15","2026-09-16 14:47:14 UTC"
"664299","Cristian Javier","Houston Astros","R","pitcher","L",118,125,0.701663527934714,0.873761467889908,0.30771186440678,0.3716,0.06388813559322,0.541,"Cristian Javier is limiting left-handed batters more effectively","Estimated wOBA: 0.308 vs L, 0.372 vs R.","two_sided_opponent_hand_woba_gap_v1",60,190,"2026-09-15","2026-09-16 14:47:14 UTC"
"571510","Matthew Boyd","Chicago Cubs","L","pitcher","L",129,347,0.566714687521438,0.749403901734104,0.263565891472868,0.323757225433526,0.060191333960658,0.563,"Matthew Boyd is limiting left-handed batters more effectively","Estimated wOBA: 0.264 vs L, 0.324 vs R.","two_sided_opponent_hand_woba_gap_v1",59.8,191,"2026-09-15","2026-09-16 14:47:14 UTC"
"683000","Riley Cornelio","Washington Nationals","R","pitcher","L",61,63,0.515151515151515,0.793650793650794,0.258166666666667,0.341904761904762,0.083738095238095,0.379,"Riley Cornelio is limiting left-handed batters more effectively","Estimated wOBA: 0.258 vs L, 0.342 vs R.","two_sided_opponent_hand_woba_gap_v1",59.8,191,"2026-09-15","2026-09-16 14:47:14 UTC"
"669160","Dustin May","Milwaukee Brewers","R","pitcher","R",351,236,0.727859674257276,0.632602193419741,0.322091690544413,0.276101694915254,0.045989995629159,0.702,"Dustin May is limiting right-handed batters more effectively","Estimated wOBA: 0.322 vs L, 0.276 vs R.","two_sided_opponent_hand_woba_gap_v1",59.6,193,"2026-09-15","2026-09-16 14:47:14 UTC"
"623437","Justin Topa","New York Yankees","R","pitcher","L",40,68,0.778571428571428,1.01728586171311,0.336,0.434117647058823,0.098117647058823,0.286,"Justin Topa is limiting left-handed batters more effectively","Estimated wOBA: 0.336 vs L, 0.434 vs R.","two_sided_opponent_hand_woba_gap_v1",59.5,194,"2026-09-15","2026-09-16 14:47:14 UTC"
"663776","Patrick Sandoval","Boston Red Sox","L","pitcher","R",79,188,0.970457079152731,0.793850544888428,0.420769230769231,0.344946808510638,0.075822422258593,0.441,"Patrick Sandoval is limiting right-handed batters more effectively","Estimated wOBA: 0.421 vs L, 0.345 vs R.","two_sided_opponent_hand_woba_gap_v1",59.4,195,"2026-09-15","2026-09-16 14:47:14 UTC"
"687911","Bryan King","Houston Astros","L","pitcher","L",103,150,0.659420289855073,0.855704697986577,0.29656862745098,0.364697986577181,0.068129359126201,0.507,"Bryan King is limiting left-handed batters more effectively","Estimated wOBA: 0.297 vs L, 0.365 vs R.","two_sided_opponent_hand_woba_gap_v1",59.4,195,"2026-09-15","2026-09-16 14:47:14 UTC"
"641329","Bryan Baker","Tampa Bay Rays","R","pitcher","L",121,110,0.423809523809524,0.555502392344498,0.189833333333333,0.254727272727273,0.06489393939394,0.524,"Bryan Baker is limiting left-handed batters more effectively","Estimated wOBA: 0.190 vs L, 0.255 vs R.","two_sided_opponent_hand_woba_gap_v1",59.1,197,"2026-09-15","2026-09-16 14:47:14 UTC"
"694795","Josh Ekness","Miami Marlins","R","pitcher","R",58,57,0.820747520976354,0.573328267477204,0.359122807017544,0.275,0.084122807017544,0.363,"Josh Ekness is limiting right-handed batters more effectively","Estimated wOBA: 0.359 vs L, 0.275 vs R.","two_sided_opponent_hand_woba_gap_v1",59.1,197,"2026-09-15","2026-09-16 14:47:14 UTC"
"805123","AJ Blubaugh","Houston Astros","R","pitcher","L",202,176,0.637974898236092,0.74890756302521,0.275572139303483,0.325885714285714,0.050313574982231,0.638,"AJ Blubaugh is limiting left-handed batters more effectively","Estimated wOBA: 0.276 vs L, 0.326 vs R.","two_sided_opponent_hand_woba_gap_v1",59,199,"2026-09-15","2026-09-16 14:47:14 UTC"
"592155","Cam Booser","Tampa Bay Rays","L","pitcher","L",63,77,0.433223864258347,0.625131625131625,0.186190476190476,0.267792207792208,0.081601731601732,0.387,"Cam Booser is limiting left-handed batters more effectively","Estimated wOBA: 0.186 vs L, 0.268 vs R.","two_sided_opponent_hand_woba_gap_v1",58.8,200,"2026-09-15","2026-09-16 14:47:14 UTC"
"657424","Matt Gage","San Francisco Giants","L","pitcher","L",54,73,0.691823899371069,0.97923801369863,0.318679245283019,0.403561643835616,0.084882398552597,0.351,"Matt Gage is limiting left-handed batters more effectively","Estimated wOBA: 0.319 vs L, 0.404 vs R.","two_sided_opponent_hand_woba_gap_v1",58.8,200,"2026-09-15","2026-09-16 14:47:14 UTC"
"592836","Taijuan Walker","Philadelphia Phillies","R","pitcher","R",76,40,1.15479876160991,0.889285714285714,0.4775,0.3805,0.097,0.286,"Taijuan Walker is limiting right-handed batters more effectively","Estimated wOBA: 0.477 vs L, 0.381 vs R.","two_sided_opponent_hand_woba_gap_v1",58.7,202,"2026-09-15","2026-09-16 14:47:14 UTC"
"622491","Luis Castillo","Chicago White Sox","R","pitcher","R",334,249,0.878881265850923,0.76349077822762,0.370939393939394,0.328421052631579,0.042518341307815,0.713,"Luis Castillo is limiting right-handed batters more effectively","Estimated wOBA: 0.371 vs L, 0.328 vs R.","two_sided_opponent_hand_woba_gap_v1",58.4,203,"2026-09-15","2026-09-16 14:47:14 UTC"
"687377","Orlando Ribalta","Washington Nationals","R","pitcher","L",83,95,0.518292682926829,0.731519810762862,0.242317073170732,0.314947368421053,0.072630295250321,0.454,"Orlando Ribalta is limiting left-handed batters more effectively","Estimated wOBA: 0.242 vs L, 0.315 vs R.","two_sided_opponent_hand_woba_gap_v1",58.2,204,"2026-09-15","2026-09-16 14:47:14 UTC"
"608718","Brent Suter","Atlanta Braves","L","pitcher","R",143,217,0.805594405594406,0.665679652077357,0.343006993006993,0.289719626168224,0.053287366838769,0.588,"Brent Suter is limiting right-handed batters more effectively","Estimated wOBA: 0.343 vs L, 0.290 vs R.","two_sided_opponent_hand_woba_gap_v1",58.1,205,"2026-09-15","2026-09-16 14:47:14 UTC"
"703725","Luis Gastelum","St. Louis Cardinals","R","pitcher","R",69,62,0.881720430107527,0.683179723502304,0.372028985507246,0.29258064516129,0.079448340345956,0.383,"Luis Gastelum is limiting right-handed batters more effectively","Estimated wOBA: 0.372 vs L, 0.293 vs R.","two_sided_opponent_hand_woba_gap_v1",58,206,"2026-09-15","2026-09-16 14:47:14 UTC"
"680742","Jonathan Bowlan","Philadelphia Phillies","R","pitcher","L",125,104,0.535279279279279,0.707417582417582,0.2404,0.302788461538462,0.062388461538462,0.51,"Jonathan Bowlan is limiting left-handed batters more effectively","Estimated wOBA: 0.240 vs L, 0.303 vs R.","two_sided_opponent_hand_woba_gap_v1",57.6,207,"2026-09-15","2026-09-16 14:47:14 UTC"
"699134","Bradgley Rodriguez","San Diego Padres","R","pitcher","L",150,130,0.555327066196631,0.688429752066116,0.241689189189189,0.295038759689922,0.053349570500733,0.565,"Bradgley Rodriguez is limiting left-handed batters more effectively","Estimated wOBA: 0.242 vs L, 0.295 vs R.","two_sided_opponent_hand_woba_gap_v1",57.2,208,"2026-09-15","2026-09-16 14:47:14 UTC"
"656849","David Peterson","Chicago Cubs","L","pitcher","L",186,438,0.689110162794373,0.783867276887872,0.298324324324324,0.343638443935927,0.045314119611603,0.65,"David Peterson is limiting left-handed batters more effectively","Estimated wOBA: 0.298 vs L, 0.344 vs R.","two_sided_opponent_hand_woba_gap_v1",57,209,"2026-09-15","2026-09-16 14:47:14 UTC"
"672456","Keider Montero","Detroit Tigers","R","pitcher","R",344,248,0.669942260715079,0.569989395546129,0.28841642228739,0.247723577235772,0.040692845051618,0.713,"Keider Montero is limiting right-handed batters more effectively","Estimated wOBA: 0.288 vs L, 0.248 vs R.","two_sided_opponent_hand_woba_gap_v1",57,209,"2026-09-15","2026-09-16 14:47:14 UTC"
"677961","Cole Wilcox","Seattle Mariners","R","pitcher","L",67,55,0.648507462686567,0.780126849894292,0.284776119402985,0.366181818181818,0.081405698778833,0.355,"Cole Wilcox is limiting left-handed batters more effectively","Estimated wOBA: 0.285 vs L, 0.366 vs R.","two_sided_opponent_hand_woba_gap_v1",57,209,"2026-09-15","2026-09-16 14:47:14 UTC"
"500779","Jose Quintana","Colorado Rockies","L","pitcher","R",40,142,1.04166666666667,0.794470046082949,0.42525,0.336714285714286,0.088535714285714,0.286,"Jose Quintana is limiting right-handed batters more effectively","Estimated wOBA: 0.425 vs L, 0.337 vs R.","two_sided_opponent_hand_woba_gap_v1",56.9,212,"2026-09-15","2026-09-16 14:47:14 UTC"
"668873","Caleb Kilian","Philadelphia Phillies","R","pitcher","L",119,88,0.605273301981343,0.777777777777778,0.270084033613445,0.338095238095238,0.068011204481793,0.468,"Caleb Kilian is limiting left-handed batters more effectively","Estimated wOBA: 0.270 vs L, 0.338 vs R.","two_sided_opponent_hand_woba_gap_v1",56.9,212,"2026-09-15","2026-09-16 14:47:14 UTC"
"676571","PJ Poulin","Washington Nationals","L","pitcher","L",71,81,0.574057246706043,0.749329039184112,0.25887323943662,0.332592592592593,0.073719353155973,0.415,"PJ Poulin is limiting left-handed batters more effectively","Estimated wOBA: 0.259 vs L, 0.333 vs R.","two_sided_opponent_hand_woba_gap_v1",56.9,212,"2026-09-15","2026-09-16 14:47:14 UTC"
"607200","Erick Fedde","Chicago White Sox","R","pitcher","L",309,263,0.694094226940942,0.808844867831683,0.304058441558442,0.342595419847328,0.038536978288886,0.725,"Erick Fedde is limiting left-handed batters more effectively","Estimated wOBA: 0.304 vs L, 0.343 vs R.","two_sided_opponent_hand_woba_gap_v1",56.7,215,"2026-09-15","2026-09-16 14:47:14 UTC"
"693855","Ian Seymour","Tampa Bay Rays","L","pitcher","R",174,333,0.7995514437903,0.678897981232868,0.335114942528736,0.289393939393939,0.045721003134797,0.635,"Ian Seymour is limiting right-handed batters more effectively","Estimated wOBA: 0.335 vs L, 0.289 vs R.","two_sided_opponent_hand_woba_gap_v1",56.5,216,"2026-09-15","2026-09-16 14:47:14 UTC"
"656638","Alex Lange","Kansas City Royals","R","pitcher","R",140,116,0.887603305785124,0.751828631138976,0.383357142857143,0.327931034482759,0.055426108374384,0.537,"Alex Lange is limiting right-handed batters more effectively","Estimated wOBA: 0.383 vs L, 0.328 vs R.","two_sided_opponent_hand_woba_gap_v1",56.4,217,"2026-09-15","2026-09-16 14:47:14 UTC"
"676684","Will Vest","Detroit Tigers","R","pitcher","L",59,57,0.610133708655876,0.841443230718305,0.283448275862069,0.36140350877193,0.077955232909861,0.363,"Will Vest is limiting left-handed batters more effectively","Estimated wOBA: 0.283 vs L, 0.361 vs R.","two_sided_opponent_hand_woba_gap_v1",56.3,218,"2026-09-15","2026-09-16 14:47:14 UTC"
"687570","Connor Prielipp","Minnesota Twins","L","pitcher","R",142,347,0.820393908164434,0.70709615330182,0.355492957746479,0.306413994169096,0.049078963577383,0.587,"Connor Prielipp is limiting right-handed batters more effectively","Estimated wOBA: 0.355 vs L, 0.306 vs R.","two_sided_opponent_hand_woba_gap_v1",56.2,219,"2026-09-15","2026-09-16 14:47:14 UTC"
"625643","Reynaldo López","Atlanta Braves","R","pitcher","R",196,150,0.801329534662868,0.716176810923397,0.351333333333333,0.304026845637584,0.047306487695749,0.6,"Reynaldo López is limiting right-handed batters more effectively","Estimated wOBA: 0.351 vs L, 0.304 vs R.","two_sided_opponent_hand_woba_gap_v1",56.2,219,"2026-09-15","2026-09-16 14:47:14 UTC"
"656546","Jeff Hoffman","Minnesota Twins","R","pitcher","L",149,128,0.6097057305111,0.744054203539823,0.268775510204082,0.320859375,0.052083864795918,0.561,"Jeff Hoffman is limiting left-handed batters more effectively","Estimated wOBA: 0.269 vs L, 0.321 vs R.","two_sided_opponent_hand_woba_gap_v1",56.1,221,"2026-09-15","2026-09-16 14:47:14 UTC"
"657746","Joe Ryan","Minnesota Twins","R","pitcher","R",332,235,0.741922674621315,0.650845098429111,0.318072289156627,0.278510638297872,0.039561650858755,0.701,"Joe Ryan is limiting right-handed batters more effectively","Estimated wOBA: 0.318 vs L, 0.279 vs R.","two_sided_opponent_hand_woba_gap_v1",55.9,222,"2026-09-15","2026-09-16 14:47:14 UTC"
"701519","Travis Adams","Minnesota Twins","R","pitcher","R",127,93,0.842108866826429,0.680978260869565,0.358818897637795,0.295869565217391,0.062949332420404,0.482,"Travis Adams is limiting right-handed batters more effectively","Estimated wOBA: 0.359 vs L, 0.296 vs R.","two_sided_opponent_hand_woba_gap_v1",55.9,222,"2026-09-15","2026-09-16 14:47:14 UTC"
"664208","Phil Maton","Chicago Cubs","R","pitcher","R",59,77,1.04872881355932,0.823308270676692,0.435084745762712,0.359736842105263,0.075347903657449,0.371,"Phil Maton is limiting right-handed batters more effectively","Estimated wOBA: 0.435 vs L, 0.360 vs R.","two_sided_opponent_hand_woba_gap_v1",55.9,222,"2026-09-15","2026-09-16 14:47:14 UTC"
"621111","Walker Buehler","San Diego Padres","R","pitcher","R",351,260,0.785022385022385,0.701552616446233,0.341057142857143,0.303899613899614,0.037157528957529,0.722,"Walker Buehler is limiting right-handed batters more effectively","Estimated wOBA: 0.341 vs L, 0.304 vs R.","two_sided_opponent_hand_woba_gap_v1",55.8,225,"2026-09-15","2026-09-16 14:47:14 UTC"
"805673","Zebby Matthews","Minnesota Twins","R","pitcher","R",288,213,0.806201550387597,0.710983070138,0.344340277777778,0.303615023474178,0.0407252543036,0.681,"Zebby Matthews is limiting right-handed batters more effectively","Estimated wOBA: 0.344 vs L, 0.304 vs R.","two_sided_opponent_hand_woba_gap_v1",55.8,225,"2026-09-15","2026-09-16 14:47:14 UTC"
"800311","Didier Fuentes","Atlanta Braves","R","pitcher","R",156,123,0.630122671512949,0.487520307192438,0.273225806451613,0.220495867768595,0.052729938683018,0.552,"Didier Fuentes is limiting right-handed batters more effectively","Estimated wOBA: 0.273 vs L, 0.220 vs R.","two_sided_opponent_hand_woba_gap_v1",55.7,227,"2026-09-15","2026-09-16 14:47:14 UTC"
"656945","Tanner Scott","Los Angeles Dodgers","L","pitcher","L",74,159,0.47573385518591,0.648373120380596,0.20958904109589,0.279240506329114,0.069651465233224,0.425,"Tanner Scott is limiting left-handed batters more effectively","Estimated wOBA: 0.210 vs L, 0.279 vs R.","two_sided_opponent_hand_woba_gap_v1",55.5,228,"2026-09-15","2026-09-16 14:47:14 UTC"
"678394","Brayan Bello","Boston Red Sox","R","pitcher","R",249,208,0.798387096774194,0.681089743589744,0.341733870967742,0.301009615384615,0.040724255583127,0.675,"Brayan Bello is limiting right-handed batters more effectively","Estimated wOBA: 0.342 vs L, 0.301 vs R.","two_sided_opponent_hand_woba_gap_v1",55.4,229,"2026-09-15","2026-09-16 14:47:14 UTC"
"646241","Enmanuel De Jesus","Detroit Tigers","L","pitcher","R",82,96,0.764597931264598,0.590092879256966,0.332222222222222,0.265157894736842,0.06706432748538,0.451,"Enmanuel De Jesus is limiting right-handed batters more effectively","Estimated wOBA: 0.332 vs L, 0.265 vs R.","two_sided_opponent_hand_woba_gap_v1",55.2,230,"2026-09-15","2026-09-16 14:47:14 UTC"
"670970","Adrian Morejon","San Diego Padres","L","pitcher","L",132,197,0.462490761271249,0.595375070501974,0.210909090909091,0.259948717948718,0.049039627039627,0.569,"Adrian Morejon is limiting left-handed batters more effectively","Estimated wOBA: 0.211 vs L, 0.260 vs R.","two_sided_opponent_hand_woba_gap_v1",55.1,231,"2026-09-15","2026-09-16 14:47:14 UTC"
"656876","Drew Rasmussen","Tampa Bay Rays","R","pitcher","R",367,259,0.591217101866048,0.500156951376464,0.257765667574932,0.221196911196911,0.036568756378021,0.721,"Drew Rasmussen is limiting right-handed batters more effectively","Estimated wOBA: 0.258 vs L, 0.221 vs R.","two_sided_opponent_hand_woba_gap_v1",55,232,"2026-09-15","2026-09-16 14:47:14 UTC"
"656641","Jacob Latz","Texas Rangers","L","pitcher","R",92,159,0.573088455772114,0.400427883758246,0.23967032967033,0.178397435897436,0.061272893772894,0.479,"Jacob Latz is limiting right-handed batters more effectively","Estimated wOBA: 0.240 vs L, 0.178 vs R.","two_sided_opponent_hand_woba_gap_v1",54.7,233,"2026-09-15","2026-09-16 14:47:14 UTC"
"669438","Mason Englert","Tampa Bay Rays","R","pitcher","L",67,90,0.783582089552239,0.924785194976867,0.319090909090909,0.390112359550562,0.071021450459653,0.401,"Mason Englert is limiting left-handed batters more effectively","Estimated wOBA: 0.319 vs L, 0.390 vs R.","two_sided_opponent_hand_woba_gap_v1",54.6,234,"2026-09-15","2026-09-16 14:47:14 UTC"
"700241","Michael McGreevy","St. Louis Cardinals","R","pitcher","R",413,245,0.754625853398501,0.674930933071919,0.324430992736078,0.287918367346939,0.036512625389139,0.71,"Michael McGreevy is limiting right-handed batters more effectively","Estimated wOBA: 0.324 vs L, 0.288 vs R.","two_sided_opponent_hand_woba_gap_v1",54.3,235,"2026-09-15","2026-09-16 14:47:14 UTC"
"676917","Cade Cavalli","Washington Nationals","R","pitcher","R",409,279,0.690493410478946,0.611217362970519,0.304264705882353,0.270537634408602,0.033727071473751,0.736,"Cade Cavalli is limiting right-handed batters more effectively","Estimated wOBA: 0.304 vs L, 0.271 vs R.","two_sided_opponent_hand_woba_gap_v1",54.2,236,"2026-09-15","2026-09-16 14:47:14 UTC"
"663567","Peter Lambert","Houston Astros","R","pitcher","L",345,274,0.589682106072563,0.711872441284206,0.273508771929825,0.308131868131868,0.034623096202043,0.733,"Peter Lambert is limiting left-handed batters more effectively","Estimated wOBA: 0.274 vs L, 0.308 vs R.","two_sided_opponent_hand_woba_gap_v1",54.1,237,"2026-09-15","2026-09-16 14:47:14 UTC"
"573009","Joe Mantiply","Toronto Blue Jays","L","pitcher","L",53,54,0.603018867924528,0.806089743589744,0.266981132075472,0.340961538461538,0.073980406386066,0.346,"Joe Mantiply is limiting left-handed batters more effectively","Estimated wOBA: 0.267 vs L, 0.341 vs R.","two_sided_opponent_hand_woba_gap_v1",53.8,238,"2026-09-15","2026-09-16 14:47:14 UTC"
"676440","Tanner Bibee","Cleveland Guardians","R","pitcher","R",428,304,0.736700373375936,0.647601867572156,0.315433255269321,0.283585526315789,0.031847728953532,0.752,"Tanner Bibee is limiting right-handed batters more effectively","Estimated wOBA: 0.315 vs L, 0.284 vs R.","two_sided_opponent_hand_woba_gap_v1",53.6,239,"2026-09-15","2026-09-16 14:47:14 UTC"
"669854","Ronel Blanco","Houston Astros","R","pitcher","R",86,50,0.925387596899225,0.754667824576639,0.392906976744186,0.318571428571429,0.074335548172757,0.333,"Ronel Blanco is limiting right-handed batters more effectively","Estimated wOBA: 0.393 vs L, 0.319 vs R.","two_sided_opponent_hand_woba_gap_v1",53.2,240,"2026-09-15","2026-09-16 14:47:14 UTC"
"669373","Tarik Skubal","Los Angeles Dodgers","L","pitcher","R",132,441,0.686789772727273,0.562727060627271,0.292121212121212,0.24689497716895,0.045226234952262,0.569,"Tarik Skubal is limiting right-handed batters more effectively","Estimated wOBA: 0.292 vs L, 0.247 vs R.","two_sided_opponent_hand_woba_gap_v1",52.9,241,"2026-09-15","2026-09-16 14:47:14 UTC"
"663969","Tyler Phillips","Miami Marlins","R","pitcher","R",286,223,0.747666723230952,0.665864057081005,0.32669014084507,0.291569506726457,0.035120634118613,0.69,"Tyler Phillips is limiting right-handed batters more effectively","Estimated wOBA: 0.327 vs L, 0.292 vs R.","two_sided_opponent_hand_woba_gap_v1",52.7,242,"2026-09-15","2026-09-16 14:47:14 UTC"
"667463","John King","Miami Marlins","L","pitcher","L",110,85,0.578738295658753,0.71921568627451,0.251192660550459,0.310117647058823,0.058924986508364,0.459,"John King is limiting left-handed batters more effectively","Estimated wOBA: 0.251 vs L, 0.310 vs R.","two_sided_opponent_hand_woba_gap_v1",52.7,242,"2026-09-15","2026-09-16 14:47:14 UTC"
"605483","Blake Snell","Los Angeles Dodgers","L","pitcher","R",48,107,0.59683578832515,0.449176221215917,0.282553191489362,0.208224299065421,0.074328892423941,0.324,"Blake Snell is limiting right-handed batters more effectively","Estimated wOBA: 0.283 vs L, 0.208 vs R.","two_sided_opponent_hand_woba_gap_v1",52.7,242,"2026-09-15","2026-09-16 14:47:14 UTC"
"663158","Robert Suarez","Atlanta Braves","R","pitcher","L",67,54,0.372294372294372,0.532679738562091,0.168484848484848,0.240555555555556,0.072070707070708,0.351,"Robert Suarez is limiting left-handed batters more effectively","Estimated wOBA: 0.168 vs L, 0.241 vs R.","two_sided_opponent_hand_woba_gap_v1",52.7,242,"2026-09-15","2026-09-16 14:47:14 UTC"
"663855","Jordan Hicks","Chicago White Sox","R","pitcher","L",78,121,0.60603700097371,0.750953591862683,0.269350649350649,0.330578512396694,0.061227863046045,0.438,"Jordan Hicks is limiting left-handed batters more effectively","Estimated wOBA: 0.269 vs L, 0.331 vs R.","two_sided_opponent_hand_woba_gap_v1",52.4,246,"2026-09-15","2026-09-16 14:47:14 UTC"
"656492","Foster Griffin","Cleveland Guardians","L","pitcher","L",188,505,0.643864423552697,0.73258927993859,0.279840425531915,0.316719681908549,0.036879256376634,0.653,"Foster Griffin is limiting left-handed batters more effectively","Estimated wOBA: 0.280 vs L, 0.317 vs R.","two_sided_opponent_hand_woba_gap_v1",52.3,247,"2026-09-15","2026-09-16 14:47:14 UTC"
"693313","Carson Seymour","San Francisco Giants","R","pitcher","R",66,53,0.921678321678322,0.767628205128205,0.3971875,0.325192307692308,0.071995192307692,0.346,"Carson Seymour is limiting right-handed batters more effectively","Estimated wOBA: 0.397 vs L, 0.325 vs R.","two_sided_opponent_hand_woba_gap_v1",52.3,247,"2026-09-15","2026-09-16 14:47:14 UTC"
"666661","Juan Morillo","Arizona Diamondbacks","R","pitcher","L",133,112,0.502100840336134,0.614230486008837,0.227348484848485,0.274553571428571,0.047205086580086,0.528,"Juan Morillo is limiting left-handed batters more effectively","Estimated wOBA: 0.227 vs L, 0.275 vs R.","two_sided_opponent_hand_woba_gap_v1",51.7,249,"2026-09-15","2026-09-16 14:47:14 UTC"
"663623","Jake Irvin","Washington Nationals","R","pitcher","L",256,170,0.730611444063927,0.824165341812401,0.31953125,0.356411764705882,0.036880514705882,0.63,"Jake Irvin is limiting left-handed batters more effectively","Estimated wOBA: 0.320 vs L, 0.356 vs R.","two_sided_opponent_hand_woba_gap_v1",51.2,250,"2026-09-15","2026-09-16 14:47:14 UTC"
"548384","Brooks Raley","Philadelphia Phillies","L","pitcher","L",87,128,0.614367816091954,0.735642135642136,0.264252873563218,0.318730158730159,0.0544772851669409,0.465,"Brooks Raley is limiting left-handed batters more effectively","Estimated wOBA: 0.264 vs L, 0.319 vs R.","two_sided_opponent_hand_woba_gap_v1",51.2,250,"2026-09-15","2026-09-16 14:47:14 UTC"
"662253","Andrés Muñoz","Seattle Mariners","R","pitcher","R",127,103,0.6910151856018,0.577353313634445,0.303307086614173,0.254271844660194,0.049035241953979,0.507,"Andrés Muñoz is limiting right-handed batters more effectively","Estimated wOBA: 0.303 vs L, 0.254 vs R.","two_sided_opponent_hand_woba_gap_v1",51.1,252,"2026-09-15","2026-09-16 14:47:14 UTC"
"674003","Cody Bradford","Texas Rangers","L","pitcher","R",56,96,0.957983193277311,0.798225901833235,0.409464285714286,0.341473684210526,0.06799060150376,0.359,"Cody Bradford is limiting right-handed batters more effectively","Estimated wOBA: 0.409 vs L, 0.341 vs R.","two_sided_opponent_hand_woba_gap_v1",51,253,"2026-09-15","2026-09-16 14:47:14 UTC"
"808963","Roki Sasaki","Los Angeles Dodgers","R","pitcher","L",294,219,0.74652491729107,0.839507035690989,0.322252559726962,0.354885844748858,0.032633285021896,0.687,"Roki Sasaki is limiting left-handed batters more effectively","Estimated wOBA: 0.322 vs L, 0.355 vs R.","two_sided_opponent_hand_woba_gap_v1",50.9,254,"2026-09-15","2026-09-16 14:47:14 UTC"
"669456","Shane Bieber","Toronto Blue Jays","R","pitcher","L",133,109,0.720551378446115,0.833526320477421,0.312781954887218,0.359082568807339,0.046300613920121,0.522,"Shane Bieber is limiting left-handed batters more effectively","Estimated wOBA: 0.313 vs L, 0.359 vs R.","two_sided_opponent_hand_woba_gap_v1",50.8,255,"2026-09-15","2026-09-16 14:47:14 UTC"
"664076","Garrett Cleavinger","Tampa Bay Rays","L","pitcher","R",73,108,0.831837505904582,0.699172576832151,0.355479452054795,0.29688679245283,0.058592659601965,0.422,"Garrett Cleavinger is limiting right-handed batters more effectively","Estimated wOBA: 0.355 vs L, 0.297 vs R.","two_sided_opponent_hand_woba_gap_v1",50.5,256,"2026-09-15","2026-09-16 14:47:14 UTC"
"592332","Kevin Gausman","Chicago Cubs","R","pitcher","L",414,316,0.687114976445618,0.762973836456265,0.297170731707317,0.325303514376997,0.02813278266968,0.76,"Kevin Gausman is limiting left-handed batters more effectively","Estimated wOBA: 0.297 vs L, 0.325 vs R.","two_sided_opponent_hand_woba_gap_v1",50.2,257,"2026-09-15","2026-09-16 14:47:14 UTC"
"695239","Robby Ahlstrom","Texas Rangers","L","pitcher","L",78,80,0.727289113193944,0.864285714285714,0.312763157894737,0.368,0.055236842105263,0.438,"Robby Ahlstrom is limiting left-handed batters more effectively","Estimated wOBA: 0.313 vs L, 0.368 vs R.","two_sided_opponent_hand_woba_gap_v1",50.2,257,"2026-09-15","2026-09-16 14:47:14 UTC"
"669923","George Kirby","Seattle Mariners","R","pitcher","R",371,327,0.806135434863372,0.734481271683098,0.344432432432432,0.317024539877301,0.027407892555131,0.766,"George Kirby is limiting right-handed batters more effectively","Estimated wOBA: 0.344 vs L, 0.317 vs R.","two_sided_opponent_hand_woba_gap_v1",50,259,"2026-09-15","2026-09-16 14:47:14 UTC"
"703615","Jose Cabrera","Arizona Diamondbacks","R","pitcher","L",68,51,0.693418155126009,0.820855614973262,0.299253731343284,0.367254901960784,0.0680011706175,0.338,"Jose Cabrera is limiting left-handed batters more effectively","Estimated wOBA: 0.299 vs L, 0.367 vs R.","two_sided_opponent_hand_woba_gap_v1",50,259,"2026-09-15","2026-09-16 14:47:14 UTC"
"669302","Logan Gilbert","Seattle Mariners","R","pitcher","L",403,314,0.643297002724796,0.720225464190981,0.27885,0.306634615384615,0.027784615384615,0.758,"Logan Gilbert is limiting left-handed batters more effectively","Estimated wOBA: 0.279 vs L, 0.307 vs R.","two_sided_opponent_hand_woba_gap_v1",49.9,261,"2026-09-15","2026-09-16 14:47:14 UTC"
"676083","Janson Junk","Miami Marlins","R","pitcher","R",306,182,0.776405152224824,0.703959484346225,0.335573770491803,0.302430939226519,0.033142831265284,0.645,"Janson Junk is limiting right-handed batters more effectively","Estimated wOBA: 0.336 vs L, 0.302 vs R.","two_sided_opponent_hand_woba_gap_v1",49.7,262,"2026-09-15","2026-09-16 14:47:14 UTC"
"668674","Lucas Erceg","Kansas City Royals","R","pitcher","R",114,96,0.938329646017699,0.775641025641026,0.400796460176991,0.353229166666667,0.047567293510324,0.49,"Lucas Erceg is limiting right-handed batters more effectively","Estimated wOBA: 0.401 vs L, 0.353 vs R.","two_sided_opponent_hand_woba_gap_v1",49.6,263,"2026-09-15","2026-09-16 14:47:14 UTC"
"682825","Luis Mey","Cincinnati Reds","R","pitcher","R",75,66,0.851612903225806,0.687179487179487,0.3708,0.311538461538462,0.059261538461538,0.398,"Luis Mey is limiting right-handed batters more effectively","Estimated wOBA: 0.371 vs L, 0.312 vs R.","two_sided_opponent_hand_woba_gap_v1",49.6,263,"2026-09-15","2026-09-16 14:47:14 UTC"
"690928","Hunter Dobbins","St. Louis Cardinals","R","pitcher","L",131,100,0.661140583554377,0.783181818181818,0.293,0.3398,0.0468,0.5,"Hunter Dobbins is limiting left-handed batters more effectively","Estimated wOBA: 0.293 vs L, 0.340 vs R.","two_sided_opponent_hand_woba_gap_v1",49.5,265,"2026-09-15","2026-09-16 14:47:14 UTC"
"693645","Cam Schlittler","New York Yankees","R","pitcher","R",436,286,0.570496632996633,0.504412149777429,0.25025462962963,0.22319298245614,0.02706164717349,0.741,"Cam Schlittler is limiting right-handed batters more effectively","Estimated wOBA: 0.250 vs L, 0.223 vs R.","two_sided_opponent_hand_woba_gap_v1",49,266,"2026-09-15","2026-09-16 14:47:14 UTC"
"699823","Tyler Davis","Chicago White Sox","R","pitcher","R",45,77,0.67008547008547,0.483620856755185,0.293777777777778,0.225714285714286,0.068063492063492,0.31,"Tyler Davis is limiting right-handed batters more effectively","Estimated wOBA: 0.294 vs L, 0.226 vs R.","two_sided_opponent_hand_woba_gap_v1",49,266,"2026-09-15","2026-09-16 14:47:14 UTC"
"657571","Caleb Ferguson","St. Louis Cardinals","L","pitcher","L",81,67,0.7625,0.932456362256514,0.335875,0.392089552238806,0.056214552238806,0.401,"Caleb Ferguson is limiting left-handed batters more effectively","Estimated wOBA: 0.336 vs L, 0.392 vs R.","two_sided_opponent_hand_woba_gap_v1",48.8,268,"2026-09-15","2026-09-16 14:47:14 UTC"
"695549","Jackson Jobe","Detroit Tigers","R","pitcher","L",108,41,0.721828211189913,0.876730388925511,0.310648148148148,0.379512195121951,0.068864046973803,0.291,"Jackson Jobe is limiting left-handed batters more effectively","Estimated wOBA: 0.311 vs L, 0.380 vs R.","two_sided_opponent_hand_woba_gap_v1",48.7,269,"2026-09-15","2026-09-16 14:47:14 UTC"
"518585","Fernando Cruz","New York Yankees","R","pitcher","L",121,112,0.625785123966942,0.748724489795918,0.282148760330579,0.323873873873874,0.041725113543295,0.528,"Fernando Cruz is limiting left-handed batters more effectively","Estimated wOBA: 0.282 vs L, 0.324 vs R.","two_sided_opponent_hand_woba_gap_v1",48.3,270,"2026-09-15","2026-09-16 14:47:14 UTC"
"608372","Tomoyuki Sugano","Colorado Rockies","R","pitcher","R",340,274,0.886179474616515,0.821167883211679,0.370798816568047,0.343941605839416,0.026857210728631,0.733,"Tomoyuki Sugano is limiting right-handed batters more effectively","Estimated wOBA: 0.371 vs L, 0.344 vs R.","two_sided_opponent_hand_woba_gap_v1",48.1,271,"2026-09-15","2026-09-16 14:47:14 UTC"
"656271","Brock Burke","Cincinnati Reds","L","pitcher","L",129,166,0.564435840707965,0.660221937686726,0.25734375,0.29430303030303,0.03695928030303,0.563,"Brock Burke is limiting left-handed batters more effectively","Estimated wOBA: 0.257 vs L, 0.294 vs R.","two_sided_opponent_hand_woba_gap_v1",48.1,271,"2026-09-15","2026-09-16 14:47:14 UTC"
"665622","Luis Medina","Athletics","R","pitcher","R",133,161,0.756578947368421,0.657322551662174,0.328721804511278,0.292830188679245,0.035891615832033,0.571,"Luis Medina is limiting right-handed batters more effectively","Estimated wOBA: 0.329 vs L, 0.293 vs R.","two_sided_opponent_hand_woba_gap_v1",47.8,273,"2026-09-15","2026-09-16 14:47:14 UTC"
"656730","Trevor Megill","Milwaukee Brewers","R","pitcher","L",101,121,0.40414786159467,0.506862455726092,0.183535353535353,0.226446280991736,0.042910927456383,0.502,"Trevor Megill is limiting left-handed batters more effectively","Estimated wOBA: 0.184 vs L, 0.226 vs R.","two_sided_opponent_hand_woba_gap_v1",47.6,274,"2026-09-15","2026-09-16 14:47:14 UTC"
"664199","Taylor Clarke","Arizona Diamondbacks","R","pitcher","R",154,113,0.596491228070175,0.507627475769069,0.259539473684211,0.219557522123894,0.039981951560317,0.531,"Taylor Clarke is limiting right-handed batters more effectively","Estimated wOBA: 0.260 vs L, 0.220 vs R.","two_sided_opponent_hand_woba_gap_v1",47.5,275,"2026-09-15","2026-09-16 14:47:14 UTC"
"690925","Clayton Beeter","Washington Nationals","R","pitcher","R",107,102,0.75002814998311,0.649550561797753,0.327809523809524,0.2853,0.042509523809524,0.505,"Clayton Beeter is limiting right-handed batters more effectively","Estimated wOBA: 0.328 vs L, 0.285 vs R.","two_sided_opponent_hand_woba_gap_v1",47.5,275,"2026-09-15","2026-09-16 14:47:14 UTC"
"680732","Sean Burke","Chicago White Sox","R","pitcher","R",399,276,0.71033367381682,0.63218793828892,0.306969696969697,0.281159420289855,0.025810276679842,0.734,"Sean Burke is limiting right-handed batters more effectively","Estimated wOBA: 0.307 vs L, 0.281 vs R.","two_sided_opponent_hand_woba_gap_v1",47.4,277,"2026-09-15","2026-09-16 14:47:14 UTC"
"643511","Tyler Rogers","Toronto Blue Jays","R","pitcher","R",151,125,0.578445676490614,0.492847124824684,0.26,0.223225806451613,0.036774193548387,0.556,"Tyler Rogers is limiting right-handed batters more effectively","Estimated wOBA: 0.260 vs L, 0.223 vs R.","two_sided_opponent_hand_woba_gap_v1",47.3,278,"2026-09-15","2026-09-16 14:47:14 UTC"
"695076","Rhett Lowder","Cincinnati Reds","R","pitcher","R",349,213,0.825645124457639,0.762274881516588,0.356810344827586,0.328293838862559,0.028516505965027,0.681,"Rhett Lowder is limiting right-handed batters more effectively","Estimated wOBA: 0.357 vs L, 0.328 vs R.","two_sided_opponent_hand_woba_gap_v1",47.1,279,"2026-09-15","2026-09-16 14:47:14 UTC"
"680573","Simeon Woods Richardson","Toronto Blue Jays","R","pitcher","L",167,138,0.845324961819107,0.934722721283986,0.365060240963855,0.399710144927536,0.034649903963681,0.58,"Simeon Woods Richardson is limiting left-handed batters more effectively","Estimated wOBA: 0.365 vs L, 0.400 vs R.","two_sided_opponent_hand_woba_gap_v1",47.1,279,"2026-09-15","2026-09-16 14:47:14 UTC"
"669684","Chris Murphy","Chicago White Sox","L","pitcher","R",75,71,0.827741935483871,0.694911403907315,0.3564,0.305211267605634,0.051188732394366,0.415,"Chris Murphy is limiting right-handed batters more effectively","Estimated wOBA: 0.356 vs L, 0.305 vs R.","two_sided_opponent_hand_woba_gap_v1",47.1,279,"2026-09-15","2026-09-16 14:47:14 UTC"
"669467","Andre Pallante","St. Louis Cardinals","R","pitcher","R",352,279,0.70133248394118,0.636432686520107,0.306552706552707,0.282374100719424,0.024178605833283,0.736,"Andre Pallante is limiting right-handed batters more effectively","Estimated wOBA: 0.307 vs L, 0.282 vs R.","two_sided_opponent_hand_woba_gap_v1",46.8,282,"2026-09-15","2026-09-16 14:47:14 UTC"
"702070","Noah Cameron","Kansas City Royals","L","pitcher","R",163,529,0.73768115942029,0.648263293310463,0.314409937888199,0.283225806451613,0.031184131436586,0.62,"Noah Cameron is limiting right-handed batters more effectively","Estimated wOBA: 0.314 vs L, 0.283 vs R.","two_sided_opponent_hand_woba_gap_v1",46.7,283,"2026-09-15","2026-09-16 14:47:14 UTC"
"680802","Ryan Weiss","Houston Astros","R","pitcher","R",80,51,1.03825757575758,0.908496732026144,0.44325,0.383921568627451,0.059328431372549,0.338,"Ryan Weiss is limiting right-handed batters more effectively","Estimated wOBA: 0.443 vs L, 0.384 vs R.","two_sided_opponent_hand_woba_gap_v1",46.7,283,"2026-09-15","2026-09-16 14:47:14 UTC"
"677865","Justin Bruihl","St. Louis Cardinals","L","pitcher","L",172,151,0.652718507981666,0.746666666666667,0.292456140350877,0.324266666666667,0.03181052631579,0.602,"Justin Bruihl is limiting left-handed batters more effectively","Estimated wOBA: 0.292 vs L, 0.324 vs R.","two_sided_opponent_hand_woba_gap_v1",46.6,285,"2026-09-15","2026-09-16 14:47:14 UTC"
"669622","Anthony Bender","Miami Marlins","R","pitcher","R",58,81,0.530344827586207,0.439606272939606,0.253620689655172,0.198641975308642,0.05497871434653,0.367,"Anthony Bender is limiting right-handed batters more effectively","Estimated wOBA: 0.254 vs L, 0.199 vs R.","two_sided_opponent_hand_woba_gap_v1",46.5,286,"2026-09-15","2026-09-16 14:47:14 UTC"
"650633","Michael King","San Diego Padres","R","pitcher","L",447,266,0.622306888296976,0.676462904911181,0.277242152466368,0.30094696969697,0.023704817230602,0.727,"Michael King is limiting left-handed batters more effectively","Estimated wOBA: 0.277 vs L, 0.301 vs R.","two_sided_opponent_hand_woba_gap_v1",45.8,287,"2026-09-15","2026-09-16 14:47:14 UTC"
"656550","Grant Holmes","Atlanta Braves","R","pitcher","L",364,237,0.673709652268829,0.745908750345045,0.295867768595041,0.321983122362869,0.026115353767828,0.703,"Grant Holmes is limiting left-handed batters more effectively","Estimated wOBA: 0.296 vs L, 0.322 vs R.","two_sided_opponent_hand_woba_gap_v1",45.8,287,"2026-09-15","2026-09-16 14:47:14 UTC"
"573124","Taylor Rogers","Minnesota Twins","L","pitcher","L",135,118,0.719119917653114,0.838885169065952,0.322686567164179,0.358448275862069,0.03576170869789,0.541,"Taylor Rogers is limiting left-handed batters more effectively","Estimated wOBA: 0.323 vs L, 0.358 vs R.","two_sided_opponent_hand_woba_gap_v1",45.8,287,"2026-09-15","2026-09-16 14:47:14 UTC"
"672335","Cionel Pérez","New York Mets","L","pitcher","L",84,97,0.695054945054945,0.797606351463443,0.302142857142857,0.347319587628866,0.045176730486009,0.457,"Cionel Pérez is limiting left-handed batters more effectively","Estimated wOBA: 0.302 vs L, 0.347 vs R.","two_sided_opponent_hand_woba_gap_v1",45.8,287,"2026-09-15","2026-09-16 14:47:14 UTC"
"683003","Jared Jones","Pittsburgh Pirates","R","pitcher","R",214,144,0.711564121571534,0.631735588972431,0.306291079812207,0.274583333333333,0.031707746478874,0.59,"Jared Jones is limiting right-handed batters more effectively","Estimated wOBA: 0.306 vs L, 0.275 vs R.","two_sided_opponent_hand_woba_gap_v1",45.7,291,"2026-09-15","2026-09-16 14:47:14 UTC"
"668941","JoJo Romero","Milwaukee Brewers","L","pitcher","R",84,129,0.78078547958066,0.645833333333333,0.333975903614458,0.28921875,0.044757153614458,0.457,"JoJo Romero is limiting right-handed batters more effectively","Estimated wOBA: 0.334 vs L, 0.289 vs R.","two_sided_opponent_hand_woba_gap_v1",45.7,291,"2026-09-15","2026-09-16 14:47:14 UTC"
"684007","Shota Imanaga","Chicago Cubs","L","pitcher","R",178,484,0.774743670223896,0.705299246208337,0.330169491525424,0.301632231404959,0.028537260120465,0.64,"Shota Imanaga is limiting right-handed batters more effectively","Estimated wOBA: 0.330 vs L, 0.302 vs R.","two_sided_opponent_hand_woba_gap_v1",45.6,293,"2026-09-15","2026-09-16 14:47:14 UTC"
"669093","Jeremiah Estrada","San Diego Padres","R","pitcher","L",67,59,0.498955067920585,0.616151545363908,0.231666666666667,0.282881355932203,0.051214689265536,0.371,"Jeremiah Estrada is limiting left-handed batters more effectively","Estimated wOBA: 0.232 vs L, 0.283 vs R.","two_sided_opponent_hand_woba_gap_v1",45.3,294,"2026-09-15","2026-09-16 14:47:14 UTC"
"677944","Slade Cecconi","Cleveland Guardians","R","pitcher","L",293,226,0.764764996907854,0.837777777777778,0.330238095238095,0.355733333333333,0.025495238095238,0.693,"Slade Cecconi is limiting left-handed batters more effectively","Estimated wOBA: 0.330 vs L, 0.356 vs R.","two_sided_opponent_hand_woba_gap_v1",45.1,295,"2026-09-15","2026-09-16 14:47:14 UTC"
"623211","Huascar Brazobán","Chicago White Sox","R","pitcher","L",114,140,0.544826951399116,0.65668202764977,0.250357142857143,0.2855,0.035142857142857,0.533,"Huascar Brazobán is limiting left-handed batters more effectively","Estimated wOBA: 0.250 vs L, 0.285 vs R.","two_sided_opponent_hand_woba_gap_v1",45,296,"2026-09-15","2026-09-16 14:47:14 UTC"
"679358","Eric Orze","Minnesota Twins","R","pitcher","R",104,83,0.788888888888889,0.616666666666667,0.331470588235294,0.28797619047619,0.043494397759104,0.454,"Eric Orze is limiting right-handed batters more effectively","Estimated wOBA: 0.331 vs L, 0.288 vs R.","two_sided_opponent_hand_woba_gap_v1",45,296,"2026-09-15","2026-09-16 14:47:14 UTC"
"669276","Dylan Lee","Atlanta Braves","L","pitcher","R",101,148,0.610659340659341,0.519453824695346,0.2644,0.225986394557823,0.038413605442177,0.502,"Dylan Lee is limiting right-handed batters more effectively","Estimated wOBA: 0.264 vs L, 0.226 vs R.","two_sided_opponent_hand_woba_gap_v1",44.9,298,"2026-09-15","2026-09-16 14:47:14 UTC"
"543037","Gerrit Cole","New York Yankees","R","pitcher","L",283,192,0.683250679891217,0.746516751065717,0.291808510638298,0.318795811518325,0.026987300880027,0.658,"Gerrit Cole is limiting left-handed batters more effectively","Estimated wOBA: 0.292 vs L, 0.319 vs R.","two_sided_opponent_hand_woba_gap_v1",44.8,299,"2026-09-15","2026-09-16 14:47:14 UTC"
"592791","Jameson Taillon","Toronto Blue Jays","R","pitcher","R",194,176,0.875500303214069,0.810424605334785,0.370412371134021,0.342272727272727,0.028139643861294,0.638,"Jameson Taillon is limiting right-handed batters more effectively","Estimated wOBA: 0.370 vs L, 0.342 vs R.","two_sided_opponent_hand_woba_gap_v1",44.8,299,"2026-09-15","2026-09-16 14:47:14 UTC"
"687064","Brandon Young","Baltimore Orioles","R","pitcher","L",380,251,0.717460317460317,0.777520337761302,0.312619047619048,0.335863453815261,0.023244406196213,0.715,"Brandon Young is limiting left-handed batters more effectively","Estimated wOBA: 0.313 vs L, 0.336 vs R.","two_sided_opponent_hand_woba_gap_v1",44.7,301,"2026-09-15","2026-09-16 14:47:14 UTC"
"686751","Seth Johnson","Athletics","R","pitcher","L",61,61,0.786581663630844,0.909836065573771,0.343606557377049,0.39344262295082,0.049836065573771,0.379,"Seth Johnson is limiting left-handed batters more effectively","Estimated wOBA: 0.344 vs L, 0.393 vs R.","two_sided_opponent_hand_woba_gap_v1",44.7,301,"2026-09-15","2026-09-16 14:47:14 UTC"
"607259","Nick Martinez","Tampa Bay Rays","R","pitcher","L",390,273,0.64136053293529,0.687940040881217,0.274755784061697,0.296433823529412,0.021678039467715,0.732,"Nick Martinez is limiting left-handed batters more effectively","Estimated wOBA: 0.275 vs L, 0.296 vs R.","two_sided_opponent_hand_woba_gap_v1",44.6,303,"2026-09-15","2026-09-16 14:47:14 UTC"
"669330","Tyler Wells","Tampa Bay Rays","R","pitcher","L",151,125,0.526870131778768,0.62519298245614,0.232885906040268,0.2652,0.032314093959732,0.556,"Tyler Wells is limiting left-handed batters more effectively","Estimated wOBA: 0.233 vs L, 0.265 vs R.","two_sided_opponent_hand_woba_gap_v1",44.6,303,"2026-09-15","2026-09-16 14:47:14 UTC"
"695534","Chase Petty","Cincinnati Reds","R","pitcher","L",73,66,0.689429564506236,0.835423197492163,0.300958904109589,0.348181818181818,0.047222914072229,0.398,"Chase Petty is limiting left-handed batters more effectively","Estimated wOBA: 0.301 vs L, 0.348 vs R.","two_sided_opponent_hand_woba_gap_v1",44.5,305,"2026-09-15","2026-09-16 14:47:14 UTC"
"543056","Danny Coulombe","Boston Red Sox","L","pitcher","R",47,49,0.686306601200218,0.574415131906421,0.324042553191489,0.268775510204082,0.055267042987407,0.32,"Danny Coulombe is limiting right-handed batters more effectively","Estimated wOBA: 0.324 vs L, 0.269 vs R.","two_sided_opponent_hand_woba_gap_v1",44.3,306,"2026-09-15","2026-09-16 14:47:14 UTC"
"676282","Joey Cantillo","Cleveland Guardians","L","pitcher","L",165,487,0.692789968652038,0.766452917673753,0.307454545454545,0.33579381443299,0.028339268978445,0.623,"Joey Cantillo is limiting left-handed batters more effectively","Estimated wOBA: 0.307 vs L, 0.336 vs R.","two_sided_opponent_hand_woba_gap_v1",44.2,307,"2026-09-15","2026-09-16 14:47:14 UTC"
"804267","Zac Thornton","New York Mets","L","pitcher","L",94,200,0.643735224586288,0.735880489403539,0.277872340425532,0.316582914572864,0.038710574147332,0.485,"Zac Thornton is limiting left-handed batters more effectively","Estimated wOBA: 0.278 vs L, 0.317 vs R.","two_sided_opponent_hand_woba_gap_v1",44.2,307,"2026-09-15","2026-09-16 14:47:14 UTC"
"622608","Antonio Senzatela","Milwaukee Brewers","R","pitcher","L",140,151,0.675174146397168,0.738531444868758,0.293741007194245,0.323841059602649,0.030100052408404,0.583,"Antonio Senzatela is limiting left-handed batters more effectively","Estimated wOBA: 0.294 vs L, 0.324 vs R.","two_sided_opponent_hand_woba_gap_v1",44.2,307,"2026-09-15","2026-09-16 14:47:14 UTC"
"622663","Luis Severino","Athletics","R","pitcher","R",153,119,0.808639245171753,0.739316239316239,0.35359477124183,0.320854700854701,0.032740070387129,0.543,"Luis Severino is limiting right-handed batters more effectively","Estimated wOBA: 0.354 vs L, 0.321 vs R.","two_sided_opponent_hand_woba_gap_v1",44.1,310,"2026-09-15","2026-09-16 14:47:14 UTC"
"642232","Ryan Yarbrough","New York Yankees","L","pitcher","L",95,152,0.554172015404365,0.663698296836983,0.252736842105263,0.291208053691275,0.038471211586012,0.487,"Ryan Yarbrough is limiting left-handed batters more effectively","Estimated wOBA: 0.253 vs L, 0.291 vs R.","two_sided_opponent_hand_woba_gap_v1",44,311,"2026-09-15","2026-09-16 14:47:14 UTC"
"665665","Reiver Sanmartin","San Francisco Giants","L","pitcher","L",41,50,0.659178433889602,0.827861579414374,0.290487804878049,0.348979591836735,0.058491786958686,0.291,"Reiver Sanmartin is limiting left-handed batters more effectively","Estimated wOBA: 0.290 vs L, 0.349 vs R.","two_sided_opponent_hand_woba_gap_v1",44,311,"2026-09-15","2026-09-16 14:47:14 UTC"
"801139","Payton Tolle","Boston Red Sox","L","pitcher","R",163,412,0.687036368739725,0.617772528671094,0.297484662576687,0.269172749391727,0.02831191318496,0.62,"Payton Tolle is limiting right-handed batters more effectively","Estimated wOBA: 0.297 vs L, 0.269 vs R.","two_sided_opponent_hand_woba_gap_v1",43.9,313,"2026-09-15","2026-09-16 14:47:14 UTC"
"702193","Andrew Morris","Minnesota Twins","R","pitcher","R",148,149,0.728015328761597,0.643257302921169,0.314797297297297,0.285850340136054,0.028946957161243,0.597,"Andrew Morris is limiting right-handed batters more effectively","Estimated wOBA: 0.315 vs L, 0.286 vs R.","two_sided_opponent_hand_woba_gap_v1",43.9,313,"2026-09-15","2026-09-16 14:47:14 UTC"
"663372","Ryan Feltner","Colorado Rockies","R","pitcher","R",281,240,0.861580992229528,0.808626239696333,0.365107142857143,0.342199170124481,0.022907972732662,0.706,"Ryan Feltner is limiting right-handed batters more effectively","Estimated wOBA: 0.365 vs L, 0.342 vs R.","two_sided_opponent_hand_woba_gap_v1",43.8,315,"2026-09-15","2026-09-16 14:47:14 UTC"
"663556","Shane McClanahan","Tampa Bay Rays","L","pitcher","L",110,377,0.542486085343228,0.623563711198765,0.242,0.276657754010695,0.034657754010695,0.524,"Shane McClanahan is limiting left-handed batters more effectively","Estimated wOBA: 0.242 vs L, 0.277 vs R.","two_sided_opponent_hand_woba_gap_v1",43.7,316,"2026-09-15","2026-09-16 14:47:14 UTC"
"657756","Connor Seabold","Kansas City Royals","R","pitcher","R",61,53,0.854981084489281,0.722601364913689,0.367540983606557,0.316415094339623,0.051125889266934,0.346,"Connor Seabold is limiting right-handed batters more effectively","Estimated wOBA: 0.368 vs L, 0.316 vs R.","two_sided_opponent_hand_woba_gap_v1",43.7,316,"2026-09-15","2026-09-16 14:47:14 UTC"
"669084","DL Hall","Milwaukee Brewers","L","pitcher","L",87,126,0.458960660514813,0.596411214953271,0.229425287356322,0.26952,0.040094712643678,0.465,"DL Hall is limiting left-handed batters more effectively","Estimated wOBA: 0.229 vs L, 0.270 vs R.","two_sided_opponent_hand_woba_gap_v1",43.6,318,"2026-09-15","2026-09-16 14:47:14 UTC"
"676664","JP Sears","San Diego Padres","L","pitcher","L",47,96,0.647872340425532,0.791387559808612,0.287234042553192,0.341368421052632,0.05413437849944,0.32,"JP Sears is limiting left-handed batters more effectively","Estimated wOBA: 0.287 vs L, 0.341 vs R.","two_sided_opponent_hand_woba_gap_v1",43.6,318,"2026-09-15","2026-09-16 14:47:14 UTC"
"681676","Ryan Fernandez","St. Louis Cardinals","R","pitcher","R",59,41,0.722033898305085,0.58408215661104,0.314237288135593,0.257317073170732,0.056920214964861,0.291,"Ryan Fernandez is limiting right-handed batters more effectively","Estimated wOBA: 0.314 vs L, 0.257 vs R.","two_sided_opponent_hand_woba_gap_v1",43.6,318,"2026-09-15","2026-09-16 14:47:14 UTC"
"808967","Yoshinobu Yamamoto","Los Angeles Dodgers","R","pitcher","L",367,315,0.517118127905113,0.568914892464381,0.228801089918256,0.247555555555556,0.0187544656373,0.759,"Yoshinobu Yamamoto is limiting left-handed batters more effectively","Estimated wOBA: 0.229 vs L, 0.248 vs R.","two_sided_opponent_hand_woba_gap_v1",43.4,321,"2026-09-15","2026-09-16 14:47:14 UTC"
"607074","Carlos Rodón","New York Yankees","L","pitcher","R",72,219,0.684915947296683,0.535223304763998,0.292112676056338,0.247990867579909,0.044121808476429,0.419,"Carlos Rodón is limiting right-handed batters more effectively","Estimated wOBA: 0.292 vs L, 0.248 vs R.","two_sided_opponent_hand_woba_gap_v1",43.3,322,"2026-09-15","2026-09-16 14:47:14 UTC"
"680744","Ty Madden","Detroit Tigers","R","pitcher","L",87,74,0.542848828750182,0.656918112141993,0.245057471264368,0.287702702702703,0.042645231438335,0.425,"Ty Madden is limiting left-handed batters more effectively","Estimated wOBA: 0.245 vs L, 0.288 vs R.","two_sided_opponent_hand_woba_gap_v1",43.2,323,"2026-09-15","2026-09-16 14:47:14 UTC"
"621097","Jacob Waguespack","Detroit Tigers","R","pitcher","L",75,84,0.453125,0.589446589446589,0.214583333333333,0.256785714285714,0.042202380952381,0.429,"Jacob Waguespack is limiting left-handed batters more effectively","Estimated wOBA: 0.215 vs L, 0.257 vs R.","two_sided_opponent_hand_woba_gap_v1",43,324,"2026-09-15","2026-09-16 14:47:14 UTC"
"663574","Tony Santillan","Cincinnati Reds","R","pitcher","R",91,94,0.911536635543599,0.833333333333333,0.389772727272727,0.352365591397849,0.037407135874878,0.476,"Tony Santillan is limiting right-handed batters more effectively","Estimated wOBA: 0.390 vs L, 0.352 vs R.","two_sided_opponent_hand_woba_gap_v1",42.9,325,"2026-09-15","2026-09-16 14:47:14 UTC"
"690953","Mick Abel","Minnesota Twins","R","pitcher","R",46,46,0.791304347826087,0.647826086956522,0.351521739130435,0.298260869565217,0.053260869565218,0.315,"Mick Abel is limiting right-handed batters more effectively","Estimated wOBA: 0.352 vs L, 0.298 vs R.","two_sided_opponent_hand_woba_gap_v1",42.9,325,"2026-09-15","2026-09-16 14:47:14 UTC"
"605488","Jeffrey Springs","Athletics","L","pitcher","R",178,418,0.905987768453989,0.826143540669857,0.376067415730337,0.351028708133971,0.025038707596366,0.64,"Jeffrey Springs is limiting right-handed batters more effectively","Estimated wOBA: 0.376 vs L, 0.351 vs R.","two_sided_opponent_hand_woba_gap_v1",42.8,327,"2026-09-15","2026-09-16 14:47:14 UTC"
"594798","Jacob deGrom","Texas Rangers","R","pitcher","L",374,249,0.609329758713137,0.64675675201991,0.261854838709677,0.282874493927125,0.021019655217448,0.713,"Jacob deGrom is limiting left-handed batters more effectively","Estimated wOBA: 0.262 vs L, 0.283 vs R.","two_sided_opponent_hand_woba_gap_v1",42.8,327,"2026-09-15","2026-09-16 14:47:14 UTC"
"669194","Ryne Nelson","Arizona Diamondbacks","R","pitcher","L",185,169,0.751192368839428,0.811751152073733,0.318486486486486,0.344702380952381,0.026215894465895,0.628,"Ryne Nelson is limiting left-handed batters more effectively","Estimated wOBA: 0.318 vs L, 0.345 vs R.","two_sided_opponent_hand_woba_gap_v1",42.7,329,"2026-09-15","2026-09-16 14:47:14 UTC"
"678022","Jack Perkins","Athletics","R","pitcher","R",266,229,0.825467614146859,0.783393269971744,0.357433962264151,0.335982532751092,0.021451429513059,0.696,"Jack Perkins is limiting right-handed batters more effectively","Estimated wOBA: 0.357 vs L, 0.336 vs R.","two_sided_opponent_hand_woba_gap_v1",42.6,330,"2026-09-15","2026-09-16 14:47:14 UTC"
"594027","Tyron Guerrero","Boston Red Sox","R","pitcher","L",73,85,0.550129045066508,0.64702380952381,0.243972602739726,0.286071428571429,0.042098825831703,0.422,"Tyron Guerrero is limiting left-handed batters more effectively","Estimated wOBA: 0.244 vs L, 0.286 vs R.","two_sided_opponent_hand_woba_gap_v1",42.5,331,"2026-09-15","2026-09-16 14:47:14 UTC"
"680767","Victor Vodnik","Miami Marlins","R","pitcher","L",133,114,0.729132152414936,0.784857423795477,0.317894736842105,0.349115044247788,0.031220307405683,0.533,"Victor Vodnik is limiting left-handed batters more effectively","Estimated wOBA: 0.318 vs L, 0.349 vs R.","two_sided_opponent_hand_woba_gap_v1",42.2,332,"2026-09-15","2026-09-16 14:47:14 UTC"
"657514","Brennan Bernardino","Colorado Rockies","L","pitcher","L",122,125,0.64047619047619,0.710728803716609,0.278083333333333,0.30780487804878,0.029721544715447,0.55,"Brennan Bernardino is limiting left-handed batters more effectively","Estimated wOBA: 0.278 vs L, 0.308 vs R.","two_sided_opponent_hand_woba_gap_v1",42.1,333,"2026-09-15","2026-09-16 14:47:14 UTC"
"701542","Will Warren","New York Yankees","R","pitcher","R",366,275,0.776562394660554,0.741501148689912,0.33404958677686,0.315656934306569,0.018392652470291,0.733,"Will Warren is limiting right-handed batters more effectively","Estimated wOBA: 0.334 vs L, 0.316 vs R.","two_sided_opponent_hand_woba_gap_v1",42,334,"2026-09-15","2026-09-16 14:47:14 UTC"
"593958","Eduardo Rodriguez","Arizona Diamondbacks","L","pitcher","R",216,521,0.702717015887635,0.647437994895622,0.305581395348837,0.284324324324324,0.021257071024513,0.684,"Eduardo Rodriguez is limiting right-handed batters more effectively","Estimated wOBA: 0.306 vs L, 0.284 vs R.","two_sided_opponent_hand_woba_gap_v1",41.8,335,"2026-09-15","2026-09-16 14:47:14 UTC"
"663767","Chase Shugart","Philadelphia Phillies","R","pitcher","R",96,109,0.816964285714286,0.666765315182007,0.329263157894737,0.294587155963303,0.034676001931434,0.49,"Chase Shugart is limiting right-handed batters more effectively","Estimated wOBA: 0.329 vs L, 0.295 vs R.","two_sided_opponent_hand_woba_gap_v1",41.8,335,"2026-09-15","2026-09-16 14:47:14 UTC"
"681810","Austin Warren","New York Mets","R","pitcher","R",95,104,0.838220551378446,0.704083837510804,0.353157894736842,0.318173076923077,0.034984817813765,0.487,"Austin Warren is limiting right-handed batters more effectively","Estimated wOBA: 0.353 vs L, 0.318 vs R.","two_sided_opponent_hand_woba_gap_v1",41.7,337,"2026-09-15","2026-09-16 14:47:14 UTC"
"542888","Shawn Armstrong","Cleveland Guardians","R","pitcher","L",73,73,0.685985247629083,0.747881355932203,0.297671232876712,0.337916666666667,0.040245433789955,0.422,"Shawn Armstrong is limiting left-handed batters more effectively","Estimated wOBA: 0.298 vs L, 0.338 vs R.","two_sided_opponent_hand_woba_gap_v1",41.4,338,"2026-09-15","2026-09-16 14:47:14 UTC"
"608331","Max Fried","New York Yankees","L","pitcher","L",97,311,0.469468390804598,0.553961016755956,0.213333333333333,0.247709677419355,0.034376344086022,0.492,"Max Fried is limiting left-handed batters more effectively","Estimated wOBA: 0.213 vs L, 0.248 vs R.","two_sided_opponent_hand_woba_gap_v1",41.2,339,"2026-09-15","2026-09-16 14:47:14 UTC"
"643410","Mark Leiter Jr.","Athletics","R","pitcher","L",87,59,0.609649122807018,0.747959824231011,0.277674418604651,0.322033898305085,0.044359479700434,0.371,"Mark Leiter Jr. is limiting left-handed batters more effectively","Estimated wOBA: 0.278 vs L, 0.322 vs R.","two_sided_opponent_hand_woba_gap_v1",41.2,339,"2026-09-15","2026-09-16 14:47:14 UTC"
"673540","Kodai Senga","New York Mets","R","pitcher","R",143,130,0.886502386502387,0.810989010989011,0.378951048951049,0.351461538461538,0.027489510489511,0.565,"Kodai Senga is limiting right-handed batters more effectively","Estimated wOBA: 0.379 vs L, 0.351 vs R.","two_sided_opponent_hand_woba_gap_v1",40.9,341,"2026-09-15","2026-09-16 14:47:14 UTC"
"701719","Tyler Samaniego","Boston Red Sox","L","pitcher","R",41,49,0.778554778554779,0.665120593692022,0.348205128205128,0.297755102040816,0.050450026164312,0.291,"Tyler Samaniego is limiting right-handed batters more effectively","Estimated wOBA: 0.348 vs L, 0.298 vs R.","two_sided_opponent_hand_woba_gap_v1",40.6,342,"2026-09-15","2026-09-16 14:47:14 UTC"
"670036","Matt Festa","Cleveland Guardians","R","pitcher","R",129,149,0.75,0.685647909137842,0.326201550387597,0.299127516778524,0.027074033609073,0.563,"Matt Festa is limiting right-handed batters more effectively","Estimated wOBA: 0.326 vs L, 0.299 vs R.","two_sided_opponent_hand_woba_gap_v1",40.5,343,"2026-09-15","2026-09-16 14:47:14 UTC"
"665660","Elvis Alvarado","Athletics","R","pitcher","R",95,112,0.786377708978328,0.695324005891016,0.336315789473684,0.303571428571429,0.032744360902255,0.487,"Elvis Alvarado is limiting right-handed batters more effectively","Estimated wOBA: 0.336 vs L, 0.304 vs R.","two_sided_opponent_hand_woba_gap_v1",40.5,343,"2026-09-15","2026-09-16 14:47:14 UTC"
"657277","Logan Webb","San Francisco Giants","R","pitcher","R",397,272,0.671882762046697,0.62862498125656,0.294191919191919,0.27762962962963,0.016562289562289,0.731,"Logan Webb is limiting right-handed batters more effectively","Estimated wOBA: 0.294 vs L, 0.278 vs R.","two_sided_opponent_hand_woba_gap_v1",40.4,345,"2026-09-15","2026-09-16 14:47:14 UTC"
"681799","Ethan Roberts","Chicago Cubs","R","pitcher","R",47,63,0.775683890577508,0.696770662287904,0.354042553191489,0.306825396825397,0.047217156366092,0.32,"Ethan Roberts is limiting right-handed batters more effectively","Estimated wOBA: 0.354 vs L, 0.307 vs R.","two_sided_opponent_hand_woba_gap_v1",40.4,345,"2026-09-15","2026-09-16 14:47:14 UTC"
"680694","Kyle Bradish","Baltimore Orioles","R","pitcher","R",408,261,0.790339616509587,0.752011912529907,0.34156862745098,0.324961538461538,0.016607088989442,0.723,"Kyle Bradish is limiting right-handed batters more effectively","Estimated wOBA: 0.342 vs L, 0.325 vs R.","two_sided_opponent_hand_woba_gap_v1",40.1,347,"2026-09-15","2026-09-16 14:47:14 UTC"
"686560","Gavin Collyer","Texas Rangers","R","pitcher","R",49,55,0.729860365198711,0.577922077922078,0.336938775510204,0.290909090909091,0.046029684601113,0.329,"Gavin Collyer is limiting right-handed batters more effectively","Estimated wOBA: 0.337 vs L, 0.291 vs R.","two_sided_opponent_hand_woba_gap_v1",40.1,347,"2026-09-15","2026-09-16 14:47:14 UTC"
"681402","Gus Varland","Washington Nationals","R","pitcher","L",71,79,0.904091213950369,1.03678929765886,0.385774647887324,0.423333333333333,0.037558685446009,0.415,"Gus Varland is limiting left-handed batters more effectively","Estimated wOBA: 0.386 vs L, 0.423 vs R.","two_sided_opponent_hand_woba_gap_v1",39.8,349,"2026-09-15","2026-09-16 14:47:14 UTC"
"572955","Pierce Johnson","Cincinnati Reds","R","pitcher","R",92,103,0.82124148768989,0.719133807369101,0.345326086956522,0.31343137254902,0.031894714407502,0.479,"Pierce Johnson is limiting right-handed batters more effectively","Estimated wOBA: 0.345 vs L, 0.313 vs R.","two_sided_opponent_hand_woba_gap_v1",39.4,350,"2026-09-15","2026-09-16 14:47:14 UTC"
"684974","Craig Yoho","Cleveland Guardians","R","pitcher","R",92,67,0.71025641025641,0.605615987857324,0.309555555555556,0.271791044776119,0.037764510779437,0.401,"Craig Yoho is limiting right-handed batters more effectively","Estimated wOBA: 0.310 vs L, 0.272 vs R.","two_sided_opponent_hand_woba_gap_v1",39.3,351,"2026-09-15","2026-09-16 14:47:14 UTC"
"677020","Josh Walker","Baltimore Orioles","L","pitcher","R",50,57,0.634166666666667,0.520123839009288,0.2764,0.231929824561404,0.044470175438596,0.333,"Josh Walker is limiting right-handed batters more effectively","Estimated wOBA: 0.276 vs L, 0.232 vs R.","two_sided_opponent_hand_woba_gap_v1",39.2,352,"2026-09-15","2026-09-16 14:47:14 UTC"
"543135","Nathan Eovaldi","Texas Rangers","R","pitcher","R",314,255,0.760634179851487,0.714797014009612,0.324249201277955,0.309251968503937,0.014997232774018,0.718,"Nathan Eovaldi is limiting right-handed batters more effectively","Estimated wOBA: 0.324 vs L, 0.309 vs R.","two_sided_opponent_hand_woba_gap_v1",38.9,353,"2026-09-15","2026-09-16 14:47:14 UTC"
"621016","Jose Cuas","Kansas City Royals","R","pitcher","L",41,47,0.6801393728223,0.8188894654904,0.311707317073171,0.358510638297872,0.046803321224701,0.291,"Jose Cuas is limiting left-handed batters more effectively","Estimated wOBA: 0.312 vs L, 0.359 vs R.","two_sided_opponent_hand_woba_gap_v1",38.9,353,"2026-09-15","2026-09-16 14:47:14 UTC"
"666157","Nick Lodolo","Cincinnati Reds","L","pitcher","R",106,330,0.900165871863985,0.84881764140222,0.388490566037736,0.359603658536585,0.028886907501151,0.515,"Nick Lodolo is limiting right-handed batters more effectively","Estimated wOBA: 0.388 vs L, 0.360 vs R.","two_sided_opponent_hand_woba_gap_v1",38.7,355,"2026-09-15","2026-09-16 14:47:14 UTC"
"702021","Will Dion","Washington Nationals","L","pitcher","R",60,105,0.777777777777778,0.682440476190476,0.333166666666667,0.294571428571429,0.038595238095238,0.375,"Will Dion is limiting right-handed batters more effectively","Estimated wOBA: 0.333 vs L, 0.295 vs R.","two_sided_opponent_hand_woba_gap_v1",38.6,356,"2026-09-15","2026-09-16 14:47:14 UTC"
"681035","Christian Scott","New York Mets","R","pitcher","R",282,171,0.699056234991903,0.606060606060606,0.304219858156028,0.284385964912281,0.019833893243747,0.631,"Christian Scott is limiting right-handed batters more effectively","Estimated wOBA: 0.304 vs L, 0.284 vs R.","two_sided_opponent_hand_woba_gap_v1",38.5,357,"2026-09-15","2026-09-16 14:47:14 UTC"
"593974","Wandy Peralta","San Diego Padres","L","pitcher","R",147,157,0.761721464848971,0.727067897222583,0.33551724137931,0.312802547770701,0.022714693608609,0.595,"Wandy Peralta is limiting right-handed batters more effectively","Estimated wOBA: 0.336 vs L, 0.313 vs R.","two_sided_opponent_hand_woba_gap_v1",38.5,357,"2026-09-15","2026-09-16 14:47:14 UTC"
"656302","Dylan Cease","Toronto Blue Jays","R","pitcher","L",394,278,0.521169891709569,0.553667909046257,0.238905852417303,0.251726618705036,0.012820766287733,0.735,"Dylan Cease is limiting left-handed batters more effectively","Estimated wOBA: 0.239 vs L, 0.252 vs R.","two_sided_opponent_hand_woba_gap_v1",38.3,359,"2026-09-15","2026-09-16 14:47:14 UTC"
"527048","Martín Pérez","Atlanta Braves","L","pitcher","R",166,409,0.703802221874511,0.643868023868024,0.305481927710843,0.285246305418719,0.020235622292124,0.624,"Martín Pérez is limiting right-handed batters more effectively","Estimated wOBA: 0.305 vs L, 0.285 vs R.","two_sided_opponent_hand_woba_gap_v1",38.2,360,"2026-09-15","2026-09-16 14:47:14 UTC"
"676879","Aaron Ashby","Milwaukee Brewers","L","pitcher","L",134,226,0.620821512273344,0.663491060140871,0.276194029850746,0.299159292035398,0.022965262184652,0.573,"Aaron Ashby is limiting left-handed batters more effectively","Estimated wOBA: 0.276 vs L, 0.299 vs R.","two_sided_opponent_hand_woba_gap_v1",37.9,361,"2026-09-15","2026-09-16 14:47:14 UTC"
"669060","Bryse Wilson","Milwaukee Brewers","R","pitcher","R",68,77,0.762477718360071,0.677079677079677,0.329705882352941,0.294025974025974,0.035679908326967,0.405,"Bryse Wilson is limiting right-handed batters more effectively","Estimated wOBA: 0.330 vs L, 0.294 vs R.","two_sided_opponent_hand_woba_gap_v1",37.8,362,"2026-09-15","2026-09-16 14:47:14 UTC"
"837227","Tatsuya Imai","Houston Astros","R","pitcher","R",198,127,0.731313131313131,0.640468485128679,0.323484848484848,0.29984126984127,0.023643578643578,0.559,"Tatsuya Imai is limiting right-handed batters more effectively","Estimated wOBA: 0.323 vs L, 0.300 vs R.","two_sided_opponent_hand_woba_gap_v1",37.7,363,"2026-09-15","2026-09-16 14:47:14 UTC"
"682227","Brandon Williamson","Cincinnati Reds","L","pitcher","L",51,136,0.748663101604278,0.816978609625668,0.317647058823529,0.358897058823529,0.04125,0.338,"Brandon Williamson is limiting left-handed batters more effectively","Estimated wOBA: 0.318 vs L, 0.359 vs R.","two_sided_opponent_hand_woba_gap_v1",37.7,363,"2026-09-15","2026-09-16 14:47:14 UTC"
"691799","Grant Taylor","Chicago White Sox","R","pitcher","R",166,150,0.61545519827655,0.549452736318408,0.269578313253012,0.2488,0.020778313253012,0.6,"Grant Taylor is limiting right-handed batters more effectively","Estimated wOBA: 0.270 vs L, 0.249 vs R.","two_sided_opponent_hand_woba_gap_v1",37.6,365,"2026-09-15","2026-09-16 14:47:14 UTC"
"641755","Tyler Kinley","Detroit Tigers","R","pitcher","R",99,111,0.742598397770811,0.634843272171254,0.315252525252525,0.286330275229358,0.028922250023167,0.497,"Tyler Kinley is limiting right-handed batters more effectively","Estimated wOBA: 0.315 vs L, 0.286 vs R.","two_sided_opponent_hand_woba_gap_v1",37.6,365,"2026-09-15","2026-09-16 14:47:14 UTC"
"665795","Edward Cabrera","Chicago Cubs","R","pitcher","R",203,136,0.830761920733412,0.77807486631016,0.356069651741294,0.333897058823529,0.022172592917765,0.576,"Edward Cabrera is limiting right-handed batters more effectively","Estimated wOBA: 0.356 vs L, 0.334 vs R.","two_sided_opponent_hand_woba_gap_v1",37.5,367,"2026-09-15","2026-09-16 14:47:14 UTC"
"641778","Eric Lauer","Los Angeles Dodgers","L","pitcher","R",110,358,0.838207186544343,0.788523735002608,0.360366972477064,0.333661971830986,0.026705000646078,0.524,"Eric Lauer is limiting right-handed batters more effectively","Estimated wOBA: 0.360 vs L, 0.334 vs R.","two_sided_opponent_hand_woba_gap_v1",37.4,368,"2026-09-15","2026-09-16 14:47:14 UTC"
"688883","Peyton Pallette","Cleveland Guardians","R","pitcher","R",48,49,0.789634146341463,0.637617209045781,0.349583333333333,0.307755102040816,0.041828231292517,0.324,"Peyton Pallette is limiting right-handed batters more effectively","Estimated wOBA: 0.350 vs L, 0.308 vs R.","two_sided_opponent_hand_woba_gap_v1",37.3,369,"2026-09-15","2026-09-16 14:47:14 UTC"
"592866","Trevor Williams","Texas Rangers","R","pitcher","R",47,49,0.779449922158796,0.671976107516177,0.33468085106383,0.292857142857143,0.041823708206687,0.32,"Trevor Williams is limiting right-handed batters more effectively","Estimated wOBA: 0.335 vs L, 0.293 vs R.","two_sided_opponent_hand_woba_gap_v1",37,370,"2026-09-15","2026-09-16 14:47:14 UTC"
"656848","Michael Petersen","Miami Marlins","R","pitcher","R",154,97,0.610726310726311,0.545088280601967,0.274350649350649,0.245979381443299,0.02837126790735,0.492,"Michael Petersen is limiting right-handed batters more effectively","Estimated wOBA: 0.274 vs L, 0.246 vs R.","two_sided_opponent_hand_woba_gap_v1",36.8,371,"2026-09-15","2026-09-16 14:47:14 UTC"
"670280","David Bednar","New York Yankees","R","pitcher","L",145,114,0.519644723092999,0.606766917293233,0.233888888888889,0.258245614035088,0.024356725146199,0.533,"David Bednar is limiting left-handed batters more effectively","Estimated wOBA: 0.234 vs L, 0.258 vs R.","two_sided_opponent_hand_woba_gap_v1",36.8,371,"2026-09-15","2026-09-16 14:47:14 UTC"
"656794","Sean Newcomb","Chicago White Sox","L","pitcher","R",140,207,0.616423934023513,0.577774297943418,0.278260869565217,0.257912621359223,0.020348248205994,0.583,"Sean Newcomb is limiting right-handed batters more effectively","Estimated wOBA: 0.278 vs L, 0.258 vs R.","two_sided_opponent_hand_woba_gap_v1",36.6,373,"2026-09-15","2026-09-16 14:47:14 UTC"
"664991","Grant Wolfram","Baltimore Orioles","L","pitcher","R",107,105,0.734473270440252,0.698987854251012,0.324811320754717,0.298269230769231,0.026542089985486,0.512,"Grant Wolfram is limiting right-handed batters more effectively","Estimated wOBA: 0.325 vs L, 0.298 vs R.","two_sided_opponent_hand_woba_gap_v1",36.5,374,"2026-09-15","2026-09-16 14:47:14 UTC"
"650556","Bryan Abreu","Houston Astros","R","pitcher","R",137,118,0.730453080818044,0.667792392463562,0.325839416058394,0.302413793103448,0.023425622954946,0.541,"Bryan Abreu is limiting right-handed batters more effectively","Estimated wOBA: 0.326 vs L, 0.302 vs R.","two_sided_opponent_hand_woba_gap_v1",36.4,375,"2026-09-15","2026-09-16 14:47:14 UTC"
"664875","Justin Lawrence","Washington Nationals","R","pitcher","R",76,100,0.989741302408564,0.93421686746988,0.425526315789474,0.3938,0.031726315789474,0.432,"Justin Lawrence is limiting right-handed batters more effectively","Estimated wOBA: 0.426 vs L, 0.394 vs R.","two_sided_opponent_hand_woba_gap_v1",36.4,375,"2026-09-15","2026-09-16 14:47:14 UTC"
"696270","Ryan Johnson","Los Angeles Angels","R","pitcher","R",234,155,0.770226537216828,0.733910533910534,0.334444444444444,0.316038961038961,0.018405483405483,0.608,"Ryan Johnson is limiting right-handed batters more effectively","Estimated wOBA: 0.334 vs L, 0.316 vs R.","two_sided_opponent_hand_woba_gap_v1",36.3,377,"2026-09-15","2026-09-16 14:47:14 UTC"
"689441","Coleman Crow","Milwaukee Brewers","R","pitcher","L",42,43,0.69047619047619,0.864435621100397,0.30952380952381,0.351395348837209,0.041871539313399,0.296,"Coleman Crow is limiting left-handed batters more effectively","Estimated wOBA: 0.310 vs L, 0.351 vs R.","two_sided_opponent_hand_woba_gap_v1",36.3,377,"2026-09-15","2026-09-16 14:47:14 UTC"
"642547","Freddy Peralta","Tampa Bay Rays","R","pitcher","R",432,253,0.759925565618853,0.710606060606061,0.325638051044083,0.31468253968254,0.010955511361543,0.717,"Freddy Peralta is limiting right-handed batters more effectively","Estimated wOBA: 0.326 vs L, 0.315 vs R.","two_sided_opponent_hand_woba_gap_v1",36.2,379,"2026-09-15","2026-09-16 14:47:14 UTC"
"805427","Drew Sommers","Detroit Tigers","L","pitcher","L",77,70,0.612490733876946,0.683333333333333,0.274605263157895,0.306521739130435,0.03191647597254,0.412,"Drew Sommers is limiting left-handed batters more effectively","Estimated wOBA: 0.275 vs L, 0.307 vs R.","two_sided_opponent_hand_woba_gap_v1",36,380,"2026-09-15","2026-09-16 14:47:14 UTC"
"685299","Tanner Gordon","Colorado Rockies","R","pitcher","R",246,180,0.901709401709402,0.850282485875706,0.377479674796748,0.362033898305085,0.015445776491663,0.643,"Tanner Gordon is limiting right-handed batters more effectively","Estimated wOBA: 0.377 vs L, 0.362 vs R.","two_sided_opponent_hand_woba_gap_v1",35.9,381,"2026-09-15","2026-09-16 14:47:14 UTC"
"640448","Kyle Finnegan","Detroit Tigers","R","pitcher","L",125,147,0.82258187067852,0.875944078418769,0.357235772357724,0.378639455782313,0.021403683424589,0.556,"Kyle Finnegan is limiting left-handed batters more effectively","Estimated wOBA: 0.357 vs L, 0.379 vs R.","two_sided_opponent_hand_woba_gap_v1",35.9,381,"2026-09-15","2026-09-16 14:47:14 UTC"
"689266","Dylan Dodd","Atlanta Braves","L","pitcher","R",81,95,0.62037037037037,0.552224371373307,0.271481481481481,0.241702127659574,0.029779353821907,0.448,"Dylan Dodd is limiting right-handed batters more effectively","Estimated wOBA: 0.271 vs L, 0.242 vs R.","two_sided_opponent_hand_woba_gap_v1",35.9,381,"2026-09-15","2026-09-16 14:47:14 UTC"
"691725","Andrew Painter","Philadelphia Phillies","R","pitcher","R",293,215,0.797135024518321,0.754244385230301,0.342302405498282,0.32943661971831,0.012865785779972,0.683,"Andrew Painter is limiting right-handed batters more effectively","Estimated wOBA: 0.342 vs L, 0.329 vs R.","two_sided_opponent_hand_woba_gap_v1",35.8,384,"2026-09-15","2026-09-16 14:47:14 UTC"
"687606","Paxton Schultz","Washington Nationals","R","pitcher","L",78,76,0.803093964858671,0.902857142857143,0.348815789473684,0.379866666666667,0.031050877192983,0.432,"Paxton Schultz is limiting left-handed batters more effectively","Estimated wOBA: 0.349 vs L, 0.380 vs R.","two_sided_opponent_hand_woba_gap_v1",35.8,384,"2026-09-15","2026-09-16 14:47:14 UTC"
"663978","Chris Paddack","Texas Rangers","R","pitcher","R",158,109,0.862856626941134,0.830275229357798,0.374423076923077,0.350366972477064,0.024056104446013,0.522,"Chris Paddack is limiting right-handed batters more effectively","Estimated wOBA: 0.374 vs L, 0.350 vs R.","two_sided_opponent_hand_woba_gap_v1",35.5,386,"2026-09-15","2026-09-16 14:47:14 UTC"
"670329","Rico Garcia","Baltimore Orioles","R","pitcher","L",150,103,0.555490196078431,0.619865178007162,0.243489932885906,0.268019801980198,0.024529869094292,0.507,"Rico Garcia is limiting left-handed batters more effectively","Estimated wOBA: 0.243 vs L, 0.268 vs R.","two_sided_opponent_hand_woba_gap_v1",35.2,387,"2026-09-15","2026-09-16 14:47:14 UTC"
"669165","Kyle Hurt","Los Angeles Dodgers","R","pitcher","L",81,110,0.639612676056338,0.70094696969697,0.283,0.312272727272727,0.029272727272727,0.448,"Kyle Hurt is limiting left-handed batters more effectively","Estimated wOBA: 0.283 vs L, 0.312 vs R.","two_sided_opponent_hand_woba_gap_v1",35.2,387,"2026-09-15","2026-09-16 14:47:14 UTC"
"681870","Erik Sabrowski","Cleveland Guardians","L","pitcher","R",69,116,0.616151545363908,0.528493647912886,0.276029411764706,0.245431034482759,0.030598377281947,0.408,"Erik Sabrowski is limiting right-handed batters more effectively","Estimated wOBA: 0.276 vs L, 0.245 vs R.","two_sided_opponent_hand_woba_gap_v1",34.6,389,"2026-09-15","2026-09-16 14:47:14 UTC"
"676106","Emerson Hancock","Seattle Mariners","R","pitcher","R",324,244,0.69023569023569,0.678688524590164,0.299938271604938,0.291024590163934,0.00891368144100402,0.709,"Emerson Hancock is limiting right-handed batters more effectively","Estimated wOBA: 0.300 vs L, 0.291 vs R.","two_sided_opponent_hand_woba_gap_v1",34.5,390,"2026-09-15","2026-09-16 14:47:14 UTC"
"695684","Elmer Rodríguez","New York Yankees","R","pitcher","R",54,71,0.757199602780536,0.711487676056338,0.352264150943396,0.317605633802817,0.034658517140579,0.351,"Elmer Rodríguez is limiting right-handed batters more effectively","Estimated wOBA: 0.352 vs L, 0.318 vs R.","two_sided_opponent_hand_woba_gap_v1",34.5,390,"2026-09-15","2026-09-16 14:47:14 UTC"
"592662","Robbie Ray","San Diego Padres","L","pitcher","L",181,484,0.66923158005692,0.710835058661146,0.297430167597765,0.310434782608696,0.013004615010931,0.644,"Robbie Ray is limiting left-handed batters more effectively","Estimated wOBA: 0.297 vs L, 0.310 vs R.","two_sided_opponent_hand_woba_gap_v1",34.4,392,"2026-09-15","2026-09-16 14:47:14 UTC"
"694973","Paul Skenes","Pittsburgh Pirates","R","pitcher","L",391,276,0.660368188512518,0.672336110105034,0.286958762886598,0.294436363636364,0.007477600749766,0.734,"Paul Skenes is limiting left-handed batters more effectively","Estimated wOBA: 0.287 vs L, 0.294 vs R.","two_sided_opponent_hand_woba_gap_v1",34.4,392,"2026-09-15","2026-09-16 14:47:14 UTC"
"689147","Orion Kerkering","Philadelphia Phillies","R","pitcher","R",117,134,0.696969696969697,0.634373544480671,0.30957264957265,0.288496240601504,0.021076408971146,0.539,"Orion Kerkering is limiting right-handed batters more effectively","Estimated wOBA: 0.310 vs L, 0.288 vs R.","two_sided_opponent_hand_woba_gap_v1",34.4,392,"2026-09-15","2026-09-16 14:47:14 UTC"
"695243","Mason Miller","San Diego Padres","R","pitcher","R",135,111,0.420915032679739,0.393481717011129,0.203851851851852,0.182342342342342,0.02150950950951,0.526,"Mason Miller is limiting right-handed batters more effectively","Estimated wOBA: 0.204 vs L, 0.182 vs R.","two_sided_opponent_hand_woba_gap_v1",34.2,395,"2026-09-15","2026-09-16 14:47:14 UTC"
"664129","Geoff Hartlieb","Athletics","R","pitcher","L",45,50,0.706906906906907,0.837272727272727,0.315111111111111,0.3522,0.037088888888889,0.31,"Geoff Hartlieb is limiting left-handed batters more effectively","Estimated wOBA: 0.315 vs L, 0.352 vs R.","two_sided_opponent_hand_woba_gap_v1",34.2,395,"2026-09-15","2026-09-16 14:47:14 UTC"
"641927","Bailey Ober","Minnesota Twins","R","pitcher","R",299,227,0.747205387205387,0.710545545650041,0.319259259259259,0.31,0.00925925925925902,0.694,"Bailey Ober is limiting right-handed batters more effectively","Estimated wOBA: 0.319 vs L, 0.310 vs R.","two_sided_opponent_hand_woba_gap_v1",34,397,"2026-09-15","2026-09-16 14:47:14 UTC"
"663947","Tyler Holton","Detroit Tigers","L","pitcher","L",125,167,0.674689655172414,0.720592897907419,0.2956,0.314819277108434,0.019219277108434,0.556,"Tyler Holton is limiting left-handed batters more effectively","Estimated wOBA: 0.296 vs L, 0.315 vs R.","two_sided_opponent_hand_woba_gap_v1",34,397,"2026-09-15","2026-09-16 14:47:14 UTC"
"607455","Anthony Banda","Minnesota Twins","L","pitcher","L",68,89,0.688111168296449,0.788314606741573,0.31044776119403,0.340568181818182,0.030120420624152,0.405,"Anthony Banda is limiting left-handed batters more effectively","Estimated wOBA: 0.310 vs L, 0.341 vs R.","two_sided_opponent_hand_woba_gap_v1",34,397,"2026-09-15","2026-09-16 14:47:14 UTC"
"663436","Davis Martin","Chicago White Sox","R","pitcher","R",347,245,0.72917128500702,0.708064988290398,0.317925072046109,0.310040983606557,0.00788408843955196,0.71,"Davis Martin is limiting right-handed batters more effectively","Estimated wOBA: 0.318 vs L, 0.310 vs R.","two_sided_opponent_hand_woba_gap_v1",33.7,400,"2026-09-15","2026-09-16 14:47:14 UTC"
"571945","Miles Mikolas","Washington Nationals","R","pitcher","L",286,214,0.832375032375032,0.870520828441272,0.352692307692308,0.362570093457944,0.00987778576563597,0.682,"Miles Mikolas is limiting left-handed batters more effectively","Estimated wOBA: 0.353 vs L, 0.363 vs R.","two_sided_opponent_hand_woba_gap_v1",33.7,400,"2026-09-15","2026-09-16 14:47:14 UTC"
"681892","Kody Funderburk","Minnesota Twins","L","pitcher","L",106,105,0.593406593406593,0.646883289124669,0.271730769230769,0.294519230769231,0.022788461538462,0.512,"Kody Funderburk is limiting left-handed batters more effectively","Estimated wOBA: 0.272 vs L, 0.295 vs R.","two_sided_opponent_hand_woba_gap_v1",33.7,400,"2026-09-15","2026-09-16 14:47:14 UTC"
"702056","Trey Yesavage","Toronto Blue Jays","R","pitcher","R",220,166,0.63191003594676,0.613363105462041,0.281689497716895,0.268475609756098,0.013213887960797,0.624,"Trey Yesavage is limiting right-handed batters more effectively","Estimated wOBA: 0.282 vs L, 0.268 vs R.","two_sided_opponent_hand_woba_gap_v1",33.4,403,"2026-09-15","2026-09-16 14:47:14 UTC"
"607067","Colin Rea","Chicago Cubs","R","pitcher","R",342,233,0.755581440496991,0.757892180670228,0.331382352941176,0.323491379310345,0.00789097363083102,0.7,"Colin Rea is limiting right-handed batters more effectively","Estimated wOBA: 0.331 vs L, 0.323 vs R.","two_sided_opponent_hand_woba_gap_v1",33.3,404,"2026-09-15","2026-09-16 14:47:14 UTC"
"686973","Louis Varland","Toronto Blue Jays","R","pitcher","L",165,132,0.485294117647059,0.526483320600968,0.219390243902439,0.236136363636364,0.016746119733925,0.569,"Louis Varland is limiting left-handed batters more effectively","Estimated wOBA: 0.219 vs L, 0.236 vs R.","two_sided_opponent_hand_woba_gap_v1",33.2,405,"2026-09-15","2026-09-16 14:47:14 UTC"
"806188","Cade Gibson","Miami Marlins","L","pitcher","L",115,91,0.688338493292054,0.720243531202435,0.302456140350877,0.326666666666667,0.02421052631579,0.476,"Cade Gibson is limiting left-handed batters more effectively","Estimated wOBA: 0.302 vs L, 0.327 vs R.","two_sided_opponent_hand_woba_gap_v1",33,406,"2026-09-15","2026-09-16 14:47:14 UTC"
"660604","Alan Rangel","Philadelphia Phillies","R","pitcher","L",72,51,0.837301587301587,0.914884135472371,0.358333333333333,0.39156862745098,0.033235294117647,0.338,"Alan Rangel is limiting left-handed batters more effectively","Estimated wOBA: 0.358 vs L, 0.392 vs R.","two_sided_opponent_hand_woba_gap_v1",33,406,"2026-09-15","2026-09-16 14:47:14 UTC"
"641745","Brad Keller","Philadelphia Phillies","R","pitcher","L",66,69,0.636904761904762,0.738195418419822,0.29,0.319275362318841,0.029275362318841,0.398,"Brad Keller is limiting left-handed batters more effectively","Estimated wOBA: 0.290 vs L, 0.319 vs R.","two_sided_opponent_hand_woba_gap_v1",32.9,408,"2026-09-15","2026-09-16 14:47:14 UTC"
"702752","Jonathan Pintaro","New York Mets","R","pitcher","L",60,65,0.663976522377109,0.780704041720991,0.306379310344828,0.336923076923077,0.030543766578249,0.375,"Jonathan Pintaro is limiting left-handed batters more effectively","Estimated wOBA: 0.306 vs L, 0.337 vs R.","two_sided_opponent_hand_woba_gap_v1",32.9,408,"2026-09-15","2026-09-16 14:47:14 UTC"
"677976","Randy Dobnak","Kansas City Royals","R","pitcher","R",183,110,0.6927303465765,0.609848484848485,0.299450549450549,0.279181818181818,0.020268731268731,0.524,"Randy Dobnak is limiting right-handed batters more effectively","Estimated wOBA: 0.299 vs L, 0.279 vs R.","two_sided_opponent_hand_woba_gap_v1",32.8,410,"2026-09-15","2026-09-16 14:47:14 UTC"
"689296","Anthony Nunez","Baltimore Orioles","R","pitcher","R",126,114,0.662717770034843,0.608925225685573,0.292845528455285,0.273245614035088,0.019599914420197,0.533,"Anthony Nunez is limiting right-handed batters more effectively","Estimated wOBA: 0.293 vs L, 0.273 vs R.","two_sided_opponent_hand_woba_gap_v1",32.8,410,"2026-09-15","2026-09-16 14:47:14 UTC"
"595345","Steven Okert","Houston Astros","L","pitcher","L",126,136,0.540181097906056,0.591218637992832,0.238064516129032,0.254888888888889,0.016824372759857,0.558,"Steven Okert is limiting left-handed batters more effectively","Estimated wOBA: 0.238 vs L, 0.255 vs R.","two_sided_opponent_hand_woba_gap_v1",32.7,412,"2026-09-15","2026-09-16 14:47:14 UTC"
"668678","Zac Gallen","Arizona Diamondbacks","R","pitcher","R",243,212,0.872653475393201,0.858792076801555,0.372098765432099,0.364047619047619,0.00805114638448001,0.679,"Zac Gallen is limiting right-handed batters more effectively","Estimated wOBA: 0.372 vs L, 0.364 vs R.","two_sided_opponent_hand_woba_gap_v1",32.6,413,"2026-09-15","2026-09-16 14:47:14 UTC"
"680736","Justin Wrobleski","Los Angeles Dodgers","L","pitcher","R",148,404,0.718987595038015,0.683237785573714,0.308707482993197,0.294813895781638,0.013893587211559,0.597,"Justin Wrobleski is limiting right-handed batters more effectively","Estimated wOBA: 0.309 vs L, 0.295 vs R.","two_sided_opponent_hand_woba_gap_v1",32.5,414,"2026-09-15","2026-09-16 14:47:14 UTC"
"702273","Noah Schultz","Chicago White Sox","L","pitcher","L",63,229,0.680655737704918,0.797512570640324,0.315409836065574,0.345022026431718,0.029612190366144,0.387,"Noah Schultz is limiting left-handed batters more effectively","Estimated wOBA: 0.315 vs L, 0.345 vs R.","two_sided_opponent_hand_woba_gap_v1",32.5,414,"2026-09-15","2026-09-16 14:47:14 UTC"
"643377","Griffin Jax","Tampa Bay Rays","R","pitcher","R",263,170,0.698165432893466,0.662524654832347,0.3,0.288934911242604,0.011065088757396,0.63,"Griffin Jax is limiting right-handed batters more effectively","Estimated wOBA: 0.300 vs L, 0.289 vs R.","two_sided_opponent_hand_woba_gap_v1",32.4,416,"2026-09-15","2026-09-16 14:47:14 UTC"
"669022","MacKenzie Gore","Texas Rangers","L","pitcher","R",177,526,0.725277929651905,0.715324021439012,0.319887005649718,0.309827915869981,0.010059089779737,0.639,"MacKenzie Gore is limiting right-handed batters more effectively","Estimated wOBA: 0.320 vs L, 0.310 vs R.","two_sided_opponent_hand_woba_gap_v1",32.3,417,"2026-09-15","2026-09-16 14:47:14 UTC"
"686930","Mason Barnett","Athletics","R","pitcher","L",97,88,0.863025210084034,0.923636363636364,0.366632653061225,0.390681818181818,0.024049165120593,0.468,"Mason Barnett is limiting left-handed batters more effectively","Estimated wOBA: 0.367 vs L, 0.391 vs R.","two_sided_opponent_hand_woba_gap_v1",32.2,418,"2026-09-15","2026-09-16 14:47:14 UTC"
"671737","Taj Bradley","Minnesota Twins","R","pitcher","R",415,282,0.679682197468759,0.669670421360033,0.298333333333333,0.294326241134752,0.00400709219858103,0.738,"Taj Bradley is limiting right-handed batters more effectively","Estimated wOBA: 0.298 vs L, 0.294 vs R.","two_sided_opponent_hand_woba_gap_v1",32.1,419,"2026-09-15","2026-09-16 14:47:14 UTC"
"641835","Tim Mayza","Philadelphia Phillies","L","pitcher","L",108,143,0.588414916257981,0.643545483426877,0.257102803738318,0.276901408450704,0.019798604712386,0.519,"Tim Mayza is limiting left-handed batters more effectively","Estimated wOBA: 0.257 vs L, 0.277 vs R.","two_sided_opponent_hand_woba_gap_v1",32.1,419,"2026-09-15","2026-09-16 14:47:14 UTC"
"592773","Ryne Stanek","St. Louis Cardinals","R","pitcher","L",119,138,0.696663131271926,0.741690293780539,0.306949152542373,0.323795620437956,0.016846467895583,0.543,"Ryne Stanek is limiting left-handed batters more effectively","Estimated wOBA: 0.307 vs L, 0.324 vs R.","two_sided_opponent_hand_woba_gap_v1",31.9,421,"2026-09-15","2026-09-16 14:47:14 UTC"
"675911","Spencer Strider","Atlanta Braves","R","pitcher","L",107,59,0.79754164973588,0.865736124958458,0.336728971962617,0.366440677966102,0.029711706003485,0.371,"Spencer Strider is limiting left-handed batters more effectively","Estimated wOBA: 0.337 vs L, 0.366 vs R.","two_sided_opponent_hand_woba_gap_v1",31.9,421,"2026-09-15","2026-09-16 14:47:14 UTC"
"665152","Dean Kremer","Minnesota Twins","R","pitcher","R",197,123,0.795520376265451,0.758237056054771,0.335837563451777,0.319593495934959,0.016244067516818,0.552,"Dean Kremer is limiting right-handed batters more effectively","Estimated wOBA: 0.336 vs L, 0.320 vs R.","two_sided_opponent_hand_woba_gap_v1",31.7,423,"2026-09-15","2026-09-16 14:47:14 UTC"
"676760","Ron Marinaccio","Cincinnati Reds","R","pitcher","L",135,126,0.809963946247132,0.876357560568087,0.356962962962963,0.372301587301587,0.015338624338624,0.558,"Ron Marinaccio is limiting left-handed batters more effectively","Estimated wOBA: 0.357 vs L, 0.372 vs R.","two_sided_opponent_hand_woba_gap_v1",31.6,424,"2026-09-15","2026-09-16 14:47:14 UTC"
"676974","Max Meyer","Miami Marlins","R","pitcher","R",264,201,0.625329380764163,0.619726775956284,0.279166666666667,0.2717,0.00746666666666701,0.668,"Max Meyer is limiting right-handed batters more effectively","Estimated wOBA: 0.279 vs L, 0.272 vs R.","two_sided_opponent_hand_woba_gap_v1",31.2,425,"2026-09-15","2026-09-16 14:47:14 UTC"
"702474","Mike Paredes","Minnesota Twins","R","pitcher","R",96,58,0.833504492939666,0.777327935222672,0.358,0.328771929824561,0.029228070175439,0.367,"Mike Paredes is limiting right-handed batters more effectively","Estimated wOBA: 0.358 vs L, 0.329 vs R.","two_sided_opponent_hand_woba_gap_v1",31.2,425,"2026-09-15","2026-09-16 14:47:14 UTC"
"519242","Chris Sale","Atlanta Braves","L","pitcher","R",162,467,0.59566034651847,0.563513574220212,0.261987577639752,0.25203426124197,0.00995331639778202,0.618,"Chris Sale is limiting right-handed batters more effectively","Estimated wOBA: 0.262 vs L, 0.252 vs R.","two_sided_opponent_hand_woba_gap_v1",31,427,"2026-09-15","2026-09-16 14:47:14 UTC"
"641302","Tyler Alexander","Texas Rangers","L","pitcher","L",122,163,0.638095238095238,0.677639094563148,0.28375,0.299018404907975,0.015268404907975,0.55,"Tyler Alexander is limiting left-handed batters more effectively","Estimated wOBA: 0.284 vs L, 0.299 vs R.","two_sided_opponent_hand_woba_gap_v1",30.9,428,"2026-09-15","2026-09-16 14:47:14 UTC"
"656427","Jack Flaherty","Detroit Tigers","R","pitcher","L",214,174,0.7306840940234,0.767000370782351,0.32122641509434,0.329310344827586,0.00808392973324595,0.635,"Jack Flaherty is limiting left-handed batters more effectively","Estimated wOBA: 0.321 vs L, 0.329 vs R.","two_sided_opponent_hand_woba_gap_v1",30.8,429,"2026-09-15","2026-09-16 14:47:14 UTC"
"670059","Colin Holderman","Cleveland Guardians","R","pitcher","R",115,106,0.541461228148812,0.526190476190476,0.259130434782609,0.240761904761905,0.018368530020704,0.515,"Colin Holderman is limiting right-handed batters more effectively","Estimated wOBA: 0.259 vs L, 0.241 vs R.","two_sided_opponent_hand_woba_gap_v1",30.6,430,"2026-09-15","2026-09-16 14:47:14 UTC"
"661395","Jhoan Duran","Philadelphia Phillies","R","pitcher","L",118,99,0.539497578692494,0.583903551645487,0.240508474576271,0.26020202020202,0.019693545625749,0.497,"Jhoan Duran is limiting left-handed batters more effectively","Estimated wOBA: 0.241 vs L, 0.260 vs R.","two_sided_opponent_hand_woba_gap_v1",30.5,431,"2026-09-15","2026-09-16 14:47:14 UTC"
"677053","Andrew Nardi","Miami Marlins","L","pitcher","R",48,51,0.811702127659575,0.748508098891731,0.354042553191489,0.322941176470588,0.031101376720901,0.324,"Andrew Nardi is limiting right-handed batters more effectively","Estimated wOBA: 0.354 vs L, 0.323 vs R.","two_sided_opponent_hand_woba_gap_v1",30.5,431,"2026-09-15","2026-09-16 14:47:14 UTC"
"605400","Aaron Nola","Philadelphia Phillies","R","pitcher","L",421,269,0.794907159093811,0.811183286516854,0.340522565320665,0.341835205992509,0.001312640671844,0.729,"Aaron Nola is limiting left-handed batters more effectively","Estimated wOBA: 0.341 vs L, 0.342 vs R.","two_sided_opponent_hand_woba_gap_v1",29.9,433,"2026-09-15","2026-09-16 14:47:14 UTC"
"671096","Andrew Abbott","Cincinnati Reds","L","pitcher","R",179,502,0.794776872854547,0.752844036697248,0.335083798882682,0.32832,0.00676379888268203,0.642,"Andrew Abbott is limiting right-handed batters more effectively","Estimated wOBA: 0.335 vs L, 0.328 vs R.","two_sided_opponent_hand_woba_gap_v1",29.8,434,"2026-09-15","2026-09-16 14:47:14 UTC"
"676617","Riley O'Brien","St. Louis Cardinals","R","pitcher","R",142,122,0.67084924531733,0.638522012578616,0.300289855072464,0.287,0.013289855072464,0.55,"Riley O'Brien is limiting right-handed batters more effectively","Estimated wOBA: 0.300 vs L, 0.287 vs R.","two_sided_opponent_hand_woba_gap_v1",29.8,434,"2026-09-15","2026-09-16 14:47:14 UTC"
"641941","Emilio Pagán","Cincinnati Reds","R","pitcher","L",84,75,0.676666666666667,0.694726368159204,0.279277108433735,0.302666666666667,0.023389558232932,0.429,"Emilio Pagán is limiting left-handed batters more effectively","Estimated wOBA: 0.279 vs L, 0.303 vs R.","two_sided_opponent_hand_woba_gap_v1",29.5,436,"2026-09-15","2026-09-16 14:47:14 UTC"
"674841","Andrew Alvarez","Washington Nationals","L","pitcher","R",114,315,0.675949582694601,0.623457222183337,0.296228070175439,0.281496815286624,0.014731254888815,0.533,"Andrew Alvarez is limiting right-handed batters more effectively","Estimated wOBA: 0.296 vs L, 0.281 vs R.","two_sided_opponent_hand_woba_gap_v1",29.4,437,"2026-09-15","2026-09-16 14:47:14 UTC"
"621383","Tanner Banks","Philadelphia Phillies","L","pitcher","R",63,91,1.02822580645161,0.967948717948718,0.43258064516129,0.406373626373626,0.026207018787664,0.387,"Tanner Banks is limiting right-handed batters more effectively","Estimated wOBA: 0.433 vs L, 0.406 vs R.","two_sided_opponent_hand_woba_gap_v1",29.4,437,"2026-09-15","2026-09-16 14:47:14 UTC"
"694738","Landen Roupp","San Francisco Giants","R","pitcher","R",392,267,0.637448180561953,0.657958801498127,0.289538461538462,0.288913857677903,0.000624603860559014,0.728,"Landen Roupp is limiting right-handed batters more effectively","Estimated wOBA: 0.290 vs L, 0.289 vs R.","two_sided_opponent_hand_woba_gap_v1",28.8,439,"2026-09-15","2026-09-16 14:47:14 UTC"
"687273","Quinn Mathews","St. Louis Cardinals","L","pitcher","L",42,120,0.644688644688645,0.703761116096924,0.281904761904762,0.31218487394958,0.030280112044818,0.296,"Quinn Mathews is limiting left-handed batters more effectively","Estimated wOBA: 0.282 vs L, 0.312 vs R.","two_sided_opponent_hand_woba_gap_v1",28.8,439,"2026-09-15","2026-09-16 14:47:14 UTC"
"663992","Richard Lovelady","Washington Nationals","L","pitcher","R",72,76,0.860967821174159,0.821546052631579,0.376323529411765,0.353333333333333,0.022990196078432,0.419,"Richard Lovelady is limiting right-handed batters more effectively","Estimated wOBA: 0.376 vs L, 0.353 vs R.","two_sided_opponent_hand_woba_gap_v1",28.8,439,"2026-09-15","2026-09-16 14:47:14 UTC"
"663687","Hogan Harris","Athletics","L","pitcher","R",119,176,0.691441625193767,0.680544217687075,0.315210084033614,0.303714285714286,0.011495798319328,0.543,"Hogan Harris is limiting right-handed batters more effectively","Estimated wOBA: 0.315 vs L, 0.304 vs R.","two_sided_opponent_hand_woba_gap_v1",28.2,442,"2026-09-15","2026-09-16 14:47:14 UTC"
"681217","Chase Silseth","Texas Rangers","R","pitcher","R",123,123,0.683223992502343,0.687321467809273,0.312561983471074,0.302195121951219,0.010366861519855,0.552,"Chase Silseth is limiting right-handed batters more effectively","Estimated wOBA: 0.313 vs L, 0.302 vs R.","two_sided_opponent_hand_woba_gap_v1",28.2,442,"2026-09-15","2026-09-16 14:47:14 UTC"
"696519","Samy Natera Jr.","Los Angeles Angels","L","pitcher","R",56,76,0.555471124620061,0.544117647058824,0.265714285714286,0.239210526315789,0.026503759398497,0.359,"Samy Natera Jr. is limiting right-handed batters more effectively","Estimated wOBA: 0.266 vs L, 0.239 vs R.","two_sided_opponent_hand_woba_gap_v1",28.2,442,"2026-09-15","2026-09-16 14:47:14 UTC"
"605280","Clay Holmes","Chicago Cubs","R","pitcher","R",234,142,0.596605272661611,0.558986175115207,0.26525641025641,0.2575,0.00775641025641,0.587,"Clay Holmes is limiting right-handed batters more effectively","Estimated wOBA: 0.265 vs L, 0.258 vs R.","two_sided_opponent_hand_woba_gap_v1",27.9,445,"2026-09-15","2026-09-16 14:47:14 UTC"
"664285","Framber Valdez","Detroit Tigers","L","pitcher","L",168,545,0.701890336973113,0.711642156862745,0.30940119760479,0.314191176470588,0.00478997886579796,0.627,"Framber Valdez is limiting left-handed batters more effectively","Estimated wOBA: 0.309 vs L, 0.314 vs R.","two_sided_opponent_hand_woba_gap_v1",27.8,446,"2026-09-15","2026-09-16 14:47:14 UTC"
"681911","Alex Vesia","Los Angeles Dodgers","L","pitcher","L",99,120,0.506792058516196,0.527427184466019,0.22959595959596,0.245583333333333,0.015987373737373,0.497,"Alex Vesia is limiting left-handed batters more effectively","Estimated wOBA: 0.230 vs L, 0.246 vs R.","two_sided_opponent_hand_woba_gap_v1",27.7,447,"2026-09-15","2026-09-16 14:47:14 UTC"
"642397","Gregory Soto","Pittsburgh Pirates","L","pitcher","R",94,171,0.651075268817204,0.611294229776419,0.291612903225806,0.274970414201183,0.016642489024623,0.485,"Gregory Soto is limiting right-handed batters more effectively","Estimated wOBA: 0.292 vs L, 0.275 vs R.","two_sided_opponent_hand_woba_gap_v1",27.6,448,"2026-09-15","2026-09-16 14:47:14 UTC"
"596001","Jakob Junis","Texas Rangers","R","pitcher","L",108,104,0.639433551198257,0.655060728744939,0.277102803738318,0.29125,0.014147196261682,0.51,"Jakob Junis is limiting left-handed batters more effectively","Estimated wOBA: 0.277 vs L, 0.291 vs R.","two_sided_opponent_hand_woba_gap_v1",27.5,449,"2026-09-15","2026-09-16 14:47:14 UTC"
"543243","Sonny Gray","Boston Red Sox","R","pitcher","R",416,223,0.673216460320682,0.672154601751014,0.2925,0.292421524663677,7.84753363229918e-05,0.69,"Sonny Gray is limiting right-handed batters more effectively","Estimated wOBA: 0.292 vs L, 0.292 vs R.","two_sided_opponent_hand_woba_gap_v1",26.8,450,"2026-09-15","2026-09-16 14:47:14 UTC"
"805299","Brandyn Garcia","Arizona Diamondbacks","L","pitcher","R",84,90,0.469228264408987,0.448412698412698,0.22144578313253,0.204111111111111,0.017334672021419,0.457,"Brandyn Garcia is limiting right-handed batters more effectively","Estimated wOBA: 0.221 vs L, 0.204 vs R.","two_sided_opponent_hand_woba_gap_v1",26.8,450,"2026-09-15","2026-09-16 14:47:14 UTC"
"687075","Brandon Sproat","Milwaukee Brewers","R","pitcher","L",230,195,0.777647653164324,0.796530920060332,0.344210526315789,0.345487179487179,0.00127665317138997,0.661,"Brandon Sproat is limiting left-handed batters more effectively","Estimated wOBA: 0.344 vs L, 0.345 vs R.","two_sided_opponent_hand_woba_gap_v1",26.7,452,"2026-09-15","2026-09-16 14:47:14 UTC"
"687312","Gabriel Hughes","Colorado Rockies","R","pitcher","L",172,91,0.756346749226006,0.789148351648352,0.324792899408284,0.340989010989011,0.016196111580727,0.476,"Gabriel Hughes is limiting left-handed batters more effectively","Estimated wOBA: 0.325 vs L, 0.341 vs R.","two_sided_opponent_hand_woba_gap_v1",26.6,453,"2026-09-15","2026-09-16 14:47:14 UTC"
"621345","A.J. Minter","Minnesota Twins","L","pitcher","R",82,82,0.686548019881353,0.666979362101313,0.295185185185185,0.277283950617284,0.017901234567901,0.451,"A.J. Minter is limiting right-handed batters more effectively","Estimated wOBA: 0.295 vs L, 0.277 vs R.","two_sided_opponent_hand_woba_gap_v1",26.5,454,"2026-09-15","2026-09-16 14:47:14 UTC"
"686613","Hunter Brown","Houston Astros","R","pitcher","L",240,168,0.649085365853659,0.656999041227229,0.291791666666667,0.295059523809524,0.00326785714285699,0.627,"Hunter Brown is limiting left-handed batters more effectively","Estimated wOBA: 0.292 vs L, 0.295 vs R.","two_sided_opponent_hand_woba_gap_v1",26.4,455,"2026-09-15","2026-09-16 14:47:14 UTC"
"605540","Brandon Woodruff","Milwaukee Brewers","R","pitcher","L",91,83,0.497947835297233,0.545371358853134,0.218241758241758,0.235180722891566,0.016938964649808,0.454,"Brandon Woodruff is limiting left-handed batters more effectively","Estimated wOBA: 0.218 vs L, 0.235 vs R.","two_sided_opponent_hand_woba_gap_v1",26.4,455,"2026-09-15","2026-09-16 14:47:14 UTC"
"674444","Steven Cruz","Kansas City Royals","R","pitcher","L",136,94,0.74115890083632,0.753724575722244,0.316,0.330752688172043,0.014752688172043,0.485,"Steven Cruz is limiting left-handed batters more effectively","Estimated wOBA: 0.316 vs L, 0.331 vs R.","two_sided_opponent_hand_woba_gap_v1",26.3,457,"2026-09-15","2026-09-16 14:47:14 UTC"
"672282","Reid Detmers","Los Angeles Angels","L","pitcher","L",197,500,0.598563447725459,0.615349801833153,0.265918367346939,0.266827309236948,0.000908941890008952,0.663,"Reid Detmers is limiting left-handed batters more effectively","Estimated wOBA: 0.266 vs L, 0.267 vs R.","two_sided_opponent_hand_woba_gap_v1",26.2,458,"2026-09-15","2026-09-16 14:47:14 UTC"
"695611","Gage Jump","Athletics","L","pitcher","L",117,321,0.74896466649044,0.78518783852725,0.33,0.33846875,0.00846874999999997,0.539,"Gage Jump is limiting left-handed batters more effectively","Estimated wOBA: 0.330 vs L, 0.338 vs R.","two_sided_opponent_hand_woba_gap_v1",26,459,"2026-09-15","2026-09-16 14:47:14 UTC"
"688642","Zach Agnos","Colorado Rockies","R","pitcher","R",188,187,0.801426024955437,0.799400811803363,0.34427807486631,0.343262032085561,0.00101604278074902,0.652,"Zach Agnos is limiting right-handed batters more effectively","Estimated wOBA: 0.344 vs L, 0.343 vs R.","two_sided_opponent_hand_woba_gap_v1",25.9,460,"2026-09-15","2026-09-16 14:47:14 UTC"
"676263","Jack Dreyer","Los Angeles Dodgers","L","pitcher","R",107,127,0.605161943319838,0.596049416236764,0.269038461538462,0.258571428571429,0.010467032967033,0.517,"Jack Dreyer is limiting right-handed batters more effectively","Estimated wOBA: 0.269 vs L, 0.259 vs R.","two_sided_opponent_hand_woba_gap_v1",25.9,460,"2026-09-15","2026-09-16 14:47:14 UTC"
"677960","Ryan Weathers","New York Yankees","L","pitcher","L",136,432,0.683823529411765,0.699303944315545,0.297720588235294,0.302714617169374,0.00499402893407996,0.576,"Ryan Weathers is limiting left-handed batters more effectively","Estimated wOBA: 0.298 vs L, 0.303 vs R.","two_sided_opponent_hand_woba_gap_v1",25.6,462,"2026-09-15","2026-09-16 14:47:14 UTC"
"605130","Scott Barlow","Athletics","R","pitcher","L",69,83,0.736842105263158,0.793231750531538,0.323478260869565,0.342771084337349,0.019292823467784,0.408,"Scott Barlow is limiting left-handed batters more effectively","Estimated wOBA: 0.323 vs L, 0.343 vs R.","two_sided_opponent_hand_woba_gap_v1",25.4,463,"2026-09-15","2026-09-16 14:47:14 UTC"
"686580","Justin Slaten","Boston Red Sox","R","pitcher","L",71,66,0.726890756302521,0.74367666232073,0.309142857142857,0.328615384615385,0.019472527472528,0.398,"Justin Slaten is limiting left-handed batters more effectively","Estimated wOBA: 0.309 vs L, 0.329 vs R.","two_sided_opponent_hand_woba_gap_v1",25,464,"2026-09-15","2026-09-16 14:47:14 UTC"
"607192","Tyler Glasnow","Los Angeles Dodgers","R","pitcher","L",153,87,0.545946736903717,0.595037846930193,0.24281045751634,0.25735632183908,0.01454586432274,0.465,"Tyler Glasnow is limiting left-handed batters more effectively","Estimated wOBA: 0.243 vs L, 0.257 vs R.","two_sided_opponent_hand_woba_gap_v1",24.9,465,"2026-09-15","2026-09-16 14:47:14 UTC"
"660825","Eduard Bazardo","Seattle Mariners","R","pitcher","L",137,140,0.789814814814815,0.829241071428571,0.342296296296296,0.3465,0.00420370370370399,0.578,"Eduard Bazardo is limiting left-handed batters more effectively","Estimated wOBA: 0.342 vs L, 0.346 vs R.","two_sided_opponent_hand_woba_gap_v1",24.8,466,"2026-09-15","2026-09-16 14:47:14 UTC"
"544150","Albert Suárez","Baltimore Orioles","R","pitcher","R",121,127,0.738797482750777,0.712259027966332,0.312727272727273,0.306141732283465,0.00658554044380805,0.548,"Albert Suárez is limiting right-handed batters more effectively","Estimated wOBA: 0.313 vs L, 0.306 vs R.","two_sided_opponent_hand_woba_gap_v1",24.7,467,"2026-09-15","2026-09-16 14:47:14 UTC"
"669461","Matthew Liberatore","St. Louis Cardinals","L","pitcher","R",156,475,0.817582417582418,0.816949772230951,0.351025641025641,0.349599156118143,0.00142648490749797,0.609,"Matthew Liberatore is limiting right-handed batters more effectively","Estimated wOBA: 0.351 vs L, 0.350 vs R.","two_sided_opponent_hand_woba_gap_v1",24.6,468,"2026-09-15","2026-09-16 14:47:14 UTC"
"696070","Kendry Rojas","Minnesota Twins","L","pitcher","L",55,75,0.644204851752022,0.719703574542284,0.304150943396226,0.325405405405405,0.021254462009179,0.355,"Kendry Rojas is limiting left-handed batters more effectively","Estimated wOBA: 0.304 vs L, 0.325 vs R.","two_sided_opponent_hand_woba_gap_v1",24.3,469,"2026-09-15","2026-09-16 14:47:14 UTC"
"687473","Ryan Gusto","Miami Marlins","R","pitcher","R",201,148,0.75,0.747681988557901,0.325124378109453,0.323716216216216,0.001408161893237,0.597,"Ryan Gusto is limiting right-handed batters more effectively","Estimated wOBA: 0.325 vs L, 0.324 vs R.","two_sided_opponent_hand_woba_gap_v1",23.9,470,"2026-09-15","2026-09-16 14:47:14 UTC"
"681895","Evan Sisk","Pittsburgh Pirates","L","pitcher","L",92,95,0.630242996440179,0.702925531914894,0.301758241758242,0.313085106382979,0.011326864624737,0.479,"Evan Sisk is limiting left-handed batters more effectively","Estimated wOBA: 0.302 vs L, 0.313 vs R.","two_sided_opponent_hand_woba_gap_v1",23.9,470,"2026-09-15","2026-09-16 14:47:14 UTC"
"622554","Seranthony Domínguez","Seattle Mariners","R","pitcher","R",116,127,0.679956896551724,0.680719113650617,0.303565217391304,0.297244094488189,0.00632112290311498,0.537,"Seranthony Domínguez is limiting right-handed batters more effectively","Estimated wOBA: 0.304 vs L, 0.297 vs R.","two_sided_opponent_hand_woba_gap_v1",23.8,472,"2026-09-15","2026-09-16 14:47:14 UTC"
"571948","Hoby Milner","Seattle Mariners","L","pitcher","L",81,83,0.713888888888889,0.765404364569962,0.31125,0.325365853658537,0.014115853658537,0.448,"Hoby Milner is limiting left-handed batters more effectively","Estimated wOBA: 0.311 vs L, 0.325 vs R.","two_sided_opponent_hand_woba_gap_v1",23.7,473,"2026-09-15","2026-09-16 14:47:14 UTC"
"663558","Jovani Morán","Boston Red Sox","L","pitcher","R",109,153,0.616570509789085,0.588223214744083,0.271559633027523,0.264039735099338,0.00751989792818503,0.522,"Jovani Morán is limiting right-handed batters more effectively","Estimated wOBA: 0.272 vs L, 0.264 vs R.","two_sided_opponent_hand_woba_gap_v1",23.6,474,"2026-09-15","2026-09-16 14:47:14 UTC"
"694361","Will Klein","Los Angeles Dodgers","R","pitcher","L",95,94,0.697689345314506,0.712509612919764,0.309677419354839,0.31936170212766,0.00968428277282102,0.485,"Will Klein is limiting left-handed batters more effectively","Estimated wOBA: 0.310 vs L, 0.319 vs R.","two_sided_opponent_hand_woba_gap_v1",22.9,475,"2026-09-15","2026-09-16 14:47:14 UTC"
"606996","Kyle Hart","San Diego Padres","L","pitcher","R",121,138,0.665303959421606,0.633628101203635,0.28563025210084,0.282898550724638,0.00273170137620199,0.548,"Kyle Hart is limiting right-handed batters more effectively","Estimated wOBA: 0.286 vs L, 0.283 vs R.","two_sided_opponent_hand_woba_gap_v1",22.1,476,"2026-09-15","2026-09-16 14:47:14 UTC"
"676742","Cam Sanders","Baltimore Orioles","R","pitcher","R",67,56,0.678451178451178,0.618012422360248,0.313484848484848,0.295357142857143,0.018127705627705,0.359,"Cam Sanders is limiting right-handed batters more effectively","Estimated wOBA: 0.313 vs L, 0.295 vs R.","two_sided_opponent_hand_woba_gap_v1",22.1,476,"2026-09-15","2026-09-16 14:47:14 UTC"
"676477","Garrett Whitlock","Boston Red Sox","R","pitcher","R",103,83,0.503135113268608,0.495121951219512,0.222330097087379,0.21219512195122,0.010134975136159,0.454,"Garrett Whitlock is limiting right-handed batters more effectively","Estimated wOBA: 0.222 vs L, 0.212 vs R.","two_sided_opponent_hand_woba_gap_v1",21.9,478,"2026-09-15","2026-09-16 14:47:14 UTC"
"656464","Kevin Ginkel","Arizona Diamondbacks","R","pitcher","R",149,109,0.643923999187157,0.651552575864502,0.280202702702703,0.275504587155963,0.00469811554673999,0.522,"Kevin Ginkel is limiting right-handed batters more effectively","Estimated wOBA: 0.280 vs L, 0.276 vs R.","two_sided_opponent_hand_woba_gap_v1",21.8,479,"2026-09-15","2026-09-16 14:47:14 UTC"
"445276","Kenley Jansen","Detroit Tigers","R","pitcher","L",94,76,0.571467539552646,0.634524744697565,0.262978723404255,0.275394736842105,0.01241601343785,0.432,"Kenley Jansen is limiting left-handed batters more effectively","Estimated wOBA: 0.263 vs L, 0.275 vs R.","two_sided_opponent_hand_woba_gap_v1",21.7,480,"2026-09-15","2026-09-16 14:47:14 UTC"
"805326","Tyler Schweitzer","Chicago White Sox","L","pitcher","L",63,92,0.678787878787879,0.74447391688771,0.304285714285714,0.318901098901099,0.014615384615385,0.387,"Tyler Schweitzer is limiting left-handed batters more effectively","Estimated wOBA: 0.304 vs L, 0.319 vs R.","two_sided_opponent_hand_woba_gap_v1",21.1,481,"2026-09-15","2026-09-16 14:47:14 UTC"
"552640","Andrew Kittredge","Baltimore Orioles","R","pitcher","L",107,100,0.753237143914169,0.737849462365591,0.318396226415094,0.3229,0.004503773584906,0.5,"Andrew Kittredge is limiting left-handed batters more effectively","Estimated wOBA: 0.318 vs L, 0.323 vs R.","two_sided_opponent_hand_woba_gap_v1",20.2,482,"2026-09-15","2026-09-16 14:47:14 UTC"
"573204","Caleb Thielbar","Chicago Cubs","L","pitcher","R",84,112,0.782217477504957,0.7625,0.332650602409639,0.325045045045045,0.00760555736459401,0.457,"Caleb Thielbar is limiting right-handed batters more effectively","Estimated wOBA: 0.333 vs L, 0.325 vs R.","two_sided_opponent_hand_woba_gap_v1",19.9,483,"2026-09-15","2026-09-16 14:47:14 UTC"
"628452","Raisel Iglesias","Atlanta Braves","R","pitcher","R",127,99,0.651658927249478,0.629885814668423,0.282677165354331,0.278383838383838,0.00429332697049301,0.497,"Raisel Iglesias is limiting right-handed batters more effectively","Estimated wOBA: 0.283 vs L, 0.278 vs R.","two_sided_opponent_hand_woba_gap_v1",19.8,484,"2026-09-15","2026-09-16 14:47:14 UTC"
"683627","Anthony Molina","San Francisco Giants","R","pitcher","R",51,43,0.774117647058824,0.712581991651759,0.326862745098039,0.308139534883721,0.018723210214318,0.301,"Anthony Molina is limiting right-handed batters more effectively","Estimated wOBA: 0.327 vs L, 0.308 vs R.","two_sided_opponent_hand_woba_gap_v1",19.8,484,"2026-09-15","2026-09-16 14:47:14 UTC"
"701656","Logan Henderson","Milwaukee Brewers","R","pitcher","R",212,117,0.539903308009241,0.541108841993798,0.233317535545024,0.232478632478632,0.000838903066391977,0.539,"Logan Henderson is limiting right-handed batters more effectively","Estimated wOBA: 0.233 vs L, 0.232 vs R.","two_sided_opponent_hand_woba_gap_v1",19.7,486,"2026-09-15","2026-09-16 14:47:14 UTC"
"669620","Brady Basso","Athletics","L","pitcher","L",62,100,0.752153375937761,0.788085106382979,0.320327868852459,0.3331,0.012772131147541,0.383,"Brady Basso is limiting left-handed batters more effectively","Estimated wOBA: 0.320 vs L, 0.333 vs R.","two_sided_opponent_hand_woba_gap_v1",19.6,487,"2026-09-15","2026-09-16 14:47:14 UTC"
"669713","Hayden Wesneski","Houston Astros","R","pitcher","L",116,82,0.642725752508361,0.657547791694133,0.281304347826087,0.286951219512195,0.005646871686108,0.451,"Hayden Wesneski is limiting left-handed batters more effectively","Estimated wOBA: 0.281 vs L, 0.287 vs R.","two_sided_opponent_hand_woba_gap_v1",18.4,488,"2026-09-15","2026-09-16 14:47:14 UTC"
"663423","Trent Thornton","Chicago Cubs","R","pitcher","L",79,116,0.709594569803706,0.737571780147662,0.309620253164557,0.316228070175439,0.00660781701088203,0.441,"Trent Thornton is limiting left-handed batters more effectively","Estimated wOBA: 0.310 vs L, 0.316 vs R.","two_sided_opponent_hand_woba_gap_v1",18.3,489,"2026-09-15","2026-09-16 14:47:14 UTC"
"621121","Lance McCullers Jr.","Milwaukee Brewers","R","pitcher","R",119,77,0.823529411764706,0.794405594405594,0.355042016806723,0.348181818181818,0.006860198624905,0.435,"Lance McCullers Jr. is limiting right-handed batters more effectively","Estimated wOBA: 0.355 vs L, 0.348 vs R.","two_sided_opponent_hand_woba_gap_v1",18.2,490,"2026-09-15","2026-09-16 14:47:14 UTC"
"681867","Cooper Criswell","Seattle Mariners","R","pitcher","R",77,68,0.722857142857143,0.659392789373814,0.304933333333333,0.297058823529412,0.00787450980392101,0.405,"Cooper Criswell is limiting right-handed batters more effectively","Estimated wOBA: 0.305 vs L, 0.297 vs R.","two_sided_opponent_hand_woba_gap_v1",17.5,491,"2026-09-15","2026-09-16 14:47:14 UTC"
"683352","Mitch Bratt","Arizona Diamondbacks","L","pitcher","L",53,140,0.771274547554871,0.760869565217391,0.327169811320755,0.339202898550725,0.01203308722997,0.346,"Mitch Bratt is limiting left-handed batters more effectively","Estimated wOBA: 0.327 vs L, 0.339 vs R.","two_sided_opponent_hand_woba_gap_v1",17.4,492,"2026-09-15","2026-09-16 14:47:14 UTC"
"663568","Stephen Kolek","Kansas City Royals","R","pitcher","L",126,99,0.756132756132756,0.746464646464646,0.321666666666667,0.322727272727273,0.00106060606060598,0.497,"Stephen Kolek is limiting left-handed batters more effectively","Estimated wOBA: 0.322 vs L, 0.323 vs R.","two_sided_opponent_hand_woba_gap_v1",17.3,493,"2026-09-15","2026-09-16 14:47:14 UTC"
"668881","Hunter Greene","Cincinnati Reds","R","pitcher","L",74,47,0.712384025816862,0.775145067698259,0.312567567567568,0.325106382978723,0.012538815411155,0.32,"Hunter Greene is limiting left-handed batters more effectively","Estimated wOBA: 0.313 vs L, 0.325 vs R.","two_sided_opponent_hand_woba_gap_v1",16.2,494,"2026-09-15","2026-09-16 14:47:14 UTC"
"700363","AJ Smith-Shawver","Atlanta Braves","R","pitcher","L",72,53,0.828853046594982,0.844025157232704,0.356527777777778,0.366415094339623,0.00988731656184499,0.346,"AJ Smith-Shawver is limiting left-handed batters more effectively","Estimated wOBA: 0.357 vs L, 0.366 vs R.","two_sided_opponent_hand_woba_gap_v1",16.1,495,"2026-09-15","2026-09-16 14:47:14 UTC"
"694346","Trey Gibson","Baltimore Orioles","R","pitcher","L",94,68,0.854255319148936,0.89144385026738,0.375,0.380441176470588,0.00544117647058801,0.405,"Trey Gibson is limiting left-handed batters more effectively","Estimated wOBA: 0.375 vs L, 0.380 vs R.","two_sided_opponent_hand_woba_gap_v1",16,496,"2026-09-15","2026-09-16 14:47:14 UTC"
"642207","Devin Williams","New York Mets","R","pitcher","L",96,83,0.747368421052632,0.740853658536585,0.328421052631579,0.330121951219512,0.00170089858793299,0.454,"Devin Williams is limiting left-handed batters more effectively","Estimated wOBA: 0.328 vs L, 0.330 vs R.","two_sided_opponent_hand_woba_gap_v1",15.9,497,"2026-09-15","2026-09-16 14:47:14 UTC"
"547973","Aroldis Chapman","Boston Red Sox","L","pitcher","R",64,146,0.579365079365079,0.583554376657825,0.266666666666667,0.261379310344828,0.00528735632183902,0.39,"Aroldis Chapman is limiting right-handed batters more effectively","Estimated wOBA: 0.267 vs L, 0.261 vs R.","two_sided_opponent_hand_woba_gap_v1",15.1,498,"2026-09-15","2026-09-16 14:47:14 UTC"
"663460","Kris Bubic","Kansas City Royals","L","pitcher","L",51,156,0.612299465240642,0.631221719457014,0.275882352941176,0.284294871794872,0.00841251885369598,0.338,"Kris Bubic is limiting left-handed batters more effectively","Estimated wOBA: 0.276 vs L, 0.284 vs R.","two_sided_opponent_hand_woba_gap_v1",14.7,499,"2026-09-15","2026-09-16 14:47:14 UTC"
"695380","Alex Hoppe","Baltimore Orioles","R","pitcher","L",101,80,0.679411764705882,0.726666666666667,0.3091,0.310125,0.001025,0.444,"Alex Hoppe is limiting left-handed batters more effectively","Estimated wOBA: 0.309 vs L, 0.310 vs R.","two_sided_opponent_hand_woba_gap_v1",14.2,500,"2026-09-15","2026-09-16 14:47:14 UTC"
"671936","Adam Macko","Texas Rangers","L","pitcher","L",73,61,0.812644889357218,0.879886506935687,0.36027397260274,0.364833333333333,0.00455936073059299,0.379,"Adam Macko is limiting left-handed batters more effectively","Estimated wOBA: 0.360 vs L, 0.365 vs R.","two_sided_opponent_hand_woba_gap_v1",14,501,"2026-09-15","2026-09-16 14:47:14 UTC"
"682989","Victor Mederos","Atlanta Braves","R","pitcher","L",69,64,0.645563310069791,0.663377192982456,0.289558823529412,0.29375,0.00419117647058803,0.39,"Victor Mederos is limiting left-handed batters more effectively","Estimated wOBA: 0.290 vs L, 0.294 vs R.","two_sided_opponent_hand_woba_gap_v1",13.9,502,"2026-09-15","2026-09-16 14:47:14 UTC"
"607481","Aaron Bummer","Kansas City Royals","L","pitcher","R",44,44,1.09428032683847,1.08476658476658,0.454186046511628,0.445681818181818,0.00850422832981002,0.306,"Aaron Bummer is limiting right-handed batters more effectively","Estimated wOBA: 0.454 vs L, 0.446 vs R.","two_sided_opponent_hand_woba_gap_v1",13.5,503,"2026-09-15","2026-09-16 14:47:14 UTC"
"688158","David Morgan","San Diego Padres","R","pitcher","R",56,75,0.835016835016835,0.824760244115083,0.368490566037736,0.364459459459459,0.00403110657827699,0.359,"David Morgan is limiting right-handed batters more effectively","Estimated wOBA: 0.368 vs L, 0.364 vs R.","two_sided_opponent_hand_woba_gap_v1",12.2,504,"2026-09-15","2026-09-16 14:47:14 UTC"
"683175","Connor Phillips","Cincinnati Reds","R","pitcher","L",77,56,0.735930735930736,0.761363636363636,0.341038961038961,0.343035714285714,0.00199675324675302,0.359,"Connor Phillips is limiting left-handed batters more effectively","Estimated wOBA: 0.341 vs L, 0.343 vs R.","two_sided_opponent_hand_woba_gap_v1",11.3,505,"2026-09-15","2026-09-16 14:47:14 UTC"
"691946","George Klassen","Los Angeles Angels","R","pitcher","R",75,51,0.700512820512821,0.635706914344685,0.312133333333333,0.308627450980392,0.00350588235294097,0.338,"George Klassen is limiting right-handed batters more effectively","Estimated wOBA: 0.312 vs L, 0.309 vs R.","two_sided_opponent_hand_woba_gap_v1",10.8,506,"2026-09-15","2026-09-16 14:47:14 UTC"
"579328","Yusei Kikuchi","Los Angeles Angels","L","pitcher","R",58,178,0.793441514536849,0.808046393620877,0.343793103448276,0.342696629213483,0.00109647423479303,0.367,"Yusei Kikuchi is limiting right-handed batters more effectively","Estimated wOBA: 0.344 vs L, 0.343 vs R.","two_sided_opponent_hand_woba_gap_v1",10.7,507,"2026-09-15","2026-09-16 14:47:14 UTC"
"623465","Evan Phillips","Los Angeles Dodgers","R","pitcher","L",41,49,0.728580362726704,0.76530612244898,0.31219512195122,0.317551020408163,0.00535589845694301,0.291,"Evan Phillips is limiting left-handed batters more effectively","Estimated wOBA: 0.312 vs L, 0.318 vs R.","two_sided_opponent_hand_woba_gap_v1",10.3,508,"2026-09-15","2026-09-16 14:47:14 UTC"
"476594","Robert Stock","New York Mets","R","pitcher","L",96,52,0.786764705882353,0.767482517482518,0.347083333333333,0.348653846153846,0.00157051282051296,0.342,"Robert Stock is limiting left-handed batters more effectively","Estimated wOBA: 0.347 vs L, 0.349 vs R.","two_sided_opponent_hand_woba_gap_v1",10.2,509,"2026-09-15","2026-09-16 14:47:14 UTC"
"601713","Nick Pivetta","San Diego Padres","R","pitcher","R",55,45,0.543006993006993,0.53015873015873,0.239818181818182,0.235555555555556,0.00426262626262602,0.31,"Nick Pivetta is limiting right-handed batters more effectively","Estimated wOBA: 0.240 vs L, 0.236 vs R.","two_sided_opponent_hand_woba_gap_v1",10.1,510,"2026-09-15","2026-09-16 14:47:14 UTC"
"675989","Cody Bolton","Houston Astros","R","pitcher","R",52,43,0.806372549019608,0.878212974296206,0.367450980392157,0.364418604651163,0.00303237574099402,0.301,"Cody Bolton is limiting right-handed batters more effectively","Estimated wOBA: 0.367 vs L, 0.364 vs R.","two_sided_opponent_hand_woba_gap_v1",8.8,511,"2026-09-15","2026-09-16 14:47:14 UTC"
"641312","Shaun Anderson","Los Angeles Angels","R","pitcher","R",51,42,0.868372093023256,0.852130325814536,0.3762,0.373571428571429,0.00262857142857098,0.296,"Shaun Anderson is limiting right-handed batters more effectively","Estimated wOBA: 0.376 vs L, 0.374 vs R.","two_sided_opponent_hand_woba_gap_v1",8.4,512,"2026-09-15","2026-09-16 14:47:14 UTC"
"683742","Jose Franco","Cincinnati Reds","R","pitcher","R",49,43,0.812755102040816,0.848837209302326,0.358775510204082,0.357209302325581,0.00156620787850098,0.301,"Jose Franco is limiting right-handed batters more effectively","Estimated wOBA: 0.359 vs L, 0.357 vs R.","two_sided_opponent_hand_woba_gap_v1",8.1,513,"2026-09-15","2026-09-16 14:47:14 UTC"
