"pitcher_id","player_name","team","pitches","swings","whiffs","zone_pitches","out_of_zone_pitches","chases","zone_swings","zone_contact","swing_rate","zone_rate","whiff_rate","chase_rate","zone_contact_rate","discipline_method","source_through","generated_at_utc"
"445276","Kenley Jansen","Detroit Tigers",703,344,84,345,358,108,236,193,0.489331436699858,0.490753911806543,0.244186046511628,0.301675977653631,0.817796610169492,"pitch_level_pitcher_discipline_profile_v1","2026-09-19","2026-09-20 14:00:36 UTC"
"453286","Max Scherzer","Toronto Blue Jays",1254,621,114,586,668,218,403,358,0.495215311004785,0.467304625199362,0.183574879227053,0.326347305389222,0.88833746898263,"pitch_level_pitcher_discipline_profile_v1","2026-09-19","2026-09-20 14:00:36 UTC"
"476594","Robert Stock","New York Mets",560,275,64,278,282,80,195,168,0.491071428571429,0.496428571428571,0.232727272727273,0.283687943262411,0.861538461538462,"pitch_level_pitcher_discipline_profile_v1","2026-09-19","2026-09-20 14:00:36 UTC"
"489446","Kirby Yates","Pittsburgh Pirates",684,357,92,308,376,131,226,185,0.521929824561403,0.450292397660819,0.257703081232493,0.348404255319149,0.81858407079646,"pitch_level_pitcher_discipline_profile_v1","2026-09-19","2026-09-20 14:00:36 UTC"
"500779","Jose Quintana","Colorado Rockies",757,359,72,319,438,141,218,191,0.474240422721268,0.421400264200793,0.200557103064067,0.321917808219178,0.876146788990826,"pitch_level_pitcher_discipline_profile_v1","2026-09-19","2026-09-20 14:00:36 UTC"
"518585","Fernando Cruz","New York Yankees",944,412,154,399,545,160,252,200,0.436440677966102,0.422669491525424,0.37378640776699,0.293577981651376,0.793650793650794,"pitch_level_pitcher_discipline_profile_v1","2026-09-19","2026-09-20 14:00:36 UTC"
"518876","Merrill Kelly","Arizona Diamondbacks",2543,1246,247,1093,1450,504,742,664,0.489972473456547,0.429807314195832,0.198234349919743,0.347586206896552,0.894878706199461,"pitch_level_pitcher_discipline_profile_v1","2026-09-19","2026-09-20 14:00:36 UTC"
"518886","Craig Kimbrel","Kansas City Royals",776,372,79,337,439,126,246,212,0.479381443298969,0.434278350515464,0.212365591397849,0.287015945330296,0.861788617886179,"pitch_level_pitcher_discipline_profile_v1","2026-09-19","2026-09-20 14:00:36 UTC"
"519141","Drew Pomeranz","Chicago Cubs",478,238,38,238,240,64,174,155,0.497907949790795,0.497907949790795,0.159663865546218,0.266666666666667,0.890804597701149,"pitch_level_pitcher_discipline_profile_v1","2026-09-19","2026-09-20 14:00:36 UTC"
"519242","Chris Sale","Atlanta Braves",2477,1250,339,1226,1251,454,796,670,0.504642712959225,0.494953572870408,0.2712,0.36290967226219,0.841708542713568,"pitch_level_pitcher_discipline_profile_v1","2026-09-19","2026-09-20 14:00:36 UTC"
"527048","Martín Pérez","Atlanta Braves",2165,932,184,981,1184,325,607,534,0.430484988452656,0.453117782909931,0.197424892703863,0.274493243243243,0.879736408566722,"pitch_level_pitcher_discipline_profile_v1","2026-09-19","2026-09-20 14:00:36 UTC"
"542888","Shawn Armstrong","Cleveland Guardians",597,290,55,305,292,70,220,189,0.485762144053601,0.510887772194305,0.189655172413793,0.23972602739726,0.859090909090909,"pitch_level_pitcher_discipline_profile_v1","2026-09-19","2026-09-20 14:00:36 UTC"
"543037","Gerrit Cole","New York Yankees",1846,914,181,973,845,245,653,565,0.495124593716143,0.527085590465872,0.198030634573304,0.289940828402367,0.865237366003063,"pitch_level_pitcher_discipline_profile_v1","2026-09-19","2026-09-20 14:00:36 UTC"
"543056","Danny Coulombe","Boston Red Sox",386,170,26,178,208,53,117,101,0.440414507772021,0.461139896373057,0.152941176470588,0.254807692307692,0.863247863247863,"pitch_level_pitcher_discipline_profile_v1","2026-09-19","2026-09-20 14:00:36 UTC"
"543135","Nathan Eovaldi","Texas Rangers",2120,1103,306,1013,1107,403,700,583,0.520283018867924,0.477830188679245,0.277425203989121,0.364046973803071,0.832857142857143,"pitch_level_pitcher_discipline_profile_v1","2026-09-19","2026-09-20 14:00:36 UTC"
"543243","Sonny Gray","Boston Red Sox",2397,1136,244,1120,1277,421,715,657,0.47392574050897,0.467250730079266,0.214788732394366,0.329678935003915,0.918881118881119,"pitch_level_pitcher_discipline_profile_v1","2026-09-19","2026-09-20 14:00:36 UTC"
"544150","Albert Suárez","Baltimore Orioles",912,453,95,411,501,144,309,263,0.496710526315789,0.450657894736842,0.209713024282561,0.287425149700599,0.851132686084142,"pitch_level_pitcher_discipline_profile_v1","2026-09-19","2026-09-20 14:00:36 UTC"
"547179","Michael Lorenzen","Toronto Blue Jays",2400,1067,182,1163,1237,298,769,694,0.444583333333333,0.484583333333333,0.170571696344892,0.24090541632983,0.902470741222367,"pitch_level_pitcher_discipline_profile_v1","2026-09-19","2026-09-20 14:00:36 UTC"
"547973","Aroldis Chapman","Boston Red Sox",829,428,112,407,422,137,291,239,0.516284680337756,0.490952955367913,0.261682242990654,0.324644549763033,0.821305841924399,"pitch_level_pitcher_discipline_profile_v1","2026-09-19","2026-09-20 14:00:36 UTC"
"548384","Brooks Raley","Philadelphia Phillies",831,387,89,402,429,133,254,221,0.465703971119134,0.483754512635379,0.229974160206718,0.31002331002331,0.87007874015748,"pitch_level_pitcher_discipline_profile_v1","2026-09-19","2026-09-20 14:00:36 UTC"
"552640","Andrew Kittredge","Baltimore Orioles",701,374,79,346,355,141,233,213,0.533523537803138,0.49358059914408,0.211229946524064,0.397183098591549,0.914163090128755,"pitch_level_pitcher_discipline_profile_v1","2026-09-19","2026-09-20 14:00:36 UTC"
"554430","Zack Wheeler","Philadelphia Phillies",2451,1219,341,1030,1421,510,709,583,0.49734802121583,0.420236638106895,0.279737489745693,0.35890218156228,0.82228490832158,"pitch_level_pitcher_discipline_profile_v1","2026-09-19","2026-09-20 14:00:36 UTC"
"571510","Matthew Boyd","Chicago Cubs",1867,912,190,894,973,309,603,520,0.488484199250134,0.478843063738618,0.208333333333333,0.317574511819116,0.862354892205638,"pitch_level_pitcher_discipline_profile_v1","2026-09-19","2026-09-20 14:00:36 UTC"
"571578","Patrick Corbin","Toronto Blue Jays",1412,668,126,603,809,249,419,374,0.473087818696884,0.427053824362606,0.188622754491018,0.30778739184178,0.892601431980907,"pitch_level_pitcher_discipline_profile_v1","2026-09-19","2026-09-20 14:00:36 UTC"
"571927","Steven Matz","Tampa Bay Rays",1275,613,110,653,622,183,430,379,0.48078431372549,0.512156862745098,0.179445350734095,0.294212218649518,0.881395348837209,"pitch_level_pitcher_discipline_profile_v1","2026-09-19","2026-09-20 14:00:36 UTC"
"571945","Miles Mikolas","Washington Nationals",1827,885,107,949,878,249,636,586,0.48440065681445,0.519430760810071,0.12090395480226,0.283599088838269,0.921383647798742,"pitch_level_pitcher_discipline_profile_v1","2026-09-19","2026-09-20 14:00:36 UTC"
"571948","Hoby Milner","Seattle Mariners",632,287,43,319,313,90,197,174,0.454113924050633,0.504746835443038,0.149825783972125,0.287539936102236,0.883248730964467,"pitch_level_pitcher_discipline_profile_v1","2026-09-19","2026-09-20 14:00:36 UTC"
"572955","Pierce Johnson","Cincinnati Reds",803,371,78,396,407,137,234,206,0.462017434620174,0.493150684931507,0.210242587601078,0.336609336609337,0.88034188034188,"pitch_level_pitcher_discipline_profile_v1","2026-09-19","2026-09-20 14:00:36 UTC"
"573009","Joe Mantiply","Toronto Blue Jays",399,197,32,185,214,72,125,115,0.493734335839599,0.463659147869674,0.16243654822335,0.336448598130841,0.92,"pitch_level_pitcher_discipline_profile_v1","2026-09-19","2026-09-20 14:00:36 UTC"
"573124","Taylor Rogers","Minnesota Twins",1029,433,74,501,528,131,302,267,0.420796890184645,0.486880466472303,0.170900692840647,0.248106060606061,0.884105960264901,"pitch_level_pitcher_discipline_profile_v1","2026-09-19","2026-09-20 14:00:36 UTC"
"573204","Caleb Thielbar","Chicago Cubs",800,411,103,381,419,152,259,221,0.51375,0.47625,0.250608272506083,0.362768496420048,0.853281853281853,"pitch_level_pitcher_discipline_profile_v1","2026-09-19","2026-09-20 14:00:36 UTC"
"579328","Yusei Kikuchi","Los Angeles Angels",1024,495,104,524,500,130,365,316,0.4833984375,0.51171875,0.21010101010101,0.26,0.865753424657534,"pitch_level_pitcher_discipline_profile_v1","2026-09-19","2026-09-20 14:00:36 UTC"
"592094","Jason Adam","San Diego Padres",551,294,78,253,298,106,188,157,0.533575317604356,0.459165154264973,0.26530612244898,0.355704697986577,0.835106382978723,"pitch_level_pitcher_discipline_profile_v1","2026-09-19","2026-09-20 14:00:36 UTC"
"592155","Cam Booser","Tampa Bay Rays",537,296,72,276,261,88,208,180,0.5512104283054,0.513966480446927,0.243243243243243,0.337164750957854,0.865384615384615,"pitch_level_pitcher_discipline_profile_v1","2026-09-19","2026-09-20 14:00:36 UTC"
"592332","Kevin Gausman","Chicago Cubs",2902,1452,365,1330,1572,548,904,765,0.500344589937974,0.458304617505169,0.25137741046832,0.348600508905852,0.846238938053097,"pitch_level_pitcher_discipline_profile_v1","2026-09-19","2026-09-20 14:00:36 UTC"
"592662","Robbie Ray","San Diego Padres",2770,1277,291,1184,1586,445,832,723,0.46101083032491,0.427436823104693,0.227877838684417,0.280580075662043,0.868990384615385,"pitch_level_pitcher_discipline_profile_v1","2026-09-19","2026-09-20 14:00:36 UTC"
"592773","Ryne Stanek","St. Louis Cardinals",1047,513,137,468,579,174,339,275,0.489971346704871,0.446991404011461,0.267056530214425,0.300518134715026,0.811209439528024,"pitch_level_pitcher_discipline_profile_v1","2026-09-19","2026-09-20 14:00:36 UTC"
"592779","Brock Stewart","Los Angeles Dodgers",340,171,44,162,178,63,108,85,0.502941176470588,0.476470588235294,0.257309941520468,0.353932584269663,0.787037037037037,"pitch_level_pitcher_discipline_profile_v1","2026-09-19","2026-09-20 14:00:36 UTC"
"592791","Jameson Taillon","Toronto Blue Jays",1443,668,162,655,788,237,431,369,0.462924462924463,0.453915453915454,0.24251497005988,0.300761421319797,0.85614849187935,"pitch_level_pitcher_discipline_profile_v1","2026-09-19","2026-09-20 14:00:36 UTC"
"592836","Taijuan Walker","Philadelphia Phillies",424,191,26,197,227,60,131,120,0.450471698113208,0.464622641509434,0.136125654450262,0.26431718061674,0.916030534351145,"pitch_level_pitcher_discipline_profile_v1","2026-09-19","2026-09-20 14:00:36 UTC"
"592866","Trevor Williams","Texas Rangers",470,229,54,203,267,86,143,122,0.487234042553191,0.431914893617021,0.235807860262009,0.322097378277154,0.853146853146853,"pitch_level_pitcher_discipline_profile_v1","2026-09-19","2026-09-20 14:00:36 UTC"
"593958","Eduardo Rodriguez","Arizona Diamondbacks",2975,1440,283,1380,1595,483,957,831,0.484033613445378,0.463865546218487,0.196527777777778,0.30282131661442,0.86833855799373,"pitch_level_pitcher_discipline_profile_v1","2026-09-19","2026-09-20 14:00:36 UTC"
"593974","Wandy Peralta","San Diego Padres",1175,606,123,520,655,219,387,341,0.515744680851064,0.442553191489362,0.202970297029703,0.334351145038168,0.881136950904393,"pitch_level_pitcher_discipline_profile_v1","2026-09-19","2026-09-20 14:00:36 UTC"
"594027","Tyron Guerrero","Boston Red Sox",573,326,69,334,239,84,242,204,0.568935427574171,0.582897033158813,0.211656441717791,0.351464435146443,0.84297520661157,"pitch_level_pitcher_discipline_profile_v1","2026-09-19","2026-09-20 14:00:36 UTC"
"594580","Sam Moll","Cincinnati Reds",1073,452,96,484,589,149,303,261,0.421248835041938,0.451071761416589,0.212389380530973,0.252971137521222,0.861386138613861,"pitch_level_pitcher_discipline_profile_v1","2026-09-19","2026-09-20 14:00:36 UTC"
"594798","Jacob deGrom","Texas Rangers",2564,1321,417,1164,1400,494,827,678,0.515210608424337,0.453978159126365,0.315669947009841,0.352857142857143,0.819830713422007,"pitch_level_pitcher_discipline_profile_v1","2026-09-19","2026-09-20 14:00:36 UTC"
"595014","Blake Treinen","Los Angeles Dodgers",457,221,54,213,244,86,135,117,0.483588621444201,0.466083150984683,0.244343891402715,0.352459016393443,0.866666666666667,"pitch_level_pitcher_discipline_profile_v1","2026-09-19","2026-09-20 14:00:36 UTC"
"595345","Steven Okert","Houston Astros",1050,525,150,537,513,152,373,286,0.5,0.511428571428571,0.285714285714286,0.296296296296296,0.766756032171582,"pitch_level_pitcher_discipline_profile_v1","2026-09-19","2026-09-20 14:00:36 UTC"
"596001","Jakob Junis","Texas Rangers",779,365,63,404,375,115,250,223,0.468549422336329,0.518613607188703,0.172602739726027,0.306666666666667,0.892,"pitch_level_pitcher_discipline_profile_v1","2026-09-19","2026-09-20 14:00:36 UTC"
"596133","Luke Weaver","Pittsburgh Pirates",869,464,126,427,442,153,311,260,0.533947065592635,0.491369390103567,0.271551724137931,0.346153846153846,0.836012861736334,"pitch_level_pitcher_discipline_profile_v1","2026-09-19","2026-09-20 14:00:36 UTC"
"601713","Nick Pivetta","San Diego Padres",487,233,41,248,239,83,150,138,0.478439425051335,0.509240246406571,0.175965665236052,0.347280334728033,0.92,"pitch_level_pitcher_discipline_profile_v1","2026-09-19","2026-09-20 14:00:36 UTC"
"605130","Scott Barlow","Athletics",583,248,80,232,351,110,138,118,0.425385934819897,0.397941680960549,0.32258064516129,0.313390313390313,0.855072463768116,"pitch_level_pitcher_discipline_profile_v1","2026-09-19","2026-09-20 14:00:36 UTC"
"605135","Chris Bassitt","Baltimore Orioles",1641,756,146,797,844,216,540,472,0.460694698354662,0.485679463741621,0.193121693121693,0.255924170616114,0.874074074074074,"pitch_level_pitcher_discipline_profile_v1","2026-09-19","2026-09-20 14:00:36 UTC"
"605280","Clay Holmes","Chicago Cubs",1535,702,140,700,835,276,426,385,0.457328990228013,0.456026058631922,0.199430199430199,0.330538922155689,0.903755868544601,"pitch_level_pitcher_discipline_profile_v1","2026-09-19","2026-09-20 14:00:36 UTC"
"605288","Adrian Houser","San Francisco Giants",1730,801,129,850,880,228,573,520,0.463005780346821,0.491329479768786,0.161048689138577,0.259090909090909,0.907504363001745,"pitch_level_pitcher_discipline_profile_v1","2026-09-19","2026-09-20 14:00:36 UTC"
"605400","Aaron Nola","Philadelphia Phillies",2837,1312,333,1241,1596,535,777,673,0.462460345435319,0.437433909058865,0.253810975609756,0.335213032581454,0.866151866151866,"pitch_level_pitcher_discipline_profile_v1","2026-09-19","2026-09-20 14:00:36 UTC"
"605447","Jordan Romano","Colorado Rockies",602,275,77,277,325,107,168,146,0.456810631229236,0.460132890365449,0.28,0.329230769230769,0.869047619047619,"pitch_level_pitcher_discipline_profile_v1","2026-09-19","2026-09-20 14:00:36 UTC"
"605483","Blake Snell","Los Angeles Dodgers",664,329,108,274,390,157,172,137,0.495481927710843,0.412650602409639,0.328267477203647,0.402564102564103,0.796511627906977,"pitch_level_pitcher_discipline_profile_v1","2026-09-19","2026-09-20 14:00:36 UTC"
"605488","Jeffrey Springs","Athletics",2378,1100,225,1102,1276,380,720,624,0.462573591253154,0.463414634146341,0.204545454545455,0.297805642633229,0.866666666666667,"pitch_level_pitcher_discipline_profile_v1","2026-09-19","2026-09-20 14:00:36 UTC"
"605540","Brandon Woodruff","Milwaukee Brewers",638,326,72,336,302,104,222,195,0.510971786833856,0.526645768025078,0.220858895705521,0.344370860927152,0.878378378378378,"pitch_level_pitcher_discipline_profile_v1","2026-09-19","2026-09-20 14:00:36 UTC"
"606996","Kyle Hart","San Diego Padres",1037,451,94,502,535,148,303,271,0.434908389585342,0.484088717454195,0.208425720620843,0.276635514018692,0.894389438943894,"pitch_level_pitcher_discipline_profile_v1","2026-09-19","2026-09-20 14:00:36 UTC"
"607067","Colin Rea","Chicago Cubs",2187,1017,179,1036,1151,345,672,614,0.465020576131687,0.473708276177412,0.176007866273353,0.299739357080799,0.913690476190476,"pitch_level_pitcher_discipline_profile_v1","2026-09-19","2026-09-20 14:00:36 UTC"
"607074","Carlos Rodón","New York Yankees",1342,641,166,597,745,217,424,362,0.477645305514158,0.444858420268256,0.258970358814353,0.291275167785235,0.85377358490566,"pitch_level_pitcher_discipline_profile_v1","2026-09-19","2026-09-20 14:00:36 UTC"
"607192","Tyler Glasnow","Los Angeles Dodgers",1058,449,134,486,572,168,281,243,0.424385633270321,0.459357277882798,0.298440979955457,0.293706293706294,0.864768683274021,"pitch_level_pitcher_discipline_profile_v1","2026-09-19","2026-09-20 14:00:36 UTC"
"607200","Erick Fedde","Chicago White Sox",2349,998,175,1077,1272,307,691,608,0.424861643252448,0.458492975734355,0.175350701402806,0.241352201257862,0.879884225759768,"pitch_level_pitcher_discipline_profile_v1","2026-09-19","2026-09-20 14:00:36 UTC"
"607259","Nick Martinez","Tampa Bay Rays",2380,1210,193,1260,1120,357,853,775,0.508403361344538,0.529411764705882,0.159504132231405,0.31875,0.908558030480657,"pitch_level_pitcher_discipline_profile_v1","2026-09-19","2026-09-20 14:00:36 UTC"
"607455","Anthony Banda","Minnesota Twins",608,273,67,269,339,92,181,158,0.449013157894737,0.442434210526316,0.245421245421245,0.271386430678466,0.87292817679558,"pitch_level_pitcher_discipline_profile_v1","2026-09-19","2026-09-20 14:00:36 UTC"
"607481","Aaron Bummer","Kansas City Royals",328,154,29,164,164,45,109,100,0.469512195121951,0.5,0.188311688311688,0.274390243902439,0.917431192660551,"pitch_level_pitcher_discipline_profile_v1","2026-09-19","2026-09-20 14:00:36 UTC"
"607536","Kyle Freeland","Colorado Rockies",2056,1050,217,1021,1035,355,695,624,0.510700389105058,0.4965953307393,0.206666666666667,0.342995169082126,0.897841726618705,"pitch_level_pitcher_discipline_profile_v1","2026-09-19","2026-09-20 14:00:36 UTC"
"607625","Seth Lugo","Kansas City Royals",2786,1283,215,1443,1343,344,939,831,0.460516870064609,0.51794687724336,0.167575993764614,0.25614296351452,0.884984025559105,"pitch_level_pitcher_discipline_profile_v1","2026-09-19","2026-09-20 14:00:36 UTC"
"608331","Max Fried","New York Yankees",1599,737,168,747,852,256,481,413,0.460913070669168,0.467166979362101,0.227951153324288,0.300469483568075,0.858627858627859,"pitch_level_pitcher_discipline_profile_v1","2026-09-19","2026-09-20 14:00:36 UTC"
"608337","Lucas Giolito","San Diego Padres",551,225,52,256,295,56,169,141,0.408348457350272,0.464609800362976,0.231111111111111,0.189830508474576,0.834319526627219,"pitch_level_pitcher_discipline_profile_v1","2026-09-19","2026-09-20 14:00:36 UTC"
"608372","Tomoyuki Sugano","Colorado Rockies",2360,1113,192,1113,1247,343,770,703,0.471610169491525,0.471610169491525,0.172506738544474,0.275060144346431,0.912987012987013,"pitch_level_pitcher_discipline_profile_v1","2026-09-19","2026-09-20 14:00:36 UTC"
"608379","Michael Wacha","Kansas City Royals",2825,1371,264,1416,1409,410,961,844,0.485309734513274,0.501238938053097,0.192560175054705,0.290986515259049,0.878251821019771,"pitch_level_pitcher_discipline_profile_v1","2026-09-19","2026-09-20 14:00:36 UTC"
"608566","Germán Márquez","San Diego Padres",918,436,77,452,466,121,315,283,0.474945533769063,0.492374727668845,0.176605504587156,0.259656652360515,0.898412698412698,"pitch_level_pitcher_discipline_profile_v1","2026-09-19","2026-09-20 14:00:36 UTC"
"608718","Brent Suter","Atlanta Braves",1470,683,142,739,731,214,469,405,0.464625850340136,0.502721088435374,0.207906295754026,0.292749658002736,0.863539445628998,"pitch_level_pitcher_discipline_profile_v1","2026-09-19","2026-09-20 14:00:36 UTC"
"615698","Cal Quantrill","Texas Rangers",1669,803,134,812,857,259,544,489,0.481126423007789,0.486518873576992,0.166874221668742,0.302217036172695,0.898897058823529,"pitch_level_pitcher_discipline_profile_v1","2026-09-19","2026-09-20 14:00:36 UTC"
"621016","Jose Cuas","Kansas City Royals",407,193,47,171,236,75,118,97,0.474201474201474,0.42014742014742,0.243523316062176,0.317796610169492,0.822033898305085,"pitch_level_pitcher_discipline_profile_v1","2026-09-19","2026-09-20 14:00:36 UTC"
"621074","Michael Rucker","Seattle Mariners",686,319,76,326,360,117,202,174,0.465014577259475,0.475218658892128,0.238244514106583,0.325,0.861386138613861,"pitch_level_pitcher_discipline_profile_v1","2026-09-19","2026-09-20 14:00:36 UTC"
"621097","Jacob Waguespack","Detroit Tigers",620,289,65,301,319,88,201,169,0.466129032258065,0.485483870967742,0.224913494809689,0.275862068965517,0.840796019900497,"pitch_level_pitcher_discipline_profile_v1","2026-09-19","2026-09-20 14:00:36 UTC"
"621111","Walker Buehler","San Diego Padres",2446,1107,203,1176,1268,348,757,670,0.452575633687653,0.480784955028618,0.183378500451671,0.274447949526814,0.885072655217966,"pitch_level_pitcher_discipline_profile_v1","2026-09-19","2026-09-20 14:00:36 UTC"
"621112","Paul Blackburn","New York Yankees",1203,553,115,546,657,188,365,324,0.459684123025769,0.453865336658354,0.207956600361664,0.286149162861492,0.887671232876712,"pitch_level_pitcher_discipline_profile_v1","2026-09-19","2026-09-20 14:00:36 UTC"
"621121","Lance McCullers Jr.","Milwaukee Brewers",793,330,78,352,441,118,212,186,0.416141235813367,0.443883984867591,0.236363636363636,0.267573696145125,0.877358490566038,"pitch_level_pitcher_discipline_profile_v1","2026-09-19","2026-09-20 14:00:36 UTC"
"621237","José Alvarado","Philadelphia Phillies",1072,496,127,446,626,202,294,246,0.462686567164179,0.416044776119403,0.256048387096774,0.322683706070288,0.836734693877551,"pitch_level_pitcher_discipline_profile_v1","2026-09-19","2026-09-20 14:00:36 UTC"
"621242","Edwin Díaz","Los Angeles Dodgers",351,158,35,163,188,57,101,87,0.45014245014245,0.464387464387464,0.221518987341772,0.303191489361702,0.861386138613861,"pitch_level_pitcher_discipline_profile_v1","2026-09-19","2026-09-20 14:00:36 UTC"
"621345","A.J. Minter","Minnesota Twins",652,341,70,309,343,106,235,210,0.523006134969325,0.473926380368098,0.205278592375367,0.309037900874636,0.893617021276596,"pitch_level_pitcher_discipline_profile_v1","2026-09-19","2026-09-20 14:00:36 UTC"
"621366","Ryan Borucki","San Francisco Giants",380,188,50,179,201,62,126,102,0.494736842105263,0.471052631578947,0.265957446808511,0.308457711442786,0.80952380952381,"pitch_level_pitcher_discipline_profile_v1","2026-09-19","2026-09-20 14:00:36 UTC"
"621381","Matt Strahm","Kansas City Royals",633,315,63,326,307,98,217,187,0.497630331753554,0.515007898894155,0.2,0.319218241042345,0.861751152073733,"pitch_level_pitcher_discipline_profile_v1","2026-09-19","2026-09-20 14:00:36 UTC"
"621383","Tanner Banks","Philadelphia Phillies",623,309,63,312,311,97,212,180,0.495987158908507,0.500802568218299,0.203883495145631,0.311897106109325,0.849056603773585,"pitch_level_pitcher_discipline_profile_v1","2026-09-19","2026-09-20 14:00:36 UTC"
"622088","Tejay Antone","Cincinnati Reds",867,402,99,424,443,148,254,219,0.463667820069204,0.489042675893887,0.246268656716418,0.334085778781038,0.862204724409449,"pitch_level_pitcher_discipline_profile_v1","2026-09-19","2026-09-20 14:00:36 UTC"
"622491","Luis Castillo","Chicago White Sox",2335,1208,260,1133,1202,381,827,703,0.517344753747323,0.485224839400428,0.21523178807947,0.316971713810316,0.85006045949214,"pitch_level_pitcher_discipline_profile_v1","2026-09-19","2026-09-20 14:00:36 UTC"
"622554","Seranthony Domínguez","Seattle Mariners",1066,498,127,487,579,163,335,277,0.467166979362101,0.456848030018762,0.255020080321285,0.281519861830743,0.826865671641791,"pitch_level_pitcher_discipline_profile_v1","2026-09-19","2026-09-20 14:00:36 UTC"
"622608","Antonio Senzatela","Milwaukee Brewers",1130,559,113,551,579,179,380,330,0.494690265486726,0.487610619469027,0.202146690518784,0.309153713298791,0.868421052631579,"pitch_level_pitcher_discipline_profile_v1","2026-09-19","2026-09-20 14:00:36 UTC"
"622663","Luis Severino","Athletics",1086,517,101,521,565,177,340,297,0.476058931860037,0.479742173112339,0.195357833655706,0.313274336283186,0.873529411764706,"pitch_level_pitcher_discipline_profile_v1","2026-09-19","2026-09-20 14:00:36 UTC"
"623149","Paul Sewald","Toronto Blue Jays",814,421,95,420,394,130,291,245,0.517199017199017,0.515970515970516,0.225653206650831,0.32994923857868,0.84192439862543,"pitch_level_pitcher_discipline_profile_v1","2026-09-19","2026-09-20 14:00:36 UTC"
"623211","Huascar Brazobán","Chicago White Sox",981,483,117,469,512,159,324,274,0.492354740061162,0.478083588175331,0.242236024844721,0.310546875,0.845679012345679,"pitch_level_pitcher_discipline_profile_v1","2026-09-19","2026-09-20 14:00:36 UTC"
"623352","Josh Hader","Houston Astros",632,344,112,291,341,144,200,162,0.544303797468354,0.460443037974684,0.325581395348837,0.422287390029326,0.81,"pitch_level_pitcher_discipline_profile_v1","2026-09-19","2026-09-20 14:00:36 UTC"
"623437","Justin Topa","New York Yankees",414,181,27,194,220,57,124,112,0.43719806763285,0.468599033816425,0.149171270718232,0.259090909090909,0.903225806451613,"pitch_level_pitcher_discipline_profile_v1","2026-09-19","2026-09-20 14:00:36 UTC"
"623454","Drew Anderson","Detroit Tigers",1702,835,211,750,952,333,502,443,0.490599294947121,0.440658049353702,0.252694610778443,0.349789915966387,0.882470119521912,"pitch_level_pitcher_discipline_profile_v1","2026-09-19","2026-09-20 14:00:36 UTC"
"623465","Evan Phillips","Los Angeles Dodgers",383,183,38,194,189,63,120,108,0.477806788511749,0.506527415143603,0.207650273224044,0.333333333333333,0.9,"pitch_level_pitcher_discipline_profile_v1","2026-09-19","2026-09-20 14:00:36 UTC"
"623474","Jimmy Herget","Colorado Rockies",881,412,98,412,469,134,278,226,0.467650397275823,0.467650397275823,0.237864077669903,0.285714285714286,0.81294964028777,"pitch_level_pitcher_discipline_profile_v1","2026-09-19","2026-09-20 14:00:36 UTC"
"624133","Ranger Suarez","Boston Red Sox",2298,1037,213,1013,1285,405,632,561,0.451261966927763,0.440818102697998,0.205400192864031,0.315175097276265,0.887658227848101,"pitch_level_pitcher_discipline_profile_v1","2026-09-19","2026-09-20 14:00:36 UTC"
"625643","Reynaldo López","Atlanta Braves",1369,623,130,646,723,197,426,380,0.455076698319942,0.471877282688093,0.208667736757624,0.272475795297372,0.892018779342723,"pitch_level_pitcher_discipline_profile_v1","2026-09-19","2026-09-20 14:00:36 UTC"
"628452","Raisel Iglesias","Atlanta Braves",888,464,124,441,447,174,290,235,0.522522522522523,0.496621621621622,0.267241379310345,0.389261744966443,0.810344827586207,"pitch_level_pitcher_discipline_profile_v1","2026-09-19","2026-09-20 14:00:36 UTC"
"640448","Kyle Finnegan","Detroit Tigers",1062,504,120,498,564,157,347,298,0.474576271186441,0.468926553672316,0.238095238095238,0.278368794326241,0.858789625360231,"pitch_level_pitcher_discipline_profile_v1","2026-09-19","2026-09-20 14:00:36 UTC"
"640455","Sean Manaea","New York Mets",2294,1153,234,1188,1106,346,807,700,0.502615518744551,0.517872711421098,0.20294882914137,0.312839059674503,0.867410161090459,"pitch_level_pitcher_discipline_profile_v1","2026-09-19","2026-09-20 14:00:36 UTC"
"641302","Tyler Alexander","Texas Rangers",1119,520,107,525,594,185,335,288,0.464700625558534,0.46916890080429,0.205769230769231,0.311447811447811,0.859701492537313,"pitch_level_pitcher_discipline_profile_v1","2026-09-19","2026-09-20 14:00:36 UTC"
"641312","Shaun Anderson","Los Angeles Angels",351,158,40,165,186,52,106,87,0.45014245014245,0.47008547008547,0.253164556962025,0.279569892473118,0.820754716981132,"pitch_level_pitcher_discipline_profile_v1","2026-09-19","2026-09-20 14:00:36 UTC"
"641329","Bryan Baker","Tampa Bay Rays",946,497,121,462,484,174,323,261,0.525369978858351,0.488372093023256,0.243460764587525,0.359504132231405,0.808049535603715,"pitch_level_pitcher_discipline_profile_v1","2026-09-19","2026-09-20 14:00:36 UTC"
"641743","Anthony Kay","Chicago White Sox",2649,1242,268,1172,1477,478,764,674,0.46885617214043,0.442431106077765,0.215780998389694,0.323628977657414,0.882198952879581,"pitch_level_pitcher_discipline_profile_v1","2026-09-19","2026-09-20 14:00:36 UTC"
"641745","Brad Keller","Philadelphia Phillies",533,240,49,244,289,81,159,140,0.450281425891182,0.457786116322702,0.204166666666667,0.280276816608997,0.880503144654088,"pitch_level_pitcher_discipline_profile_v1","2026-09-19","2026-09-20 14:00:36 UTC"
"641755","Tyler Kinley","Detroit Tigers",885,391,102,413,472,126,265,221,0.44180790960452,0.466666666666667,0.260869565217391,0.266949152542373,0.833962264150943,"pitch_level_pitcher_discipline_profile_v1","2026-09-19","2026-09-20 14:00:36 UTC"
"641778","Eric Lauer","Los Angeles Dodgers",1814,942,145,866,948,314,628,560,0.519294377067255,0.477398015435502,0.153927813163482,0.331223628691983,0.89171974522293,"pitch_level_pitcher_discipline_profile_v1","2026-09-19","2026-09-20 14:00:36 UTC"
"641793","Zack Littell","Arizona Diamondbacks",1977,991,145,976,1001,303,688,621,0.501264542235711,0.493677288821447,0.146316851664985,0.302697302697303,0.902616279069767,"pitch_level_pitcher_discipline_profile_v1","2026-09-19","2026-09-20 14:00:36 UTC"
"641816","Tyler Mahle","Atlanta Braves",2311,1062,228,1081,1230,359,703,608,0.45954132410212,0.467762873215058,0.214689265536723,0.291869918699187,0.864864864864865,"pitch_level_pitcher_discipline_profile_v1","2026-09-19","2026-09-20 14:00:36 UTC"
"641835","Tim Mayza","Philadelphia Phillies",1049,475,101,507,542,147,328,283,0.452812202097235,0.483317445185891,0.212631578947368,0.271217712177122,0.86280487804878,"pitch_level_pitcher_discipline_profile_v1","2026-09-19","2026-09-20 14:00:36 UTC"
"641927","Bailey Ober","Minnesota Twins",1982,974,181,975,1007,297,677,593,0.491422805247225,0.491927346115035,0.185831622176591,0.29493545183714,0.875923190546529,"pitch_level_pitcher_discipline_profile_v1","2026-09-19","2026-09-20 14:00:36 UTC"
"641941","Emilio Pagán","Cincinnati Reds",650,332,73,312,338,101,231,201,0.510769230769231,0.48,0.219879518072289,0.298816568047337,0.87012987012987,"pitch_level_pitcher_discipline_profile_v1","2026-09-19","2026-09-20 14:00:36 UTC"
"642048","Tayler Saucedo","Los Angeles Angels",313,148,51,139,174,55,93,74,0.472843450479233,0.44408945686901,0.344594594594595,0.316091954022989,0.795698924731183,"pitch_level_pitcher_discipline_profile_v1","2026-09-19","2026-09-20 14:00:36 UTC"
"642100","Gabe Speier","Seattle Mariners",674,348,75,359,315,99,249,211,0.516320474777448,0.532640949554896,0.21551724137931,0.314285714285714,0.847389558232932,"pitch_level_pitcher_discipline_profile_v1","2026-09-19","2026-09-20 14:00:36 UTC"
"642121","Cole Sulser","Tampa Bay Rays",863,442,111,366,497,176,266,227,0.512166859791425,0.424101969872538,0.251131221719457,0.354124748490946,0.853383458646617,"pitch_level_pitcher_discipline_profile_v1","2026-09-19","2026-09-20 14:00:36 UTC"
"642207","Devin Williams","New York Mets",728,370,119,310,418,163,207,155,0.508241758241758,0.425824175824176,0.321621621621622,0.389952153110048,0.748792270531401,"pitch_level_pitcher_discipline_profile_v1","2026-09-19","2026-09-20 14:00:36 UTC"
"642232","Ryan Yarbrough","New York Yankees",989,466,100,497,492,136,330,271,0.47118301314459,0.50252780586451,0.214592274678112,0.276422764227642,0.821212121212121,"pitch_level_pitcher_discipline_profile_v1","2026-09-19","2026-09-20 14:00:36 UTC"
"642397","Gregory Soto","Pittsburgh Pirates",1106,478,128,493,613,185,293,249,0.432188065099458,0.445750452079566,0.267782426778243,0.301794453507341,0.849829351535836,"pitch_level_pitcher_discipline_profile_v1","2026-09-19","2026-09-20 14:00:36 UTC"
"642528","Jonathan Loáisiga","Arizona Diamondbacks",900,475,99,433,467,167,308,265,0.527777777777778,0.481111111111111,0.208421052631579,0.357601713062098,0.86038961038961,"pitch_level_pitcher_discipline_profile_v1","2026-09-19","2026-09-20 14:00:36 UTC"
"642546","Jonathan Hernández","Los Angeles Dodgers",413,181,32,195,218,58,123,112,0.438256658595642,0.472154963680387,0.176795580110497,0.26605504587156,0.910569105691057,"pitch_level_pitcher_discipline_profile_v1","2026-09-19","2026-09-20 14:00:36 UTC"
"642547","Freddy Peralta","Tampa Bay Rays",2866,1368,321,1214,1652,516,852,712,0.477320307048151,0.423586880669923,0.234649122807018,0.312348668280872,0.835680751173709,"pitch_level_pitcher_discipline_profile_v1","2026-09-19","2026-09-20 14:00:36 UTC"
"642701","Dennis Santana","Arizona Diamondbacks",871,423,99,393,478,159,264,229,0.48564867967853,0.451205510907003,0.234042553191489,0.332635983263598,0.867424242424242,"pitch_level_pitcher_discipline_profile_v1","2026-09-19","2026-09-20 14:00:36 UTC"
"643377","Griffin Jax","Tampa Bay Rays",1602,775,214,721,877,309,466,390,0.483770287141074,0.450062421972534,0.276129032258065,0.352337514253136,0.836909871244635,"pitch_level_pitcher_discipline_profile_v1","2026-09-19","2026-09-20 14:00:36 UTC"
"643410","Mark Leiter Jr.","Athletics",551,254,75,249,302,102,152,130,0.460980036297641,0.451905626134301,0.295275590551181,0.337748344370861,0.855263157894737,"pitch_level_pitcher_discipline_profile_v1","2026-09-19","2026-09-20 14:00:36 UTC"
"643511","Tyler Rogers","Toronto Blue Jays",978,486,63,546,432,115,371,344,0.496932515337423,0.558282208588957,0.12962962962963,0.266203703703704,0.92722371967655,"pitch_level_pitcher_discipline_profile_v1","2026-09-19","2026-09-20 14:00:36 UTC"
"645261","Sandy Alcantara","Miami Marlins",3174,1602,295,1607,1567,484,1118,982,0.504725897920605,0.506301197227473,0.18414481897628,0.308870453095086,0.878354203935599,"pitch_level_pitcher_discipline_profile_v1","2026-09-19","2026-09-20 14:00:36 UTC"
"646241","Enmanuel De Jesus","Detroit Tigers",669,318,72,340,329,97,221,193,0.475336322869955,0.508221225710015,0.226415094339623,0.29483282674772,0.873303167420814,"pitch_level_pitcher_discipline_profile_v1","2026-09-19","2026-09-20 14:00:36 UTC"
"647336","Michael Soroka","Arizona Diamondbacks",1669,828,162,792,877,294,534,479,0.496105452366687,0.474535650089874,0.195652173913043,0.335233751425314,0.897003745318352,"pitch_level_pitcher_discipline_profile_v1","2026-09-19","2026-09-20 14:00:36 UTC"
"650556","Bryan Abreu","Houston Astros",1061,444,141,459,602,164,280,228,0.418473138548539,0.432610744580584,0.317567567567568,0.272425249169435,0.814285714285714,"pitch_level_pitcher_discipline_profile_v1","2026-09-19","2026-09-20 14:00:36 UTC"
"650633","Michael King","San Diego Padres",2900,1346,299,1352,1548,471,875,745,0.464137931034483,0.466206896551724,0.222139673105498,0.304263565891473,0.851428571428571,"pitch_level_pitcher_discipline_profile_v1","2026-09-19","2026-09-20 14:00:36 UTC"
"650644","Aaron Civale","Chicago Cubs",1828,846,155,906,922,288,558,496,0.462800875273523,0.49562363238512,0.183215130023641,0.31236442516269,0.888888888888889,"pitch_level_pitcher_discipline_profile_v1","2026-09-19","2026-09-20 14:00:36 UTC"
"650911","Cristopher Sánchez","Philadelphia Phillies",2960,1487,440,1377,1583,573,914,756,0.502364864864865,0.465202702702703,0.295897780766644,0.36197094125079,0.827133479212254,"pitch_level_pitcher_discipline_profile_v1","2026-09-19","2026-09-20 14:00:36 UTC"
"650960","Daniel Duarte","New York Mets",463,244,48,223,240,94,150,130,0.526997840172786,0.481641468682505,0.19672131147541,0.391666666666667,0.866666666666667,"pitch_level_pitcher_discipline_profile_v1","2026-09-19","2026-09-20 14:00:36 UTC"
"656222","Jalen Beeks","Texas Rangers",407,192,43,213,194,55,137,121,0.471744471744472,0.523341523341523,0.223958333333333,0.283505154639175,0.883211678832117,"pitch_level_pitcher_discipline_profile_v1","2026-09-19","2026-09-20 14:00:36 UTC"
"656234","Jake Bird","Washington Nationals",679,280,72,343,336,80,200,156,0.412371134020619,0.505154639175258,0.257142857142857,0.238095238095238,0.78,"pitch_level_pitcher_discipline_profile_v1","2026-09-19","2026-09-20 14:00:36 UTC"
"656240","Scott Blewett","Athletics",512,273,69,223,289,105,168,144,0.533203125,0.435546875,0.252747252747253,0.363321799307958,0.857142857142857,"pitch_level_pitcher_discipline_profile_v1","2026-09-19","2026-09-20 14:00:36 UTC"
"656271","Brock Burke","Cincinnati Reds",1147,523,129,547,600,166,357,293,0.455972101133391,0.476896251089799,0.246653919694073,0.276666666666667,0.820728291316527,"pitch_level_pitcher_discipline_profile_v1","2026-09-19","2026-09-20 14:00:36 UTC"
"656288","Griffin Canning","San Diego Padres",1438,649,156,648,790,212,437,380,0.451321279554937,0.450625869262865,0.240369799691834,0.268354430379747,0.869565217391304,"pitch_level_pitcher_discipline_profile_v1","2026-09-19","2026-09-20 14:00:36 UTC"
"656302","Dylan Cease","Toronto Blue Jays",2893,1327,403,1229,1664,529,798,636,0.458693397856896,0.424818527480124,0.303692539562924,0.317908653846154,0.796992481203007,"pitch_level_pitcher_discipline_profile_v1","2026-09-19","2026-09-20 14:00:36 UTC"
"656427","Jack Flaherty","Detroit Tigers",1639,739,183,730,909,251,488,410,0.450884685784015,0.445393532641855,0.247631935047361,0.276127612761276,0.840163934426229,"pitch_level_pitcher_discipline_profile_v1","2026-09-19","2026-09-20 14:00:36 UTC"
"656464","Kevin Ginkel","Arizona Diamondbacks",1047,525,144,466,581,210,315,275,0.501432664756447,0.445081184336199,0.274285714285714,0.36144578313253,0.873015873015873,"pitch_level_pitcher_discipline_profile_v1","2026-09-19","2026-09-20 14:00:36 UTC"
"656492","Foster Griffin","Cleveland Guardians",2750,1325,269,1314,1436,455,870,761,0.481818181818182,0.477818181818182,0.203018867924528,0.316852367688022,0.874712643678161,"pitch_level_pitcher_discipline_profile_v1","2026-09-19","2026-09-20 14:00:36 UTC"
"656529","Sam Hentges","San Francisco Giants",617,266,67,280,337,86,180,160,0.431118314424635,0.453808752025932,0.25187969924812,0.255192878338279,0.888888888888889,"pitch_level_pitcher_discipline_profile_v1","2026-09-19","2026-09-20 14:00:36 UTC"
"656546","Jeff Hoffman","Minnesota Twins",1187,592,204,506,681,257,335,273,0.498736310025274,0.426284751474305,0.344594594594595,0.377386196769457,0.814925373134328,"pitch_level_pitcher_discipline_profile_v1","2026-09-19","2026-09-20 14:00:36 UTC"
"656550","Grant Holmes","Atlanta Braves",2328,1135,290,1052,1276,410,725,639,0.48754295532646,0.451890034364261,0.255506607929515,0.321316614420063,0.881379310344828,"pitch_level_pitcher_discipline_profile_v1","2026-09-19","2026-09-20 14:00:36 UTC"
"656605","Mitch Keller","Pittsburgh Pirates",1887,894,167,916,971,285,609,542,0.473767885532591,0.485426603073662,0.186800894854586,0.29351184346035,0.889983579638752,"pitch_level_pitcher_discipline_profile_v1","2026-09-19","2026-09-20 14:00:36 UTC"
"656638","Alex Lange","Kansas City Royals",1076,506,134,483,593,180,326,288,0.470260223048327,0.448884758364312,0.264822134387352,0.3035413153457,0.883435582822086,"pitch_level_pitcher_discipline_profile_v1","2026-09-19","2026-09-20 14:00:36 UTC"
"656641","Jacob Latz","Texas Rangers",1091,574,164,517,574,205,369,290,0.526122823098075,0.473877176901925,0.285714285714286,0.357142857142857,0.785907859078591,"pitch_level_pitcher_discipline_profile_v1","2026-09-19","2026-09-20 14:00:36 UTC"
"656730","Trevor Megill","Milwaukee Brewers",843,453,131,425,418,161,292,251,0.537366548042705,0.504151838671412,0.289183222958057,0.385167464114833,0.85958904109589,"pitch_level_pitcher_discipline_profile_v1","2026-09-19","2026-09-20 14:00:36 UTC"
"656756","Jordan Montgomery","Texas Rangers",357,168,32,166,191,59,109,96,0.470588235294118,0.464985994397759,0.19047619047619,0.308900523560209,0.880733944954128,"pitch_level_pitcher_discipline_profile_v1","2026-09-19","2026-09-20 14:00:36 UTC"
"656794","Sean Newcomb","Chicago White Sox",1408,636,129,712,696,185,451,389,0.451704545454545,0.505681818181818,0.202830188679245,0.265804597701149,0.862527716186253,"pitch_level_pitcher_discipline_profile_v1","2026-09-19","2026-09-20 14:00:36 UTC"
"656848","Michael Petersen","Miami Marlins",1072,539,138,508,564,187,352,283,0.502798507462687,0.473880597014925,0.256029684601113,0.331560283687943,0.803977272727273,"pitch_level_pitcher_discipline_profile_v1","2026-09-19","2026-09-20 14:00:36 UTC"
"656849","David Peterson","Chicago Cubs",2302,1061,219,1073,1229,355,706,621,0.460903562119896,0.46611642050391,0.206409048067861,0.288852725793328,0.879603399433428,"pitch_level_pitcher_discipline_profile_v1","2026-09-19","2026-09-20 14:00:36 UTC"
"656876","Drew Rasmussen","Tampa Bay Rays",2545,1279,286,1269,1276,422,857,746,0.502554027504912,0.498624754420432,0.223612197028929,0.330721003134796,0.870478413068845,"pitch_level_pitcher_discipline_profile_v1","2026-09-19","2026-09-20 14:00:36 UTC"
"656945","Tanner Scott","Los Angeles Dodgers",914,515,164,457,457,189,326,255,0.563457330415755,0.5,0.318446601941748,0.413566739606127,0.782208588957055,"pitch_level_pitcher_discipline_profile_v1","2026-09-19","2026-09-20 14:00:36 UTC"
"656986","Bennett Sousa","Houston Astros",475,232,72,245,230,77,155,132,0.488421052631579,0.515789473684211,0.310344827586207,0.334782608695652,0.851612903225806,"pitch_level_pitcher_discipline_profile_v1","2026-09-19","2026-09-20 14:00:36 UTC"
"657044","Ryan Thompson","Arizona Diamondbacks",654,318,58,311,343,123,195,174,0.486238532110092,0.475535168195719,0.182389937106918,0.358600583090379,0.892307692307692,"pitch_level_pitcher_discipline_profile_v1","2026-09-19","2026-09-20 14:00:36 UTC"
"657097","Jacob Webb","Chicago Cubs",1098,550,174,536,562,186,364,267,0.500910746812386,0.48816029143898,0.316363636363636,0.330960854092527,0.733516483516483,"pitch_level_pitcher_discipline_profile_v1","2026-09-19","2026-09-20 14:00:36 UTC"
"657277","Logan Webb","San Francisco Giants",2488,1184,229,1164,1324,435,749,662,0.47588424437299,0.467845659163987,0.193412162162162,0.328549848942598,0.883845126835781,"pitch_level_pitcher_discipline_profile_v1","2026-09-19","2026-09-20 14:00:36 UTC"
"657424","Matt Gage","San Francisco Giants",526,250,52,198,328,112,138,130,0.475285171102662,0.376425855513308,0.208,0.341463414634146,0.942028985507246,"pitch_level_pitcher_discipline_profile_v1","2026-09-19","2026-09-20 14:00:36 UTC"
"657514","Brennan Bernardino","Colorado Rockies",988,454,95,479,509,128,326,277,0.459514170040486,0.484817813765182,0.209251101321586,0.25147347740668,0.849693251533742,"pitch_level_pitcher_discipline_profile_v1","2026-09-19","2026-09-20 14:00:36 UTC"
"657571","Caleb Ferguson","St. Louis Cardinals",587,269,46,297,290,80,189,169,0.458262350936968,0.505962521294719,0.171003717472119,0.275862068965517,0.894179894179894,"pitch_level_pitcher_discipline_profile_v1","2026-09-19","2026-09-20 14:00:36 UTC"
"657612","Tim Hill","New York Yankees",789,389,45,425,364,102,287,265,0.493029150823828,0.538656527249683,0.115681233933162,0.28021978021978,0.923344947735192,"pitch_level_pitcher_discipline_profile_v1","2026-09-19","2026-09-20 14:00:36 UTC"
"657746","Joe Ryan","Minnesota Twins",2338,1170,270,1193,1145,369,801,674,0.500427715996578,0.510265183917879,0.230769230769231,0.322270742358079,0.841448189762796,"pitch_level_pitcher_discipline_profile_v1","2026-09-19","2026-09-20 14:00:36 UTC"
"657756","Connor Seabold","Kansas City Royals",468,223,36,220,248,77,146,130,0.476495726495726,0.47008547008547,0.161434977578475,0.310483870967742,0.89041095890411,"pitch_level_pitcher_discipline_profile_v1","2026-09-19","2026-09-20 14:00:36 UTC"
"660271","Shohei Ohtani","Los Angeles Dodgers",1335,634,181,671,664,199,435,357,0.474906367041198,0.502621722846442,0.285488958990536,0.299698795180723,0.820689655172414,"pitch_level_pitcher_discipline_profile_v1","2026-09-19","2026-09-20 14:00:36 UTC"
"660604","Alan Rangel","Philadelphia Phillies",491,246,56,231,260,87,159,134,0.5010183299389,0.470468431771894,0.227642276422764,0.334615384615385,0.842767295597484,"pitch_level_pitcher_discipline_profile_v1","2026-09-19","2026-09-20 14:00:36 UTC"
"660761","José Suarez","Athletics",1069,521,133,472,597,192,329,277,0.487371375116932,0.441534144059869,0.255278310940499,0.321608040201005,0.841945288753799,"pitch_level_pitcher_discipline_profile_v1","2026-09-19","2026-09-20 14:00:36 UTC"
"660787","Yerry De los Santos","New York Yankees",317,154,25,176,141,31,123,110,0.485804416403785,0.555205047318612,0.162337662337662,0.219858156028369,0.894308943089431,"pitch_level_pitcher_discipline_profile_v1","2026-09-19","2026-09-20 14:00:36 UTC"
"660825","Eduard Bazardo","Seattle Mariners",1061,480,96,568,493,131,349,309,0.452403393025448,0.535344015080113,0.2,0.265720081135903,0.885386819484241,"pitch_level_pitcher_discipline_profile_v1","2026-09-19","2026-09-20 14:00:36 UTC"
"660853","Enyel De Los Santos","Houston Astros",1153,621,158,560,593,198,423,340,0.538594969644406,0.485689505637467,0.254428341384863,0.33389544688027,0.803782505910166,"pitch_level_pitcher_discipline_profile_v1","2026-09-19","2026-09-20 14:00:36 UTC"
"661395","Jhoan Duran","Philadelphia Phillies",896,473,158,416,480,166,307,239,0.527901785714286,0.464285714285714,0.334038054968288,0.345833333333333,0.778501628664495,"pitch_level_pitcher_discipline_profile_v1","2026-09-19","2026-09-20 14:00:36 UTC"
"661563","Luis Gil","New York Yankees",440,185,30,200,240,61,124,112,0.420454545454545,0.454545454545455,0.162162162162162,0.254166666666667,0.903225806451613,"pitch_level_pitcher_discipline_profile_v1","2026-09-19","2026-09-20 14:00:36 UTC"
"662253","Andrés Muñoz","Seattle Mariners",942,451,171,403,539,200,251,204,0.478768577494692,0.427813163481953,0.379157427937916,0.371057513914657,0.812749003984064,"pitch_level_pitcher_discipline_profile_v1","2026-09-19","2026-09-20 14:00:36 UTC"
"663158","Robert Suarez","Atlanta Braves",466,250,57,206,260,101,149,130,0.536480686695279,0.44206008583691,0.228,0.388461538461538,0.87248322147651,"pitch_level_pitcher_discipline_profile_v1","2026-09-19","2026-09-20 14:00:36 UTC"
"663362","Matt Waldron","Washington Nationals",690,342,55,350,340,107,235,210,0.495652173913044,0.507246376811594,0.160818713450292,0.314705882352941,0.893617021276596,"pitch_level_pitcher_discipline_profile_v1","2026-09-19","2026-09-20 14:00:36 UTC"
"663372","Ryan Feltner","Colorado Rockies",1924,941,205,969,955,258,683,598,0.489085239085239,0.503638253638254,0.217853347502657,0.270157068062827,0.875549048316252,"pitch_level_pitcher_discipline_profile_v1","2026-09-19","2026-09-20 14:00:36 UTC"
"663423","Trent Thornton","Chicago Cubs",714,349,69,341,368,114,233,205,0.488795518207283,0.477591036414566,0.197707736389685,0.309782608695652,0.879828326180258,"pitch_level_pitcher_discipline_profile_v1","2026-09-19","2026-09-20 14:00:36 UTC"
"663436","Davis Martin","Chicago White Sox",2254,1091,228,1050,1173,374,702,623,0.484028393966282,0.46583850931677,0.208982584784601,0.318840579710145,0.887464387464387,"pitch_level_pitcher_discipline_profile_v1","2026-09-19","2026-09-20 14:00:36 UTC"
"663460","Kris Bubic","Los Angeles Dodgers",844,402,95,400,444,130,272,233,0.476303317535545,0.4739336492891,0.236318407960199,0.292792792792793,0.856617647058823,"pitch_level_pitcher_discipline_profile_v1","2026-09-19","2026-09-20 14:00:36 UTC"
"663542","Bryan Hudson","Chicago White Sox",1013,486,104,575,438,111,375,311,0.479763079960513,0.567620927936821,0.213991769547325,0.253424657534247,0.829333333333333,"pitch_level_pitcher_discipline_profile_v1","2026-09-19","2026-09-20 14:00:36 UTC"
"663554","Casey Mize","San Diego Padres",2012,957,209,968,1044,305,652,557,0.475646123260437,0.481113320079523,0.218390804597701,0.292145593869732,0.854294478527607,"pitch_level_pitcher_discipline_profile_v1","2026-09-19","2026-09-20 14:00:36 UTC"
"663556","Shane McClanahan","Tampa Bay Rays",1830,888,218,896,934,295,593,509,0.485245901639344,0.489617486338798,0.245495495495495,0.315845824411135,0.858347386172007,"pitch_level_pitcher_discipline_profile_v1","2026-09-19","2026-09-20 14:00:36 UTC"
"663558","Jovani Morán","Boston Red Sox",1028,472,140,482,546,157,315,252,0.459143968871595,0.468871595330739,0.296610169491525,0.287545787545788,0.8,"pitch_level_pitcher_discipline_profile_v1","2026-09-19","2026-09-20 14:00:36 UTC"
"663567","Peter Lambert","Houston Astros",2540,1243,277,1188,1352,423,820,692,0.489370078740157,0.467716535433071,0.222847948511665,0.312869822485207,0.84390243902439,"pitch_level_pitcher_discipline_profile_v1","2026-09-19","2026-09-20 14:00:36 UTC"
"663568","Stephen Kolek","Kansas City Royals",837,404,73,421,416,111,293,263,0.482676224611709,0.502986857825568,0.180693069306931,0.266826923076923,0.897610921501707,"pitch_level_pitcher_discipline_profile_v1","2026-09-19","2026-09-20 14:00:36 UTC"
"663574","Tony Santillan","Cincinnati Reds",698,306,55,318,380,96,210,191,0.438395415472779,0.455587392550143,0.179738562091503,0.252631578947368,0.90952380952381,"pitch_level_pitcher_discipline_profile_v1","2026-09-19","2026-09-20 14:00:36 UTC"
"663623","Jake Irvin","Washington Nationals",1741,807,173,871,870,215,592,501,0.463526708788053,0.500287191269385,0.214374225526642,0.247126436781609,0.846283783783784,"pitch_level_pitcher_discipline_profile_v1","2026-09-19","2026-09-20 14:00:36 UTC"
"663687","Hogan Harris","Athletics",1274,548,124,629,645,156,392,324,0.430141287284144,0.493720565149137,0.226277372262774,0.241860465116279,0.826530612244898,"pitch_level_pitcher_discipline_profile_v1","2026-09-19","2026-09-20 14:00:36 UTC"
"663738","Daniel Lynch IV","Kansas City Royals",1146,538,118,537,609,185,353,303,0.469458987783595,0.468586387434555,0.219330855018587,0.303776683087028,0.858356940509915,"pitch_level_pitcher_discipline_profile_v1","2026-09-19","2026-09-20 14:00:36 UTC"
"663765","Jake Woodford","Chicago Cubs",457,210,35,227,230,62,148,133,0.459518599562363,0.49671772428884,0.166666666666667,0.269565217391304,0.898648648648649,"pitch_level_pitcher_discipline_profile_v1","2026-09-19","2026-09-20 14:00:36 UTC"
"663767","Chase Shugart","Philadelphia Phillies",812,326,72,393,419,106,220,182,0.401477832512315,0.483990147783251,0.220858895705521,0.252983293556086,0.827272727272727,"pitch_level_pitcher_discipline_profile_v1","2026-09-19","2026-09-20 14:00:36 UTC"
"663776","Patrick Sandoval","Boston Red Sox",1015,470,104,496,519,145,325,276,0.463054187192118,0.488669950738916,0.221276595744681,0.279383429672447,0.849230769230769,"pitch_level_pitcher_discipline_profile_v1","2026-09-19","2026-09-20 14:00:36 UTC"
"663855","Jordan Hicks","Chicago White Sox",850,377,96,400,450,133,244,212,0.443529411764706,0.470588235294118,0.254641909814324,0.295555555555556,0.868852459016393,"pitch_level_pitcher_discipline_profile_v1","2026-09-19","2026-09-20 14:00:36 UTC"
"663878","Nate Pearson","Kansas City Royals",715,322,68,329,386,109,213,183,0.45034965034965,0.46013986013986,0.211180124223602,0.282383419689119,0.859154929577465,"pitch_level_pitcher_discipline_profile_v1","2026-09-19","2026-09-20 14:00:36 UTC"
"663893","Brendon Little","Toronto Blue Jays",535,223,84,193,342,106,117,97,0.416822429906542,0.360747663551402,0.376681614349776,0.309941520467836,0.829059829059829,"pitch_level_pitcher_discipline_profile_v1","2026-09-19","2026-09-20 14:00:36 UTC"
"663903","Brady Singer","Cincinnati Reds",2738,1206,274,1253,1485,401,805,715,0.440467494521549,0.45763330898466,0.227197346600332,0.27003367003367,0.888198757763975,"pitch_level_pitcher_discipline_profile_v1","2026-09-19","2026-09-20 14:00:36 UTC"
"663947","Tyler Holton","Detroit Tigers",1107,520,111,544,563,159,361,316,0.46973803071364,0.491418247515808,0.213461538461538,0.282415630550622,0.875346260387812,"pitch_level_pitcher_discipline_profile_v1","2026-09-19","2026-09-20 14:00:36 UTC"
"663969","Tyler Phillips","Miami Marlins",1964,899,222,915,1049,338,561,504,0.457739307535642,0.465885947046843,0.246941045606229,0.322211630123928,0.898395721925134,"pitch_level_pitcher_discipline_profile_v1","2026-09-19","2026-09-20 14:00:36 UTC"
"663978","Chris Paddack","Texas Rangers",1015,509,95,468,547,182,327,289,0.501477832512315,0.461083743842365,0.18664047151277,0.3327239488117,0.883792048929664,"pitch_level_pitcher_discipline_profile_v1","2026-09-19","2026-09-20 14:00:36 UTC"
"663992","Richard Lovelady","Washington Nationals",592,271,54,283,309,94,177,159,0.45777027027027,0.478040540540541,0.199261992619926,0.3042071197411,0.898305084745763,"pitch_level_pitcher_discipline_profile_v1","2026-09-19","2026-09-20 14:00:36 UTC"
"664076","Garrett Cleavinger","Tampa Bay Rays",734,350,89,323,411,139,211,175,0.476839237057221,0.440054495912807,0.254285714285714,0.338199513381995,0.829383886255924,"pitch_level_pitcher_discipline_profile_v1","2026-09-19","2026-09-20 14:00:36 UTC"
"664126","Pete Fairbanks","Miami Marlins",765,345,100,358,407,127,218,170,0.450980392156863,0.46797385620915,0.289855072463768,0.312039312039312,0.779816513761468,"pitch_level_pitcher_discipline_profile_v1","2026-09-19","2026-09-20 14:00:36 UTC"
"664129","Geoff Hartlieb","Athletics",367,182,45,173,194,65,117,100,0.49591280653951,0.471389645776567,0.247252747252747,0.335051546391753,0.854700854700855,"pitch_level_pitcher_discipline_profile_v1","2026-09-19","2026-09-20 14:00:36 UTC"
"664141","JT Brubaker","San Francisco Giants",1000,450,81,448,552,168,282,260,0.45,0.448,0.18,0.304347826086957,0.921985815602837,"pitch_level_pitcher_discipline_profile_v1","2026-09-19","2026-09-20 14:00:36 UTC"
"664199","Taylor Clarke","Arizona Diamondbacks",988,492,100,450,538,167,325,292,0.497975708502024,0.455465587044534,0.203252032520325,0.310408921933086,0.898461538461538,"pitch_level_pitcher_discipline_profile_v1","2026-09-19","2026-09-20 14:00:36 UTC"
"664208","Phil Maton","Chicago Cubs",546,257,57,283,263,77,180,150,0.470695970695971,0.518315018315018,0.221789883268482,0.29277566539924,0.833333333333333,"pitch_level_pitcher_discipline_profile_v1","2026-09-19","2026-09-20 14:00:36 UTC"
"664285","Framber Valdez","Detroit Tigers",2681,1258,233,1273,1408,436,822,754,0.4692279000373,0.474822827303245,0.185214626391097,0.309659090909091,0.917274939172749,"pitch_level_pitcher_discipline_profile_v1","2026-09-19","2026-09-20 14:00:36 UTC"
"664299","Cristian Javier","Houston Astros",1064,552,149,491,573,198,354,285,0.518796992481203,0.461466165413534,0.269927536231884,0.345549738219895,0.805084745762712,"pitch_level_pitcher_discipline_profile_v1","2026-09-19","2026-09-20 14:00:36 UTC"
"664353","José Urquidy","Philadelphia Phillies",557,288,57,295,262,87,201,174,0.51705565529623,0.529622980251346,0.197916666666667,0.33206106870229,0.865671641791045,"pitch_level_pitcher_discipline_profile_v1","2026-09-19","2026-09-20 14:00:36 UTC"
"664875","Justin Lawrence","Washington Nationals",684,278,69,301,383,92,186,162,0.406432748538012,0.440058479532164,0.248201438848921,0.240208877284595,0.870967741935484,"pitch_level_pitcher_discipline_profile_v1","2026-09-19","2026-09-20 14:00:36 UTC"
"664991","Grant Wolfram","Baltimore Orioles",872,425,100,419,453,146,279,243,0.487385321100917,0.480504587155963,0.235294117647059,0.322295805739514,0.870967741935484,"pitch_level_pitcher_discipline_profile_v1","2026-09-19","2026-09-20 14:00:36 UTC"
"665152","Dean Kremer","Minnesota Twins",1296,593,152,585,711,212,381,322,0.457561728395062,0.451388888888889,0.256323777403035,0.29817158931083,0.845144356955381,"pitch_level_pitcher_discipline_profile_v1","2026-09-19","2026-09-20 14:00:36 UTC"
"665622","Luis Medina","Athletics",1203,524,158,551,652,174,350,286,0.435577722360765,0.458021612635079,0.301526717557252,0.266871165644172,0.817142857142857,"pitch_level_pitcher_discipline_profile_v1","2026-09-19","2026-09-20 14:00:36 UTC"
"665660","Elvis Alvarado","Athletics",877,450,122,424,453,132,318,246,0.513112884834664,0.483466362599772,0.271111111111111,0.291390728476821,0.773584905660377,"pitch_level_pitcher_discipline_profile_v1","2026-09-19","2026-09-20 14:00:36 UTC"
"665665","Reiver Sanmartin","San Francisco Giants",345,152,32,155,190,61,91,83,0.440579710144928,0.449275362318841,0.210526315789474,0.321052631578947,0.912087912087912,"pitch_level_pitcher_discipline_profile_v1","2026-09-19","2026-09-20 14:00:36 UTC"
"665795","Edward Cabrera","Chicago Cubs",1319,630,154,564,755,243,387,343,0.477634571645186,0.4275966641395,0.244444444444444,0.321854304635762,0.886304909560723,"pitch_level_pitcher_discipline_profile_v1","2026-09-19","2026-09-20 14:00:36 UTC"
"665871","Javier Assad","Chicago Cubs",1469,650,88,752,717,162,488,441,0.442477876106195,0.511912865895167,0.135384615384615,0.225941422594142,0.903688524590164,"pitch_level_pitcher_discipline_profile_v1","2026-09-19","2026-09-20 14:00:36 UTC"
"666142","Cole Ragans","Kansas City Royals",639,290,82,284,355,99,191,155,0.453834115805947,0.444444444444444,0.282758620689655,0.27887323943662,0.81151832460733,"pitch_level_pitcher_discipline_profile_v1","2026-09-19","2026-09-20 14:00:36 UTC"
"666157","Nick Lodolo","Cincinnati Reds",1807,822,166,836,971,282,540,482,0.454897620365246,0.462645268400664,0.201946472019465,0.290422245108136,0.892592592592593,"pitch_level_pitcher_discipline_profile_v1","2026-09-19","2026-09-20 14:00:36 UTC"
"666171","Ryan Zeferjahn","Chicago Cubs",1256,527,155,556,691,185,341,278,0.419585987261146,0.442675159235669,0.294117647058824,0.267727930535456,0.81524926686217,"pitch_level_pitcher_discipline_profile_v1","2026-09-19","2026-09-20 14:00:36 UTC"
"666200","Jesús Luzardo","Philadelphia Phillies",2860,1324,395,1331,1529,515,809,682,0.462937062937063,0.465384615384615,0.29833836858006,0.336821451929366,0.843016069221261,"pitch_level_pitcher_discipline_profile_v1","2026-09-19","2026-09-20 14:00:36 UTC"
"666277","George Soriano","St. Louis Cardinals",1144,548,151,514,622,205,339,289,0.479020979020979,0.449300699300699,0.275547445255474,0.329581993569132,0.852507374631268,"pitch_level_pitcher_discipline_profile_v1","2026-09-19","2026-09-20 14:00:36 UTC"
"666661","Juan Morillo","Arizona Diamondbacks",999,491,133,467,532,189,302,247,0.491491491491492,0.467467467467467,0.270875763747454,0.355263157894737,0.817880794701987,"pitch_level_pitcher_discipline_profile_v1","2026-09-19","2026-09-20 14:00:36 UTC"
"666808","Camilo Doval","Pittsburgh Pirates",1007,468,115,459,548,159,309,274,0.464746772591857,0.455809334657398,0.245726495726496,0.29014598540146,0.886731391585761,"pitch_level_pitcher_discipline_profile_v1","2026-09-19","2026-09-20 14:00:36 UTC"
"666974","Yennier Cano","Baltimore Orioles",763,344,84,352,411,126,218,191,0.450851900393185,0.461336828309305,0.244186046511628,0.306569343065693,0.876146788990826,"pitch_level_pitcher_discipline_profile_v1","2026-09-19","2026-09-20 14:00:36 UTC"
"667297","Tommy Nance","Minnesota Twins",970,462,112,447,523,182,280,246,0.476288659793814,0.460824742268041,0.242424242424242,0.347992351816444,0.878571428571429,"pitch_level_pitcher_discipline_profile_v1","2026-09-19","2026-09-20 14:00:36 UTC"
"667463","John King","Miami Marlins",714,337,63,332,382,127,210,187,0.471988795518207,0.464985994397759,0.186943620178042,0.332460732984293,0.89047619047619,"pitch_level_pitcher_discipline_profile_v1","2026-09-19","2026-09-20 14:00:36 UTC"
"667755","José Soriano","Toronto Blue Jays",2868,1339,349,1276,1592,521,818,710,0.466875871687587,0.444909344490934,0.260642270351008,0.327261306532663,0.867970660146699,"pitch_level_pitcher_discipline_profile_v1","2026-09-19","2026-09-20 14:00:36 UTC"
"668390","Cole Winn","Texas Rangers",787,422,109,378,409,147,275,233,0.536213468869123,0.480304955527319,0.258293838862559,0.359413202933985,0.847272727272727,"pitch_level_pitcher_discipline_profile_v1","2026-09-19","2026-09-20 14:00:36 UTC"
"668674","Lucas Erceg","Kansas City Royals",850,404,75,383,467,135,269,238,0.475294117647059,0.450588235294118,0.185643564356436,0.289079229122056,0.884758364312268,"pitch_level_pitcher_discipline_profile_v1","2026-09-19","2026-09-20 14:00:36 UTC"
"668678","Zac Gallen","Arizona Diamondbacks",1780,820,148,790,983,306,510,468,0.460674157303371,0.443820224719101,0.180487804878049,0.311291963377416,0.917647058823529,"pitch_level_pitcher_discipline_profile_v1","2026-09-19","2026-09-20 14:00:36 UTC"
"668820","Max Kranick","Washington Nationals",340,163,35,151,189,57,106,96,0.479411764705882,0.444117647058824,0.214723926380368,0.301587301587302,0.905660377358491,"pitch_level_pitcher_discipline_profile_v1","2026-09-19","2026-09-20 14:00:36 UTC"
"668873","Caleb Kilian","Philadelphia Phillies",786,383,97,379,407,133,250,212,0.487277353689567,0.482188295165394,0.253263707571802,0.326781326781327,0.848,"pitch_level_pitcher_discipline_profile_v1","2026-09-19","2026-09-20 14:00:36 UTC"
"668881","Hunter Greene","Cincinnati Reds",456,243,62,231,225,72,171,145,0.532894736842105,0.506578947368421,0.255144032921811,0.32,0.847953216374269,"pitch_level_pitcher_discipline_profile_v1","2026-09-19","2026-09-20 14:00:36 UTC"
"668909","Gavin Williams","Cleveland Guardians",2828,1384,420,1353,1444,484,883,723,0.489391796322489,0.478429985855728,0.303468208092486,0.335180055401662,0.818799546998867,"pitch_level_pitcher_discipline_profile_v1","2026-09-19","2026-09-20 14:00:36 UTC"
"668933","Graham Ashcraft","Cincinnati Reds",555,249,74,244,311,105,144,122,0.448648648648649,0.43963963963964,0.29718875502008,0.337620578778135,0.847222222222222,"pitch_level_pitcher_discipline_profile_v1","2026-09-19","2026-09-20 14:00:36 UTC"
"668941","JoJo Romero","Milwaukee Brewers",857,354,67,400,457,126,228,210,0.413068844807468,0.466744457409568,0.189265536723164,0.275711159737418,0.921052631578947,"pitch_level_pitcher_discipline_profile_v1","2026-09-19","2026-09-20 14:00:36 UTC"
"668964","Tobias Myers","New York Mets",822,430,79,419,403,118,312,271,0.523114355231144,0.509732360097324,0.183720930232558,0.292803970223325,0.868589743589744,"pitch_level_pitcher_discipline_profile_v1","2026-09-19","2026-09-20 14:00:36 UTC"
"668984","Casey Legumina","Tampa Bay Rays",1097,570,108,560,519,168,395,339,0.519598906107566,0.510483135824977,0.189473684210526,0.323699421965318,0.858227848101266,"pitch_level_pitcher_discipline_profile_v1","2026-09-19","2026-09-20 14:00:36 UTC"
"669020","Ryan Rolison","Chicago Cubs",946,429,77,449,484,128,294,268,0.453488372093023,0.474630021141649,0.179487179487179,0.264462809917355,0.91156462585034,"pitch_level_pitcher_discipline_profile_v1","2026-09-19","2026-09-20 14:00:36 UTC"
"669022","MacKenzie Gore","Texas Rangers",2860,1397,330,1333,1527,461,936,797,0.488461538461538,0.466083916083916,0.236220472440945,0.301899148657498,0.851495726495726,"pitch_level_pitcher_discipline_profile_v1","2026-09-19","2026-09-20 14:00:36 UTC"
"669060","Bryse Wilson","Milwaukee Brewers",533,287,44,302,231,74,213,189,0.538461538461538,0.566604127579737,0.153310104529617,0.32034632034632,0.887323943661972,"pitch_level_pitcher_discipline_profile_v1","2026-09-19","2026-09-20 14:00:36 UTC"
"669062","Erik Miller","Boston Red Sox",940,378,125,388,552,152,226,190,0.402127659574468,0.412765957446808,0.330687830687831,0.27536231884058,0.84070796460177,"pitch_level_pitcher_discipline_profile_v1","2026-09-19","2026-09-20 14:00:36 UTC"
"669084","DL Hall","Milwaukee Brewers",917,388,97,436,481,123,265,218,0.423118865866957,0.47546346782988,0.25,0.255717255717256,0.822641509433962,"pitch_level_pitcher_discipline_profile_v1","2026-09-19","2026-09-20 14:00:36 UTC"
"669093","Jeremiah Estrada","San Diego Padres",512,240,69,211,301,96,144,119,0.46875,0.412109375,0.2875,0.318936877076412,0.826388888888889,"pitch_level_pitcher_discipline_profile_v1","2026-09-19","2026-09-20 14:00:36 UTC"
"669160","Dustin May","Milwaukee Brewers",2305,1101,236,1127,1178,358,743,657,0.47765726681128,0.488937093275488,0.214350590372389,0.303904923599321,0.884253028263795,"pitch_level_pitcher_discipline_profile_v1","2026-09-19","2026-09-20 14:00:36 UTC"
"669165","Kyle Hurt","Los Angeles Dodgers",718,370,116,369,349,103,267,207,0.515320334261838,0.513927576601671,0.313513513513514,0.29512893982808,0.775280898876405,"pitch_level_pitcher_discipline_profile_v1","2026-09-19","2026-09-20 14:00:36 UTC"
"669194","Ryne Nelson","Arizona Diamondbacks",1324,715,118,663,661,223,492,438,0.540030211480363,0.500755287009063,0.165034965034965,0.337367624810893,0.890243902439024,"pitch_level_pitcher_discipline_profile_v1","2026-09-19","2026-09-20 14:00:36 UTC"
"669199","Lake Bachar","Pittsburgh Pirates",1369,614,172,622,747,209,405,332,0.448502556610665,0.454346238130022,0.280130293159609,0.279785809906292,0.819753086419753,"pitch_level_pitcher_discipline_profile_v1","2026-09-19","2026-09-20 14:00:36 UTC"
"669211","Keegan Akin","Baltimore Orioles",443,218,37,232,211,59,159,135,0.492099322799097,0.523702031602709,0.169724770642202,0.279620853080569,0.849056603773585,"pitch_level_pitcher_discipline_profile_v1","2026-09-19","2026-09-20 14:00:36 UTC"
"669212","Eli Morgan","Kansas City Royals",339,158,36,143,196,66,92,86,0.466076696165192,0.421828908554572,0.227848101265823,0.336734693877551,0.934782608695652,"pitch_level_pitcher_discipline_profile_v1","2026-09-19","2026-09-20 14:00:36 UTC"
"669270","Joel Kuhnel","San Francisco Giants",708,328,66,333,375,104,224,205,0.463276836158192,0.470338983050847,0.201219512195122,0.277333333333333,0.915178571428571,"pitch_level_pitcher_discipline_profile_v1","2026-09-19","2026-09-20 14:00:36 UTC"
"669276","Dylan Lee","Atlanta Braves",1031,545,179,506,525,186,359,281,0.528612997090204,0.49078564500485,0.328440366972477,0.354285714285714,0.782729805013928,"pitch_level_pitcher_discipline_profile_v1","2026-09-19","2026-09-20 14:00:36 UTC"
"669302","Logan Gilbert","Seattle Mariners",2841,1432,399,1383,1458,476,956,784,0.504047870468145,0.486800422386484,0.278631284916201,0.326474622770919,0.820083682008368,"pitch_level_pitcher_discipline_profile_v1","2026-09-19","2026-09-20 14:00:36 UTC"
"669330","Tyler Wells","Tampa Bay Rays",1068,559,159,537,531,184,375,294,0.523408239700375,0.502808988764045,0.284436493738819,0.346516007532957,0.784,"pitch_level_pitcher_discipline_profile_v1","2026-09-19","2026-09-20 14:00:36 UTC"
"669358","Shane Baz","Baltimore Orioles",2819,1359,268,1401,1418,422,937,843,0.482085846044697,0.496984746363959,0.197203826342899,0.297602256699577,0.899679829242263,"pitch_level_pitcher_discipline_profile_v1","2026-09-19","2026-09-20 14:00:36 UTC"
"669372","J.T. Ginn","Athletics",2183,998,247,931,1252,371,627,537,0.45716903344022,0.42647732478241,0.24749498997996,0.296325878594249,0.856459330143541,"pitch_level_pitcher_discipline_profile_v1","2026-09-19","2026-09-20 14:00:36 UTC"
"669373","Tarik Skubal","Los Angeles Dodgers",2281,1215,350,1123,1158,421,794,643,0.53266111354669,0.492327926348093,0.288065843621399,0.363557858376511,0.809823677581864,"pitch_level_pitcher_discipline_profile_v1","2026-09-19","2026-09-20 14:00:36 UTC"
"669387","Carmen Mlodzinski","Pittsburgh Pirates",1986,900,170,977,1009,296,604,544,0.453172205438066,0.491943605236657,0.188888888888889,0.293359762140733,0.900662251655629,"pitch_level_pitcher_discipline_profile_v1","2026-09-19","2026-09-20 14:00:36 UTC"
"669432","Trevor Rogers","Baltimore Orioles",2634,1395,306,1365,1269,448,947,812,0.529612756264237,0.518223234624146,0.219354838709677,0.353033884948779,0.857444561774023,"pitch_level_pitcher_discipline_profile_v1","2026-09-19","2026-09-20 14:00:36 UTC"
"669438","Mason Englert","Tampa Bay Rays",597,314,72,276,303,113,190,166,0.525963149078727,0.462311557788945,0.229299363057325,0.372937293729373,0.873684210526316,"pitch_level_pitcher_discipline_profile_v1","2026-09-19","2026-09-20 14:00:36 UTC"
"669456","Shane Bieber","Toronto Blue Jays",930,400,84,380,550,163,237,219,0.43010752688172,0.408602150537634,0.21,0.296363636363636,0.924050632911392,"pitch_level_pitcher_discipline_profile_v1","2026-09-19","2026-09-20 14:00:36 UTC"
"669461","Matthew Liberatore","St. Louis Cardinals",2529,1168,260,1225,1304,375,793,707,0.461842625543693,0.484381178331356,0.222602739726027,0.287576687116564,0.891551071878941,"pitch_level_pitcher_discipline_profile_v1","2026-09-19","2026-09-20 14:00:36 UTC"
"669467","Andre Pallante","St. Louis Cardinals",2462,1102,215,1192,1270,334,768,685,0.447603574329813,0.484159220146223,0.195099818511797,0.262992125984252,0.891927083333333,"pitch_level_pitcher_discipline_profile_v1","2026-09-19","2026-09-20 14:00:36 UTC"
"669620","Brady Basso","Athletics",625,328,57,316,309,102,226,209,0.5248,0.5056,0.173780487804878,0.330097087378641,0.924778761061947,"pitch_level_pitcher_discipline_profile_v1","2026-09-19","2026-09-20 14:00:36 UTC"
"669622","Anthony Bender","Miami Marlins",539,217,47,294,245,64,153,136,0.402597402597403,0.545454545454545,0.216589861751152,0.261224489795918,0.888888888888889,"pitch_level_pitcher_discipline_profile_v1","2026-09-19","2026-09-20 14:00:36 UTC"
"669684","Chris Murphy","Chicago White Sox",614,309,82,310,304,88,221,176,0.503257328990228,0.504885993485342,0.26537216828479,0.289473684210526,0.796380090497738,"pitch_level_pitcher_discipline_profile_v1","2026-09-19","2026-09-20 14:00:36 UTC"
"669711","Greg Weissert","Boston Red Sox",969,484,102,469,500,167,317,273,0.499484004127967,0.484004127966976,0.210743801652893,0.334,0.861198738170347,"pitch_level_pitcher_discipline_profile_v1","2026-09-19","2026-09-20 14:00:36 UTC"
"669713","Hayden Wesneski","Houston Astros",816,398,83,364,452,155,243,216,0.487745098039216,0.446078431372549,0.208542713567839,0.342920353982301,0.888888888888889,"pitch_level_pitcher_discipline_profile_v1","2026-09-19","2026-09-20 14:00:36 UTC"
"669724","Brenan Hanifee","Detroit Tigers",321,146,16,170,151,34,112,106,0.454828660436137,0.529595015576324,0.10958904109589,0.225165562913907,0.946428571428571,"pitch_level_pitcher_discipline_profile_v1","2026-09-19","2026-09-20 14:00:36 UTC"
"669854","Ronel Blanco","Houston Astros",540,268,55,259,281,81,187,161,0.496296296296296,0.47962962962963,0.205223880597015,0.288256227758007,0.86096256684492,"pitch_level_pitcher_discipline_profile_v1","2026-09-19","2026-09-20 14:00:36 UTC"
"669923","George Kirby","Seattle Mariners",2662,1380,291,1317,1345,461,919,807,0.518407212622089,0.494740796393689,0.210869565217391,0.34275092936803,0.878128400435256,"pitch_level_pitcher_discipline_profile_v1","2026-09-19","2026-09-20 14:00:36 UTC"
"669947","Jesse Scholtens","Tampa Bay Rays",723,360,68,345,378,116,244,214,0.49792531120332,0.477178423236515,0.188888888888889,0.306878306878307,0.877049180327869,"pitch_level_pitcher_discipline_profile_v1","2026-09-19","2026-09-20 14:00:36 UTC"
"670036","Matt Festa","Cleveland Guardians",1067,512,125,512,555,170,342,288,0.479850046860356,0.479850046860356,0.244140625,0.306306306306306,0.842105263157895,"pitch_level_pitcher_discipline_profile_v1","2026-09-19","2026-09-20 14:00:36 UTC"
"670059","Colin Holderman","Cleveland Guardians",859,381,103,374,485,145,236,197,0.443538998835856,0.435389988358556,0.270341207349081,0.298969072164948,0.834745762711864,"pitch_level_pitcher_discipline_profile_v1","2026-09-19","2026-09-20 14:00:36 UTC"
"670062","Julian Garcia","Cincinnati Reds",712,329,84,347,365,109,220,188,0.462078651685393,0.487359550561798,0.25531914893617,0.298630136986301,0.854545454545454,"pitch_level_pitcher_discipline_profile_v1","2026-09-19","2026-09-20 14:00:36 UTC"
"670167","John Schreiber","New York Yankees",947,418,83,450,497,135,283,249,0.441393875395987,0.475184794086589,0.198564593301435,0.271629778672032,0.879858657243816,"pitch_level_pitcher_discipline_profile_v1","2026-09-19","2026-09-20 14:00:36 UTC"
"670245","Ryan Watson","Los Angeles Angels",1129,556,130,540,589,196,360,306,0.492471213463242,0.478299379982285,0.233812949640288,0.33276740237691,0.85,"pitch_level_pitcher_discipline_profile_v1","2026-09-19","2026-09-20 14:00:36 UTC"
"670280","David Bednar","New York Yankees",1099,590,170,502,597,235,355,285,0.536851683348499,0.456778889899909,0.288135593220339,0.393634840871022,0.802816901408451,"pitch_level_pitcher_discipline_profile_v1","2026-09-19","2026-09-20 14:00:36 UTC"
"670329","Rico Garcia","Baltimore Orioles",973,478,137,474,499,147,331,250,0.491264131551901,0.487153134635149,0.286610878661088,0.294589178356713,0.755287009063444,"pitch_level_pitcher_discipline_profile_v1","2026-09-19","2026-09-20 14:00:36 UTC"
"670950","Trevor Richards","Chicago White Sox",1186,580,117,573,613,188,392,348,0.489038785834739,0.483136593591906,0.201724137931034,0.306688417618271,0.887755102040816,"pitch_level_pitcher_discipline_profile_v1","2026-09-19","2026-09-20 14:00:36 UTC"
"670970","Adrian Morejon","San Diego Padres",1280,670,215,628,652,249,421,348,0.5234375,0.490625,0.32089552238806,0.381901840490798,0.826603325415677,"pitch_level_pitcher_discipline_profile_v1","2026-09-19","2026-09-20 14:00:36 UTC"
"670990","Yohan Ramírez","Pittsburgh Pirates",1340,595,156,626,714,212,383,328,0.444029850746269,0.467164179104478,0.26218487394958,0.296918767507003,0.856396866840731,"pitch_level_pitcher_discipline_profile_v1","2026-09-19","2026-09-20 14:00:36 UTC"
"671096","Andrew Abbott","Cincinnati Reds",2769,1274,252,1306,1452,419,851,765,0.460093896713615,0.471650415312387,0.197802197802198,0.288567493112948,0.898942420681551,"pitch_level_pitcher_discipline_profile_v1","2026-09-19","2026-09-20 14:00:36 UTC"
"671106","Logan Allen","Cleveland Guardians",325,157,29,158,167,50,107,95,0.483076923076923,0.486153846153846,0.184713375796178,0.29940119760479,0.88785046728972,"pitch_level_pitcher_discipline_profile_v1","2026-09-19","2026-09-20 14:00:36 UTC"
"671162","Connor Thomas","Kansas City Royals",337,156,32,158,179,50,106,91,0.462908011869436,0.468842729970326,0.205128205128205,0.279329608938547,0.858490566037736,"pitch_level_pitcher_discipline_profile_v1","2026-09-19","2026-09-20 14:00:36 UTC"
"671212","Joe Boyle","Tampa Bay Rays",347,157,35,173,174,47,110,92,0.452449567723343,0.498559077809798,0.222929936305732,0.270114942528736,0.836363636363636,"pitch_level_pitcher_discipline_profile_v1","2026-09-19","2026-09-20 14:00:36 UTC"
"671345","Jason Foley","San Francisco Giants",403,171,28,190,213,48,123,110,0.424317617866005,0.471464019851117,0.16374269005848,0.225352112676056,0.894308943089431,"pitch_level_pitcher_discipline_profile_v1","2026-09-19","2026-09-20 14:00:36 UTC"
"671737","Taj Bradley","Minnesota Twins",2893,1369,332,1405,1488,424,945,814,0.473211199446941,0.485655029381265,0.242512783053324,0.28494623655914,0.861375661375661,"pitch_level_pitcher_discipline_profile_v1","2026-09-19","2026-09-20 14:00:36 UTC"
"671922","Cade Smith","Cleveland Guardians",1182,583,187,577,593,193,382,295,0.493231810490694,0.488155668358714,0.320754716981132,0.325463743676223,0.772251308900524,"pitch_level_pitcher_discipline_profile_v1","2026-09-19","2026-09-20 14:00:36 UTC"
"671936","Adam Macko","Texas Rangers",544,259,65,256,288,91,168,143,0.476102941176471,0.470588235294118,0.250965250965251,0.315972222222222,0.851190476190476,"pitch_level_pitcher_discipline_profile_v1","2026-09-19","2026-09-20 14:00:36 UTC"
"672282","Reid Detmers","Los Angeles Angels",2872,1420,365,1440,1432,472,948,806,0.494428969359331,0.501392757660167,0.257042253521127,0.329608938547486,0.850210970464135,"pitch_level_pitcher_discipline_profile_v1","2026-09-19","2026-09-20 14:00:36 UTC"
"672335","Cionel Pérez","New York Mets",726,337,76,339,387,118,219,196,0.464187327823691,0.466942148760331,0.225519287833828,0.304909560723514,0.894977168949772,"pitch_level_pitcher_discipline_profile_v1","2026-09-19","2026-09-20 14:00:36 UTC"
"672456","Keider Montero","Detroit Tigers",2247,1075,176,1174,1073,288,787,699,0.478415665331553,0.522474410324878,0.163720930232558,0.268406337371855,0.888182973316391,"pitch_level_pitcher_discipline_profile_v1","2026-09-19","2026-09-20 14:00:36 UTC"
"672629","Gerardo Carrillo","Arizona Diamondbacks",316,125,34,136,180,42,83,70,0.395569620253165,0.430379746835443,0.272,0.233333333333333,0.843373493975904,"pitch_level_pitcher_discipline_profile_v1","2026-09-19","2026-09-20 14:00:36 UTC"
"672782","Yoendrys Gómez","Minnesota Twins",1119,524,126,518,572,153,353,293,0.468275245755139,0.462913315460232,0.240458015267176,0.267482517482518,0.830028328611898,"pitch_level_pitcher_discipline_profile_v1","2026-09-19","2026-09-20 14:00:36 UTC"
"673513","Yuki Matsui","San Diego Padres",1042,489,148,440,602,189,300,243,0.469289827255278,0.422264875239923,0.302658486707566,0.313953488372093,0.81,"pitch_level_pitcher_discipline_profile_v1","2026-09-19","2026-09-20 14:00:36 UTC"
"673540","Kodai Senga","New York Mets",1078,485,132,470,608,164,321,279,0.449907235621521,0.435992578849722,0.272164948453608,0.269736842105263,0.869158878504673,"pitch_level_pitcher_discipline_profile_v1","2026-09-19","2026-09-20 14:00:36 UTC"
"673929","Jordan Leasure","Chicago White Sox",313,162,41,131,182,62,100,83,0.517571884984026,0.4185303514377,0.253086419753086,0.340659340659341,0.83,"pitch_level_pitcher_discipline_profile_v1","2026-09-19","2026-09-20 14:00:36 UTC"
"674003","Cody Bradford","Texas Rangers",628,311,45,330,298,94,217,193,0.495222929936306,0.525477707006369,0.144694533762058,0.315436241610738,0.889400921658986,"pitch_level_pitcher_discipline_profile_v1","2026-09-19","2026-09-20 14:00:36 UTC"
"674370","Osvaldo Bido","Chicago White Sox",317,145,32,133,184,58,87,77,0.457413249211356,0.419558359621451,0.220689655172414,0.315217391304348,0.885057471264368,"pitch_level_pitcher_discipline_profile_v1","2026-09-19","2026-09-20 14:00:36 UTC"
"674444","Steven Cruz","Kansas City Royals",915,484,124,486,429,121,363,302,0.52896174863388,0.531147540983607,0.256198347107438,0.282051282051282,0.831955922865014,"pitch_level_pitcher_discipline_profile_v1","2026-09-19","2026-09-20 14:00:36 UTC"
"674841","Andrew Alvarez","Washington Nationals",1756,775,188,786,970,289,486,441,0.441343963553531,0.447608200455581,0.24258064516129,0.297938144329897,0.907407407407407,"pitch_level_pitcher_discipline_profile_v1","2026-09-19","2026-09-20 14:00:36 UTC"
"675512","Troy Melton","Detroit Tigers",1690,846,187,813,877,284,562,493,0.500591715976331,0.481065088757396,0.221040189125296,0.323831242873432,0.877224199288256,"pitch_level_pitcher_discipline_profile_v1","2026-09-19","2026-09-20 14:00:36 UTC"
"675540","Xzavion Curry","New York Mets",354,162,24,174,180,44,118,106,0.457627118644068,0.491525423728814,0.148148148148148,0.244444444444444,0.898305084745763,"pitch_level_pitcher_discipline_profile_v1","2026-09-19","2026-09-20 14:00:36 UTC"
"675660","Shane Drohan","Milwaukee Brewers",1933,932,228,924,1009,334,598,503,0.482152095188826,0.47801345059493,0.244635193133047,0.331020812685828,0.841137123745819,"pitch_level_pitcher_discipline_profile_v1","2026-09-19","2026-09-20 14:00:36 UTC"
"675848","Juan Mejia","Colorado Rockies",1260,594,135,590,670,201,393,339,0.471428571428571,0.468253968253968,0.227272727272727,0.3,0.862595419847328,"pitch_level_pitcher_discipline_profile_v1","2026-09-19","2026-09-20 14:00:36 UTC"
"675911","Spencer Strider","Atlanta Braves",691,322,84,311,380,109,213,184,0.465991316931983,0.450072358900145,0.260869565217391,0.286842105263158,0.863849765258216,"pitch_level_pitcher_discipline_profile_v1","2026-09-19","2026-09-20 14:00:36 UTC"
"675989","Cody Bolton","Houston Astros",388,161,26,186,202,46,115,104,0.414948453608247,0.479381443298969,0.161490683229814,0.227722772277228,0.904347826086957,"pitch_level_pitcher_discipline_profile_v1","2026-09-19","2026-09-20 14:00:36 UTC"
"676083","Janson Junk","Miami Marlins",1833,888,114,965,868,244,644,593,0.484451718494272,0.52645935624659,0.128378378378378,0.28110599078341,0.920807453416149,"pitch_level_pitcher_discipline_profile_v1","2026-09-19","2026-09-20 14:00:36 UTC"
"676106","Emerson Hancock","Seattle Mariners",2171,1127,234,1120,1051,300,827,701,0.519115614923998,0.515891294334408,0.207630878438332,0.285442435775452,0.84764207980653,"pitch_level_pitcher_discipline_profile_v1","2026-09-19","2026-09-20 14:00:36 UTC"
"676254","Ryan Walker","San Francisco Giants",609,261,35,304,305,76,185,169,0.428571428571429,0.499178981937603,0.134099616858238,0.249180327868852,0.913513513513514,"pitch_level_pitcher_discipline_profile_v1","2026-09-19","2026-09-20 14:00:36 UTC"
"676263","Jack Dreyer","Los Angeles Dodgers",963,465,119,464,499,157,308,264,0.482866043613707,0.481827622014538,0.255913978494624,0.314629258517034,0.857142857142857,"pitch_level_pitcher_discipline_profile_v1","2026-09-19","2026-09-20 14:00:36 UTC"
"676282","Joey Cantillo","Cleveland Guardians",2668,1187,332,1263,1405,390,797,645,0.444902548725637,0.473388305847076,0.279696714406066,0.277580071174377,0.809284818067754,"pitch_level_pitcher_discipline_profile_v1","2026-09-19","2026-09-20 14:00:36 UTC"
"676428","Brant Hurter","Detroit Tigers",444,193,33,228,216,57,136,120,0.434684684684685,0.513513513513513,0.170984455958549,0.263888888888889,0.882352941176471,"pitch_level_pitcher_discipline_profile_v1","2026-09-19","2026-09-20 14:00:36 UTC"
"676440","Tanner Bibee","Cleveland Guardians",2874,1354,289,1423,1451,399,955,807,0.471120389700765,0.495128740431454,0.213441654357459,0.274982770503101,0.845026178010471,"pitch_level_pitcher_discipline_profile_v1","2026-09-19","2026-09-20 14:00:36 UTC"
"676477","Garrett Whitlock","Boston Red Sox",723,416,124,362,361,154,262,218,0.575380359612725,0.500691562932227,0.298076923076923,0.426592797783933,0.83206106870229,"pitch_level_pitcher_discipline_profile_v1","2026-09-19","2026-09-20 14:00:36 UTC"
"676534","Calvin Faucher","Miami Marlins",1116,476,115,496,620,175,301,259,0.426523297491039,0.444444444444444,0.241596638655462,0.282258064516129,0.86046511627907,"pitch_level_pitcher_discipline_profile_v1","2026-09-19","2026-09-20 14:00:36 UTC"
"676571","PJ Poulin","Washington Nationals",635,254,40,301,334,79,175,153,0.4,0.474015748031496,0.15748031496063,0.236526946107784,0.874285714285714,"pitch_level_pitcher_discipline_profile_v1","2026-09-19","2026-09-20 14:00:36 UTC"
"676604","Tyler Zuber","Miami Marlins",674,320,65,345,329,98,222,196,0.474777448071217,0.51186943620178,0.203125,0.297872340425532,0.882882882882883,"pitch_level_pitcher_discipline_profile_v1","2026-09-19","2026-09-20 14:00:36 UTC"
"676617","Riley O'Brien","St. Louis Cardinals",1058,466,118,483,575,167,299,263,0.440453686200378,0.456521739130435,0.253218884120172,0.290434782608696,0.879598662207358,"pitch_level_pitcher_discipline_profile_v1","2026-09-19","2026-09-20 14:00:36 UTC"
"676664","JP Sears","San Diego Padres",529,251,47,250,279,76,175,152,0.474480151228733,0.472589792060492,0.187250996015936,0.272401433691756,0.868571428571429,"pitch_level_pitcher_discipline_profile_v1","2026-09-19","2026-09-20 14:00:36 UTC"
"676684","Will Vest","Detroit Tigers",484,233,54,224,260,87,146,124,0.481404958677686,0.462809917355372,0.231759656652361,0.334615384615385,0.849315068493151,"pitch_level_pitcher_discipline_profile_v1","2026-09-19","2026-09-20 14:00:36 UTC"
"676742","Cam Sanders","Baltimore Orioles",510,228,80,219,291,91,137,109,0.447058823529412,0.429411764705882,0.350877192982456,0.312714776632302,0.795620437956204,"pitch_level_pitcher_discipline_profile_v1","2026-09-19","2026-09-20 14:00:36 UTC"
"676755","Isaac Mattson","Pittsburgh Pirates",728,362,65,374,354,97,265,237,0.497252747252747,0.513736263736264,0.179558011049724,0.274011299435028,0.894339622641509,"pitch_level_pitcher_discipline_profile_v1","2026-09-19","2026-09-20 14:00:36 UTC"
"676760","Ron Marinaccio","Cincinnati Reds",1042,491,110,471,571,147,344,294,0.471209213051823,0.452015355086372,0.224032586558045,0.257443082311734,0.854651162790698,"pitch_level_pitcher_discipline_profile_v1","2026-09-19","2026-09-20 14:00:36 UTC"
"676775","Keaton Winn","San Francisco Giants",644,305,66,317,327,90,215,188,0.47360248447205,0.492236024844721,0.216393442622951,0.275229357798165,0.874418604651163,"pitch_level_pitcher_discipline_profile_v1","2026-09-19","2026-09-20 14:00:36 UTC"
"676879","Aaron Ashby","Milwaukee Brewers",1524,616,182,665,859,253,363,322,0.404199475065617,0.436351706036745,0.295454545454545,0.294528521536671,0.887052341597796,"pitch_level_pitcher_discipline_profile_v1","2026-09-19","2026-09-20 14:00:36 UTC"
"676917","Cade Cavalli","Washington Nationals",2777,1323,326,1358,1419,455,868,756,0.47641339575081,0.489016924738927,0.246409674981104,0.320648343904158,0.870967741935484,"pitch_level_pitcher_discipline_profile_v1","2026-09-19","2026-09-20 14:00:36 UTC"
"676962","Ben Brown","Chicago Cubs",1004,473,116,497,507,155,318,279,0.471115537848606,0.495019920318725,0.245243128964059,0.305719921104536,0.877358490566038,"pitch_level_pitcher_discipline_profile_v1","2026-09-19","2026-09-20 14:00:36 UTC"
"676974","Max Meyer","Miami Marlins",1789,836,222,846,943,298,538,470,0.467300167691448,0.472889882615987,0.26555023923445,0.316012725344645,0.87360594795539,"pitch_level_pitcher_discipline_profile_v1","2026-09-19","2026-09-20 14:00:36 UTC"
"676979","Garrett Crochet","Boston Red Sox",518,254,58,236,282,85,169,148,0.49034749034749,0.455598455598456,0.228346456692913,0.301418439716312,0.875739644970414,"pitch_level_pitcher_discipline_profile_v1","2026-09-19","2026-09-20 14:00:36 UTC"
"677020","Josh Walker","Baltimore Orioles",464,229,44,223,241,74,155,139,0.493534482758621,0.480603448275862,0.192139737991266,0.307053941908714,0.896774193548387,"pitch_level_pitcher_discipline_profile_v1","2026-09-19","2026-09-20 14:00:36 UTC"
"677053","Andrew Nardi","Miami Marlins",378,181,50,188,190,56,125,107,0.478835978835979,0.497354497354497,0.276243093922652,0.294736842105263,0.856,"pitch_level_pitcher_discipline_profile_v1","2026-09-19","2026-09-20 14:00:36 UTC"
"677865","Justin Bruihl","St. Louis Cardinals",1276,584,97,606,670,202,382,343,0.457680250783699,0.474921630094044,0.166095890410959,0.301492537313433,0.897905759162304,"pitch_level_pitcher_discipline_profile_v1","2026-09-19","2026-09-20 14:00:36 UTC"
"677944","Slade Cecconi","Cleveland Guardians",1997,934,173,996,1001,279,655,583,0.467701552328493,0.498748122183275,0.185224839400428,0.278721278721279,0.890076335877863,"pitch_level_pitcher_discipline_profile_v1","2026-09-19","2026-09-20 14:00:36 UTC"
"677952","Braxton Ashcraft","Pittsburgh Pirates",2413,1255,294,1246,1167,432,823,726,0.520099461251554,0.516369664318276,0.234262948207171,0.370179948586118,0.882138517618469,"pitch_level_pitcher_discipline_profile_v1","2026-09-19","2026-09-20 14:00:36 UTC"
"677955","Jaden Hill","Colorado Rockies",667,323,83,324,343,95,228,180,0.484257871064468,0.48575712143928,0.256965944272446,0.276967930029155,0.789473684210526,"pitch_level_pitcher_discipline_profile_v1","2026-09-19","2026-09-20 14:00:36 UTC"
"677958","Kumar Rocker","Texas Rangers",2422,1161,283,1115,1307,408,753,669,0.479355904211396,0.460363336085879,0.243755383290267,0.312165263963275,0.888446215139442,"pitch_level_pitcher_discipline_profile_v1","2026-09-19","2026-09-20 14:00:36 UTC"
"677960","Ryan Weathers","New York Yankees",2279,1022,256,1063,1215,352,670,575,0.448442299254059,0.466432645897323,0.250489236790607,0.289711934156379,0.858208955223881,"pitch_level_pitcher_discipline_profile_v1","2026-09-19","2026-09-20 14:00:36 UTC"
"677961","Cole Wilcox","Seattle Mariners",484,224,62,229,255,78,146,123,0.462809917355372,0.473140495867769,0.276785714285714,0.305882352941176,0.842465753424658,"pitch_level_pitcher_discipline_profile_v1","2026-09-19","2026-09-20 14:00:36 UTC"
"677976","Randy Dobnak","Kansas City Royals",1222,555,99,539,683,201,354,327,0.45417348608838,0.441080196399345,0.178378378378378,0.294289897510981,0.923728813559322,"pitch_level_pitcher_discipline_profile_v1","2026-09-19","2026-09-20 14:00:36 UTC"
"678020","Seth Halvorsen","Los Angeles Dodgers",522,252,50,233,289,81,171,150,0.482758620689655,0.446360153256705,0.198412698412698,0.280276816608997,0.87719298245614,"pitch_level_pitcher_discipline_profile_v1","2026-09-19","2026-09-20 14:00:36 UTC"
"678022","Jack Perkins","Athletics",1927,921,232,888,1004,338,569,494,0.47794499221588,0.46081992734821,0.251900108577633,0.336653386454183,0.868189806678383,"pitch_level_pitcher_discipline_profile_v1","2026-09-19","2026-09-20 14:00:36 UTC"
"678394","Brayan Bello","Boston Red Sox",1848,920,205,872,976,319,601,510,0.497835497835498,0.471861471861472,0.222826086956522,0.326844262295082,0.848585690515807,"pitch_level_pitcher_discipline_profile_v1","2026-09-19","2026-09-20 14:00:36 UTC"
"678606","José A. Ferrer","Seattle Mariners",1024,517,88,555,469,138,379,335,0.5048828125,0.5419921875,0.170212765957447,0.294243070362473,0.883905013192612,"pitch_level_pitcher_discipline_profile_v1","2026-09-19","2026-09-20 14:00:36 UTC"
"678906","Kai-Wei Teng","Houston Astros",1266,556,142,604,662,189,367,312,0.439178515007899,0.477093206951027,0.255395683453237,0.285498489425982,0.850136239782016,"pitch_level_pitcher_discipline_profile_v1","2026-09-19","2026-09-20 14:00:36 UTC"
"679358","Eric Orze","Minnesota Twins",677,294,61,329,348,98,196,168,0.434268833087149,0.485967503692762,0.207482993197279,0.281609195402299,0.857142857142857,"pitch_level_pitcher_discipline_profile_v1","2026-09-19","2026-09-20 14:00:36 UTC"
"679775","Kyle Backhus","Philadelphia Phillies",354,153,28,173,181,51,102,93,0.432203389830508,0.488700564971751,0.183006535947712,0.281767955801105,0.911764705882353,"pitch_level_pitcher_discipline_profile_v1","2026-09-19","2026-09-20 14:00:36 UTC"
"679883","Luinder Avila","Kansas City Royals",1293,548,121,567,726,195,353,310,0.423820572312452,0.438515081206497,0.220802919708029,0.268595041322314,0.878186968838527,"pitch_level_pitcher_discipline_profile_v1","2026-09-19","2026-09-20 14:00:36 UTC"
"680570","Grayson Rodriguez","Los Angeles Angels",1667,819,171,844,823,230,589,518,0.49130173965207,0.50629874025195,0.208791208791209,0.279465370595383,0.879456706281834,"pitch_level_pitcher_discipline_profile_v1","2026-09-19","2026-09-20 14:00:36 UTC"
"680573","Simeon Woods Richardson","Toronto Blue Jays",1161,491,81,558,603,134,357,317,0.4229112833764,0.48062015503876,0.164969450101833,0.222222222222222,0.887955182072829,"pitch_level_pitcher_discipline_profile_v1","2026-09-19","2026-09-20 14:00:36 UTC"
"680604","Blas Castaño","Colorado Rockies",460,215,39,230,230,66,149,131,0.467391304347826,0.5,0.181395348837209,0.28695652173913,0.879194630872483,"pitch_level_pitcher_discipline_profile_v1","2026-09-19","2026-09-20 14:00:36 UTC"
"680694","Kyle Bradish","Baltimore Orioles",2629,1199,267,1185,1444,436,763,701,0.456066945606695,0.450741726892355,0.222685571309425,0.301939058171745,0.918741808650065,"pitch_level_pitcher_discipline_profile_v1","2026-09-19","2026-09-20 14:00:36 UTC"
"680730","Mitchell Parker","Washington Nationals",664,334,88,333,331,106,228,192,0.503012048192771,0.501506024096386,0.263473053892216,0.3202416918429,0.842105263157895,"pitch_level_pitcher_discipline_profile_v1","2026-09-19","2026-09-20 14:00:36 UTC"
"680732","Sean Burke","Chicago White Sox",2789,1359,309,1372,1417,448,911,778,0.487271423449265,0.491932592326999,0.227373068432671,0.316160903316867,0.854006586169045,"pitch_level_pitcher_discipline_profile_v1","2026-09-19","2026-09-20 14:00:36 UTC"
"680736","Justin Wrobleski","Los Angeles Dodgers",2066,1033,195,1106,960,306,727,623,0.5,0.535333978702807,0.188770571151985,0.31875,0.856946354883081,"pitch_level_pitcher_discipline_profile_v1","2026-09-19","2026-09-20 14:00:36 UTC"
"680742","Jonathan Bowlan","Philadelphia Phillies",959,481,139,433,526,185,296,230,0.501564129301356,0.451511991657977,0.288981288981289,0.35171102661597,0.777027027027027,"pitch_level_pitcher_discipline_profile_v1","2026-09-19","2026-09-20 14:00:36 UTC"
"680744","Ty Madden","Detroit Tigers",671,332,79,278,393,128,204,172,0.49478390461997,0.414307004470939,0.237951807228916,0.325699745547074,0.843137254901961,"pitch_level_pitcher_discipline_profile_v1","2026-09-19","2026-09-20 14:00:36 UTC"
"680755","Braydon Fisher","Toronto Blue Jays",1237,541,140,540,697,206,335,278,0.437348423605497,0.436540016168149,0.258780036968577,0.295552367288379,0.829850746268657,"pitch_level_pitcher_discipline_profile_v1","2026-09-19","2026-09-20 14:00:36 UTC"
"680767","Victor Vodnik","Miami Marlins",983,457,99,452,531,138,319,280,0.464903357070193,0.459816887080366,0.216630196936543,0.259887005649718,0.877742946708464,"pitch_level_pitcher_discipline_profile_v1","2026-09-19","2026-09-20 14:00:36 UTC"
"680802","Ryan Weiss","Houston Astros",530,236,52,236,294,85,151,136,0.445283018867925,0.445283018867925,0.220338983050847,0.289115646258503,0.900662251655629,"pitch_level_pitcher_discipline_profile_v1","2026-09-19","2026-09-20 14:00:36 UTC"
"680916","Franco Aleman","Cleveland Guardians",427,195,48,203,224,56,139,117,0.456674473067916,0.475409836065574,0.246153846153846,0.25,0.841726618705036,"pitch_level_pitcher_discipline_profile_v1","2026-09-19","2026-09-20 14:00:36 UTC"
"681035","Christian Scott","New York Mets",1964,972,238,967,997,296,676,555,0.494908350305499,0.492362525458248,0.244855967078189,0.296890672016048,0.821005917159763,"pitch_level_pitcher_discipline_profile_v1","2026-09-19","2026-09-20 14:00:36 UTC"
"681151","Jayden Murray","Chicago Cubs",307,150,37,145,162,47,103,83,0.488599348534202,0.472312703583062,0.246666666666667,0.290123456790123,0.805825242718447,"pitch_level_pitcher_discipline_profile_v1","2026-09-19","2026-09-20 14:00:36 UTC"
"681190","Randy Vásquez","San Diego Padres",2158,1089,183,1114,1044,294,795,711,0.504633920296571,0.516218721037998,0.168044077134986,0.281609195402299,0.894339622641509,"pitch_level_pitcher_discipline_profile_v1","2026-09-19","2026-09-20 14:00:36 UTC"
"681217","Chase Silseth","Texas Rangers",1045,492,146,480,565,169,323,254,0.470813397129187,0.45933014354067,0.296747967479675,0.299115044247788,0.786377708978328,"pitch_level_pitcher_discipline_profile_v1","2026-09-19","2026-09-20 14:00:36 UTC"
"681293","Spencer Arrighetti","Toronto Blue Jays",1899,797,185,853,1046,273,524,458,0.41969457609268,0.449183780937335,0.232120451693852,0.260994263862333,0.874045801526718,"pitch_level_pitcher_discipline_profile_v1","2026-09-19","2026-09-20 14:00:36 UTC"
"681347","Mike Burrows","Houston Astros",1567,772,158,737,830,268,504,442,0.492661135928526,0.470325462667518,0.204663212435233,0.32289156626506,0.876984126984127,"pitch_level_pitcher_discipline_profile_v1","2026-09-19","2026-09-20 14:00:36 UTC"
"681402","Gus Varland","Washington Nationals",565,282,55,284,281,92,190,172,0.499115044247788,0.502654867256637,0.195035460992908,0.327402135231317,0.905263157894737,"pitch_level_pitcher_discipline_profile_v1","2026-09-19","2026-09-20 14:00:36 UTC"
"681517","Kyle Leahy","St. Louis Cardinals",2288,1059,211,1123,1165,315,744,673,0.46284965034965,0.490821678321678,0.199244570349386,0.270386266094421,0.904569892473118,"pitch_level_pitcher_discipline_profile_v1","2026-09-19","2026-09-20 14:00:36 UTC"
"681676","Ryan Fernandez","St. Louis Cardinals",387,188,57,170,217,65,123,101,0.48578811369509,0.439276485788114,0.303191489361702,0.299539170506912,0.821138211382114,"pitch_level_pitcher_discipline_profile_v1","2026-09-19","2026-09-20 14:00:36 UTC"
"681799","Ethan Roberts","Chicago Cubs",436,190,39,205,231,58,132,114,0.435779816513761,0.470183486238532,0.205263157894737,0.251082251082251,0.863636363636364,"pitch_level_pitcher_discipline_profile_v1","2026-09-19","2026-09-20 14:00:36 UTC"
"681810","Austin Warren","New York Mets",864,346,85,390,474,122,224,196,0.400462962962963,0.451388888888889,0.245664739884393,0.257383966244726,0.875,"pitch_level_pitcher_discipline_profile_v1","2026-09-19","2026-09-20 14:00:36 UTC"
"681867","Cooper Criswell","Seattle Mariners",593,287,54,275,318,113,174,151,0.48397976391231,0.463743676222597,0.18815331010453,0.355345911949686,0.867816091954023,"pitch_level_pitcher_discipline_profile_v1","2026-09-19","2026-09-20 14:00:36 UTC"
"681870","Erik Sabrowski","Cleveland Guardians",774,360,110,354,415,125,233,183,0.465116279069767,0.457364341085271,0.305555555555556,0.301204819277108,0.785407725321888,"pitch_level_pitcher_discipline_profile_v1","2026-09-19","2026-09-20 14:00:36 UTC"
"681892","Kody Funderburk","Minnesota Twins",844,372,79,402,442,113,259,211,0.440758293838863,0.476303317535545,0.212365591397849,0.255656108597285,0.814671814671815,"pitch_level_pitcher_discipline_profile_v1","2026-09-19","2026-09-20 14:00:36 UTC"
"681895","Evan Sisk","Pittsburgh Pirates",791,325,77,348,443,105,220,185,0.410872313527181,0.439949431099874,0.236923076923077,0.237020316027088,0.840909090909091,"pitch_level_pitcher_discipline_profile_v1","2026-09-19","2026-09-20 14:00:36 UTC"
"681911","Alex Vesia","Los Angeles Dodgers",968,465,142,443,525,168,297,225,0.480371900826446,0.457644628099174,0.305376344086021,0.32,0.757575757575758,"pitch_level_pitcher_discipline_profile_v1","2026-09-19","2026-09-20 14:00:36 UTC"
"681916","Dylan Smith","San Francisco Giants",648,315,75,322,326,91,224,190,0.486111111111111,0.496913580246914,0.238095238095238,0.279141104294479,0.848214285714286,"pitch_level_pitcher_discipline_profile_v1","2026-09-19","2026-09-20 14:00:36 UTC"
"681982","Grant Anderson","Milwaukee Brewers",918,447,103,432,486,142,305,268,0.486928104575163,0.470588235294118,0.230425055928412,0.292181069958848,0.878688524590164,"pitch_level_pitcher_discipline_profile_v1","2026-09-19","2026-09-20 14:00:36 UTC"
"682052","Jacob Lopez","Athletics",2149,990,221,1011,1121,310,672,562,0.460679385760819,0.470451372731503,0.223232323232323,0.276538804638715,0.836309523809524,"pitch_level_pitcher_discipline_profile_v1","2026-09-19","2026-09-20 14:00:36 UTC"
"682120","Tim Herrin","Cleveland Guardians",930,433,125,414,516,160,273,221,0.465591397849462,0.445161290322581,0.288683602771363,0.310077519379845,0.80952380952381,"pitch_level_pitcher_discipline_profile_v1","2026-09-19","2026-09-20 14:00:36 UTC"
"682227","Brandon Williamson","Cincinnati Reds",763,336,76,351,412,101,235,189,0.440366972477064,0.46002621231979,0.226190476190476,0.245145631067961,0.804255319148936,"pitch_level_pitcher_discipline_profile_v1","2026-09-19","2026-09-20 14:00:36 UTC"
"682243","Bryce Miller","Seattle Mariners",1793,968,209,877,916,321,647,553,0.539877300613497,0.489124372559955,0.215909090909091,0.350436681222707,0.854714064914992,"pitch_level_pitcher_discipline_profile_v1","2026-09-19","2026-09-20 14:00:36 UTC"
"682254","Mason Montgomery","Pittsburgh Pirates",1107,545,162,545,562,183,362,292,0.492321589882565,0.492321589882565,0.297247706422018,0.325622775800712,0.806629834254144,"pitch_level_pitcher_discipline_profile_v1","2026-09-19","2026-09-20 14:00:36 UTC"
"682608","Peyton Gray","Texas Rangers",929,464,105,474,455,149,315,261,0.4994617868676,0.510226049515608,0.226293103448276,0.327472527472527,0.828571428571429,"pitch_level_pitcher_discipline_profile_v1","2026-09-19","2026-09-20 14:00:36 UTC"
"682825","Luis Mey","Cincinnati Reds",595,245,71,299,296,68,177,139,0.411764705882353,0.502521008403361,0.289795918367347,0.22972972972973,0.785310734463277,"pitch_level_pitcher_discipline_profile_v1","2026-09-19","2026-09-20 14:00:36 UTC"
"682842","Abner Uribe","Milwaukee Brewers",893,383,91,430,463,124,259,224,0.428891377379619,0.481522956326988,0.237597911227154,0.267818574514039,0.864864864864865,"pitch_level_pitcher_discipline_profile_v1","2026-09-19","2026-09-20 14:00:36 UTC"
"682989","Victor Mederos","Atlanta Braves",533,262,68,231,302,102,160,131,0.49155722326454,0.433395872420263,0.259541984732824,0.337748344370861,0.81875,"pitch_level_pitcher_discipline_profile_v1","2026-09-19","2026-09-20 14:00:36 UTC"
"682995","Hunter Barco","Pittsburgh Pirates",351,135,20,156,195,38,97,89,0.384615384615385,0.444444444444444,0.148148148148148,0.194871794871795,0.917525773195876,"pitch_level_pitcher_discipline_profile_v1","2026-09-19","2026-09-20 14:00:36 UTC"
"683000","Riley Cornelio","Washington Nationals",594,286,93,247,347,115,171,130,0.481481481481481,0.415824915824916,0.325174825174825,0.331412103746398,0.760233918128655,"pitch_level_pitcher_discipline_profile_v1","2026-09-19","2026-09-20 14:00:36 UTC"
"683003","Jared Jones","Pittsburgh Pirates",1493,726,215,721,772,243,483,406,0.486269256530476,0.48292029470864,0.296143250688705,0.314766839378238,0.840579710144927,"pitch_level_pitcher_discipline_profile_v1","2026-09-19","2026-09-20 14:00:36 UTC"
"683004","Jack Leiter","Texas Rangers",1397,669,161,670,727,221,448,384,0.478883321403006,0.479599141016464,0.240657698056801,0.303988995873453,0.857142857142857,"pitch_level_pitcher_discipline_profile_v1","2026-09-19","2026-09-20 14:00:36 UTC"
"683175","Connor Phillips","Cincinnati Reds",547,220,53,247,300,63,157,137,0.402193784277879,0.451553930530165,0.240909090909091,0.21,0.872611464968153,"pitch_level_pitcher_discipline_profile_v1","2026-09-19","2026-09-20 14:00:36 UTC"
"683232","Nick Mears","Kansas City Royals",341,150,26,146,195,57,93,88,0.439882697947214,0.428152492668622,0.173333333333333,0.292307692307692,0.946236559139785,"pitch_level_pitcher_discipline_profile_v1","2026-09-19","2026-09-20 14:00:36 UTC"
"683352","Mitch Bratt","Arizona Diamondbacks",726,343,44,359,367,93,250,228,0.472451790633609,0.494490358126722,0.128279883381924,0.253405994550409,0.912,"pitch_level_pitcher_discipline_profile_v1","2026-09-19","2026-09-20 14:00:36 UTC"
"683363","Matt Wilkinson","San Francisco Giants",306,137,20,146,160,41,96,89,0.447712418300654,0.477124183006536,0.145985401459854,0.25625,0.927083333333333,"pitch_level_pitcher_discipline_profile_v1","2026-09-19","2026-09-20 14:00:36 UTC"
"683618","Edgardo Henriquez","Los Angeles Dodgers",968,475,134,432,536,184,291,239,0.490702479338843,0.446280991735537,0.282105263157895,0.343283582089552,0.821305841924399,"pitch_level_pitcher_discipline_profile_v1","2026-09-19","2026-09-20 14:00:36 UTC"
"683627","Anthony Molina","San Francisco Giants",457,234,51,223,234,78,156,130,0.512035010940919,0.487964989059081,0.217948717948718,0.333333333333333,0.833333333333333,"pitch_level_pitcher_discipline_profile_v1","2026-09-19","2026-09-20 14:00:36 UTC"
"683742","Jose Franco","Cincinnati Reds",346,154,28,159,187,43,111,99,0.445086705202312,0.459537572254335,0.181818181818182,0.229946524064171,0.891891891891892,"pitch_level_pitcher_discipline_profile_v1","2026-09-19","2026-09-20 14:00:36 UTC"
"683769","Hunter Gaddis","Cleveland Guardians",917,471,130,431,486,163,308,252,0.513631406761178,0.470010905125409,0.276008492569002,0.335390946502058,0.818181818181818,"pitch_level_pitcher_discipline_profile_v1","2026-09-19","2026-09-20 14:00:36 UTC"
"684007","Shota Imanaga","Chicago Cubs",2707,1398,390,1249,1458,513,885,720,0.516438862209088,0.461396379756188,0.278969957081545,0.351851851851852,0.813559322033898,"pitch_level_pitcher_discipline_profile_v1","2026-09-19","2026-09-20 14:00:36 UTC"
"684049","Brandan Bidois","Pittsburgh Pirates",325,159,52,145,180,61,98,76,0.489230769230769,0.446153846153846,0.327044025157233,0.338888888888889,0.775510204081633,"pitch_level_pitcher_discipline_profile_v1","2026-09-19","2026-09-20 14:00:36 UTC"
"684442","Kohl Drake","Arizona Diamondbacks",382,168,31,178,204,50,118,102,0.43979057591623,0.465968586387435,0.18452380952381,0.245098039215686,0.864406779661017,"pitch_level_pitcher_discipline_profile_v1","2026-09-19","2026-09-20 14:00:36 UTC"
"684665","Luke Murphy","Los Angeles Angels",329,151,29,149,180,50,101,92,0.458966565349544,0.452887537993921,0.19205298013245,0.277777777777778,0.910891089108911,"pitch_level_pitcher_discipline_profile_v1","2026-09-19","2026-09-20 14:00:36 UTC"
"684974","Craig Yoho","Cleveland Guardians",612,282,75,278,334,106,176,143,0.46078431372549,0.454248366013072,0.265957446808511,0.317365269461078,0.8125,"pitch_level_pitcher_discipline_profile_v1","2026-09-19","2026-09-20 14:00:36 UTC"
"685126","Brandon Eisert","Pittsburgh Pirates",749,347,99,319,430,131,216,174,0.46328437917223,0.425901201602136,0.285302593659942,0.304651162790698,0.805555555555556,"pitch_level_pitcher_discipline_profile_v1","2026-09-19","2026-09-20 14:00:36 UTC"
"685299","Tanner Gordon","Colorado Rockies",1596,850,169,845,751,243,607,527,0.532581453634085,0.529448621553885,0.198823529411765,0.323568575233023,0.868204283360791,"pitch_level_pitcher_discipline_profile_v1","2026-09-19","2026-09-20 14:00:36 UTC"
"685801","Hunter Bigge","Tampa Bay Rays",319,139,32,137,182,49,90,82,0.435736677115987,0.429467084639498,0.23021582733813,0.269230769230769,0.911111111111111,"pitch_level_pitcher_discipline_profile_v1","2026-09-19","2026-09-20 14:00:36 UTC"
"686218","Emmet Sheehan","Los Angeles Dodgers",1861,940,274,839,1022,361,579,488,0.505104782375067,0.450832885545406,0.291489361702128,0.353228962818004,0.842832469775475,"pitch_level_pitcher_discipline_profile_v1","2026-09-19","2026-09-20 14:00:36 UTC"
"686560","Gavin Collyer","Texas Rangers",446,166,42,206,240,53,113,96,0.37219730941704,0.461883408071749,0.253012048192771,0.220833333333333,0.849557522123894,"pitch_level_pitcher_discipline_profile_v1","2026-09-19","2026-09-20 14:00:36 UTC"
"686580","Justin Slaten","Boston Red Sox",508,258,61,265,243,81,177,153,0.507874015748031,0.521653543307087,0.236434108527132,0.333333333333333,0.864406779661017,"pitch_level_pitcher_discipline_profile_v1","2026-09-19","2026-09-20 14:00:36 UTC"
"686613","Hunter Brown","Houston Astros",1683,706,177,758,925,253,453,379,0.419489007724302,0.450386215092097,0.25070821529745,0.273513513513513,0.836644591611479,"pitch_level_pitcher_discipline_profile_v1","2026-09-19","2026-09-20 14:00:36 UTC"
"686751","Seth Johnson","Athletics",513,239,63,243,270,80,159,129,0.46588693957115,0.473684210526316,0.263598326359833,0.296296296296296,0.811320754716981,"pitch_level_pitcher_discipline_profile_v1","2026-09-19","2026-09-20 14:00:36 UTC"
"686753","Drey Jameson","Arizona Diamondbacks",306,144,38,149,157,48,96,80,0.470588235294118,0.486928104575163,0.263888888888889,0.305732484076433,0.833333333333333,"pitch_level_pitcher_discipline_profile_v1","2026-09-19","2026-09-20 14:00:36 UTC"
"686790","Trevor McDonald","San Francisco Giants",1137,506,103,549,588,172,334,302,0.445030782761653,0.482849604221636,0.203557312252964,0.292517006802721,0.904191616766467,"pitch_level_pitcher_discipline_profile_v1","2026-09-19","2026-09-20 14:00:36 UTC"
"686799","Jack Kochanowicz","Los Angeles Angels",1106,500,112,521,585,150,350,293,0.452079566003617,0.471066907775769,0.224,0.256410256410256,0.837142857142857,"pitch_level_pitcher_discipline_profile_v1","2026-09-19","2026-09-20 14:00:36 UTC"
"686930","Mason Barnett","Athletics",822,354,68,364,458,119,235,211,0.430656934306569,0.442822384428224,0.192090395480226,0.259825327510917,0.897872340425532,"pitch_level_pitcher_discipline_profile_v1","2026-09-19","2026-09-20 14:00:36 UTC"
"686973","Louis Varland","Toronto Blue Jays",1209,627,161,566,643,235,392,337,0.518610421836228,0.468155500413565,0.256778309409888,0.36547433903577,0.85969387755102,"pitch_level_pitcher_discipline_profile_v1","2026-09-19","2026-09-20 14:00:36 UTC"
"686993","Justin Sterner","Athletics",726,378,104,339,387,131,247,204,0.520661157024793,0.466942148760331,0.275132275132275,0.338501291989664,0.825910931174089,"pitch_level_pitcher_discipline_profile_v1","2026-09-19","2026-09-20 14:00:36 UTC"
"687064","Brandon Young","Baltimore Orioles",2364,1165,252,1104,1260,424,741,655,0.492808798646362,0.467005076142132,0.216309012875536,0.336507936507937,0.883940620782726,"pitch_level_pitcher_discipline_profile_v1","2026-09-19","2026-09-20 14:00:36 UTC"
"687075","Brandon Sproat","Milwaukee Brewers",1749,799,179,850,872,222,568,487,0.4568324757004,0.485991995425958,0.224030037546934,0.254587155963303,0.857394366197183,"pitch_level_pitcher_discipline_profile_v1","2026-09-19","2026-09-20 14:00:36 UTC"
"687223","Carson Palmquist","Washington Nationals",313,151,32,141,172,59,92,82,0.482428115015974,0.450479233226837,0.211920529801325,0.343023255813953,0.891304347826087,"pitch_level_pitcher_discipline_profile_v1","2026-09-19","2026-09-20 14:00:36 UTC"
"687273","Quinn Mathews","St. Louis Cardinals",690,310,76,321,369,97,213,185,0.449275362318841,0.465217391304348,0.245161290322581,0.262872628726287,0.868544600938967,"pitch_level_pitcher_discipline_profile_v1","2026-09-19","2026-09-20 14:00:36 UTC"
"687312","Gabriel Hughes","Colorado Rockies",1142,547,99,579,563,150,397,355,0.478984238178634,0.507005253940455,0.180987202925046,0.266429840142096,0.894206549118388,"pitch_level_pitcher_discipline_profile_v1","2026-09-19","2026-09-20 14:00:36 UTC"
"687330","Kevin Kelly","Tampa Bay Rays",969,478,101,482,487,167,311,278,0.493292053663571,0.497420020639835,0.211297071129707,0.342915811088296,0.893890675241158,"pitch_level_pitcher_discipline_profile_v1","2026-09-19","2026-09-20 14:00:36 UTC"
"687377","Orlando Ribalta","Washington Nationals",750,386,100,329,421,155,231,184,0.514666666666667,0.438666666666667,0.259067357512953,0.368171021377672,0.796536796536797,"pitch_level_pitcher_discipline_profile_v1","2026-09-19","2026-09-20 14:00:36 UTC"
"687396","Brent Headrick","New York Yankees",1238,657,196,592,646,223,434,360,0.530694668820679,0.478190630048465,0.298325722983257,0.345201238390093,0.829493087557604,"pitch_level_pitcher_discipline_profile_v1","2026-09-19","2026-09-20 14:00:36 UTC"
"687473","Ryan Gusto","Miami Marlins",1353,666,119,728,625,190,476,426,0.492239467849224,0.538063562453806,0.178678678678679,0.304,0.894957983193277,"pitch_level_pitcher_discipline_profile_v1","2026-09-19","2026-09-20 14:00:36 UTC"
"687562","Jake Bennett","Boston Red Sox",1553,839,175,749,804,301,538,469,0.540244687701223,0.482292337411462,0.208581644815256,0.374378109452736,0.871747211895911,"pitch_level_pitcher_discipline_profile_v1","2026-09-19","2026-09-20 14:00:36 UTC"
"687570","Connor Prielipp","Minnesota Twins",1990,946,201,975,1015,304,642,565,0.475376884422111,0.489949748743719,0.212473572938689,0.299507389162562,0.88006230529595,"pitch_level_pitcher_discipline_profile_v1","2026-09-19","2026-09-20 14:00:36 UTC"
"687606","Paxton Schultz","Washington Nationals",610,273,50,275,335,91,182,160,0.447540983606557,0.450819672131148,0.183150183150183,0.271641791044776,0.879120879120879,"pitch_level_pitcher_discipline_profile_v1","2026-09-19","2026-09-20 14:00:36 UTC"
"687911","Bryan King","Houston Astros",1001,496,77,499,502,155,341,308,0.495504495504495,0.498501498501498,0.155241935483871,0.308764940239044,0.903225806451613,"pitch_level_pitcher_discipline_profile_v1","2026-09-19","2026-09-20 14:00:36 UTC"
"687931","Carson Whisenhunt","San Francisco Giants",616,280,73,267,349,110,170,144,0.454545454545455,0.433441558441558,0.260714285714286,0.315186246418338,0.847058823529412,"pitch_level_pitcher_discipline_profile_v1","2026-09-19","2026-09-20 14:00:36 UTC"
"687941","Alec Gamboa","Boston Red Sox",397,207,30,204,193,55,152,139,0.521410579345088,0.513853904282116,0.144927536231884,0.284974093264249,0.914473684210526,"pitch_level_pitcher_discipline_profile_v1","2026-09-19","2026-09-20 14:00:36 UTC"
"688107","Robert Gasser","Milwaukee Brewers",1728,861,167,905,823,235,626,549,0.498263888888889,0.523726851851852,0.193960511033682,0.285540704738761,0.876996805111821,"pitch_level_pitcher_discipline_profile_v1","2026-09-19","2026-09-20 14:00:36 UTC"
"688158","David Morgan","San Diego Padres",551,280,81,261,290,101,179,151,0.508166969147005,0.473684210526316,0.289285714285714,0.348275862068965,0.843575418994413,"pitch_level_pitcher_discipline_profile_v1","2026-09-19","2026-09-20 14:00:36 UTC"
"688297","Chris Roycroft","Athletics",633,302,42,327,306,76,226,204,0.477093206951027,0.516587677725118,0.139072847682119,0.248366013071895,0.902654867256637,"pitch_level_pitcher_discipline_profile_v1","2026-09-19","2026-09-20 14:00:36 UTC"
"688642","Zach Agnos","Colorado Rockies",1449,729,147,666,783,252,477,438,0.503105590062112,0.459627329192547,0.201646090534979,0.32183908045977,0.918238993710692,"pitch_level_pitcher_discipline_profile_v1","2026-09-19","2026-09-20 14:00:36 UTC"
"688883","Peyton Pallette","Cleveland Guardians",442,176,45,205,237,51,125,104,0.398190045248869,0.463800904977376,0.255681818181818,0.215189873417722,0.832,"pitch_level_pitcher_discipline_profile_v1","2026-09-19","2026-09-20 14:00:36 UTC"
"689147","Orion Kerkering","Philadelphia Phillies",1093,459,109,503,590,167,292,251,0.419945105215005,0.460201280878317,0.237472766884532,0.283050847457627,0.85958904109589,"pitch_level_pitcher_discipline_profile_v1","2026-09-19","2026-09-20 14:00:36 UTC"
"689225","Beau Brieske","Detroit Tigers",338,174,38,165,173,53,121,102,0.514792899408284,0.488165680473373,0.218390804597701,0.30635838150289,0.84297520661157,"pitch_level_pitcher_discipline_profile_v1","2026-09-19","2026-09-20 14:00:36 UTC"
"689254","Mason Fluharty","Toronto Blue Jays",989,489,125,456,533,185,304,250,0.494438827098079,0.461071789686552,0.255623721881391,0.347091932457786,0.822368421052632,"pitch_level_pitcher_discipline_profile_v1","2026-09-19","2026-09-20 14:00:36 UTC"
"689266","Dylan Dodd","Atlanta Braves",720,390,101,326,394,137,253,206,0.541666666666667,0.452777777777778,0.258974358974359,0.347715736040609,0.814229249011858,"pitch_level_pitcher_discipline_profile_v1","2026-09-19","2026-09-20 14:00:36 UTC"
"689296","Anthony Nunez","Baltimore Orioles",965,465,152,399,566,207,258,226,0.481865284974093,0.413471502590674,0.326881720430108,0.365724381625442,0.875968992248062,"pitch_level_pitcher_discipline_profile_v1","2026-09-19","2026-09-20 14:00:36 UTC"
"689546","Nick Davila","Seattle Mariners",446,203,30,225,221,65,138,128,0.455156950672646,0.504484304932735,0.147783251231527,0.294117647058824,0.927536231884058,"pitch_level_pitcher_discipline_profile_v1","2026-09-19","2026-09-20 14:00:36 UTC"
"689818","David Sandlin","Chicago White Sox",553,248,52,258,295,86,162,138,0.448462929475588,0.466546112115732,0.209677419354839,0.291525423728814,0.851851851851852,"pitch_level_pitcher_discipline_profile_v1","2026-09-19","2026-09-20 14:00:36 UTC"
"690279","Mason Adams","Colorado Rockies",388,180,32,190,198,53,127,115,0.463917525773196,0.489690721649485,0.177777777777778,0.267676767676768,0.905511811023622,"pitch_level_pitcher_discipline_profile_v1","2026-09-19","2026-09-20 14:00:36 UTC"
"690925","Clayton Beeter","Washington Nationals",796,354,95,344,452,129,225,197,0.444723618090452,0.4321608040201,0.268361581920904,0.285398230088496,0.875555555555556,"pitch_level_pitcher_discipline_profile_v1","2026-09-19","2026-09-20 14:00:36 UTC"
"690928","Hunter Dobbins","St. Louis Cardinals",931,415,86,437,494,131,284,245,0.445757250268528,0.469387755102041,0.207228915662651,0.265182186234818,0.862676056338028,"pitch_level_pitcher_discipline_profile_v1","2026-09-19","2026-09-20 14:00:36 UTC"
"690953","Mick Abel","Minnesota Twins",357,177,44,182,175,58,119,100,0.495798319327731,0.509803921568627,0.248587570621469,0.331428571428571,0.840336134453782,"pitch_level_pitcher_discipline_profile_v1","2026-09-19","2026-09-20 14:00:36 UTC"
"690978","Dax Fulton","Miami Marlins",437,192,48,189,248,69,123,100,0.439359267734554,0.432494279176201,0.25,0.278225806451613,0.813008130081301,"pitch_level_pitcher_discipline_profile_v1","2026-09-19","2026-09-20 14:00:36 UTC"
"690986","Kyle Harrison","Milwaukee Brewers",2043,989,253,996,1047,341,648,553,0.484092021536955,0.487518355359765,0.255813953488372,0.325692454632283,0.853395061728395,"pitch_level_pitcher_discipline_profile_v1","2026-09-19","2026-09-20 14:00:36 UTC"
"690997","Nolan McLean","New York Mets",2832,1252,272,1343,1489,416,836,725,0.442090395480226,0.474223163841808,0.217252396166134,0.279382135661518,0.867224880382775,"pitch_level_pitcher_discipline_profile_v1","2026-09-19","2026-09-20 14:00:36 UTC"
"691587","Eury Pérez","Miami Marlins",2554,1298,345,1166,1388,440,858,689,0.50822239624119,0.456538762725137,0.265793528505393,0.31700288184438,0.803030303030303,"pitch_level_pitcher_discipline_profile_v1","2026-09-19","2026-09-20 14:00:36 UTC"
"691725","Andrew Painter","Philadelphia Phillies",2033,1005,231,957,1076,364,641,546,0.494343334972946,0.47073290703394,0.229850746268657,0.338289962825279,0.85179407176287,"pitch_level_pitcher_discipline_profile_v1","2026-09-19","2026-09-20 14:00:36 UTC"
"691769","Philip Abner","San Francisco Giants",313,148,21,156,157,41,107,97,0.472843450479233,0.498402555910543,0.141891891891892,0.261146496815287,0.906542056074766,"pitch_level_pitcher_discipline_profile_v1","2026-09-19","2026-09-20 14:00:36 UTC"
"691799","Grant Taylor","Chicago White Sox",1316,610,161,641,675,221,389,336,0.463525835866261,0.487082066869301,0.263934426229508,0.327407407407407,0.863753213367609,"pitch_level_pitcher_discipline_profile_v1","2026-09-19","2026-09-20 14:00:36 UTC"
"691946","George Klassen","Los Angeles Angels",491,224,63,227,264,67,157,131,0.456211812627291,0.462321792260692,0.28125,0.253787878787879,0.834394904458599,"pitch_level_pitcher_discipline_profile_v1","2026-09-19","2026-09-20 14:00:36 UTC"
"691951","Sam Aldegheri","Los Angeles Angels",610,279,53,281,329,91,188,156,0.457377049180328,0.460655737704918,0.189964157706093,0.276595744680851,0.829787234042553,"pitch_level_pitcher_discipline_profile_v1","2026-09-19","2026-09-20 14:00:36 UTC"
"693308","Nick Frasso","Colorado Rockies",353,170,37,167,186,62,108,97,0.481586402266289,0.473087818696884,0.217647058823529,0.333333333333333,0.898148148148148,"pitch_level_pitcher_discipline_profile_v1","2026-09-19","2026-09-20 14:00:36 UTC"
"693313","Carson Seymour","San Francisco Giants",487,228,49,229,258,66,162,149,0.468172484599589,0.470225872689938,0.214912280701754,0.255813953488372,0.919753086419753,"pitch_level_pitcher_discipline_profile_v1","2026-09-19","2026-09-20 14:00:36 UTC"
"693433","Bryan Woo","Seattle Mariners",2561,1364,296,1313,1248,430,934,812,0.532604451386177,0.512690355329949,0.217008797653959,0.344551282051282,0.869379014989293,"pitch_level_pitcher_discipline_profile_v1","2026-09-19","2026-09-20 14:00:36 UTC"
"693645","Cam Schlittler","New York Yankees",2971,1544,413,1457,1514,518,1026,823,0.519690339952878,0.490407270279367,0.267487046632124,0.342140026420079,0.802144249512671,"pitch_level_pitcher_discipline_profile_v1","2026-09-19","2026-09-20 14:00:36 UTC"
"693686","Spencer Miles","Toronto Blue Jays",1429,684,116,752,677,187,497,441,0.478656403079076,0.526242127361791,0.169590643274854,0.276218611521418,0.887323943661972,"pitch_level_pitcher_discipline_profile_v1","2026-09-19","2026-09-20 14:00:36 UTC"
"693821","Bryce Elder","Atlanta Braves",2245,1039,202,1070,1175,323,716,640,0.462806236080178,0.476614699331849,0.1944177093359,0.274893617021277,0.893854748603352,"pitch_level_pitcher_discipline_profile_v1","2026-09-19","2026-09-20 14:00:36 UTC"
"693855","Ian Seymour","Tampa Bay Rays",2063,1063,279,1041,1022,361,702,576,0.515269025690742,0.504604944255938,0.262464722483537,0.353228962818004,0.82051282051282,"pitch_level_pitcher_discipline_profile_v1","2026-09-19","2026-09-20 14:00:36 UTC"
"694037","Daniel Palencia","Chicago Cubs",451,226,57,219,232,69,157,131,0.501108647450111,0.485587583148559,0.252212389380531,0.297413793103448,0.834394904458599,"pitch_level_pitcher_discipline_profile_v1","2026-09-19","2026-09-20 14:00:36 UTC"
"694297","Brandon Pfaadt","Arizona Diamondbacks",1927,958,190,928,999,319,639,569,0.497145822522055,0.481577581733264,0.198329853862213,0.319319319319319,0.890453834115806,"pitch_level_pitcher_discipline_profile_v1","2026-09-19","2026-09-20 14:00:36 UTC"
"694335","Matt Svanson","St. Louis Cardinals",788,384,59,415,373,94,290,261,0.487309644670051,0.526649746192893,0.153645833333333,0.25201072386059,0.9,"pitch_level_pitcher_discipline_profile_v1","2026-09-19","2026-09-20 14:00:36 UTC"
"694346","Trey Gibson","Baltimore Orioles",619,255,56,281,338,94,161,143,0.411954765751212,0.453957996768982,0.219607843137255,0.27810650887574,0.888198757763975,"pitch_level_pitcher_discipline_profile_v1","2026-09-19","2026-09-20 14:00:36 UTC"
"694360","Beck Way","Kansas City Royals",389,174,41,189,200,60,114,104,0.447300771208226,0.48586118251928,0.235632183908046,0.3,0.912280701754386,"pitch_level_pitcher_discipline_profile_v1","2026-09-19","2026-09-20 14:00:36 UTC"
"694361","Will Klein","Los Angeles Dodgers",762,330,71,365,397,113,217,197,0.433070866141732,0.479002624671916,0.215151515151515,0.28463476070529,0.907834101382488,"pitch_level_pitcher_discipline_profile_v1","2026-09-19","2026-09-20 14:00:36 UTC"
"694477","Chad Patrick","Milwaukee Brewers",1676,804,190,796,880,261,543,452,0.479713603818616,0.474940334128878,0.236318407960199,0.296590909090909,0.832412523020258,"pitch_level_pitcher_discipline_profile_v1","2026-09-19","2026-09-20 14:00:36 UTC"
"694738","Landen Roupp","San Francisco Giants",2712,1179,263,1145,1567,474,705,619,0.434734513274336,0.422197640117994,0.223070398642918,0.302488832163369,0.878014184397163,"pitch_level_pitcher_discipline_profile_v1","2026-09-19","2026-09-20 14:00:36 UTC"
"694795","Josh Ekness","Miami Marlins",496,203,35,241,255,60,143,129,0.409274193548387,0.485887096774194,0.172413793103448,0.235294117647059,0.902097902097902,"pitch_level_pitcher_discipline_profile_v1","2026-09-19","2026-09-20 14:00:36 UTC"
"694819","Jacob Misiorowski","Milwaukee Brewers",2534,1299,446,1273,1261,444,855,657,0.512628255722178,0.502367797947908,0.343341031562741,0.352101506740682,0.768421052631579,"pitch_level_pitcher_discipline_profile_v1","2026-09-19","2026-09-20 14:00:36 UTC"
"694918","Blade Tidwell","San Francisco Giants",902,399,82,448,454,112,287,255,0.442350332594235,0.496674057649667,0.205513784461153,0.246696035242291,0.888501742160279,"pitch_level_pitcher_discipline_profile_v1","2026-09-19","2026-09-20 14:00:36 UTC"
"694973","Paul Skenes","Pittsburgh Pirates",2794,1429,366,1311,1483,481,948,776,0.511453113815319,0.469219756621331,0.256123163051085,0.32434254888739,0.818565400843882,"pitch_level_pitcher_discipline_profile_v1","2026-09-19","2026-09-20 14:00:36 UTC"
"695034","Kade Morris","Athletics",322,159,24,144,178,55,104,92,0.493788819875776,0.447204968944099,0.150943396226415,0.308988764044944,0.884615384615385,"pitch_level_pitcher_discipline_profile_v1","2026-09-19","2026-09-20 14:00:36 UTC"
"695076","Rhett Lowder","Cincinnati Reds",2156,949,164,1057,1099,293,656,604,0.440166975881262,0.49025974025974,0.172813487881981,0.266606005459509,0.920731707317073,"pitch_level_pitcher_discipline_profile_v1","2026-09-19","2026-09-20 14:00:36 UTC"
"695239","Robby Ahlstrom","Texas Rangers",648,309,71,326,322,81,228,190,0.476851851851852,0.503086419753086,0.229773462783172,0.251552795031056,0.833333333333333,"pitch_level_pitcher_discipline_profile_v1","2026-09-19","2026-09-20 14:00:36 UTC"
"695243","Mason Miller","San Diego Padres",1083,512,222,488,595,215,297,219,0.472760849492151,0.450600184672207,0.43359375,0.361344537815126,0.737373737373737,"pitch_level_pitcher_discipline_profile_v1","2026-09-19","2026-09-20 14:00:36 UTC"
"695380","Alex Hoppe","Baltimore Orioles",711,331,79,339,372,100,231,205,0.465541490857947,0.476793248945148,0.238670694864048,0.268817204301075,0.887445887445887,"pitch_level_pitcher_discipline_profile_v1","2026-09-19","2026-09-20 14:00:36 UTC"
"695418","Brad Lord","Washington Nationals",1418,708,118,740,678,200,508,449,0.499294781382228,0.521861777150917,0.166666666666667,0.294985250737463,0.883858267716535,"pitch_level_pitcher_discipline_profile_v1","2026-09-19","2026-09-20 14:00:36 UTC"
"695505","Chase Burns","Cincinnati Reds",2569,1256,370,1122,1447,497,759,639,0.488906189178669,0.436745815492409,0.294585987261146,0.343469246717346,0.841897233201581,"pitch_level_pitcher_discipline_profile_v1","2026-09-19","2026-09-20 14:00:36 UTC"
"695534","Chase Petty","Cincinnati Reds",477,230,43,231,246,69,161,135,0.482180293501048,0.484276729559748,0.18695652173913,0.280487804878049,0.838509316770186,"pitch_level_pitcher_discipline_profile_v1","2026-09-19","2026-09-20 14:00:36 UTC"
"695549","Jackson Jobe","Detroit Tigers",685,332,66,304,381,125,207,182,0.484671532846715,0.443795620437956,0.198795180722892,0.328083989501312,0.879227053140097,"pitch_level_pitcher_discipline_profile_v1","2026-09-19","2026-09-20 14:00:36 UTC"
"695611","Gage Jump","Athletics",1756,848,200,852,904,275,573,499,0.482915717539863,0.485193621867882,0.235849056603774,0.304203539823009,0.870855148342059,"pitch_level_pitcher_discipline_profile_v1","2026-09-19","2026-09-20 14:00:36 UTC"
"695684","Elmer Rodríguez","New York Yankees",497,198,54,220,277,67,131,113,0.398390342052314,0.442655935613682,0.272727272727273,0.24187725631769,0.862595419847328,"pitch_level_pitcher_discipline_profile_v1","2026-09-19","2026-09-20 14:00:36 UTC"
"696062","Wilber Dotel","Pittsburgh Pirates",627,300,62,319,308,87,213,180,0.478468899521531,0.508771929824561,0.206666666666667,0.282467532467532,0.845070422535211,"pitch_level_pitcher_discipline_profile_v1","2026-09-19","2026-09-20 14:00:36 UTC"
"696070","Kendry Rojas","Minnesota Twins",521,228,58,232,289,76,152,125,0.437619961612284,0.445297504798464,0.254385964912281,0.262975778546713,0.822368421052632,"pitch_level_pitcher_discipline_profile_v1","2026-09-19","2026-09-20 14:00:36 UTC"
"696131","Mason Black","Kansas City Royals",556,232,37,271,285,61,171,151,0.41726618705036,0.487410071942446,0.15948275862069,0.214035087719298,0.883040935672515,"pitch_level_pitcher_discipline_profile_v1","2026-09-19","2026-09-20 14:00:36 UTC"
"696146","Hagen Smith","Chicago White Sox",400,173,63,178,222,67,106,85,0.4325,0.445,0.364161849710983,0.301801801801802,0.80188679245283,"pitch_level_pitcher_discipline_profile_v1","2026-09-19","2026-09-20 14:00:36 UTC"
"696147","Sam Bachman","Los Angeles Angels",776,341,109,354,422,133,208,168,0.439432989690722,0.456185567010309,0.319648093841642,0.315165876777251,0.807692307692308,"pitch_level_pitcher_discipline_profile_v1","2026-09-19","2026-09-20 14:00:36 UTC"
"696149","Bubba Chandler","Pittsburgh Pirates",2609,1224,246,1265,1344,380,844,731,0.469145266385588,0.48486009965504,0.200980392156863,0.282738095238095,0.866113744075829,"pitch_level_pitcher_discipline_profile_v1","2026-09-19","2026-09-20 14:00:36 UTC"
"696270","Ryan Johnson","Los Angeles Angels",1544,710,155,753,791,222,488,418,0.459844559585492,0.487694300518135,0.21830985915493,0.280657395701643,0.85655737704918,"pitch_level_pitcher_discipline_profile_v1","2026-09-19","2026-09-20 14:00:36 UTC"
"696519","Samy Natera Jr.","Los Angeles Angels",580,277,87,284,296,81,196,148,0.477586206896552,0.489655172413793,0.314079422382672,0.273648648648649,0.755102040816326,"pitch_level_pitcher_discipline_profile_v1","2026-09-19","2026-09-20 14:00:36 UTC"
"699134","Bradgley Rodriguez","San Diego Padres",1105,573,157,548,557,193,380,296,0.518552036199095,0.495927601809955,0.273996509598604,0.346499102333932,0.778947368421053,"pitch_level_pitcher_discipline_profile_v1","2026-09-19","2026-09-20 14:00:36 UTC"
"699823","Tyler Davis","Chicago White Sox",470,242,51,224,246,85,157,134,0.514893617021277,0.476595744680851,0.210743801652893,0.345528455284553,0.853503184713376,"pitch_level_pitcher_discipline_profile_v1","2026-09-19","2026-09-20 14:00:36 UTC"
"700241","Michael McGreevy","St. Louis Cardinals",2682,1199,218,1207,1475,425,774,709,0.447054436987323,0.450037285607755,0.181818181818182,0.288135593220339,0.916020671834625,"pitch_level_pitcher_discipline_profile_v1","2026-09-19","2026-09-20 14:00:36 UTC"
"700249","Cade Povich","Baltimore Orioles",611,283,58,278,333,99,184,170,0.463175122749591,0.454991816693944,0.204946996466431,0.297297297297297,0.923913043478261,"pitch_level_pitcher_discipline_profile_v1","2026-09-19","2026-09-20 14:00:36 UTC"
"700363","AJ Smith-Shawver","Atlanta Braves",482,235,50,224,258,73,162,137,0.487551867219917,0.464730290456432,0.212765957446809,0.282945736434109,0.845679012345679,"pitch_level_pitcher_discipline_profile_v1","2026-09-19","2026-09-20 14:00:36 UTC"
"700669","Gordon Graceffo","St. Louis Cardinals",1178,538,101,519,659,191,347,314,0.456706281833616,0.440577249575552,0.187732342007435,0.289833080424886,0.904899135446686,"pitch_level_pitcher_discipline_profile_v1","2026-09-19","2026-09-20 14:00:36 UTC"
"700712","Walbert Ureña","Los Angeles Angels",2400,1121,294,1097,1303,416,705,589,0.467083333333333,0.457083333333333,0.262265834076717,0.319263238679969,0.835460992907801,"pitch_level_pitcher_discipline_profile_v1","2026-09-19","2026-09-20 14:00:36 UTC"
"701519","Travis Adams","Minnesota Twins",890,430,104,384,506,163,267,230,0.48314606741573,0.431460674157303,0.241860465116279,0.322134387351779,0.861423220973783,"pitch_level_pitcher_discipline_profile_v1","2026-09-19","2026-09-20 14:00:36 UTC"
"701542","Will Warren","New York Yankees",2505,1106,228,1156,1349,394,712,621,0.441516966067864,0.461477045908184,0.206148282097649,0.292068198665678,0.872191011235955,"pitch_level_pitcher_discipline_profile_v1","2026-09-19","2026-09-20 14:00:36 UTC"
"701656","Logan Henderson","Milwaukee Brewers",1418,760,179,768,650,210,550,447,0.535966149506347,0.541607898448519,0.235526315789474,0.323076923076923,0.812727272727273,"pitch_level_pitcher_discipline_profile_v1","2026-09-19","2026-09-20 14:00:36 UTC"
"701719","Tyler Samaniego","Boston Red Sox",314,139,26,154,160,41,98,86,0.442675159235669,0.490445859872611,0.18705035971223,0.25625,0.877551020408163,"pitch_level_pitcher_discipline_profile_v1","2026-09-19","2026-09-20 14:00:36 UTC"
"702021","Will Dion","Washington Nationals",685,350,90,334,351,122,228,187,0.510948905109489,0.487591240875912,0.257142857142857,0.347578347578348,0.820175438596491,"pitch_level_pitcher_discipline_profile_v1","2026-09-19","2026-09-20 14:00:36 UTC"
"702056","Trey Yesavage","Toronto Blue Jays",1549,733,208,678,871,261,472,397,0.473208521626856,0.437701743060039,0.283765347885402,0.299655568312285,0.841101694915254,"pitch_level_pitcher_discipline_profile_v1","2026-09-19","2026-09-20 14:00:36 UTC"
"702070","Noah Cameron","Kansas City Royals",2792,1353,323,1326,1466,436,917,777,0.484598853868195,0.474928366762178,0.238728750923873,0.297407912687585,0.847328244274809,"pitch_level_pitcher_discipline_profile_v1","2026-09-19","2026-09-20 14:00:36 UTC"
"702193","Andrew Morris","Minnesota Twins",1237,606,114,643,594,168,438,381,0.489894907033145,0.519805982215036,0.188118811881188,0.282828282828283,0.86986301369863,"pitch_level_pitcher_discipline_profile_v1","2026-09-19","2026-09-20 14:00:36 UTC"
"702273","Noah Schultz","Chicago White Sox",1197,533,107,588,609,171,362,319,0.445279866332498,0.491228070175439,0.200750469043152,0.280788177339901,0.88121546961326,"pitch_level_pitcher_discipline_profile_v1","2026-09-19","2026-09-20 14:00:36 UTC"
"702275","JR Ritchie","Atlanta Braves",1105,459,96,485,620,160,299,267,0.415384615384615,0.438914027149321,0.209150326797386,0.258064516129032,0.892976588628763,"pitch_level_pitcher_discipline_profile_v1","2026-09-19","2026-09-20 14:00:36 UTC"
"702474","Mike Paredes","Minnesota Twins",551,274,49,270,281,80,194,166,0.497277676950998,0.490018148820327,0.178832116788321,0.284697508896797,0.855670103092783,"pitch_level_pitcher_discipline_profile_v1","2026-09-19","2026-09-20 14:00:36 UTC"
"702752","Jonathan Pintaro","New York Mets",507,233,54,232,274,77,155,129,0.45956607495069,0.457593688362919,0.231759656652361,0.281021897810219,0.832258064516129,"pitch_level_pitcher_discipline_profile_v1","2026-09-19","2026-09-20 14:00:36 UTC"
"703615","Jose Cabrera","Arizona Diamondbacks",423,186,30,194,229,63,123,115,0.439716312056738,0.458628841607565,0.161290322580645,0.275109170305677,0.934959349593496,"pitch_level_pitcher_discipline_profile_v1","2026-09-19","2026-09-20 14:00:36 UTC"
"703725","Luis Gastelum","St. Louis Cardinals",540,256,83,245,295,95,161,130,0.474074074074074,0.453703703703704,0.32421875,0.322033898305085,0.807453416149068,"pitch_level_pitcher_discipline_profile_v1","2026-09-19","2026-09-20 14:00:36 UTC"
"800048","Parker Messick","Cleveland Guardians",2788,1350,316,1323,1465,462,888,748,0.484218077474892,0.474533715925395,0.234074074074074,0.315358361774744,0.842342342342342,"pitch_level_pitcher_discipline_profile_v1","2026-09-19","2026-09-20 14:00:36 UTC"
"800311","Didier Fuentes","Atlanta Braves",1183,622,170,599,584,184,438,350,0.525781910397295,0.506339814032122,0.273311897106109,0.315068493150685,0.799086757990868,"pitch_level_pitcher_discipline_profile_v1","2026-09-19","2026-09-20 14:00:36 UTC"
"800600","Jackson Kent","Washington Nationals",605,272,58,260,345,109,163,147,0.449586776859504,0.429752066115702,0.213235294117647,0.315942028985507,0.901840490797546,"pitch_level_pitcher_discipline_profile_v1","2026-09-19","2026-09-20 14:00:36 UTC"
"801139","Payton Tolle","Boston Red Sox",2191,1213,303,1156,1035,377,836,688,0.553628480146052,0.527612962117754,0.249793899422918,0.364251207729469,0.822966507177033,"pitch_level_pitcher_discipline_profile_v1","2026-09-19","2026-09-20 14:00:36 UTC"
"801403","Chase Dollander","Colorado Rockies",743,357,89,366,377,104,253,207,0.480484522207268,0.492597577388964,0.249299719887955,0.275862068965517,0.818181818181818,"pitch_level_pitcher_discipline_profile_v1","2026-09-19","2026-09-20 14:00:36 UTC"
"804267","Zac Thornton","New York Mets",1174,611,106,589,584,191,420,373,0.520442930153322,0.501703577512777,0.173486088379705,0.327054794520548,0.888095238095238,"pitch_level_pitcher_discipline_profile_v1","2026-09-19","2026-09-20 14:00:36 UTC"
"804636","Jonah Tong","New York Mets",357,183,49,169,188,56,127,101,0.512605042016807,0.473389355742297,0.26775956284153,0.297872340425532,0.795275590551181,"pitch_level_pitcher_discipline_profile_v1","2026-09-19","2026-09-20 14:00:36 UTC"
"805074","Yunior Marte","San Francisco Giants",312,140,25,148,164,40,100,90,0.448717948717949,0.474358974358974,0.178571428571429,0.24390243902439,0.9,"pitch_level_pitcher_discipline_profile_v1","2026-09-19","2026-09-20 14:00:36 UTC"
"805123","AJ Blubaugh","Houston Astros",1591,777,196,725,866,251,526,452,0.488372093023256,0.455688246385921,0.252252252252252,0.289838337182448,0.859315589353612,"pitch_level_pitcher_discipline_profile_v1","2026-09-19","2026-09-20 14:00:36 UTC"
"805299","Brandyn Garcia","Arizona Diamondbacks",658,290,74,347,310,81,209,172,0.440729483282675,0.527355623100304,0.255172413793103,0.261290322580645,0.822966507177033,"pitch_level_pitcher_discipline_profile_v1","2026-09-19","2026-09-20 14:00:36 UTC"
"805326","Tyler Schweitzer","Chicago White Sox",566,296,55,304,262,76,220,193,0.522968197879859,0.537102473498233,0.185810810810811,0.290076335877863,0.877272727272727,"pitch_level_pitcher_discipline_profile_v1","2026-09-19","2026-09-20 14:00:36 UTC"
"805345","Trent Harris","San Francisco Giants",304,127,30,160,144,41,86,71,0.417763157894737,0.526315789473684,0.236220472440945,0.284722222222222,0.825581395348837,"pitch_level_pitcher_discipline_profile_v1","2026-09-19","2026-09-20 14:00:36 UTC"
"805427","Drew Sommers","Detroit Tigers",613,308,84,309,304,110,198,159,0.502446982055465,0.504078303425775,0.272727272727273,0.361842105263158,0.803030303030303,"pitch_level_pitcher_discipline_profile_v1","2026-09-19","2026-09-20 14:00:36 UTC"
"805673","Zebby Matthews","Minnesota Twins",2017,960,193,979,1038,291,669,589,0.475954387704512,0.485374318294497,0.201041666666667,0.280346820809249,0.880418535127055,"pitch_level_pitcher_discipline_profile_v1","2026-09-19","2026-09-20 14:00:36 UTC"
"806188","Cade Gibson","Miami Marlins",841,371,74,391,450,144,227,206,0.441141498216409,0.464922711058264,0.199460916442049,0.32,0.907488986784141,"pitch_level_pitcher_discipline_profile_v1","2026-09-19","2026-09-20 14:00:36 UTC"
"806960","Luis Morales","Athletics",348,152,26,149,199,54,98,88,0.436781609195402,0.42816091954023,0.171052631578947,0.271356783919598,0.897959183673469,"pitch_level_pitcher_discipline_profile_v1","2026-09-19","2026-09-20 14:00:36 UTC"
"807739","Kade Anderson","Seattle Mariners",398,214,47,209,189,62,152,124,0.537688442211055,0.525125628140704,0.219626168224299,0.328042328042328,0.815789473684211,"pitch_level_pitcher_discipline_profile_v1","2026-09-19","2026-09-20 14:00:36 UTC"
"807743","Sean Sullivan","Colorado Rockies",412,197,30,220,192,54,143,128,0.478155339805825,0.533980582524272,0.152284263959391,0.28125,0.895104895104895,"pitch_level_pitcher_discipline_profile_v1","2026-09-19","2026-09-20 14:00:36 UTC"
"808825","Andrew Sears","Detroit Tigers",323,149,38,141,182,55,94,82,0.461300309597523,0.436532507739938,0.25503355704698,0.302197802197802,0.872340425531915,"pitch_level_pitcher_discipline_profile_v1","2026-09-19","2026-09-20 14:00:36 UTC"
"808963","Roki Sasaki","Los Angeles Dodgers",2052,1030,280,961,1091,364,666,570,0.501949317738791,0.468323586744639,0.271844660194175,0.333638863428048,0.855855855855856,"pitch_level_pitcher_discipline_profile_v1","2026-09-19","2026-09-20 14:00:36 UTC"
"808967","Yoshinobu Yamamoto","Los Angeles Dodgers",2646,1305,325,1276,1370,458,847,724,0.493197278911565,0.482237339380197,0.24904214559387,0.334306569343066,0.854781582054309,"pitch_level_pitcher_discipline_profile_v1","2026-09-19","2026-09-20 14:00:36 UTC"
"813349","Connelly Early","Boston Red Sox",1528,717,157,710,818,257,460,400,0.469240837696335,0.464659685863874,0.218967921896792,0.314180929095354,0.869565217391304,"pitch_level_pitcher_discipline_profile_v1","2026-09-19","2026-09-20 14:00:36 UTC"
"814490","Ethan Pecko","Houston Astros",487,221,44,206,281,79,142,126,0.453798767967146,0.42299794661191,0.199095022624434,0.281138790035587,0.887323943661972,"pitch_level_pitcher_discipline_profile_v1","2026-09-19","2026-09-20 14:00:36 UTC"
"815083","Mitch Farris","Los Angeles Angels",885,392,98,375,479,141,239,208,0.442937853107345,0.423728813559322,0.25,0.294363256784969,0.870292887029289,"pitch_level_pitcher_discipline_profile_v1","2026-09-19","2026-09-20 14:00:36 UTC"
"820862","José Fermin","Los Angeles Angels",940,462,129,443,497,162,300,254,0.491489361702128,0.471276595744681,0.279220779220779,0.325955734406439,0.846666666666667,"pitch_level_pitcher_discipline_profile_v1","2026-09-19","2026-09-20 14:00:36 UTC"
"837227","Tatsuya Imai","Houston Astros",1417,616,184,617,800,218,398,330,0.434721242060692,0.435426958362738,0.298701298701299,0.2725,0.829145728643216,"pitch_level_pitcher_discipline_profile_v1","2026-09-19","2026-09-20 14:00:36 UTC"
