"player_id","player_name","team","hand","recent_pa","recent_ops","recent_woba_estimate","recent_strikeout_rate","recent_walk_rate","recent_hard_hit_rate","recent_run_value_per_pa","recent_pa_reliability","baseline_pa","baseline_ops","baseline_woba_estimate","baseline_strikeout_rate","baseline_walk_rate","baseline_hard_hit_rate","baseline_run_value_per_pa","baseline_pa_reliability","ops_delta","woba_estimate_delta","strikeout_rate_delta","walk_rate_delta","hard_hit_rate_delta","run_value_per_pa_delta","form_score","form_score_confidence","form_label","recent_start","as_of_date","perspective","form_method","source_through","generated_at_utc"
"686751","Seth Johnson","Athletics","R",23,0.434782608695652,0.184347826086957,0.391304347826087,0,0.214285714285714,-0.0681315425479303,0.187,106,0.882933104631218,0.384150943396226,0.245283018867925,0.160377358490566,0.483870967741935,0.0966319084674054,0.515,-0.448150495935566,-0.19980311730927,0.146021328958162,-0.160377358490566,-0.269585253456221,-0.164763451015336,80.2,0.187,"surging",2026-09-03,2026-09-16,"pitcher","sabrhood_recent_vs_prior_zscore_v1","2026-09-16","2026-09-17 14:43:28 UTC"
"683000","Riley Cornelio","Washington Nationals","R",27,0.231481481481481,0.122592592592593,0.333333333333333,0.111111111111111,0.333333333333333,-0.191873171999873,0.213,107,0.743212149102623,0.331132075471698,0.214953271028037,0.186915887850467,0.476190476190476,0.0381887845022926,0.517,-0.511730667621142,-0.208539482879105,0.118380062305296,-0.0758047767393562,-0.142857142857143,-0.230061956502166,79.3,0.213,"surging",2026-09-03,2026-09-16,"pitcher","sabrhood_recent_vs_prior_zscore_v1","2026-09-16","2026-09-17 14:43:28 UTC"
"689225","Beau Brieske","Detroit Tigers","R",26,0.315384615384615,0.137692307692308,0.269230769230769,0.0384615384615385,0.333333333333333,-0.151547867881472,0.206,47,0.861702127659574,0.370212765957447,0.191489361702128,0.106382978723404,0.515151515151515,0.0342176086611512,0.32,-0.546317512274959,-0.232520458265139,0.0777414075286416,-0.0679214402618658,-0.181818181818182,-0.185765476542623,78.7,0.206,"surging",2026-09-03,2026-09-16,"pitcher","sabrhood_recent_vs_prior_zscore_v1","2026-09-16","2026-09-17 14:43:28 UTC"
"642701","Dennis Santana","Arizona Diamondbacks","R",23,0.310276679841897,0.144782608695652,0.260869565217391,0.0434782608695652,0.3125,-0.161525064883638,0.187,208,0.808109606398986,0.346067961165049,0.201923076923077,0.100961538461538,0.408450704225352,0.0508278584018607,0.675,-0.497832926557089,-0.201285352469396,0.0589464882943144,-0.0574832775919732,-0.0959507042253521,-0.212352923285499,75.9,0.187,"surging",2026-09-03,2026-09-16,"pitcher","sabrhood_recent_vs_prior_zscore_v1","2026-09-16","2026-09-17 14:43:28 UTC"
"670990","Yohan Ramírez","Pittsburgh Pirates","R",21,0.145238095238095,0.0761904761904762,0.333333333333333,0,0.333333333333333,-0.247197996757358,0.174,314,0.628772155824328,0.285833333333333,0.277070063694268,0.114649681528662,0.305555555555556,-0.0180627857838991,0.758,-0.483534060586233,-0.209642857142857,0.0562632696390658,-0.114649681528662,0.0277777777777777,-0.229135210973459,75.6,0.174,"surging",2026-09-03,2026-09-16,"pitcher","sabrhood_recent_vs_prior_zscore_v1","2026-09-16","2026-09-17 14:43:28 UTC"
"656546","Jeff Hoffman","Minnesota Twins","R",20,0.205263157894737,0.0965,0.5,0.05,0.333333333333333,-0.151943471206528,0.167,260,0.701372416130125,0.30484496124031,0.342307692307692,0.0884615384615385,0.371428571428571,0.0179352181548457,0.722,-0.496109258235389,-0.20834496124031,0.157692307692308,-0.0384615384615385,-0.0380952380952381,-0.169878689361373,75.4,0.167,"surging",2026-09-03,2026-09-16,"pitcher","sabrhood_recent_vs_prior_zscore_v1","2026-09-16","2026-09-17 14:43:28 UTC"
"689818","David Sandlin","Chicago White Sox","R",20,0.2,0.088,0.25,0,0.466666666666667,-0.114707238576574,0.167,106,0.792554270643132,0.341320754716981,0.226415094339623,0.113207547169811,0.304347826086957,0.0426502069708909,0.515,-0.592554270643132,-0.253320754716981,0.0235849056603774,-0.113207547169811,0.16231884057971,-0.157357445547465,73.3,0.167,"surging",2026-09-03,2026-09-16,"pitcher","sabrhood_recent_vs_prior_zscore_v1","2026-09-16","2026-09-17 14:43:28 UTC"
"677020","Josh Walker","Baltimore Orioles","L",24,0.21195652173913,0.102083333333333,0.25,0.0416666666666667,0.235294117647059,-0.191886959146021,0.194,87,0.673850574712644,0.292758620689655,0.229885057471264,0.0574712643678161,0.39344262295082,-0.0272629596696173,0.465,-0.461894052973513,-0.190675287356322,0.0201149425287356,-0.0158045977011494,-0.158148505303761,-0.164623999476404,72.8,0.194,"surging",2026-09-03,2026-09-16,"pitcher","sabrhood_recent_vs_prior_zscore_v1","2026-09-16","2026-09-17 14:43:28 UTC"
"664991","Grant Wolfram","Baltimore Orioles","L",20,0.410526315789474,0.1845,0.45,0.05,0.3,-0.162990293006628,0.167,192,0.750183598531212,0.325052631578947,0.255208333333333,0.0677083333333333,0.357142857142857,0.0396649834835829,0.658,-0.339657282741738,-0.140552631578947,0.194791666666667,-0.0177083333333333,-0.0571428571428572,-0.202655276490211,72.7,0.167,"surging",2026-09-03,2026-09-16,"pitcher","sabrhood_recent_vs_prior_zscore_v1","2026-09-16","2026-09-17 14:43:28 UTC"
"671922","Cade Smith","Cleveland Guardians","R",27,0.228148148148148,0.117407407407407,0.444444444444444,0.037037037037037,0.230769230769231,-0.158240240430732,0.213,251,0.591315315315315,0.260281124497992,0.342629482071713,0.0836653386454183,0.453900709219858,-0.0476570086025113,0.715,-0.363167167167167,-0.142873717090585,0.101814962372731,-0.0466283016083813,-0.223131478450627,-0.110583231828221,71.3,0.213,"surging",2026-09-03,2026-09-16,"pitcher","sabrhood_recent_vs_prior_zscore_v1","2026-09-16","2026-09-17 14:43:28 UTC"
"666200","Jesús Luzardo","Philadelphia Phillies","L",30,0.204761904761905,0.105666666666667,0.4,0.0333333333333333,0.25,-0.151943471206528,0.231,700,0.627546195256802,0.27698275862069,0.298571428571429,0.0728571428571429,0.334894613583138,-0.027277027473624,0.875,-0.422784290494897,-0.171316091954023,0.101428571428571,-0.0395238095238095,-0.0848946135831382,-0.124666443732904,71.2,0.231,"surging",2026-09-03,2026-09-16,"pitcher","sabrhood_recent_vs_prior_zscore_v1","2026-09-16","2026-09-17 14:43:28 UTC"
"665622","Luis Medina","Athletics","R",22,0.286096256684492,0.165454545454545,0.5,0.181818181818182,0.428571428571429,-0.173759242653281,0.18,272,0.732781717888101,0.320888888888889,0.283088235294118,0.106617647058824,0.388888888888889,0.00587889187506914,0.731,-0.446685461203609,-0.155434343434343,0.216911764705882,0.0752005347593583,0.0396825396825397,-0.17963813452835,71,0.18,"surging",2026-09-03,2026-09-16,"pitcher","sabrhood_recent_vs_prior_zscore_v1","2026-09-16","2026-09-17 14:43:28 UTC"
"664129","Geoff Hartlieb","Athletics","R",24,0.477272727272727,0.220416666666667,0.291666666666667,0.0416666666666667,0.466666666666667,-0.0821115597628145,0.194,71,0.885891620911912,0.373239436619718,0.0985915492957746,0.126760563380282,0.4,0.0450184919952904,0.415,-0.408618893639185,-0.152822769953052,0.193075117370892,-0.085093896713615,0.0666666666666667,-0.127130051758105,70.8,0.194,"surging",2026-09-03,2026-09-16,"pitcher","sabrhood_recent_vs_prior_zscore_v1","2026-09-16","2026-09-17 14:43:28 UTC"
"622088","Tejay Antone","Cincinnati Reds","R",20,0.376470588235294,0.175,0.4,0.1,0.2,-0.170984985168257,0.167,199,0.699115826702034,0.302422680412371,0.226130653266332,0.0703517587939698,0.351145038167939,-0.0184440577666804,0.666,-0.32264523846674,-0.127422680412371,0.173869346733668,0.0296482412060302,-0.151145038167939,-0.152540927401577,70.5,0.167,"surging",2026-09-03,2026-09-16,"pitcher","sabrhood_recent_vs_prior_zscore_v1","2026-09-16","2026-09-17 14:43:28 UTC"
"693433","Bryan Woo","Seattle Mariners","R",51,0.241969128076763,0.123137254901961,0.274509803921569,0.0784313725490196,0.212121212121212,-0.119425398489633,0.338,607,0.660719336356082,0.284488448844884,0.245469522240527,0.0510708401976936,0.436754176610979,-0.000786652371124611,0.859,-0.418750208279319,-0.161351193942924,0.0290402816810415,0.027360532351326,-0.224632964489766,-0.118638746118508,70,0.338,"surging",2026-09-03,2026-09-16,"pitcher","sabrhood_recent_vs_prior_zscore_v1","2026-09-16","2026-09-17 14:43:28 UTC"
"686218","Emmet Sheehan","Los Angeles Dodgers","R",42,0.366666666666667,0.16452380952381,0.357142857142857,0.0476190476190476,0.36,-0.10316700465862,0.296,411,0.802168021680217,0.340414634146341,0.262773722627737,0.0705596107055961,0.390977443609023,0.0168426108278874,0.804,-0.43550135501355,-0.175890824622532,0.0943691345151199,-0.0229405630865485,-0.0309774436090225,-0.120009615486507,70,0.296,"surging",2026-09-03,2026-09-16,"pitcher","sabrhood_recent_vs_prior_zscore_v1","2026-09-16","2026-09-17 14:43:28 UTC"
"678394","Brayan Bello","Boston Red Sox","R",27,0.425925925925926,0.208148148148148,0.333333333333333,0.0740740740740741,0.333333333333333,-0.12529077759206,0.213,430,0.763436563436563,0.33039627039627,0.162790697674419,0.072093023255814,0.411764705882353,0.0191484144165928,0.811,-0.337510637510637,-0.122248122248122,0.170542635658915,0.00198105081826011,-0.0784313725490196,-0.144439192008653,69.5,0.213,"surging",2026-09-03,2026-09-16,"pitcher","sabrhood_recent_vs_prior_zscore_v1","2026-09-16","2026-09-17 14:43:28 UTC"
"663558","Jovani Morán","Boston Red Sox","L",20,0.205555555555556,0.113,0.3,0.1,0.25,-0.151662877354038,0.167,242,0.634294871794872,0.280041666666667,0.260330578512397,0.115702479338843,0.295302013422819,-0.0173699775787087,0.708,-0.428739316239316,-0.167041666666667,0.0396694214876033,-0.015702479338843,-0.0453020134228188,-0.134292899775329,69,0.167,"surging",2026-09-03,2026-09-16,"pitcher","sabrhood_recent_vs_prior_zscore_v1","2026-09-16","2026-09-17 14:43:28 UTC"
"814490","Ethan Pecko","Houston Astros","R",38,0.586687306501548,0.261052631578947,0.157894736842105,0.0789473684210526,0.285714285714286,-0.0818700406655973,0.275,59,0.845728121757177,0.364237288135593,0.152542372881356,0.152542372881356,0.512820512820513,0.0592190992373642,0.371,-0.259040815255629,-0.103184656556646,0.00535236396074931,-0.0735950044603033,-0.227106227106227,-0.141089139902962,68.1,0.275,"surging",2026-09-03,2026-09-16,"pitcher","sabrhood_recent_vs_prior_zscore_v1","2026-09-16","2026-09-17 14:43:28 UTC"
"688158","David Morgan","San Diego Padres","R",20,0.411111111111111,0.214444444444444,0.25,0.1,0.454545454545455,-0.123641271028921,0.167,118,0.8575789290075,0.375172413793103,0.23728813559322,0.127118644067797,0.277777777777778,0.0980231694739467,0.541,-0.446467817896389,-0.160727969348659,0.0127118644067797,-0.0271186440677966,0.176767676767677,-0.221664440502867,68.1,0.167,"surging",2026-09-03,2026-09-16,"pitcher","sabrhood_recent_vs_prior_zscore_v1","2026-09-16","2026-09-17 14:43:28 UTC"
"445276","Kenley Jansen","Detroit Tigers","R",20,0.258823529411765,0.149,0.3,0.1,0.272727272727273,-0.113212682902631,0.167,150,0.646041666666667,0.284466666666667,0.28,0.133333333333333,0.375,0.0116622890144189,0.6,-0.387218137254902,-0.135466666666667,0.02,-0.0333333333333333,-0.102272727272727,-0.12487497191705,67.9,0.167,"surging",2026-09-03,2026-09-16,"pitcher","sabrhood_recent_vs_prior_zscore_v1","2026-09-16","2026-09-17 14:43:28 UTC"
"643377","Griffin Jax","Tampa Bay Rays","R",35,0.378151260504202,0.162857142857143,0.257142857142857,0.0285714285714286,0.333333333333333,-0.116136639244312,0.259,398,0.712740401801673,0.30743654822335,0.253768844221106,0.0778894472361809,0.409961685823755,0.0185244076495043,0.799,-0.334589141297471,-0.144579405366207,0.0033740129217516,-0.0493180186647523,-0.0766283524904215,-0.134661046893816,67.4,0.259,"surging",2026-09-03,2026-09-16,"pitcher","sabrhood_recent_vs_prior_zscore_v1","2026-09-16","2026-09-17 14:43:28 UTC"
"683003","Jared Jones","Pittsburgh Pirates","R",68,0.423713235294118,0.193529411764706,0.382352941176471,0.0588235294117647,0.315789473684211,-0.0899501216528185,0.405,313,0.738650880554795,0.316762820512821,0.26517571884984,0.0862619808306709,0.4,0.00960332819549689,0.758,-0.314937645260677,-0.123233408748115,0.11717722232663,-0.0274384514189062,-0.0842105263157895,-0.0995534498483154,67.3,0.405,"surging",2026-09-03,2026-09-16,"pitcher","sabrhood_recent_vs_prior_zscore_v1","2026-09-16","2026-09-17 14:43:28 UTC"
"642232","Ryan Yarbrough","New York Yankees","L",20,0.307894736842105,0.1405,0.1,0.05,0.1875,-0.149907950742013,0.167,227,0.651111111111111,0.288348214285714,0.171806167400881,0.092511013215859,0.253086419753086,0.0160402677709974,0.694,-0.343216374269006,-0.147848214285714,-0.0718061674008811,-0.042511013215859,-0.0655864197530864,-0.16594821851301,66.8,0.167,"surging",2026-09-03,2026-09-16,"pitcher","sabrhood_recent_vs_prior_zscore_v1","2026-09-16","2026-09-17 14:43:28 UTC"
"670167","John Schreiber","New York Yankees","R",24,0.303571428571429,0.159583333333333,0.125,0.125,0.176470588235294,-0.0976640374412869,0.194,205,0.696186761997617,0.300788177339901,0.175609756097561,0.0975609756097561,0.394557823129252,-0.0136334345551806,0.672,-0.392615333426188,-0.141204844006568,-0.050609756097561,0.0274390243902439,-0.218087234893958,-0.0840306028861063,66,0.194,"surging",2026-09-03,2026-09-16,"pitcher","sabrhood_recent_vs_prior_zscore_v1","2026-09-16","2026-09-17 14:43:28 UTC"
"695549","Jackson Jobe","Detroit Tigers","R",45,0.634688346883469,0.273111111111111,0.333333333333333,0.0666666666666667,0.2,-0.0564308558878787,0.31,104,0.822435897435897,0.354038461538461,0.182692307692308,0.0961538461538462,0.402777777777778,0.0155968415100198,0.51,-0.187747550552429,-0.0809273504273504,0.150641025641026,-0.0294871794871795,-0.202777777777778,-0.0720276973978985,65.8,0.31,"surging",2026-09-03,2026-09-16,"pitcher","sabrhood_recent_vs_prior_zscore_v1","2026-09-16","2026-09-17 14:43:28 UTC"
"689296","Anthony Nunez","Baltimore Orioles","R",24,0.351190476190476,0.177083333333333,0.375,0.0416666666666667,0.5,-0.109779921975433,0.194,217,0.664794193676675,0.294018691588785,0.253456221198157,0.105990783410138,0.397058823529412,0.0126530241869027,0.685,-0.313603717486199,-0.116935358255452,0.121543778801843,-0.0643241167434716,0.102941176470588,-0.122432946162336,65.6,0.194,"surging",2026-09-03,2026-09-16,"pitcher","sabrhood_recent_vs_prior_zscore_v1","2026-09-16","2026-09-17 14:43:28 UTC"
"680604","Blas Castaño","Colorado Rockies","R",20,0.426470588235294,0.2095,0.15,0.15,0.428571428571429,-0.101957263367176,0.167,92,0.87676794133054,0.371521739130435,0.195652173913043,0.0652173913043478,0.492307692307692,0.0277116688343379,0.479,-0.450297353095245,-0.162021739130435,-0.0456521739130435,0.0847826086956522,-0.0637362637362638,-0.129668932201514,65.6,0.167,"surging",2026-09-03,2026-09-16,"pitcher","sabrhood_recent_vs_prior_zscore_v1","2026-09-16","2026-09-17 14:43:28 UTC"
"664299","Cristian Javier","Houston Astros","R",63,0.53968253968254,0.243968253968254,0.238095238095238,0.111111111111111,0.24390243902439,-0.0585053938764504,0.387,204,0.856658047834518,0.367598039215686,0.205882352941176,0.0931372549019608,0.361702127659574,0.0361296325437781,0.671,-0.316975508151979,-0.123629785247432,0.0322128851540616,0.0179738562091503,-0.117799688635184,-0.0946350264202285,65,0.387,"surging",2026-09-03,2026-09-16,"pitcher","sabrhood_recent_vs_prior_zscore_v1","2026-09-16","2026-09-17 14:43:28 UTC"
"622554","Seranthony Domínguez","Seattle Mariners","R",22,0.465367965367965,0.207727272727273,0.136363636363636,0.0454545454545455,0.111111111111111,-0.107363581305119,0.18,221,0.704245691730047,0.3095,0.257918552036199,0.131221719457014,0.356060606060606,0.0138573922891291,0.688,-0.238877726362082,-0.101772727272727,-0.121554915672563,-0.0857671740024681,-0.244949494949495,-0.121220973594248,65,0.18,"surging",2026-09-03,2026-09-16,"pitcher","sabrhood_recent_vs_prior_zscore_v1","2026-09-16","2026-09-17 14:43:28 UTC"
"592773","Ryne Stanek","St. Louis Cardinals","R",24,0.482142857142857,0.234166666666667,0.291666666666667,0.0833333333333333,0.285714285714286,-0.11690964514587,0.194,233,0.745689655172414,0.324502164502164,0.244635193133047,0.120171673819742,0.36986301369863,0.00345249355945223,0.7,-0.263546798029557,-0.0903354978354978,0.0470314735336195,-0.0368383404864092,-0.0841487279843444,-0.120362138705322,64.9,0.194,"improving",2026-09-03,2026-09-16,"pitcher","sabrhood_recent_vs_prior_zscore_v1","2026-09-16","2026-09-17 14:43:28 UTC"
"808967","Yoshinobu Yamamoto","Los Angeles Dodgers","R",48,0.323611111111111,0.1475,0.354166666666667,0.0625,0.214285714285714,-0.121992003150615,0.324,634,0.557651451747892,0.244274447949527,0.253943217665615,0.0583596214511041,0.370629370629371,-0.0481182111539589,0.864,-0.234040340636781,-0.0967744479495268,0.100223449001052,0.0041403785488959,-0.156343656343656,-0.0738737919966558,64.6,0.324,"improving",2026-09-03,2026-09-16,"pitcher","sabrhood_recent_vs_prior_zscore_v1","2026-09-16","2026-09-17 14:43:28 UTC"
"693645","Cam Schlittler","New York Yankees","R",45,0.31937984496124,0.142,0.4,0.0444444444444444,0.28,-0.124093713013693,0.31,677,0.559300954681389,0.246026785714286,0.310192023633678,0.0620384047267356,0.397129186602871,-0.0498146930568139,0.871,-0.239921109720149,-0.104026785714286,0.089807976366322,-0.0175939602822912,-0.117129186602871,-0.0742790199568793,64.5,0.31,"improving",2026-09-03,2026-09-16,"pitcher","sabrhood_recent_vs_prior_zscore_v1","2026-09-16","2026-09-17 14:43:28 UTC"
"605488","Jeffrey Springs","Athletics","L",46,0.546583850931677,0.242608695652174,0.152173913043478,0.0869565217391304,0.342857142857143,-0.0886464967013283,0.315,550,0.875641547861507,0.3682,0.178181818181818,0.0909090909090909,0.350125944584383,0.0564032819905497,0.846,-0.32905769692983,-0.125591304347826,-0.0260079051383399,-0.00395256916996048,-0.00726880172724004,-0.145049778691878,64.4,0.315,"improving",2026-09-03,2026-09-16,"pitcher","sabrhood_recent_vs_prior_zscore_v1","2026-09-16","2026-09-17 14:43:28 UTC"
"664285","Framber Valdez","Detroit Tigers","L",49,0.475378787878788,0.223125,0.102040816326531,0.0612244897959184,0.225,-0.113963613992167,0.329,664,0.72665278727398,0.319577677224736,0.174698795180723,0.0858433734939759,0.435146443514644,0.00595809377268378,0.869,-0.251273999395192,-0.096452677224736,-0.0726579788541923,-0.0246188836980575,-0.210146443514644,-0.119921707764851,64.2,0.329,"improving",2026-09-03,2026-09-16,"pitcher","sabrhood_recent_vs_prior_zscore_v1","2026-09-16","2026-09-17 14:43:28 UTC"
"642547","Freddy Peralta","Tampa Bay Rays","R",42,0.345864661654135,0.17047619047619,0.142857142857143,0.0952380952380952,0.40625,-0.108839538354905,0.296,643,0.768585326746403,0.331497659906396,0.217729393468118,0.0839813374805599,0.380952380952381,0.0123098736460576,0.865,-0.422720665092268,-0.161021469430206,-0.0748722506109754,0.0112567577575354,0.0252976190476191,-0.121149412000963,64.2,0.296,"improving",2026-09-03,2026-09-16,"pitcher","sabrhood_recent_vs_prior_zscore_v1","2026-09-16","2026-09-17 14:43:28 UTC"
"650644","Aaron Civale","Chicago Cubs","R",32,0.5,0.22875,0.28125,0.125,0.263157894736842,-0.0333012529760489,0.242,437,0.822500201110128,0.351336405529954,0.183066361556064,0.0617848970251716,0.422839506172839,0.00242023471536952,0.814,-0.322500201110128,-0.122586405529954,0.0981836384439359,0.0632151029748284,-0.159681611435997,-0.0357214876914185,64.2,0.242,"improving",2026-09-03,2026-09-16,"pitcher","sabrhood_recent_vs_prior_zscore_v1","2026-09-16","2026-09-17 14:43:28 UTC"
"656464","Kevin Ginkel","Arizona Diamondbacks","R",21,0.488095238095238,0.219047619047619,0.428571428571429,0,0.454545454545455,-0.114557927442541,0.174,237,0.662520503007108,0.283474576271186,0.240506329113924,0.0632911392405063,0.386503067484663,0.0105321806744399,0.703,-0.17442526491187,-0.0644269572235674,0.188065099457504,-0.0632911392405063,0.068042387060792,-0.125090108116981,63.9,0.174,"improving",2026-09-03,2026-09-16,"pitcher","sabrhood_recent_vs_prior_zscore_v1","2026-09-16","2026-09-17 14:43:28 UTC"
"684974","Craig Yoho","Cleveland Guardians","R",26,0.44314381270903,0.215,0.307692307692308,0.115384615384615,0.266666666666667,-0.120886468542724,0.206,133,0.709990625418508,0.309007633587786,0.240601503759398,0.105263157894737,0.325301204819277,-0.0101958521000879,0.571,-0.266846812709478,-0.0940076335877863,0.0670908039329092,0.0101214574898786,-0.0586345381526104,-0.110690616442636,63.8,0.206,"improving",2026-09-03,2026-09-16,"pitcher","sabrhood_recent_vs_prior_zscore_v1","2026-09-16","2026-09-17 14:43:28 UTC"
"682254","Mason Montgomery","Pittsburgh Pirates","L",21,0.242857142857143,0.116666666666667,0.285714285714286,0.0476190476190476,0.285714285714286,-0.144708067815741,0.174,230,0.558946488294314,0.249434782608696,0.38695652173913,0.0869565217391304,0.425,-0.0580329146412759,0.697,-0.316089345437171,-0.132768115942029,-0.101242236024845,-0.0393374741200828,-0.139285714285714,-0.0866751531744647,63.7,0.174,"improving",2026-09-03,2026-09-16,"pitcher","sabrhood_recent_vs_prior_zscore_v1","2026-09-16","2026-09-17 14:43:28 UTC"
"681870","Erik Sabrowski","Cleveland Guardians","L",22,0.19047619047619,0.132857142857143,0.227272727272727,0.136363636363636,0.307692307692308,-0.149272637617697,0.18,167,0.606544054747647,0.274431137724551,0.389221556886228,0.143712574850299,0.350649350649351,-0.0149126033695473,0.625,-0.416067864271457,-0.141573994867408,-0.1619488296135,-0.00734893848666304,-0.0429570429570429,-0.13436003424815,63.6,0.18,"improving",2026-09-03,2026-09-16,"pitcher","sabrhood_recent_vs_prior_zscore_v1","2026-09-16","2026-09-17 14:43:28 UTC"
"656986","Bennett Sousa","Houston Astros","L",20,0.5625,0.248,0.25,0.15,0.5,-0.109672164088063,0.167,99,0.856782713085234,0.374285714285714,0.222222222222222,0.131313131313131,0.328125,0.0855325669036202,0.497,-0.294282713085234,-0.126285714285714,0.0277777777777778,0.0186868686868687,0.171875,-0.195204730991683,63.5,0.167,"improving",2026-09-03,2026-09-16,"pitcher","sabrhood_recent_vs_prior_zscore_v1","2026-09-16","2026-09-17 14:43:28 UTC"
"669160","Dustin May","Milwaukee Brewers","R",37,0.493993993993994,0.215675675675676,0.297297297297297,0.027027027027027,0.44,-0.0955844951102453,0.27,550,0.702700282119027,0.309470802919708,0.221818181818182,0.0818181818181818,0.443243243243243,0.0123609530025692,0.846,-0.208706288125033,-0.0937951272440323,0.0754791154791155,-0.0547911547911548,-0.00324324324324327,-0.107945448112814,63.4,0.27,"improving",2026-09-03,2026-09-16,"pitcher","sabrhood_recent_vs_prior_zscore_v1","2026-09-16","2026-09-17 14:43:28 UTC"
"702070","Noah Cameron","Kansas City Royals","L",45,0.488346883468835,0.224,0.244444444444444,0.0666666666666667,0.266666666666667,-0.112838641072469,0.31,647,0.682249379941916,0.295178849144634,0.213292117465224,0.0757341576506955,0.383771929824561,-0.00108530187957301,0.866,-0.193902496473081,-0.0711788491446345,0.0311523269792203,-0.00906749098402886,-0.117105263157895,-0.111753339192896,62.6,0.31,"improving",2026-09-03,2026-09-16,"pitcher","sabrhood_recent_vs_prior_zscore_v1","2026-09-16","2026-09-17 14:43:28 UTC"
"608718","Brent Suter","Atlanta Braves","L",28,0.547619047619048,0.235,0.214285714285714,0.0357142857142857,0.238095238095238,-0.119653731244093,0.219,334,0.731137506519578,0.315619335347432,0.203592814371257,0.0688622754491018,0.311203319502075,0.00276066817196827,0.77,-0.183518458900531,-0.080619335347432,0.0106928999144568,-0.0331479897348161,-0.0731080814068366,-0.122414399416062,62.5,0.219,"improving",2026-09-03,2026-09-16,"pitcher","sabrhood_recent_vs_prior_zscore_v1","2026-09-16","2026-09-17 14:43:28 UTC"
"665152","Dean Kremer","Minnesota Twins","R",39,0.582120582120582,0.251282051282051,0.205128205128205,0.0512820512820513,0.275862068965517,-0.0599020881836983,0.281,281,0.809608540925267,0.340462633451957,0.234875444839858,0.0854092526690391,0.368421052631579,0.0443841657728908,0.738,-0.227487958804685,-0.0891805821699061,-0.0297472397116525,-0.0341272013869879,-0.0925589836660617,-0.104286253956589,62.3,0.281,"improving",2026-09-03,2026-09-16,"pitcher","sabrhood_recent_vs_prior_zscore_v1","2026-09-16","2026-09-17 14:43:28 UTC"
"700669","Gordon Graceffo","St. Louis Cardinals","R",24,0.410869565217391,0.206086956521739,0.291666666666667,0.0833333333333333,0.214285714285714,-0.0897841796812161,0.194,280,0.570608899297424,0.254928571428571,0.182142857142857,0.103571428571429,0.444444444444444,-0.0568464988218416,0.737,-0.159739334080033,-0.0488416149068323,0.10952380952381,-0.0202380952380952,-0.23015873015873,-0.0329376808593745,62.3,0.194,"improving",2026-09-03,2026-09-16,"pitcher","sabrhood_recent_vs_prior_zscore_v1","2026-09-16","2026-09-17 14:43:28 UTC"
"696146","Hagen Smith","Chicago White Sox","L",45,0.340568475452196,0.156,0.4,0.0444444444444444,0.36,-0.142215054406325,0.31,46,0.477053140096618,0.239782608695652,0.347826086956522,0.217391304347826,0.35,-0.0801204655151586,0.315,-0.136484664644422,-0.0837826086956522,0.0521739130434783,-0.172946859903382,0.01,-0.0620945888911665,62.1,0.31,"improving",2026-09-03,2026-09-16,"pitcher","sabrhood_recent_vs_prior_zscore_v1","2026-09-16","2026-09-17 14:43:28 UTC"
"643511","Tyler Rogers","Toronto Blue Jays","R",22,0.377272727272727,0.184090909090909,0.136363636363636,0.0454545454545455,0.117647058823529,-0.138130428369571,0.18,254,0.553562573739377,0.248486055776892,0.137795275590551,0.062992125984252,0.276381909547739,-0.0363372919793237,0.718,-0.17628984646665,-0.0643951466859833,-0.00143163922691483,-0.0175375805297065,-0.158734850724209,-0.101793136390247,62,0.18,"improving",2026-09-03,2026-09-16,"pitcher","sabrhood_recent_vs_prior_zscore_v1","2026-09-16","2026-09-17 14:43:28 UTC"
"673540","Kodai Senga","New York Mets","R",21,0.785714285714286,0.33047619047619,0.380952380952381,0.0476190476190476,0.333333333333333,-0.0253519612750219,0.174,252,0.857199277815392,0.368809523809524,0.257936507936508,0.146825396825397,0.394557823129252,0.0702881246080233,0.716,-0.0714849921011059,-0.0383333333333333,0.123015873015873,-0.0992063492063492,-0.0612244897959184,-0.0956400858830452,62,0.174,"improving",2026-09-03,2026-09-16,"pitcher","sabrhood_recent_vs_prior_zscore_v1","2026-09-16","2026-09-17 14:43:28 UTC"
"696270","Ryan Johnson","Los Angeles Angels","R",72,0.655665335295354,0.281830985915493,0.25,0.0416666666666667,0.32,-0.0571751148943286,0.419,317,0.779145271592715,0.337287066246057,0.16403785488959,0.113564668769716,0.379464285714286,0.0362094188037612,0.76,-0.12347993629736,-0.0554560803305638,0.0859621451104101,-0.0718980021030494,-0.0594642857142857,-0.0933845336980897,61.9,0.419,"improving",2026-09-03,2026-09-16,"pitcher","sabrhood_recent_vs_prior_zscore_v1","2026-09-16","2026-09-17 14:43:28 UTC"
"690978","Dax Fulton","Miami Marlins","L",36,0.378472222222222,0.185277777777778,0.277777777777778,0.0833333333333333,0.5,-0.115810023985701,0.265,66,0.62962962962963,0.287727272727273,0.212121212121212,0.166666666666667,0.341463414634146,-0.0174642956682033,0.398,-0.251157407407407,-0.102449494949495,0.0656565656565657,-0.0833333333333333,0.158536585365854,-0.0983457283174972,61.7,0.265,"improving",2026-09-03,2026-09-16,"pitcher","sabrhood_recent_vs_prior_zscore_v1","2026-09-16","2026-09-17 14:43:28 UTC"
"800311","Didier Fuentes","Atlanta Braves","R",28,0.365079365079365,0.159285714285714,0.321428571428571,0.0357142857142857,0.166666666666667,-0.0732794963871691,0.219,251,0.590859011266304,0.260362903225806,0.314741035856574,0.0717131474103586,0.357615894039735,-0.0656547489732855,0.715,-0.225779646186939,-0.101077188940092,0.00668753557199775,-0.0359988616960729,-0.190949227373068,-0.0076247474138836,61.7,0.219,"improving",2026-09-03,2026-09-16,"pitcher","sabrhood_recent_vs_prior_zscore_v1","2026-09-16","2026-09-17 14:43:28 UTC"
"806188","Cade Gibson","Miami Marlins","L",29,0.503192848020434,0.220344827586207,0.241379310344828,0.0689655172413793,0.35,-0.0135303209214638,0.225,182,0.727124183006536,0.324277777777778,0.181318681318681,0.0989010989010989,0.365853658536585,0.0353939579859193,0.645,-0.223931334986102,-0.103932950191571,0.0600606290261463,-0.0299355816597196,-0.0158536585365854,-0.0489242789073832,61.4,0.225,"improving",2026-09-03,2026-09-16,"pitcher","sabrhood_recent_vs_prior_zscore_v1","2026-09-16","2026-09-17 14:43:28 UTC"
"805345","Trent Harris","San Francisco Giants","R",25,0.45,0.1972,0.32,0.04,0.25,-0.107410842326522,0.2,52,0.674749163879599,0.299615384615385,0.326923076923077,0.115384615384615,0.206896551724138,-0.0264800152479308,0.342,-0.224749163879599,-0.102415384615385,-0.00692307692307692,-0.0753846153846154,0.0431034482758621,-0.080930827078591,61,0.2,"improving",2026-09-03,2026-09-16,"pitcher","sabrhood_recent_vs_prior_zscore_v1","2026-09-16","2026-09-17 14:43:28 UTC"
"701542","Will Warren","New York Yankees","R",55,0.554545454545454,0.246181818181818,0.254545454545455,0.0909090909090909,0.416666666666667,-0.0692277114021747,0.355,586,0.781126216878607,0.333694158075601,0.226962457337884,0.0784982935153584,0.446384039900249,0.0196822248542459,0.854,-0.226580762333152,-0.0875123398937831,0.0275829972075706,0.0124107973937325,-0.0297173732335827,-0.0889099362564206,60.9,0.355,"improving",2026-09-03,2026-09-16,"pitcher","sabrhood_recent_vs_prior_zscore_v1","2026-09-16","2026-09-17 14:43:28 UTC"
"676917","Cade Cavalli","Washington Nationals","R",47,0.493414387031408,0.230425531914894,0.361702127659574,0.0425531914893617,0.24,-0.0218882368476842,0.32,641,0.670201473136915,0.294984375,0.27613104524181,0.0717628705148206,0.413366336633663,-0.0161056474570999,0.865,-0.176787086105507,-0.0645588430851063,0.0855710824177648,-0.0292096790254589,-0.173366336633663,-0.0057825893905843,60.9,0.32,"improving",2026-09-03,2026-09-16,"pitcher","sabrhood_recent_vs_prior_zscore_v1","2026-09-16","2026-09-17 14:43:28 UTC"
"543135","Nathan Eovaldi","Texas Rangers","R",27,0.467592592592593,0.216296296296296,0.111111111111111,0,0.318181818181818,-0.0855654996201432,0.213,556,0.74004053454937,0.317328519855596,0.246402877697842,0.0575539568345324,0.415343915343915,-0.00323508447555007,0.848,-0.272447941956777,-0.101032223559299,-0.135291766586731,-0.0575539568345324,-0.0971620971620972,-0.0823304151445931,60.9,0.213,"improving",2026-09-03,2026-09-16,"pitcher","sabrhood_recent_vs_prior_zscore_v1","2026-09-16","2026-09-17 14:43:28 UTC"
"656849","David Peterson","Chicago Cubs","L",43,0.619107479572596,0.288837209302326,0.255813953488372,0.13953488372093,0.269230769230769,-0.0756225964187789,0.301,581,0.765219787235472,0.333229706390328,0.194492254733219,0.0963855421686747,0.411330049261084,0.0290422279358749,0.853,-0.146112307662877,-0.0443924970880026,0.0613216987551535,0.0431493415522555,-0.142099280030315,-0.104664824354654,60.8,0.301,"improving",2026-09-03,2026-09-16,"pitcher","sabrhood_recent_vs_prior_zscore_v1","2026-09-16","2026-09-17 14:43:28 UTC"
"681892","Kody Funderburk","Minnesota Twins","L",20,0.535294117647059,0.2535,0.4,0.15,0.222222222222222,-0.102907298001066,0.167,192,0.625220458553792,0.284761904761905,0.197916666666667,0.119791666666667,0.286821705426357,-0.0298333560764669,0.658,-0.0899263409067331,-0.0312619047619048,0.202083333333333,0.0302083333333333,-0.0645994832041344,-0.0730739419245995,60.4,0.167,"improving",2026-09-03,2026-09-16,"pitcher","sabrhood_recent_vs_prior_zscore_v1","2026-09-16","2026-09-17 14:43:28 UTC"
"663947","Tyler Holton","Detroit Tigers","L",26,0.413913043478261,0.1972,0.153846153846154,0.0384615384615385,0.45,-0.0867049105918301,0.206,271,0.73186077643909,0.318666666666667,0.188191881918819,0.0590405904059041,0.368686868686869,-0.0154866898749994,0.73,-0.317947732960829,-0.121466666666667,-0.0343457280726653,-0.0205790519443656,0.0813131313131313,-0.0712182207168308,60.3,0.206,"improving",2026-09-03,2026-09-16,"pitcher","sabrhood_recent_vs_prior_zscore_v1","2026-09-16","2026-09-17 14:43:28 UTC"
"684007","Shota Imanaga","Chicago Cubs","L",67,0.501262916188289,0.215970149253731,0.238805970149254,0.0298507462686567,0.387755102040816,-0.0799713862714398,0.401,617,0.73669623059867,0.314675324675325,0.239870340356564,0.0567260940032415,0.360655737704918,-0.0121448688345122,0.861,-0.23543331441038,-0.0987051754215933,-0.00106437020731029,-0.0268753477345848,0.0270993643358983,-0.0678265174369276,60,0.401,"improving",2026-09-03,2026-09-16,"pitcher","sabrhood_recent_vs_prior_zscore_v1","2026-09-16","2026-09-17 14:43:28 UTC"
"677976","Randy Dobnak","Kansas City Royals","R",43,0.500850822461713,0.223488372093023,0.162790697674419,0,0.393939393939394,-0.0841226847115641,0.301,250,0.691820854847963,0.303614457831325,0.16,0.092,0.402173913043478,-0.0425199043325428,0.714,-0.19097003238625,-0.080126085738302,0.00279069767441861,-0.092,-0.00823451910408435,-0.0416027803790214,59.7,0.301,"improving",2026-09-03,2026-09-16,"pitcher","sabrhood_recent_vs_prior_zscore_v1","2026-09-16","2026-09-17 14:43:28 UTC"
"694477","Chad Patrick","Milwaukee Brewers","R",22,0.520833333333333,0.268095238095238,0.318181818181818,0.136363636363636,0.3,-0.108943960540042,0.18,396,0.672117164006477,0.294631043256997,0.20959595959596,0.0934343434343434,0.373626373626374,-0.0201436515718965,0.798,-0.151283830673144,-0.0265358051617594,0.108585858585859,0.0429292929292929,-0.0736263736263736,-0.088800308968145,59.6,0.18,"improving",2026-09-03,2026-09-16,"pitcher","sabrhood_recent_vs_prior_zscore_v1","2026-09-16","2026-09-17 14:43:28 UTC"
"674841","Andrew Alvarez","Washington Nationals","L",45,0.44957264957265,0.213777777777778,0.288888888888889,0.133333333333333,0.346153846153846,-0.0688502359667375,0.31,384,0.65978414980902,0.293838120104439,0.223958333333333,0.106770833333333,0.408730158730159,-0.0376334402494341,0.793,-0.21021150023637,-0.0800603423266609,0.0649305555555555,0.0265625,-0.0625763125763126,-0.0312167957173035,59.5,0.31,"improving",2026-09-03,2026-09-16,"pitcher","sabrhood_recent_vs_prior_zscore_v1","2026-09-16","2026-09-17 14:43:28 UTC"
"801139","Payton Tolle","Boston Red Sox","L",45,0.478036175710594,0.211777777777778,0.422222222222222,0.0222222222222222,0.5,-0.101696559259745,0.31,530,0.651599430175101,0.282778827977316,0.277358490566038,0.0679245283018868,0.33625730994152,-0.0302778981038695,0.841,-0.173563254464506,-0.0710010501995379,0.144863731656184,-0.0457023060796646,0.16374269005848,-0.0714186611558758,59.5,0.31,"improving",2026-09-03,2026-09-16,"pitcher","sabrhood_recent_vs_prior_zscore_v1","2026-09-16","2026-09-17 14:43:28 UTC"
"688107","Robert Gasser","Milwaukee Brewers","L",40,0.589285714285714,0.26525,0.25,0.1,0.28,-0.0802280055952186,0.286,376,0.74591043175114,0.322754010695187,0.218085106382979,0.0691489361702128,0.338461538461538,0.00332506280334759,0.79,-0.156624717465425,-0.0575040106951872,0.0319148936170213,0.0308510638297872,-0.0584615384615385,-0.0835530683985662,58.9,0.286,"improving",2026-09-03,2026-09-16,"pitcher","sabrhood_recent_vs_prior_zscore_v1","2026-09-16","2026-09-17 14:43:28 UTC"
"554430","Zack Wheeler","Philadelphia Phillies","R",75,0.46952380952381,0.211466666666667,0.306666666666667,0.0666666666666667,0.382978723404255,-0.108394196628025,0.429,524,0.655984444764511,0.285114503816794,0.293893129770992,0.0782442748091603,0.350769230769231,-0.0312869886154336,0.84,-0.186460635240702,-0.0736478371501272,0.0127735368956743,-0.0115776081424936,0.0322094926350245,-0.0771072080125909,58.7,0.429,"improving",2026-09-03,2026-09-16,"pitcher","sabrhood_recent_vs_prior_zscore_v1","2026-09-16","2026-09-17 14:43:28 UTC"
"820862","José Fermin","Los Angeles Angels","R",22,0.427272727272727,0.199090909090909,0.272727272727273,0.0909090909090909,0.428571428571429,-0.00520814560501648,0.18,203,0.693078400267179,0.304653465346535,0.270935960591133,0.103448275862069,0.430894308943089,-0.00166089174716046,0.67,-0.265805672994452,-0.105562556255626,0.0017913121361397,-0.0125391849529781,-0.0023228803716609,-0.00354725385785602,58.7,0.18,"improving",2026-09-03,2026-09-16,"pitcher","sabrhood_recent_vs_prior_zscore_v1","2026-09-16","2026-09-17 14:43:28 UTC"
"624133","Ranger Suarez","Boston Red Sox","L",53,0.500924898261191,0.220754716981132,0.207547169811321,0.0188679245283019,0.375,-0.114918779678704,0.346,518,0.655834118600076,0.28926499032882,0.22972972972973,0.0752895752895753,0.329545454545455,-0.0199980756572583,0.838,-0.154909220338885,-0.0685102733476881,-0.022182559918409,-0.0564216507612734,0.0454545454545455,-0.0949207040214452,58.6,0.346,"improving",2026-09-03,2026-09-16,"pitcher","sabrhood_recent_vs_prior_zscore_v1","2026-09-16","2026-09-17 14:43:28 UTC"
"641816","Tyler Mahle","Atlanta Braves","R",49,0.54363873208858,0.231428571428571,0.122448979591837,0.0204081632653061,0.30952380952381,-0.073147287461555,0.329,522,0.724502931168778,0.313892100192678,0.231800766283525,0.0804597701149425,0.385915492957746,-0.00792921242180961,0.839,-0.180864199080198,-0.0824635287641068,-0.109351786691688,-0.0600516068496364,-0.0763916834339369,-0.0652180750397454,58.6,0.329,"improving",2026-09-03,2026-09-16,"pitcher","sabrhood_recent_vs_prior_zscore_v1","2026-09-16","2026-09-17 14:43:28 UTC"
"681035","Christian Scott","New York Mets","R",41,0.552845528455285,0.239024390243902,0.341463414634146,0.0487804878048781,0.28,-0.0166940088557825,0.291,412,0.677564137332538,0.30247572815534,0.274271844660194,0.106796116504854,0.345528455284553,-0.0122582836801802,0.805,-0.124718608877253,-0.0634513379114373,0.0671915699739522,-0.0580156286999763,-0.0655284552845528,-0.00443572517560228,58.6,0.291,"improving",2026-09-03,2026-09-16,"pitcher","sabrhood_recent_vs_prior_zscore_v1","2026-09-16","2026-09-17 14:43:28 UTC"
"683769","Hunter Gaddis","Cleveland Guardians","R",31,0.440092165898617,0.198064516129032,0.225806451612903,0.0645161290322581,0.227272727272727,-0.0309204402740056,0.237,205,0.642481908335567,0.285853658536585,0.224390243902439,0.0926829268292683,0.304347826086957,-0.0347735049325289,0.672,-0.202389742436949,-0.0877891424075531,0.00141620771046419,-0.0281667977970102,-0.0770750988142293,0.00385306465852329,58.4,0.237,"improving",2026-09-03,2026-09-16,"pitcher","sabrhood_recent_vs_prior_zscore_v1","2026-09-16","2026-09-17 14:43:28 UTC"
"594798","Jacob deGrom","Texas Rangers","R",61,0.49001210653753,0.212372881355932,0.442622950819672,0.0327868852459016,0.6,-0.0755759022137142,0.379,562,0.638441558441558,0.276339285714286,0.297153024911032,0.0622775800711744,0.442577030812325,-0.0170748103473175,0.849,-0.148429451904028,-0.0639664043583535,0.14546992590864,-0.0294906948252727,0.157422969187675,-0.0585010918663967,58.2,0.379,"improving",2026-09-03,2026-09-16,"pitcher","sabrhood_recent_vs_prior_zscore_v1","2026-09-16","2026-09-17 14:43:28 UTC"
"663372","Ryan Feltner","Colorado Rockies","R",64,0.702387267904509,0.303692307692308,0.1875,0.078125,0.326086956521739,0.00629416311990032,0.39,457,0.856392218169185,0.361754385964912,0.166301969365427,0.0984682713347921,0.372372372372372,0.0455024636064096,0.82,-0.154004950264676,-0.0580620782726045,0.0211980306345733,-0.0203432713347921,-0.0462854158506332,-0.0392083004865093,58,0.39,"improving",2026-09-03,2026-09-16,"pitcher","sabrhood_recent_vs_prior_zscore_v1","2026-09-16","2026-09-17 14:43:28 UTC"
"672282","Reid Detmers","Los Angeles Angels","L",46,0.518200202224469,0.231086956521739,0.369565217391304,0.0434782608695652,0.346153846153846,-0.0669073662665457,0.315,651,0.617304769637541,0.269089506172839,0.279569892473118,0.0675883256528418,0.380047505938242,-0.026955754512483,0.867,-0.0991045674130717,-0.0380025496511004,0.0899953249181861,-0.0241100647832766,-0.0338936597843961,-0.0399516117540627,57.9,0.315,"improving",2026-09-03,2026-09-16,"pitcher","sabrhood_recent_vs_prior_zscore_v1","2026-09-16","2026-09-17 14:43:28 UTC"
"607200","Erick Fedde","Chicago White Sox","R",40,0.547297297297297,0.243,0.075,0.075,0.470588235294118,-0.10725630716978,0.286,532,0.763343443494702,0.327716981132075,0.165413533834586,0.0808270676691729,0.393401015228426,0.0126617481977304,0.842,-0.216046146197405,-0.0847169811320755,-0.0904135338345865,-0.00582706766917293,0.0771872200656912,-0.119918055367511,57.9,0.286,"improving",2026-09-03,2026-09-16,"pitcher","sabrhood_recent_vs_prior_zscore_v1","2026-09-16","2026-09-17 14:43:28 UTC"
"605135","Chris Bassitt","Baltimore Orioles","R",76,0.609907120743034,0.2775,0.223684210526316,0.105263157894737,0.431372549019608,-0.0277800120918428,0.432,364,0.811872909698997,0.353021978021978,0.151098901098901,0.0796703296703297,0.360594795539033,0.0182515741978481,0.784,-0.201965788955963,-0.0755219780219781,0.0725853094274147,0.0255928282244072,0.0707777534805744,-0.0460315862896908,57.8,0.432,"improving",2026-09-03,2026-09-16,"pitcher","sabrhood_recent_vs_prior_zscore_v1","2026-09-16","2026-09-17 14:43:28 UTC"
"641755","Tyler Kinley","Detroit Tigers","R",25,0.396929824561404,0.218333333333333,0.08,0.16,0.277777777777778,-0.130669930042869,0.2,191,0.703020865773902,0.304578947368421,0.235602094240838,0.0942408376963351,0.28,-0.0126788831579337,0.656,-0.306091041212499,-0.0862456140350877,-0.155602094240838,0.0657591623036649,-0.00222222222222224,-0.117991046884935,57.7,0.2,"improving",2026-09-03,2026-09-16,"pitcher","sabrhood_recent_vs_prior_zscore_v1","2026-09-16","2026-09-17 14:43:28 UTC"
"693686","Spencer Miles","Toronto Blue Jays","R",30,0.451851851851852,0.215666666666667,0.333333333333333,0.1,0.294117647058824,-0.0866844901015322,0.231,341,0.575619681834998,0.254617647058824,0.225806451612903,0.0586510263929619,0.348547717842324,-0.0481352413850244,0.773,-0.123767829983146,-0.0389509803921568,0.10752688172043,0.0413489736070381,-0.0544300707835001,-0.0385492487165078,57.6,0.231,"improving",2026-09-03,2026-09-16,"pitcher","sabrhood_recent_vs_prior_zscore_v1","2026-09-16","2026-09-17 14:43:28 UTC"
"641302","Tyler Alexander","Texas Rangers","L",29,0.562807881773399,0.244827586206897,0.172413793103448,0.0344827586206897,0.130434782608696,-0.00621893856685467,0.225,256,0.671749819482172,0.297992125984252,0.203125,0.07421875,0.348066298342541,-0.0187696645315097,0.719,-0.108941937708773,-0.0531645397773554,-0.0307112068965517,-0.0397359913793103,-0.217631515733846,0.012550725964655,57.5,0.225,"improving",2026-09-03,2026-09-16,"pitcher","sabrhood_recent_vs_prior_zscore_v1","2026-09-16","2026-09-17 14:43:28 UTC"
"805326","Tyler Schweitzer","Chicago White Sox","L",29,0.606641123882503,0.272413793103448,0.0689655172413793,0.0689655172413793,0.36,-0.0626637584782661,0.225,126,0.746086956521739,0.32232,0.126984126984127,0.0793650793650794,0.494949494949495,-0.0117036390342397,0.558,-0.139445832639236,-0.0499062068965517,-0.0580186097427477,-0.0103995621237001,-0.134949494949495,-0.0509601194440264,57.5,0.225,"improving",2026-09-03,2026-09-16,"pitcher","sabrhood_recent_vs_prior_zscore_v1","2026-09-16","2026-09-17 14:43:28 UTC"
"804636","Jonah Tong","New York Mets","R",44,0.605813953488372,0.263023255813954,0.295454545454545,0.0454545454545455,0.321428571428571,-0.0129831957024094,0.306,47,0.601200218221495,0.276595744680851,0.148936170212766,0.148936170212766,0.303030303030303,0.0229305165663283,0.32,0.00461373526687725,-0.0135724888668975,0.14651837524178,-0.10348162475822,0.0183982683982684,-0.0359137122687376,57.4,0.306,"improving",2026-09-03,2026-09-16,"pitcher","sabrhood_recent_vs_prior_zscore_v1","2026-09-16","2026-09-17 14:43:28 UTC"
"650556","Bryan Abreu","Houston Astros","R",25,0.631304347826087,0.2712,0.36,0.04,0.571428571428571,-0.0695654257067685,0.2,230,0.708653390232338,0.319912280701754,0.295652173913043,0.169565217391304,0.406779661016949,0.00331494254958044,0.697,-0.0773490424062507,-0.0487122807017544,0.0643478260869565,-0.129565217391304,0.164648910411622,-0.0728803682563489,57.4,0.2,"improving",2026-09-03,2026-09-16,"pitcher","sabrhood_recent_vs_prior_zscore_v1","2026-09-16","2026-09-17 14:43:28 UTC"
"607259","Nick Martinez","Tampa Bay Rays","R",64,0.557459677419355,0.23953125,0.15625,0.03125,0.25,-0.0760053113078388,0.39,618,0.677179962894249,0.290324675324675,0.147249190938511,0.0355987055016181,0.334661354581673,-0.0383038284830831,0.861,-0.119720285474894,-0.0507934253246753,0.00900080906148867,-0.00434870550161812,-0.0846613545816733,-0.0377014828247557,57.3,0.39,"improving",2026-09-03,2026-09-16,"pitcher","sabrhood_recent_vs_prior_zscore_v1","2026-09-16","2026-09-17 14:43:28 UTC"
"640455","Sean Manaea","New York Mets","L",39,0.666666666666667,0.279487179487179,0.256410256410256,0,0.448275862068966,0.0190873469229285,0.281,565,0.811115864527629,0.345775401069519,0.215929203539823,0.0725663716814159,0.412987012987013,0.0278902957194801,0.85,-0.144449197860963,-0.0662882215823392,0.0404810528704334,-0.0725663716814159,0.0352888490819525,-0.00880294879655152,57.2,0.281,"improving",2026-09-03,2026-09-16,"pitcher","sabrhood_recent_vs_prior_zscore_v1","2026-09-16","2026-09-17 14:43:28 UTC"
"669387","Carmen Mlodzinski","Pittsburgh Pirates","R",24,0.396929824561404,0.196521739130435,0.0833333333333333,0.208333333333333,0.411764705882353,-0.0486507987202663,0.194,490,0.707036955886649,0.309222903885481,0.181632653061225,0.073469387755102,0.469444444444444,-0.00388569163673269,0.831,-0.310107131325246,-0.112701164755046,-0.0982993197278912,0.134863945578231,-0.0576797385620915,-0.0447651070835336,56.9,0.194,"improving",2026-09-03,2026-09-16,"pitcher","sabrhood_recent_vs_prior_zscore_v1","2026-09-16","2026-09-17 14:43:28 UTC"
"687396","Brent Headrick","New York Yankees","L",22,0.437799043062201,0.205,0.318181818181818,0.136363636363636,0.333333333333333,-0.0876637583076953,0.18,289,0.654864433811802,0.283802816901408,0.301038062283737,0.0726643598615917,0.370165745856354,-0.0785340176764056,0.743,-0.217065390749601,-0.0788028169014084,0.0171437558980811,0.0636992765020447,-0.0368324125230203,-0.00912974063128973,56.6,0.18,"improving",2026-09-03,2026-09-16,"pitcher","sabrhood_recent_vs_prior_zscore_v1","2026-09-16","2026-09-17 14:43:28 UTC"
"700241","Michael McGreevy","St. Louis Cardinals","R",50,0.628837209302326,0.2698,0.2,0.1,0.342857142857143,-0.0496007665527186,0.333,608,0.732208796858932,0.314210526315789,0.167763157894737,0.0657894736842105,0.421505376344086,-0.0104373482789605,0.859,-0.103371587556607,-0.0444105263157895,0.0322368421052632,0.0342105263157895,-0.0786482334869432,-0.0391634182737581,56.5,0.333,"improving",2026-09-03,2026-09-16,"pitcher","sabrhood_recent_vs_prior_zscore_v1","2026-09-16","2026-09-17 14:43:28 UTC"
"518876","Merrill Kelly","Arizona Diamondbacks","R",67,0.757062146892655,0.327121212121212,0.238805970149254,0.0746268656716418,0.333333333333333,0.0238102200554719,0.401,620,0.816778433675821,0.348813008130081,0.153225806451613,0.103225806451613,0.43046357615894,0.0218868629743215,0.861,-0.059716286783166,-0.0216917960088691,0.0855801636976408,-0.0285989407799711,-0.0971302428256071,0.0019233570811504,56.4,0.401,"improving",2026-09-03,2026-09-16,"pitcher","sabrhood_recent_vs_prior_zscore_v1","2026-09-16","2026-09-17 14:43:28 UTC"
"695505","Chase Burns","Cincinnati Reds","R",23,0.524027459954233,0.245652173913043,0.434782608695652,0.173913043478261,0.333333333333333,-0.0451682358317631,0.187,592,0.644692066247743,0.282047377326565,0.288851351351351,0.0844594594594595,0.382113821138211,-0.0327037627734716,0.855,-0.12066460629351,-0.0363952034135217,0.145931257344301,0.0894535840188014,-0.0487804878048781,-0.0124644730582915,56.3,0.187,"improving",2026-09-03,2026-09-16,"pitcher","sabrhood_recent_vs_prior_zscore_v1","2026-09-16","2026-09-17 14:43:28 UTC"
"687273","Quinn Mathews","St. Louis Cardinals","L",73,0.635416666666667,0.281944444444444,0.219178082191781,0.10958904109589,0.306122448979592,-0.0598888167094874,0.422,89,0.731345433592625,0.322359550561798,0.224719101123595,0.0898876404494382,0.333333333333333,0.0168619457159356,0.471,-0.0959287669259579,-0.0404151061173533,-0.00554101893181469,0.0197014006464522,-0.0272108843537415,-0.076750762425423,56.2,0.422,"improving",2026-09-03,2026-09-16,"pitcher","sabrhood_recent_vs_prior_zscore_v1","2026-09-16","2026-09-17 14:43:28 UTC"
"605400","Aaron Nola","Philadelphia Phillies","R",52,0.701505016722408,0.300384615384615,0.153846153846154,0.0769230769230769,0.358974358974359,-0.0683143267243217,0.342,638,0.810153666601828,0.34435534591195,0.246081504702194,0.0768025078369906,0.407925407925408,0.0153737838098555,0.864,-0.10864864987942,-0.0439707305273343,-0.0922353508560405,0.000120569086086333,-0.048951048951049,-0.0836881105341771,55.7,0.342,"improving",2026-09-03,2026-09-16,"pitcher","sabrhood_recent_vs_prior_zscore_v1","2026-09-16","2026-09-17 14:43:28 UTC"
"579328","Yusei Kikuchi","Los Angeles Angels","L",67,0.66729986431479,0.305522388059701,0.223880597014925,0.164179104477612,0.414634146341463,-0.0100430349180028,0.401,192,0.840791420118343,0.354114583333333,0.223958333333333,0.0833333333333333,0.458015267175573,0.0304954508941617,0.658,-0.173491555803554,-0.0485921952736318,-7.77363184079616e-05,0.0808457711442786,-0.0433811208341091,-0.0405384858121645,55.5,0.401,"improving",2026-09-03,2026-09-16,"pitcher","sabrhood_recent_vs_prior_zscore_v1","2026-09-16","2026-09-17 14:43:28 UTC"
"668909","Gavin Williams","Cleveland Guardians","R",48,0.583333333333333,0.277916666666667,0.375,0.125,0.363636363636364,-0.0525472686351264,0.324,658,0.667213676950629,0.289297709923664,0.329787234042553,0.0759878419452888,0.461139896373057,-0.0106451968683796,0.868,-0.0838803436172961,-0.0113810432569975,0.0452127659574468,0.0490121580547112,-0.0975035327366933,-0.0419020717667468,55.5,0.324,"improving",2026-09-03,2026-09-16,"pitcher","sabrhood_recent_vs_prior_zscore_v1","2026-09-16","2026-09-17 14:43:28 UTC"
"607074","Carlos Rodón","New York Yankees","L",68,0.50547263681592,0.229402985074627,0.294117647058824,0.102941176470588,0.463414634146341,-0.0673273226336043,0.405,248,0.601021785232312,0.270283400809717,0.254032258064516,0.125,0.370860927152318,-0.0130322733207771,0.713,-0.0955491484163912,-0.0408804157350897,0.0400853889943074,-0.0220588235294118,0.0925537069940236,-0.0542950493128272,55.3,0.405,"improving",2026-09-03,2026-09-16,"pitcher","sabrhood_recent_vs_prior_zscore_v1","2026-09-16","2026-09-17 14:43:28 UTC"
"686613","Hunter Brown","Houston Astros","R",66,0.614505712866369,0.274848484848485,0.363636363636364,0.0757575757575758,0.351351351351351,0.00302453581641381,0.398,342,0.660010378620043,0.296666666666667,0.251461988304094,0.128654970760234,0.37378640776699,-0.0195046863327273,0.774,-0.0455046657536741,-0.0218181818181818,0.11217437533227,-0.0528973950026582,-0.0224350564156389,0.0225292221491411,55.3,0.398,"improving",2026-09-03,2026-09-16,"pitcher","sabrhood_recent_vs_prior_zscore_v1","2026-09-16","2026-09-17 14:43:28 UTC"
"621237","José Alvarado","Philadelphia Phillies","L",24,0.708333333333333,0.305217391304348,0.291666666666667,0.125,0.428571428571429,-0.0862808966700842,0.194,230,0.777445414847162,0.342096069868996,0.265217391304348,0.091304347826087,0.287769784172662,0.0460595630403776,0.697,-0.0691120815138283,-0.0368786785646478,0.0264492753623188,0.033695652173913,0.140801644398767,-0.132340459710462,55.3,0.194,"improving",2026-09-03,2026-09-16,"pitcher","sabrhood_recent_vs_prior_zscore_v1","2026-09-16","2026-09-17 14:43:28 UTC"
"623454","Drew Anderson","Detroit Tigers","R",41,0.616212338593974,0.274878048780488,0.195121951219512,0.146341463414634,0.259259259259259,-0.0562093947908715,0.291,394,0.719123095924249,0.314015345268542,0.256345177664975,0.0964467005076142,0.385542168674699,-0.00910424673523138,0.798,-0.102910757330275,-0.0391372964880544,-0.0612232264454624,0.0498947629070199,-0.12628290941544,-0.0471051480556402,55.1,0.291,"improving",2026-09-03,2026-09-16,"pitcher","sabrhood_recent_vs_prior_zscore_v1","2026-09-16","2026-09-17 14:43:28 UTC"
"688297","Chris Roycroft","Athletics","R",22,0.837662337662338,0.367727272727273,0.136363636363636,0.0454545454545455,0.5,0.0430351432398381,0.18,138,0.935827250608273,0.397058823529412,0.13768115942029,0.0942028985507246,0.427184466019417,0.104138221969478,0.58,-0.0981649129459349,-0.029331550802139,-0.0013175230566535,-0.0487483530961792,0.0728155339805825,-0.0611030787296399,55.1,0.18,"improving",2026-09-03,2026-09-16,"pitcher","sabrhood_recent_vs_prior_zscore_v1","2026-09-16","2026-09-17 14:43:28 UTC"
"615698","Cal Quantrill","Texas Rangers","R",71,0.523859575362624,0.23,0.183098591549296,0.0422535211267606,0.425925925925926,-0.0736322220516679,0.415,367,0.645326090471109,0.281311475409836,0.185286103542234,0.0572207084468665,0.355311355311355,-0.0287492622185019,0.786,-0.121466515108486,-0.051311475409836,-0.00218751199293854,-0.0149671873201059,0.0706145706145706,-0.044882959833166,55,0.415,"improving",2026-09-03,2026-09-16,"pitcher","sabrhood_recent_vs_prior_zscore_v1","2026-09-16","2026-09-17 14:43:28 UTC"
"694973","Paul Skenes","Pittsburgh Pirates","R",46,0.618012422360248,0.271304347826087,0.130434782608696,0.0434782608695652,0.25,-0.0938596013290417,0.315,621,0.668857620838323,0.291458670988655,0.288244766505636,0.07085346215781,0.392764857881137,-0.00346776368844871,0.861,-0.0508451984780742,-0.0201543231625678,-0.15780998389694,-0.0273752012882448,-0.142764857881137,-0.090391837640593,55,0.315,"improving",2026-09-03,2026-09-16,"pitcher","sabrhood_recent_vs_prior_zscore_v1","2026-09-16","2026-09-17 14:43:28 UTC"
"687570","Connor Prielipp","Minnesota Twins","L",38,0.667852062588905,0.289736842105263,0.157894736842105,0,0.354838709677419,0.00531297502445681,0.275,451,0.74628607028573,0.323422818791946,0.246119733924612,0.0886917960088692,0.421232876712329,0.0308778984479451,0.819,-0.0784340076968257,-0.0336859766866832,-0.0882249970825067,-0.0886917960088692,-0.0663941670349094,-0.0255649234234883,55,0.275,"improving",2026-09-03,2026-09-16,"pitcher","sabrhood_recent_vs_prior_zscore_v1","2026-09-16","2026-09-17 14:43:28 UTC"
"669432","Trevor Rogers","Baltimore Orioles","L",52,0.759426847662142,0.319230769230769,0.211538461538462,0.0192307692307692,0.175,-0.0298527882627832,0.342,604,0.70827102470982,0.304188741721854,0.218543046357616,0.0612582781456954,0.378190255220418,0.00351824501004796,0.858,0.0511558229523219,0.015042027508915,-0.00700458481915436,-0.0420275089149261,-0.203190255220418,-0.0333710332728312,54.9,0.342,"stable",2026-09-03,2026-09-16,"pitcher","sabrhood_recent_vs_prior_zscore_v1","2026-09-16","2026-09-17 14:43:28 UTC"
"678022","Jack Perkins","Athletics","R",64,0.747258771929824,0.32875,0.28125,0.09375,0.384615384615385,-0.00137060059754041,0.39,431,0.814765596160945,0.350279069767442,0.252900232018561,0.0928074245939675,0.366300366300366,0.0512193572045594,0.812,-0.0675068242311205,-0.0215290697674419,0.0283497679814385,0.000942575406032486,0.0183150183150184,-0.0525899578020998,54.7,0.39,"stable",2026-09-03,2026-09-16,"pitcher","sabrhood_recent_vs_prior_zscore_v1","2026-09-16","2026-09-17 14:43:28 UTC"
"608331","Max Fried","New York Yankees","L",61,0.549122807017544,0.238,0.278688524590164,0.0491803278688525,0.225,-0.0814360810450776,0.379,347,0.531071672607066,0.23985549132948,0.239193083573487,0.0806916426512968,0.307692307692308,-0.0495339109514953,0.776,0.0180511344104781,-0.00185549132947979,0.0394954410166769,-0.0315113147824444,-0.0826923076923077,-0.0319021700935823,54.6,0.379,"stable",2026-09-03,2026-09-16,"pitcher","sabrhood_recent_vs_prior_zscore_v1","2026-09-16","2026-09-17 14:43:28 UTC"
"647336","Michael Soroka","Arizona Diamondbacks","R",34,0.549632352941176,0.236470588235294,0.294117647058824,0.0588235294117647,0.363636363636364,-0.0164207098881126,0.254,396,0.657084074345294,0.286218274111675,0.22979797979798,0.0606060606060606,0.332116788321168,-0.0279166042478634,0.798,-0.107451721404118,-0.049747685876381,0.0643196672608437,-0.0017825311942959,0.0315195753151958,0.0114958943597508,54.6,0.254,"stable",2026-09-03,2026-09-16,"pitcher","sabrhood_recent_vs_prior_zscore_v1","2026-09-16","2026-09-17 14:43:28 UTC"
"677944","Slade Cecconi","Cleveland Guardians","R",31,0.671857619577308,0.287741935483871,0.290322580645161,0.0645161290322581,0.65,-0.012716487177446,0.237,488,0.804967065092699,0.34469262295082,0.180327868852459,0.0737704918032787,0.4,0.0274461101158038,0.83,-0.133109445515391,-0.0569506874669487,0.109994711792702,-0.00925436277102062,0.25,-0.0401625972932498,54.5,0.237,"stable",2026-09-03,2026-09-16,"pitcher","sabrhood_recent_vs_prior_zscore_v1","2026-09-16","2026-09-17 14:43:28 UTC"
"682227","Brandon Williamson","Cincinnati Reds","L",35,0.685714285714286,0.3,0.171428571428571,0.114285714285714,0.416666666666667,0.0879121098947172,0.259,152,0.825127334465195,0.358618421052632,0.157894736842105,0.144736842105263,0.427184466019417,0.042716922104511,0.603,-0.13941304875091,-0.0586184210526316,0.0135338345864662,-0.0304511278195489,-0.0105177993527508,0.0451951877902062,54.4,0.259,"stable",2026-09-03,2026-09-16,"pitcher","sabrhood_recent_vs_prior_zscore_v1","2026-09-16","2026-09-17 14:43:28 UTC"
"571510","Matthew Boyd","Chicago Cubs","L",51,0.624347826086957,0.2808,0.196078431372549,0.0784313725490196,0.324324324324324,-0.014079193498079,0.338,425,0.710873993008056,0.310541176470588,0.185882352941176,0.0729411764705882,0.382352941176471,-0.0112537280093885,0.81,-0.0865261669210993,-0.0297411764705882,0.0101960784313725,0.00549019607843138,-0.0580286168521462,-0.00282546548869046,54.3,0.338,"stable",2026-09-03,2026-09-16,"pitcher","sabrhood_recent_vs_prior_zscore_v1","2026-09-16","2026-09-17 14:43:28 UTC"
"689254","Mason Fluharty","Toronto Blue Jays","L",21,0.548872180451128,0.25047619047619,0.285714285714286,0.0952380952380952,0.384615384615385,-0.0390706592683826,0.174,232,0.630276564774381,0.279825327510917,0.254310344827586,0.0948275862068965,0.310810810810811,0.00905157994585559,0.699,-0.0814043843232535,-0.0293491370347266,0.0314039408866995,0.000410509031198686,0.0738045738045738,-0.0481222392142382,54.2,0.174,"stable",2026-09-03,2026-09-16,"pitcher","sabrhood_recent_vs_prior_zscore_v1","2026-09-16","2026-09-17 14:43:28 UTC"
"656876","Drew Rasmussen","Tampa Bay Rays","R",51,0.509803921568627,0.219019607843137,0.215686274509804,0,0.375,-0.0998175553523782,0.338,575,0.557245838047519,0.244730434782609,0.259130434782609,0.0469565217391304,0.345268542199488,-0.0379391158058994,0.852,-0.0474419164788915,-0.0257108269394714,-0.0434441602728048,-0.0469565217391304,0.0297314578005115,-0.0618784395464788,54.1,0.338,"stable",2026-09-03,2026-09-16,"pitcher","sabrhood_recent_vs_prior_zscore_v1","2026-09-16","2026-09-17 14:43:28 UTC"
"621097","Jacob Waguespack","Detroit Tigers","R",22,0.527272727272727,0.234090909090909,0.227272727272727,0.0909090909090909,0.2,-0.0472213374604796,0.18,137,0.52592967366557,0.237835820895522,0.153284671532847,0.102189781021898,0.297029702970297,-0.0589049644932058,0.578,0.00134305360715681,-0.00374491180461331,0.0739880557398805,-0.0112806901128069,-0.097029702970297,0.0116836270327261,54,0.18,"stable",2026-09-03,2026-09-16,"pitcher","sabrhood_recent_vs_prior_zscore_v1","2026-09-16","2026-09-17 14:43:28 UTC"
"669270","Joel Kuhnel","San Francisco Giants","R",28,0.712732919254658,0.308928571428571,0.0714285714285714,0.142857142857143,0.409090909090909,-0.0579679257442583,0.219,157,0.824313797369747,0.352371794871795,0.140127388535032,0.0764331210191083,0.394957983193277,0.0176348857616705,0.611,-0.111580878115089,-0.0434432234432234,-0.0686988171064604,0.0664240218380346,0.0141329258976318,-0.0756028115059288,53.6,0.219,"stable",2026-09-03,2026-09-16,"pitcher","sabrhood_recent_vs_prior_zscore_v1","2026-09-16","2026-09-17 14:43:28 UTC"
"681517","Kyle Leahy","St. Louis Cardinals","R",25,0.8,0.3412,0.4,0,0.266666666666667,0.0826123733539886,0.2,546,0.725251608188753,0.315414364640884,0.216117216117216,0.0695970695970696,0.477806788511749,-0.0343672907772569,0.845,0.0747483918112468,0.0257856353591161,0.183882783882784,-0.0695970695970696,-0.211140121845083,0.116979664131246,53.6,0.2,"stable",2026-09-03,2026-09-16,"pitcher","sabrhood_recent_vs_prior_zscore_v1","2026-09-16","2026-09-17 14:43:28 UTC"
"677865","Justin Bruihl","St. Louis Cardinals","L",28,0.671296296296296,0.297037037037037,0.214285714285714,0.0357142857142857,0.368421052631579,0.0131294426048011,0.219,298,0.698568040980492,0.308114478114478,0.154362416107383,0.0805369127516778,0.356164383561644,0.00959267282890276,0.749,-0.0272717446841961,-0.0110774410774411,0.0599232981783317,-0.0448226270373921,0.0122566690699351,0.0035367697758983,53.5,0.219,"stable",2026-09-03,2026-09-16,"pitcher","sabrhood_recent_vs_prior_zscore_v1","2026-09-16","2026-09-17 14:43:28 UTC"
"670036","Matt Festa","Cleveland Guardians","R",24,0.683333333333333,0.299583333333333,0.291666666666667,0.125,0.214285714285714,0.0304318721724308,0.194,254,0.718897637795276,0.312834645669291,0.244094488188976,0.062992125984252,0.410714285714286,-0.00844287918462385,0.718,-0.0355643044619423,-0.0132513123359581,0.0475721784776903,0.062007874015748,-0.196428571428571,0.0388747513570546,53.5,0.194,"stable",2026-09-03,2026-09-16,"pitcher","sabrhood_recent_vs_prior_zscore_v1","2026-09-16","2026-09-17 14:43:28 UTC"
"663687","Hogan Harris","Athletics","L",30,0.603703703703704,0.261666666666667,0.2,0.1,0.428571428571429,-0.0848053800152018,0.231,267,0.688086883876358,0.311315789473684,0.295880149812734,0.131086142322097,0.326530612244898,-0.00741189289419106,0.728,-0.0843831801726539,-0.0496491228070176,-0.0958801498127341,-0.0310861423220974,0.102040816326531,-0.0773934871210107,53.4,0.231,"stable",2026-09-03,2026-09-16,"pitcher","sabrhood_recent_vs_prior_zscore_v1","2026-09-16","2026-09-17 14:43:28 UTC"
"543243","Sonny Gray","Boston Red Sox","R",51,0.578857630008525,0.258235294117647,0.235294117647059,0.0980392156862745,0.454545454545455,-0.0702787663846313,0.338,588,0.6808170782125,0.295442176870748,0.217687074829932,0.0629251700680272,0.382211538461538,-0.0423399907725927,0.855,-0.101959448203975,-0.0372068827531012,0.0176070428171269,0.0351140456182473,0.0723339160839161,-0.0279387756120386,53.1,0.338,"stable",2026-09-03,2026-09-16,"pitcher","sabrhood_recent_vs_prior_zscore_v1","2026-09-16","2026-09-17 14:43:28 UTC"
"671737","Taj Bradley","Minnesota Twins","R",43,0.553111250785669,0.251162790697674,0.27906976744186,0.13953488372093,0.52,-0.0365409444396747,0.301,654,0.683404807152478,0.299709035222052,0.27217125382263,0.100917431192661,0.448275862068966,-0.0215359222911808,0.867,-0.130293556366808,-0.0485462445243777,0.0068985136192305,0.0386174525282697,0.0717241379310345,-0.0150050221484939,53.1,0.301,"stable",2026-09-03,2026-09-16,"pitcher","sabrhood_recent_vs_prior_zscore_v1","2026-09-16","2026-09-17 14:43:28 UTC"
"669020","Ryan Rolison","Chicago Cubs","L",24,0.609848484848485,0.270833333333333,0.0833333333333333,0.0833333333333333,0.35,-0.0865585502810877,0.194,221,0.668065268065268,0.295181818181818,0.221719457013575,0.108597285067873,0.4,-0.0272224546632853,0.688,-0.0582167832167833,-0.0243484848484848,-0.138386123680241,-0.02526395173454,-0.05,-0.0593360956178024,53.1,0.194,"stable",2026-09-03,2026-09-16,"pitcher","sabrhood_recent_vs_prior_zscore_v1","2026-09-16","2026-09-17 14:43:28 UTC"
"573009","Joe Mantiply","Toronto Blue Jays","L",28,0.693121693121693,0.297857142857143,0.142857142857143,0.0357142857142857,0.304347826086957,-0.0430518240023209,0.219,79,0.70605450887141,0.305714285714286,0.215189873417722,0.0506329113924051,0.428571428571429,-0.0229380158702061,0.441,-0.0129328157497173,-0.00785714285714284,-0.0723327305605787,-0.0149186256781194,-0.124223602484472,-0.0201138081321147,52.9,0.219,"stable",2026-09-03,2026-09-16,"pitcher","sabrhood_recent_vs_prior_zscore_v1","2026-09-16","2026-09-17 14:43:28 UTC"
"669373","Tarik Skubal","Los Angeles Dodgers","L",77,0.546699875466999,0.244805194805195,0.25974025974026,0.051948051948052,0.339622641509434,-0.0736860387346887,0.435,496,0.599160783152983,0.259330628803245,0.308467741935484,0.0423387096774194,0.360759493670886,-0.0459291312318064,0.832,-0.0524609076859842,-0.0145254339980506,-0.0487274821952242,0.0096093422706326,-0.0211368521614521,-0.0277569075028822,52.3,0.435,"stable",2026-09-03,2026-09-16,"pitcher","sabrhood_recent_vs_prior_zscore_v1","2026-09-16","2026-09-17 14:43:28 UTC"
"650633","Michael King","San Diego Padres","R",49,0.592724046140195,0.25734693877551,0.142857142857143,0.0612244897959184,0.384615384615385,-0.073147287461555,0.329,664,0.645965062001371,0.288184568835098,0.212349397590361,0.0948795180722892,0.323595505617978,-0.0354728197483581,0.869,-0.0532410158611754,-0.0308376300595882,-0.0694922547332186,-0.0336550282763708,0.0610198789974071,-0.0376744677131969,52.3,0.329,"stable",2026-09-03,2026-09-16,"pitcher","sabrhood_recent_vs_prior_zscore_v1","2026-09-16","2026-09-17 14:43:28 UTC"
"676534","Calvin Faucher","Miami Marlins","R",21,0.611111111111111,0.283333333333333,0.19047619047619,0.142857142857143,0.357142857142857,-0.0810533341720714,0.174,254,0.588094934518497,0.271778656126482,0.251968503937008,0.122047244094488,0.391025641025641,0.0112934476220048,0.718,0.0230161765926142,0.0115546772068511,-0.0614923134608174,0.0208098987626547,-0.0338827838827839,-0.0923467817940762,52.3,0.174,"stable",2026-09-03,2026-09-16,"pitcher","sabrhood_recent_vs_prior_zscore_v1","2026-09-16","2026-09-17 14:43:28 UTC"
"593958","Eduardo Rodriguez","Arizona Diamondbacks","L",50,0.68390022675737,0.300612244897959,0.26,0.06,0.242424242424242,0.0119693643986405,0.333,687,0.662443403155477,0.28983918128655,0.177583697234352,0.0800582241630277,0.335952848722986,-0.0493210943828838,0.873,0.0214568236018922,0.0107730636114095,0.0824163027656478,-0.0200582241630277,-0.0935286062987438,0.0612904587815243,51.8,0.333,"stable",2026-09-03,2026-09-16,"pitcher","sabrhood_recent_vs_prior_zscore_v1","2026-09-16","2026-09-17 14:43:28 UTC"
"694738","Landen Roupp","San Francisco Giants","R",43,0.547803617571059,0.263953488372093,0.13953488372093,0.162790697674419,0.433333333333333,-0.108069078839205,0.301,616,0.652852281946648,0.291058631921824,0.222402597402597,0.11038961038961,0.28960396039604,-0.00769295060132531,0.86,-0.105048664375588,-0.0271051435497311,-0.0828677136816672,0.0524010872848082,0.143729372937294,-0.10037612823788,51.7,0.301,"stable",2026-09-03,2026-09-16,"pitcher","sabrhood_recent_vs_prior_zscore_v1","2026-09-16","2026-09-17 14:43:28 UTC"
"663574","Tony Santillan","Cincinnati Reds","R",21,0.928571428571429,0.394761904761905,0.238095238095238,0.19047619047619,0.333333333333333,0.0463850976466491,0.174,164,0.863898082241465,0.367375,0.189024390243902,0.128048780487805,0.463636363636364,0.0657006830939302,0.621,0.0646733463299632,0.0273869047619047,0.0490708478513356,0.0624274099883856,-0.13030303030303,-0.0193155854472811,51.7,0.174,"stable",2026-09-03,2026-09-16,"pitcher","sabrhood_recent_vs_prior_zscore_v1","2026-09-16","2026-09-17 14:43:28 UTC"
"669620","Brady Basso","Athletics","L",45,0.76031746031746,0.332222222222222,0.0888888888888889,0.0666666666666667,0.324324324324324,-0.0137665311296177,0.31,133,0.822118826055834,0.34469696969697,0.180451127819549,0.0225563909774436,0.367924528301887,0.026947517282655,0.571,-0.0618013657383736,-0.0124747474747475,-0.09156223893066,0.0441102756892231,-0.0436002039775624,-0.0407140484122727,51.6,0.31,"stable",2026-09-03,2026-09-16,"pitcher","sabrhood_recent_vs_prior_zscore_v1","2026-09-16","2026-09-17 14:43:28 UTC"
"663878","Nate Pearson","Kansas City Royals","R",30,0.646153846153846,0.282,0.266666666666667,0.0666666666666667,0.368421052631579,-0.0260142277742474,0.231,149,0.575278761295778,0.27,0.201342281879195,0.120805369127517,0.354166666666667,-0.0312027219815042,0.598,0.0708750848580685,0.0120000000000001,0.065324384787472,-0.0541387024608501,0.0142543859649122,0.00518849420725684,51.6,0.231,"stable",2026-09-03,2026-09-16,"pitcher","sabrhood_recent_vs_prior_zscore_v1","2026-09-16","2026-09-17 14:43:28 UTC"
"642528","Jonathan Loáisiga","Arizona Diamondbacks","R",24,0.708333333333333,0.308333333333333,0.291666666666667,0,0.294117647058824,-0.0843299957744865,0.194,216,0.575417305993397,0.250093457943925,0.185185185185185,0.0416666666666667,0.331325301204819,-0.0601869927691008,0.684,0.132916027339936,0.0582398753894081,0.106481481481482,-0.0416666666666667,-0.0372076541459957,-0.0241430030053856,51.6,0.194,"stable",2026-09-03,2026-09-16,"pitcher","sabrhood_recent_vs_prior_zscore_v1","2026-09-16","2026-09-17 14:43:28 UTC"
"666157","Nick Lodolo","Cincinnati Reds","L",50,0.827804878048781,0.3548,0.2,0.14,0.387096774193548,0.0290083441242148,0.333,386,0.865667743161094,0.368203125,0.178756476683938,0.0906735751295337,0.411985018726592,0.0197940482874548,0.794,-0.0378628651123136,-0.013403125,0.0212435233160622,0.0493264248704663,-0.0248882445330434,0.00921429583675999,51.5,0.333,"stable",2026-09-03,2026-09-16,"pitcher","sabrhood_recent_vs_prior_zscore_v1","2026-09-16","2026-09-17 14:43:28 UTC"
"453286","Max Scherzer","Toronto Blue Jays","R",67,0.706875458771715,0.30910447761194,0.119402985074627,0.0746268656716418,0.358490566037736,0.0363387841138073,0.401,248,0.766809014105337,0.330931174089069,0.185483870967742,0.104838709677419,0.342857142857143,0.0333030519951353,0.713,-0.0599335553336219,-0.0218266964771285,-0.0660808858931151,-0.0302118440057776,0.015633423180593,0.00303573211867204,51.4,0.401,"stable",2026-09-03,2026-09-16,"pitcher","sabrhood_recent_vs_prior_zscore_v1","2026-09-16","2026-09-17 14:43:28 UTC"
"696149","Bubba Chandler","Pittsburgh Pirates","R",44,0.720454545454545,0.310454545454545,0.25,0.0909090909090909,0.448275862068966,-0.0100570651306858,0.306,591,0.687469354671932,0.305025466893039,0.204737732656514,0.11844331641286,0.381679389312977,0.00994599467933174,0.855,0.0329851907826131,0.00542907856150637,0.0452622673434856,-0.0275342255037686,0.0665964727559884,-0.0200030598100175,51.4,0.306,"stable",2026-09-03,2026-09-16,"pitcher","sabrhood_recent_vs_prior_zscore_v1","2026-09-16","2026-09-17 14:43:28 UTC"
"656550","Grant Holmes","Atlanta Braves","R",40,0.661111111111111,0.29125,0.15,0.1,0.5,-0.0442416064927187,0.286,561,0.705645161290323,0.30725,0.185383244206774,0.0980392156862745,0.43609022556391,-0.0153032276044245,0.849,-0.0445340501792114,-0.016,-0.0353832442067736,0.0019607843137255,0.0639097744360902,-0.0289383788882943,51.3,0.286,"stable",2026-09-03,2026-09-16,"pitcher","sabrhood_recent_vs_prior_zscore_v1","2026-09-16","2026-09-17 14:43:28 UTC"
"681867","Cooper Criswell","Seattle Mariners","R",25,0.693333333333333,0.3092,0.24,0.04,0.444444444444444,-0.0195421401418848,0.2,126,0.675580079230334,0.292096774193548,0.19047619047619,0.0555555555555556,0.365591397849462,0.0127058102955914,0.558,0.0177532541029994,0.0171032258064516,0.0495238095238095,-0.0155555555555556,0.078853046594982,-0.0322479504374762,51.3,0.2,"stable",2026-09-03,2026-09-16,"pitcher","sabrhood_recent_vs_prior_zscore_v1","2026-09-16","2026-09-17 14:43:28 UTC"
"667755","José Soriano","Toronto Blue Jays","R",76,0.67406015037594,0.295657894736842,0.131578947368421,0.0657894736842105,0.233333333333333,-0.0195581057353917,0.432,631,0.64321455213175,0.289171974522293,0.236133122028526,0.10459587955626,0.389705882352941,-0.0247814434764708,0.863,0.0308455982441902,0.00648592021454913,-0.104554174660105,-0.0388064058720494,-0.156372549019608,0.00522333774107907,51.2,0.432,"stable",2026-09-03,2026-09-16,"pitcher","sabrhood_recent_vs_prior_zscore_v1","2026-09-16","2026-09-17 14:43:28 UTC"
"696062","Wilber Dotel","Pittsburgh Pirates","R",27,0.656296296296296,0.28037037037037,0.185185185185185,0.037037037037037,0.380952380952381,0.0697559981308015,0.213,122,0.664906642179369,0.295371900826446,0.254098360655738,0.0983606557377049,0.481012658227848,0.0169102681879227,0.55,-0.00861034588307319,-0.0150015304560759,-0.0689131754705525,-0.0613236187006679,-0.100060277275467,0.0528457299428787,51.2,0.213,"stable",2026-09-03,2026-09-16,"pitcher","sabrhood_recent_vs_prior_zscore_v1","2026-09-16","2026-09-17 14:43:28 UTC"
"686973","Louis Varland","Toronto Blue Jays","R",33,0.445141065830721,0.216969696969697,0.333333333333333,0.121212121212121,0.333333333333333,-0.0617701431911066,0.248,267,0.50421786172749,0.225526315789474,0.314606741573034,0.0636704119850187,0.36969696969697,-0.0858496162200581,0.728,-0.0590767958967685,-0.00855661881977668,0.0187265917602996,0.0575417092271025,-0.0363636363636364,0.0240794730289515,51.1,0.248,"stable",2026-09-03,2026-09-16,"pitcher","sabrhood_recent_vs_prior_zscore_v1","2026-09-16","2026-09-17 14:43:28 UTC"
"665665","Reiver Sanmartin","San Francisco Giants","L",21,0.627777777777778,0.289,0.0952380952380952,0.0952380952380952,0.294117647058824,0.0912766158069403,0.174,71,0.773386588185831,0.327183098591549,0.197183098591549,0.0563380281690141,0.39622641509434,0.0346570002492364,0.415,-0.145608810408054,-0.0381830985915492,-0.101945003353454,0.0389000670690811,-0.102108768035516,0.0566196155577039,51.1,0.174,"stable",2026-09-03,2026-09-16,"pitcher","sabrhood_recent_vs_prior_zscore_v1","2026-09-16","2026-09-17 14:43:28 UTC"
"694819","Jacob Misiorowski","Milwaukee Brewers","R",44,0.516629711751663,0.235227272727273,0.363636363636364,0.0681818181818182,0.32,-0.109342350540473,0.306,593,0.475274998755662,0.214543918918919,0.382799325463744,0.0657672849915683,0.331230283911672,-0.0642105051002558,0.856,0.0413547129960012,0.0206833538083538,-0.01916296182738,0.00241453319024988,-0.0112302839116719,-0.0451318454402175,51,0.306,"stable",2026-09-03,2026-09-16,"pitcher","sabrhood_recent_vs_prior_zscore_v1","2026-09-16","2026-09-17 14:43:28 UTC"
"674444","Steven Cruz","Kansas City Royals","R",20,0.760233918128655,0.327368421052632,0.3,0.05,0.461538461538462,-0.026619559338773,0.167,215,0.762019462375951,0.327523364485981,0.26046511627907,0.0790697674418605,0.359712230215827,-0.0187472244440017,0.683,-0.00178554424729649,-0.000154943433349763,0.0395348837209302,-0.0290697674418605,0.101826231322634,-0.00787233489477132,51,0.167,"stable",2026-09-03,2026-09-16,"pitcher","sabrhood_recent_vs_prior_zscore_v1","2026-09-16","2026-09-17 14:43:28 UTC"
"701656","Logan Henderson","Milwaukee Brewers","R",64,0.574092741935484,0.24265625,0.328125,0.03125,0.375,-0.0346083014212224,0.39,287,0.566949655510541,0.244230769230769,0.299651567944251,0.0487804878048781,0.383783783783784,-0.0649310524042696,0.742,0.00714308642494277,-0.00157451923076926,0.0284734320557491,-0.0175304878048781,-0.00878378378378381,0.0303227509830472,50.9,0.39,"stable",2026-09-03,2026-09-16,"pitcher","sabrhood_recent_vs_prior_zscore_v1","2026-09-16","2026-09-17 14:43:28 UTC"
"666171","Ryan Zeferjahn","Chicago Cubs","R",22,0.58133971291866,0.270454545454545,0.272727272727273,0.136363636363636,0.461538461538462,-0.0478894250737137,0.18,266,0.645046112192233,0.291245283018868,0.319548872180451,0.116541353383459,0.357142857142857,-0.00749776625155849,0.727,-0.0637063992735726,-0.0207907375643224,-0.0468215994531784,0.0198222829801777,0.104395604395604,-0.0403916588221552,50.9,0.18,"stable",2026-09-03,2026-09-16,"pitcher","sabrhood_recent_vs_prior_zscore_v1","2026-09-16","2026-09-17 14:43:28 UTC"
"695243","Mason Miller","San Diego Padres","R",27,0.425925925925926,0.207037037037037,0.555555555555556,0.111111111111111,0.333333333333333,-0.0942721356105794,0.213,219,0.406485408988712,0.192557077625571,0.474885844748858,0.0867579908675799,0.279569892473118,-0.086558500291036,0.687,0.019440516937214,0.0144799594114662,0.0806697108066972,0.0243531202435312,0.0537634408602151,-0.0077136353195434,50.8,0.213,"stable",2026-09-03,2026-09-16,"pitcher","sabrhood_recent_vs_prior_zscore_v1","2026-09-16","2026-09-17 14:43:28 UTC"
"670970","Adrian Morejon","San Diego Padres","L",26,0.510769230769231,0.223461538461538,0.384615384615385,0.0384615384615385,0.4,0.0291509038491977,0.206,303,0.544305149939454,0.241594684385382,0.297029702970297,0.0594059405940594,0.312169312169312,-0.0296237426992251,0.752,-0.0335359191702236,-0.0181331459238436,0.0875856816450876,-0.0209444021325209,0.0878306878306879,0.0587746465484228,50.8,0.206,"stable",2026-09-03,2026-09-16,"pitcher","sabrhood_recent_vs_prior_zscore_v1","2026-09-16","2026-09-17 14:43:28 UTC"
"601713","Nick Pivetta","San Diego Padres","R",34,0.529411764705882,0.225,0.205882352941176,0,0.444444444444444,-0.0752442392998773,0.254,66,0.539393939393939,0.244545454545455,0.363636363636364,0.0909090909090909,0.305555555555556,-0.0015704817830526,0.398,-0.00998217468805696,-0.0195454545454546,-0.157754010695187,-0.0909090909090909,0.138888888888889,-0.0736737575168247,50.6,0.254,"stable",2026-09-03,2026-09-16,"pitcher","sabrhood_recent_vs_prior_zscore_v1","2026-09-16","2026-09-17 14:43:28 UTC"
"805673","Zebby Matthews","Minnesota Twins","R",55,0.710227272727273,0.304545454545455,0.254545454545455,0.127272727272727,0.470588235294118,0.0280824119916299,0.355,468,0.749081396277658,0.321004273504273,0.198717948717949,0.0683760683760684,0.417159763313609,0.00854609160443645,0.824,-0.0388541235503852,-0.0164588189588189,0.0558275058275058,0.0588966588966589,0.0534284719805082,0.0195363203871934,50.5,0.355,"stable",2026-09-03,2026-09-16,"pitcher","sabrhood_recent_vs_prior_zscore_v1","2026-09-16","2026-09-17 14:43:28 UTC"
"663623","Jake Irvin","Washington Nationals","R",46,0.772826086956522,0.338260869565217,0.195652173913043,0.130434782608696,0.451612903225806,0.00787583622780168,0.315,380,0.76760824078545,0.333763157894737,0.228947368421053,0.105263157894737,0.450819672131148,0.03551387255286,0.792,0.0052178461710719,0.00449771167048052,-0.0332951945080091,0.0251716247139588,0.000793231094658897,-0.0276380363250583,50.5,0.315,"stable",2026-09-03,2026-09-16,"pitcher","sabrhood_recent_vs_prior_zscore_v1","2026-09-16","2026-09-17 14:43:28 UTC"
"669199","Lake Bachar","Pittsburgh Pirates","R",28,0.678571428571429,0.305185185185185,0.25,0.178571428571429,0.266666666666667,-0.0495424833716665,0.219,308,0.641753909395771,0.281921824104234,0.25,0.0974025974025974,0.346938775510204,-0.0152140970423052,0.755,0.0368175191756571,0.0232633610809507,0,0.0811688311688312,-0.0802721088435374,-0.0343283863293613,50.5,0.219,"stable",2026-09-03,2026-09-16,"pitcher","sabrhood_recent_vs_prior_zscore_v1","2026-09-16","2026-09-17 14:43:28 UTC"
"682120","Tim Herrin","Cleveland Guardians","L",21,0.701754385964912,0.30952380952381,0.333333333333333,0.0952380952380952,0.416666666666667,0.0356060920973897,0.174,201,0.680269461077844,0.296180904522613,0.218905472636816,0.109452736318408,0.384615384615385,-0.025885804228789,0.668,0.0214849248870679,0.0133429050011965,0.114427860696517,-0.0142146410803127,0.032051282051282,0.0614918963261787,50.2,0.174,"stable",2026-09-03,2026-09-16,"pitcher","sabrhood_recent_vs_prior_zscore_v1","2026-09-16","2026-09-17 14:43:28 UTC"
"641743","Anthony Kay","Chicago White Sox","L",58,0.712201591511936,0.313965517241379,0.137931034482759,0.0689655172413793,0.340909090909091,0.0681747111670753,0.367,613,0.762866991191901,0.332454695222405,0.184339314845024,0.0799347471451876,0.391100702576112,0.0026444378295272,0.86,-0.0506653996799648,-0.018489177981026,-0.0464082803622659,-0.0109692299038083,-0.0501916116670215,0.0655302733375481,50.1,0.367,"stable",2026-09-03,2026-09-16,"pitcher","sabrhood_recent_vs_prior_zscore_v1","2026-09-16","2026-09-17 14:43:28 UTC"
"663567","Peter Lambert","Houston Astros","R",51,0.697426796805679,0.300612244897959,0.196078431372549,0,0.384615384615385,-0.0119573217968786,0.338,568,0.642520612485277,0.287862190812721,0.230633802816901,0.0985915492957746,0.355013550135501,-0.0223228802317284,0.85,0.0549061843204022,0.0127500540852383,-0.0345553714443524,-0.0985915492957746,0.0296018344798833,0.0103655584348498,50.1,0.338,"stable",2026-09-03,2026-09-16,"pitcher","sabrhood_recent_vs_prior_zscore_v1","2026-09-16","2026-09-17 14:43:28 UTC"
"527048","Martín Pérez","Atlanta Braves","L",76,0.674791666666667,0.303866666666667,0.118421052631579,0.131578947368421,0.245614035087719,-0.0142364997442726,0.432,499,0.660295728368018,0.289195171026157,0.182364729458918,0.100200400801603,0.380281690140845,-0.0339277483309895,0.833,0.0144959382986491,0.0146714956405097,-0.0639436768273389,0.0313785465668178,-0.134667655053126,0.0196912485867169,49.8,0.432,"stable",2026-09-03,2026-09-16,"pitcher","sabrhood_recent_vs_prior_zscore_v1","2026-09-16","2026-09-17 14:43:28 UTC"
"669461","Matthew Liberatore","St. Louis Cardinals","L",64,0.803571428571429,0.3528125,0.109375,0.125,0.354166666666667,-0.000205856503875817,0.39,592,0.812712894797827,0.347884940778342,0.238175675675676,0.0793918918918919,0.426767676767677,0.0344437772481547,0.855,-0.00914146622639866,0.00492755922165816,-0.128800675675676,0.0456081081081081,-0.0726010101010101,-0.0346496337520306,49.7,0.39,"stable",2026-09-03,2026-09-16,"pitcher","sabrhood_recent_vs_prior_zscore_v1","2026-09-16","2026-09-17 14:43:28 UTC"
"700712","Walbert Ureña","Los Angeles Angels","R",55,0.638111888111888,0.268703703703704,0.2,0.0545454545454545,0.463414634146341,-0.0314067031789896,0.355,526,0.603809523809524,0.275706106870229,0.228136882129278,0.121673003802281,0.351351351351351,-0.0285909263977027,0.84,0.0343023643023643,-0.00700240316652523,-0.0281368821292776,-0.0671275492568268,0.11206328279499,-0.00281577678128698,49.7,0.355,"stable",2026-09-03,2026-09-16,"pitcher","sabrhood_recent_vs_prior_zscore_v1","2026-09-16","2026-09-17 14:43:28 UTC"
"607625","Seth Lugo","Kansas City Royals","R",47,0.892627412172192,0.386595744680851,0.170212765957447,0.0851063829787234,0.371428571428571,0.00635200584204123,0.32,663,0.803833638397397,0.343863636363636,0.177978883861237,0.0739064856711916,0.430327868852459,0.0244224012135517,0.869,0.0887937737747952,0.0427321083172147,-0.00776611790379,0.0111998973075318,-0.0588992974238876,-0.0180703953715104,49.5,0.32,"stable",2026-09-03,2026-09-16,"pitcher","sabrhood_recent_vs_prior_zscore_v1","2026-09-16","2026-09-17 14:43:28 UTC"
"701519","Travis Adams","Minnesota Twins","R",34,0.752100840336134,0.316764705882353,0.117647058823529,0.117647058823529,0.307692307692308,0.00920429760730392,0.254,197,0.76461038961039,0.328928571428571,0.258883248730964,0.101522842639594,0.317460317460317,0.039331201959269,0.663,-0.0125095492742552,-0.0121638655462185,-0.141236189907435,0.0161242161839355,-0.00976800976800973,-0.0301269043519651,49.5,0.254,"stable",2026-09-03,2026-09-16,"pitcher","sabrhood_recent_vs_prior_zscore_v1","2026-09-16","2026-09-17 14:43:28 UTC"
"670062","Julian Garcia","Cincinnati Reds","R",35,0.58423645320197,0.279428571428571,0.142857142857143,0.171428571428571,0.291666666666667,-0.0587572101034431,0.259,145,0.635017375033414,0.273379310344828,0.248275862068966,0.0896551724137931,0.329787234042553,-0.0320591576797997,0.592,-0.0507809218314431,0.00604926108374387,-0.105418719211823,0.0817733990147783,-0.0381205673758865,-0.0266980524236434,49.2,0.259,"stable",2026-09-03,2026-09-16,"pitcher","sabrhood_recent_vs_prior_zscore_v1","2026-09-16","2026-09-17 14:43:28 UTC"
"547973","Aroldis Chapman","Boston Red Sox","L",21,0.619047619047619,0.278095238095238,0.380952380952381,0.142857142857143,0.4,-0.0253519612750219,0.174,189,0.578603182784614,0.261283422459893,0.317460317460317,0.105820105820106,0.37962962962963,-0.0512990723383815,0.654,0.0404444362630046,0.016811815635345,0.0634920634920635,0.037037037037037,0.0203703703703704,0.0259471110633596,49.2,0.174,"stable",2026-09-03,2026-09-16,"pitcher","sabrhood_recent_vs_prior_zscore_v1","2026-09-16","2026-09-17 14:43:28 UTC"
"608379","Michael Wacha","Kansas City Royals","R",74,0.738329238329238,0.315675675675676,0.175675675675676,0.0945945945945946,0.320754716981132,-0.0286028144917791,0.425,686,0.682794657516557,0.293396778916545,0.198250728862974,0.0612244897959184,0.366533864541833,-0.0274355595734454,0.873,0.0555345808126815,0.022278896759131,-0.0225750531872981,0.0333701047986762,-0.0457791475607006,-0.00116725491833371,49.1,0.425,"stable",2026-09-03,2026-09-16,"pitcher","sabrhood_recent_vs_prior_zscore_v1","2026-09-16","2026-09-17 14:43:28 UTC"
"592332","Kevin Gausman","Chicago Cubs","R",72,0.769927536231884,0.327222222222222,0.291666666666667,0.0416666666666667,0.479166666666667,0.0225687380097946,0.419,658,0.714833297724059,0.307373271889401,0.237082066869301,0.0653495440729483,0.385964912280702,0.00808701394928847,0.868,0.0550942385078254,0.0198489503328213,0.0545845997973658,-0.0236828774062817,0.093201754385965,0.0144817240605062,49.1,0.419,"stable",2026-09-03,2026-09-16,"pitcher","sabrhood_recent_vs_prior_zscore_v1","2026-09-16","2026-09-17 14:43:28 UTC"
"605483","Blake Snell","Los Angeles Dodgers","L",50,0.540869565217391,0.2456,0.32,0.08,0.285714285714286,-0.120917335046193,0.333,109,0.470646178092987,0.223703703703704,0.330275229357798,0.110091743119266,0.1,-0.0474168272590128,0.522,0.0702233871244048,0.0218962962962963,-0.0102752293577982,-0.0300917431192661,0.185714285714286,-0.0735005077871799,49.1,0.333,"stable",2026-09-03,2026-09-16,"pitcher","sabrhood_recent_vs_prior_zscore_v1","2026-09-16","2026-09-17 14:43:28 UTC"
"663436","Davis Martin","Chicago White Sox","R",39,0.670940170940171,0.291538461538462,0.0256410256410256,0.0769230769230769,0.514285714285714,-0.0556143879879791,0.281,553,0.723898550724638,0.316304347826087,0.206148282097649,0.0723327305605787,0.433333333333333,-0.00520702969123637,0.847,-0.0529583797844667,-0.0247658862876255,-0.180507256456624,0.00459034636249826,0.0809523809523809,-0.0504073582967428,49.1,0.281,"stable",2026-09-03,2026-09-16,"pitcher","sabrhood_recent_vs_prior_zscore_v1","2026-09-16","2026-09-17 14:43:28 UTC"
"670950","Trevor Richards","Chicago White Sox","R",33,0.659824046920821,0.285454545454545,0.212121212121212,0.0303030303030303,0.5,0.000162929694617415,0.248,272,0.665372693726937,0.284575645756458,0.220588235294118,0.0661764705882353,0.393782383419689,-0.0207489347093785,0.731,-0.00554864680611622,0.000878899698087909,-0.00846702317290551,-0.035873440285205,0.106217616580311,0.0209118644039959,49.1,0.248,"stable",2026-09-03,2026-09-16,"pitcher","sabrhood_recent_vs_prior_zscore_v1","2026-09-16","2026-09-17 14:43:28 UTC"
"677952","Braxton Ashcraft","Pittsburgh Pirates","R",22,0.857142857142857,0.364285714285714,0.409090909090909,0,0.384615384615385,0.0212549460556609,0.18,646,0.66317049060923,0.286077519379845,0.253869969040248,0.0541795665634675,0.416856492027335,-0.0181663773833737,0.866,0.193972366533628,0.0782081949058694,0.155220940050661,-0.0541795665634675,-0.0322411074119502,0.0394213234390347,49.1,0.18,"stable",2026-09-03,2026-09-16,"pitcher","sabrhood_recent_vs_prior_zscore_v1","2026-09-16","2026-09-17 14:43:28 UTC"
"680570","Grayson Rodriguez","Los Angeles Angels","R",45,0.9,0.389111111111111,0.155555555555556,0.111111111111111,0.393939393939394,0.0327459546612365,0.31,348,0.837000907441016,0.35536023054755,0.206896551724138,0.0919540229885057,0.464135021097046,0.0445698227933025,0.777,0.0629990925589837,0.0337508805635606,-0.0513409961685824,0.0191570881226054,-0.0701956271576525,-0.011823868132066,49,0.31,"stable",2026-09-03,2026-09-16,"pitcher","sabrhood_recent_vs_prior_zscore_v1","2026-09-16","2026-09-17 14:43:28 UTC"
"669923","George Kirby","Seattle Mariners","R",78,0.806577480490524,0.350512820512821,0.192307692307692,0.102564102564103,0.327272727272727,0.0307823260880506,0.438,643,0.767405636455843,0.329641185647426,0.199066874027994,0.0559875583203732,0.408033826638478,-0.00279989777746638,0.865,0.039171844034681,0.0208716348653946,-0.00675918172030146,0.0465765442437293,-0.0807610993657505,0.0335822238655169,48.8,0.438,"stable",2026-09-03,2026-09-16,"pitcher","sabrhood_recent_vs_prior_zscore_v1","2026-09-16","2026-09-17 14:43:28 UTC"
"664353","José Urquidy","Chicago White Sox","R",21,0.859649122807018,0.355238095238095,0.0476190476190476,0.0476190476190476,0.473684210526316,-0.0253519612750219,0.174,110,0.825133689839572,0.355727272727273,0.181818181818182,0.0545454545454545,0.317073170731707,0.074664316922804,0.524,0.0345154329674453,-0.000489177489177484,-0.134199134199134,-0.00692640692640693,0.156611039794608,-0.100016278197826,48.8,0.174,"stable",2026-09-03,2026-09-16,"pitcher","sabrhood_recent_vs_prior_zscore_v1","2026-09-16","2026-09-17 14:43:28 UTC"
"664199","Taylor Clarke","Arizona Diamondbacks","R",23,0.579051383399209,0.252608695652174,0.217391304347826,0.0434782608695652,0.294117647058824,0.07788703239267,0.187,244,0.556633707201889,0.241528925619835,0.155737704918033,0.0450819672131148,0.324607329842932,-0.0197838231770454,0.709,0.0224176761973205,0.0110797700323392,0.0616535994297933,-0.00160370634354954,-0.0304896827841084,0.0976708555697154,48.7,0.187,"stable",2026-09-03,2026-09-16,"pitcher","sabrhood_recent_vs_prior_zscore_v1","2026-09-16","2026-09-17 14:43:28 UTC"
"687911","Bryan King","Houston Astros","L",20,0.757309941520468,0.333157894736842,0.05,0.05,0.277777777777778,0.0801953514532182,0.167,238,0.768312436258924,0.333924050632911,0.184873949579832,0.0756302521008403,0.372781065088757,0.0314506108798187,0.704,-0.0110024947384559,-0.000766155896069265,-0.134873949579832,-0.0256302521008403,-0.0950032873109796,0.0487447405733995,48.7,0.167,"stable",2026-09-03,2026-09-16,"pitcher","sabrhood_recent_vs_prior_zscore_v1","2026-09-16","2026-09-17 14:43:28 UTC"
"694918","Blade Tidwell","San Francisco Giants","R",68,0.632620320855615,0.291470588235294,0.161764705882353,0.117647058823529,0.422222222222222,0.0305808028125098,0.405,154,0.695746282702804,0.304545454545455,0.201298701298701,0.0844155844155844,0.37037037037037,-0.00735596401703099,0.606,-0.0631259618471895,-0.0130748663101604,-0.0395339954163484,0.033231474407945,0.0518518518518519,0.0379367668295408,48.6,0.405,"stable",2026-09-03,2026-09-16,"pitcher","sabrhood_recent_vs_prior_zscore_v1","2026-09-16","2026-09-17 14:43:28 UTC"
"683627","Anthony Molina","San Francisco Giants","R",58,0.683269476372925,0.291896551724138,0.275862068965517,0.0689655172413793,0.447368421052632,0.0347152316380858,0.367,56,0.638227513227513,0.275714285714286,0.160714285714286,0.0357142857142857,0.333333333333333,-0.00347989430270634,0.359,0.0450419631454113,0.0161822660098522,0.115147783251232,0.0332512315270936,0.114035087719298,0.0381951259407922,48.4,0.367,"stable",2026-09-03,2026-09-16,"pitcher","sabrhood_recent_vs_prior_zscore_v1","2026-09-16","2026-09-17 14:43:28 UTC"
"657277","Logan Webb","San Francisco Giants","R",47,0.752417794970986,0.320212765957447,0.319148936170213,0.0638297872340425,0.482758620689655,0.0303987104062551,0.32,622,0.646848054149359,0.284991922455573,0.191318327974277,0.0610932475884244,0.380530973451327,-0.00233417511715462,0.861,0.105569740821627,0.0352208435018733,0.127830608195936,0.00273653964561811,0.102227647238328,0.0327328855234097,48.1,0.32,"stable",2026-09-03,2026-09-16,"pitcher","sabrhood_recent_vs_prior_zscore_v1","2026-09-16","2026-09-17 14:43:28 UTC"
"662253","Andrés Muñoz","Seattle Mariners","R",23,0.654347826086957,0.292173913043478,0.260869565217391,0.130434782608696,0.5,-0.0638489999663015,0.187,211,0.645482504789755,0.283175355450237,0.383886255924171,0.0947867298578199,0.422018348623853,-0.00330504071817554,0.678,0.00886532129720152,0.00899855759324125,-0.123016690706779,0.0356480527508757,0.0779816513761468,-0.060543959248126,48.1,0.187,"stable",2026-09-03,2026-09-16,"pitcher","sabrhood_recent_vs_prior_zscore_v1","2026-09-16","2026-09-17 14:43:28 UTC"
"663738","Daniel Lynch IV","Kansas City Royals","L",62,0.652224824355972,0.28672131147541,0.0967741935483871,0.0645161290322581,0.352941176470588,-0.00963183161816742,0.383,250,0.601333333333333,0.26416,0.184,0.076,0.377049180327869,-0.0302576361279055,0.714,0.0508914910226386,0.0225613114754099,-0.0872258064516129,-0.0114838709677419,-0.0241080038572806,0.0206258045097381,47.6,0.383,"stable",2026-09-03,2026-09-16,"pitcher","sabrhood_recent_vs_prior_zscore_v1","2026-09-16","2026-09-17 14:43:28 UTC"
"547179","Michael Lorenzen","Toronto Blue Jays","R",42,1.03634085213033,0.435952380952381,0.142857142857143,0.0952380952380952,0.46875,0.0911677575627648,0.296,577,0.93768686127419,0.397395833333333,0.145580589254766,0.0866551126516465,0.462242562929062,0.0772568440850649,0.852,0.0986539908561359,0.0385565476190477,-0.00272344639762317,0.00858298258644878,0.0065074370709382,0.0139109134776999,47.5,0.296,"stable",2026-09-03,2026-09-16,"pitcher","sabrhood_recent_vs_prior_zscore_v1","2026-09-16","2026-09-17 14:43:28 UTC"
"671345","Jason Foley","San Francisco Giants","R",26,0.693979933110368,0.310384615384615,0.0384615384615385,0.115384615384615,0.272727272727273,0.0858665246724139,0.206,71,0.73303457106274,0.315070422535211,0.169014084507042,0.0563380281690141,0.4,0.0192044463812241,0.415,-0.0390546379523723,-0.00468580715059586,-0.130552546045504,0.0590465872156013,-0.127272727272727,0.0666620782911898,47.5,0.206,"stable",2026-09-03,2026-09-16,"pitcher","sabrhood_recent_vs_prior_zscore_v1","2026-09-16","2026-09-17 14:43:28 UTC"
"641927","Bailey Ober","Minnesota Twins","R",48,0.793604651162791,0.34875,0.1875,0.104166666666667,0.470588235294118,-0.0159632261066494,0.324,478,0.724955896579851,0.31186974789916,0.165271966527197,0.0648535564853557,0.35989010989011,0.00648000061524792,0.827,0.06864875458294,0.0368802521008404,0.0222280334728034,0.039313110181311,0.110698125404008,-0.0224432267218973,47.4,0.324,"stable",2026-09-03,2026-09-16,"pitcher","sabrhood_recent_vs_prior_zscore_v1","2026-09-16","2026-09-17 14:43:28 UTC"
"807739","Kade Anderson","Seattle Mariners","L",66,0.816226783968719,0.348030303030303,0.196969696969697,0.0454545454545455,0.44,0.0217378566003801,0.398,41,0.774216027874564,0.328536585365854,0.195121951219512,0.121951219512195,0.321428571428571,-0.0376290641976965,0.291,0.0420107560941549,0.0194937176644494,0.00184774575018476,-0.0764966740576497,0.118571428571429,0.0593669207980766,47.3,0.398,"stable",2026-09-03,2026-09-16,"pitcher","sabrhood_recent_vs_prior_zscore_v1","2026-09-16","2026-09-17 14:43:28 UTC"
"623474","Jimmy Herget","Colorado Rockies","R",27,0.776296296296296,0.33037037037037,0.148148148148148,0.0740740740740741,0.476190476190476,0.155836677313909,0.213,193,0.848910865490272,0.36020942408377,0.202072538860104,0.10880829015544,0.356589147286822,0.0609025092583729,0.659,-0.0726145691939759,-0.0298390537133992,-0.0539243907119555,-0.0347342160813663,0.119601328903654,0.0949341680555358,47.3,0.213,"stable",2026-09-03,2026-09-16,"pitcher","sabrhood_recent_vs_prior_zscore_v1","2026-09-16","2026-09-17 14:43:28 UTC"
"669358","Shane Baz","Baltimore Orioles","R",73,0.790305584826133,0.338767123287671,0.178082191780822,0.0684931506849315,0.452830188679245,0.0224844629567647,0.422,670,0.718002122844612,0.310973053892216,0.207462686567164,0.0805970149253731,0.416135881104034,-0.00214164439080739,0.87,0.0723034619815209,0.0277940693954556,-0.0293804947863423,-0.0121038642404416,0.0366943075752113,0.0246261073475721,47.2,0.422,"stable",2026-09-03,2026-09-16,"pitcher","sabrhood_recent_vs_prior_zscore_v1","2026-09-16","2026-09-17 14:43:28 UTC"
"621111","Walker Buehler","San Diego Padres","R",52,0.865384615384615,0.372307692307692,0.211538461538462,0.0961538461538462,0.393939393939394,0.0140823903560979,0.342,559,0.738863287250384,0.320861759425494,0.198568872987478,0.0858676207513417,0.380710659898477,0.0089082790378687,0.848,0.126521328134231,0.0514459328821986,0.0129695885509839,0.0102862254025045,0.0132287340409168,0.00517411131822922,47.1,0.342,"stable",2026-09-03,2026-09-16,"pitcher","sabrhood_recent_vs_prior_zscore_v1","2026-09-16","2026-09-17 14:43:28 UTC"
"676282","Joey Cantillo","Cleveland Guardians","L",32,0.797554347826087,0.3646875,0.34375,0.1875,0.583333333333333,-0.0131176612447503,0.242,620,0.744893923049263,0.32673139158576,0.243548387096774,0.116129032258065,0.39386189258312,0.00364590504883693,0.861,0.0526604247768241,0.0379561084142395,0.100201612903226,0.0713709677419355,0.189471440750213,-0.0167635662935872,47.1,0.242,"stable",2026-09-03,2026-09-16,"pitcher","sabrhood_recent_vs_prior_zscore_v1","2026-09-16","2026-09-17 14:43:28 UTC"
"476594","Robert Stock","New York Mets","R",22,0.777511961722488,0.351818181818182,0.181818181818182,0.0909090909090909,0.6,0.0395412860272439,0.18,126,0.780952380952381,0.346904761904762,0.198412698412698,0.103174603174603,0.321428571428571,0.0617759273655544,0.558,-0.00344041922989291,0.00491341991341993,-0.0165945165945166,-0.0122655122655123,0.278571428571429,-0.0222346413383106,47,0.18,"stable",2026-09-03,2026-09-16,"pitcher","sabrhood_recent_vs_prior_zscore_v1","2026-09-16","2026-09-17 14:43:28 UTC"
"800600","Jackson Kent","Washington Nationals","L",63,0.817316017316017,0.356984126984127,0.158730158730159,0.126984126984127,0.4,0.0807445305840383,0.387,88,0.731164383561644,0.330909090909091,0.193181818181818,0.170454545454545,0.428571428571429,0.00391185389028893,0.468,0.0861516337543734,0.026075036075036,-0.0344516594516595,-0.0434704184704185,-0.0285714285714285,0.0768326766937493,46.8,0.387,"stable",2026-09-03,2026-09-16,"pitcher","sabrhood_recent_vs_prior_zscore_v1","2026-09-16","2026-09-17 14:43:28 UTC"
"700363","AJ Smith-Shawver","Atlanta Braves","R",40,0.933823529411765,0.396,0.125,0.125,0.344827586206897,0.0529475732999326,0.286,85,0.789363416599516,0.344117647058824,0.176470588235294,0.129411764705882,0.379310344827586,0.0551570416583213,0.459,0.144460112812248,0.0518823529411765,-0.0514705882352941,-0.00441176470588237,-0.0344827586206896,-0.00220946835838876,46.8,0.286,"stable",2026-09-03,2026-09-16,"pitcher","sabrhood_recent_vs_prior_zscore_v1","2026-09-16","2026-09-17 14:43:28 UTC"
"680767","Victor Vodnik","Miami Marlins","R",31,0.817948717948718,0.368,0.0967741935483871,0.129032258064516,0.458333333333333,0.0026333156134237,0.237,216,0.746591371591372,0.327268518518519,0.166666666666667,0.12037037037037,0.393333333333333,0.0245327459771817,0.684,0.0713573463573464,0.0407314814814815,-0.0698924731182796,0.00866188769414576,0.065,-0.021899430363758,46.7,0.237,"stable",2026-09-03,2026-09-16,"pitcher","sabrhood_recent_vs_prior_zscore_v1","2026-09-16","2026-09-17 14:43:28 UTC"
"656240","Scott Blewett","Athletics","R",35,0.689285714285714,0.302857142857143,0.2,0.0857142857142857,0.4,-0.0046610279867909,0.259,98,0.609313899751155,0.267938144329897,0.204081632653061,0.0714285714285714,0.323943661971831,-0.0182787374076751,0.495,0.0799718145345589,0.0349189985272459,-0.00408163265306122,0.0142857142857143,0.076056338028169,0.0136177094208842,46.6,0.259,"stable",2026-09-03,2026-09-16,"pitcher","sabrhood_recent_vs_prior_zscore_v1","2026-09-16","2026-09-17 14:43:28 UTC"
"673513","Yuki Matsui","San Diego Padres","L",23,0.641821946169772,0.277826086956522,0.173913043478261,0.0869565217391304,0.352941176470588,-0.0718051943608089,0.187,221,0.570473699505958,0.257432432432432,0.271493212669683,0.131221719457014,0.283464566929134,-0.0882377000307401,0.688,0.0713482466638147,0.0203936545240893,-0.0975801691914224,-0.0442651977178831,0.0694766095414544,0.0164325056699312,46.4,0.187,"stable",2026-09-03,2026-09-16,"pitcher","sabrhood_recent_vs_prior_zscore_v1","2026-09-16","2026-09-17 14:43:28 UTC"
"676440","Tanner Bibee","Cleveland Guardians","R",66,0.764367816091954,0.331818181818182,0.181818181818182,0.121212121212121,0.326086956521739,0.0588377458765479,0.398,666,0.693045112781955,0.299248120300752,0.192192192192192,0.0690690690690691,0.398760330578512,-0.0200597021284464,0.869,0.0713227033099991,0.0325700615174299,-0.0103740103740104,0.0521430521430521,-0.0726733740567733,0.0788974480049943,46.1,0.398,"stable",2026-09-03,2026-09-16,"pitcher","sabrhood_recent_vs_prior_zscore_v1","2026-09-16","2026-09-17 14:43:28 UTC"
"669467","Andre Pallante","St. Louis Cardinals","R",66,0.731633771929824,0.31609375,0.106060606060606,0.0909090909090909,0.313725490196078,0.0423943209659386,0.398,565,0.666323660561158,0.293575221238938,0.171681415929204,0.0725663716814159,0.345238095238095,-0.0208365644969918,0.85,0.0653101113686665,0.0225185287610619,-0.0656208098685975,0.018342719227675,-0.0315126050420168,0.0632308854629304,45.9,0.398,"stable",2026-09-03,2026-09-16,"pitcher","sabrhood_recent_vs_prior_zscore_v1","2026-09-16","2026-09-17 14:43:28 UTC"
"608372","Tomoyuki Sugano","Colorado Rockies","R",48,0.937984496124031,0.386666666666667,0.145833333333333,0.0833333333333333,0.405405405405405,0.113098737272791,0.324,566,0.850445795339412,0.356400709219858,0.139575971731449,0.0530035335689046,0.433920704845815,0.02411289860093,0.85,0.0875387007846186,0.0302659574468085,0.00625736160188459,0.0303297997644287,-0.0285152994404095,0.0889858386718615,45.7,0.324,"stable",2026-09-03,2026-09-16,"pitcher","sabrhood_recent_vs_prior_zscore_v1","2026-09-16","2026-09-17 14:43:28 UTC"
"702752","Jonathan Pintaro","New York Mets","R",26,0.80448717948718,0.348461538461538,0.192307692307692,0.0384615384615385,0.473684210526316,0.0735438022865193,0.206,99,0.7079456877043,0.315567010309278,0.252525252525253,0.131313131313131,0.389830508474576,0.0116165627152255,0.497,0.0965414917828797,0.0328945281522602,-0.0602175602175602,-0.0928515928515929,0.0838537020517395,0.0619272395712938,45.6,0.206,"stable",2026-09-03,2026-09-16,"pitcher","sabrhood_recent_vs_prior_zscore_v1","2026-09-16","2026-09-17 14:43:28 UTC"
"800048","Parker Messick","Cleveland Guardians","L",74,0.751987281399046,0.323648648648649,0.337837837837838,0.0540540540540541,0.488372093023256,-0.0213278099876364,0.425,637,0.595857135947635,0.259257503949447,0.252747252747253,0.0659340659340659,0.322505800464037,-0.0521009928830447,0.864,0.156130145451411,0.0643911446992015,0.0850905850905851,-0.0118800118800119,0.165866292559219,0.0307731828954083,44.9,0.425,"cooling",2026-09-03,2026-09-16,"pitcher","sabrhood_recent_vs_prior_zscore_v1","2026-09-16","2026-09-17 14:43:28 UTC"
"519242","Chris Sale","Atlanta Braves","L",51,0.62233589087809,0.274509803921569,0.254901960784314,0.0588235294117647,0.484848484848485,-0.0310630801101215,0.338,578,0.56756021315538,0.252824956672444,0.306228373702422,0.0484429065743945,0.33983286908078,-0.0573817544432369,0.853,0.0547756777227105,0.0216848472491249,-0.0513264129181084,0.0103806228373702,0.145015615767705,0.0263186743331154,44.9,0.338,"cooling",2026-09-03,2026-09-16,"pitcher","sabrhood_recent_vs_prior_zscore_v1","2026-09-16","2026-09-17 14:43:28 UTC"
"663554","Casey Mize","San Diego Padres","R",46,0.837714863498483,0.353913043478261,0.152173913043478,0.0652173913043478,0.444444444444444,-0.045886895766134,0.315,468,0.667521708753369,0.286115879828326,0.213675213675214,0.0598290598290598,0.383233532934132,-0.0184774374778389,0.824,0.170193154745115,0.0677971636499348,-0.0615013006317354,0.00538833147528799,0.0612109115103127,-0.0274094582882951,44.9,0.315,"cooling",2026-09-03,2026-09-16,"pitcher","sabrhood_recent_vs_prior_zscore_v1","2026-09-16","2026-09-17 14:43:28 UTC"
"663776","Patrick Sandoval","Boston Red Sox","L",40,0.922222222222222,0.404,0.3,0.1,0.5,0.0945238448381554,0.286,227,0.83230762319752,0.360663716814159,0.220264317180617,0.110132158590308,0.337748344370861,0.021347424222716,0.694,0.0899145990247019,0.0433362831858407,0.0797356828193833,-0.0101321585903084,0.162251655629139,0.0731764206154395,44.9,0.286,"cooling",2026-09-03,2026-09-16,"pitcher","sabrhood_recent_vs_prior_zscore_v1","2026-09-16","2026-09-17 14:43:28 UTC"
"677958","Kumar Rocker","Texas Rangers","R",39,0.927927927927928,0.386666666666667,0.205128205128205,0.0512820512820513,0.344827586206897,0.0895048097493364,0.281,571,0.7522580912062,0.326112084063047,0.217162872154116,0.0963222416812609,0.403100775193798,-0.00260569639232372,0.851,0.175669836721728,0.0605545826036193,-0.0120346670259105,-0.0450401903992097,-0.0582731889869019,0.0921105061416601,44.9,0.281,"cooling",2026-09-03,2026-09-16,"pitcher","sabrhood_recent_vs_prior_zscore_v1","2026-09-16","2026-09-17 14:43:28 UTC"
"805427","Drew Sommers","Detroit Tigers","L",30,0.680715197956577,0.3,0.2,0.0333333333333333,0.318181818181818,0.0253354632546537,0.231,124,0.615249395737201,0.278048780487805,0.379032258064516,0.0806451612903226,0.25,0.0119828507323491,0.554,0.0654658022193767,0.0219512195121951,-0.179032258064516,-0.0473118279569892,0.0681818181818182,0.0133526125223046,44.9,0.231,"cooling",2026-09-03,2026-09-16,"pitcher","sabrhood_recent_vs_prior_zscore_v1","2026-09-16","2026-09-17 14:43:28 UTC"
"668941","JoJo Romero","Milwaukee Brewers","L",26,0.849358974358974,0.356923076923077,0.153846153846154,0.0769230769230769,0.25,0.0767230378737103,0.206,191,0.703425229741019,0.308730158730159,0.230366492146597,0.0732984293193717,0.426356589147287,-0.0287713883230218,0.656,0.145933744617955,0.0481929181929182,-0.076520338300443,0.00362464760370521,-0.176356589147287,0.105494426196732,44.9,0.206,"cooling",2026-09-03,2026-09-16,"pitcher","sabrhood_recent_vs_prior_zscore_v1","2026-09-16","2026-09-17 14:43:28 UTC"
"593974","Wandy Peralta","San Diego Padres","L",23,0.867494824016563,0.374347826086957,0.217391304347826,0.0434782608695652,0.5,0.0155745011949764,0.187,281,0.733670672570103,0.319534050179211,0.153024911032028,0.0747330960854092,0.338028169014085,-0.0334988567824834,0.738,0.13382415144646,0.0548137759077451,0.0643663933157976,-0.031254835215844,0.161971830985915,0.0490733579774598,44.9,0.187,"cooling",2026-09-03,2026-09-16,"pitcher","sabrhood_recent_vs_prior_zscore_v1","2026-09-16","2026-09-17 14:43:28 UTC"
"702021","Will Dion","Washington Nationals","L",27,0.787878787878788,0.333703703703704,0.259259259259259,0.148148148148148,0.3125,0.0540357728342602,0.213,149,0.694387705476121,0.300134228187919,0.281879194630872,0.0671140939597315,0.326315789473684,-0.00280876529508371,0.598,0.0934910824026668,0.0335694755157842,-0.0226199353716132,0.0810340541884166,-0.0138157894736842,0.0568445381293439,44.7,0.213,"cooling",2026-09-03,2026-09-16,"pitcher","sabrhood_recent_vs_prior_zscore_v1","2026-09-16","2026-09-17 14:43:28 UTC"
"663969","Tyler Phillips","Miami Marlins","R",36,0.886200716845878,0.361944444444444,0.166666666666667,0.111111111111111,0.423076923076923,0.018799306542943,0.265,473,0.69851884351786,0.307367303609342,0.190274841437632,0.0993657505285412,0.427272727272727,-0.0171672538064595,0.825,0.187681873328018,0.0545771408351026,-0.0236081747709655,0.0117453605825699,-0.00419580419580418,0.0359665603494026,44.6,0.265,"cooling",2026-09-03,2026-09-16,"pitcher","sabrhood_recent_vs_prior_zscore_v1","2026-09-16","2026-09-17 14:43:28 UTC"
"683363","Matt Wilkinson","San Francisco Giants","L",34,0.764705882352941,0.321470588235294,0.176470588235294,0.0588235294117647,0.5,0.0983344954481645,0.254,47,0.676595744680851,0.289148936170213,0.127659574468085,0.0425531914893617,0.487179487179487,-0.0364000080499076,0.32,0.0881101376720901,0.0323216520650814,0.048811013767209,0.016270337922403,0.0128205128205128,0.134734503498072,44.5,0.254,"cooling",2026-09-03,2026-09-16,"pitcher","sabrhood_recent_vs_prior_zscore_v1","2026-09-16","2026-09-17 14:43:28 UTC"
"687312","Gabriel Hughes","Colorado Rockies","R",32,0.926724137931034,0.3921875,0.25,0.0625,0.380952380952381,0.107957885578574,0.242,231,0.745111536558608,0.321798245614035,0.181818181818182,0.0909090909090909,0.289156626506024,0.0447333497942223,0.698,0.181612601372427,0.070389254385965,0.0681818181818182,-0.0284090909090909,0.0917957544463568,0.0632245357843514,44.4,0.242,"cooling",2026-09-03,2026-09-16,"pitcher","sabrhood_recent_vs_prior_zscore_v1","2026-09-16","2026-09-17 14:43:28 UTC"
"676083","Janson Junk","Miami Marlins","R",52,0.884615384615385,0.381730769230769,0.153846153846154,0.0576923076923077,0.35,0.0921551161004009,0.342,436,0.733168202764977,0.316221198156682,0.160550458715596,0.0642201834862385,0.395209580838323,0.00402338507106229,0.813,0.151447181850408,0.0655095710740872,-0.00670430486944248,-0.00652787579393084,-0.0452095808383234,0.0881317310293386,44.3,0.342,"cooling",2026-09-03,2026-09-16,"pitcher","sabrhood_recent_vs_prior_zscore_v1","2026-09-16","2026-09-17 14:43:28 UTC"
"675848","Juan Mejia","Colorado Rockies","R",34,0.963488843813387,0.41,0.264705882352941,0.147058823529412,0.473684210526316,0.0465156171346182,0.254,267,0.751743094663449,0.333977272727273,0.198501872659176,0.119850187265918,0.374301675977654,0.0365512537630184,0.728,0.211745749149939,0.0760227272727272,0.0662040096937651,0.0272086362634942,0.0993825345486621,0.00996436337159973,44.3,0.254,"cooling",2026-09-03,2026-09-16,"pitcher","sabrhood_recent_vs_prior_zscore_v1","2026-09-16","2026-09-17 14:43:28 UTC"
"687064","Brandon Young","Baltimore Orioles","R",73,0.929872495446266,0.39625,0.205479452054795,0.123287671232877,0.340425531914894,0.0355053531469062,0.422,558,0.718707574373578,0.312198198198198,0.184587813620072,0.0824372759856631,0.399503722084367,-0.0107468644822659,0.848,0.211164921072688,0.0840518018018018,0.0208916384347228,0.0408503952472136,-0.0590781901694736,0.0462522176291722,44.2,0.422,"cooling",2026-09-03,2026-09-16,"pitcher","sabrhood_recent_vs_prior_zscore_v1","2026-09-16","2026-09-17 14:43:28 UTC"
"691725","Andrew Painter","Philadelphia Phillies","R",51,0.976827094474153,0.415686274509804,0.176470588235294,0.117647058823529,0.333333333333333,0.0183376005186094,0.338,457,0.757839890923257,0.327991169977925,0.199124726477024,0.0809628008752735,0.352941176470588,0.0220602950993815,0.82,0.218987203550897,0.087695104531879,-0.0226541382417299,0.0366842579482559,-0.0196078431372549,-0.00372269458077214,44.2,0.338,"cooling",2026-09-03,2026-09-16,"pitcher","sabrhood_recent_vs_prior_zscore_v1","2026-09-16","2026-09-17 14:43:28 UTC"
"693855","Ian Seymour","Tampa Bay Rays","L",39,0.795564795564796,0.334615384615385,0.307692307692308,0.0512820512820513,0.6,0.0214588360995513,0.281,468,0.714867392978981,0.302709677419355,0.294871794871795,0.061965811965812,0.35472972972973,-0.00805121599116292,0.824,0.0806974025858146,0.0319057071960298,0.0128205128205128,-0.0106837606837607,0.24527027027027,0.0295100520907142,44.2,0.281,"cooling",2026-09-03,2026-09-16,"pitcher","sabrhood_recent_vs_prior_zscore_v1","2026-09-16","2026-09-17 14:43:28 UTC"
"683618","Edgardo Henriquez","Los Angeles Dodgers","R",22,0.713636363636364,0.319090909090909,0.363636363636364,0.0909090909090909,0.416666666666667,-0.0132994715409385,0.18,220,0.502742585311393,0.237614678899083,0.286363636363636,0.104545454545455,0.2578125,-0.0352865960718805,0.688,0.210893778324971,0.0814762301918265,0.0772727272727273,-0.0136363636363636,0.158854166666667,0.0219871245309421,43.8,0.18,"cooling",2026-09-03,2026-09-16,"pitcher","sabrhood_recent_vs_prior_zscore_v1","2026-09-16","2026-09-17 14:43:28 UTC"
"669302","Logan Gilbert","Seattle Mariners","R",77,0.887770897832817,0.373157894736842,0.363636363636364,0.0779220779220779,0.41025641025641,0.0473652765563243,0.435,640,0.652694578808555,0.281210691823899,0.259375,0.0609375,0.409836065573771,-0.0310411482124875,0.865,0.235076319024262,0.0919472029129427,0.104261363636364,0.0169845779220779,0.000420344682639739,0.0784064247688118,43.7,0.435,"cooling",2026-09-03,2026-09-16,"pitcher","sabrhood_recent_vs_prior_zscore_v1","2026-09-16","2026-09-17 14:43:28 UTC"
"656302","Dylan Cease","Toronto Blue Jays","R",46,0.659420289855073,0.298260869565217,0.326086956521739,0.152173913043478,0.291666666666667,0.0203308179662844,0.315,626,0.52573285198556,0.24024,0.353035143769968,0.103833865814696,0.321321321321321,-0.0550061680027424,0.862,0.133687437869513,0.0580208695652175,-0.0269481872482289,0.0483400472287818,-0.0296546546546546,0.0753369859690268,43.5,0.315,"cooling",2026-09-03,2026-09-16,"pitcher","sabrhood_recent_vs_prior_zscore_v1","2026-09-16","2026-09-17 14:43:28 UTC"
"694297","Brandon Pfaadt","Arizona Diamondbacks","R",57,0.820767195767196,0.350357142857143,0.192982456140351,0.0175438596491228,0.5,0.0497369291959162,0.363,455,0.666483516483516,0.289142857142857,0.16043956043956,0.0593406593406593,0.337142857142857,-0.0138890424864102,0.82,0.154283679283679,0.0612142857142857,0.0325428957007904,-0.0417967996915365,0.162857142857143,0.0636259716823264,43.4,0.363,"cooling",2026-09-03,2026-09-16,"pitcher","sabrhood_recent_vs_prior_zscore_v1","2026-09-16","2026-09-17 14:43:28 UTC"
"703725","Luis Gastelum","St. Louis Cardinals","R",27,0.927407407407407,0.400740740740741,0.259259259259259,0.037037037037037,0.388888888888889,0.0774421771540505,0.213,110,0.759183673469388,0.322454545454545,0.3,0.0909090909090909,0.318181818181818,0.0314043235595895,0.524,0.16822373393802,0.0782861952861953,-0.0407407407407407,-0.0538720538720539,0.0707070707070707,0.046037853594461,43.4,0.213,"cooling",2026-09-03,2026-09-16,"pitcher","sabrhood_recent_vs_prior_zscore_v1","2026-09-16","2026-09-17 14:43:28 UTC"
"681190","Randy Vásquez","San Diego Padres","R",23,0.871635610766046,0.37,0.173913043478261,0.0869565217391304,0.352941176470588,0.156057974960678,0.187,536,0.741131410158981,0.317779850746269,0.147388059701493,0.0634328358208955,0.442307692307692,-0.00275964613700313,0.843,0.130504200607064,0.0522201492537313,0.0265249837767683,0.0235236859182349,-0.089366515837104,0.158817621097681,43.4,0.187,"cooling",2026-09-03,2026-09-16,"pitcher","sabrhood_recent_vs_prior_zscore_v1","2026-09-16","2026-09-17 14:43:28 UTC"
"669084","DL Hall","Milwaukee Brewers","L",30,0.744827586206897,0.328620689655172,0.2,0.133333333333333,0.4,-0.0982671755501663,0.231,183,0.508518161362906,0.241092896174863,0.278688524590164,0.153005464480874,0.29126213592233,-0.0530960496915612,0.647,0.236309424843991,0.087527793480309,-0.0786885245901639,-0.019672131147541,0.10873786407767,-0.0451711258586051,43.3,0.231,"cooling",2026-09-03,2026-09-16,"pitcher","sabrhood_recent_vs_prior_zscore_v1","2026-09-16","2026-09-17 14:43:28 UTC"
"665871","Javier Assad","Chicago Cubs","R",29,0.795977011494253,0.352413793103448,0.137931034482759,0.172413793103448,0.4,0.044639060902683,0.225,331,0.688992974238876,0.297598784194529,0.166163141993958,0.0604229607250755,0.454545454545455,-0.024897337375712,0.768,0.106984037255377,0.0548150089089194,-0.0282321075111991,0.111990832378373,-0.0545454545454545,0.069536398278395,43.3,0.225,"cooling",2026-09-03,2026-09-16,"pitcher","sabrhood_recent_vs_prior_zscore_v1","2026-09-16","2026-09-17 14:43:28 UTC"
"682243","Bryce Miller","Seattle Mariners","R",40,0.858870967741935,0.37275,0.275,0.2,0.35,0.0137436791132526,0.286,396,0.696959273527793,0.298379746835443,0.23989898989899,0.0631313131313131,0.327272727272727,-0.00733311363055829,0.798,0.161911694214142,0.074370253164557,0.0351010101010101,0.136868686868687,0.0227272727272727,0.0210767927438109,43.1,0.286,"cooling",2026-09-03,2026-09-16,"pitcher","sabrhood_recent_vs_prior_zscore_v1","2026-09-16","2026-09-17 14:43:28 UTC"
"667297","Tommy Nance","Minnesota Twins","R",27,0.958333333333333,0.38962962962963,0.37037037037037,0.0740740740740741,0.4,0.118751475457366,0.213,222,0.680378445084327,0.297090909090909,0.252252252252252,0.0855855855855856,0.379310344827586,0.0206243396779563,0.689,0.277954888249006,0.0925387205387205,0.118118118118118,-0.0115115115115115,0.0206896551724138,0.0981271357794101,42.9,0.213,"cooling",2026-09-03,2026-09-16,"pitcher","sabrhood_recent_vs_prior_zscore_v1","2026-09-16","2026-09-17 14:43:28 UTC"
"685299","Tanner Gordon","Colorado Rockies","R",45,1.04909560723514,0.447777777777778,0.2,0.0444444444444444,0.470588235294118,0.0659967092950226,0.31,381,0.860075754226172,0.361878306878307,0.188976377952756,0.036745406824147,0.42320819112628,0.0097782355261839,0.792,0.18901985300897,0.0858994708994709,0.0110236220472441,0.00769903762029747,0.0473800441678378,0.0562184737688387,42.8,0.31,"cooling",2026-09-03,2026-09-16,"pitcher","sabrhood_recent_vs_prior_zscore_v1","2026-09-16","2026-09-17 14:43:28 UTC"
"666661","Juan Morillo","Arizona Diamondbacks","R",22,0.722727272727273,0.308181818181818,0.272727272727273,0.0454545454545455,0.5,-0.0177215697548687,0.18,223,0.53557639271925,0.243153153153153,0.286995515695067,0.0896860986547085,0.301470588235294,-0.044598111338434,0.69,0.187150880008023,0.065028665028665,-0.0142682429677946,-0.0442315532001631,0.198529411764706,0.0268765415835653,42.6,0.18,"cooling",2026-09-03,2026-09-16,"pitcher","sabrhood_recent_vs_prior_zscore_v1","2026-09-16","2026-09-17 14:43:28 UTC"
"665660","Elvis Alvarado","Athletics","R",24,0.940217391304348,0.399166666666667,0.166666666666667,0.0416666666666667,0.526315789473684,0.0194837005510225,0.194,183,0.709351479533973,0.308032786885246,0.295081967213115,0.114754098360656,0.490566037735849,0.00435127177658379,0.647,0.230865911770375,0.0911338797814208,-0.128415300546448,-0.0730874316939891,0.0357497517378351,0.0151324287744387,42.3,0.194,"cooling",2026-09-03,2026-09-16,"pitcher","sabrhood_recent_vs_prior_zscore_v1","2026-09-16","2026-09-17 14:43:28 UTC"
"681217","Chase Silseth","Texas Rangers","R",20,0.825,0.379,0.25,0.1,0.363636363636364,0.0933390509330661,0.167,226,0.67485119047619,0.3009375,0.269911504424779,0.123893805309735,0.318518518518519,-0.000136733692685126,0.693,0.150148809523809,0.0780625,-0.0199115044247787,-0.0238938053097345,0.0451178451178451,0.0934757846257512,42.3,0.167,"cooling",2026-09-03,2026-09-16,"pitcher","sabrhood_recent_vs_prior_zscore_v1","2026-09-16","2026-09-17 14:43:28 UTC"
"592662","Robbie Ray","San Diego Padres","L",63,0.776844070961718,0.341587301587302,0.19047619047619,0.158730158730159,0.425,0.108469760283316,0.387,626,0.687087076434646,0.301589085072231,0.201277955271566,0.116613418530351,0.376777251184834,-0.0238646001834935,0.862,0.0897569945270718,0.0399982165150705,-0.010801764795375,0.0421167401998073,0.0482227488151659,0.132334360466809,42,0.387,"cooling",2026-09-03,2026-09-16,"pitcher","sabrhood_recent_vs_prior_zscore_v1","2026-09-16","2026-09-17 14:43:28 UTC"
"687473","Ryan Gusto","Miami Marlins","R",72,0.994791666666667,0.420138888888889,0.166666666666667,0.0833333333333333,0.423076923076923,0.0231913570467621,0.419,299,0.719490759954105,0.312240802675585,0.190635451505017,0.0668896321070234,0.433179723502304,-0.00629884788821934,0.749,0.275300906712562,0.107898086213303,-0.0239687848383501,0.0164437012263099,-0.0101028004253811,0.0294902049349814,41.8,0.419,"cooling",2026-09-03,2026-09-16,"pitcher","sabrhood_recent_vs_prior_zscore_v1","2026-09-16","2026-09-17 14:43:28 UTC"
"670280","David Bednar","New York Yankees","R",23,0.82815734989648,0.332608695652174,0.260869565217391,0,0.470588235294118,-0.0118173011855068,0.187,244,0.540707932073807,0.239135802469136,0.278688524590164,0.069672131147541,0.331210191082803,-0.0371065257493591,0.709,0.287449417822673,0.0934728931830382,-0.0178189593727726,-0.069672131147541,0.139378044211315,0.0252892245638522,41.7,0.187,"cooling",2026-09-03,2026-09-16,"pitcher","sabrhood_recent_vs_prior_zscore_v1","2026-09-16","2026-09-17 14:43:28 UTC"
"681293","Spencer Arrighetti","Toronto Blue Jays","R",46,0.864264264264264,0.373555555555556,0.152173913043478,0.152173913043478,0.333333333333333,0.100668700083798,0.315,436,0.709900813153427,0.317004608294931,0.222477064220183,0.126146788990826,0.308550185873606,0.0157484101271816,0.813,0.154363451110837,0.0565509472606247,-0.0703031511767052,0.0260271240526526,0.0247831474597274,0.0849202899566164,41.6,0.315,"cooling",2026-09-03,2026-09-16,"pitcher","sabrhood_recent_vs_prior_zscore_v1","2026-09-16","2026-09-17 14:43:28 UTC"
"695611","Gage Jump","Athletics","L",30,1.04047619047619,0.445,0.3,0.0333333333333333,0.421052631578947,0.132037685862315,0.231,408,0.756058603216567,0.328181818181818,0.242647058823529,0.107843137254902,0.396153846153846,0.0111051028306173,0.803,0.284417587259623,0.116818181818182,0.0573529411764706,-0.0745098039215686,0.0248987854251012,0.120932583031698,41.1,0.231,"cooling",2026-09-03,2026-09-16,"pitcher","sabrhood_recent_vs_prior_zscore_v1","2026-09-16","2026-09-17 14:43:28 UTC"
"682052","Jacob Lopez","Athletics","L",45,0.977777777777778,0.406888888888889,0.0888888888888889,0.0888888888888889,0.27027027027027,0.0862415435872112,0.31,466,0.755966321701708,0.329611231101512,0.221030042918455,0.111587982832618,0.306188925081433,0.00825888380163138,0.823,0.22181145607607,0.0772776577873771,-0.132141154029566,-0.0226990939437291,-0.035918654811163,0.0779826597855798,40.9,0.31,"cooling",2026-09-03,2026-09-16,"pitcher","sabrhood_recent_vs_prior_zscore_v1","2026-09-16","2026-09-17 14:43:28 UTC"
"657746","Joe Ryan","Minnesota Twins","R",41,0.976964769647697,0.409024390243902,0.195121951219512,0.0487804878048781,0.321428571428571,0.0719066853941284,0.291,526,0.684231806977847,0.293307984790875,0.262357414448669,0.0513307984790875,0.422096317280453,-0.000774269692780831,0.84,0.292732962669849,0.115716405453028,-0.067235463229157,-0.0025503106742094,-0.100667745851882,0.0726809550869092,40.8,0.291,"cooling",2026-09-03,2026-09-16,"pitcher","sabrhood_recent_vs_prior_zscore_v1","2026-09-16","2026-09-17 14:43:28 UTC"
"672782","Yoendrys Gómez","Minnesota Twins","R",21,0.928571428571429,0.401428571428571,0.285714285714286,0.142857142857143,0.333333333333333,0.171632347003882,0.174,257,0.685177364864865,0.3039453125,0.214007782101167,0.116731517509728,0.414201183431953,0.00153374848129496,0.72,0.243394063706564,0.0974832589285715,0.0717065036131184,0.0261256253474152,-0.0808678500986194,0.170098598522587,40.7,0.174,"cooling",2026-09-03,2026-09-16,"pitcher","sabrhood_recent_vs_prior_zscore_v1","2026-09-16","2026-09-17 14:43:28 UTC"
"676879","Aaron Ashby","Milwaukee Brewers","L",28,0.832857142857143,0.365714285714286,0.214285714285714,0.107142857142857,0.578947368421053,-0.0195830195076552,0.219,332,0.631746162733124,0.284277108433735,0.316265060240964,0.108433734939759,0.391534391534392,-0.0106065221134331,0.769,0.201110980124019,0.0814371772805508,-0.10197934595525,-0.0012908777969019,0.187412976886661,-0.0089764973942221,40.6,0.219,"cooling",2026-09-03,2026-09-16,"pitcher","sabrhood_recent_vs_prior_zscore_v1","2026-09-16","2026-09-17 14:43:28 UTC"
"671096","Andrew Abbott","Cincinnati Reds","L",52,0.993311036789298,0.413076923076923,0.192307692307692,0.0961538461538462,0.432432432432432,0.113253899899189,0.342,651,0.741605423298564,0.322203389830509,0.176651305683564,0.10752688172043,0.383116883116883,0.00391248672764393,0.867,0.251705613490734,0.0908735332464145,0.0156563866241286,-0.0113730355665839,0.0493155493155493,0.109341413171545,40.4,0.342,"cooling",2026-09-03,2026-09-16,"pitcher","sabrhood_recent_vs_prior_zscore_v1","2026-09-16","2026-09-17 14:43:28 UTC"
"702193","Andrew Morris","Minnesota Twins","R",20,0.844444444444444,0.369,0.15,0.1,0.333333333333333,0.114555947326987,0.167,277,0.673838383838384,0.295381818181818,0.212996389891697,0.0685920577617329,0.331632653061224,0.00694324571764351,0.735,0.170606060606061,0.0736181818181819,-0.0629963898916968,0.0314079422382672,0.00170068027210885,0.107612701609344,40.4,0.167,"cooling",2026-09-03,2026-09-16,"pitcher","sabrhood_recent_vs_prior_zscore_v1","2026-09-16","2026-09-17 14:43:28 UTC"
"682842","Abner Uribe","Milwaukee Brewers","R",21,0.701754385964912,0.301428571428571,0.238095238095238,0.0476190476190476,0.466666666666667,0.0230093770631679,0.174,196,0.502050140581068,0.228134715025907,0.260204081632653,0.086734693877551,0.322834645669291,-0.0876629335073502,0.662,0.199704245383844,0.0732938564026647,-0.022108843537415,-0.0391156462585034,0.143832020997375,0.110672310570518,39.9,0.174,"cooling",2026-09-03,2026-09-16,"pitcher","sabrhood_recent_vs_prior_zscore_v1","2026-09-16","2026-09-17 14:43:28 UTC"
"804267","Zac Thornton","New York Mets","L",48,0.922101449275362,0.381458333333333,0.208333333333333,0.0416666666666667,0.555555555555556,0.0400471073278937,0.324,246,0.662298603651987,0.289020408163265,0.182926829268293,0.0569105691056911,0.385869565217391,-0.0376680507065011,0.711,0.259802845623375,0.092437925170068,0.0254065040650407,-0.0152439024390244,0.169685990338164,0.0777151580343947,39.6,0.324,"cooling",2026-09-03,2026-09-16,"pitcher","sabrhood_recent_vs_prior_zscore_v1","2026-09-16","2026-09-17 14:43:28 UTC"
"656492","Foster Griffin","Cleveland Guardians","L",63,0.925925925925926,0.401587301587302,0.19047619047619,0.0952380952380952,0.302325581395349,0.108337485151041,0.387,630,0.687180291079502,0.297165605095541,0.220634920634921,0.0619047619047619,0.380630630630631,-0.025289644470406,0.863,0.238745634846424,0.10442169649176,-0.0301587301587302,0.0333333333333333,-0.0783050492352818,0.133627129621447,39.5,0.387,"cooling",2026-09-03,2026-09-16,"pitcher","sabrhood_recent_vs_prior_zscore_v1","2026-09-16","2026-09-17 14:43:28 UTC"
"669062","Erik Miller","Boston Red Sox","L",22,0.695238095238095,0.341428571428571,0.272727272727273,0.227272727272727,0.333333333333333,0.0632681379111241,0.18,187,0.596638083571526,0.272972972972973,0.347593582887701,0.128342245989305,0.252631578947368,-0.0302047465854565,0.652,0.0986000116665694,0.0684555984555985,-0.0748663101604278,0.0989304812834224,0.0807017543859649,0.0934728844965805,39.2,0.18,"cooling",2026-09-03,2026-09-16,"pitcher","sabrhood_recent_vs_prior_zscore_v1","2026-09-16","2026-09-17 14:43:28 UTC"
"690997","Nolan McLean","New York Mets","R",51,0.933503836317136,0.402156862745098,0.235294117647059,0.0980392156862745,0.411764705882353,0.0280144978253723,0.338,646,0.61875809717438,0.27751166407465,0.26625386996904,0.0944272445820433,0.356060606060606,-0.0188118258815214,0.866,0.314745739142756,0.124645198670448,-0.0309597523219814,0.00361197110423117,0.0557040998217468,0.0468263237068937,39.1,0.338,"cooling",2026-09-03,2026-09-16,"pitcher","sabrhood_recent_vs_prior_zscore_v1","2026-09-16","2026-09-17 14:43:28 UTC"
"573124","Taylor Rogers","Minnesota Twins","L",28,0.950310559006211,0.410357142857143,0.178571428571429,0.142857142857143,0.333333333333333,0.131897130835943,0.219,225,0.754412575841147,0.330315315315315,0.191111111111111,0.0933333333333333,0.273885350318471,0.00591975772276645,0.692,0.195897983165064,0.0800418275418276,-0.0125396825396825,0.0495238095238095,0.059447983014862,0.125977373113176,39,0.219,"cooling",2026-09-03,2026-09-16,"pitcher","sabrhood_recent_vs_prior_zscore_v1","2026-09-16","2026-09-17 14:43:28 UTC"
"680736","Justin Wrobleski","Los Angeles Dodgers","L",25,1.06702898550725,0.4575,0.28,0.04,0.411764705882353,0.0745123022921147,0.2,527,0.675386047955304,0.291273764258555,0.197343453510436,0.0550284629981025,0.435567010309278,-0.0229935076255939,0.841,0.391642937551943,0.166226235741445,0.0826565464895636,-0.0150284629981025,-0.0238023044269254,0.0975058099177086,38.9,0.2,"cooling",2026-09-03,2026-09-16,"pitcher","sabrhood_recent_vs_prior_zscore_v1","2026-09-16","2026-09-17 14:43:28 UTC"
"676604","Tyler Zuber","Miami Marlins","R",29,0.970219435736677,0.391379310344828,0.241379310344828,0.172413793103448,0.470588235294118,0.159902004364104,0.225,135,0.806707494896471,0.343777777777778,0.251851851851852,0.0444444444444444,0.440860215053763,0.0110610684614738,0.574,0.163511940840206,0.0476015325670498,-0.0104725415070242,0.127969348659004,0.0297280202403542,0.14884093590263,38.8,0.225,"cooling",2026-09-03,2026-09-16,"pitcher","sabrhood_recent_vs_prior_zscore_v1","2026-09-16","2026-09-17 14:43:28 UTC"
"622491","Luis Castillo","Chicago White Sox","R",35,1.08374384236453,0.443714285714286,0.142857142857143,0.114285714285714,0.32,0.183508006930368,0.259,548,0.813962832747363,0.346863468634686,0.193430656934307,0.0693430656934307,0.425316455696203,0.0386914387071139,0.846,0.269781009617169,0.0968508170795994,-0.0505735140771637,0.0449426485922836,-0.105316455696203,0.144816568223254,38.7,0.259,"cooling",2026-09-03,2026-09-16,"pitcher","sabrhood_recent_vs_prior_zscore_v1","2026-09-16","2026-09-17 14:43:28 UTC"
"669022","MacKenzie Gore","Texas Rangers","L",55,0.856521739130435,0.371090909090909,0.0545454545454545,0.145454545454545,0.318181818181818,0.125093971721061,0.355,664,0.706269902833347,0.307428139183056,0.254518072289157,0.0903614457831325,0.413551401869159,-0.00294610119827072,0.869,0.150251836297088,0.063662769907853,-0.199972617743702,0.0550930996714129,-0.0953695836873407,0.128040072919331,38.6,0.355,"cooling",2026-09-03,2026-09-16,"pitcher","sabrhood_recent_vs_prior_zscore_v1","2026-09-16","2026-09-17 14:43:28 UTC"
"518886","Craig Kimbrel","Kansas City Royals","R",28,0.855590062111801,0.3825,0.142857142857143,0.107142857142857,0.4,0.147160713158265,0.219,168,0.666748136380301,0.292754491017964,0.214285714285714,0.101190476190476,0.36036036036036,0.00673959363240857,0.627,0.188841925731501,0.0897455089820359,-0.0714285714285714,0.00595238095238095,0.0396396396396397,0.140421119525856,38.2,0.219,"cooling",2026-09-03,2026-09-16,"pitcher","sabrhood_recent_vs_prior_zscore_v1","2026-09-16","2026-09-17 14:43:28 UTC"
"650911","Cristopher Sánchez","Philadelphia Phillies","L",79,0.940003658313518,0.398441558441558,0.164556962025316,0.0632911392405063,0.35,0.0580386929296082,0.441,726,0.648496309624353,0.284439834024896,0.278236914600551,0.0537190082644628,0.417536534446764,-0.0438980020340317,0.879,0.291507348689165,0.114001724416662,-0.113679952575234,0.00957213097604352,-0.0675365344467641,0.10193669496364,38.1,0.441,"cooling",2026-09-03,2026-09-16,"pitcher","sabrhood_recent_vs_prior_zscore_v1","2026-09-16","2026-09-17 14:43:28 UTC"
"687330","Kevin Kelly","Tampa Bay Rays","R",29,0.931034482758621,0.390689655172414,0.310344827586207,0,0.45,0.0720737734261347,0.225,238,0.522246081977095,0.2275,0.218487394957983,0.0378151260504202,0.448275862068966,-0.0702961848635066,0.704,0.408788400781526,0.163189655172414,0.0918574326282237,-0.0378151260504202,0.00172413793103449,0.142369958289641,37.5,0.225,"cooling",2026-09-03,2026-09-16,"pitcher","sabrhood_recent_vs_prior_zscore_v1","2026-09-16","2026-09-17 14:43:28 UTC"
"663556","Shane McClanahan","Tampa Bay Rays","L",21,0.876315789473684,0.373,0.142857142857143,0.0476190476190476,0.529411764705882,0.0698861339630733,0.174,466,0.593183118156561,0.264288793103448,0.221030042918455,0.0815450643776824,0.409375,-0.0143988988177292,0.823,0.283132671317123,0.108711206896552,-0.0781729000613121,-0.0339260167586348,0.120036764705882,0.0842850327808025,37.5,0.174,"cooling",2026-09-03,2026-09-16,"pitcher","sabrhood_recent_vs_prior_zscore_v1","2026-09-16","2026-09-17 14:43:28 UTC"
"691587","Eury Pérez","Miami Marlins","R",46,0.959782608695652,0.414347826086957,0.217391304347826,0.108695652173913,0.4,0.131619395978292,0.315,558,0.667128438551356,0.294336917562724,0.259856630824373,0.10573476702509,0.392441860465116,-0.00866569421186383,0.848,0.292654170144297,0.120010908524233,-0.0424653264765467,0.00296088514882344,0.00755813953488377,0.140285090190156,36.9,0.315,"cooling",2026-09-03,2026-09-16,"pitcher","sabrhood_recent_vs_prior_zscore_v1","2026-09-16","2026-09-17 14:43:28 UTC"
"699134","Bradgley Rodriguez","San Diego Padres","R",23,1.04347826086957,0.422173913043478,0.304347826086957,0,0.375,0.0665857826423941,0.187,257,0.575988700564972,0.25244094488189,0.260700389105058,0.0700389105058366,0.290697674418605,-0.0153254851644468,0.72,0.467489560304593,0.169732968161588,0.0436474369818982,-0.0700389105058366,0.0843023255813953,0.0819112678068409,36.8,0.187,"cooling",2026-09-03,2026-09-16,"pitcher","sabrhood_recent_vs_prior_zscore_v1","2026-09-16","2026-09-17 14:43:28 UTC"
"675512","Troy Melton","Detroit Tigers","R",44,0.891277641277641,0.393181818181818,0.136363636363636,0.113636363636364,0.419354838709677,0.0569174379522442,0.306,407,0.632354308021192,0.274704433497537,0.206388206388206,0.0712530712530713,0.368965517241379,-0.0493925749293647,0.803,0.25892333325645,0.118477384684281,-0.07002457002457,0.0423832923832924,0.0503893214682981,0.106310012881609,36.6,0.306,"cooling",2026-09-03,2026-09-16,"pitcher","sabrhood_recent_vs_prior_zscore_v1","2026-09-16","2026-09-17 14:43:28 UTC"
"695076","Rhett Lowder","Cincinnati Reds","R",64,1.03009259259259,0.4359375,0.15625,0.125,0.477272727272727,0.145312280375369,0.39,498,0.772853535353535,0.334424242424242,0.176706827309237,0.0843373493975904,0.378453038674033,0.00950486831222828,0.833,0.257239057239057,0.101513257575758,-0.020456827309237,0.0406626506024096,0.0988196885986942,0.135807412063141,36.5,0.39,"cooling",2026-09-03,2026-09-16,"pitcher","sabrhood_recent_vs_prior_zscore_v1","2026-09-16","2026-09-17 14:43:28 UTC"
"678020","Seth Halvorsen","Los Angeles Dodgers","R",20,1.15,0.483,0.1,0,0.444444444444444,0.16346025822109,0.167,110,0.790715667311412,0.345,0.163636363636364,0.136363636363636,0.368421052631579,0.0215203625533017,0.524,0.359284332688588,0.138,-0.0636363636363636,-0.136363636363636,0.0760233918128655,0.141939895667789,36.5,0.167,"cooling",2026-09-03,2026-09-16,"pitcher","sabrhood_recent_vs_prior_zscore_v1","2026-09-16","2026-09-17 14:43:28 UTC"
"687562","Jake Bennett","Boston Red Sox","L",68,0.998833955223881,0.415373134328358,0.235294117647059,0.0294117647058824,0.48,0.0477377507612573,0.405,371,0.590003769791405,0.258016304347826,0.199460916442049,0.0431266846361186,0.366906474820144,-0.0351502574625332,0.788,0.408830185432476,0.157356829980532,0.0358332012050103,-0.0137149199302362,0.113093525179856,0.0828880082237905,36.3,0.405,"cooling",2026-09-03,2026-09-16,"pitcher","sabrhood_recent_vs_prior_zscore_v1","2026-09-16","2026-09-17 14:43:28 UTC"
"656641","Jacob Latz","Texas Rangers","L",28,0.776296296296296,0.314615384615385,0.285714285714286,0.0714285714285714,0.5,0.0370300126803307,0.219,223,0.427701573903104,0.187601809954751,0.304932735426009,0.0762331838565022,0.384057971014493,-0.0643362580529183,0.69,0.348594722393192,0.127013574660633,-0.0192184497117233,-0.00480461242793082,0.115942028985507,0.101366270733249,36.2,0.219,"cooling",2026-09-03,2026-09-16,"pitcher","sabrhood_recent_vs_prior_zscore_v1","2026-09-16","2026-09-17 14:43:28 UTC"
"693313","Carson Seymour","San Francisco Giants","R",27,1.07157894736842,0.43625,0.0740740740740741,0.222222222222222,0.315789473684211,0.15601235058606,0.213,98,0.778756957328386,0.339183673469388,0.173469387755102,0.0918367346938776,0.4,0.0354806794839989,0.495,0.292821990040035,0.0970663265306123,-0.099395313681028,0.130385487528345,-0.0842105263157895,0.120531671102061,36.2,0.213,"cooling",2026-09-03,2026-09-16,"pitcher","sabrhood_recent_vs_prior_zscore_v1","2026-09-16","2026-09-17 14:43:28 UTC"
"656945","Tanner Scott","Los Angeles Dodgers","L",20,0.95,0.413,0.45,0.1,0.444444444444444,0.0583872397494706,0.167,213,0.560349909221664,0.242464454976303,0.314553990610329,0.0375586854460094,0.335766423357664,-0.0428676691983339,0.681,0.389650090778336,0.170535545023697,0.135446009389671,0.0624413145539906,0.10867802108678,0.101254908947805,36.1,0.167,"cooling",2026-09-03,2026-09-16,"pitcher","sabrhood_recent_vs_prior_zscore_v1","2026-09-16","2026-09-17 14:43:28 UTC"
"605280","Clay Holmes","Chicago Cubs","R",50,0.784761904761905,0.3498,0.16,0.14,0.411764705882353,0.121955085250265,0.333,326,0.552960870474995,0.248858024691358,0.193251533742331,0.0828220858895705,0.418803418803419,-0.0694054690247164,0.765,0.23180103428691,0.100941975308642,-0.0332515337423313,0.0571779141104295,-0.00703871292106589,0.191360554274981,36,0.333,"cooling",2026-09-03,2026-09-16,"pitcher","sabrhood_recent_vs_prior_zscore_v1","2026-09-16","2026-09-17 14:43:28 UTC"
"607536","Kyle Freeland","Colorado Rockies","L",20,1.25,0.5215,0.05,0,0.578947368421053,0.0487043525289816,0.167,555,0.863963963963964,0.364828828828829,0.185585585585586,0.0504504504504504,0.424460431654676,0.0505072610010364,0.847,0.386036036036036,0.156671171171171,-0.135585585585586,-0.0504504504504504,0.154486936766376,-0.00180290847205484,36,0.167,"cooling",2026-09-03,2026-09-16,"pitcher","sabrhood_recent_vs_prior_zscore_v1","2026-09-16","2026-09-17 14:43:28 UTC"
"672456","Keider Montero","Detroit Tigers","R",56,1.01785714285714,0.418571428571429,0.178571428571429,0.0892857142857143,0.358974358974359,0.0754559341661371,0.359,555,0.598180174708877,0.259763636363636,0.165765765765766,0.0540540540540541,0.369158878504673,-0.0356108190079647,0.847,0.419676968148265,0.158807792207792,0.0128056628056628,0.0352316602316602,-0.0101845195303139,0.111066753174102,35.7,0.359,"cooling",2026-09-03,2026-09-16,"pitcher","sabrhood_recent_vs_prior_zscore_v1","2026-09-16","2026-09-17 14:43:28 UTC"
"625643","Reynaldo López","Atlanta Braves","R",40,1.03729603729604,0.438461538461539,0.175,0.125,0.321428571428571,0.179581331822526,0.286,306,0.730441546009333,0.317081967213115,0.215686274509804,0.0947712418300654,0.363636363636364,-0.00369655441779692,0.754,0.306854491286704,0.121379571248424,-0.0406862745098039,0.0302287581699346,-0.0422077922077922,0.183277886240323,35.5,0.286,"cooling",2026-09-03,2026-09-16,"pitcher","sabrhood_recent_vs_prior_zscore_v1","2026-09-16","2026-09-17 14:43:28 UTC"
"694795","Josh Ekness","Miami Marlins","R",30,0.93730407523511,0.411379310344828,0.1,0.166666666666667,0.380952380952381,0.126014934930132,0.231,85,0.617203219315895,0.285,0.176470588235294,0.141176470588235,0.333333333333333,-0.000152517724013751,0.459,0.320100855919214,0.126379310344828,-0.0764705882352941,0.0254901960784314,0.0476190476190476,0.126167452654146,35,0.231,"slumping",2026-09-03,2026-09-16,"pitcher","sabrhood_recent_vs_prior_zscore_v1","2026-09-16","2026-09-17 14:43:28 UTC"
"572955","Pierce Johnson","Cincinnati Reds","R",22,1.0933014354067,0.453181818181818,0.0909090909090909,0.136363636363636,0.411764705882353,0.0509660598704038,0.18,173,0.727494373593398,0.312616279069767,0.202312138728324,0.0867052023121387,0.365853658536585,-0.0187106441354701,0.634,0.3658070618133,0.140565539112051,-0.111403047819233,0.0496584340514976,0.0459110473457676,0.0696767040058739,34.7,0.18,"slumping",2026-09-03,2026-09-16,"pitcher","sabrhood_recent_vs_prior_zscore_v1","2026-09-16","2026-09-17 14:43:28 UTC"
"669713","Hayden Wesneski","Houston Astros","R",40,0.877631578947369,0.368,0.125,0.05,0.515151515151515,0.136042396595104,0.286,158,0.587397634212921,0.262165605095541,0.208860759493671,0.0886075949367089,0.385321100917431,-0.0402084038610842,0.612,0.290233944734448,0.105834394904459,-0.0838607594936709,-0.0386075949367089,0.129830414234084,0.176250800456188,34.2,0.286,"slumping",2026-09-03,2026-09-16,"pitcher","sabrhood_recent_vs_prior_zscore_v1","2026-09-16","2026-09-17 14:43:28 UTC"
"645261","Sandy Alcantara","Miami Marlins","R",78,0.987556561085973,0.414487179487179,0.115384615384615,0.102564102564103,0.482758620689655,0.0906939860824463,0.438,787,0.659679332308368,0.288407643312102,0.177890724269377,0.0635324015247776,0.34923339011925,-0.0204551265196115,0.887,0.327877228777605,0.126079536175078,-0.062506108884762,0.0390317010393249,0.133525230570405,0.111149112602058,34.1,0.438,"slumping",2026-09-03,2026-09-16,"pitcher","sabrhood_recent_vs_prior_zscore_v1","2026-09-16","2026-09-17 14:43:28 UTC"
"607192","Tyler Glasnow","Los Angeles Dodgers","R",49,0.837755102040816,0.363265306122449,0.306122448979592,0.142857142857143,0.5,0.054190446026115,0.329,191,0.498750594954783,0.218534031413613,0.324607329842932,0.0680628272251309,0.379310344827586,-0.0462766665797723,0.656,0.339004507086033,0.144731274708836,-0.0184848808633401,0.074794315632012,0.120689655172414,0.100467112605887,34.1,0.329,"slumping",2026-09-03,2026-09-16,"pitcher","sabrhood_recent_vs_prior_zscore_v1","2026-09-16","2026-09-17 14:43:28 UTC"
"656730","Trevor Megill","Milwaukee Brewers","R",20,0.876315789473684,0.373,0.3,0.05,0.384615384615385,0.0924299300563566,0.167,205,0.411822660098522,0.187733990147783,0.28780487804878,0.0536585365853659,0.413533834586466,-0.0502234017304682,0.672,0.464493129375162,0.185266009852217,0.0121951219512195,-0.00365853658536585,-0.0289184499710815,0.142653331786825,34.1,0.167,"slumping",2026-09-03,2026-09-16,"pitcher","sabrhood_recent_vs_prior_zscore_v1","2026-09-16","2026-09-17 14:43:28 UTC"
"596001","Jakob Junis","Texas Rangers","R",25,0.941666666666667,0.4052,0.08,0,0.409090909090909,0.10005472747887,0.2,190,0.596710526315789,0.263544973544974,0.184210526315789,0.0578947368421053,0.347517730496454,-0.0579088237264899,0.655,0.344956140350877,0.141655026455026,-0.104210526315789,-0.0578947368421053,0.0615731785944552,0.15796355120536,33.9,0.2,"slumping",2026-09-03,2026-09-16,"pitcher","sabrhood_recent_vs_prior_zscore_v1","2026-09-16","2026-09-17 14:43:28 UTC"
"668984","Casey Legumina","Tampa Bay Rays","R",29,1.06596701649175,0.432758620689655,0.137931034482759,0.172413793103448,0.5,0.0483138767395219,0.225,252,0.713805309734513,0.30924,0.182539682539683,0.0436507936507936,0.358288770053476,-0.0207263458769617,0.716,0.352161706757241,0.123518620689655,-0.0446086480569239,0.128762999452655,0.141711229946524,0.0690402226164836,33.8,0.225,"slumping",2026-09-03,2026-09-16,"pitcher","sabrhood_recent_vs_prior_zscore_v1","2026-09-16","2026-09-17 14:43:28 UTC"
"606996","Kyle Hart","San Diego Padres","L",22,0.889952153110048,0.376363636363636,0.0909090909090909,0.136363636363636,0.411764705882353,0.115628086979725,0.18,237,0.627963525835866,0.275531914893617,0.232067510548523,0.080168776371308,0.29375,-0.005927588232515,0.703,0.261988627274182,0.100831721470019,-0.141158419639432,0.0561948599923283,0.118014705882353,0.12155567521224,33.8,0.18,"slumping",2026-09-03,2026-09-16,"pitcher","sabrhood_recent_vs_prior_zscore_v1","2026-09-16","2026-09-17 14:43:28 UTC"
"688642","Zach Agnos","Colorado Rockies","R",27,1.0448343079922,0.440740740740741,0.0740740740740741,0.222222222222222,0.473684210526316,0.171449217022077,0.213,348,0.782688613020025,0.336224783861672,0.152298850574713,0.0747126436781609,0.412878787878788,0.0358503364270372,0.777,0.262145694972178,0.104515956879069,-0.0782247765006386,0.147509578544061,0.0608054226475279,0.13559888059504,33.6,0.213,"slumping",2026-09-03,2026-09-16,"pitcher","sabrhood_recent_vs_prior_zscore_v1","2026-09-16","2026-09-17 14:43:28 UTC"
"681916","Dylan Smith","San Francisco Giants","R",24,0.811274509803922,0.36375,0.0416666666666667,0.208333333333333,0.611111111111111,0.0606761780566763,0.194,135,0.65869802711908,0.290751879699248,0.303703703703704,0.0888888888888889,0.4625,-0.0253930727843632,0.574,0.152576482684842,0.0729981203007519,-0.262037037037037,0.119444444444444,0.148611111111111,0.0860692508410395,33.2,0.194,"slumping",2026-09-03,2026-09-16,"pitcher","sabrhood_recent_vs_prior_zscore_v1","2026-09-16","2026-09-17 14:43:28 UTC"
"676617","Riley O'Brien","St. Louis Cardinals","R",31,1.09166666666667,0.443571428571429,0.225806451612903,0.193548387096774,0.444444444444444,0.133253529248629,0.237,238,0.627452617516907,0.285276595744681,0.23109243697479,0.092436974789916,0.413333333333333,0.0259481139382528,0.704,0.464214049149759,0.158294832826748,-0.00528598536188671,0.101111412306858,0.0311111111111111,0.107305415310376,32.9,0.237,"slumping",2026-09-03,2026-09-16,"pitcher","sabrhood_recent_vs_prior_zscore_v1","2026-09-16","2026-09-17 14:43:28 UTC"
"680916","Franco Aleman","Cleveland Guardians","R",21,1.18207282913165,0.493333333333333,0.285714285714286,0.0952380952380952,0.363636363636364,0.213613485716314,0.174,84,0.71010296010296,0.317380952380952,0.261904761904762,0.0952380952380952,0.4,0.020076882074692,0.457,0.471969869028693,0.175952380952381,0.0238095238095238,0,-0.0363636363636364,0.193536603641622,32.9,0.174,"slumping",2026-09-03,2026-09-16,"pitcher","sabrhood_recent_vs_prior_zscore_v1","2026-09-16","2026-09-17 14:43:28 UTC"
"543037","Gerrit Cole","New York Yankees","R",49,1.06122448979592,0.438163265306122,0.142857142857143,0,0.595238095238095,0.0706247241846012,0.329,426,0.665943396226415,0.287051886792453,0.258215962441315,0.0516431924882629,0.424137931034483,-0.0276538543701019,0.81,0.395281093569503,0.15111137851367,-0.115358819584172,-0.0516431924882629,0.171100164203612,0.098278578554703,32.8,0.329,"slumping",2026-09-03,2026-09-16,"pitcher","sabrhood_recent_vs_prior_zscore_v1","2026-09-16","2026-09-17 14:43:28 UTC"
"666277","George Soriano","St. Louis Cardinals","R",25,1.01225490196078,0.45125,0.16,0.28,0.285714285714286,0.1782450109977,0.2,256,0.720518207282913,0.311960784313725,0.23046875,0.09765625,0.402366863905325,-0.00588344826382582,0.719,0.291736694677871,0.139289215686275,-0.07046875,0.18234375,-0.11665257819104,0.184128459261526,32.7,0.2,"slumping",2026-09-03,2026-09-16,"pitcher","sabrhood_recent_vs_prior_zscore_v1","2026-09-16","2026-09-17 14:43:28 UTC"
"622608","Antonio Senzatela","Milwaukee Brewers","R",22,1.00909090909091,0.426818181818182,0.181818181818182,0.0909090909090909,0.5625,0.181517663911214,0.18,272,0.68319683196832,0.29970479704797,0.198529411764706,0.0772058823529412,0.394871794871795,-0.00357379636609444,0.731,0.325894077122589,0.127113384770211,-0.016711229946524,0.0137032085561497,0.167628205128205,0.185091460277308,32.4,0.18,"slumping",2026-09-03,2026-09-16,"pitcher","sabrhood_recent_vs_prior_zscore_v1","2026-09-16","2026-09-17 14:43:28 UTC"
"680694","Kyle Bradish","Baltimore Orioles","R",36,1.14444444444444,0.473611111111111,0.138888888888889,0.166666666666667,0.48,0.12374034273651,0.265,633,0.755387721654797,0.327215189873418,0.216429699842022,0.101105845181675,0.382284382284382,0.00255021777907133,0.864,0.389056722789647,0.146395921237693,-0.0775408109531332,0.0655608214849921,0.0977156177156177,0.121190124957439,32,0.265,"slumping",2026-09-03,2026-09-16,"pitcher","sabrhood_recent_vs_prior_zscore_v1","2026-09-16","2026-09-17 14:43:28 UTC"
"696519","Samy Natera Jr.","Los Angeles Angels","L",21,0.840336134453781,0.368571428571429,0.238095238095238,0.0952380952380952,0.538461538461538,0.0463850976466491,0.174,111,0.497150211435926,0.228108108108108,0.387387387387387,0.0990990990990991,0.309090909090909,-0.0404033965848825,0.526,0.343185923017856,0.14046332046332,-0.149292149292149,-0.00386100386100387,0.229370629370629,0.0867884942315317,31.7,0.174,"slumping",2026-09-03,2026-09-16,"pitcher","sabrhood_recent_vs_prior_zscore_v1","2026-09-16","2026-09-17 14:43:28 UTC"
"676263","Jack Dreyer","Los Angeles Dodgers","L",20,0.920588235294118,0.39,0.1,0.1,0.533333333333333,0.0814988610158757,0.167,221,0.597713337328846,0.261935483870968,0.298642533936652,0.081447963800905,0.414814814814815,-0.0382982871185714,0.688,0.322874897965272,0.128064516129032,-0.198642533936652,0.018552036199095,0.118518518518519,0.119797148134447,31.6,0.167,"slumping",2026-09-03,2026-09-16,"pitcher","sabrhood_recent_vs_prior_zscore_v1","2026-09-16","2026-09-17 14:43:28 UTC"
"668933","Graham Ashcraft","Cincinnati Reds","R",26,0.988461538461539,0.434,0.192307692307692,0.230769230769231,0.2,0.186484561581813,0.206,110,0.608510638297872,0.272385321100917,0.290909090909091,0.145454545454545,0.360655737704918,-0.038179831454079,0.524,0.379950900163666,0.161614678899083,-0.0986013986013986,0.0853146853146853,-0.160655737704918,0.224664393035892,31.4,0.206,"slumping",2026-09-03,2026-09-16,"pitcher","sabrhood_recent_vs_prior_zscore_v1","2026-09-16","2026-09-17 14:43:28 UTC"
"663903","Brady Singer","Cincinnati Reds","R",50,1.2062298603652,0.491224489795918,0.16,0.22,0.451612903225806,0.196100450238621,0.333,635,0.802602216109325,0.345955766192733,0.184251968503937,0.0708661417322835,0.425764192139738,0.0220503384017342,0.864,0.403627644255873,0.145268723603185,-0.024251968503937,0.149133858267717,0.0258487110860685,0.174050111836886,30.6,0.333,"slumping",2026-09-03,2026-09-16,"pitcher","sabrhood_recent_vs_prior_zscore_v1","2026-09-16","2026-09-17 14:43:28 UTC"
"805123","AJ Blubaugh","Houston Astros","R",27,1.10305958132045,0.455185185185185,0.185185185185185,0.111111111111111,0.5,0.106863524753314,0.213,351,0.658276682210611,0.286905444126075,0.245014245014245,0.0997150997150997,0.37280701754386,-0.0416732805911899,0.778,0.44478289910984,0.168279741059111,-0.0598290598290598,0.0113960113960114,0.12719298245614,0.148536805344504,30.5,0.213,"slumping",2026-09-03,2026-09-16,"pitcher","sabrhood_recent_vs_prior_zscore_v1","2026-09-16","2026-09-17 14:43:28 UTC"
"675660","Shane Drohan","Milwaukee Brewers","L",39,1.15311355311355,0.475897435897436,0.230769230769231,0.102564102564103,0.52,0.177159006920802,0.281,466,0.709687684450946,0.30905376344086,0.236051502145923,0.0793991416309013,0.375796178343949,-0.0119001553724833,0.823,0.443425868662607,0.166843672456576,-0.00528227137669196,0.0231649609332013,0.144203821656051,0.189059162293286,29.8,0.281,"slumping",2026-09-03,2026-09-16,"pitcher","sabrhood_recent_vs_prior_zscore_v1","2026-09-16","2026-09-17 14:43:28 UTC"
"681320","Nate Lavender","New York Mets","L",20,0.928947368421053,0.3865,0.4,0.05,0.363636363636364,0.0361141179856922,0.167,44,0.328159645232816,0.155227272727273,0.318181818181818,0.0681818181818182,0.296296296296296,-0.137287510366013,0.306,0.600787723188237,0.231272727272727,0.0818181818181818,-0.0181818181818182,0.0673400673400674,0.173401628351705,29.8,0.167,"slumping",2026-09-03,2026-09-16,"pitcher","sabrhood_recent_vs_prior_zscore_v1","2026-09-16","2026-09-17 14:43:28 UTC"
"660853","Enyel De Los Santos","Houston Astros","R",24,1.21666666666667,0.482083333333333,0.208333333333333,0.125,0.4375,0.159662865216415,0.194,269,0.689995938811425,0.297078651685393,0.219330855018587,0.0594795539033457,0.369791666666667,0.00253563311728862,0.729,0.526670727855241,0.18500468164794,-0.010997521685254,0.0655204460966543,0.0677083333333333,0.157127232099126,29.4,0.194,"slumping",2026-09-03,2026-09-16,"pitcher","sabrhood_recent_vs_prior_zscore_v1","2026-09-16","2026-09-17 14:43:28 UTC"
"680732","Sean Burke","Chicago White Sox","R",35,1.03778801843318,0.442285714285714,0.171428571428571,0.114285714285714,0.583333333333333,0.136028652383883,0.259,640,0.658661209147372,0.288351648351648,0.2609375,0.084375,0.375308641975309,-0.0231000369856759,0.865,0.379126809285808,0.153934065934066,-0.0895089285714286,0.0299107142857143,0.208024691358025,0.159128689369558,29.2,0.259,"slumping",2026-09-03,2026-09-16,"pitcher","sabrhood_recent_vs_prior_zscore_v1","2026-09-16","2026-09-17 14:43:28 UTC"
"691799","Grant Taylor","Chicago White Sox","R",31,1.09080047789725,0.448709677419355,0.258064516129032,0.129032258064516,0.421052631578947,0.0720342741185065,0.237,285,0.530966952264382,0.239157894736842,0.329824561403509,0.0842105263157895,0.41566265060241,-0.055750228225058,0.74,0.55983352563287,0.209551782682513,-0.0717600452744765,0.0448217317487267,0.0053899809765377,0.127784502343564,29.2,0.237,"slumping",2026-09-03,2026-09-16,"pitcher","sabrhood_recent_vs_prior_zscore_v1","2026-09-16","2026-09-17 14:43:28 UTC"
"682825","Luis Mey","Cincinnati Reds","R",32,1.12068965517241,0.48,0.28125,0.09375,0.65,0.259565273964156,0.242,109,0.664431673052363,0.302777777777778,0.321100917431193,0.146788990825688,0.425925925925926,0.020925149664575,0.522,0.456257982120051,0.177222222222222,-0.0398509174311927,-0.0530389908256881,0.224074074074074,0.238640124299581,27,0.242,"slumping",2026-09-03,2026-09-16,"pitcher","sabrhood_recent_vs_prior_zscore_v1","2026-09-16","2026-09-17 14:43:28 UTC"
"621345","A.J. Minter","Minnesota Twins","L",27,1.08740740740741,0.454814814814815,0.296296296296296,0.0740740740740741,0.588235294117647,0.15702413303626,0.213,143,0.6094418362024,0.259148936170213,0.20979020979021,0.041958041958042,0.314285714285714,-0.0662095805589438,0.588,0.477965571205008,0.195665878644602,0.0865060865060865,0.0321160321160321,0.273949579831933,0.223233713595203,26.7,0.213,"slumping",2026-09-03,2026-09-16,"pitcher","sabrhood_recent_vs_prior_zscore_v1","2026-09-16","2026-09-17 14:43:28 UTC"
"702275","JR Ritchie","Atlanta Braves","R",22,1.45454545454545,0.572727272727273,0.227272727272727,0.0909090909090909,0.571428571428571,0.175225398502568,0.18,256,0.713675525700935,0.318125,0.20703125,0.13671875,0.395061728395062,0.00946575119561429,0.719,0.74086992884452,0.254602272727273,0.0202414772727273,-0.0458096590909091,0.17636684303351,0.165759647306953,24.8,0.18,"slumping",2026-09-03,2026-09-16,"pitcher","sabrhood_recent_vs_prior_zscore_v1","2026-09-16","2026-09-17 14:43:28 UTC"
"642397","Gregory Soto","Pittsburgh Pirates","L",20,1.08846153846154,0.476,0.25,0.2,0.5,0.179743982567852,0.167,245,0.591674318947046,0.264752066115703,0.281632653061224,0.0897959183673469,0.335570469798658,-0.0197027489305704,0.71,0.496787219514492,0.211247933884297,-0.0316326530612245,0.110204081632653,0.164429530201342,0.199446731498422,24.6,0.167,"slumping",2026-09-03,2026-09-16,"pitcher","sabrhood_recent_vs_prior_zscore_v1","2026-09-16","2026-09-17 14:43:28 UTC"
"695418","Brad Lord","Washington Nationals","R",27,1.25320512820513,0.52,0.037037037037037,0.0740740740740741,0.375,0.159585582091867,0.213,309,0.617450148442853,0.27562091503268,0.226537216828479,0.087378640776699,0.367647058823529,-0.00688619122617357,0.756,0.635754979762276,0.24437908496732,-0.189500179791442,-0.013304566702625,0.00735294117647056,0.16647177331804,24.3,0.213,"slumping",2026-09-03,2026-09-16,"pitcher","sabrhood_recent_vs_prior_zscore_v1","2026-09-16","2026-09-17 14:43:28 UTC"
"656794","Sean Newcomb","Chicago White Sox","L",29,1.15724137931034,0.492758620689655,0.172413793103448,0.137931034482759,0.4,0.201178345242432,0.225,322,0.571088286713287,0.256645768025078,0.226708074534162,0.0807453416149068,0.372093023255814,-0.0653222247725846,0.763,0.586153092597058,0.236112852664577,-0.0542942814307132,0.0571856928678518,0.0279069767441861,0.266500570015016,23,0.225,"slumping",2026-09-03,2026-09-16,"pitcher","sabrhood_recent_vs_prior_zscore_v1","2026-09-16","2026-09-17 14:43:28 UTC"
"693308","Nick Frasso","Colorado Rockies","R",26,1.33653846153846,0.550769230769231,0.307692307692308,0.0384615384615385,0.5,0.342212540294972,0.206,56,0.699621212121212,0.31,0.196428571428571,0.0892857142857143,0.307692307692308,0.0103766851736362,0.359,0.636917249417249,0.240769230769231,0.111263736263736,-0.0508241758241758,0.192307692307692,0.331835855121336,22.7,0.206,"slumping",2026-09-03,2026-09-16,"pitcher","sabrhood_recent_vs_prior_zscore_v1","2026-09-16","2026-09-17 14:43:28 UTC"
"695380","Alex Hoppe","Baltimore Orioles","R",21,1.3,0.54,0.142857142857143,0.142857142857143,0.428571428571429,0.234801638798279,0.174,160,0.633333333333333,0.28075,0.25625,0.0875,0.375,0.0268235328240722,0.615,0.666666666666667,0.25925,-0.113392857142857,0.0553571428571429,0.0535714285714285,0.207978105974207,21.5,0.174,"slumping",2026-09-03,2026-09-16,"pitcher","sabrhood_recent_vs_prior_zscore_v1","2026-09-16","2026-09-17 14:43:28 UTC"
"690986","Kyle Harrison","Milwaukee Brewers","L",28,1.4332298136646,0.586071428571428,0.142857142857143,0.142857142857143,0.55,0.269519941667559,0.219,449,0.714659713894124,0.307973273942094,0.289532293986637,0.0645879732739421,0.369718309859155,-0.0159098006538427,0.818,0.718570099770472,0.278098154629335,-0.146675151129494,0.0782691695832008,0.180281690140845,0.285429742321402,14.3,0.219,"slumping",2026-09-03,2026-09-16,"pitcher","sabrhood_recent_vs_prior_zscore_v1","2026-09-16","2026-09-17 14:43:28 UTC"
