"metric_id","metric_label","settled_predictions","mean_probability","observed_rate","brier_score","calibration_bias","calibration_status"
"batter_hit_1plus","1+ hit",72,0.623493055555556,0.638888888888889,0.239041607638889,0.0153958333333333,"accumulating outcomes"
"batter_hit_2plus","2+ hits",72,0.214569444444444,0.166666666666667,0.138141361111111,-0.0479027777777778,"accumulating outcomes"
"batter_hr_1plus","1+ home run",72,0.110944444444444,0.125,0.105692104166667,0.0140555555555556,"accumulating outcomes"
"batter_tb_2plus","2+ total bases",72,0.367375,0.375,0.238716138888889,0.007625,"accumulating outcomes"
"batter_tb_3plus","3+ total bases",72,0.208763888888889,0.222222222222222,0.172914145833333,0.0134583333333333,"accumulating outcomes"
"batter_xbh_1plus","1+ extra-base hit",72,0.289263888888889,0.319444444444444,0.224013145833333,0.0301805555555556,"accumulating outcomes"
"pitcher_k_5plus","5+ strikeouts",8,0.574125,0.875,0.212096375,0.300875,"accumulating outcomes"
"pitcher_k_7plus","7+ strikeouts",8,0.2255625,0.375,0.24335203125,0.1494375,"accumulating outcomes"
