"pitch_type","pitch_name","pitches","average_velocity","average_horizontal_break","average_induced_vertical_break","date","rolling_days","trend_method","source_through","generated_at_utc"
"CH","Changeup",321,86.4467289719626,-0.141433021806854,3.28193146417446,2026-03-26,14,"calendar_day_rolling_pitch_quality_v1","2026-07-27","2026-07-28 05:38:08 UTC"
"CS","Slow Curve",6,75.2333333333333,-8.75,-9.43333333333333,2026-03-26,14,"calendar_day_rolling_pitch_quality_v1","2026-07-27","2026-07-28 05:38:08 UTC"
"CU","Curveball",170,80.9552941176471,-0.676470588235294,-10.2552941176471,2026-03-26,14,"calendar_day_rolling_pitch_quality_v1","2026-07-27","2026-07-28 05:38:08 UTC"
"FA","Fastball",1,70.1,14.4,12.5,2026-03-26,14,"calendar_day_rolling_pitch_quality_v1","2026-07-27","2026-07-28 05:38:08 UTC"
"FC","Cutter",211,90.4142180094787,-0.686255924170616,7.44312796208531,2026-03-26,14,"calendar_day_rolling_pitch_quality_v1","2026-07-27","2026-07-28 05:38:08 UTC"
"FF","Four-Seam Fastball",981,95.2897043832824,2.88450560652395,16.0072375127421,2026-03-26,14,"calendar_day_rolling_pitch_quality_v1","2026-07-27","2026-07-28 05:38:08 UTC"
"FS","Splitter",85,88.3576470588235,12.4317647058824,2.28352941176471,2026-03-26,14,"calendar_day_rolling_pitch_quality_v1","2026-07-27","2026-07-28 05:38:08 UTC"
"KC","Knuckle Curve",110,84.4472727272727,-8.65636363636364,-10.4945454545455,2026-03-26,14,"calendar_day_rolling_pitch_quality_v1","2026-07-27","2026-07-28 05:38:08 UTC"
"SI","Sinker",580,94.8312068965517,4.34172413793103,6.91810344827586,2026-03-26,14,"calendar_day_rolling_pitch_quality_v1","2026-07-27","2026-07-28 05:38:08 UTC"
"SL","Slider",265,86.9807547169811,-0.838490566037736,1.23433962264151,2026-03-26,14,"calendar_day_rolling_pitch_quality_v1","2026-07-27","2026-07-28 05:38:08 UTC"
"ST","Sweeper",238,82.6760504201681,-3.63235294117647,1.57100840336134,2026-03-26,14,"calendar_day_rolling_pitch_quality_v1","2026-07-27","2026-07-28 05:38:08 UTC"
"SV","Slurve",11,83.2363636363636,16.5909090909091,-3.91818181818182,2026-03-26,14,"calendar_day_rolling_pitch_quality_v1","2026-07-27","2026-07-28 05:38:08 UTC"
"CH","Changeup",476,86.5554621848739,2.38760504201681,4.08256302521008,2026-03-27,14,"calendar_day_rolling_pitch_quality_v1","2026-07-27","2026-07-28 05:38:08 UTC"
"CS","Slow Curve",6,75.2333333333333,-8.75,-9.43333333333333,2026-03-27,14,"calendar_day_rolling_pitch_quality_v1","2026-07-27","2026-07-28 05:38:08 UTC"
"CU","Curveball",222,80.4846846846847,-2.34279279279279,-10.3711711711712,2026-03-27,14,"calendar_day_rolling_pitch_quality_v1","2026-07-27","2026-07-28 05:38:08 UTC"
"FA","Fastball",1,70.1,14.4,12.5,2026-03-27,14,"calendar_day_rolling_pitch_quality_v1","2026-07-27","2026-07-28 05:38:08 UTC"
"FC","Cutter",370,90.6289189189189,-1.73783783783784,7.97081081081081,2026-03-27,14,"calendar_day_rolling_pitch_quality_v1","2026-07-27","2026-07-28 05:38:08 UTC"
"FF","Four-Seam Fastball",1545,95.2368284789644,2.16336569579288,16.1197411003236,2026-03-27,14,"calendar_day_rolling_pitch_quality_v1","2026-07-27","2026-07-28 05:38:08 UTC"
"FS","Splitter",196,87.2622448979592,11.6408163265306,2.08775510204082,2026-03-27,14,"calendar_day_rolling_pitch_quality_v1","2026-07-27","2026-07-28 05:38:08 UTC"
"KC","Knuckle Curve",164,83.6432926829268,-5.07134146341463,-10.0701219512195,2026-03-27,14,"calendar_day_rolling_pitch_quality_v1","2026-07-27","2026-07-28 05:38:08 UTC"
"SI","Sinker",761,94.6676741130092,4.68935611038108,6.60315374507227,2026-03-27,14,"calendar_day_rolling_pitch_quality_v1","2026-07-27","2026-07-28 05:38:08 UTC"
"SL","Slider",539,85.8226345083488,-0.185899814471243,1.26307977736549,2026-03-27,14,"calendar_day_rolling_pitch_quality_v1","2026-07-27","2026-07-28 05:38:08 UTC"
"ST","Sweeper",313,82.7277955271566,-5.20319488817891,1.62044728434505,2026-03-27,14,"calendar_day_rolling_pitch_quality_v1","2026-07-27","2026-07-28 05:38:08 UTC"
"SV","Slurve",11,83.2363636363636,16.5909090909091,-3.91818181818182,2026-03-27,14,"calendar_day_rolling_pitch_quality_v1","2026-07-27","2026-07-28 05:38:08 UTC"
"CH","Changeup",991,86.2418768920283,3.77436932391524,4.86034308779011,2026-03-28,14,"calendar_day_rolling_pitch_quality_v1","2026-07-27","2026-07-28 05:38:08 UTC"
"CS","Slow Curve",6,75.2333333333333,-8.75,-9.43333333333333,2026-03-28,14,"calendar_day_rolling_pitch_quality_v1","2026-07-27","2026-07-28 05:38:08 UTC"
"CU","Curveball",547,80.1780621572212,-3.00786106032907,-11.4063985374771,2026-03-28,14,"calendar_day_rolling_pitch_quality_v1","2026-07-27","2026-07-28 05:38:08 UTC"
"FA","Fastball",1,70.1,14.4,12.5,2026-03-28,14,"calendar_day_rolling_pitch_quality_v1","2026-07-27","2026-07-28 05:38:08 UTC"
"FC","Cutter",693,90.2034632034632,-1.14588744588745,8.40620490620491,2026-03-28,14,"calendar_day_rolling_pitch_quality_v1","2026-07-27","2026-07-28 05:38:08 UTC"
"FF","Four-Seam Fastball",3043,94.886592178771,3.23102201774565,16.6293131777851,2026-03-28,14,"calendar_day_rolling_pitch_quality_v1","2026-07-27","2026-07-28 05:38:08 UTC"
"FS","Splitter",355,87.1385915492958,11.8318309859155,2.67267605633803,2026-03-28,14,"calendar_day_rolling_pitch_quality_v1","2026-07-27","2026-07-28 05:38:08 UTC"
"KC","Knuckle Curve",256,82.753515625,-6.10703125,-10.65078125,2026-03-28,14,"calendar_day_rolling_pitch_quality_v1","2026-07-27","2026-07-28 05:38:08 UTC"
"SI","Sinker",1696,94.2318985849057,5.54805424528302,7.53384433962264,2026-03-28,14,"calendar_day_rolling_pitch_quality_v1","2026-07-27","2026-07-28 05:38:08 UTC"
"SL","Slider",1325,85.9455849056604,-1.32362264150943,1.23237735849057,2026-03-28,14,"calendar_day_rolling_pitch_quality_v1","2026-07-27","2026-07-28 05:38:08 UTC"
"ST","Sweeper",700,83.0355714285714,-6.44814285714286,1.24285714285714,2026-03-28,14,"calendar_day_rolling_pitch_quality_v1","2026-07-27","2026-07-28 05:38:08 UTC"
"SV","Slurve",23,83.7478260869565,3.33478260869565,-4.1695652173913,2026-03-28,14,"calendar_day_rolling_pitch_quality_v1","2026-07-27","2026-07-28 05:38:08 UTC"
"CH","Changeup",1498,86.2637516688919,3.91835781041389,4.22743658210948,2026-03-29,14,"calendar_day_rolling_pitch_quality_v1","2026-07-27","2026-07-28 05:38:08 UTC"
"CS","Slow Curve",7,74.4285714285714,-10.2428571428571,-8.05714285714286,2026-03-29,14,"calendar_day_rolling_pitch_quality_v1","2026-07-27","2026-07-28 05:38:08 UTC"
"CU","Curveball",921,80.5314875135722,-3.90488599348534,-11.1411509229099,2026-03-29,14,"calendar_day_rolling_pitch_quality_v1","2026-07-27","2026-07-28 05:38:08 UTC"
"FA","Fastball",1,70.1,14.4,12.5,2026-03-29,14,"calendar_day_rolling_pitch_quality_v1","2026-07-27","2026-07-28 05:38:08 UTC"
"FC","Cutter",966,90.0749482401656,-1.19730848861284,8.28084886128364,2026-03-29,14,"calendar_day_rolling_pitch_quality_v1","2026-07-27","2026-07-28 05:38:08 UTC"
"FF","Four-Seam Fastball",4556,94.8188981562774,3.42203687445127,16.4636523266023,2026-03-29,14,"calendar_day_rolling_pitch_quality_v1","2026-07-27","2026-07-28 05:38:08 UTC"
"FS","Splitter",467,86.8813704496788,10.2402569593148,2.64004282655246,2026-03-29,14,"calendar_day_rolling_pitch_quality_v1","2026-07-27","2026-07-28 05:38:08 UTC"
"KC","Knuckle Curve",304,82.9509868421053,-6.06940789473684,-10.4809210526316,2026-03-29,14,"calendar_day_rolling_pitch_quality_v1","2026-07-27","2026-07-28 05:38:08 UTC"
"SI","Sinker",2426,94.1828112118714,5.66735366859027,7.45441055234955,2026-03-29,14,"calendar_day_rolling_pitch_quality_v1","2026-07-27","2026-07-28 05:38:08 UTC"
"SL","Slider",1904,86.109243697479,-1.45483193277311,1.08161764705882,2026-03-29,14,"calendar_day_rolling_pitch_quality_v1","2026-07-27","2026-07-28 05:38:08 UTC"
"ST","Sweeper",1115,82.8505829596412,-5.70053811659193,1.22430493273543,2026-03-29,14,"calendar_day_rolling_pitch_quality_v1","2026-07-27","2026-07-28 05:38:08 UTC"
"SV","Slurve",41,83.5390243902439,-0.209756097560975,-3.91463414634146,2026-03-29,14,"calendar_day_rolling_pitch_quality_v1","2026-07-27","2026-07-28 05:38:08 UTC"
"CH","Changeup",1854,86.4594929881338,4.53716289104639,4.14492988133765,2026-03-30,14,"calendar_day_rolling_pitch_quality_v1","2026-07-27","2026-07-28 05:38:08 UTC"
"CS","Slow Curve",7,74.4285714285714,-10.2428571428571,-8.05714285714286,2026-03-30,14,"calendar_day_rolling_pitch_quality_v1","2026-07-27","2026-07-28 05:38:08 UTC"
"CU","Curveball",1122,80.3948306595365,-4.48217468805704,-11.0242424242424,2026-03-30,14,"calendar_day_rolling_pitch_quality_v1","2026-07-27","2026-07-28 05:38:08 UTC"
"EP","Eephus",23,45.7391304347826,2.10434782608696,22.8173913043478,2026-03-30,14,"calendar_day_rolling_pitch_quality_v1","2026-07-27","2026-07-28 05:38:08 UTC"
"FA","Fastball",12,63.275,7.05833333333333,20.125,2026-03-30,14,"calendar_day_rolling_pitch_quality_v1","2026-07-27","2026-07-28 05:38:08 UTC"
"FC","Cutter",1248,89.8377403846154,-1.05977564102564,8.30328525641026,2026-03-30,14,"calendar_day_rolling_pitch_quality_v1","2026-07-27","2026-07-28 05:38:08 UTC"
"FF","Four-Seam Fastball",5252,94.820163747144,3.49386900228484,16.4089108910891,2026-03-30,14,"calendar_day_rolling_pitch_quality_v1","2026-07-27","2026-07-28 05:38:08 UTC"
"FS","Splitter",586,86.548976109215,10.2832764505119,3.15716723549488,2026-03-30,14,"calendar_day_rolling_pitch_quality_v1","2026-07-27","2026-07-28 05:38:08 UTC"
"KC","Knuckle Curve",344,83.4334302325581,-5.5,-10.0380813953488,2026-03-30,14,"calendar_day_rolling_pitch_quality_v1","2026-07-27","2026-07-28 05:38:08 UTC"
"SI","Sinker",2940,94.0677551020408,5.48727891156463,7.43680272108844,2026-03-30,14,"calendar_day_rolling_pitch_quality_v1","2026-07-27","2026-07-28 05:38:08 UTC"
"SL","Slider",2277,86.1739130434783,-1.62613087395696,1.14519104084321,2026-03-30,14,"calendar_day_rolling_pitch_quality_v1","2026-07-27","2026-07-28 05:38:08 UTC"
"ST","Sweeper",1322,82.7965204236006,-5.66089258698941,1.05953101361573,2026-03-30,14,"calendar_day_rolling_pitch_quality_v1","2026-07-27","2026-07-28 05:38:08 UTC"
"SV","Slurve",78,83.0038461538462,6.46025641025641,-3.18717948717949,2026-03-30,14,"calendar_day_rolling_pitch_quality_v1","2026-07-27","2026-07-28 05:38:08 UTC"
"CH","Changeup",2239,86.4684680661009,4.20428762840554,3.91500669941938,2026-03-31,14,"calendar_day_rolling_pitch_quality_v1","2026-07-27","2026-07-28 05:38:08 UTC"
"CS","Slow Curve",7,74.4285714285714,-10.2428571428571,-8.05714285714286,2026-03-31,14,"calendar_day_rolling_pitch_quality_v1","2026-07-27","2026-07-28 05:38:08 UTC"
"CU","Curveball",1396,80.1431232091691,-4.64906876790831,-10.5434813753582,2026-03-31,14,"calendar_day_rolling_pitch_quality_v1","2026-07-27","2026-07-28 05:38:08 UTC"
"EP","Eephus",23,45.7391304347826,2.10434782608696,22.8173913043478,2026-03-31,14,"calendar_day_rolling_pitch_quality_v1","2026-07-27","2026-07-28 05:38:08 UTC"
"FA","Fastball",12,63.275,7.05833333333333,20.125,2026-03-31,14,"calendar_day_rolling_pitch_quality_v1","2026-07-27","2026-07-28 05:38:08 UTC"
"FC","Cutter",1619,89.6449042618901,-1.28542310067943,8.29376158122298,2026-03-31,14,"calendar_day_rolling_pitch_quality_v1","2026-07-27","2026-07-28 05:38:08 UTC"
"FF","Four-Seam Fastball",6390,94.8432237871674,3.38652582159624,16.3442879499218,2026-03-31,14,"calendar_day_rolling_pitch_quality_v1","2026-07-27","2026-07-28 05:38:08 UTC"
"FO","Forkball",15,84.0666666666667,10.3733333333333,0.973333333333333,2026-03-31,14,"calendar_day_rolling_pitch_quality_v1","2026-07-27","2026-07-28 05:38:08 UTC"
"FS","Splitter",732,86.6262295081967,10.1680327868852,2.82773224043716,2026-03-31,14,"calendar_day_rolling_pitch_quality_v1","2026-07-27","2026-07-28 05:38:08 UTC"
"KC","Knuckle Curve",444,83.268018018018,-6.34481981981982,-9.93108108108108,2026-03-31,14,"calendar_day_rolling_pitch_quality_v1","2026-07-27","2026-07-28 05:38:08 UTC"
"SI","Sinker",3631,93.9645001377031,5.09683282842192,7.51795648581658,2026-03-31,14,"calendar_day_rolling_pitch_quality_v1","2026-07-27","2026-07-28 05:38:08 UTC"
"SL","Slider",2878,86.2330437804031,-1.81507991660876,1.3051424600417,2026-03-31,14,"calendar_day_rolling_pitch_quality_v1","2026-07-27","2026-07-28 05:38:08 UTC"
"ST","Sweeper",1616,82.7290841584158,-5.44659653465347,1.13997524752475,2026-03-31,14,"calendar_day_rolling_pitch_quality_v1","2026-07-27","2026-07-28 05:38:08 UTC"
"SV","Slurve",121,82.2727272727273,0.816528925619835,-4.48264462809917,2026-03-31,14,"calendar_day_rolling_pitch_quality_v1","2026-07-27","2026-07-28 05:38:08 UTC"
"CH","Changeup",2916,86.4527091906722,3.71124828532236,3.95147462277092,2026-04-01,14,"calendar_day_rolling_pitch_quality_v1","2026-07-27","2026-07-28 05:38:08 UTC"
"CS","Slow Curve",9,74.5111111111111,-10.1222222222222,-8.52222222222222,2026-04-01,14,"calendar_day_rolling_pitch_quality_v1","2026-07-27","2026-07-28 05:38:08 UTC"
"CU","Curveball",1776,80.1046171171171,-4.24448198198198,-10.3904842342342,2026-04-01,14,"calendar_day_rolling_pitch_quality_v1","2026-07-27","2026-07-28 05:38:08 UTC"
"EP","Eephus",23,45.7391304347826,2.10434782608696,22.8173913043478,2026-04-01,14,"calendar_day_rolling_pitch_quality_v1","2026-07-27","2026-07-28 05:38:08 UTC"
"FA","Fastball",12,63.275,7.05833333333333,20.125,2026-04-01,14,"calendar_day_rolling_pitch_quality_v1","2026-07-27","2026-07-28 05:38:08 UTC"
"FC","Cutter",2045,89.6511491442543,-1.18361858190709,8.22063569682152,2026-04-01,14,"calendar_day_rolling_pitch_quality_v1","2026-07-27","2026-07-28 05:38:08 UTC"
"FF","Four-Seam Fastball",8143,94.7786933562569,3.35337099349134,16.3103401694707,2026-04-01,14,"calendar_day_rolling_pitch_quality_v1","2026-07-27","2026-07-28 05:38:08 UTC"
"FO","Forkball",15,84.0666666666667,10.3733333333333,0.973333333333333,2026-04-01,14,"calendar_day_rolling_pitch_quality_v1","2026-07-27","2026-07-28 05:38:08 UTC"
"FS","Splitter",967,86.5628748707342,10.2055842812823,2.79627714581179,2026-04-01,14,"calendar_day_rolling_pitch_quality_v1","2026-07-27","2026-07-28 05:38:08 UTC"
"KC","Knuckle Curve",581,83.297074010327,-5.55438898450947,-9.57728055077453,2026-04-01,14,"calendar_day_rolling_pitch_quality_v1","2026-07-27","2026-07-28 05:38:08 UTC"
"SI","Sinker",4563,94.0336401490248,5.32629848783695,7.67924611001534,2026-04-01,14,"calendar_day_rolling_pitch_quality_v1","2026-07-27","2026-07-28 05:38:08 UTC"
"SL","Slider",3496,86.2087528604119,-1.62116704805492,1.30366132723112,2026-04-01,14,"calendar_day_rolling_pitch_quality_v1","2026-07-27","2026-07-28 05:38:08 UTC"
"ST","Sweeper",1994,82.7883650952859,-5.32763289869609,1.10872617853561,2026-04-01,14,"calendar_day_rolling_pitch_quality_v1","2026-07-27","2026-07-28 05:38:08 UTC"
"SV","Slurve",138,82.3855072463768,-0.21304347826087,-4.64927536231884,2026-04-01,14,"calendar_day_rolling_pitch_quality_v1","2026-07-27","2026-07-28 05:38:08 UTC"
"CH","Changeup",2938,86.436929884275,3.58070115724983,3.98131381892444,2026-04-02,14,"calendar_day_rolling_pitch_quality_v1","2026-07-27","2026-07-28 05:38:08 UTC"
"CS","Slow Curve",9,74.5111111111111,-10.1222222222222,-8.52222222222222,2026-04-02,14,"calendar_day_rolling_pitch_quality_v1","2026-07-27","2026-07-28 05:38:08 UTC"
"CU","Curveball",1824,80.1435855263158,-4.33837719298246,-10.4790021929825,2026-04-02,14,"calendar_day_rolling_pitch_quality_v1","2026-07-27","2026-07-28 05:38:08 UTC"
"EP","Eephus",23,45.7391304347826,2.10434782608696,22.8173913043478,2026-04-02,14,"calendar_day_rolling_pitch_quality_v1","2026-07-27","2026-07-28 05:38:08 UTC"
"FA","Fastball",12,63.275,7.05833333333333,20.125,2026-04-02,14,"calendar_day_rolling_pitch_quality_v1","2026-07-27","2026-07-28 05:38:08 UTC"
"FC","Cutter",2141,89.6880896777207,-1.23185427370388,8.16403549743111,2026-04-02,14,"calendar_day_rolling_pitch_quality_v1","2026-07-27","2026-07-28 05:38:08 UTC"
"FF","Four-Seam Fastball",8355,94.8035308198683,3.32673847995212,16.3275284260922,2026-04-02,14,"calendar_day_rolling_pitch_quality_v1","2026-07-27","2026-07-28 05:38:08 UTC"
"FO","Forkball",15,84.0666666666667,10.3733333333333,0.973333333333333,2026-04-02,14,"calendar_day_rolling_pitch_quality_v1","2026-07-27","2026-07-28 05:38:08 UTC"
"FS","Splitter",1012,86.7105731225297,10.2610671936759,2.74950592885375,2026-04-02,14,"calendar_day_rolling_pitch_quality_v1","2026-07-27","2026-07-28 05:38:08 UTC"
"KC","Knuckle Curve",591,83.2160744500846,-5.26412859560068,-9.66345177664975,2026-04-02,14,"calendar_day_rolling_pitch_quality_v1","2026-07-27","2026-07-28 05:38:08 UTC"
"SI","Sinker",4602,94.0354628422425,5.36823120382442,7.67601043024772,2026-04-02,14,"calendar_day_rolling_pitch_quality_v1","2026-07-27","2026-07-28 05:38:08 UTC"
"SL","Slider",3538,86.201950254381,-1.60788581119276,1.32306387789712,2026-04-02,14,"calendar_day_rolling_pitch_quality_v1","2026-07-27","2026-07-28 05:38:08 UTC"
"ST","Sweeper",2059,82.8632831471588,-5.47110247693055,1.04686741136474,2026-04-02,14,"calendar_day_rolling_pitch_quality_v1","2026-07-27","2026-07-28 05:38:08 UTC"
"SV","Slurve",138,82.3855072463768,-0.21304347826087,-4.64927536231884,2026-04-02,14,"calendar_day_rolling_pitch_quality_v1","2026-07-27","2026-07-28 05:38:08 UTC"
"CH","Changeup",3321,86.3094850948509,3.81373080397471,4.08497440529961,2026-04-03,14,"calendar_day_rolling_pitch_quality_v1","2026-07-27","2026-07-28 05:38:08 UTC"
"CS","Slow Curve",9,74.5111111111111,-10.1222222222222,-8.52222222222222,2026-04-03,14,"calendar_day_rolling_pitch_quality_v1","2026-07-27","2026-07-28 05:38:08 UTC"
"CU","Curveball",2057,80.1024307243559,-4.02936315021877,-10.6027710257657,2026-04-03,14,"calendar_day_rolling_pitch_quality_v1","2026-07-27","2026-07-28 05:38:08 UTC"
"EP","Eephus",43,42.7488372093023,1.84186046511628,22.0139534883721,2026-04-03,14,"calendar_day_rolling_pitch_quality_v1","2026-07-27","2026-07-28 05:38:08 UTC"
"FA","Fastball",12,63.275,7.05833333333333,20.125,2026-04-03,14,"calendar_day_rolling_pitch_quality_v1","2026-07-27","2026-07-28 05:38:08 UTC"
"FC","Cutter",2319,89.6351444588185,-1.22315653298836,8.05795601552393,2026-04-03,14,"calendar_day_rolling_pitch_quality_v1","2026-07-27","2026-07-28 05:38:08 UTC"
"FF","Four-Seam Fastball",9430,94.7339766702015,3.38665959703075,16.3043690349947,2026-04-03,14,"calendar_day_rolling_pitch_quality_v1","2026-07-27","2026-07-28 05:38:08 UTC"
"FO","Forkball",15,84.0666666666667,10.3733333333333,0.973333333333333,2026-04-03,14,"calendar_day_rolling_pitch_quality_v1","2026-07-27","2026-07-28 05:38:08 UTC"
"FS","Splitter",1142,86.8726795096322,10.7049912434326,2.71943957968476,2026-04-03,14,"calendar_day_rolling_pitch_quality_v1","2026-07-27","2026-07-28 05:38:08 UTC"
"KC","Knuckle Curve",666,82.9313813813814,-5.09324324324324,-9.69564564564565,2026-04-03,14,"calendar_day_rolling_pitch_quality_v1","2026-07-27","2026-07-28 05:38:08 UTC"
"SI","Sinker",5166,93.9376887340302,5.52704219899342,7.59883855981417,2026-04-03,14,"calendar_day_rolling_pitch_quality_v1","2026-07-27","2026-07-28 05:38:08 UTC"
"SL","Slider",4106,86.1811982464686,-1.86673161227472,1.40484656600097,2026-04-03,14,"calendar_day_rolling_pitch_quality_v1","2026-07-27","2026-07-28 05:38:08 UTC"
"ST","Sweeper",2357,82.7131523122613,-5.75676707679253,1.16190072125583,2026-04-03,14,"calendar_day_rolling_pitch_quality_v1","2026-07-27","2026-07-28 05:38:08 UTC"
"SV","Slurve",144,82.3930555555556,-0.0506944444444447,-4.63194444444444,2026-04-03,14,"calendar_day_rolling_pitch_quality_v1","2026-07-27","2026-07-28 05:38:08 UTC"
"CH","Changeup",3865,86.2301164294955,3.55679172056921,4.07156532988357,2026-04-04,14,"calendar_day_rolling_pitch_quality_v1","2026-07-27","2026-07-28 05:38:08 UTC"
"CS","Slow Curve",16,73.29375,-12.4875,-7.83125,2026-04-04,14,"calendar_day_rolling_pitch_quality_v1","2026-07-27","2026-07-28 05:38:08 UTC"
"CU","Curveball",2373,80.1175305520438,-4.18912768647282,-10.6823008849558,2026-04-04,14,"calendar_day_rolling_pitch_quality_v1","2026-07-27","2026-07-28 05:38:08 UTC"
"EP","Eephus",43,42.7488372093023,1.84186046511628,22.0139534883721,2026-04-04,14,"calendar_day_rolling_pitch_quality_v1","2026-07-27","2026-07-28 05:38:08 UTC"
"FA","Fastball",12,63.275,7.05833333333333,20.125,2026-04-04,14,"calendar_day_rolling_pitch_quality_v1","2026-07-27","2026-07-28 05:38:08 UTC"
"FC","Cutter",2691,89.725641025641,-1.15670754366407,8.11207729468599,2026-04-04,14,"calendar_day_rolling_pitch_quality_v1","2026-07-27","2026-07-28 05:38:08 UTC"
"FF","Four-Seam Fastball",10931,94.6547433903577,3.49726466014088,16.2122404171622,2026-04-04,14,"calendar_day_rolling_pitch_quality_v1","2026-07-27","2026-07-28 05:38:08 UTC"
"FO","Forkball",15,84.0666666666667,10.3733333333333,0.973333333333333,2026-04-04,14,"calendar_day_rolling_pitch_quality_v1","2026-07-27","2026-07-28 05:38:08 UTC"
"FS","Splitter",1242,86.7754428341385,10.5500805152979,2.73244766505636,2026-04-04,14,"calendar_day_rolling_pitch_quality_v1","2026-07-27","2026-07-28 05:38:08 UTC"
"KC","Knuckle Curve",737,83.0242876526459,-5.11492537313433,-9.7246947082768,2026-04-04,14,"calendar_day_rolling_pitch_quality_v1","2026-07-27","2026-07-28 05:38:08 UTC"
"SI","Sinker",6074,93.9930358906816,5.44947316430688,7.70740862693448,2026-04-04,14,"calendar_day_rolling_pitch_quality_v1","2026-07-27","2026-07-28 05:38:08 UTC"
"SL","Slider",4890,86.1526175869121,-1.74116564417178,1.28744376278119,2026-04-04,14,"calendar_day_rolling_pitch_quality_v1","2026-07-27","2026-07-28 05:38:08 UTC"
"ST","Sweeper",2728,82.7486803519062,-5.7750366568915,1.09175219941349,2026-04-04,14,"calendar_day_rolling_pitch_quality_v1","2026-07-27","2026-07-28 05:38:08 UTC"
"SV","Slurve",191,82.4476439790576,-1.52460732984293,-4.84607329842932,2026-04-04,14,"calendar_day_rolling_pitch_quality_v1","2026-07-27","2026-07-28 05:38:08 UTC"
"CH","Changeup",4641,86.2406808877397,3.73029519500108,3.89847015729369,2026-04-05,14,"calendar_day_rolling_pitch_quality_v1","2026-07-27","2026-07-28 05:38:08 UTC"
"CS","Slow Curve",16,73.29375,-12.4875,-7.83125,2026-04-05,14,"calendar_day_rolling_pitch_quality_v1","2026-07-27","2026-07-28 05:38:08 UTC"
"CU","Curveball",2763,80.024466159971,-4.10351067680058,-10.647846543612,2026-04-05,14,"calendar_day_rolling_pitch_quality_v1","2026-07-27","2026-07-28 05:38:08 UTC"
"EP","Eephus",52,43.6711538461538,-0.394230769230769,19.0519230769231,2026-04-05,14,"calendar_day_rolling_pitch_quality_v1","2026-07-27","2026-07-28 05:38:08 UTC"
"FA","Fastball",12,63.275,7.05833333333333,20.125,2026-04-05,14,"calendar_day_rolling_pitch_quality_v1","2026-07-27","2026-07-28 05:38:08 UTC"
"FC","Cutter",3205,89.5508580343214,-1.11672386895476,8.02190327613105,2026-04-05,14,"calendar_day_rolling_pitch_quality_v1","2026-07-27","2026-07-28 05:38:08 UTC"
"FF","Four-Seam Fastball",12616,94.6077599873177,3.36081166772353,16.1845196575777,2026-04-05,14,"calendar_day_rolling_pitch_quality_v1","2026-07-27","2026-07-28 05:38:08 UTC"
"FO","Forkball",36,83.8027777777778,9.48333333333333,1.74444444444444,2026-04-05,14,"calendar_day_rolling_pitch_quality_v1","2026-07-27","2026-07-28 05:38:08 UTC"
"FS","Splitter",1463,86.626042378674,9.75181134654819,2.73814080656186,2026-04-05,14,"calendar_day_rolling_pitch_quality_v1","2026-07-27","2026-07-28 05:38:08 UTC"
"KC","Knuckle Curve",792,82.9494949494949,-5.30467171717172,-9.7324494949495,2026-04-05,14,"calendar_day_rolling_pitch_quality_v1","2026-07-27","2026-07-28 05:38:08 UTC"
"SI","Sinker",7059,93.9655050290409,5.67016574585635,7.57294234310809,2026-04-05,14,"calendar_day_rolling_pitch_quality_v1","2026-07-27","2026-07-28 05:38:08 UTC"
"SL","Slider",5594,86.1744726492671,-1.68480514837326,1.2353414372542,2026-04-05,14,"calendar_day_rolling_pitch_quality_v1","2026-07-27","2026-07-28 05:38:08 UTC"
"ST","Sweeper",3173,82.6623069650173,-5.5800819413804,1.08959974787268,2026-04-05,14,"calendar_day_rolling_pitch_quality_v1","2026-07-27","2026-07-28 05:38:08 UTC"
"SV","Slurve",221,82.4117647058823,0.188235294117647,-4.8420814479638,2026-04-05,14,"calendar_day_rolling_pitch_quality_v1","2026-07-27","2026-07-28 05:38:08 UTC"
"CH","Changeup",4960,86.1178427419355,3.81707661290323,3.98016129032258,2026-04-06,14,"calendar_day_rolling_pitch_quality_v1","2026-07-27","2026-07-28 05:38:08 UTC"
"CS","Slow Curve",16,73.29375,-12.4875,-7.83125,2026-04-06,14,"calendar_day_rolling_pitch_quality_v1","2026-07-27","2026-07-28 05:38:08 UTC"
"CU","Curveball",2986,79.9944407233757,-3.94949765572672,-10.5635632953784,2026-04-06,14,"calendar_day_rolling_pitch_quality_v1","2026-07-27","2026-07-28 05:38:08 UTC"
"EP","Eephus",77,46.4961038961039,0.938961038961039,18.7,2026-04-06,14,"calendar_day_rolling_pitch_quality_v1","2026-07-27","2026-07-28 05:38:08 UTC"
"FA","Fastball",16,65.63125,7.14375,20.2375,2026-04-06,14,"calendar_day_rolling_pitch_quality_v1","2026-07-27","2026-07-28 05:38:08 UTC"
"FC","Cutter",3425,89.4266569343066,-1.08665693430657,7.98779562043796,2026-04-06,14,"calendar_day_rolling_pitch_quality_v1","2026-07-27","2026-07-28 05:38:08 UTC"
"FF","Four-Seam Fastball",13442,94.5755839904776,3.46394137777117,16.2423151316768,2026-04-06,14,"calendar_day_rolling_pitch_quality_v1","2026-07-27","2026-07-28 05:38:08 UTC"
"FO","Forkball",36,83.8027777777778,9.48333333333333,1.74444444444444,2026-04-06,14,"calendar_day_rolling_pitch_quality_v1","2026-07-27","2026-07-28 05:38:08 UTC"
"FS","Splitter",1552,86.6005798969072,10.0792525773196,2.76378865979381,2026-04-06,14,"calendar_day_rolling_pitch_quality_v1","2026-07-27","2026-07-28 05:38:08 UTC"
"KC","Knuckle Curve",855,82.913918128655,-5.22783625730994,-9.38058479532164,2026-04-06,14,"calendar_day_rolling_pitch_quality_v1","2026-07-27","2026-07-28 05:38:08 UTC"
"SI","Sinker",7441,93.9156699368365,5.53894637817498,7.62183846257224,2026-04-06,14,"calendar_day_rolling_pitch_quality_v1","2026-07-27","2026-07-28 05:38:08 UTC"
"SL","Slider",5938,86.1622768608959,-1.58512967329067,1.31436510609633,2026-04-06,14,"calendar_day_rolling_pitch_quality_v1","2026-07-27","2026-07-28 05:38:08 UTC"
"ST","Sweeper",3344,82.5876196172249,-5.72643540669856,1.11937799043062,2026-04-06,14,"calendar_day_rolling_pitch_quality_v1","2026-07-27","2026-07-28 05:38:08 UTC"
"SV","Slurve",230,82.4713043478261,0.0739130434782609,-4.87347826086957,2026-04-06,14,"calendar_day_rolling_pitch_quality_v1","2026-07-27","2026-07-28 05:38:08 UTC"
"CH","Changeup",5459,86.1719362520608,3.88629785675032,3.95904011723759,2026-04-07,14,"calendar_day_rolling_pitch_quality_v1","2026-07-27","2026-07-28 05:38:08 UTC"
"CS","Slow Curve",17,73.3764705882353,-12.2764705882353,-8,2026-04-07,14,"calendar_day_rolling_pitch_quality_v1","2026-07-27","2026-07-28 05:38:08 UTC"
"CU","Curveball",3316,80.047738238842,-4.06544028950543,-10.6129071170084,2026-04-07,14,"calendar_day_rolling_pitch_quality_v1","2026-07-27","2026-07-28 05:38:08 UTC"
"EP","Eephus",77,46.4961038961039,0.938961038961039,18.7,2026-04-07,14,"calendar_day_rolling_pitch_quality_v1","2026-07-27","2026-07-28 05:38:08 UTC"
"FA","Fastball",16,65.63125,7.14375,20.2375,2026-04-07,14,"calendar_day_rolling_pitch_quality_v1","2026-07-27","2026-07-28 05:38:08 UTC"
"FC","Cutter",3835,89.4112385919166,-1.2109517601043,8.00954367666232,2026-04-07,14,"calendar_day_rolling_pitch_quality_v1","2026-07-27","2026-07-28 05:38:08 UTC"
"FF","Four-Seam Fastball",14849,94.5958111657351,3.50926661728063,16.3205805104721,2026-04-07,14,"calendar_day_rolling_pitch_quality_v1","2026-07-27","2026-07-28 05:38:08 UTC"
"FO","Forkball",36,83.8027777777778,9.48333333333333,1.74444444444444,2026-04-07,14,"calendar_day_rolling_pitch_quality_v1","2026-07-27","2026-07-28 05:38:08 UTC"
"FS","Splitter",1775,86.5859154929578,10.1100845070423,2.68884507042254,2026-04-07,14,"calendar_day_rolling_pitch_quality_v1","2026-07-27","2026-07-28 05:38:08 UTC"
"KC","Knuckle Curve",924,83.0333333333333,-5.42142857142857,-9.43051948051948,2026-04-07,14,"calendar_day_rolling_pitch_quality_v1","2026-07-27","2026-07-28 05:38:08 UTC"
"SI","Sinker",8198,93.9630275676994,5.72510368382532,7.70859965845328,2026-04-07,14,"calendar_day_rolling_pitch_quality_v1","2026-07-27","2026-07-28 05:38:08 UTC"
"SL","Slider",6411,86.1672437997192,-1.54651380439869,1.32091717360786,2026-04-07,14,"calendar_day_rolling_pitch_quality_v1","2026-07-27","2026-07-28 05:38:08 UTC"
"ST","Sweeper",3686,82.5976939772111,-5.81825827455236,1.14620184481823,2026-04-07,14,"calendar_day_rolling_pitch_quality_v1","2026-07-27","2026-07-28 05:38:08 UTC"
"SV","Slurve",239,82.418410041841,0.867364016736402,-4.93054393305439,2026-04-07,14,"calendar_day_rolling_pitch_quality_v1","2026-07-27","2026-07-28 05:38:08 UTC"
"CH","Changeup",6051,86.1018178813419,3.77664848785325,4.09542224425715,2026-04-08,14,"calendar_day_rolling_pitch_quality_v1","2026-07-27","2026-07-28 05:38:08 UTC"
"CS","Slow Curve",17,73.3764705882353,-12.2764705882353,-8,2026-04-08,14,"calendar_day_rolling_pitch_quality_v1","2026-07-27","2026-07-28 05:38:08 UTC"
"CU","Curveball",3662,79.9798470780994,-4.03732932823594,-10.6974057891862,2026-04-08,14,"calendar_day_rolling_pitch_quality_v1","2026-07-27","2026-07-28 05:38:08 UTC"
"EP","Eephus",77,46.4961038961039,0.938961038961039,18.7,2026-04-08,14,"calendar_day_rolling_pitch_quality_v1","2026-07-27","2026-07-28 05:38:08 UTC"
"FA","Fastball",16,65.63125,7.14375,20.2375,2026-04-08,14,"calendar_day_rolling_pitch_quality_v1","2026-07-27","2026-07-28 05:38:08 UTC"
"FC","Cutter",4196,89.4446615824595,-1.17878932316492,8.05312202097235,2026-04-08,14,"calendar_day_rolling_pitch_quality_v1","2026-07-27","2026-07-28 05:38:08 UTC"
"FF","Four-Seam Fastball",16685,94.5655079412646,3.51270002996704,16.2984477075217,2026-04-08,14,"calendar_day_rolling_pitch_quality_v1","2026-07-27","2026-07-28 05:38:08 UTC"
"FO","Forkball",36,83.8027777777778,9.48333333333333,1.74444444444444,2026-04-08,14,"calendar_day_rolling_pitch_quality_v1","2026-07-27","2026-07-28 05:38:08 UTC"
"FS","Splitter",1919,86.662688900469,10.2423137050547,2.59197498697238,2026-04-08,14,"calendar_day_rolling_pitch_quality_v1","2026-07-27","2026-07-28 05:38:08 UTC"
"KC","Knuckle Curve",1042,82.8880998080614,-5.37831094049904,-9.46957773512476,2026-04-08,14,"calendar_day_rolling_pitch_quality_v1","2026-07-27","2026-07-28 05:38:08 UTC"
"SI","Sinker",9056,93.9117049469965,5.68307199646643,7.6673917844523,2026-04-08,14,"calendar_day_rolling_pitch_quality_v1","2026-07-27","2026-07-28 05:38:08 UTC"
"SL","Slider",7211,86.1063236721675,-1.6826653723478,1.29701844404382,2026-04-08,14,"calendar_day_rolling_pitch_quality_v1","2026-07-27","2026-07-28 05:38:08 UTC"
"ST","Sweeper",4181,82.5841664673523,-6.39127003109304,1.17761301124133,2026-04-08,14,"calendar_day_rolling_pitch_quality_v1","2026-07-27","2026-07-28 05:38:08 UTC"
"SV","Slurve",249,82.4578313253012,1.37831325301205,-4.90401606425703,2026-04-08,14,"calendar_day_rolling_pitch_quality_v1","2026-07-27","2026-07-28 05:38:08 UTC"
"CH","Changeup",5937,86.0315816068722,3.87426309583965,4.10943237325248,2026-04-09,14,"calendar_day_rolling_pitch_quality_v1","2026-07-27","2026-07-28 05:38:08 UTC"
"CS","Slow Curve",12,72.0083333333333,-14.4833333333333,-7.175,2026-04-09,14,"calendar_day_rolling_pitch_quality_v1","2026-07-27","2026-07-28 05:38:08 UTC"
"CU","Curveball",3555,79.9450632911392,-4.25338959212377,-10.7579746835443,2026-04-09,14,"calendar_day_rolling_pitch_quality_v1","2026-07-27","2026-07-28 05:38:08 UTC"
"EP","Eephus",77,46.4961038961039,0.938961038961039,18.7,2026-04-09,14,"calendar_day_rolling_pitch_quality_v1","2026-07-27","2026-07-28 05:38:08 UTC"
"FA","Fastball",15,65.3333333333333,6.66,20.7533333333333,2026-04-09,14,"calendar_day_rolling_pitch_quality_v1","2026-07-27","2026-07-28 05:38:08 UTC"
"FC","Cutter",4060,89.3965517241379,-1.19610837438424,8.11386699507389,2026-04-09,14,"calendar_day_rolling_pitch_quality_v1","2026-07-27","2026-07-28 05:38:08 UTC"
"FF","Four-Seam Fastball",16133,94.4966590218806,3.49166305088948,16.334017231761,2026-04-09,14,"calendar_day_rolling_pitch_quality_v1","2026-07-27","2026-07-28 05:38:08 UTC"
"FO","Forkball",36,83.8027777777778,9.48333333333333,1.74444444444444,2026-04-09,14,"calendar_day_rolling_pitch_quality_v1","2026-07-27","2026-07-28 05:38:08 UTC"
"FS","Splitter",1858,86.5808396124866,10.1472551130248,2.60984930032293,2026-04-09,14,"calendar_day_rolling_pitch_quality_v1","2026-07-27","2026-07-28 05:38:08 UTC"
"KC","Knuckle Curve",956,82.5902719665272,-5.14048117154812,-9.32751046025105,2026-04-09,14,"calendar_day_rolling_pitch_quality_v1","2026-07-27","2026-07-28 05:38:08 UTC"
"SI","Sinker",8694,93.8458937198068,5.85020703933747,7.71839199447895,2026-04-09,14,"calendar_day_rolling_pitch_quality_v1","2026-07-27","2026-07-28 05:38:08 UTC"
"SL","Slider",7150,86.0770629370629,-1.70741258741259,1.33579020979021,2026-04-09,14,"calendar_day_rolling_pitch_quality_v1","2026-07-27","2026-07-28 05:38:08 UTC"
"ST","Sweeper",4094,82.6092574499267,-6.45959941377626,1.12716170004885,2026-04-09,14,"calendar_day_rolling_pitch_quality_v1","2026-07-27","2026-07-28 05:38:08 UTC"
"SV","Slurve",243,82.3082304526749,0.380658436213992,-4.9843621399177,2026-04-09,14,"calendar_day_rolling_pitch_quality_v1","2026-07-27","2026-07-28 05:38:08 UTC"
"CH","Changeup",6175,86.0092631578947,3.87170850202429,4.04108502024291,2026-04-10,14,"calendar_day_rolling_pitch_quality_v1","2026-07-27","2026-07-28 05:38:08 UTC"
"CS","Slow Curve",12,72.0083333333333,-14.4833333333333,-7.175,2026-04-10,14,"calendar_day_rolling_pitch_quality_v1","2026-07-27","2026-07-28 05:38:08 UTC"
"CU","Curveball",3709,79.9246697222971,-4.38290644378539,-10.7301968185495,2026-04-10,14,"calendar_day_rolling_pitch_quality_v1","2026-07-27","2026-07-28 05:38:08 UTC"
"EP","Eephus",77,46.4961038961039,0.938961038961039,18.7,2026-04-10,14,"calendar_day_rolling_pitch_quality_v1","2026-07-27","2026-07-28 05:38:08 UTC"
"FA","Fastball",15,65.3333333333333,6.66,20.7533333333333,2026-04-10,14,"calendar_day_rolling_pitch_quality_v1","2026-07-27","2026-07-28 05:38:08 UTC"
"FC","Cutter",4220,89.3147867298578,-1.14085308056872,8.11016587677725,2026-04-10,14,"calendar_day_rolling_pitch_quality_v1","2026-07-27","2026-07-28 05:38:08 UTC"
"FF","Four-Seam Fastball",16584,94.4879582730343,3.57923902556681,16.366829474192,2026-04-10,14,"calendar_day_rolling_pitch_quality_v1","2026-07-27","2026-07-28 05:38:08 UTC"
"FO","Forkball",36,83.8027777777778,9.48333333333333,1.74444444444444,2026-04-10,14,"calendar_day_rolling_pitch_quality_v1","2026-07-27","2026-07-28 05:38:08 UTC"
"FS","Splitter",1861,86.4579258463192,9.59521762493283,2.76684578183772,2026-04-10,14,"calendar_day_rolling_pitch_quality_v1","2026-07-27","2026-07-28 05:38:08 UTC"
"KC","Knuckle Curve",954,82.7370020964361,-5.6667714884696,-9.30712788259958,2026-04-10,14,"calendar_day_rolling_pitch_quality_v1","2026-07-27","2026-07-28 05:38:08 UTC"
"SI","Sinker",9094,93.8584451286563,5.77844732790851,7.71782493952056,2026-04-10,14,"calendar_day_rolling_pitch_quality_v1","2026-07-27","2026-07-28 05:38:08 UTC"
"SL","Slider",7322,86.1167986888828,-1.78505872712374,1.3039743239552,2026-04-10,14,"calendar_day_rolling_pitch_quality_v1","2026-07-27","2026-07-28 05:38:08 UTC"
"ST","Sweeper",4308,82.6300371402043,-6.19322191272052,1.04435933147632,2026-04-10,14,"calendar_day_rolling_pitch_quality_v1","2026-07-27","2026-07-28 05:38:08 UTC"
"SV","Slurve",285,82.2712280701754,-0.595438596491228,-5.37228070175439,2026-04-10,14,"calendar_day_rolling_pitch_quality_v1","2026-07-27","2026-07-28 05:38:08 UTC"
"CH","Changeup",6252,85.9637396033269,3.71090850927703,3.86799424184261,2026-04-11,14,"calendar_day_rolling_pitch_quality_v1","2026-07-27","2026-07-28 05:38:08 UTC"
"CS","Slow Curve",12,72.0083333333333,-14.4833333333333,-7.175,2026-04-11,14,"calendar_day_rolling_pitch_quality_v1","2026-07-27","2026-07-28 05:38:08 UTC"
"CU","Curveball",3754,79.8888652104422,-4.39544485881726,-10.6854288758657,2026-04-11,14,"calendar_day_rolling_pitch_quality_v1","2026-07-27","2026-07-28 05:38:08 UTC"
"EP","Eephus",77,46.4961038961039,0.938961038961039,18.7,2026-04-11,14,"calendar_day_rolling_pitch_quality_v1","2026-07-27","2026-07-28 05:38:08 UTC"
"FA","Fastball",15,65.3333333333333,6.66,20.7533333333333,2026-04-11,14,"calendar_day_rolling_pitch_quality_v1","2026-07-27","2026-07-28 05:38:08 UTC"
"FC","Cutter",4340,89.2233179723502,-1.08804147465438,8.06841013824885,2026-04-11,14,"calendar_day_rolling_pitch_quality_v1","2026-07-27","2026-07-28 05:38:08 UTC"
"FF","Four-Seam Fastball",16367,94.4704099712837,3.53504001955154,16.2799535651005,2026-04-11,14,"calendar_day_rolling_pitch_quality_v1","2026-07-27","2026-07-28 05:38:08 UTC"
"FO","Forkball",57,83.3614035087719,11.5701754385965,0.463157894736842,2026-04-11,14,"calendar_day_rolling_pitch_quality_v1","2026-07-27","2026-07-28 05:38:08 UTC"
"FS","Splitter",1825,86.3826301369863,9.47079452054795,2.79183561643836,2026-04-11,14,"calendar_day_rolling_pitch_quality_v1","2026-07-27","2026-07-28 05:38:08 UTC"
"KC","Knuckle Curve",907,82.8625137816979,-5.60529217199559,-9.06185226019846,2026-04-11,14,"calendar_day_rolling_pitch_quality_v1","2026-07-27","2026-07-28 05:38:08 UTC"
"SI","Sinker",9066,93.8251819986764,5.79900727994706,7.67271122876682,2026-04-11,14,"calendar_day_rolling_pitch_quality_v1","2026-07-27","2026-07-28 05:38:08 UTC"
"SL","Slider",7058,86.1061065457637,-1.63251629356758,1.36047038821196,2026-04-11,14,"calendar_day_rolling_pitch_quality_v1","2026-07-27","2026-07-28 05:38:08 UTC"
"ST","Sweeper",4372,82.5472323879231,-6.37378774016468,1.11683440073193,2026-04-11,14,"calendar_day_rolling_pitch_quality_v1","2026-07-27","2026-07-28 05:38:08 UTC"
"SV","Slurve",309,82.1854368932039,0.97831715210356,-5.21715210355987,2026-04-11,14,"calendar_day_rolling_pitch_quality_v1","2026-07-27","2026-07-28 05:38:08 UTC"
"CH","Changeup",6319,85.9654375692356,3.92660231049217,3.94160468428549,2026-04-12,14,"calendar_day_rolling_pitch_quality_v1","2026-07-27","2026-07-28 05:38:08 UTC"
"CS","Slow Curve",12,72.4666666666667,-13.725,-8,2026-04-12,14,"calendar_day_rolling_pitch_quality_v1","2026-07-27","2026-07-28 05:38:08 UTC"
"CU","Curveball",3738,79.7693151417871,-4.29312466559658,-10.5790797217764,2026-04-12,14,"calendar_day_rolling_pitch_quality_v1","2026-07-27","2026-07-28 05:38:08 UTC"
"EP","Eephus",77,46.4961038961039,0.938961038961039,18.7,2026-04-12,14,"calendar_day_rolling_pitch_quality_v1","2026-07-27","2026-07-28 05:38:08 UTC"
"FA","Fastball",18,66.2611111111111,7.7,18.7833333333333,2026-04-12,14,"calendar_day_rolling_pitch_quality_v1","2026-07-27","2026-07-28 05:38:08 UTC"
"FC","Cutter",4525,89.1659668508287,-1.21661878453039,8.04457458563536,2026-04-12,14,"calendar_day_rolling_pitch_quality_v1","2026-07-27","2026-07-28 05:38:08 UTC"
"FF","Four-Seam Fastball",16569,94.481254149315,3.50609572092462,16.2852073148651,2026-04-12,14,"calendar_day_rolling_pitch_quality_v1","2026-07-27","2026-07-28 05:38:08 UTC"
"FO","Forkball",57,83.3614035087719,11.5701754385965,0.463157894736842,2026-04-12,14,"calendar_day_rolling_pitch_quality_v1","2026-07-27","2026-07-28 05:38:08 UTC"
"FS","Splitter",1868,86.4614561027837,9.51718415417559,2.66177730192719,2026-04-12,14,"calendar_day_rolling_pitch_quality_v1","2026-07-27","2026-07-28 05:38:08 UTC"
"KC","Knuckle Curve",960,82.87625,-5.54041666666667,-8.68989583333333,2026-04-12,14,"calendar_day_rolling_pitch_quality_v1","2026-07-27","2026-07-28 05:38:08 UTC"
"SI","Sinker",9169,93.8631802813829,5.88871196422729,7.72176900425346,2026-04-12,14,"calendar_day_rolling_pitch_quality_v1","2026-07-27","2026-07-28 05:38:08 UTC"
"SL","Slider",7233,86.1154016314116,-1.62554956449606,1.45629752523158,2026-04-12,14,"calendar_day_rolling_pitch_quality_v1","2026-07-27","2026-07-28 05:38:08 UTC"
"ST","Sweeper",4336,82.5020987084871,-6.75267527675277,1.17797509225092,2026-04-12,14,"calendar_day_rolling_pitch_quality_v1","2026-07-27","2026-07-28 05:38:08 UTC"
"SV","Slurve",295,82.1240677966102,1.58610169491525,-5.29627118644068,2026-04-12,14,"calendar_day_rolling_pitch_quality_v1","2026-07-27","2026-07-28 05:38:08 UTC"
"CH","Changeup",6273,85.9028216164515,3.83682448589192,3.97127371273713,2026-04-13,14,"calendar_day_rolling_pitch_quality_v1","2026-07-27","2026-07-28 05:38:08 UTC"
"CS","Slow Curve",12,72.4666666666667,-13.725,-8,2026-04-13,14,"calendar_day_rolling_pitch_quality_v1","2026-07-27","2026-07-28 05:38:08 UTC"
"CU","Curveball",3693,79.7408610885459,-4.10430544272949,-10.5072840509071,2026-04-13,14,"calendar_day_rolling_pitch_quality_v1","2026-07-27","2026-07-28 05:38:08 UTC"
"EP","Eephus",54,46.8185185185185,0.442592592592592,16.9462962962963,2026-04-13,14,"calendar_day_rolling_pitch_quality_v1","2026-07-27","2026-07-28 05:38:08 UTC"
"FA","Fastball",7,71.9285714285714,9.75714285714286,15.5857142857143,2026-04-13,14,"calendar_day_rolling_pitch_quality_v1","2026-07-27","2026-07-28 05:38:08 UTC"
"FC","Cutter",4429,89.1955520433506,-1.22510724768571,8.00112892300745,2026-04-13,14,"calendar_day_rolling_pitch_quality_v1","2026-07-27","2026-07-28 05:38:08 UTC"
"FF","Four-Seam Fastball",16612,94.4737117746208,3.48510113171202,16.300102335661,2026-04-13,14,"calendar_day_rolling_pitch_quality_v1","2026-07-27","2026-07-28 05:38:08 UTC"
"FO","Forkball",57,83.3614035087719,11.5701754385965,0.463157894736842,2026-04-13,14,"calendar_day_rolling_pitch_quality_v1","2026-07-27","2026-07-28 05:38:08 UTC"
"FS","Splitter",1848,86.4171536796537,9.358170995671,2.67602813852814,2026-04-13,14,"calendar_day_rolling_pitch_quality_v1","2026-07-27","2026-07-28 05:38:08 UTC"
"KC","Knuckle Curve",949,82.7502634351949,-5.79620653319283,-8.88503688092729,2026-04-13,14,"calendar_day_rolling_pitch_quality_v1","2026-07-27","2026-07-28 05:38:08 UTC"
"SI","Sinker",9020,93.8817405764967,5.87014412416851,7.71921286031042,2026-04-13,14,"calendar_day_rolling_pitch_quality_v1","2026-07-27","2026-07-28 05:38:08 UTC"
"SL","Slider",7304,86.0604874041621,-1.59323658269441,1.44225082146769,2026-04-13,14,"calendar_day_rolling_pitch_quality_v1","2026-07-27","2026-07-28 05:38:08 UTC"
"ST","Sweeper",4324,82.5663274745606,-6.89847363552266,1.209111933395,2026-04-13,14,"calendar_day_rolling_pitch_quality_v1","2026-07-27","2026-07-28 05:38:08 UTC"
"SV","Slurve",258,82.0829457364341,-0.172868217054264,-5.71434108527132,2026-04-13,14,"calendar_day_rolling_pitch_quality_v1","2026-07-27","2026-07-28 05:38:08 UTC"
"CH","Changeup",6290,85.9108108108108,3.70181240063593,4.09147853736089,2026-04-14,14,"calendar_day_rolling_pitch_quality_v1","2026-07-27","2026-07-28 05:38:08 UTC"
"CS","Slow Curve",12,72.4666666666667,-13.725,-8,2026-04-14,14,"calendar_day_rolling_pitch_quality_v1","2026-07-27","2026-07-28 05:38:08 UTC"
"CU","Curveball",3665,79.7512141882674,-3.88054570259209,-10.6814733969986,2026-04-14,14,"calendar_day_rolling_pitch_quality_v1","2026-07-27","2026-07-28 05:38:08 UTC"
"EP","Eephus",54,46.8185185185185,0.442592592592592,16.9462962962963,2026-04-14,14,"calendar_day_rolling_pitch_quality_v1","2026-07-27","2026-07-28 05:38:08 UTC"
"FA","Fastball",7,71.9285714285714,9.75714285714286,15.5857142857143,2026-04-14,14,"calendar_day_rolling_pitch_quality_v1","2026-07-27","2026-07-28 05:38:08 UTC"
"FC","Cutter",4287,89.2527408444133,-1.14233729881036,7.99398180545836,2026-04-14,14,"calendar_day_rolling_pitch_quality_v1","2026-07-27","2026-07-28 05:38:08 UTC"
"FF","Four-Seam Fastball",16766,94.4390134796612,3.38151019921269,16.2818382440654,2026-04-14,14,"calendar_day_rolling_pitch_quality_v1","2026-07-27","2026-07-28 05:38:08 UTC"
"FO","Forkball",42,83.1095238095238,11.997619047619,0.280952380952381,2026-04-14,14,"calendar_day_rolling_pitch_quality_v1","2026-07-27","2026-07-28 05:38:08 UTC"
"FS","Splitter",1848,86.4125541125541,9.51726190476191,2.71266233766234,2026-04-14,14,"calendar_day_rolling_pitch_quality_v1","2026-07-27","2026-07-28 05:38:08 UTC"
"KC","Knuckle Curve",917,82.6781897491821,-5.45866957470011,-8.86848418756816,2026-04-14,14,"calendar_day_rolling_pitch_quality_v1","2026-07-27","2026-07-28 05:38:08 UTC"
"SI","Sinker",8882,93.8850146363432,5.87718982211214,7.69366133753659,2026-04-14,14,"calendar_day_rolling_pitch_quality_v1","2026-07-27","2026-07-28 05:38:08 UTC"
"SL","Slider",7319,86.0477524251947,-1.44779341440087,1.38980735073097,2026-04-14,14,"calendar_day_rolling_pitch_quality_v1","2026-07-27","2026-07-28 05:38:08 UTC"
"ST","Sweeper",4296,82.6077048417132,-7.02530260707635,1.16000931098696,2026-04-14,14,"calendar_day_rolling_pitch_quality_v1","2026-07-27","2026-07-28 05:38:08 UTC"
"SV","Slurve",224,82.4325892857143,1.47410714285714,-5.40580357142857,2026-04-14,14,"calendar_day_rolling_pitch_quality_v1","2026-07-27","2026-07-28 05:38:08 UTC"
"CH","Changeup",6042,85.8734856007944,3.88235683548494,4.11117179741807,2026-04-15,14,"calendar_day_rolling_pitch_quality_v1","2026-07-27","2026-07-28 05:38:08 UTC"
"CS","Slow Curve",11,71.8272727272727,-14.9,-7.15454545454546,2026-04-15,14,"calendar_day_rolling_pitch_quality_v1","2026-07-27","2026-07-28 05:38:08 UTC"
"CU","Curveball",3513,79.7735269000854,-4.03748932536294,-10.7865641901509,2026-04-15,14,"calendar_day_rolling_pitch_quality_v1","2026-07-27","2026-07-28 05:38:08 UTC"
"EP","Eephus",73,48.027397260274,0.612328767123288,17.813698630137,2026-04-15,14,"calendar_day_rolling_pitch_quality_v1","2026-07-27","2026-07-28 05:38:08 UTC"
"FA","Fastball",7,71.9285714285714,9.75714285714286,15.5857142857143,2026-04-15,14,"calendar_day_rolling_pitch_quality_v1","2026-07-27","2026-07-28 05:38:08 UTC"
"FC","Cutter",4143,89.2497706975622,-1.18447984552257,8.0632150615496,2026-04-15,14,"calendar_day_rolling_pitch_quality_v1","2026-07-27","2026-07-28 05:38:08 UTC"
"FF","Four-Seam Fastball",16250,94.4109046153846,3.30566769230769,16.2632307692308,2026-04-15,14,"calendar_day_rolling_pitch_quality_v1","2026-07-27","2026-07-28 05:38:08 UTC"
"FO","Forkball",42,83.1095238095238,11.997619047619,0.280952380952381,2026-04-15,14,"calendar_day_rolling_pitch_quality_v1","2026-07-27","2026-07-28 05:38:08 UTC"
"FS","Splitter",1808,86.4683075221239,9.04341814159292,2.75149336283186,2026-04-15,14,"calendar_day_rolling_pitch_quality_v1","2026-07-27","2026-07-28 05:38:08 UTC"
"KC","Knuckle Curve",829,82.4103739445115,-5.88564535585042,-9.06405307599518,2026-04-15,14,"calendar_day_rolling_pitch_quality_v1","2026-07-27","2026-07-28 05:38:08 UTC"
"SI","Sinker",8654,93.8030390570834,5.738363762422,7.58825976427086,2026-04-15,14,"calendar_day_rolling_pitch_quality_v1","2026-07-27","2026-07-28 05:38:08 UTC"
"SL","Slider",7323,86.0106104055715,-1.62575447221084,1.45134507715417,2026-04-15,14,"calendar_day_rolling_pitch_quality_v1","2026-07-27","2026-07-28 05:38:08 UTC"
"ST","Sweeper",4289,82.5676148286314,-6.8467708090464,1.12814175798554,2026-04-15,14,"calendar_day_rolling_pitch_quality_v1","2026-07-27","2026-07-28 05:38:08 UTC"
"SV","Slurve",223,82.5730941704036,1.67982062780269,-5.18430493273543,2026-04-15,14,"calendar_day_rolling_pitch_quality_v1","2026-07-27","2026-07-28 05:38:08 UTC"
"CH","Changeup",6509,85.8544169611308,3.83178675679828,4.10078353049624,2026-04-16,14,"calendar_day_rolling_pitch_quality_v1","2026-07-27","2026-07-28 05:38:08 UTC"
"CS","Slow Curve",11,71.8272727272727,-14.9,-7.15454545454546,2026-04-16,14,"calendar_day_rolling_pitch_quality_v1","2026-07-27","2026-07-28 05:38:08 UTC"
"CU","Curveball",3720,79.7454569892473,-4.21688172043011,-10.6629301075269,2026-04-16,14,"calendar_day_rolling_pitch_quality_v1","2026-07-27","2026-07-28 05:38:08 UTC"
"EP","Eephus",73,48.027397260274,0.612328767123288,17.813698630137,2026-04-16,14,"calendar_day_rolling_pitch_quality_v1","2026-07-27","2026-07-28 05:38:08 UTC"
"FA","Fastball",8,72.8875,9.8375,16.0375,2026-04-16,14,"calendar_day_rolling_pitch_quality_v1","2026-07-27","2026-07-28 05:38:08 UTC"
"FC","Cutter",4362,89.2328060522696,-1.1215497478221,8.04566712517194,2026-04-16,14,"calendar_day_rolling_pitch_quality_v1","2026-07-27","2026-07-28 05:38:08 UTC"
"FF","Four-Seam Fastball",17134,94.4038753355901,3.32807283763278,16.2216528539746,2026-04-16,14,"calendar_day_rolling_pitch_quality_v1","2026-07-27","2026-07-28 05:38:08 UTC"
"FO","Forkball",42,83.1095238095238,11.997619047619,0.280952380952381,2026-04-16,14,"calendar_day_rolling_pitch_quality_v1","2026-07-27","2026-07-28 05:38:08 UTC"
"FS","Splitter",1846,86.3234019501625,8.93060671722644,2.73450704225352,2026-04-16,14,"calendar_day_rolling_pitch_quality_v1","2026-07-27","2026-07-28 05:38:08 UTC"
"KC","Knuckle Curve",869,82.5997698504028,-6.05224395857307,-8.87284234752589,2026-04-16,14,"calendar_day_rolling_pitch_quality_v1","2026-07-27","2026-07-28 05:38:08 UTC"
"SI","Sinker",9260,93.8053023758099,5.69001079913607,7.55474082073434,2026-04-16,14,"calendar_day_rolling_pitch_quality_v1","2026-07-27","2026-07-28 05:38:08 UTC"
"SL","Slider",7789,85.973693670561,-1.62815509051226,1.37554243163436,2026-04-16,14,"calendar_day_rolling_pitch_quality_v1","2026-07-27","2026-07-28 05:38:08 UTC"
"ST","Sweeper",4468,82.4870188003581,-6.85642345568487,1.21036257833483,2026-04-16,14,"calendar_day_rolling_pitch_quality_v1","2026-07-27","2026-07-28 05:38:08 UTC"
"SV","Slurve",243,82.4609053497942,2.51069958847737,-4.84485596707819,2026-04-16,14,"calendar_day_rolling_pitch_quality_v1","2026-07-27","2026-07-28 05:38:08 UTC"
"CH","Changeup",6530,85.9045941807044,4.0076875957121,4.05920367534456,2026-04-17,14,"calendar_day_rolling_pitch_quality_v1","2026-07-27","2026-07-28 05:38:08 UTC"
"CS","Slow Curve",11,71.8272727272727,-14.9,-7.15454545454546,2026-04-17,14,"calendar_day_rolling_pitch_quality_v1","2026-07-27","2026-07-28 05:38:08 UTC"
"CU","Curveball",3684,79.664983713355,-4.5578447339848,-10.5843919652552,2026-04-17,14,"calendar_day_rolling_pitch_quality_v1","2026-07-27","2026-07-28 05:38:08 UTC"
"EP","Eephus",53,51.3169811320755,0.262264150943396,16.577358490566,2026-04-17,14,"calendar_day_rolling_pitch_quality_v1","2026-07-27","2026-07-28 05:38:08 UTC"
"FA","Fastball",8,72.8875,9.8375,16.0375,2026-04-17,14,"calendar_day_rolling_pitch_quality_v1","2026-07-27","2026-07-28 05:38:08 UTC"
"FC","Cutter",4478,89.2394595801697,-1.18642251004913,8.12396158999553,2026-04-17,14,"calendar_day_rolling_pitch_quality_v1","2026-07-27","2026-07-28 05:38:08 UTC"
"FF","Four-Seam Fastball",16875,94.4420562962963,3.36613925925926,16.2167288888889,2026-04-17,14,"calendar_day_rolling_pitch_quality_v1","2026-07-27","2026-07-28 05:38:08 UTC"
"FO","Forkball",58,82.9637931034483,11.4379310344828,0.532758620689655,2026-04-17,14,"calendar_day_rolling_pitch_quality_v1","2026-07-27","2026-07-28 05:38:08 UTC"
"FS","Splitter",1818,86.2471397139714,8.7501100110011,2.73690869086909,2026-04-17,14,"calendar_day_rolling_pitch_quality_v1","2026-07-27","2026-07-28 05:38:08 UTC"
"KC","Knuckle Curve",827,82.7406287787183,-6.32974607013301,-8.84026602176542,2026-04-17,14,"calendar_day_rolling_pitch_quality_v1","2026-07-27","2026-07-28 05:38:08 UTC"
"SI","Sinker",9267,93.8546131434121,5.74551634833279,7.61601381245279,2026-04-17,14,"calendar_day_rolling_pitch_quality_v1","2026-07-27","2026-07-28 05:38:08 UTC"
"SL","Slider",7519,86.0030323181274,-1.51077270913685,1.36907833488496,2026-04-17,14,"calendar_day_rolling_pitch_quality_v1","2026-07-27","2026-07-28 05:38:08 UTC"
"ST","Sweeper",4460,82.5536547085202,-6.8935201793722,1.16587443946188,2026-04-17,14,"calendar_day_rolling_pitch_quality_v1","2026-07-27","2026-07-28 05:38:08 UTC"
"SV","Slurve",238,82.4550420168067,2.41260504201681,-4.85336134453781,2026-04-17,14,"calendar_day_rolling_pitch_quality_v1","2026-07-27","2026-07-28 05:38:08 UTC"
"CH","Changeup",6656,85.9607572115385,4.0685546875,4.11107271634615,2026-04-18,14,"calendar_day_rolling_pitch_quality_v1","2026-07-27","2026-07-28 05:38:08 UTC"
"CS","Slow Curve",11,73.8636363636364,-9.01818181818182,-7.99090909090909,2026-04-18,14,"calendar_day_rolling_pitch_quality_v1","2026-07-27","2026-07-28 05:38:08 UTC"
"CU","Curveball",3739,79.6719176250334,-4.41037710617812,-10.4958010163145,2026-04-18,14,"calendar_day_rolling_pitch_quality_v1","2026-07-27","2026-07-28 05:38:08 UTC"
"EP","Eephus",53,51.3169811320755,0.262264150943396,16.577358490566,2026-04-18,14,"calendar_day_rolling_pitch_quality_v1","2026-07-27","2026-07-28 05:38:08 UTC"
"FA","Fastball",8,72.8875,9.8375,16.0375,2026-04-18,14,"calendar_day_rolling_pitch_quality_v1","2026-07-27","2026-07-28 05:38:08 UTC"
"FC","Cutter",4679,89.1614874973285,-1.31263090403932,8.11237443898269,2026-04-18,14,"calendar_day_rolling_pitch_quality_v1","2026-07-27","2026-07-28 05:38:08 UTC"
"FF","Four-Seam Fastball",17041,94.4635350038143,3.38001291004049,16.2305498503609,2026-04-18,14,"calendar_day_rolling_pitch_quality_v1","2026-07-27","2026-07-28 05:38:08 UTC"
"FO","Forkball",58,82.9637931034483,11.4379310344828,0.532758620689655,2026-04-18,14,"calendar_day_rolling_pitch_quality_v1","2026-07-27","2026-07-28 05:38:08 UTC"
"FS","Splitter",1979,86.2460333501769,9.08852956038403,2.9322385042951,2026-04-18,14,"calendar_day_rolling_pitch_quality_v1","2026-07-27","2026-07-28 05:38:08 UTC"
"KC","Knuckle Curve",874,82.5799771167048,-6.78489702517162,-9.04599542334096,2026-04-18,14,"calendar_day_rolling_pitch_quality_v1","2026-07-27","2026-07-28 05:38:08 UTC"
"KN","Knuckle Ball",31,80.9258064516129,3.07741935483871,-3.02258064516129,2026-04-18,14,"calendar_day_rolling_pitch_quality_v1","2026-07-27","2026-07-28 05:38:08 UTC"
"SI","Sinker",9402,93.8617953626888,6.04554350138269,7.60842373962987,2026-04-18,14,"calendar_day_rolling_pitch_quality_v1","2026-07-27","2026-07-28 05:38:08 UTC"
"SL","Slider",7388,85.9965755278831,-1.49773957769356,1.39949918787223,2026-04-18,14,"calendar_day_rolling_pitch_quality_v1","2026-07-27","2026-07-28 05:38:08 UTC"
"ST","Sweeper",4606,82.5525835866261,-7.08093790707772,1.29359531046461,2026-04-18,14,"calendar_day_rolling_pitch_quality_v1","2026-07-27","2026-07-28 05:38:08 UTC"
"SV","Slurve",245,82.2795918367347,2.02,-5.08775510204082,2026-04-18,14,"calendar_day_rolling_pitch_quality_v1","2026-07-27","2026-07-28 05:38:08 UTC"
"CH","Changeup",6530,85.9591424196018,4.15534456355283,4.33264931087289,2026-04-19,14,"calendar_day_rolling_pitch_quality_v1","2026-07-27","2026-07-28 05:38:08 UTC"
"CS","Slow Curve",11,73.8636363636364,-9.01818181818182,-7.99090909090909,2026-04-19,14,"calendar_day_rolling_pitch_quality_v1","2026-07-27","2026-07-28 05:38:08 UTC"
"CU","Curveball",3683,79.7677979907684,-4.13070866141732,-10.5916915557969,2026-04-19,14,"calendar_day_rolling_pitch_quality_v1","2026-07-27","2026-07-28 05:38:08 UTC"
"EP","Eephus",44,51.9795454545455,2.58181818181818,18.9659090909091,2026-04-19,14,"calendar_day_rolling_pitch_quality_v1","2026-07-27","2026-07-28 05:38:08 UTC"
"FA","Fastball",9,74.2,9.4,15.2555555555556,2026-04-19,14,"calendar_day_rolling_pitch_quality_v1","2026-07-27","2026-07-28 05:38:08 UTC"
"FC","Cutter",4392,89.2422358834244,-1.28729508196721,8.13866120218579,2026-04-19,14,"calendar_day_rolling_pitch_quality_v1","2026-07-27","2026-07-28 05:38:08 UTC"
"FF","Four-Seam Fastball",17222,94.5102775519684,3.40483103007781,16.2292532806875,2026-04-19,14,"calendar_day_rolling_pitch_quality_v1","2026-07-27","2026-07-28 05:38:08 UTC"
"FO","Forkball",37,82.5945945945946,12.9081081081081,-0.467567567567568,2026-04-19,14,"calendar_day_rolling_pitch_quality_v1","2026-07-27","2026-07-28 05:38:08 UTC"
"FS","Splitter",1904,86.1999474789916,9.3500525210084,2.92584033613445,2026-04-19,14,"calendar_day_rolling_pitch_quality_v1","2026-07-27","2026-07-28 05:38:08 UTC"
"KC","Knuckle Curve",887,82.6143179255919,-6.25862457722661,-8.68511837655017,2026-04-19,14,"calendar_day_rolling_pitch_quality_v1","2026-07-27","2026-07-28 05:38:08 UTC"
"KN","Knuckle Ball",31,80.9258064516129,3.07741935483871,-3.02258064516129,2026-04-19,14,"calendar_day_rolling_pitch_quality_v1","2026-07-27","2026-07-28 05:38:08 UTC"
"SI","Sinker",9150,93.8568415300546,5.81608743169399,7.72766120218579,2026-04-19,14,"calendar_day_rolling_pitch_quality_v1","2026-07-27","2026-07-28 05:38:08 UTC"
"SL","Slider",7539,85.9986337710572,-1.55366759517177,1.52127603130389,2026-04-19,14,"calendar_day_rolling_pitch_quality_v1","2026-07-27","2026-07-28 05:38:08 UTC"
"ST","Sweeper",4592,82.5240200348432,-7.06276132404181,1.30696864111498,2026-04-19,14,"calendar_day_rolling_pitch_quality_v1","2026-07-27","2026-07-28 05:38:08 UTC"
"SV","Slurve",215,82.2930232558139,0.753953488372093,-5.12558139534884,2026-04-19,14,"calendar_day_rolling_pitch_quality_v1","2026-07-27","2026-07-28 05:38:08 UTC"
"CH","Changeup",6405,86.0335519125683,4.23234972677596,4.25227166276347,2026-04-20,14,"calendar_day_rolling_pitch_quality_v1","2026-07-27","2026-07-28 05:38:08 UTC"
"CS","Slow Curve",12,73.525,-9.26666666666667,-7.49166666666667,2026-04-20,14,"calendar_day_rolling_pitch_quality_v1","2026-07-27","2026-07-28 05:38:08 UTC"
"CU","Curveball",3612,79.7807032115172,-4.50844407530454,-10.6468715393134,2026-04-20,14,"calendar_day_rolling_pitch_quality_v1","2026-07-27","2026-07-28 05:38:08 UTC"
"EP","Eephus",19,51.4631578947368,1.09473684210526,20.2789473684211,2026-04-20,14,"calendar_day_rolling_pitch_quality_v1","2026-07-27","2026-07-28 05:38:08 UTC"
"FA","Fastball",5,75.4,11,11,2026-04-20,14,"calendar_day_rolling_pitch_quality_v1","2026-07-27","2026-07-28 05:38:08 UTC"
"FC","Cutter",4398,89.2841291496134,-1.35334242837653,8.15475216007276,2026-04-20,14,"calendar_day_rolling_pitch_quality_v1","2026-07-27","2026-07-28 05:38:08 UTC"
"FF","Four-Seam Fastball",16952,94.5059992921189,3.40169301557338,16.1786514865503,2026-04-20,14,"calendar_day_rolling_pitch_quality_v1","2026-07-27","2026-07-28 05:38:08 UTC"
"FO","Forkball",37,82.5945945945946,12.9081081081081,-0.467567567567568,2026-04-20,14,"calendar_day_rolling_pitch_quality_v1","2026-07-27","2026-07-28 05:38:08 UTC"
"FS","Splitter",1854,86.2446062567422,9.09519956850054,2.84131607335491,2026-04-20,14,"calendar_day_rolling_pitch_quality_v1","2026-07-27","2026-07-28 05:38:08 UTC"
"KC","Knuckle Curve",877,82.3638540478905,-6.69646522234892,-9.04572405929305,2026-04-20,14,"calendar_day_rolling_pitch_quality_v1","2026-07-27","2026-07-28 05:38:08 UTC"
"KN","Knuckle Ball",31,80.9258064516129,3.07741935483871,-3.02258064516129,2026-04-20,14,"calendar_day_rolling_pitch_quality_v1","2026-07-27","2026-07-28 05:38:08 UTC"
"SI","Sinker",9168,93.8418302792321,6.13008289703316,7.72393106457243,2026-04-20,14,"calendar_day_rolling_pitch_quality_v1","2026-07-27","2026-07-28 05:38:08 UTC"
"SL","Slider",7495,85.9947031354236,-1.68325550366911,1.44232154769847,2026-04-20,14,"calendar_day_rolling_pitch_quality_v1","2026-07-27","2026-07-28 05:38:08 UTC"
"ST","Sweeper",4658,82.5790038643194,-7.22221983683985,1.22709317303564,2026-04-20,14,"calendar_day_rolling_pitch_quality_v1","2026-07-27","2026-07-28 05:38:08 UTC"
"SV","Slurve",208,82.2096153846154,0.725,-5.11875,2026-04-20,14,"calendar_day_rolling_pitch_quality_v1","2026-07-27","2026-07-28 05:38:08 UTC"
"CH","Changeup",6411,85.9535017937919,3.88761503665575,4.21280611449072,2026-04-21,14,"calendar_day_rolling_pitch_quality_v1","2026-07-27","2026-07-28 05:38:08 UTC"
"CS","Slow Curve",11,73.4181818181818,-9.3,-7.2,2026-04-21,14,"calendar_day_rolling_pitch_quality_v1","2026-07-27","2026-07-28 05:38:08 UTC"
"CU","Curveball",3488,79.7280103211009,-4.18879013761468,-10.5502866972477,2026-04-21,14,"calendar_day_rolling_pitch_quality_v1","2026-07-27","2026-07-28 05:38:08 UTC"
"EP","Eephus",25,51.704,0.204,19.644,2026-04-21,14,"calendar_day_rolling_pitch_quality_v1","2026-07-27","2026-07-28 05:38:08 UTC"
"FA","Fastball",12,75.8416666666667,8.95,12.4833333333333,2026-04-21,14,"calendar_day_rolling_pitch_quality_v1","2026-07-27","2026-07-28 05:38:08 UTC"
"FC","Cutter",4168,89.3017274472169,-1.21525911708253,8.12180902111324,2026-04-21,14,"calendar_day_rolling_pitch_quality_v1","2026-07-27","2026-07-28 05:38:08 UTC"
"FF","Four-Seam Fastball",16829,94.4847346841761,3.21669142551548,16.1271317368828,2026-04-21,14,"calendar_day_rolling_pitch_quality_v1","2026-07-27","2026-07-28 05:38:08 UTC"
"FO","Forkball",37,82.5945945945946,12.9081081081081,-0.467567567567568,2026-04-21,14,"calendar_day_rolling_pitch_quality_v1","2026-07-27","2026-07-28 05:38:08 UTC"
"FS","Splitter",1745,86.1516332378224,8.69226361031519,3.0319770773639,2026-04-21,14,"calendar_day_rolling_pitch_quality_v1","2026-07-27","2026-07-28 05:38:08 UTC"
"KC","Knuckle Curve",871,82.3467278989667,-6.57853042479908,-9.06349024110218,2026-04-21,14,"calendar_day_rolling_pitch_quality_v1","2026-07-27","2026-07-28 05:38:08 UTC"
"KN","Knuckle Ball",32,80.31875,2.696875,-2.53125,2026-04-21,14,"calendar_day_rolling_pitch_quality_v1","2026-07-27","2026-07-28 05:38:08 UTC"
"SI","Sinker",9010,93.7915316315205,5.61551609322975,7.66740288568258,2026-04-21,14,"calendar_day_rolling_pitch_quality_v1","2026-07-27","2026-07-28 05:38:08 UTC"
"SL","Slider",7519,85.9576273440617,-1.72286208272377,1.43229152812874,2026-04-21,14,"calendar_day_rolling_pitch_quality_v1","2026-07-27","2026-07-28 05:38:08 UTC"
"ST","Sweeper",4657,82.5940734378355,-7.04855056903586,1.11260468112519,2026-04-21,14,"calendar_day_rolling_pitch_quality_v1","2026-07-27","2026-07-28 05:38:08 UTC"
"SV","Slurve",226,82.2991150442478,0.685398230088496,-4.65619469026549,2026-04-21,14,"calendar_day_rolling_pitch_quality_v1","2026-07-27","2026-07-28 05:38:08 UTC"
"CH","Changeup",6379,85.9411820034488,4.01153785859853,4.14064900454617,2026-04-22,14,"calendar_day_rolling_pitch_quality_v1","2026-07-27","2026-07-28 05:38:08 UTC"
"CS","Slow Curve",11,73.4181818181818,-9.3,-7.2,2026-04-22,14,"calendar_day_rolling_pitch_quality_v1","2026-07-27","2026-07-28 05:38:08 UTC"
"CU","Curveball",3497,79.5600800686302,-4.33282813840435,-10.4628824706892,2026-04-22,14,"calendar_day_rolling_pitch_quality_v1","2026-07-27","2026-07-28 05:38:08 UTC"
"EP","Eephus",37,47.8162162162162,1.41891891891892,20.6324324324324,2026-04-22,14,"calendar_day_rolling_pitch_quality_v1","2026-07-27","2026-07-28 05:38:08 UTC"
"FA","Fastball",12,75.8416666666667,8.95,12.4833333333333,2026-04-22,14,"calendar_day_rolling_pitch_quality_v1","2026-07-27","2026-07-28 05:38:08 UTC"
"FC","Cutter",4254,89.2602961918195,-1.23582510578279,8.22736248236953,2026-04-22,14,"calendar_day_rolling_pitch_quality_v1","2026-07-27","2026-07-28 05:38:08 UTC"
"FF","Four-Seam Fastball",16165,94.4938137952366,3.22718218373028,16.0928858645221,2026-04-22,14,"calendar_day_rolling_pitch_quality_v1","2026-07-27","2026-07-28 05:38:08 UTC"
"FO","Forkball",37,82.5945945945946,12.9081081081081,-0.467567567567568,2026-04-22,14,"calendar_day_rolling_pitch_quality_v1","2026-07-27","2026-07-28 05:38:08 UTC"
"FS","Splitter",1795,86.1016155988858,8.79454038997214,3.10852367688022,2026-04-22,14,"calendar_day_rolling_pitch_quality_v1","2026-07-27","2026-07-28 05:38:08 UTC"
"KC","Knuckle Curve",832,82.4939903846154,-6.84711538461538,-8.9375,2026-04-22,14,"calendar_day_rolling_pitch_quality_v1","2026-07-27","2026-07-28 05:38:08 UTC"
"KN","Knuckle Ball",32,80.31875,2.696875,-2.53125,2026-04-22,14,"calendar_day_rolling_pitch_quality_v1","2026-07-27","2026-07-28 05:38:08 UTC"
"SI","Sinker",9086,93.7843935725292,5.89643407440018,7.67969403477878,2026-04-22,14,"calendar_day_rolling_pitch_quality_v1","2026-07-27","2026-07-28 05:38:08 UTC"
"SL","Slider",7512,85.9441826411076,-1.53937699680511,1.50887912673056,2026-04-22,14,"calendar_day_rolling_pitch_quality_v1","2026-07-27","2026-07-28 05:38:08 UTC"
"ST","Sweeper",4411,82.5976649285876,-6.74887780548628,1.04706415778735,2026-04-22,14,"calendar_day_rolling_pitch_quality_v1","2026-07-27","2026-07-28 05:38:08 UTC"
"SV","Slurve",242,82.3632231404959,-0.749586776859504,-4.62603305785124,2026-04-22,14,"calendar_day_rolling_pitch_quality_v1","2026-07-27","2026-07-28 05:38:08 UTC"
"CH","Changeup",6521,86.0564637325564,3.96497469713234,4.04454838214998,2026-04-23,14,"calendar_day_rolling_pitch_quality_v1","2026-07-27","2026-07-28 05:38:08 UTC"
"CS","Slow Curve",10,73.95,-8.47,-7.25,2026-04-23,14,"calendar_day_rolling_pitch_quality_v1","2026-07-27","2026-07-28 05:38:08 UTC"
"CU","Curveball",3665,79.7258935879945,-4.28818553888131,-10.3588813096862,2026-04-23,14,"calendar_day_rolling_pitch_quality_v1","2026-07-27","2026-07-28 05:38:08 UTC"
"EP","Eephus",37,47.8162162162162,1.41891891891892,20.6324324324324,2026-04-23,14,"calendar_day_rolling_pitch_quality_v1","2026-07-27","2026-07-28 05:38:08 UTC"
"FA","Fastball",12,75.8416666666667,8.95,12.4833333333333,2026-04-23,14,"calendar_day_rolling_pitch_quality_v1","2026-07-27","2026-07-28 05:38:08 UTC"
"FC","Cutter",4503,89.3029313790806,-1.24530313124584,8.1898956251388,2026-04-23,14,"calendar_day_rolling_pitch_quality_v1","2026-07-27","2026-07-28 05:38:08 UTC"
"FF","Four-Seam Fastball",16868,94.558679155798,3.31316694332464,16.0125444628883,2026-04-23,14,"calendar_day_rolling_pitch_quality_v1","2026-07-27","2026-07-28 05:38:08 UTC"
"FO","Forkball",37,82.5945945945946,12.9081081081081,-0.467567567567568,2026-04-23,14,"calendar_day_rolling_pitch_quality_v1","2026-07-27","2026-07-28 05:38:08 UTC"
"FS","Splitter",1875,86.0885866666667,8.87621333333333,3.15909333333333,2026-04-23,14,"calendar_day_rolling_pitch_quality_v1","2026-07-27","2026-07-28 05:38:08 UTC"
"KC","Knuckle Curve",893,82.4968645016797,-6.96360582306831,-9.24076147816349,2026-04-23,14,"calendar_day_rolling_pitch_quality_v1","2026-07-27","2026-07-28 05:38:08 UTC"
"KN","Knuckle Ball",52,80.3788461538462,1.98461538461538,-1.79615384615385,2026-04-23,14,"calendar_day_rolling_pitch_quality_v1","2026-07-27","2026-07-28 05:38:08 UTC"
"SI","Sinker",9466,93.8328016057469,5.66167335727868,7.65667652651595,2026-04-23,14,"calendar_day_rolling_pitch_quality_v1","2026-07-27","2026-07-28 05:38:08 UTC"
"SL","Slider",7653,85.9991114595583,-1.56615706258983,1.49312687834836,2026-04-23,14,"calendar_day_rolling_pitch_quality_v1","2026-07-27","2026-07-28 05:38:08 UTC"
"ST","Sweeper",4552,82.6067882249561,-6.75621704745167,1.09200351493849,2026-04-23,14,"calendar_day_rolling_pitch_quality_v1","2026-07-27","2026-07-28 05:38:08 UTC"
"SV","Slurve",288,82.3347222222222,-0.00451388888888889,-4.915625,2026-04-23,14,"calendar_day_rolling_pitch_quality_v1","2026-07-27","2026-07-28 05:38:08 UTC"
"CH","Changeup",6428,86.0960640945862,3.93131611698818,4.10110454262601,2026-04-24,14,"calendar_day_rolling_pitch_quality_v1","2026-07-27","2026-07-28 05:38:08 UTC"
"CS","Slow Curve",11,74.2090909090909,-8.37272727272727,-7.36363636363636,2026-04-24,14,"calendar_day_rolling_pitch_quality_v1","2026-07-27","2026-07-28 05:38:08 UTC"
"CU","Curveball",3724,79.8261278195489,-3.91267454350161,-10.3604189044039,2026-04-24,14,"calendar_day_rolling_pitch_quality_v1","2026-07-27","2026-07-28 05:38:08 UTC"
"EP","Eephus",37,47.8162162162162,1.41891891891892,20.6324324324324,2026-04-24,14,"calendar_day_rolling_pitch_quality_v1","2026-07-27","2026-07-28 05:38:08 UTC"
"FA","Fastball",12,75.8416666666667,8.95,12.4833333333333,2026-04-24,14,"calendar_day_rolling_pitch_quality_v1","2026-07-27","2026-07-28 05:38:08 UTC"
"FC","Cutter",4419,89.3641547861507,-1.24564381081693,8.10663045937995,2026-04-24,14,"calendar_day_rolling_pitch_quality_v1","2026-07-27","2026-07-28 05:38:08 UTC"
"FF","Four-Seam Fastball",16866,94.5700284596229,3.26667259575477,15.9649353729396,2026-04-24,14,"calendar_day_rolling_pitch_quality_v1","2026-07-27","2026-07-28 05:38:08 UTC"
"FO","Forkball",37,82.5945945945946,12.9081081081081,-0.467567567567568,2026-04-24,14,"calendar_day_rolling_pitch_quality_v1","2026-07-27","2026-07-28 05:38:08 UTC"
"FS","Splitter",1884,86.3728768577495,9.18619957537155,3.13412951167728,2026-04-24,14,"calendar_day_rolling_pitch_quality_v1","2026-07-27","2026-07-28 05:38:08 UTC"
"KC","Knuckle Curve",849,82.3745583038869,-6.84746760895171,-9.25948174322733,2026-04-24,14,"calendar_day_rolling_pitch_quality_v1","2026-07-27","2026-07-28 05:38:08 UTC"
"KN","Knuckle Ball",52,80.3788461538462,1.98461538461538,-1.79615384615385,2026-04-24,14,"calendar_day_rolling_pitch_quality_v1","2026-07-27","2026-07-28 05:38:08 UTC"
"SI","Sinker",9230,93.8256013001083,5.70755146262189,7.69913326110509,2026-04-24,14,"calendar_day_rolling_pitch_quality_v1","2026-07-27","2026-07-28 05:38:08 UTC"
"SL","Slider",7531,86.0319745053778,-1.61815163988846,1.50480679856593,2026-04-24,14,"calendar_day_rolling_pitch_quality_v1","2026-07-27","2026-07-28 05:38:08 UTC"
"ST","Sweeper",4519,82.5705244523125,-6.78050453640186,1.16804602788227,2026-04-24,14,"calendar_day_rolling_pitch_quality_v1","2026-07-27","2026-07-28 05:38:08 UTC"
"SV","Slurve",255,82.4101960784314,0.725882352941176,-4.49803921568627,2026-04-24,14,"calendar_day_rolling_pitch_quality_v1","2026-07-27","2026-07-28 05:38:08 UTC"
"CH","Changeup",6434,86.170018650917,3.81050668324526,4.24769972023624,2026-04-25,14,"calendar_day_rolling_pitch_quality_v1","2026-07-27","2026-07-28 05:38:08 UTC"
"CS","Slow Curve",11,74.2090909090909,-8.37272727272727,-7.36363636363636,2026-04-25,14,"calendar_day_rolling_pitch_quality_v1","2026-07-27","2026-07-28 05:38:08 UTC"
"CU","Curveball",3697,79.8995401677035,-4.11360562618339,-10.2781173924804,2026-04-25,14,"calendar_day_rolling_pitch_quality_v1","2026-07-27","2026-07-28 05:38:08 UTC"
"EP","Eephus",57,48.0105263157895,1.33684210526316,20.7385964912281,2026-04-25,14,"calendar_day_rolling_pitch_quality_v1","2026-07-27","2026-07-28 05:38:08 UTC"
"FA","Fastball",24,72.4125,7.62083333333333,12.1,2026-04-25,14,"calendar_day_rolling_pitch_quality_v1","2026-07-27","2026-07-28 05:38:08 UTC"
"FC","Cutter",4367,89.4097549805358,-1.37945958323792,8.0379665674376,2026-04-25,14,"calendar_day_rolling_pitch_quality_v1","2026-07-27","2026-07-28 05:38:08 UTC"
"FF","Four-Seam Fastball",17544,94.6109097127223,3.15739284085727,15.934296625627,2026-04-25,14,"calendar_day_rolling_pitch_quality_v1","2026-07-27","2026-07-28 05:38:08 UTC"
"FO","Forkball",16,82.58125,9.96875,1.19375,2026-04-25,14,"calendar_day_rolling_pitch_quality_v1","2026-07-27","2026-07-28 05:38:08 UTC"
"FS","Splitter",2000,86.4639,9.17815,2.93195,2026-04-25,14,"calendar_day_rolling_pitch_quality_v1","2026-07-27","2026-07-28 05:38:08 UTC"
"KC","Knuckle Curve",933,82.2708467309754,-6.29024651661308,-9.14833869239014,2026-04-25,14,"calendar_day_rolling_pitch_quality_v1","2026-07-27","2026-07-28 05:38:08 UTC"
"KN","Knuckle Ball",52,80.3788461538462,1.98461538461538,-1.79615384615385,2026-04-25,14,"calendar_day_rolling_pitch_quality_v1","2026-07-27","2026-07-28 05:38:08 UTC"
"SI","Sinker",9148,93.8749125491911,5.67542632269349,7.62998469610844,2026-04-25,14,"calendar_day_rolling_pitch_quality_v1","2026-07-27","2026-07-28 05:38:08 UTC"
"SL","Slider",7901,86.0286039741805,-1.7322111125174,1.48677382609796,2026-04-25,14,"calendar_day_rolling_pitch_quality_v1","2026-07-27","2026-07-28 05:38:08 UTC"
"ST","Sweeper",4514,82.584869295525,-6.39853788214444,1.17523260965884,2026-04-25,14,"calendar_day_rolling_pitch_quality_v1","2026-07-27","2026-07-28 05:38:08 UTC"
"SV","Slurve",224,82.4915178571429,-0.564285714285714,-4.60803571428571,2026-04-25,14,"calendar_day_rolling_pitch_quality_v1","2026-07-27","2026-07-28 05:38:08 UTC"
"CH","Changeup",6343,86.1670818224815,3.77411319564875,4.17527983603973,2026-04-26,14,"calendar_day_rolling_pitch_quality_v1","2026-07-27","2026-07-28 05:38:08 UTC"
"CS","Slow Curve",16,72.30625,-9.6625,-5.55,2026-04-26,14,"calendar_day_rolling_pitch_quality_v1","2026-07-27","2026-07-28 05:38:08 UTC"
"CU","Curveball",3652,79.835843373494,-4.30309419496166,-10.371412924425,2026-04-26,14,"calendar_day_rolling_pitch_quality_v1","2026-07-27","2026-07-28 05:38:08 UTC"
"EP","Eephus",57,48.0105263157895,1.33684210526316,20.7385964912281,2026-04-26,14,"calendar_day_rolling_pitch_quality_v1","2026-07-27","2026-07-28 05:38:08 UTC"
"FA","Fastball",21,72.6285714285714,6.86666666666667,12.552380952381,2026-04-26,14,"calendar_day_rolling_pitch_quality_v1","2026-07-27","2026-07-28 05:38:08 UTC"
"FC","Cutter",4202,89.4160161827701,-1.20637791527844,8.00625892432175,2026-04-26,14,"calendar_day_rolling_pitch_quality_v1","2026-07-27","2026-07-28 05:38:08 UTC"
"FF","Four-Seam Fastball",17204,94.5902755173216,3.11744361776331,15.8614333875843,2026-04-26,14,"calendar_day_rolling_pitch_quality_v1","2026-07-27","2026-07-28 05:38:08 UTC"
"FO","Forkball",29,82.3413793103448,10.8413793103448,0.706896551724138,2026-04-26,14,"calendar_day_rolling_pitch_quality_v1","2026-07-27","2026-07-28 05:38:08 UTC"
"FS","Splitter",1966,86.3346897253306,9.09374364191251,3.1675483214649,2026-04-26,14,"calendar_day_rolling_pitch_quality_v1","2026-07-27","2026-07-28 05:38:08 UTC"
"FT","Two-Seam Fastball",13,97.1384615384615,1.12307692307692,7.23846153846154,2026-04-26,14,"calendar_day_rolling_pitch_quality_v1","2026-07-27","2026-07-28 05:38:08 UTC"
"KC","Knuckle Curve",925,82.0274594594595,-6.61037837837838,-9.5107027027027,2026-04-26,14,"calendar_day_rolling_pitch_quality_v1","2026-07-27","2026-07-28 05:38:08 UTC"
"KN","Knuckle Ball",52,80.3788461538462,1.98461538461538,-1.79615384615385,2026-04-26,14,"calendar_day_rolling_pitch_quality_v1","2026-07-27","2026-07-28 05:38:08 UTC"
"SI","Sinker",9156,93.8155744866754,5.63756006989952,7.55474006116208,2026-04-26,14,"calendar_day_rolling_pitch_quality_v1","2026-07-27","2026-07-28 05:38:08 UTC"
"SL","Slider",7786,85.9323400976111,-1.71803236578474,1.42238633444644,2026-04-26,14,"calendar_day_rolling_pitch_quality_v1","2026-07-27","2026-07-28 05:38:08 UTC"
"ST","Sweeper",4485,82.6204013377926,-6.09253065774805,0.971505016722408,2026-04-26,14,"calendar_day_rolling_pitch_quality_v1","2026-07-27","2026-07-28 05:38:08 UTC"
"SV","Slurve",272,82.1036764705882,0.852941176470588,-4.52022058823529,2026-04-26,14,"calendar_day_rolling_pitch_quality_v1","2026-07-27","2026-07-28 05:38:08 UTC"
"CH","Changeup",6233,86.1427723407669,3.56070912883042,4.16335632921547,2026-04-27,14,"calendar_day_rolling_pitch_quality_v1","2026-07-27","2026-07-28 05:38:08 UTC"
"CS","Slow Curve",16,72.30625,-9.6625,-5.55,2026-04-27,14,"calendar_day_rolling_pitch_quality_v1","2026-07-27","2026-07-28 05:38:08 UTC"
"CU","Curveball",3573,79.8607892527288,-4.1677861740834,-10.4439966414777,2026-04-27,14,"calendar_day_rolling_pitch_quality_v1","2026-07-27","2026-07-28 05:38:08 UTC"
"EP","Eephus",57,48.0105263157895,1.33684210526316,20.7385964912281,2026-04-27,14,"calendar_day_rolling_pitch_quality_v1","2026-07-27","2026-07-28 05:38:08 UTC"
"FA","Fastball",21,72.6285714285714,6.86666666666667,12.552380952381,2026-04-27,14,"calendar_day_rolling_pitch_quality_v1","2026-07-27","2026-07-28 05:38:08 UTC"
"FC","Cutter",4116,89.4268950437318,-1.21034985422741,8.03360058309038,2026-04-27,14,"calendar_day_rolling_pitch_quality_v1","2026-07-27","2026-07-28 05:38:08 UTC"
"FF","Four-Seam Fastball",16857,94.6033873168417,3.08912024678175,15.8336655395385,2026-04-27,14,"calendar_day_rolling_pitch_quality_v1","2026-07-27","2026-07-28 05:38:08 UTC"
"FO","Forkball",29,82.3413793103448,10.8413793103448,0.706896551724138,2026-04-27,14,"calendar_day_rolling_pitch_quality_v1","2026-07-27","2026-07-28 05:38:08 UTC"
"FS","Splitter",1872,86.4413461538462,9.16410256410257,3.01426282051282,2026-04-27,14,"calendar_day_rolling_pitch_quality_v1","2026-07-27","2026-07-28 05:38:08 UTC"
"FT","Two-Seam Fastball",13,97.1384615384615,1.12307692307692,7.23846153846154,2026-04-27,14,"calendar_day_rolling_pitch_quality_v1","2026-07-27","2026-07-28 05:38:08 UTC"
"KC","Knuckle Curve",914,81.9645514223195,-6.44365426695842,-9.44879649890591,2026-04-27,14,"calendar_day_rolling_pitch_quality_v1","2026-07-27","2026-07-28 05:38:08 UTC"
"KN","Knuckle Ball",52,80.3788461538462,1.98461538461538,-1.79615384615385,2026-04-27,14,"calendar_day_rolling_pitch_quality_v1","2026-07-27","2026-07-28 05:38:08 UTC"
"SI","Sinker",9110,93.814248079034,5.54666300768386,7.58113062568606,2026-04-27,14,"calendar_day_rolling_pitch_quality_v1","2026-07-27","2026-07-28 05:38:08 UTC"
"SL","Slider",7565,85.9783608724389,-1.70812954395241,1.43361533377396,2026-04-27,14,"calendar_day_rolling_pitch_quality_v1","2026-07-27","2026-07-28 05:38:08 UTC"
"ST","Sweeper",4414,82.5858405074762,-5.98821930222021,0.9843452650657,2026-04-27,14,"calendar_day_rolling_pitch_quality_v1","2026-07-27","2026-07-28 05:38:08 UTC"
"SV","Slurve",272,82.1036764705882,0.852941176470588,-4.52022058823529,2026-04-27,14,"calendar_day_rolling_pitch_quality_v1","2026-07-27","2026-07-28 05:38:08 UTC"
"CH","Changeup",6241,86.0486300272392,3.80198686107996,4.15169043422528,2026-04-28,14,"calendar_day_rolling_pitch_quality_v1","2026-07-27","2026-07-28 05:38:08 UTC"
"CS","Slow Curve",16,72.30625,-9.6625,-5.55,2026-04-28,14,"calendar_day_rolling_pitch_quality_v1","2026-07-27","2026-07-28 05:38:08 UTC"
"CU","Curveball",3564,79.9083613916947,-4.38827160493827,-10.375645342312,2026-04-28,14,"calendar_day_rolling_pitch_quality_v1","2026-07-27","2026-07-28 05:38:08 UTC"
"EP","Eephus",60,47.1516666666667,1.42166666666667,20.9516666666667,2026-04-28,14,"calendar_day_rolling_pitch_quality_v1","2026-07-27","2026-07-28 05:38:08 UTC"
"FA","Fastball",21,72.6285714285714,6.86666666666667,12.552380952381,2026-04-28,14,"calendar_day_rolling_pitch_quality_v1","2026-07-27","2026-07-28 05:38:08 UTC"
"FC","Cutter",4316,89.4297265987025,-1.25502780352178,8.02423540315107,2026-04-28,14,"calendar_day_rolling_pitch_quality_v1","2026-07-27","2026-07-28 05:38:08 UTC"
"FF","Four-Seam Fastball",16706,94.6173171315695,3.25505806297139,15.8682509278104,2026-04-28,14,"calendar_day_rolling_pitch_quality_v1","2026-07-27","2026-07-28 05:38:08 UTC"
"FO","Forkball",29,82.3413793103448,10.8413793103448,0.706896551724138,2026-04-28,14,"calendar_day_rolling_pitch_quality_v1","2026-07-27","2026-07-28 05:38:08 UTC"
"FS","Splitter",1939,86.4302733367715,9.24115523465704,3.09638989169675,2026-04-28,14,"calendar_day_rolling_pitch_quality_v1","2026-07-27","2026-07-28 05:38:08 UTC"
"FT","Two-Seam Fastball",13,97.1384615384615,1.12307692307692,7.23846153846154,2026-04-28,14,"calendar_day_rolling_pitch_quality_v1","2026-07-27","2026-07-28 05:38:08 UTC"
"KC","Knuckle Curve",945,82.1814814814815,-6.52465608465609,-9.40539682539683,2026-04-28,14,"calendar_day_rolling_pitch_quality_v1","2026-07-27","2026-07-28 05:38:08 UTC"
"KN","Knuckle Ball",52,80.3788461538462,1.98461538461538,-1.79615384615385,2026-04-28,14,"calendar_day_rolling_pitch_quality_v1","2026-07-27","2026-07-28 05:38:08 UTC"
"SI","Sinker",9205,93.81453557849,5.56231395980445,7.53887017925041,2026-04-28,14,"calendar_day_rolling_pitch_quality_v1","2026-07-27","2026-07-28 05:38:08 UTC"
"SL","Slider",7448,86.0085929108485,-1.80892857142857,1.50570622986037,2026-04-28,14,"calendar_day_rolling_pitch_quality_v1","2026-07-27","2026-07-28 05:38:08 UTC"
"ST","Sweeper",4446,82.5794646873594,-5.94127305443095,0.896918578497526,2026-04-28,14,"calendar_day_rolling_pitch_quality_v1","2026-07-27","2026-07-28 05:38:08 UTC"
"SV","Slurve",302,82.2847682119205,0.972516556291391,-4.59238410596026,2026-04-28,14,"calendar_day_rolling_pitch_quality_v1","2026-07-27","2026-07-28 05:38:08 UTC"
"UN","Unknown",1,39.3,-6.7,27.7,2026-04-28,14,"calendar_day_rolling_pitch_quality_v1","2026-07-27","2026-07-28 05:38:08 UTC"
"CH","Changeup",6316,86.1438568714376,3.78651044965168,4.13750791640279,2026-04-29,14,"calendar_day_rolling_pitch_quality_v1","2026-07-27","2026-07-28 05:38:08 UTC"
"CS","Slow Curve",15,72.4533333333333,-9.06666666666667,-5.72,2026-04-29,14,"calendar_day_rolling_pitch_quality_v1","2026-07-27","2026-07-28 05:38:08 UTC"
"CU","Curveball",3714,79.9232094776521,-4.45702746365105,-10.3659666128164,2026-04-29,14,"calendar_day_rolling_pitch_quality_v1","2026-07-27","2026-07-28 05:38:08 UTC"
"EP","Eephus",45,44.9711111111111,1.47333333333333,20.9288888888889,2026-04-29,14,"calendar_day_rolling_pitch_quality_v1","2026-07-27","2026-07-28 05:38:08 UTC"
"FA","Fastball",22,71.5454545454545,6.61818181818182,12.7954545454545,2026-04-29,14,"calendar_day_rolling_pitch_quality_v1","2026-07-27","2026-07-28 05:38:08 UTC"
"FC","Cutter",4457,89.3991025353377,-1.35932241417994,7.98981377608257,2026-04-29,14,"calendar_day_rolling_pitch_quality_v1","2026-07-27","2026-07-28 05:38:08 UTC"
"FF","Four-Seam Fastball",16767,94.658024691358,3.25611618059283,15.8750462217451,2026-04-29,14,"calendar_day_rolling_pitch_quality_v1","2026-07-27","2026-07-28 05:38:08 UTC"
"FO","Forkball",29,82.3413793103448,10.8413793103448,0.706896551724138,2026-04-29,14,"calendar_day_rolling_pitch_quality_v1","2026-07-27","2026-07-28 05:38:08 UTC"
"FS","Splitter",1969,86.4396140172677,9.65611985779584,3.18181818181818,2026-04-29,14,"calendar_day_rolling_pitch_quality_v1","2026-07-27","2026-07-28 05:38:08 UTC"
"FT","Two-Seam Fastball",13,97.1384615384615,1.12307692307692,7.23846153846154,2026-04-29,14,"calendar_day_rolling_pitch_quality_v1","2026-07-27","2026-07-28 05:38:08 UTC"
"KC","Knuckle Curve",1002,82.1994011976048,-6.62435129740519,-9.79740518962076,2026-04-29,14,"calendar_day_rolling_pitch_quality_v1","2026-07-27","2026-07-28 05:38:08 UTC"
"KN","Knuckle Ball",98,76.7275510204082,1.69489795918367,-0.813265306122449,2026-04-29,14,"calendar_day_rolling_pitch_quality_v1","2026-07-27","2026-07-28 05:38:08 UTC"
"SI","Sinker",9217,93.8824671802105,5.70736682217641,7.68727351632852,2026-04-29,14,"calendar_day_rolling_pitch_quality_v1","2026-07-27","2026-07-28 05:38:08 UTC"
"SL","Slider",7379,86.0418213850115,-1.70084022225234,1.46338257216425,2026-04-29,14,"calendar_day_rolling_pitch_quality_v1","2026-07-27","2026-07-28 05:38:08 UTC"
"ST","Sweeper",4535,82.5548621830209,-6.38471885336273,0.970033076074972,2026-04-29,14,"calendar_day_rolling_pitch_quality_v1","2026-07-27","2026-07-28 05:38:08 UTC"
"SV","Slurve",288,82.1420138888889,1.39930555555556,-4.67083333333333,2026-04-29,14,"calendar_day_rolling_pitch_quality_v1","2026-07-27","2026-07-28 05:38:08 UTC"
"UN","Unknown",1,39.3,-6.7,27.7,2026-04-29,14,"calendar_day_rolling_pitch_quality_v1","2026-07-27","2026-07-28 05:38:08 UTC"
"CH","Changeup",6322,86.1176210060108,4.09678899082569,4.13478329642518,2026-04-30,14,"calendar_day_rolling_pitch_quality_v1","2026-07-27","2026-07-28 05:38:08 UTC"
"CS","Slow Curve",15,72.4533333333333,-9.06666666666667,-5.72,2026-04-30,14,"calendar_day_rolling_pitch_quality_v1","2026-07-27","2026-07-28 05:38:08 UTC"
"CU","Curveball",3680,79.8717391304348,-4.07149456521739,-10.4485597826087,2026-04-30,14,"calendar_day_rolling_pitch_quality_v1","2026-07-27","2026-07-28 05:38:08 UTC"
"EP","Eephus",65,42.4338461538462,2.03692307692308,22.1046153846154,2026-04-30,14,"calendar_day_rolling_pitch_quality_v1","2026-07-27","2026-07-28 05:38:08 UTC"
"FA","Fastball",22,70.8818181818182,6.6,12.7318181818182,2026-04-30,14,"calendar_day_rolling_pitch_quality_v1","2026-07-27","2026-07-28 05:38:08 UTC"
"FC","Cutter",4383,89.4195984485512,-1.37113848961898,8.08252338580881,2026-04-30,14,"calendar_day_rolling_pitch_quality_v1","2026-07-27","2026-07-28 05:38:08 UTC"
"FF","Four-Seam Fastball",16693,94.614035823399,3.37610375606542,15.9114718744384,2026-04-30,14,"calendar_day_rolling_pitch_quality_v1","2026-07-27","2026-07-28 05:38:08 UTC"
"FO","Forkball",29,82.3413793103448,10.8413793103448,0.706896551724138,2026-04-30,14,"calendar_day_rolling_pitch_quality_v1","2026-07-27","2026-07-28 05:38:08 UTC"
"FS","Splitter",1999,86.5465232616308,9.91255627813907,3.19704852426213,2026-04-30,14,"calendar_day_rolling_pitch_quality_v1","2026-07-27","2026-07-28 05:38:08 UTC"
"FT","Two-Seam Fastball",13,97.1384615384615,1.12307692307692,7.23846153846154,2026-04-30,14,"calendar_day_rolling_pitch_quality_v1","2026-07-27","2026-07-28 05:38:08 UTC"
"KC","Knuckle Curve",989,82.0491405460061,-6.82275025278059,-9.89868554095045,2026-04-30,14,"calendar_day_rolling_pitch_quality_v1","2026-07-27","2026-07-28 05:38:08 UTC"
"KN","Knuckle Ball",98,76.7275510204082,1.69489795918367,-0.813265306122449,2026-04-30,14,"calendar_day_rolling_pitch_quality_v1","2026-07-27","2026-07-28 05:38:08 UTC"
"SI","Sinker",9216,93.8750651041667,5.81843532986111,7.68607855902778,2026-04-30,14,"calendar_day_rolling_pitch_quality_v1","2026-07-27","2026-07-28 05:38:08 UTC"
"SL","Slider",7293,86.0444947209653,-1.65494309611957,1.51804470039764,2026-04-30,14,"calendar_day_rolling_pitch_quality_v1","2026-07-27","2026-07-28 05:38:08 UTC"
"ST","Sweeper",4615,82.5498374864572,-6.42561213434453,1.01605633802817,2026-04-30,14,"calendar_day_rolling_pitch_quality_v1","2026-07-27","2026-07-28 05:38:08 UTC"
"SV","Slurve",302,82.0466887417219,-1.06523178807947,-5.13046357615894,2026-04-30,14,"calendar_day_rolling_pitch_quality_v1","2026-07-27","2026-07-28 05:38:08 UTC"
"UN","Unknown",1,39.3,-6.7,27.7,2026-04-30,14,"calendar_day_rolling_pitch_quality_v1","2026-07-27","2026-07-28 05:38:08 UTC"
"CH","Changeup",6162,86.1178513469653,3.70973709834469,4.23279779292438,2026-05-01,14,"calendar_day_rolling_pitch_quality_v1","2026-07-27","2026-07-28 05:38:08 UTC"
"CS","Slow Curve",15,72.4533333333333,-9.06666666666667,-5.72,2026-05-01,14,"calendar_day_rolling_pitch_quality_v1","2026-07-27","2026-07-28 05:38:08 UTC"
"CU","Curveball",3714,79.9960150780829,-3.92754442649435,-10.4448842218632,2026-05-01,14,"calendar_day_rolling_pitch_quality_v1","2026-07-27","2026-07-28 05:38:08 UTC"
"EP","Eephus",69,42.2927536231884,1.95507246376812,21.9913043478261,2026-05-01,14,"calendar_day_rolling_pitch_quality_v1","2026-07-27","2026-07-28 05:38:08 UTC"
"FA","Fastball",22,70.8818181818182,6.6,12.7318181818182,2026-05-01,14,"calendar_day_rolling_pitch_quality_v1","2026-07-27","2026-07-28 05:38:08 UTC"
"FC","Cutter",4221,89.4087420042644,-1.324188580905,8.05479744136461,2026-05-01,14,"calendar_day_rolling_pitch_quality_v1","2026-07-27","2026-07-28 05:38:08 UTC"
"FF","Four-Seam Fastball",16699,94.5999341277921,3.31097670519193,15.940481465956,2026-05-01,14,"calendar_day_rolling_pitch_quality_v1","2026-07-27","2026-07-28 05:38:08 UTC"
"FO","Forkball",13,82.0461538461538,11.9153846153846,0.107692307692308,2026-05-01,14,"calendar_day_rolling_pitch_quality_v1","2026-07-27","2026-07-28 05:38:08 UTC"
"FS","Splitter",1944,86.4790637860082,9.82875514403292,3.18554526748971,2026-05-01,14,"calendar_day_rolling_pitch_quality_v1","2026-07-27","2026-07-28 05:38:08 UTC"
"FT","Two-Seam Fastball",13,97.1384615384615,1.12307692307692,7.23846153846154,2026-05-01,14,"calendar_day_rolling_pitch_quality_v1","2026-07-27","2026-07-28 05:38:08 UTC"
"KC","Knuckle Curve",992,81.9631048387097,-6.72741935483871,-9.83780241935484,2026-05-01,14,"calendar_day_rolling_pitch_quality_v1","2026-07-27","2026-07-28 05:38:08 UTC"
"KN","Knuckle Ball",105,75.2685714285714,1.46380952380952,-0.525714285714286,2026-05-01,14,"calendar_day_rolling_pitch_quality_v1","2026-07-27","2026-07-28 05:38:08 UTC"
"SI","Sinker",9033,93.849706631241,5.57887744935237,7.6480349828407,2026-05-01,14,"calendar_day_rolling_pitch_quality_v1","2026-07-27","2026-07-28 05:38:08 UTC"
"SL","Slider",7336,86.0172846237732,-1.67719465648855,1.553653217012,2026-05-01,14,"calendar_day_rolling_pitch_quality_v1","2026-07-27","2026-07-28 05:38:08 UTC"
"ST","Sweeper",4510,82.5363414634146,-6.28139689578714,1.03250554323725,2026-05-01,14,"calendar_day_rolling_pitch_quality_v1","2026-07-27","2026-07-28 05:38:08 UTC"
"SV","Slurve",306,82.0977124183007,-0.828104575163399,-5.05686274509804,2026-05-01,14,"calendar_day_rolling_pitch_quality_v1","2026-07-27","2026-07-28 05:38:08 UTC"
"UN","Unknown",1,39.3,-6.7,27.7,2026-05-01,14,"calendar_day_rolling_pitch_quality_v1","2026-07-27","2026-07-28 05:38:08 UTC"
"CH","Changeup",6040,86.05,3.79692052980132,4.20745033112583,2026-05-02,14,"calendar_day_rolling_pitch_quality_v1","2026-07-27","2026-07-28 05:38:08 UTC"
"CS","Slow Curve",8,70.2875,-11.5,-3.5,2026-05-02,14,"calendar_day_rolling_pitch_quality_v1","2026-07-27","2026-07-28 05:38:08 UTC"
"CU","Curveball",3632,79.9232378854626,-4.05195484581498,-10.4665198237885,2026-05-02,14,"calendar_day_rolling_pitch_quality_v1","2026-07-27","2026-07-28 05:38:08 UTC"
"EP","Eephus",90,41.7155555555556,1.23222222222222,21.1766666666667,2026-05-02,14,"calendar_day_rolling_pitch_quality_v1","2026-07-27","2026-07-28 05:38:08 UTC"
"FA","Fastball",26,68.0346153846154,4.88076923076923,12.5653846153846,2026-05-02,14,"calendar_day_rolling_pitch_quality_v1","2026-07-27","2026-07-28 05:38:08 UTC"
"FC","Cutter",3948,89.4142350557244,-1.15341945288754,8.01165146909828,2026-05-02,14,"calendar_day_rolling_pitch_quality_v1","2026-07-27","2026-07-28 05:38:08 UTC"
"FF","Four-Seam Fastball",16695,94.6109493860437,3.08150344414495,15.941407607068,2026-05-02,14,"calendar_day_rolling_pitch_quality_v1","2026-07-27","2026-07-28 05:38:08 UTC"
"FO","Forkball",13,82.0461538461538,11.9153846153846,0.107692307692308,2026-05-02,14,"calendar_day_rolling_pitch_quality_v1","2026-07-27","2026-07-28 05:38:08 UTC"
"FS","Splitter",1923,86.4579303172127,9.17061882475299,3.02308892355694,2026-05-02,14,"calendar_day_rolling_pitch_quality_v1","2026-07-27","2026-07-28 05:38:08 UTC"
"FT","Two-Seam Fastball",13,97.1384615384615,1.12307692307692,7.23846153846154,2026-05-02,14,"calendar_day_rolling_pitch_quality_v1","2026-07-27","2026-07-28 05:38:08 UTC"
"KC","Knuckle Curve",931,82.0293233082707,-6.15177228786251,-9.38055853920516,2026-05-02,14,"calendar_day_rolling_pitch_quality_v1","2026-07-27","2026-07-28 05:38:08 UTC"
"KN","Knuckle Ball",77,72.1467532467532,0.885714285714286,0.605194805194805,2026-05-02,14,"calendar_day_rolling_pitch_quality_v1","2026-07-27","2026-07-28 05:38:08 UTC"
"SI","Sinker",8887,93.8213682907618,5.32863733543378,7.6312253853944,2026-05-02,14,"calendar_day_rolling_pitch_quality_v1","2026-07-27","2026-07-28 05:38:08 UTC"
"SL","Slider",7492,86.0318606513614,-1.75835557928457,1.69973304858516,2026-05-02,14,"calendar_day_rolling_pitch_quality_v1","2026-07-27","2026-07-28 05:38:08 UTC"
"ST","Sweeper",4404,82.5458219800182,-5.97120799273388,0.925022706630336,2026-05-02,14,"calendar_day_rolling_pitch_quality_v1","2026-07-27","2026-07-28 05:38:08 UTC"
"SV","Slurve",295,82.0542372881356,1.69525423728814,-4.36101694915254,2026-05-02,14,"calendar_day_rolling_pitch_quality_v1","2026-07-27","2026-07-28 05:38:08 UTC"
"UN","Unknown",1,39.3,-6.7,27.7,2026-05-02,14,"calendar_day_rolling_pitch_quality_v1","2026-07-27","2026-07-28 05:38:08 UTC"
"CH","Changeup",6034,86.0311733510109,3.48357640039775,4.00356314219423,2026-05-03,14,"calendar_day_rolling_pitch_quality_v1","2026-07-27","2026-07-28 05:38:08 UTC"
"CS","Slow Curve",12,69.8666666666667,-13.65,-3.425,2026-05-03,14,"calendar_day_rolling_pitch_quality_v1","2026-07-27","2026-07-28 05:38:08 UTC"
"CU","Curveball",3687,79.8702739354489,-4.49989151071332,-10.4518578790344,2026-05-03,14,"calendar_day_rolling_pitch_quality_v1","2026-07-27","2026-07-28 05:38:08 UTC"
"EP","Eephus",90,41.7155555555556,1.23222222222222,21.1766666666667,2026-05-03,14,"calendar_day_rolling_pitch_quality_v1","2026-07-27","2026-07-28 05:38:08 UTC"
"FA","Fastball",25,67.368,4.84,12.708,2026-05-03,14,"calendar_day_rolling_pitch_quality_v1","2026-07-27","2026-07-28 05:38:08 UTC"
"FC","Cutter",4096,89.4416748046875,-1.1976806640625,8.1367431640625,2026-05-03,14,"calendar_day_rolling_pitch_quality_v1","2026-07-27","2026-07-28 05:38:08 UTC"
"FF","Four-Seam Fastball",16451,94.610187830527,3.19569023159686,15.8804328004377,2026-05-03,14,"calendar_day_rolling_pitch_quality_v1","2026-07-27","2026-07-28 05:38:08 UTC"
"FO","Forkball",13,82.0461538461538,11.9153846153846,0.107692307692308,2026-05-03,14,"calendar_day_rolling_pitch_quality_v1","2026-07-27","2026-07-28 05:38:08 UTC"
"FS","Splitter",1918,86.3952033368092,9.55135557872784,3.11522419186653,2026-05-03,14,"calendar_day_rolling_pitch_quality_v1","2026-07-27","2026-07-28 05:38:08 UTC"
"FT","Two-Seam Fastball",13,97.1384615384615,1.12307692307692,7.23846153846154,2026-05-03,14,"calendar_day_rolling_pitch_quality_v1","2026-07-27","2026-07-28 05:38:08 UTC"
"KC","Knuckle Curve",921,81.9370249728556,-6.30369163952226,-9.70922909880565,2026-05-03,14,"calendar_day_rolling_pitch_quality_v1","2026-07-27","2026-07-28 05:38:08 UTC"
"KN","Knuckle Ball",77,72.1467532467532,0.885714285714286,0.605194805194805,2026-05-03,14,"calendar_day_rolling_pitch_quality_v1","2026-07-27","2026-07-28 05:38:08 UTC"
"SI","Sinker",9003,93.8436965455959,5.37856270132178,7.48869265800289,2026-05-03,14,"calendar_day_rolling_pitch_quality_v1","2026-07-27","2026-07-28 05:38:08 UTC"
"SL","Slider",7427,85.9735828733001,-1.69478928234819,1.53279924599434,2026-05-03,14,"calendar_day_rolling_pitch_quality_v1","2026-07-27","2026-07-28 05:38:08 UTC"
"ST","Sweeper",4454,82.601347103727,-5.76971261787158,0.869420745397396,2026-05-03,14,"calendar_day_rolling_pitch_quality_v1","2026-07-27","2026-07-28 05:38:08 UTC"
"SV","Slurve",310,81.9951612903226,0.888387096774194,-4.44709677419355,2026-05-03,14,"calendar_day_rolling_pitch_quality_v1","2026-07-27","2026-07-28 05:38:08 UTC"
"UN","Unknown",1,39.3,-6.7,27.7,2026-05-03,14,"calendar_day_rolling_pitch_quality_v1","2026-07-27","2026-07-28 05:38:08 UTC"
"CH","Changeup",6133,86.048377629219,3.58190119028208,4.03246372085439,2026-05-04,14,"calendar_day_rolling_pitch_quality_v1","2026-07-27","2026-07-28 05:38:08 UTC"
"CS","Slow Curve",11,69.8727272727273,-13.8,-3.55454545454545,2026-05-04,14,"calendar_day_rolling_pitch_quality_v1","2026-07-27","2026-07-28 05:38:08 UTC"
"CU","Curveball",3686,79.9341291372762,-4.23646228974498,-10.4128323385784,2026-05-04,14,"calendar_day_rolling_pitch_quality_v1","2026-07-27","2026-07-28 05:38:08 UTC"
"EP","Eephus",90,41.7155555555556,1.23222222222222,21.1766666666667,2026-05-04,14,"calendar_day_rolling_pitch_quality_v1","2026-07-27","2026-07-28 05:38:08 UTC"
"FA","Fastball",27,67.3814814814815,5.77037037037037,12.4074074074074,2026-05-04,14,"calendar_day_rolling_pitch_quality_v1","2026-07-27","2026-07-28 05:38:08 UTC"
"FC","Cutter",4142,89.5198696281989,-1.23309995171415,8.17423949782714,2026-05-04,14,"calendar_day_rolling_pitch_quality_v1","2026-07-27","2026-07-28 05:38:08 UTC"
"FF","Four-Seam Fastball",16460,94.633517618469,3.14206561360875,15.8650607533414,2026-05-04,14,"calendar_day_rolling_pitch_quality_v1","2026-07-27","2026-07-28 05:38:08 UTC"
"FO","Forkball",13,82.0461538461538,11.9153846153846,0.107692307692308,2026-05-04,14,"calendar_day_rolling_pitch_quality_v1","2026-07-27","2026-07-28 05:38:08 UTC"
"FS","Splitter",1909,86.3519643792561,9.51471974855945,3.17370350969094,2026-05-04,14,"calendar_day_rolling_pitch_quality_v1","2026-07-27","2026-07-28 05:38:08 UTC"
"FT","Two-Seam Fastball",13,97.1384615384615,1.12307692307692,7.23846153846154,2026-05-04,14,"calendar_day_rolling_pitch_quality_v1","2026-07-27","2026-07-28 05:38:08 UTC"
"KC","Knuckle Curve",946,82.164799154334,-6.3708245243129,-9.79873150105708,2026-05-04,14,"calendar_day_rolling_pitch_quality_v1","2026-07-27","2026-07-28 05:38:08 UTC"
"KN","Knuckle Ball",77,72.1467532467532,0.885714285714286,0.605194805194805,2026-05-04,14,"calendar_day_rolling_pitch_quality_v1","2026-07-27","2026-07-28 05:38:08 UTC"
"SI","Sinker",8993,93.9066384966085,5.18908039586345,7.51774713666185,2026-05-04,14,"calendar_day_rolling_pitch_quality_v1","2026-07-27","2026-07-28 05:38:08 UTC"
"SL","Slider",7349,86.0087222751395,-1.63171860117023,1.55464689073343,2026-05-04,14,"calendar_day_rolling_pitch_quality_v1","2026-07-27","2026-07-28 05:38:08 UTC"
"ST","Sweeper",4362,82.6095827602017,-5.50903255387437,0.933585511233379,2026-05-04,14,"calendar_day_rolling_pitch_quality_v1","2026-07-27","2026-07-28 05:38:08 UTC"
"SV","Slurve",312,82.0557692307692,0.933333333333333,-4.39775641025641,2026-05-04,14,"calendar_day_rolling_pitch_quality_v1","2026-07-27","2026-07-28 05:38:08 UTC"
"UN","Unknown",1,39.3,-6.7,27.7,2026-05-04,14,"calendar_day_rolling_pitch_quality_v1","2026-07-27","2026-07-28 05:38:08 UTC"
"CH","Changeup",6006,86.1538128538129,3.88241758241758,4.03777888777889,2026-05-05,14,"calendar_day_rolling_pitch_quality_v1","2026-07-27","2026-07-28 05:38:08 UTC"
"CS","Slow Curve",11,69.8727272727273,-13.8,-3.55454545454545,2026-05-05,14,"calendar_day_rolling_pitch_quality_v1","2026-07-27","2026-07-28 05:38:08 UTC"
"CU","Curveball",3706,79.9140043173233,-4.6417970858068,-10.5004856988667,2026-05-05,14,"calendar_day_rolling_pitch_quality_v1","2026-07-27","2026-07-28 05:38:08 UTC"
"EP","Eephus",84,40.947619047619,1.50714285714286,21.4297619047619,2026-05-05,14,"calendar_day_rolling_pitch_quality_v1","2026-07-27","2026-07-28 05:38:08 UTC"
"FA","Fastball",20,64.31,5.17,12.01,2026-05-05,14,"calendar_day_rolling_pitch_quality_v1","2026-07-27","2026-07-28 05:38:08 UTC"
"FC","Cutter",4258,89.5140911225928,-1.33496946923438,8.18262094880225,2026-05-05,14,"calendar_day_rolling_pitch_quality_v1","2026-07-27","2026-07-28 05:38:08 UTC"
"FF","Four-Seam Fastball",16139,94.6777061775823,3.4050065059793,15.8424499659211,2026-05-05,14,"calendar_day_rolling_pitch_quality_v1","2026-07-27","2026-07-28 05:38:08 UTC"
"FO","Forkball",13,82.0461538461538,11.9153846153846,0.107692307692308,2026-05-05,14,"calendar_day_rolling_pitch_quality_v1","2026-07-27","2026-07-28 05:38:08 UTC"
"FS","Splitter",1959,86.5183256763655,9.93256763654926,3.05043389484431,2026-05-05,14,"calendar_day_rolling_pitch_quality_v1","2026-07-27","2026-07-28 05:38:08 UTC"
"FT","Two-Seam Fastball",13,97.1384615384615,1.12307692307692,7.23846153846154,2026-05-05,14,"calendar_day_rolling_pitch_quality_v1","2026-07-27","2026-07-28 05:38:08 UTC"
"KC","Knuckle Curve",923,82.1288190682557,-6.42773564463705,-9.75135427952329,2026-05-05,14,"calendar_day_rolling_pitch_quality_v1","2026-07-27","2026-07-28 05:38:08 UTC"
"KN","Knuckle Ball",76,72.2868421052632,1.01710526315789,0.446052631578947,2026-05-05,14,"calendar_day_rolling_pitch_quality_v1","2026-07-27","2026-07-28 05:38:08 UTC"
"SI","Sinker",9067,93.950347413698,5.85126282121981,7.44118230947392,2026-05-05,14,"calendar_day_rolling_pitch_quality_v1","2026-07-27","2026-07-28 05:38:08 UTC"
"SL","Slider",7251,86.0204109777962,-1.72304509722797,1.55164804854503,2026-05-05,14,"calendar_day_rolling_pitch_quality_v1","2026-07-27","2026-07-28 05:38:08 UTC"
"ST","Sweeper",4289,82.6780135229657,-5.80023315458149,0.95476801119142,2026-05-05,14,"calendar_day_rolling_pitch_quality_v1","2026-07-27","2026-07-28 05:38:08 UTC"
"SV","Slurve",304,82.0585526315789,0.805592105263158,-4.67335526315789,2026-05-05,14,"calendar_day_rolling_pitch_quality_v1","2026-07-27","2026-07-28 05:38:08 UTC"
"UN","Unknown",1,39.3,-6.7,27.7,2026-05-05,14,"calendar_day_rolling_pitch_quality_v1","2026-07-27","2026-07-28 05:38:08 UTC"
"CH","Changeup",6067,86.2187736937531,3.88999505521675,4.08420965880996,2026-05-06,14,"calendar_day_rolling_pitch_quality_v1","2026-07-27","2026-07-28 05:38:08 UTC"
"CS","Slow Curve",11,69.8727272727273,-13.8,-3.55454545454545,2026-05-06,14,"calendar_day_rolling_pitch_quality_v1","2026-07-27","2026-07-28 05:38:08 UTC"
"CU","Curveball",3639,80.1747732893652,-4.42269854355592,-10.4174223687826,2026-05-06,14,"calendar_day_rolling_pitch_quality_v1","2026-07-27","2026-07-28 05:38:08 UTC"
"EP","Eephus",82,42.3682926829268,1.95975609756098,21.1414634146341,2026-05-06,14,"calendar_day_rolling_pitch_quality_v1","2026-07-27","2026-07-28 05:38:08 UTC"
"FA","Fastball",20,64.31,5.17,12.01,2026-05-06,14,"calendar_day_rolling_pitch_quality_v1","2026-07-27","2026-07-28 05:38:08 UTC"
"FC","Cutter",4191,89.5536864710093,-1.34240038177046,8.04772130756383,2026-05-06,14,"calendar_day_rolling_pitch_quality_v1","2026-07-27","2026-07-28 05:38:08 UTC"
"FF","Four-Seam Fastball",16436,94.6981078121197,3.4002129471891,15.8679362375274,2026-05-06,14,"calendar_day_rolling_pitch_quality_v1","2026-07-27","2026-07-28 05:38:08 UTC"
"FO","Forkball",13,82.0461538461538,11.9153846153846,0.107692307692308,2026-05-06,14,"calendar_day_rolling_pitch_quality_v1","2026-07-27","2026-07-28 05:38:08 UTC"
"FS","Splitter",1892,86.5714059196617,9.85031712473573,2.99719873150106,2026-05-06,14,"calendar_day_rolling_pitch_quality_v1","2026-07-27","2026-07-28 05:38:08 UTC"
"FT","Two-Seam Fastball",13,97.1384615384615,1.12307692307692,7.23846153846154,2026-05-06,14,"calendar_day_rolling_pitch_quality_v1","2026-07-27","2026-07-28 05:38:08 UTC"
"KC","Knuckle Curve",942,81.9272823779193,-6.44437367303609,-10.0359872611465,2026-05-06,14,"calendar_day_rolling_pitch_quality_v1","2026-07-27","2026-07-28 05:38:08 UTC"
"KN","Knuckle Ball",92,73.6021739130435,0.717391304347826,0.415217391304348,2026-05-06,14,"calendar_day_rolling_pitch_quality_v1","2026-07-27","2026-07-28 05:38:08 UTC"
"SI","Sinker",9057,94.0407640499062,5.84334768687203,7.4721099701888,2026-05-06,14,"calendar_day_rolling_pitch_quality_v1","2026-07-27","2026-07-28 05:38:08 UTC"
"SL","Slider",7130,86.0934642356241,-1.86443197755961,1.50143057503506,2026-05-06,14,"calendar_day_rolling_pitch_quality_v1","2026-07-27","2026-07-28 05:38:08 UTC"
"ST","Sweeper",4509,82.7726990463517,-5.85830561100022,1.051541361721,2026-05-06,14,"calendar_day_rolling_pitch_quality_v1","2026-07-27","2026-07-28 05:38:08 UTC"
"SV","Slurve",291,81.8896907216495,0.729209621993127,-4.90652920962199,2026-05-06,14,"calendar_day_rolling_pitch_quality_v1","2026-07-27","2026-07-28 05:38:08 UTC"
"UN","Unknown",1,39.3,-6.7,27.7,2026-05-06,14,"calendar_day_rolling_pitch_quality_v1","2026-07-27","2026-07-28 05:38:08 UTC"
"CH","Changeup",6020,86.1638870431894,4.29421926910299,4.22318936877076,2026-05-07,14,"calendar_day_rolling_pitch_quality_v1","2026-07-27","2026-07-28 05:38:08 UTC"
"CS","Slow Curve",11,69.8727272727273,-13.8,-3.55454545454545,2026-05-07,14,"calendar_day_rolling_pitch_quality_v1","2026-07-27","2026-07-28 05:38:08 UTC"
"CU","Curveball",3598,79.9836853807671,-4.46814897165092,-10.3921345191773,2026-05-07,14,"calendar_day_rolling_pitch_quality_v1","2026-07-27","2026-07-28 05:38:08 UTC"
"EP","Eephus",87,42.4597701149425,2.21494252873563,21.0011494252874,2026-05-07,14,"calendar_day_rolling_pitch_quality_v1","2026-07-27","2026-07-28 05:38:08 UTC"
"FA","Fastball",20,64.31,5.17,12.01,2026-05-07,14,"calendar_day_rolling_pitch_quality_v1","2026-07-27","2026-07-28 05:38:08 UTC"
"FC","Cutter",4137,89.5623398598018,-1.29700265893159,8.03981145757795,2026-05-07,14,"calendar_day_rolling_pitch_quality_v1","2026-07-27","2026-07-28 05:38:08 UTC"
"FF","Four-Seam Fastball",16401,94.6213889396988,3.41657216023413,15.8787573928419,2026-05-07,14,"calendar_day_rolling_pitch_quality_v1","2026-07-27","2026-07-28 05:38:08 UTC"
"FO","Forkball",13,82.0461538461538,11.9153846153846,0.107692307692308,2026-05-07,14,"calendar_day_rolling_pitch_quality_v1","2026-07-27","2026-07-28 05:38:08 UTC"
"FS","Splitter",1906,86.5714585519412,9.27932843651626,3.02660020986359,2026-05-07,14,"calendar_day_rolling_pitch_quality_v1","2026-07-27","2026-07-28 05:38:08 UTC"
"FT","Two-Seam Fastball",13,97.1384615384615,1.12307692307692,7.23846153846154,2026-05-07,14,"calendar_day_rolling_pitch_quality_v1","2026-07-27","2026-07-28 05:38:08 UTC"
"KC","Knuckle Curve",882,81.9975056689342,-6.0843537414966,-9.83888888888889,2026-05-07,14,"calendar_day_rolling_pitch_quality_v1","2026-07-27","2026-07-28 05:38:08 UTC"
"KN","Knuckle Ball",72,71.6930555555555,0.681944444444444,0.702777777777778,2026-05-07,14,"calendar_day_rolling_pitch_quality_v1","2026-07-27","2026-07-28 05:38:08 UTC"
"SI","Sinker",8972,93.9680784663397,6.08612349531877,7.45055728934463,2026-05-07,14,"calendar_day_rolling_pitch_quality_v1","2026-07-27","2026-07-28 05:38:08 UTC"
"SL","Slider",7166,86.055874965113,-1.88233324030142,1.48691041027072,2026-05-07,14,"calendar_day_rolling_pitch_quality_v1","2026-07-27","2026-07-28 05:38:08 UTC"
"ST","Sweeper",4545,82.7612761276128,-5.86550055005501,1.02195819581958,2026-05-07,14,"calendar_day_rolling_pitch_quality_v1","2026-07-27","2026-07-28 05:38:08 UTC"
"SV","Slurve",290,81.6134482758621,-1.23620689655172,-4.86103448275862,2026-05-07,14,"calendar_day_rolling_pitch_quality_v1","2026-07-27","2026-07-28 05:38:08 UTC"
"UN","Unknown",1,39.3,-6.7,27.7,2026-05-07,14,"calendar_day_rolling_pitch_quality_v1","2026-07-27","2026-07-28 05:38:08 UTC"
"CH","Changeup",6118,86.1540209218699,3.85998692383132,4.18555083360575,2026-05-08,14,"calendar_day_rolling_pitch_quality_v1","2026-07-27","2026-07-28 05:38:08 UTC"
"CS","Slow Curve",10,69.18,-14.44,-3.06,2026-05-08,14,"calendar_day_rolling_pitch_quality_v1","2026-07-27","2026-07-28 05:38:08 UTC"
"CU","Curveball",3609,79.9765031864783,-4.2207259628706,-10.4081740094209,2026-05-08,14,"calendar_day_rolling_pitch_quality_v1","2026-07-27","2026-07-28 05:38:08 UTC"
"EP","Eephus",99,41.9212121212121,1.38181818181818,20.7525252525253,2026-05-08,14,"calendar_day_rolling_pitch_quality_v1","2026-07-27","2026-07-28 05:38:08 UTC"
"FA","Fastball",20,64.31,5.17,12.01,2026-05-08,14,"calendar_day_rolling_pitch_quality_v1","2026-07-27","2026-07-28 05:38:08 UTC"
"FC","Cutter",4074,89.5202749140894,-1.18446244477172,8.07658321060383,2026-05-08,14,"calendar_day_rolling_pitch_quality_v1","2026-07-27","2026-07-28 05:38:08 UTC"
"FF","Four-Seam Fastball",16308,94.6364177090998,3.34943585970076,15.8524527839097,2026-05-08,14,"calendar_day_rolling_pitch_quality_v1","2026-07-27","2026-07-28 05:38:08 UTC"
"FO","Forkball",13,82.0461538461538,11.9153846153846,0.107692307692308,2026-05-08,14,"calendar_day_rolling_pitch_quality_v1","2026-07-27","2026-07-28 05:38:08 UTC"
"FS","Splitter",1842,86.3913137893594,9.43545059717698,2.89777415852334,2026-05-08,14,"calendar_day_rolling_pitch_quality_v1","2026-07-27","2026-07-28 05:38:08 UTC"
"FT","Two-Seam Fastball",13,97.1384615384615,1.12307692307692,7.23846153846154,2026-05-08,14,"calendar_day_rolling_pitch_quality_v1","2026-07-27","2026-07-28 05:38:08 UTC"
"KC","Knuckle Curve",923,81.9141928494041,-6.17648970747562,-9.98699891657638,2026-05-08,14,"calendar_day_rolling_pitch_quality_v1","2026-07-27","2026-07-28 05:38:08 UTC"
"KN","Knuckle Ball",73,71.413698630137,0.60958904109589,0.752054794520548,2026-05-08,14,"calendar_day_rolling_pitch_quality_v1","2026-07-27","2026-07-28 05:38:08 UTC"
"SI","Sinker",9166,93.9689831987781,5.81024438140956,7.49695614226489,2026-05-08,14,"calendar_day_rolling_pitch_quality_v1","2026-07-27","2026-07-28 05:38:08 UTC"
"SL","Slider",7265,86.0485891259463,-1.74645560908465,1.49354439091535,2026-05-08,14,"calendar_day_rolling_pitch_quality_v1","2026-07-27","2026-07-28 05:38:08 UTC"
"ST","Sweeper",4601,82.7473810041295,-5.83334057813519,0.996435557487503,2026-05-08,14,"calendar_day_rolling_pitch_quality_v1","2026-07-27","2026-07-28 05:38:08 UTC"
"SV","Slurve",293,81.6160409556314,-0.608191126279863,-4.86996587030717,2026-05-08,14,"calendar_day_rolling_pitch_quality_v1","2026-07-27","2026-07-28 05:38:08 UTC"
"UN","Unknown",1,39.3,-6.7,27.7,2026-05-08,14,"calendar_day_rolling_pitch_quality_v1","2026-07-27","2026-07-28 05:38:08 UTC"
"CH","Changeup",6060,86.1378877887789,4.33658415841584,4.08452145214521,2026-05-09,14,"calendar_day_rolling_pitch_quality_v1","2026-07-27","2026-07-28 05:38:08 UTC"
"CS","Slow Curve",10,69.18,-14.44,-3.06,2026-05-09,14,"calendar_day_rolling_pitch_quality_v1","2026-07-27","2026-07-28 05:38:08 UTC"
"CU","Curveball",3551,79.9057448606026,-4.34373415939172,-10.381667136018,2026-05-09,14,"calendar_day_rolling_pitch_quality_v1","2026-07-27","2026-07-28 05:38:08 UTC"
"EP","Eephus",79,40.2886075949367,1.43164556962025,20.706329113924,2026-05-09,14,"calendar_day_rolling_pitch_quality_v1","2026-07-27","2026-07-28 05:38:08 UTC"
"FA","Fastball",8,57.3,3.4875,12.45,2026-05-09,14,"calendar_day_rolling_pitch_quality_v1","2026-07-27","2026-07-28 05:38:08 UTC"
"FC","Cutter",4163,89.6837136680279,-1.29046360797502,8.19276963728081,2026-05-09,14,"calendar_day_rolling_pitch_quality_v1","2026-07-27","2026-07-28 05:38:08 UTC"
"FF","Four-Seam Fastball",15843,94.6339392791769,3.47177933472196,15.8740453196996,2026-05-09,14,"calendar_day_rolling_pitch_quality_v1","2026-07-27","2026-07-28 05:38:08 UTC"
"FO","Forkball",13,82.0461538461538,11.9153846153846,0.107692307692308,2026-05-09,14,"calendar_day_rolling_pitch_quality_v1","2026-07-27","2026-07-28 05:38:08 UTC"
"FS","Splitter",1762,86.1670261066969,9.35828603859251,3.09228149829739,2026-05-09,14,"calendar_day_rolling_pitch_quality_v1","2026-07-27","2026-07-28 05:38:08 UTC"
"FT","Two-Seam Fastball",13,97.1384615384615,1.12307692307692,7.23846153846154,2026-05-09,14,"calendar_day_rolling_pitch_quality_v1","2026-07-27","2026-07-28 05:38:08 UTC"
"KC","Knuckle Curve",931,81.9063372717508,-6.77647690655209,-10.2,2026-05-09,14,"calendar_day_rolling_pitch_quality_v1","2026-07-27","2026-07-28 05:38:08 UTC"
"KN","Knuckle Ball",73,71.413698630137,0.60958904109589,0.752054794520548,2026-05-09,14,"calendar_day_rolling_pitch_quality_v1","2026-07-27","2026-07-28 05:38:08 UTC"
"SI","Sinker",9178,93.9649814774461,6.07186750926128,7.51305295271301,2026-05-09,14,"calendar_day_rolling_pitch_quality_v1","2026-07-27","2026-07-28 05:38:08 UTC"
"SL","Slider",6988,86.0000429307384,-1.64118488838008,1.45300515168861,2026-05-09,14,"calendar_day_rolling_pitch_quality_v1","2026-07-27","2026-07-28 05:38:08 UTC"
"ST","Sweeper",4523,82.7561795268627,-5.89215122706169,0.763143931019235,2026-05-09,14,"calendar_day_rolling_pitch_quality_v1","2026-07-27","2026-07-28 05:38:08 UTC"
"SV","Slurve",321,81.7021806853583,0.128660436137072,-4.74330218068536,2026-05-09,14,"calendar_day_rolling_pitch_quality_v1","2026-07-27","2026-07-28 05:38:08 UTC"
"UN","Unknown",1,39.3,-6.7,27.7,2026-05-09,14,"calendar_day_rolling_pitch_quality_v1","2026-07-27","2026-07-28 05:38:08 UTC"
"CH","Changeup",6172,86.1775113415424,4.10430978613091,4.13836681788723,2026-05-10,14,"calendar_day_rolling_pitch_quality_v1","2026-07-27","2026-07-28 05:38:08 UTC"
"CS","Slow Curve",4,69.025,-17.95,-3.275,2026-05-10,14,"calendar_day_rolling_pitch_quality_v1","2026-07-27","2026-07-28 05:38:08 UTC"
"CU","Curveball",3559,79.9603259342512,-4.32610283787581,-10.3195560550717,2026-05-10,14,"calendar_day_rolling_pitch_quality_v1","2026-07-27","2026-07-28 05:38:08 UTC"
"EP","Eephus",98,42.0632653061224,-0.792857142857143,16.7857142857143,2026-05-10,14,"calendar_day_rolling_pitch_quality_v1","2026-07-27","2026-07-28 05:38:08 UTC"
"FA","Fastball",8,57.3,3.4875,12.45,2026-05-10,14,"calendar_day_rolling_pitch_quality_v1","2026-07-27","2026-07-28 05:38:08 UTC"
"FC","Cutter",4222,89.7743723353861,-1.30504500236855,8.35599242065372,2026-05-10,14,"calendar_day_rolling_pitch_quality_v1","2026-07-27","2026-07-28 05:38:08 UTC"
"FF","Four-Seam Fastball",16003,94.6791664062988,3.51247891020434,15.941842154596,2026-05-10,14,"calendar_day_rolling_pitch_quality_v1","2026-07-27","2026-07-28 05:38:08 UTC"
"FS","Splitter",1755,86.274245014245,9.78598290598291,3.03133903133903,2026-05-10,14,"calendar_day_rolling_pitch_quality_v1","2026-07-27","2026-07-28 05:38:08 UTC"
"KC","Knuckle Curve",921,82.085342019544,-6.93007600434311,-10.285016286645,2026-05-10,14,"calendar_day_rolling_pitch_quality_v1","2026-07-27","2026-07-28 05:38:08 UTC"
"KN","Knuckle Ball",73,71.413698630137,0.60958904109589,0.752054794520548,2026-05-10,14,"calendar_day_rolling_pitch_quality_v1","2026-07-27","2026-07-28 05:38:08 UTC"
"SI","Sinker",9164,94.0567546922741,6.02100611086862,7.53926233085989,2026-05-10,14,"calendar_day_rolling_pitch_quality_v1","2026-07-27","2026-07-28 05:38:08 UTC"
"SL","Slider",7066,86.1427681856779,-1.64322105859043,1.49332012454005,2026-05-10,14,"calendar_day_rolling_pitch_quality_v1","2026-07-27","2026-07-28 05:38:08 UTC"
"ST","Sweeper",4534,82.8381340979268,-6.08808998676665,0.858116453462726,2026-05-10,14,"calendar_day_rolling_pitch_quality_v1","2026-07-27","2026-07-28 05:38:08 UTC"
"SV","Slurve",274,81.9408759124088,-1.03722627737226,-4.89124087591241,2026-05-10,14,"calendar_day_rolling_pitch_quality_v1","2026-07-27","2026-07-28 05:38:08 UTC"
"UN","Unknown",1,39.3,-6.7,27.7,2026-05-10,14,"calendar_day_rolling_pitch_quality_v1","2026-07-27","2026-07-28 05:38:08 UTC"
"CH","Changeup",6100,86.1574098360656,4.16270491803279,4.20462295081967,2026-05-11,14,"calendar_day_rolling_pitch_quality_v1","2026-07-27","2026-07-28 05:38:08 UTC"
"CS","Slow Curve",4,69.025,-17.95,-3.275,2026-05-11,14,"calendar_day_rolling_pitch_quality_v1","2026-07-27","2026-07-28 05:38:08 UTC"
"CU","Curveball",3532,79.9595979614949,-4.44479048697622,-10.3667893544734,2026-05-11,14,"calendar_day_rolling_pitch_quality_v1","2026-07-27","2026-07-28 05:38:08 UTC"
"EP","Eephus",98,42.0632653061224,-0.792857142857143,16.7857142857143,2026-05-11,14,"calendar_day_rolling_pitch_quality_v1","2026-07-27","2026-07-28 05:38:08 UTC"
"FA","Fastball",8,57.3,3.4875,12.45,2026-05-11,14,"calendar_day_rolling_pitch_quality_v1","2026-07-27","2026-07-28 05:38:08 UTC"
"FC","Cutter",4174,89.7731193100144,-1.35498322951605,8.32177767129851,2026-05-11,14,"calendar_day_rolling_pitch_quality_v1","2026-07-27","2026-07-28 05:38:08 UTC"
"FF","Four-Seam Fastball",15937,94.6432139047499,3.51249294095501,15.9684256760996,2026-05-11,14,"calendar_day_rolling_pitch_quality_v1","2026-07-27","2026-07-28 05:38:08 UTC"
"FS","Splitter",1814,86.2764608599779,9.91786108048512,3.05325248070562,2026-05-11,14,"calendar_day_rolling_pitch_quality_v1","2026-07-27","2026-07-28 05:38:08 UTC"
"KC","Knuckle Curve",903,82.0682170542636,-7.06423034330011,-10.2737541528239,2026-05-11,14,"calendar_day_rolling_pitch_quality_v1","2026-07-27","2026-07-28 05:38:08 UTC"
"KN","Knuckle Ball",73,71.413698630137,0.60958904109589,0.752054794520548,2026-05-11,14,"calendar_day_rolling_pitch_quality_v1","2026-07-27","2026-07-28 05:38:08 UTC"
"SI","Sinker",8991,94.056022689356,6.18833277722167,7.56992548103659,2026-05-11,14,"calendar_day_rolling_pitch_quality_v1","2026-07-27","2026-07-28 05:38:08 UTC"
"SL","Slider",6933,86.0948362902063,-1.62159238424924,1.48713399682677,2026-05-11,14,"calendar_day_rolling_pitch_quality_v1","2026-07-27","2026-07-28 05:38:08 UTC"
"ST","Sweeper",4481,82.8117384512386,-5.94378486944878,0.86253068511493,2026-05-11,14,"calendar_day_rolling_pitch_quality_v1","2026-07-27","2026-07-28 05:38:08 UTC"
"SV","Slurve",274,81.9408759124088,-1.03722627737226,-4.89124087591241,2026-05-11,14,"calendar_day_rolling_pitch_quality_v1","2026-07-27","2026-07-28 05:38:08 UTC"
"UN","Unknown",1,39.3,-6.7,27.7,2026-05-11,14,"calendar_day_rolling_pitch_quality_v1","2026-07-27","2026-07-28 05:38:08 UTC"
"CH","Changeup",6154,86.2627884302892,4.46257718557036,4.22801429964251,2026-05-12,14,"calendar_day_rolling_pitch_quality_v1","2026-07-27","2026-07-28 05:38:08 UTC"
"CS","Slow Curve",4,69.025,-17.95,-3.275,2026-05-12,14,"calendar_day_rolling_pitch_quality_v1","2026-07-27","2026-07-28 05:38:08 UTC"
"CU","Curveball",3468,80.0778258362168,-4.40726643598616,-10.4000865051903,2026-05-12,14,"calendar_day_rolling_pitch_quality_v1","2026-07-27","2026-07-28 05:38:08 UTC"
"EP","Eephus",97,42.5783505154639,-0.818556701030928,16.5690721649485,2026-05-12,14,"calendar_day_rolling_pitch_quality_v1","2026-07-27","2026-07-28 05:38:08 UTC"
"FA","Fastball",12,63.725,4.61666666666667,14.4833333333333,2026-05-12,14,"calendar_day_rolling_pitch_quality_v1","2026-07-27","2026-07-28 05:38:08 UTC"
"FC","Cutter",4015,89.7396264009963,-1.32869240348692,8.26762141967621,2026-05-12,14,"calendar_day_rolling_pitch_quality_v1","2026-07-27","2026-07-28 05:38:08 UTC"
"FF","Four-Seam Fastball",16072,94.6548656047785,3.64939646590343,15.9317570930811,2026-05-12,14,"calendar_day_rolling_pitch_quality_v1","2026-07-27","2026-07-28 05:38:08 UTC"
"FO","Forkball",11,85.9454545454545,3.01818181818182,-3.77272727272727,2026-05-12,14,"calendar_day_rolling_pitch_quality_v1","2026-07-27","2026-07-28 05:38:08 UTC"
"FS","Splitter",1714,86.3748541423571,9.7365227537923,2.92887981330222,2026-05-12,14,"calendar_day_rolling_pitch_quality_v1","2026-07-27","2026-07-28 05:38:08 UTC"
"KC","Knuckle Curve",842,81.8995249406176,-6.9937054631829,-10.3621140142518,2026-05-12,14,"calendar_day_rolling_pitch_quality_v1","2026-07-27","2026-07-28 05:38:08 UTC"
"KN","Knuckle Ball",80,72.3675,0.315,0.56375,2026-05-12,14,"calendar_day_rolling_pitch_quality_v1","2026-07-27","2026-07-28 05:38:08 UTC"
"SI","Sinker",9144,94.0909230096238,6.68941382327209,7.51067366579178,2026-05-12,14,"calendar_day_rolling_pitch_quality_v1","2026-07-27","2026-07-28 05:38:08 UTC"
"SL","Slider",6987,86.0049663661085,-1.65846572205525,1.406970087305,2026-05-12,14,"calendar_day_rolling_pitch_quality_v1","2026-07-27","2026-07-28 05:38:08 UTC"
"ST","Sweeper",4538,82.8439180255619,-6.24636403702071,0.949250771264874,2026-05-12,14,"calendar_day_rolling_pitch_quality_v1","2026-07-27","2026-07-28 05:38:08 UTC"
"SV","Slurve",285,81.4449122807018,-3.3340350877193,-5.55473684210526,2026-05-12,14,"calendar_day_rolling_pitch_quality_v1","2026-07-27","2026-07-28 05:38:08 UTC"
"CH","Changeup",6112,86.1620255235602,4.45037630890052,4.20626636125654,2026-05-13,14,"calendar_day_rolling_pitch_quality_v1","2026-07-27","2026-07-28 05:38:08 UTC"
"CS","Slow Curve",5,69.72,-16.56,-5.7,2026-05-13,14,"calendar_day_rolling_pitch_quality_v1","2026-07-27","2026-07-28 05:38:08 UTC"
"CU","Curveball",3417,80.0299092771437,-4.1702370500439,-10.3482294410301,2026-05-13,14,"calendar_day_rolling_pitch_quality_v1","2026-07-27","2026-07-28 05:38:08 UTC"
"EP","Eephus",93,42.5559139784946,-0.873118279569893,16.5290322580645,2026-05-13,14,"calendar_day_rolling_pitch_quality_v1","2026-07-27","2026-07-28 05:38:08 UTC"
"FA","Fastball",11,65.0818181818182,4.90909090909091,14.1727272727273,2026-05-13,14,"calendar_day_rolling_pitch_quality_v1","2026-07-27","2026-07-28 05:38:08 UTC"
"FC","Cutter",3890,89.806323907455,-1.19488431876607,8.30452442159383,2026-05-13,14,"calendar_day_rolling_pitch_quality_v1","2026-07-27","2026-07-28 05:38:08 UTC"
"FF","Four-Seam Fastball",16035,94.6602369816027,3.65494855004677,15.9501340816963,2026-05-13,14,"calendar_day_rolling_pitch_quality_v1","2026-07-27","2026-07-28 05:38:08 UTC"
"FO","Forkball",11,85.9454545454545,3.01818181818182,-3.77272727272727,2026-05-13,14,"calendar_day_rolling_pitch_quality_v1","2026-07-27","2026-07-28 05:38:08 UTC"
"FS","Splitter",1638,86.2920634920635,9.35995115995116,2.9462148962149,2026-05-13,14,"calendar_day_rolling_pitch_quality_v1","2026-07-27","2026-07-28 05:38:08 UTC"
"KC","Knuckle Curve",787,81.9082592121982,-6.81041931385006,-10.1060991105464,2026-05-13,14,"calendar_day_rolling_pitch_quality_v1","2026-07-27","2026-07-28 05:38:08 UTC"
"KN","Knuckle Ball",34,72.0529411764706,-1.10882352941176,0.923529411764706,2026-05-13,14,"calendar_day_rolling_pitch_quality_v1","2026-07-27","2026-07-28 05:38:08 UTC"
"SI","Sinker",9240,94.0509307359307,6.60940476190476,7.37125541125541,2026-05-13,14,"calendar_day_rolling_pitch_quality_v1","2026-07-27","2026-07-28 05:38:08 UTC"
"SL","Slider",7046,86.091739994323,-1.66565427192733,1.362333238717,2026-05-13,14,"calendar_day_rolling_pitch_quality_v1","2026-07-27","2026-07-28 05:38:08 UTC"
"ST","Sweeper",4475,82.8964469273743,-6.05872625698324,0.975396648044693,2026-05-13,14,"calendar_day_rolling_pitch_quality_v1","2026-07-27","2026-07-28 05:38:08 UTC"
"SV","Slurve",306,81.4444444444444,-2.85359477124183,-5.35849673202614,2026-05-13,14,"calendar_day_rolling_pitch_quality_v1","2026-07-27","2026-07-28 05:38:08 UTC"
"CH","Changeup",6090,86.2312643678161,4.13825944170772,4.16047619047619,2026-05-14,14,"calendar_day_rolling_pitch_quality_v1","2026-07-27","2026-07-28 05:38:08 UTC"
"CS","Slow Curve",6,70.6,-16.8833333333333,-7.63333333333333,2026-05-14,14,"calendar_day_rolling_pitch_quality_v1","2026-07-27","2026-07-28 05:38:08 UTC"
"CU","Curveball",3399,80.0839658723154,-4.26746101794645,-10.3685789938217,2026-05-14,14,"calendar_day_rolling_pitch_quality_v1","2026-07-27","2026-07-28 05:38:08 UTC"
"EP","Eephus",74,44.1932432432432,-1.90810810810811,14.2918918918919,2026-05-14,14,"calendar_day_rolling_pitch_quality_v1","2026-07-27","2026-07-28 05:38:08 UTC"
"FA","Fastball",32,74.10625,6.86875,16.18125,2026-05-14,14,"calendar_day_rolling_pitch_quality_v1","2026-07-27","2026-07-28 05:38:08 UTC"
"FC","Cutter",3951,89.8014932928373,-1.16157934700076,8.24031890660592,2026-05-14,14,"calendar_day_rolling_pitch_quality_v1","2026-07-27","2026-07-28 05:38:08 UTC"
"FF","Four-Seam Fastball",16238,94.7282978199286,3.41548220224166,15.8776758221456,2026-05-14,14,"calendar_day_rolling_pitch_quality_v1","2026-07-27","2026-07-28 05:38:08 UTC"
"FO","Forkball",11,85.9454545454545,3.01818181818182,-3.77272727272727,2026-05-14,14,"calendar_day_rolling_pitch_quality_v1","2026-07-27","2026-07-28 05:38:08 UTC"
"FS","Splitter",1611,86.2134698944755,9.05431409062694,2.92290502793296,2026-05-14,14,"calendar_day_rolling_pitch_quality_v1","2026-07-27","2026-07-28 05:38:08 UTC"
"KC","Knuckle Curve",812,82.068472906404,-6.44963054187192,-9.84605911330049,2026-05-14,14,"calendar_day_rolling_pitch_quality_v1","2026-07-27","2026-07-28 05:38:08 UTC"
"KN","Knuckle Ball",39,73.0435897435897,-1.13333333333333,0.607692307692308,2026-05-14,14,"calendar_day_rolling_pitch_quality_v1","2026-07-27","2026-07-28 05:38:08 UTC"
"SI","Sinker",9270,94.0582200647249,6.44065803667745,7.38852211434736,2026-05-14,14,"calendar_day_rolling_pitch_quality_v1","2026-07-27","2026-07-28 05:38:08 UTC"
"SL","Slider",7232,86.0962527654867,-1.60699668141593,1.30938882743363,2026-05-14,14,"calendar_day_rolling_pitch_quality_v1","2026-07-27","2026-07-28 05:38:08 UTC"
"ST","Sweeper",4551,82.999252911448,-5.78323445396616,0.85708635464733,2026-05-14,14,"calendar_day_rolling_pitch_quality_v1","2026-07-27","2026-07-28 05:38:08 UTC"
"SV","Slurve",299,81.6013377926421,-0.100334448160535,-5.31137123745819,2026-05-14,14,"calendar_day_rolling_pitch_quality_v1","2026-07-27","2026-07-28 05:38:08 UTC"
"CH","Changeup",6141,86.2549096238398,4.34100309395864,4.03121641426478,2026-05-15,14,"calendar_day_rolling_pitch_quality_v1","2026-07-27","2026-07-28 05:38:08 UTC"
"CS","Slow Curve",6,70.6,-16.8833333333333,-7.63333333333333,2026-05-15,14,"calendar_day_rolling_pitch_quality_v1","2026-07-27","2026-07-28 05:38:08 UTC"
"CU","Curveball",3401,80.145369009115,-4.3480152896207,-10.3576595119083,2026-05-15,14,"calendar_day_rolling_pitch_quality_v1","2026-07-27","2026-07-28 05:38:08 UTC"
"EP","Eephus",70,44.4328571428571,-2.05285714285714,13.9571428571429,2026-05-15,14,"calendar_day_rolling_pitch_quality_v1","2026-07-27","2026-07-28 05:38:08 UTC"
"FA","Fastball",32,74.10625,6.86875,16.18125,2026-05-15,14,"calendar_day_rolling_pitch_quality_v1","2026-07-27","2026-07-28 05:38:08 UTC"
"FC","Cutter",4022,89.8567379413227,-1.28707110890104,8.23856290402785,2026-05-15,14,"calendar_day_rolling_pitch_quality_v1","2026-07-27","2026-07-28 05:38:08 UTC"
"FF","Four-Seam Fastball",16391,94.7369593069367,3.49195290098225,15.8844670855958,2026-05-15,14,"calendar_day_rolling_pitch_quality_v1","2026-07-27","2026-07-28 05:38:08 UTC"
"FO","Forkball",11,85.9454545454545,3.01818181818182,-3.77272727272727,2026-05-15,14,"calendar_day_rolling_pitch_quality_v1","2026-07-27","2026-07-28 05:38:08 UTC"
"FS","Splitter",1668,86.168824940048,9.14142685851319,3.00953237410072,2026-05-15,14,"calendar_day_rolling_pitch_quality_v1","2026-07-27","2026-07-28 05:38:08 UTC"
"KC","Knuckle Curve",879,82.1994311717861,-6.75085324232082,-9.88930602957907,2026-05-15,14,"calendar_day_rolling_pitch_quality_v1","2026-07-27","2026-07-28 05:38:08 UTC"
"KN","Knuckle Ball",32,77.025,-0.99375,-0.025,2026-05-15,14,"calendar_day_rolling_pitch_quality_v1","2026-07-27","2026-07-28 05:38:08 UTC"
"SI","Sinker",9332,94.1034612087441,6.57785040720103,7.41919202743249,2026-05-15,14,"calendar_day_rolling_pitch_quality_v1","2026-07-27","2026-07-28 05:38:08 UTC"
"SL","Slider",7315,86.1378673957621,-1.56583732057416,1.33105946684894,2026-05-15,14,"calendar_day_rolling_pitch_quality_v1","2026-07-27","2026-07-28 05:38:08 UTC"
"ST","Sweeper",4583,83.0072441632119,-5.75180013091861,0.763015492035784,2026-05-15,14,"calendar_day_rolling_pitch_quality_v1","2026-07-27","2026-07-28 05:38:08 UTC"
"SV","Slurve",297,81.5848484848485,-0.386195286195286,-5.38215488215488,2026-05-15,14,"calendar_day_rolling_pitch_quality_v1","2026-07-27","2026-07-28 05:38:08 UTC"
"CH","Changeup",6260,86.2755111821086,4.42260383386582,4.02298722044728,2026-05-16,14,"calendar_day_rolling_pitch_quality_v1","2026-07-27","2026-07-28 05:38:08 UTC"
"CS","Slow Curve",6,70.6,-16.8833333333333,-7.63333333333333,2026-05-16,14,"calendar_day_rolling_pitch_quality_v1","2026-07-27","2026-07-28 05:38:08 UTC"
"CU","Curveball",3467,80.2047014710124,-4.46864724545717,-10.3237381021056,2026-05-16,14,"calendar_day_rolling_pitch_quality_v1","2026-07-27","2026-07-28 05:38:08 UTC"
"EP","Eephus",49,46.4102040816326,-2.44285714285714,12.0102040816327,2026-05-16,14,"calendar_day_rolling_pitch_quality_v1","2026-07-27","2026-07-28 05:38:08 UTC"
"FA","Fastball",28,77.2107142857143,8.50357142857143,16.8285714285714,2026-05-16,14,"calendar_day_rolling_pitch_quality_v1","2026-07-27","2026-07-28 05:38:08 UTC"
"FC","Cutter",4239,89.8630809153102,-1.3655579146025,8.39412597310686,2026-05-16,14,"calendar_day_rolling_pitch_quality_v1","2026-07-27","2026-07-28 05:38:08 UTC"
"FF","Four-Seam Fastball",16306,94.7442229854041,3.68341101435055,15.8931313626886,2026-05-16,14,"calendar_day_rolling_pitch_quality_v1","2026-07-27","2026-07-28 05:38:08 UTC"
"FO","Forkball",11,85.9454545454545,3.01818181818182,-3.77272727272727,2026-05-16,14,"calendar_day_rolling_pitch_quality_v1","2026-07-27","2026-07-28 05:38:08 UTC"
"FS","Splitter",1574,86.1022236340534,9.67604828462516,3.03856416772554,2026-05-16,14,"calendar_day_rolling_pitch_quality_v1","2026-07-27","2026-07-28 05:38:08 UTC"
"KC","Knuckle Curve",886,82.2292325056434,-7.03566591422122,-10.1564334085779,2026-05-16,14,"calendar_day_rolling_pitch_quality_v1","2026-07-27","2026-07-28 05:38:08 UTC"
"KN","Knuckle Ball",29,79.448275862069,-1.43793103448276,-0.306896551724138,2026-05-16,14,"calendar_day_rolling_pitch_quality_v1","2026-07-27","2026-07-28 05:38:08 UTC"
"SI","Sinker",9318,94.098926808328,6.5210130929384,7.36527151749303,2026-05-16,14,"calendar_day_rolling_pitch_quality_v1","2026-07-27","2026-07-28 05:38:08 UTC"
"SL","Slider",7279,86.1755323533452,-1.59113889270504,1.18348674268443,2026-05-16,14,"calendar_day_rolling_pitch_quality_v1","2026-07-27","2026-07-28 05:38:08 UTC"
"ST","Sweeper",4518,82.9908587870739,-5.97246569278442,0.71157591854803,2026-05-16,14,"calendar_day_rolling_pitch_quality_v1","2026-07-27","2026-07-28 05:38:08 UTC"
"SV","Slurve",261,81.6754789272031,-2.19578544061303,-5.85632183908046,2026-05-16,14,"calendar_day_rolling_pitch_quality_v1","2026-07-27","2026-07-28 05:38:08 UTC"
"CH","Changeup",6152,86.201755526658,4.85011378413524,4.2433355006502,2026-05-17,14,"calendar_day_rolling_pitch_quality_v1","2026-07-27","2026-07-28 05:38:08 UTC"
"CS","Slow Curve",2,73.75,-14.75,-16.35,2026-05-17,14,"calendar_day_rolling_pitch_quality_v1","2026-07-27","2026-07-28 05:38:08 UTC"
"CU","Curveball",3322,80.2624021673691,-4.56077664057796,-10.1862432269717,2026-05-17,14,"calendar_day_rolling_pitch_quality_v1","2026-07-27","2026-07-28 05:38:08 UTC"
"EP","Eephus",49,46.4102040816326,-2.44285714285714,12.0102040816327,2026-05-17,14,"calendar_day_rolling_pitch_quality_v1","2026-07-27","2026-07-28 05:38:08 UTC"
"FA","Fastball",28,77.2107142857143,8.50357142857143,16.8285714285714,2026-05-17,14,"calendar_day_rolling_pitch_quality_v1","2026-07-27","2026-07-28 05:38:08 UTC"
"FC","Cutter",4195,89.8953277711561,-1.4476758045292,8.25296781883194,2026-05-17,14,"calendar_day_rolling_pitch_quality_v1","2026-07-27","2026-07-28 05:38:08 UTC"
"FF","Four-Seam Fastball",16198,94.7279417212001,3.76184714162242,15.8257007037906,2026-05-17,14,"calendar_day_rolling_pitch_quality_v1","2026-07-27","2026-07-28 05:38:08 UTC"
"FO","Forkball",22,86.0954545454545,3.36818181818182,-1.89090909090909,2026-05-17,14,"calendar_day_rolling_pitch_quality_v1","2026-07-27","2026-07-28 05:38:08 UTC"
"FS","Splitter",1701,86.5150499706055,9.59547325102881,2.89500293944738,2026-05-17,14,"calendar_day_rolling_pitch_quality_v1","2026-07-27","2026-07-28 05:38:08 UTC"
"KC","Knuckle Curve",893,82.2035834266517,-7.48398656215006,-10.2426651735722,2026-05-17,14,"calendar_day_rolling_pitch_quality_v1","2026-07-27","2026-07-28 05:38:08 UTC"
"KN","Knuckle Ball",29,79.448275862069,-1.43793103448276,-0.306896551724138,2026-05-17,14,"calendar_day_rolling_pitch_quality_v1","2026-07-27","2026-07-28 05:38:08 UTC"
"SI","Sinker",9432,94.0824321458863,6.99323579304495,7.36125954198473,2026-05-17,14,"calendar_day_rolling_pitch_quality_v1","2026-07-27","2026-07-28 05:38:08 UTC"
"SL","Slider",7158,86.1445794914781,-1.69090528080469,1.24879854708019,2026-05-17,14,"calendar_day_rolling_pitch_quality_v1","2026-07-27","2026-07-28 05:38:08 UTC"
"ST","Sweeper",4463,83.0135783105534,-6.50008962581223,0.768384494734483,2026-05-17,14,"calendar_day_rolling_pitch_quality_v1","2026-07-27","2026-07-28 05:38:08 UTC"
"SV","Slurve",296,81.6222972972973,-2.59966216216216,-5.93006756756757,2026-05-17,14,"calendar_day_rolling_pitch_quality_v1","2026-07-27","2026-07-28 05:38:08 UTC"
"CH","Changeup",6138,86.2301075268817,4.33589116976214,4.22328119908765,2026-05-18,14,"calendar_day_rolling_pitch_quality_v1","2026-07-27","2026-07-28 05:38:08 UTC"
"CS","Slow Curve",4,58.8,-10.95,8.95,2026-05-18,14,"calendar_day_rolling_pitch_quality_v1","2026-07-27","2026-07-28 05:38:08 UTC"
"CU","Curveball",3406,80.1381679389313,-4.40728126834997,-10.1117146212566,2026-05-18,14,"calendar_day_rolling_pitch_quality_v1","2026-07-27","2026-07-28 05:38:08 UTC"
"EP","Eephus",61,47.2065573770492,-1.30491803278689,13.8786885245902,2026-05-18,14,"calendar_day_rolling_pitch_quality_v1","2026-07-27","2026-07-28 05:38:08 UTC"
"FA","Fastball",37,77.2243243243243,9.57027027027027,16.5081081081081,2026-05-18,14,"calendar_day_rolling_pitch_quality_v1","2026-07-27","2026-07-28 05:38:08 UTC"
"FC","Cutter",4226,89.9006862281117,-1.35421202082347,8.18296261239943,2026-05-18,14,"calendar_day_rolling_pitch_quality_v1","2026-07-27","2026-07-28 05:38:08 UTC"
"FF","Four-Seam Fastball",16442,94.7345700036492,3.688669261647,15.8207091594697,2026-05-18,14,"calendar_day_rolling_pitch_quality_v1","2026-07-27","2026-07-28 05:38:08 UTC"
"FO","Forkball",22,86.0954545454545,3.36818181818182,-1.89090909090909,2026-05-18,14,"calendar_day_rolling_pitch_quality_v1","2026-07-27","2026-07-28 05:38:08 UTC"
"FS","Splitter",1765,86.55223796034,9.51297450424929,2.98254957507082,2026-05-18,14,"calendar_day_rolling_pitch_quality_v1","2026-07-27","2026-07-28 05:38:08 UTC"
"KC","Knuckle Curve",818,82.188630806846,-7.15916870415648,-10.1889975550122,2026-05-18,14,"calendar_day_rolling_pitch_quality_v1","2026-07-27","2026-07-28 05:38:08 UTC"
"KN","Knuckle Ball",29,79.448275862069,-1.43793103448276,-0.306896551724138,2026-05-18,14,"calendar_day_rolling_pitch_quality_v1","2026-07-27","2026-07-28 05:38:08 UTC"
"SI","Sinker",9496,94.0550863521483,6.64971566975569,7.32031381634372,2026-05-18,14,"calendar_day_rolling_pitch_quality_v1","2026-07-27","2026-07-28 05:38:08 UTC"
"SL","Slider",7251,86.1201075713695,-1.65177216935595,1.25574403530547,2026-05-18,14,"calendar_day_rolling_pitch_quality_v1","2026-07-27","2026-07-28 05:38:08 UTC"
"ST","Sweeper",4546,83.0348438187417,-6.49058512978443,0.728838539375275,2026-05-18,14,"calendar_day_rolling_pitch_quality_v1","2026-07-27","2026-07-28 05:38:08 UTC"
"SV","Slurve",292,81.5592465753425,-2.56643835616438,-5.98732876712329,2026-05-18,14,"calendar_day_rolling_pitch_quality_v1","2026-07-27","2026-07-28 05:38:08 UTC"
"CH","Changeup",6371,86.1536179563648,4.34167320671794,4.27075812274368,2026-05-19,14,"calendar_day_rolling_pitch_quality_v1","2026-07-27","2026-07-28 05:38:08 UTC"
"CS","Slow Curve",4,58.8,-10.95,8.95,2026-05-19,14,"calendar_day_rolling_pitch_quality_v1","2026-07-27","2026-07-28 05:38:08 UTC"
"CU","Curveball",3419,80.2319391634981,-4.02082480257385,-10.0731500438725,2026-05-19,14,"calendar_day_rolling_pitch_quality_v1","2026-07-27","2026-07-28 05:38:08 UTC"
"EP","Eephus",61,47.2065573770492,-1.30491803278689,13.8786885245902,2026-05-19,14,"calendar_day_rolling_pitch_quality_v1","2026-07-27","2026-07-28 05:38:08 UTC"
"FA","Fastball",37,77.2243243243243,9.57027027027027,16.5081081081081,2026-05-19,14,"calendar_day_rolling_pitch_quality_v1","2026-07-27","2026-07-28 05:38:08 UTC"
"FC","Cutter",4208,89.9542775665399,-1.20292300380228,8.19817015209125,2026-05-19,14,"calendar_day_rolling_pitch_quality_v1","2026-07-27","2026-07-28 05:38:08 UTC"
"FF","Four-Seam Fastball",16684,94.7111124430592,3.56137616878446,15.8044413809638,2026-05-19,14,"calendar_day_rolling_pitch_quality_v1","2026-07-27","2026-07-28 05:38:08 UTC"
"FO","Forkball",22,86.0954545454545,3.36818181818182,-1.89090909090909,2026-05-19,14,"calendar_day_rolling_pitch_quality_v1","2026-07-27","2026-07-28 05:38:08 UTC"
"FS","Splitter",1653,86.5284936479129,9.29231699939504,2.99104658197217,2026-05-19,14,"calendar_day_rolling_pitch_quality_v1","2026-07-27","2026-07-28 05:38:08 UTC"
"KC","Knuckle Curve",869,82.2123130034522,-6.78504027617952,-9.82209436133487,2026-05-19,14,"calendar_day_rolling_pitch_quality_v1","2026-07-27","2026-07-28 05:38:08 UTC"
"KN","Knuckle Ball",29,79.448275862069,-1.43793103448276,-0.306896551724138,2026-05-19,14,"calendar_day_rolling_pitch_quality_v1","2026-07-27","2026-07-28 05:38:08 UTC"
"SI","Sinker",9608,94.0345857618651,6.24212114904246,7.31429017485429,2026-05-19,14,"calendar_day_rolling_pitch_quality_v1","2026-07-27","2026-07-28 05:38:08 UTC"
"SL","Slider",7460,86.2329624664879,-1.62532171581769,1.33571045576408,2026-05-19,14,"calendar_day_rolling_pitch_quality_v1","2026-07-27","2026-07-28 05:38:08 UTC"
"ST","Sweeper",4662,83.0303517803518,-6.05845130845131,0.787987987987988,2026-05-19,14,"calendar_day_rolling_pitch_quality_v1","2026-07-27","2026-07-28 05:38:08 UTC"
"SV","Slurve",288,81.3822916666667,-2.88854166666667,-5.73993055555556,2026-05-19,14,"calendar_day_rolling_pitch_quality_v1","2026-07-27","2026-07-28 05:38:08 UTC"
"CH","Changeup",6286,86.1356983773465,4.41123130766783,4.123958001909,2026-05-20,14,"calendar_day_rolling_pitch_quality_v1","2026-07-27","2026-07-28 05:38:08 UTC"
"CS","Slow Curve",4,58.8,-10.95,8.95,2026-05-20,14,"calendar_day_rolling_pitch_quality_v1","2026-07-27","2026-07-28 05:38:08 UTC"
"CU","Curveball",3388,80.1796635182999,-4.16585005903188,-10.1624557260921,2026-05-20,14,"calendar_day_rolling_pitch_quality_v1","2026-07-27","2026-07-28 05:38:08 UTC"
"EP","Eephus",51,46.4392156862745,-3.15882352941177,12.5647058823529,2026-05-20,14,"calendar_day_rolling_pitch_quality_v1","2026-07-27","2026-07-28 05:38:08 UTC"
"FA","Fastball",50,72.948,8.974,14.834,2026-05-20,14,"calendar_day_rolling_pitch_quality_v1","2026-07-27","2026-07-28 05:38:08 UTC"
"FC","Cutter",4263,89.9265775275628,-1.18397841895379,8.21140042223786,2026-05-20,14,"calendar_day_rolling_pitch_quality_v1","2026-07-27","2026-07-28 05:38:08 UTC"
"FF","Four-Seam Fastball",16891,94.7137351252146,3.48014919187733,15.7983008702859,2026-05-20,14,"calendar_day_rolling_pitch_quality_v1","2026-07-27","2026-07-28 05:38:08 UTC"
"FO","Forkball",22,86.0954545454545,3.36818181818182,-1.89090909090909,2026-05-20,14,"calendar_day_rolling_pitch_quality_v1","2026-07-27","2026-07-28 05:38:08 UTC"
"FS","Splitter",1674,86.365770609319,9.23984468339307,3.12347670250896,2026-05-20,14,"calendar_day_rolling_pitch_quality_v1","2026-07-27","2026-07-28 05:38:08 UTC"
"KC","Knuckle Curve",898,82.247995545657,-6.80267260579065,-9.61269487750557,2026-05-20,14,"calendar_day_rolling_pitch_quality_v1","2026-07-27","2026-07-28 05:38:08 UTC"
"KN","Knuckle Ball",13,78.9538461538462,-2.33846153846154,-1.01538461538462,2026-05-20,14,"calendar_day_rolling_pitch_quality_v1","2026-07-27","2026-07-28 05:38:08 UTC"
"SI","Sinker",9457,94.0088188643333,5.93723168023686,7.31851538542878,2026-05-20,14,"calendar_day_rolling_pitch_quality_v1","2026-07-27","2026-07-28 05:38:08 UTC"
"SL","Slider",7504,86.2076492537313,-1.44113805970149,1.34872068230277,2026-05-20,14,"calendar_day_rolling_pitch_quality_v1","2026-07-27","2026-07-28 05:38:08 UTC"
"ST","Sweeper",4554,82.9661616161616,-5.72595520421607,0.684014053579271,2026-05-20,14,"calendar_day_rolling_pitch_quality_v1","2026-07-27","2026-07-28 05:38:08 UTC"
"SV","Slurve",311,81.5051446945338,-0.493890675241158,-5.41993569131833,2026-05-20,14,"calendar_day_rolling_pitch_quality_v1","2026-07-27","2026-07-28 05:38:08 UTC"
"CH","Changeup",6192,86.1018572351421,4.17172157622739,4.1937015503876,2026-05-21,14,"calendar_day_rolling_pitch_quality_v1","2026-07-27","2026-07-28 05:38:08 UTC"
"CS","Slow Curve",4,58.8,-10.95,8.95,2026-05-21,14,"calendar_day_rolling_pitch_quality_v1","2026-07-27","2026-07-28 05:38:08 UTC"
"CU","Curveball",3396,80.2363368669022,-4.01372202591284,-10.3806831566549,2026-05-21,14,"calendar_day_rolling_pitch_quality_v1","2026-07-27","2026-07-28 05:38:08 UTC"
"EP","Eephus",46,46.7086956521739,-4.19782608695652,11.8978260869565,2026-05-21,14,"calendar_day_rolling_pitch_quality_v1","2026-07-27","2026-07-28 05:38:08 UTC"
"FA","Fastball",50,72.948,8.974,14.834,2026-05-21,14,"calendar_day_rolling_pitch_quality_v1","2026-07-27","2026-07-28 05:38:08 UTC"
"FC","Cutter",4141,89.9205988891572,-1.26713354262255,8.23344602752958,2026-05-21,14,"calendar_day_rolling_pitch_quality_v1","2026-07-27","2026-07-28 05:38:08 UTC"
"FF","Four-Seam Fastball",16415,94.7712214438014,3.48797441364606,15.8433505939689,2026-05-21,14,"calendar_day_rolling_pitch_quality_v1","2026-07-27","2026-07-28 05:38:08 UTC"
"FO","Forkball",22,86.0954545454545,3.36818181818182,-1.89090909090909,2026-05-21,14,"calendar_day_rolling_pitch_quality_v1","2026-07-27","2026-07-28 05:38:08 UTC"
"FS","Splitter",1611,86.4133457479826,9.87436374922408,3.04425822470515,2026-05-21,14,"calendar_day_rolling_pitch_quality_v1","2026-07-27","2026-07-28 05:38:08 UTC"
"KC","Knuckle Curve",898,82.3402004454343,-6.91926503340757,-9.67405345211581,2026-05-21,14,"calendar_day_rolling_pitch_quality_v1","2026-07-27","2026-07-28 05:38:08 UTC"
"KN","Knuckle Ball",13,78.9538461538462,-2.33846153846154,-1.01538461538462,2026-05-21,14,"calendar_day_rolling_pitch_quality_v1","2026-07-27","2026-07-28 05:38:08 UTC"
"SI","Sinker",9222,94.0713836477988,5.95213619605292,7.32404033832141,2026-05-21,14,"calendar_day_rolling_pitch_quality_v1","2026-07-27","2026-07-28 05:38:08 UTC"
"SL","Slider",7421,86.2204554642231,-1.39702196469479,1.35702735480393,2026-05-21,14,"calendar_day_rolling_pitch_quality_v1","2026-07-27","2026-07-28 05:38:08 UTC"
"ST","Sweeper",4382,82.9841396622547,-5.7408032861707,0.663099041533546,2026-05-21,14,"calendar_day_rolling_pitch_quality_v1","2026-07-27","2026-07-28 05:38:08 UTC"
"SV","Slurve",267,81.7760299625468,0.883895131086142,-5.20337078651685,2026-05-21,14,"calendar_day_rolling_pitch_quality_v1","2026-07-27","2026-07-28 05:38:08 UTC"
"CH","Changeup",6164,86.0876216742375,4.53367942894224,4.27063595068138,2026-05-22,14,"calendar_day_rolling_pitch_quality_v1","2026-07-27","2026-07-28 05:38:08 UTC"
"CS","Slow Curve",4,58.8,-10.95,8.95,2026-05-22,14,"calendar_day_rolling_pitch_quality_v1","2026-07-27","2026-07-28 05:38:08 UTC"
"CU","Curveball",3324,80.1459687123947,-4.54777376654633,-10.3104993983153,2026-05-22,14,"calendar_day_rolling_pitch_quality_v1","2026-07-27","2026-07-28 05:38:08 UTC"
"EP","Eephus",34,49.7764705882353,-4.03529411764706,9.40882352941177,2026-05-22,14,"calendar_day_rolling_pitch_quality_v1","2026-07-27","2026-07-28 05:38:08 UTC"
"FA","Fastball",50,72.948,8.974,14.834,2026-05-22,14,"calendar_day_rolling_pitch_quality_v1","2026-07-27","2026-07-28 05:38:08 UTC"
"FC","Cutter",4247,89.9717447610078,-1.35422651283259,8.40732281610549,2026-05-22,14,"calendar_day_rolling_pitch_quality_v1","2026-07-27","2026-07-28 05:38:08 UTC"
"FF","Four-Seam Fastball",16628,94.7453031031994,3.63076136636998,15.9043541015155,2026-05-22,14,"calendar_day_rolling_pitch_quality_v1","2026-07-27","2026-07-28 05:38:08 UTC"
"FO","Forkball",22,86.0954545454545,3.36818181818182,-1.89090909090909,2026-05-22,14,"calendar_day_rolling_pitch_quality_v1","2026-07-27","2026-07-28 05:38:08 UTC"
"FS","Splitter",1707,86.4474516695958,9.96408904510838,3.02015231400117,2026-05-22,14,"calendar_day_rolling_pitch_quality_v1","2026-07-27","2026-07-28 05:38:08 UTC"
"KC","Knuckle Curve",909,82.4174917491749,-7.22354235423542,-9.56622662266227,2026-05-22,14,"calendar_day_rolling_pitch_quality_v1","2026-07-27","2026-07-28 05:38:08 UTC"
"KN","Knuckle Ball",12,81.2583333333333,-2.15,-1.45833333333333,2026-05-22,14,"calendar_day_rolling_pitch_quality_v1","2026-07-27","2026-07-28 05:38:08 UTC"
"SI","Sinker",9262,94.0879615633772,6.17472468149428,7.29463398833945,2026-05-22,14,"calendar_day_rolling_pitch_quality_v1","2026-07-27","2026-07-28 05:38:08 UTC"
"SL","Slider",7472,86.184073875803,-1.4660465738758,1.27608404710921,2026-05-22,14,"calendar_day_rolling_pitch_quality_v1","2026-07-27","2026-07-28 05:38:08 UTC"
"ST","Sweeper",4345,83.0305638665132,-6.13707710011507,0.722623705408516,2026-05-22,14,"calendar_day_rolling_pitch_quality_v1","2026-07-27","2026-07-28 05:38:08 UTC"
"SV","Slurve",257,81.7494163424124,0.464591439688716,-5.18365758754864,2026-05-22,14,"calendar_day_rolling_pitch_quality_v1","2026-07-27","2026-07-28 05:38:08 UTC"
"CH","Changeup",6077,86.0533486917887,4.47896988645713,4.26248148757611,2026-05-23,14,"calendar_day_rolling_pitch_quality_v1","2026-07-27","2026-07-28 05:38:08 UTC"
"CS","Slow Curve",4,58.8,-10.95,8.95,2026-05-23,14,"calendar_day_rolling_pitch_quality_v1","2026-07-27","2026-07-28 05:38:08 UTC"
"CU","Curveball",3282,80.2368372943327,-4.52355271176112,-10.1710542352224,2026-05-23,14,"calendar_day_rolling_pitch_quality_v1","2026-07-27","2026-07-28 05:38:08 UTC"
"EP","Eephus",34,49.7764705882353,-4.03529411764706,9.40882352941177,2026-05-23,14,"calendar_day_rolling_pitch_quality_v1","2026-07-27","2026-07-28 05:38:08 UTC"
"FA","Fastball",50,72.948,8.974,14.834,2026-05-23,14,"calendar_day_rolling_pitch_quality_v1","2026-07-27","2026-07-28 05:38:08 UTC"
"FC","Cutter",4117,89.8733543842604,-1.25591450085013,8.3119018702939,2026-05-23,14,"calendar_day_rolling_pitch_quality_v1","2026-07-27","2026-07-28 05:38:08 UTC"
"FF","Four-Seam Fastball",16362,94.7297213054639,3.75946705781689,15.8741351912969,2026-05-23,14,"calendar_day_rolling_pitch_quality_v1","2026-07-27","2026-07-28 05:38:08 UTC"
"FO","Forkball",23,86.1173913043478,3.42608695652174,-1.74782608695652,2026-05-23,14,"calendar_day_rolling_pitch_quality_v1","2026-07-27","2026-07-28 05:38:08 UTC"
"FS","Splitter",1690,86.7860946745562,10.107100591716,2.92816568047337,2026-05-23,14,"calendar_day_rolling_pitch_quality_v1","2026-07-27","2026-07-28 05:38:08 UTC"
"KC","Knuckle Curve",822,82.5026763990268,-7.14391727493917,-9.7794403892944,2026-05-23,14,"calendar_day_rolling_pitch_quality_v1","2026-07-27","2026-07-28 05:38:08 UTC"
"KN","Knuckle Ball",12,81.2583333333333,-2.15,-1.45833333333333,2026-05-23,14,"calendar_day_rolling_pitch_quality_v1","2026-07-27","2026-07-28 05:38:08 UTC"
"SI","Sinker",9183,94.0841337253621,6.12997930959381,7.3078079059131,2026-05-23,14,"calendar_day_rolling_pitch_quality_v1","2026-07-27","2026-07-28 05:38:08 UTC"
"SL","Slider",7447,86.280569356788,-1.58244930844635,1.25811736269639,2026-05-23,14,"calendar_day_rolling_pitch_quality_v1","2026-07-27","2026-07-28 05:38:08 UTC"
"ST","Sweeper",4412,83.166092475068,-6.44140979147779,0.835108794197643,2026-05-23,14,"calendar_day_rolling_pitch_quality_v1","2026-07-27","2026-07-28 05:38:08 UTC"
"SV","Slurve",259,81.4362934362934,-2.14362934362934,-5.73320463320463,2026-05-23,14,"calendar_day_rolling_pitch_quality_v1","2026-07-27","2026-07-28 05:38:08 UTC"
"CH","Changeup",6085,85.9684798685292,4.43728841413311,4.39691043549712,2026-05-24,14,"calendar_day_rolling_pitch_quality_v1","2026-07-27","2026-07-28 05:38:08 UTC"
"CS","Slow Curve",7,64.0857142857143,-11.4571428571429,5.68571428571429,2026-05-24,14,"calendar_day_rolling_pitch_quality_v1","2026-07-27","2026-07-28 05:38:08 UTC"
"CU","Curveball",3274,80.2143555284056,-4.13005497861943,-10.3337813072694,2026-05-24,14,"calendar_day_rolling_pitch_quality_v1","2026-07-27","2026-07-28 05:38:08 UTC"
"EP","Eephus",15,50.2,3.57333333333333,20.7133333333333,2026-05-24,14,"calendar_day_rolling_pitch_quality_v1","2026-07-27","2026-07-28 05:38:08 UTC"
"FA","Fastball",50,72.948,8.974,14.834,2026-05-24,14,"calendar_day_rolling_pitch_quality_v1","2026-07-27","2026-07-28 05:38:08 UTC"
"FC","Cutter",4266,89.8060243788092,-1.19657759024848,8.23398968588842,2026-05-24,14,"calendar_day_rolling_pitch_quality_v1","2026-07-27","2026-07-28 05:38:08 UTC"
"FF","Four-Seam Fastball",16381,94.6746779805873,3.61690983456443,15.8831328978695,2026-05-24,14,"calendar_day_rolling_pitch_quality_v1","2026-07-27","2026-07-28 05:38:08 UTC"
"FO","Forkball",23,86.1173913043478,3.42608695652174,-1.74782608695652,2026-05-24,14,"calendar_day_rolling_pitch_quality_v1","2026-07-27","2026-07-28 05:38:08 UTC"
"FS","Splitter",1833,86.6982542280415,9.60229132569558,2.89890889252591,2026-05-24,14,"calendar_day_rolling_pitch_quality_v1","2026-07-27","2026-07-28 05:38:08 UTC"
"KC","Knuckle Curve",789,82.3377693282636,-6.45348542458809,-9.84271229404309,2026-05-24,14,"calendar_day_rolling_pitch_quality_v1","2026-07-27","2026-07-28 05:38:08 UTC"
"KN","Knuckle Ball",12,81.2583333333333,-2.15,-1.45833333333333,2026-05-24,14,"calendar_day_rolling_pitch_quality_v1","2026-07-27","2026-07-28 05:38:08 UTC"
"SI","Sinker",9173,94.0005886841818,5.94394418401832,7.36765507467568,2026-05-24,14,"calendar_day_rolling_pitch_quality_v1","2026-07-27","2026-07-28 05:38:08 UTC"
"SL","Slider",7394,86.1757776575602,-1.5960508520422,1.23972139572626,2026-05-24,14,"calendar_day_rolling_pitch_quality_v1","2026-07-27","2026-07-28 05:38:08 UTC"
"ST","Sweeper",4431,83.0675693974272,-6.37178966373279,1.00302414804784,2026-05-24,14,"calendar_day_rolling_pitch_quality_v1","2026-07-27","2026-07-28 05:38:08 UTC"
"SV","Slurve",272,81.3705882352941,-3.14080882352941,-5.82389705882353,2026-05-24,14,"calendar_day_rolling_pitch_quality_v1","2026-07-27","2026-07-28 05:38:08 UTC"
"CH","Changeup",6274,86.0283391775582,4.40731590691744,4.31255977048135,2026-05-25,14,"calendar_day_rolling_pitch_quality_v1","2026-07-27","2026-07-28 05:38:08 UTC"
"CS","Slow Curve",7,64.0857142857143,-11.4571428571429,5.68571428571429,2026-05-25,14,"calendar_day_rolling_pitch_quality_v1","2026-07-27","2026-07-28 05:38:08 UTC"
"CU","Curveball",3478,80.1970960322024,-4.15925819436458,-10.2223979298447,2026-05-25,14,"calendar_day_rolling_pitch_quality_v1","2026-07-27","2026-07-28 05:38:08 UTC"
"EP","Eephus",15,50.2,3.57333333333333,20.7133333333333,2026-05-25,14,"calendar_day_rolling_pitch_quality_v1","2026-07-27","2026-07-28 05:38:08 UTC"
"FA","Fastball",50,72.948,8.974,14.834,2026-05-25,14,"calendar_day_rolling_pitch_quality_v1","2026-07-27","2026-07-28 05:38:08 UTC"
"FC","Cutter",4404,89.7888056312443,-1.20488192552225,8.21519073569482,2026-05-25,14,"calendar_day_rolling_pitch_quality_v1","2026-07-27","2026-07-28 05:38:08 UTC"
"FF","Four-Seam Fastball",17050,94.7070439882698,3.60814662756598,15.812926686217,2026-05-25,14,"calendar_day_rolling_pitch_quality_v1","2026-07-27","2026-07-28 05:38:08 UTC"
"FO","Forkball",23,86.1173913043478,3.42608695652174,-1.74782608695652,2026-05-25,14,"calendar_day_rolling_pitch_quality_v1","2026-07-27","2026-07-28 05:38:08 UTC"
"FS","Splitter",1907,86.6680125852124,9.59722076560042,2.95201887781856,2026-05-25,14,"calendar_day_rolling_pitch_quality_v1","2026-07-27","2026-07-28 05:38:08 UTC"
"KC","Knuckle Curve",825,82.550303030303,-6.30933333333333,-9.51975757575758,2026-05-25,14,"calendar_day_rolling_pitch_quality_v1","2026-07-27","2026-07-28 05:38:08 UTC"
"KN","Knuckle Ball",12,81.2583333333333,-2.15,-1.45833333333333,2026-05-25,14,"calendar_day_rolling_pitch_quality_v1","2026-07-27","2026-07-28 05:38:08 UTC"
"SI","Sinker",9534,93.9916823998322,5.89258443465492,7.30243339626599,2026-05-25,14,"calendar_day_rolling_pitch_quality_v1","2026-07-27","2026-07-28 05:38:08 UTC"
"SL","Slider",7821,86.2483569875975,-1.54522439585731,1.32132719601074,2026-05-25,14,"calendar_day_rolling_pitch_quality_v1","2026-07-27","2026-07-28 05:38:08 UTC"
"ST","Sweeper",4632,83.0958117443869,-6.34339378238342,0.97573402417962,2026-05-25,14,"calendar_day_rolling_pitch_quality_v1","2026-07-27","2026-07-28 05:38:08 UTC"
"SV","Slurve",272,81.3705882352941,-3.14080882352941,-5.82389705882353,2026-05-25,14,"calendar_day_rolling_pitch_quality_v1","2026-07-27","2026-07-28 05:38:08 UTC"
"CH","Changeup",6181,85.9510758776897,4.10563015693254,4.30634201585504,2026-05-26,14,"calendar_day_rolling_pitch_quality_v1","2026-07-27","2026-07-28 05:38:08 UTC"
"CS","Slow Curve",7,64.0857142857143,-11.4571428571429,5.68571428571429,2026-05-26,14,"calendar_day_rolling_pitch_quality_v1","2026-07-27","2026-07-28 05:38:08 UTC"
"CU","Curveball",3529,80.0625672995183,-4.04386511759705,-10.2073675262114,2026-05-26,14,"calendar_day_rolling_pitch_quality_v1","2026-07-27","2026-07-28 05:38:08 UTC"
"EP","Eephus",43,48.0511627906977,2.0046511627907,16.5093023255814,2026-05-26,14,"calendar_day_rolling_pitch_quality_v1","2026-07-27","2026-07-28 05:38:08 UTC"
"FA","Fastball",46,72.6326086956522,9.15652173913044,14.5108695652174,2026-05-26,14,"calendar_day_rolling_pitch_quality_v1","2026-07-27","2026-07-28 05:38:08 UTC"
"FC","Cutter",4377,89.7564313456705,-1.18439570482065,8.27617089330592,2026-05-26,14,"calendar_day_rolling_pitch_quality_v1","2026-07-27","2026-07-28 05:38:08 UTC"
"FF","Four-Seam Fastball",16976,94.7090245051838,3.45924245994345,15.8050188501414,2026-05-26,14,"calendar_day_rolling_pitch_quality_v1","2026-07-27","2026-07-28 05:38:08 UTC"
"FO","Forkball",12,86.275,3.8,0.108333333333333,2026-05-26,14,"calendar_day_rolling_pitch_quality_v1","2026-07-27","2026-07-28 05:38:08 UTC"
"FS","Splitter",1867,86.5686663095876,9.62854847348688,3.06652383502946,2026-05-26,14,"calendar_day_rolling_pitch_quality_v1","2026-07-27","2026-07-28 05:38:08 UTC"
"KC","Knuckle Curve",930,82.665376344086,-6.53268817204301,-9.62752688172043,2026-05-26,14,"calendar_day_rolling_pitch_quality_v1","2026-07-27","2026-07-28 05:38:08 UTC"
"KN","Knuckle Ball",5,79.78,-1.3,-1.54,2026-05-26,14,"calendar_day_rolling_pitch_quality_v1","2026-07-27","2026-07-28 05:38:08 UTC"
"SI","Sinker",9198,94.0039573820396,5.54941291585127,7.44406392694064,2026-05-26,14,"calendar_day_rolling_pitch_quality_v1","2026-07-27","2026-07-28 05:38:08 UTC"
"SL","Slider",7795,86.340936497755,-1.46927517639513,1.39499679281591,2026-05-26,14,"calendar_day_rolling_pitch_quality_v1","2026-07-27","2026-07-28 05:38:08 UTC"
"ST","Sweeper",4469,83.0158424703513,-5.8593645110763,0.98489594987693,2026-05-26,14,"calendar_day_rolling_pitch_quality_v1","2026-07-27","2026-07-28 05:38:08 UTC"
"SV","Slurve",276,81.7159420289855,1.0018115942029,-4.77282608695652,2026-05-26,14,"calendar_day_rolling_pitch_quality_v1","2026-07-27","2026-07-28 05:38:08 UTC"
"CH","Changeup",6318,85.9089427033871,3.96326369104147,4.33262108262108,2026-05-27,14,"calendar_day_rolling_pitch_quality_v1","2026-07-27","2026-07-28 05:38:08 UTC"
"CS","Slow Curve",6,62.6833333333333,-11.5333333333333,9.2,2026-05-27,14,"calendar_day_rolling_pitch_quality_v1","2026-07-27","2026-07-28 05:38:08 UTC"
"CU","Curveball",3527,80.0740572724695,-3.87848029486816,-10.1557981287213,2026-05-27,14,"calendar_day_rolling_pitch_quality_v1","2026-07-27","2026-07-28 05:38:08 UTC"
"EP","Eephus",59,46.6169491525424,2.40677966101695,16.8423728813559,2026-05-27,14,"calendar_day_rolling_pitch_quality_v1","2026-07-27","2026-07-28 05:38:08 UTC"
"FA","Fastball",53,70.9018867924528,8.87735849056604,14.8018867924528,2026-05-27,14,"calendar_day_rolling_pitch_quality_v1","2026-07-27","2026-07-28 05:38:08 UTC"
"FC","Cutter",4481,89.7755188573979,-1.16145949564829,8.32175853604106,2026-05-27,14,"calendar_day_rolling_pitch_quality_v1","2026-07-27","2026-07-28 05:38:08 UTC"
"FF","Four-Seam Fastball",17226,94.6787182166493,3.57795193312435,15.7772553117381,2026-05-27,14,"calendar_day_rolling_pitch_quality_v1","2026-07-27","2026-07-28 05:38:08 UTC"
"FO","Forkball",12,86.275,3.8,0.108333333333333,2026-05-27,14,"calendar_day_rolling_pitch_quality_v1","2026-07-27","2026-07-28 05:38:08 UTC"
"FS","Splitter",1907,86.6307288935501,10.05128474043,2.89260618772942,2026-05-27,14,"calendar_day_rolling_pitch_quality_v1","2026-07-27","2026-07-28 05:38:08 UTC"
"KC","Knuckle Curve",1006,82.6498011928429,-7.09502982107356,-9.37852882703777,2026-05-27,14,"calendar_day_rolling_pitch_quality_v1","2026-07-27","2026-07-28 05:38:08 UTC"
"KN","Knuckle Ball",5,79.78,-1.3,-1.54,2026-05-27,14,"calendar_day_rolling_pitch_quality_v1","2026-07-27","2026-07-28 05:38:08 UTC"
"SI","Sinker",9236,94.0486790818536,5.53686660892161,7.46273278475531,2026-05-27,14,"calendar_day_rolling_pitch_quality_v1","2026-07-27","2026-07-28 05:38:08 UTC"
"SL","Slider",7762,86.2130378768359,-1.42369234733316,1.38947436227776,2026-05-27,14,"calendar_day_rolling_pitch_quality_v1","2026-07-27","2026-07-28 05:38:08 UTC"
"ST","Sweeper",4388,83.0366909753874,-5.77010027347311,0.897105742935278,2026-05-27,14,"calendar_day_rolling_pitch_quality_v1","2026-07-27","2026-07-28 05:38:08 UTC"
"SV","Slurve",289,81.640830449827,-0.966089965397924,-5.25432525951557,2026-05-27,14,"calendar_day_rolling_pitch_quality_v1","2026-07-27","2026-07-28 05:38:08 UTC"
"CH","Changeup",6031,85.9213231636544,4.15176587630575,4.40547172939811,2026-05-28,14,"calendar_day_rolling_pitch_quality_v1","2026-07-27","2026-07-28 05:38:08 UTC"
"CS","Slow Curve",5,60.22,-10.14,14.5,2026-05-28,14,"calendar_day_rolling_pitch_quality_v1","2026-07-27","2026-07-28 05:38:08 UTC"
"CU","Curveball",3467,80.1072685318719,-4.03455436977214,-10.0673781367176,2026-05-28,14,"calendar_day_rolling_pitch_quality_v1","2026-07-27","2026-07-28 05:38:08 UTC"
"EP","Eephus",58,46.6086206896552,2.34310344827586,16.8672413793103,2026-05-28,14,"calendar_day_rolling_pitch_quality_v1","2026-07-27","2026-07-28 05:38:08 UTC"
"FA","Fastball",31,65.7193548387097,9.50645161290323,13.058064516129,2026-05-28,14,"calendar_day_rolling_pitch_quality_v1","2026-07-27","2026-07-28 05:38:08 UTC"
"FC","Cutter",4298,89.7741042345277,-1.19032107957189,8.31354118194509,2026-05-28,14,"calendar_day_rolling_pitch_quality_v1","2026-07-27","2026-07-28 05:38:08 UTC"
"FF","Four-Seam Fastball",16741,94.7012424586345,3.72917388447524,15.7881787228959,2026-05-28,14,"calendar_day_rolling_pitch_quality_v1","2026-07-27","2026-07-28 05:38:08 UTC"
"FO","Forkball",14,85.2285714285714,4.05714285714286,-0.521428571428571,2026-05-28,14,"calendar_day_rolling_pitch_quality_v1","2026-07-27","2026-07-28 05:38:08 UTC"
"FS","Splitter",1876,86.7118336886994,10.2030383795309,2.95101279317697,2026-05-28,14,"calendar_day_rolling_pitch_quality_v1","2026-07-27","2026-07-28 05:38:08 UTC"
"KC","Knuckle Curve",966,82.5156314699793,-7.33944099378882,-9.60910973084886,2026-05-28,14,"calendar_day_rolling_pitch_quality_v1","2026-07-27","2026-07-28 05:38:08 UTC"
"SI","Sinker",8893,94.0212864050377,5.54039131901496,7.48147981558529,2026-05-28,14,"calendar_day_rolling_pitch_quality_v1","2026-07-27","2026-07-28 05:38:08 UTC"
"SL","Slider",7488,86.2476762820513,-1.48818108974359,1.45301816239316,2026-05-28,14,"calendar_day_rolling_pitch_quality_v1","2026-07-27","2026-07-28 05:38:08 UTC"
"ST","Sweeper",4138,83.0192363460609,-6.02602706621556,0.977066215563074,2026-05-28,14,"calendar_day_rolling_pitch_quality_v1","2026-07-27","2026-07-28 05:38:08 UTC"
"SV","Slurve",262,81.5725190839695,-2.41679389312977,-5.1324427480916,2026-05-28,14,"calendar_day_rolling_pitch_quality_v1","2026-07-27","2026-07-28 05:38:08 UTC"
"CH","Changeup",6090,85.9025287356322,4.40018062397373,4.49131362889984,2026-05-29,14,"calendar_day_rolling_pitch_quality_v1","2026-07-27","2026-07-28 05:38:08 UTC"
"CS","Slow Curve",5,60.22,-10.14,14.5,2026-05-29,14,"calendar_day_rolling_pitch_quality_v1","2026-07-27","2026-07-28 05:38:08 UTC"
"CU","Curveball",3467,79.9318719353908,-4.05093740986444,-10.0675511970003,2026-05-29,14,"calendar_day_rolling_pitch_quality_v1","2026-07-27","2026-07-28 05:38:08 UTC"
"EP","Eephus",58,46.6086206896552,2.34310344827586,16.8672413793103,2026-05-29,14,"calendar_day_rolling_pitch_quality_v1","2026-07-27","2026-07-28 05:38:08 UTC"
"FA","Fastball",31,65.7193548387097,9.50645161290323,13.058064516129,2026-05-29,14,"calendar_day_rolling_pitch_quality_v1","2026-07-27","2026-07-28 05:38:08 UTC"
"FC","Cutter",4318,89.7331171838814,-1.08119499768411,8.25182955071793,2026-05-29,14,"calendar_day_rolling_pitch_quality_v1","2026-07-27","2026-07-28 05:38:08 UTC"
"FF","Four-Seam Fastball",16619,94.7083278175582,3.69382032613274,15.7454780672724,2026-05-29,14,"calendar_day_rolling_pitch_quality_v1","2026-07-27","2026-07-28 05:38:08 UTC"
"FO","Forkball",14,85.2285714285714,4.05714285714286,-0.521428571428571,2026-05-29,14,"calendar_day_rolling_pitch_quality_v1","2026-07-27","2026-07-28 05:38:08 UTC"
"FS","Splitter",1885,86.7781962864722,9.88302387267905,2.98694960212202,2026-05-29,14,"calendar_day_rolling_pitch_quality_v1","2026-07-27","2026-07-28 05:38:08 UTC"
"KC","Knuckle Curve",876,82.501598173516,-7.11324200913242,-9.65650684931507,2026-05-29,14,"calendar_day_rolling_pitch_quality_v1","2026-07-27","2026-07-28 05:38:08 UTC"
"SI","Sinker",8827,94.0013028208904,5.59264755862694,7.50296816585476,2026-05-29,14,"calendar_day_rolling_pitch_quality_v1","2026-07-27","2026-07-28 05:38:08 UTC"
"SL","Slider",7459,86.2153505831881,-1.48572194664164,1.35003351655718,2026-05-29,14,"calendar_day_rolling_pitch_quality_v1","2026-07-27","2026-07-28 05:38:08 UTC"
"ST","Sweeper",4175,83.0531976047904,-6.03729341317365,0.996023952095808,2026-05-29,14,"calendar_day_rolling_pitch_quality_v1","2026-07-27","2026-07-28 05:38:08 UTC"
"SV","Slurve",270,81.49,-1.60777777777778,-5.23555555555556,2026-05-29,14,"calendar_day_rolling_pitch_quality_v1","2026-07-27","2026-07-28 05:38:08 UTC"
"CH","Changeup",5999,85.9397566261043,4.45919319886648,4.54100683447241,2026-05-30,14,"calendar_day_rolling_pitch_quality_v1","2026-07-27","2026-07-28 05:38:08 UTC"
"CS","Slow Curve",11,65.5818181818182,-13.0272727272727,4.61818181818182,2026-05-30,14,"calendar_day_rolling_pitch_quality_v1","2026-07-27","2026-07-28 05:38:08 UTC"
"CU","Curveball",3416,79.9166569086651,-3.80257611241218,-10.2294203747073,2026-05-30,14,"calendar_day_rolling_pitch_quality_v1","2026-07-27","2026-07-28 05:38:08 UTC"
"EP","Eephus",58,46.6086206896552,2.34310344827586,16.8672413793103,2026-05-30,14,"calendar_day_rolling_pitch_quality_v1","2026-07-27","2026-07-28 05:38:08 UTC"
"FA","Fastball",31,65.7193548387097,9.50645161290323,13.058064516129,2026-05-30,14,"calendar_day_rolling_pitch_quality_v1","2026-07-27","2026-07-28 05:38:08 UTC"
"FC","Cutter",4222,89.7516342965419,-1.01302700142113,8.04535765040265,2026-05-30,14,"calendar_day_rolling_pitch_quality_v1","2026-07-27","2026-07-28 05:38:08 UTC"
"FF","Four-Seam Fastball",16601,94.7096500210831,3.65841214384676,15.7370339136197,2026-05-30,14,"calendar_day_rolling_pitch_quality_v1","2026-07-27","2026-07-28 05:38:08 UTC"
"FO","Forkball",14,85.2285714285714,4.05714285714286,-0.521428571428571,2026-05-30,14,"calendar_day_rolling_pitch_quality_v1","2026-07-27","2026-07-28 05:38:08 UTC"
"FS","Splitter",1855,86.8535849056604,9.98517520215633,2.95676549865229,2026-05-30,14,"calendar_day_rolling_pitch_quality_v1","2026-07-27","2026-07-28 05:38:08 UTC"
"KC","Knuckle Curve",877,82.5622576966933,-6.95336374002281,-9.4811858608894,2026-05-30,14,"calendar_day_rolling_pitch_quality_v1","2026-07-27","2026-07-28 05:38:08 UTC"
"SI","Sinker",8847,94.0142534192382,5.67880637504239,7.54610602464112,2026-05-30,14,"calendar_day_rolling_pitch_quality_v1","2026-07-27","2026-07-28 05:38:08 UTC"
"SL","Slider",7359,86.1994836254926,-1.41327626036146,1.33558907460253,2026-05-30,14,"calendar_day_rolling_pitch_quality_v1","2026-07-27","2026-07-28 05:38:08 UTC"
"ST","Sweeper",4320,83.0822222222222,-6.39449074074074,1.08284722222222,2026-05-30,14,"calendar_day_rolling_pitch_quality_v1","2026-07-27","2026-07-28 05:38:08 UTC"
"SV","Slurve",279,81.4172043010753,-1.86415770609319,-5.47168458781362,2026-05-30,14,"calendar_day_rolling_pitch_quality_v1","2026-07-27","2026-07-28 05:38:08 UTC"
"CH","Changeup",6050,86.0366446280992,4.10176859504132,4.38943801652893,2026-05-31,14,"calendar_day_rolling_pitch_quality_v1","2026-07-27","2026-07-28 05:38:08 UTC"
"CS","Slow Curve",11,65.5818181818182,-13.0272727272727,4.61818181818182,2026-05-31,14,"calendar_day_rolling_pitch_quality_v1","2026-07-27","2026-07-28 05:38:08 UTC"
"CU","Curveball",3598,79.9384102279044,-3.45625347415231,-10.2201500833797,2026-05-31,14,"calendar_day_rolling_pitch_quality_v1","2026-07-27","2026-07-28 05:38:08 UTC"
"EP","Eephus",58,46.6086206896552,2.34310344827586,16.8672413793103,2026-05-31,14,"calendar_day_rolling_pitch_quality_v1","2026-07-27","2026-07-28 05:38:08 UTC"
"FA","Fastball",40,65.835,10.28,11.54,2026-05-31,14,"calendar_day_rolling_pitch_quality_v1","2026-07-27","2026-07-28 05:38:08 UTC"
"FC","Cutter",4256,89.7774906015038,-0.979111842105263,8.05852913533835,2026-05-31,14,"calendar_day_rolling_pitch_quality_v1","2026-07-27","2026-07-28 05:38:08 UTC"
"FF","Four-Seam Fastball",16909,94.7693003725826,3.5970489088651,15.7852386303152,2026-05-31,14,"calendar_day_rolling_pitch_quality_v1","2026-07-27","2026-07-28 05:38:08 UTC"
"FO","Forkball",6,84.3,5.61666666666667,-0.0833333333333334,2026-05-31,14,"calendar_day_rolling_pitch_quality_v1","2026-07-27","2026-07-28 05:38:08 UTC"
"FS","Splitter",1718,86.8541327124563,9.83352735739232,3.09359720605355,2026-05-31,14,"calendar_day_rolling_pitch_quality_v1","2026-07-27","2026-07-28 05:38:08 UTC"
"KC","Knuckle Curve",876,82.6688356164383,-6.56301369863014,-9.35627853881279,2026-05-31,14,"calendar_day_rolling_pitch_quality_v1","2026-07-27","2026-07-28 05:38:08 UTC"
"SI","Sinker",8765,94.0585054192812,5.28726754135767,7.63734169994296,2026-05-31,14,"calendar_day_rolling_pitch_quality_v1","2026-07-27","2026-07-28 05:38:08 UTC"
"SL","Slider",7607,86.2490206388852,-1.35501511765479,1.52119100828185,2026-05-31,14,"calendar_day_rolling_pitch_quality_v1","2026-07-27","2026-07-28 05:38:08 UTC"
"ST","Sweeper",4280,83.1594392523365,-6.39219626168224,0.977546728971962,2026-05-31,14,"calendar_day_rolling_pitch_quality_v1","2026-07-27","2026-07-28 05:38:08 UTC"
"SV","Slurve",235,81.5770212765958,-0.594042553191489,-5.31829787234043,2026-05-31,14,"calendar_day_rolling_pitch_quality_v1","2026-07-27","2026-07-28 05:38:08 UTC"
"CH","Changeup",6006,86.037962037962,4.58826173826174,4.37372627372627,2026-06-01,14,"calendar_day_rolling_pitch_quality_v1","2026-07-27","2026-07-28 05:38:08 UTC"
"CS","Slow Curve",9,70.4111111111111,-14.3333333333333,-1.96666666666667,2026-06-01,14,"calendar_day_rolling_pitch_quality_v1","2026-07-27","2026-07-28 05:38:08 UTC"
"CU","Curveball",3483,80.003789836348,-3.70677576801608,-10.2892908412288,2026-06-01,14,"calendar_day_rolling_pitch_quality_v1","2026-07-27","2026-07-28 05:38:08 UTC"
"EP","Eephus",46,45.604347826087,2.08260869565217,15.6565217391304,2026-06-01,14,"calendar_day_rolling_pitch_quality_v1","2026-07-27","2026-07-28 05:38:08 UTC"
"FA","Fastball",68,63.5588235294118,8.96323529411765,12.8911764705882,2026-06-01,14,"calendar_day_rolling_pitch_quality_v1","2026-07-27","2026-07-28 05:38:08 UTC"
"FC","Cutter",4067,89.7596016719941,-1.01052372756331,8.07907548561593,2026-06-01,14,"calendar_day_rolling_pitch_quality_v1","2026-07-27","2026-07-28 05:38:08 UTC"
"FF","Four-Seam Fastball",16674,94.7762144656351,3.71282835552357,15.8005637519491,2026-06-01,14,"calendar_day_rolling_pitch_quality_v1","2026-07-27","2026-07-28 05:38:08 UTC"
"FO","Forkball",6,84.3,5.61666666666667,-0.0833333333333334,2026-06-01,14,"calendar_day_rolling_pitch_quality_v1","2026-07-27","2026-07-28 05:38:08 UTC"
"FS","Splitter",1657,86.8453832226916,10.0031382015691,2.99849124924562,2026-06-01,14,"calendar_day_rolling_pitch_quality_v1","2026-07-27","2026-07-28 05:38:08 UTC"
"KC","Knuckle Curve",914,82.7257111597374,-6.70809628008753,-9.29080962800875,2026-06-01,14,"calendar_day_rolling_pitch_quality_v1","2026-07-27","2026-07-28 05:38:08 UTC"
"SI","Sinker",8645,94.0901214574899,5.67156737998843,7.60694042799306,2026-06-01,14,"calendar_day_rolling_pitch_quality_v1","2026-07-27","2026-07-28 05:38:08 UTC"
"SL","Slider",7520,86.2590824468085,-1.37204787234043,1.49973404255319,2026-06-01,14,"calendar_day_rolling_pitch_quality_v1","2026-07-27","2026-07-28 05:38:08 UTC"
"ST","Sweeper",4173,83.1462497004553,-6.3169901749341,0.939731607955907,2026-06-01,14,"calendar_day_rolling_pitch_quality_v1","2026-07-27","2026-07-28 05:38:08 UTC"
"SV","Slurve",240,81.5254166666667,-0.340416666666667,-5.45208333333333,2026-06-01,14,"calendar_day_rolling_pitch_quality_v1","2026-07-27","2026-07-28 05:38:08 UTC"
"CH","Changeup",5754,86.0020159888773,4.29711505039972,4.4464372610358,2026-06-02,14,"calendar_day_rolling_pitch_quality_v1","2026-07-27","2026-07-28 05:38:08 UTC"
"CS","Slow Curve",9,70.4111111111111,-14.3333333333333,-1.96666666666667,2026-06-02,14,"calendar_day_rolling_pitch_quality_v1","2026-07-27","2026-07-28 05:38:08 UTC"
"CU","Curveball",3492,79.9690148911798,-3.54513172966781,-10.2882302405498,2026-06-02,14,"calendar_day_rolling_pitch_quality_v1","2026-07-27","2026-07-28 05:38:08 UTC"
"EP","Eephus",46,45.604347826087,2.08260869565217,15.6565217391304,2026-06-02,14,"calendar_day_rolling_pitch_quality_v1","2026-07-27","2026-07-28 05:38:08 UTC"
"FA","Fastball",68,63.5588235294118,8.96323529411765,12.8911764705882,2026-06-02,14,"calendar_day_rolling_pitch_quality_v1","2026-07-27","2026-07-28 05:38:08 UTC"
"FC","Cutter",4042,89.6912914398813,-1.07461652647204,8.05583869371598,2026-06-02,14,"calendar_day_rolling_pitch_quality_v1","2026-07-27","2026-07-28 05:38:08 UTC"
"FF","Four-Seam Fastball",16701,94.7449494042273,3.58621040656248,15.7926172085504,2026-06-02,14,"calendar_day_rolling_pitch_quality_v1","2026-07-27","2026-07-28 05:38:08 UTC"
"FO","Forkball",6,84.3,5.61666666666667,-0.0833333333333334,2026-06-02,14,"calendar_day_rolling_pitch_quality_v1","2026-07-27","2026-07-28 05:38:08 UTC"
"FS","Splitter",1709,86.8284376828555,10.1997074312463,3.07009947337624,2026-06-02,14,"calendar_day_rolling_pitch_quality_v1","2026-07-27","2026-07-28 05:38:08 UTC"
"KC","Knuckle Curve",983,82.5683621566633,-7.48738555442523,-9.63184130213632,2026-06-02,14,"calendar_day_rolling_pitch_quality_v1","2026-07-27","2026-07-28 05:38:08 UTC"
"SI","Sinker",8499,94.1092246146605,5.57364395811272,7.61377809154018,2026-06-02,14,"calendar_day_rolling_pitch_quality_v1","2026-07-27","2026-07-28 05:38:08 UTC"
"SL","Slider",7403,86.1312711063083,-1.2749831149534,1.46517627988653,2026-06-02,14,"calendar_day_rolling_pitch_quality_v1","2026-07-27","2026-07-28 05:38:08 UTC"
"ST","Sweeper",4103,83.0448696076042,-6.27104557640751,0.910114550329028,2026-06-02,14,"calendar_day_rolling_pitch_quality_v1","2026-07-27","2026-07-28 05:38:08 UTC"
"SV","Slurve",266,81.7996240601504,1.60375939849624,-5.66428571428571,2026-06-02,14,"calendar_day_rolling_pitch_quality_v1","2026-07-27","2026-07-28 05:38:08 UTC"
"CH","Changeup",5766,86.0529483177246,4.44667013527575,4.50570586194936,2026-06-03,14,"calendar_day_rolling_pitch_quality_v1","2026-07-27","2026-07-28 05:38:08 UTC"
"CS","Slow Curve",11,70.2454545454545,-14.1181818181818,-4.4,2026-06-03,14,"calendar_day_rolling_pitch_quality_v1","2026-07-27","2026-07-28 05:38:08 UTC"
"CU","Curveball",3539,80.0286804181972,-3.52441367617971,-10.2794574738627,2026-06-03,14,"calendar_day_rolling_pitch_quality_v1","2026-07-27","2026-07-28 05:38:08 UTC"
"EP","Eephus",46,45.604347826087,2.08260869565217,15.6565217391304,2026-06-03,14,"calendar_day_rolling_pitch_quality_v1","2026-07-27","2026-07-28 05:38:08 UTC"
"FA","Fastball",55,64.2163636363636,9.36181818181818,13.5581818181818,2026-06-03,14,"calendar_day_rolling_pitch_quality_v1","2026-07-27","2026-07-28 05:38:08 UTC"
"FC","Cutter",4031,89.6565120317539,-1.09908211361945,7.93515256760109,2026-06-03,14,"calendar_day_rolling_pitch_quality_v1","2026-07-27","2026-07-28 05:38:08 UTC"
"FF","Four-Seam Fastball",16464,94.8020894071915,3.69944727891157,15.805138483965,2026-06-03,14,"calendar_day_rolling_pitch_quality_v1","2026-07-27","2026-07-28 05:38:08 UTC"
"FO","Forkball",6,84.3,5.61666666666667,-0.0833333333333334,2026-06-03,14,"calendar_day_rolling_pitch_quality_v1","2026-07-27","2026-07-28 05:38:08 UTC"
"FS","Splitter",1677,86.9149672033393,10.0134764460346,2.99272510435301,2026-06-03,14,"calendar_day_rolling_pitch_quality_v1","2026-07-27","2026-07-28 05:38:08 UTC"
"KC","Knuckle Curve",908,82.6803964757709,-7.55132158590308,-9.84129955947136,2026-06-03,14,"calendar_day_rolling_pitch_quality_v1","2026-07-27","2026-07-28 05:38:08 UTC"
"SI","Sinker",8385,94.1384615384615,5.74223017292785,7.6273106738223,2026-06-03,14,"calendar_day_rolling_pitch_quality_v1","2026-07-27","2026-07-28 05:38:08 UTC"
"SL","Slider",7324,86.1945931185145,-1.39309120699072,1.40163844893501,2026-06-03,14,"calendar_day_rolling_pitch_quality_v1","2026-07-27","2026-07-28 05:38:08 UTC"
"ST","Sweeper",4119,83.1285991745569,-6.72665695557174,0.910657926681233,2026-06-03,14,"calendar_day_rolling_pitch_quality_v1","2026-07-27","2026-07-28 05:38:08 UTC"
"SV","Slurve",286,81.9804195804196,-0.902447552447552,-5.91573426573427,2026-06-03,14,"calendar_day_rolling_pitch_quality_v1","2026-07-27","2026-07-28 05:38:08 UTC"
"CH","Changeup",5936,86.1079851752022,4.63419811320755,4.45436320754717,2026-06-04,14,"calendar_day_rolling_pitch_quality_v1","2026-07-27","2026-07-28 05:38:08 UTC"
"CS","Slow Curve",14,70.3071428571429,-14.6428571428571,-3.96428571428571,2026-06-04,14,"calendar_day_rolling_pitch_quality_v1","2026-07-27","2026-07-28 05:38:08 UTC"
"CU","Curveball",3557,79.9488614000562,-3.9214506606691,-10.2069440539781,2026-06-04,14,"calendar_day_rolling_pitch_quality_v1","2026-07-27","2026-07-28 05:38:08 UTC"
"EP","Eephus",46,45.604347826087,2.08260869565217,15.6565217391304,2026-06-04,14,"calendar_day_rolling_pitch_quality_v1","2026-07-27","2026-07-28 05:38:08 UTC"
"FA","Fastball",55,64.2163636363636,9.36181818181818,13.5581818181818,2026-06-04,14,"calendar_day_rolling_pitch_quality_v1","2026-07-27","2026-07-28 05:38:08 UTC"
"FC","Cutter",4117,89.6322079183872,-1.06529025989798,7.91372358513481,2026-06-04,14,"calendar_day_rolling_pitch_quality_v1","2026-07-27","2026-07-28 05:38:08 UTC"
"FF","Four-Seam Fastball",16818,94.7940123677013,3.63894636698775,15.7456594125342,2026-06-04,14,"calendar_day_rolling_pitch_quality_v1","2026-07-27","2026-07-28 05:38:08 UTC"
"FO","Forkball",6,84.3,5.61666666666667,-0.0833333333333334,2026-06-04,14,"calendar_day_rolling_pitch_quality_v1","2026-07-27","2026-07-28 05:38:08 UTC"
"FS","Splitter",1685,86.9111572700297,9.99643916913947,2.93661721068249,2026-06-04,14,"calendar_day_rolling_pitch_quality_v1","2026-07-27","2026-07-28 05:38:08 UTC"
"KC","Knuckle Curve",920,82.5970652173913,-7.42923913043478,-9.81195652173913,2026-06-04,14,"calendar_day_rolling_pitch_quality_v1","2026-07-27","2026-07-28 05:38:08 UTC"
"SI","Sinker",8652,94.130328247804,5.77898751733703,7.61061026352288,2026-06-04,14,"calendar_day_rolling_pitch_quality_v1","2026-07-27","2026-07-28 05:38:08 UTC"
"SL","Slider",7446,86.1310233682514,-1.29825409615901,1.37496642492613,2026-06-04,14,"calendar_day_rolling_pitch_quality_v1","2026-07-27","2026-07-28 05:38:08 UTC"
"ST","Sweeper",4329,83.0867405867406,-7.08429198429198,0.952737352737353,2026-06-04,14,"calendar_day_rolling_pitch_quality_v1","2026-07-27","2026-07-28 05:38:08 UTC"
"SV","Slurve",283,81.9632508833922,-0.862544169611307,-5.99646643109541,2026-06-04,14,"calendar_day_rolling_pitch_quality_v1","2026-07-27","2026-07-28 05:38:08 UTC"
"CH","Changeup",5923,86.1907985817998,4.55061624176937,4.39145703190951,2026-06-05,14,"calendar_day_rolling_pitch_quality_v1","2026-07-27","2026-07-28 05:38:08 UTC"
"CS","Slow Curve",14,70.3071428571429,-14.6428571428571,-3.96428571428571,2026-06-05,14,"calendar_day_rolling_pitch_quality_v1","2026-07-27","2026-07-28 05:38:08 UTC"
"CU","Curveball",3540,79.9810734463277,-3.91629943502825,-10.3068926553672,2026-06-05,14,"calendar_day_rolling_pitch_quality_v1","2026-07-27","2026-07-28 05:38:08 UTC"
"EP","Eephus",47,45.6851063829787,2.04255319148936,15.7553191489362,2026-06-05,14,"calendar_day_rolling_pitch_quality_v1","2026-07-27","2026-07-28 05:38:08 UTC"
"FA","Fastball",61,63.1409836065574,9.05737704918033,14.0786885245902,2026-06-05,14,"calendar_day_rolling_pitch_quality_v1","2026-07-27","2026-07-28 05:38:08 UTC"
"FC","Cutter",4008,89.5658183632735,-1.06045409181637,7.700124750499,2026-06-05,14,"calendar_day_rolling_pitch_quality_v1","2026-07-27","2026-07-28 05:38:08 UTC"
"FF","Four-Seam Fastball",16480,94.8111529126214,3.53192961165049,15.7028822815534,2026-06-05,14,"calendar_day_rolling_pitch_quality_v1","2026-07-27","2026-07-28 05:38:08 UTC"
"FO","Forkball",6,84.3,5.61666666666667,-0.0833333333333334,2026-06-05,14,"calendar_day_rolling_pitch_quality_v1","2026-07-27","2026-07-28 05:38:08 UTC"
"FS","Splitter",1655,86.8326888217523,9.50628398791541,3.14151057401813,2026-06-05,14,"calendar_day_rolling_pitch_quality_v1","2026-07-27","2026-07-28 05:38:08 UTC"
"KC","Knuckle Curve",870,82.6113793103448,-7.07402298850575,-9.76827586206896,2026-06-05,14,"calendar_day_rolling_pitch_quality_v1","2026-07-27","2026-07-28 05:38:08 UTC"
"SI","Sinker",8563,94.1043676281677,5.63670442601892,7.59155669741913,2026-06-05,14,"calendar_day_rolling_pitch_quality_v1","2026-07-27","2026-07-28 05:38:08 UTC"
"SL","Slider",7373,86.2036077580361,-1.2399701613997,1.50721551607216,2026-06-05,14,"calendar_day_rolling_pitch_quality_v1","2026-07-27","2026-07-28 05:38:08 UTC"
"ST","Sweeper",4323,83.1262549155679,-6.81570668517233,0.836409900532038,2026-06-05,14,"calendar_day_rolling_pitch_quality_v1","2026-07-27","2026-07-28 05:38:08 UTC"
"SV","Slurve",281,81.9430604982206,-0.825622775800712,-5.99893238434164,2026-06-05,14,"calendar_day_rolling_pitch_quality_v1","2026-07-27","2026-07-28 05:38:08 UTC"
"CH","Changeup",6050,86.2503636363636,4.3635867768595,4.42676033057851,2026-06-06,14,"calendar_day_rolling_pitch_quality_v1","2026-07-27","2026-07-28 05:38:08 UTC"
"CS","Slow Curve",14,70.3071428571429,-14.6428571428571,-3.96428571428571,2026-06-06,14,"calendar_day_rolling_pitch_quality_v1","2026-07-27","2026-07-28 05:38:08 UTC"
"CU","Curveball",3693,79.991551584078,-3.53753046303818,-10.236311941511,2026-06-06,14,"calendar_day_rolling_pitch_quality_v1","2026-07-27","2026-07-28 05:38:08 UTC"
"EP","Eephus",47,45.6851063829787,2.04255319148936,15.7553191489362,2026-06-06,14,"calendar_day_rolling_pitch_quality_v1","2026-07-27","2026-07-28 05:38:08 UTC"
"FA","Fastball",61,63.1409836065574,9.05737704918033,14.0786885245902,2026-06-06,14,"calendar_day_rolling_pitch_quality_v1","2026-07-27","2026-07-28 05:38:08 UTC"
"FC","Cutter",4022,89.5962207856788,-1.11113873694679,7.63356539035306,2026-06-06,14,"calendar_day_rolling_pitch_quality_v1","2026-07-27","2026-07-28 05:38:08 UTC"
"FF","Four-Seam Fastball",16949,94.8488229394064,3.45050445454009,15.646917222255,2026-06-06,14,"calendar_day_rolling_pitch_quality_v1","2026-07-27","2026-07-28 05:38:08 UTC"
"FO","Forkball",7,84.5714285714286,4.41428571428571,-0.685714285714286,2026-06-06,14,"calendar_day_rolling_pitch_quality_v1","2026-07-27","2026-07-28 05:38:08 UTC"
"FS","Splitter",1688,86.716528436019,9.39597156398104,3.25414691943128,2026-06-06,14,"calendar_day_rolling_pitch_quality_v1","2026-07-27","2026-07-28 05:38:08 UTC"
"KC","Knuckle Curve",894,82.8156599552573,-6.83053691275168,-9.15234899328859,2026-06-06,14,"calendar_day_rolling_pitch_quality_v1","2026-07-27","2026-07-28 05:38:08 UTC"
"SI","Sinker",8689,94.1519967775348,5.69172516975486,7.65541489239268,2026-06-06,14,"calendar_day_rolling_pitch_quality_v1","2026-07-27","2026-07-28 05:38:08 UTC"
"SL","Slider",7762,86.1736021643906,-1.2628832775058,1.55807781499613,2026-06-06,14,"calendar_day_rolling_pitch_quality_v1","2026-07-27","2026-07-28 05:38:08 UTC"
"ST","Sweeper",4278,83.0264609630669,-6.92685834502104,0.92400654511454,2026-06-06,14,"calendar_day_rolling_pitch_quality_v1","2026-07-27","2026-07-28 05:38:08 UTC"
"SV","Slurve",262,82.2011450381679,1.00839694656489,-5.85610687022901,2026-06-06,14,"calendar_day_rolling_pitch_quality_v1","2026-07-27","2026-07-28 05:38:08 UTC"
"CH","Changeup",6079,86.23763776937,4.79384767231453,4.37057081756868,2026-06-07,14,"calendar_day_rolling_pitch_quality_v1","2026-07-27","2026-07-28 05:38:08 UTC"
"CS","Slow Curve",11,70.0818181818182,-15.3272727272727,-5.40909090909091,2026-06-07,14,"calendar_day_rolling_pitch_quality_v1","2026-07-27","2026-07-28 05:38:08 UTC"
"CU","Curveball",3647,80.0649026597203,-3.44173293117631,-10.1307650123389,2026-06-07,14,"calendar_day_rolling_pitch_quality_v1","2026-07-27","2026-07-28 05:38:08 UTC"
"EP","Eephus",49,46.1204081632653,2.34081632653061,15.1836734693878,2026-06-07,14,"calendar_day_rolling_pitch_quality_v1","2026-07-27","2026-07-28 05:38:08 UTC"
"FA","Fastball",68,63.6102941176471,9.38823529411765,13.5882352941176,2026-06-07,14,"calendar_day_rolling_pitch_quality_v1","2026-07-27","2026-07-28 05:38:08 UTC"
"FC","Cutter",3919,89.6140086756826,-1.15572850216892,7.47665220719571,2026-06-07,14,"calendar_day_rolling_pitch_quality_v1","2026-07-27","2026-07-28 05:38:08 UTC"
"FF","Four-Seam Fastball",17056,94.9028553001876,3.65987335834897,15.5308044090056,2026-06-07,14,"calendar_day_rolling_pitch_quality_v1","2026-07-27","2026-07-28 05:38:08 UTC"
"FO","Forkball",7,84.5714285714286,4.41428571428571,-0.685714285714286,2026-06-07,14,"calendar_day_rolling_pitch_quality_v1","2026-07-27","2026-07-28 05:38:08 UTC"
"FS","Splitter",1572,86.9043256997456,9.87894402035623,3.28530534351145,2026-06-07,14,"calendar_day_rolling_pitch_quality_v1","2026-07-27","2026-07-28 05:38:08 UTC"
"KC","Knuckle Curve",1001,82.8097902097902,-7.24385614385614,-8.94455544455544,2026-06-07,14,"calendar_day_rolling_pitch_quality_v1","2026-07-27","2026-07-28 05:38:08 UTC"
"SI","Sinker",8665,94.1906751298327,5.84952106174264,7.59733410271206,2026-06-07,14,"calendar_day_rolling_pitch_quality_v1","2026-07-27","2026-07-28 05:38:08 UTC"
"SL","Slider",7727,86.2243561537466,-1.22096544583926,1.58978905137828,2026-06-07,14,"calendar_day_rolling_pitch_quality_v1","2026-07-27","2026-07-28 05:38:08 UTC"
"ST","Sweeper",4226,83.1413866540464,-7.03719829626124,0.735399905347847,2026-06-07,14,"calendar_day_rolling_pitch_quality_v1","2026-07-27","2026-07-28 05:38:08 UTC"
"SV","Slurve",291,82.1783505154639,-0.315807560137457,-6.20068728522337,2026-06-07,14,"calendar_day_rolling_pitch_quality_v1","2026-07-27","2026-07-28 05:38:08 UTC"
"CH","Changeup",5960,86.2144966442953,4.74934563758389,4.32345637583893,2026-06-08,14,"calendar_day_rolling_pitch_quality_v1","2026-07-27","2026-07-28 05:38:08 UTC"
"CS","Slow Curve",11,70.0818181818182,-15.3272727272727,-5.40909090909091,2026-06-08,14,"calendar_day_rolling_pitch_quality_v1","2026-07-27","2026-07-28 05:38:08 UTC"
"CU","Curveball",3482,80.1221137277427,-3.54787478460655,-10.201866743251,2026-06-08,14,"calendar_day_rolling_pitch_quality_v1","2026-07-27","2026-07-28 05:38:08 UTC"
"EP","Eephus",49,46.1204081632653,2.34081632653061,15.1836734693878,2026-06-08,14,"calendar_day_rolling_pitch_quality_v1","2026-07-27","2026-07-28 05:38:08 UTC"
"FA","Fastball",68,63.6102941176471,9.38823529411765,13.5882352941176,2026-06-08,14,"calendar_day_rolling_pitch_quality_v1","2026-07-27","2026-07-28 05:38:08 UTC"
"FC","Cutter",3830,89.593315926893,-1.14819843342037,7.47751958224543,2026-06-08,14,"calendar_day_rolling_pitch_quality_v1","2026-07-27","2026-07-28 05:38:08 UTC"
"FF","Four-Seam Fastball",16425,94.9006453576865,3.66760426179604,15.5603105022831,2026-06-08,14,"calendar_day_rolling_pitch_quality_v1","2026-07-27","2026-07-28 05:38:08 UTC"
"FO","Forkball",7,84.5714285714286,4.41428571428571,-0.685714285714286,2026-06-08,14,"calendar_day_rolling_pitch_quality_v1","2026-07-27","2026-07-28 05:38:08 UTC"
"FS","Splitter",1477,87.0706838185511,9.72173324306026,3.26283006093433,2026-06-08,14,"calendar_day_rolling_pitch_quality_v1","2026-07-27","2026-07-28 05:38:08 UTC"
"KC","Knuckle Curve",969,82.6470588235294,-7.36026831785346,-9.21310629514964,2026-06-08,14,"calendar_day_rolling_pitch_quality_v1","2026-07-27","2026-07-28 05:38:08 UTC"
"SI","Sinker",8575,94.2375510204082,5.9132944606414,7.54851311953353,2026-06-08,14,"calendar_day_rolling_pitch_quality_v1","2026-07-27","2026-07-28 05:38:08 UTC"
"SL","Slider",7423,86.1842247069918,-1.32474740670888,1.47280075441196,2026-06-08,14,"calendar_day_rolling_pitch_quality_v1","2026-07-27","2026-07-28 05:38:08 UTC"
"ST","Sweeper",4081,83.1242342563097,-7.31526586620926,0.800906640529282,2026-06-08,14,"calendar_day_rolling_pitch_quality_v1","2026-07-27","2026-07-28 05:38:08 UTC"
"SV","Slurve",291,82.1783505154639,-0.315807560137457,-6.20068728522337,2026-06-08,14,"calendar_day_rolling_pitch_quality_v1","2026-07-27","2026-07-28 05:38:08 UTC"
"CH","Changeup",6085,86.2600821692687,4.87551355792933,4.3060312243221,2026-06-09,14,"calendar_day_rolling_pitch_quality_v1","2026-07-27","2026-07-28 05:38:08 UTC"
"CS","Slow Curve",11,70.0818181818182,-15.3272727272727,-5.40909090909091,2026-06-09,14,"calendar_day_rolling_pitch_quality_v1","2026-07-27","2026-07-28 05:38:08 UTC"
"CU","Curveball",3498,80.0926529445397,-3.69516866781018,-10.0997427101201,2026-06-09,14,"calendar_day_rolling_pitch_quality_v1","2026-07-27","2026-07-28 05:38:08 UTC"
"EP","Eephus",19,44.5421052631579,3.93157894736842,16.1894736842105,2026-06-09,14,"calendar_day_rolling_pitch_quality_v1","2026-07-27","2026-07-28 05:38:08 UTC"
"FA","Fastball",68,63.6102941176471,9.38823529411765,13.5882352941176,2026-06-09,14,"calendar_day_rolling_pitch_quality_v1","2026-07-27","2026-07-28 05:38:08 UTC"
"FC","Cutter",3980,89.6727386934673,-1.16743718592965,7.42572864321608,2026-06-09,14,"calendar_day_rolling_pitch_quality_v1","2026-07-27","2026-07-28 05:38:08 UTC"
"FF","Four-Seam Fastball",16597,94.9114538772067,3.63087304934627,15.5444176658432,2026-06-09,14,"calendar_day_rolling_pitch_quality_v1","2026-07-27","2026-07-28 05:38:08 UTC"
"FO","Forkball",7,84.5714285714286,4.41428571428571,-0.685714285714286,2026-06-09,14,"calendar_day_rolling_pitch_quality_v1","2026-07-27","2026-07-28 05:38:08 UTC"
"FS","Splitter",1553,87.0810688989053,9.6979394719897,3.21873792659369,2026-06-09,14,"calendar_day_rolling_pitch_quality_v1","2026-07-27","2026-07-28 05:38:08 UTC"
"KC","Knuckle Curve",886,82.5303611738149,-7.26580135440181,-9.20981941309255,2026-06-09,14,"calendar_day_rolling_pitch_quality_v1","2026-07-27","2026-07-28 05:38:08 UTC"
"SI","Sinker",8735,94.2742873497424,5.88057240984545,7.50378935317688,2026-06-09,14,"calendar_day_rolling_pitch_quality_v1","2026-07-27","2026-07-28 05:38:08 UTC"
"SL","Slider",7501,86.1251433142248,-1.33346220503933,1.37606985735235,2026-06-09,14,"calendar_day_rolling_pitch_quality_v1","2026-07-27","2026-07-28 05:38:08 UTC"
"ST","Sweeper",4266,83.2214721050164,-7.6269807782466,0.759446788560713,2026-06-09,14,"calendar_day_rolling_pitch_quality_v1","2026-07-27","2026-07-28 05:38:08 UTC"
"SV","Slurve",264,82.1405303030303,-1.25378787878788,-6.89924242424242,2026-06-09,14,"calendar_day_rolling_pitch_quality_v1","2026-07-27","2026-07-28 05:38:08 UTC"
"CH","Changeup",6034,86.3339741465032,4.96683791846205,4.33697381504806,2026-06-10,14,"calendar_day_rolling_pitch_quality_v1","2026-07-27","2026-07-28 05:38:08 UTC"
"CS","Slow Curve",12,70.0416666666667,-15.3833333333333,-5.075,2026-06-10,14,"calendar_day_rolling_pitch_quality_v1","2026-07-27","2026-07-28 05:38:08 UTC"
"CU","Curveball",3476,80.1470080552359,-3.78236478711162,-10.1478135788262,2026-06-10,14,"calendar_day_rolling_pitch_quality_v1","2026-07-27","2026-07-28 05:38:08 UTC"
"EP","Eephus",3,54.0333333333333,6.3,7.93333333333333,2026-06-10,14,"calendar_day_rolling_pitch_quality_v1","2026-07-27","2026-07-28 05:38:08 UTC"
"FA","Fastball",61,64.0786885245902,9.65737704918033,13.2295081967213,2026-06-10,14,"calendar_day_rolling_pitch_quality_v1","2026-07-27","2026-07-28 05:38:08 UTC"
"FC","Cutter",3997,89.6358018513885,-1.17683262446835,7.21330998248686,2026-06-10,14,"calendar_day_rolling_pitch_quality_v1","2026-07-27","2026-07-28 05:38:08 UTC"
"FF","Four-Seam Fastball",16744,94.9462314859054,3.51685379837554,15.4422539417105,2026-06-10,14,"calendar_day_rolling_pitch_quality_v1","2026-07-27","2026-07-28 05:38:08 UTC"
"FO","Forkball",7,84.5714285714286,4.41428571428571,-0.685714285714286,2026-06-10,14,"calendar_day_rolling_pitch_quality_v1","2026-07-27","2026-07-28 05:38:08 UTC"
"FS","Splitter",1459,87.020287868403,9.284372858122,3.29979437971213,2026-06-10,14,"calendar_day_rolling_pitch_quality_v1","2026-07-27","2026-07-28 05:38:08 UTC"
"KC","Knuckle Curve",796,82.55,-6.55753768844221,-9.32298994974874,2026-06-10,14,"calendar_day_rolling_pitch_quality_v1","2026-07-27","2026-07-28 05:38:08 UTC"
"SI","Sinker",8841,94.239294197489,5.674527768352,7.51344870489764,2026-06-10,14,"calendar_day_rolling_pitch_quality_v1","2026-07-27","2026-07-28 05:38:08 UTC"
"SL","Slider",7728,86.2142468944099,-1.27223084886128,1.40522774327122,2026-06-10,14,"calendar_day_rolling_pitch_quality_v1","2026-07-27","2026-07-28 05:38:08 UTC"
"ST","Sweeper",4453,83.3053671682012,-7.69254435212217,0.754345385133618,2026-06-10,14,"calendar_day_rolling_pitch_quality_v1","2026-07-27","2026-07-28 05:38:08 UTC"
"SV","Slurve",259,82.4694980694981,1.28764478764479,-6.59111969111969,2026-06-10,14,"calendar_day_rolling_pitch_quality_v1","2026-07-27","2026-07-28 05:38:08 UTC"
"CH","Changeup",6070,86.3199505766063,5.04985172981878,4.36304777594728,2026-06-11,14,"calendar_day_rolling_pitch_quality_v1","2026-07-27","2026-07-28 05:38:08 UTC"
"CS","Slow Curve",12,70.0416666666667,-15.3833333333333,-5.075,2026-06-11,14,"calendar_day_rolling_pitch_quality_v1","2026-07-27","2026-07-28 05:38:08 UTC"
"CU","Curveball",3539,80.1600734670811,-3.72048601299802,-10.1187058491099,2026-06-11,14,"calendar_day_rolling_pitch_quality_v1","2026-07-27","2026-07-28 05:38:08 UTC"
"EP","Eephus",3,54.0333333333333,6.3,7.93333333333333,2026-06-11,14,"calendar_day_rolling_pitch_quality_v1","2026-07-27","2026-07-28 05:38:08 UTC"
"FA","Fastball",76,61.8078947368421,7.98289473684211,13.8605263157895,2026-06-11,14,"calendar_day_rolling_pitch_quality_v1","2026-07-27","2026-07-28 05:38:08 UTC"
"FC","Cutter",4112,89.6733219844358,-1.22025778210117,7.19900291828794,2026-06-11,14,"calendar_day_rolling_pitch_quality_v1","2026-07-27","2026-07-28 05:38:08 UTC"
"FF","Four-Seam Fastball",16898,94.9226062255888,3.4884187477808,15.4059770387028,2026-06-11,14,"calendar_day_rolling_pitch_quality_v1","2026-07-27","2026-07-28 05:38:08 UTC"
"FO","Forkball",5,86.82,3.94,0.76,2026-06-11,14,"calendar_day_rolling_pitch_quality_v1","2026-07-27","2026-07-28 05:38:08 UTC"
"FS","Splitter",1459,86.9216586703221,9.0525017135024,3.35688827964359,2026-06-11,14,"calendar_day_rolling_pitch_quality_v1","2026-07-27","2026-07-28 05:38:08 UTC"
"KC","Knuckle Curve",793,82.583606557377,-6.53732660781841,-9.24136191677175,2026-06-11,14,"calendar_day_rolling_pitch_quality_v1","2026-07-27","2026-07-28 05:38:08 UTC"
"SI","Sinker",8909,94.3107643955551,5.8611404198002,7.52679313054215,2026-06-11,14,"calendar_day_rolling_pitch_quality_v1","2026-07-27","2026-07-28 05:38:08 UTC"
"SL","Slider",7842,86.2656210150472,-1.30828870186177,1.38729915837796,2026-06-11,14,"calendar_day_rolling_pitch_quality_v1","2026-07-27","2026-07-28 05:38:08 UTC"
"ST","Sweeper",4551,83.312436827071,-7.56198637662052,0.707382992748846,2026-06-11,14,"calendar_day_rolling_pitch_quality_v1","2026-07-27","2026-07-28 05:38:08 UTC"
"SV","Slurve",263,82.438783269962,1.05855513307985,-6.65095057034221,2026-06-11,14,"calendar_day_rolling_pitch_quality_v1","2026-07-27","2026-07-28 05:38:08 UTC"
"CH","Changeup",5964,86.3886150234742,4.7067907444668,4.26237424547284,2026-06-12,14,"calendar_day_rolling_pitch_quality_v1","2026-07-27","2026-07-28 05:38:08 UTC"
"CS","Slow Curve",12,70.0416666666667,-15.3833333333333,-5.075,2026-06-12,14,"calendar_day_rolling_pitch_quality_v1","2026-07-27","2026-07-28 05:38:08 UTC"
"CU","Curveball",3483,80.3509905254091,-3.64237726098191,-10.031955211025,2026-06-12,14,"calendar_day_rolling_pitch_quality_v1","2026-07-27","2026-07-28 05:38:08 UTC"
"EP","Eephus",3,54.0333333333333,6.3,7.93333333333333,2026-06-12,14,"calendar_day_rolling_pitch_quality_v1","2026-07-27","2026-07-28 05:38:08 UTC"
"FA","Fastball",76,61.8078947368421,7.98289473684211,13.8605263157895,2026-06-12,14,"calendar_day_rolling_pitch_quality_v1","2026-07-27","2026-07-28 05:38:08 UTC"
"FC","Cutter",4135,89.7026360338573,-1.18899637243047,7.18718258766626,2026-06-12,14,"calendar_day_rolling_pitch_quality_v1","2026-07-27","2026-07-28 05:38:08 UTC"
"FF","Four-Seam Fastball",16950,94.9712625368732,3.54539233038348,15.3908554572271,2026-06-12,14,"calendar_day_rolling_pitch_quality_v1","2026-07-27","2026-07-28 05:38:08 UTC"
"FO","Forkball",5,86.82,3.94,0.76,2026-06-12,14,"calendar_day_rolling_pitch_quality_v1","2026-07-27","2026-07-28 05:38:08 UTC"
"FS","Splitter",1474,86.9356173677069,9.19402985074627,3.3061736770692,2026-06-12,14,"calendar_day_rolling_pitch_quality_v1","2026-07-27","2026-07-28 05:38:08 UTC"
"KC","Knuckle Curve",834,82.710551558753,-6.51846522781775,-9.15707434052758,2026-06-12,14,"calendar_day_rolling_pitch_quality_v1","2026-07-27","2026-07-28 05:38:08 UTC"
"SI","Sinker",9004,94.3454020435362,5.7988338516215,7.45989560195469,2026-06-12,14,"calendar_day_rolling_pitch_quality_v1","2026-07-27","2026-07-28 05:38:08 UTC"
"SL","Slider",7952,86.290870221328,-1.33556338028169,1.4368838028169,2026-06-12,14,"calendar_day_rolling_pitch_quality_v1","2026-07-27","2026-07-28 05:38:08 UTC"
"ST","Sweeper",4472,83.330053667263,-7.50547853309481,0.690943649373882,2026-06-12,14,"calendar_day_rolling_pitch_quality_v1","2026-07-27","2026-07-28 05:38:08 UTC"
"SV","Slurve",254,82.5354330708661,0.542125984251969,-6.62795275590551,2026-06-12,14,"calendar_day_rolling_pitch_quality_v1","2026-07-27","2026-07-28 05:38:08 UTC"
"CH","Changeup",5856,86.3504269125683,4.45373975409836,4.284375,2026-06-13,14,"calendar_day_rolling_pitch_quality_v1","2026-07-27","2026-07-28 05:38:08 UTC"
"CS","Slow Curve",6,70.0333333333333,-15.3333333333333,-6.53333333333333,2026-06-13,14,"calendar_day_rolling_pitch_quality_v1","2026-07-27","2026-07-28 05:38:08 UTC"
"CU","Curveball",3511,80.4201082312731,-3.34474508686984,-9.88746795784677,2026-06-13,14,"calendar_day_rolling_pitch_quality_v1","2026-07-27","2026-07-28 05:38:08 UTC"
"EP","Eephus",3,54.0333333333333,6.3,7.93333333333333,2026-06-13,14,"calendar_day_rolling_pitch_quality_v1","2026-07-27","2026-07-28 05:38:08 UTC"
"FA","Fastball",76,61.8078947368421,7.98289473684211,13.8605263157895,2026-06-13,14,"calendar_day_rolling_pitch_quality_v1","2026-07-27","2026-07-28 05:38:08 UTC"
"FC","Cutter",4106,89.7239892839747,-1.24593278129566,7.22211397954213,2026-06-13,14,"calendar_day_rolling_pitch_quality_v1","2026-07-27","2026-07-28 05:38:08 UTC"
"FF","Four-Seam Fastball",16951,95.00985192614,3.53634593829273,15.2812518435491,2026-06-13,14,"calendar_day_rolling_pitch_quality_v1","2026-07-27","2026-07-28 05:38:08 UTC"
"FO","Forkball",5,86.82,3.94,0.76,2026-06-13,14,"calendar_day_rolling_pitch_quality_v1","2026-07-27","2026-07-28 05:38:08 UTC"
"FS","Splitter",1523,87.055613919895,9.2,3.23276428102429,2026-06-13,14,"calendar_day_rolling_pitch_quality_v1","2026-07-27","2026-07-28 05:38:08 UTC"
"KC","Knuckle Curve",856,82.4415887850467,-7.04474299065421,-9.50490654205607,2026-06-13,14,"calendar_day_rolling_pitch_quality_v1","2026-07-27","2026-07-28 05:38:08 UTC"
"SI","Sinker",8935,94.3610632344712,5.74100727476217,7.42574146614438,2026-06-13,14,"calendar_day_rolling_pitch_quality_v1","2026-07-27","2026-07-28 05:38:08 UTC"
"SL","Slider",8003,86.3517181057104,-1.29867549668874,1.494314632013,2026-06-13,14,"calendar_day_rolling_pitch_quality_v1","2026-07-27","2026-07-28 05:38:08 UTC"
"ST","Sweeper",4337,83.3061793866728,-7.10454231035278,0.608415955729767,2026-06-13,14,"calendar_day_rolling_pitch_quality_v1","2026-07-27","2026-07-28 05:38:08 UTC"
"SV","Slurve",277,82.4570397111913,-0.42129963898917,-6.79350180505415,2026-06-13,14,"calendar_day_rolling_pitch_quality_v1","2026-07-27","2026-07-28 05:38:08 UTC"
"CH","Changeup",5825,86.3261802575107,4.48058369098712,4.22082403433476,2026-06-14,14,"calendar_day_rolling_pitch_quality_v1","2026-07-27","2026-07-28 05:38:08 UTC"
"CS","Slow Curve",7,70.9285714285714,-14.6714285714286,-6.52857142857143,2026-06-14,14,"calendar_day_rolling_pitch_quality_v1","2026-07-27","2026-07-28 05:38:08 UTC"
"CU","Curveball",3370,80.3942433234421,-3.62519287833828,-9.79807121661721,2026-06-14,14,"calendar_day_rolling_pitch_quality_v1","2026-07-27","2026-07-28 05:38:08 UTC"
"EP","Eephus",3,54.0333333333333,6.3,7.93333333333333,2026-06-14,14,"calendar_day_rolling_pitch_quality_v1","2026-07-27","2026-07-28 05:38:08 UTC"
"FA","Fastball",67,61.2134328358209,7.31641791044776,14.8746268656716,2026-06-14,14,"calendar_day_rolling_pitch_quality_v1","2026-07-27","2026-07-28 05:38:08 UTC"
"FC","Cutter",4072,89.6371561886051,-1.22382121807466,7.19123280943026,2026-06-14,14,"calendar_day_rolling_pitch_quality_v1","2026-07-27","2026-07-28 05:38:08 UTC"
"FF","Four-Seam Fastball",16558,94.9535753110279,3.48429762048557,15.2420401014615,2026-06-14,14,"calendar_day_rolling_pitch_quality_v1","2026-07-27","2026-07-28 05:38:08 UTC"
"FO","Forkball",2,86.4,0.95,-1.45,2026-06-14,14,"calendar_day_rolling_pitch_quality_v1","2026-07-27","2026-07-28 05:38:08 UTC"
"FS","Splitter",1484,87.0695417789757,9.35842318059299,3.14845013477089,2026-06-14,14,"calendar_day_rolling_pitch_quality_v1","2026-07-27","2026-07-28 05:38:08 UTC"
"KC","Knuckle Curve",886,82.5727990970655,-7.10620767494357,-9.25067720090293,2026-06-14,14,"calendar_day_rolling_pitch_quality_v1","2026-07-27","2026-07-28 05:38:08 UTC"
"SI","Sinker",8874,94.3405341446924,5.71782736082939,7.35732476898805,2026-06-14,14,"calendar_day_rolling_pitch_quality_v1","2026-07-27","2026-07-28 05:38:08 UTC"
"SL","Slider",7690,86.3288166449935,-1.34130039011704,1.27473342002601,2026-06-14,14,"calendar_day_rolling_pitch_quality_v1","2026-07-27","2026-07-28 05:38:08 UTC"
"ST","Sweeper",4396,83.3332347588717,-7.2069381255687,0.709895359417652,2026-06-14,14,"calendar_day_rolling_pitch_quality_v1","2026-07-27","2026-07-28 05:38:08 UTC"
"SV","Slurve",316,82.5085443037975,1.41867088607595,-6.39841772151899,2026-06-14,14,"calendar_day_rolling_pitch_quality_v1","2026-07-27","2026-07-28 05:38:08 UTC"
"CH","Changeup",5930,86.2897301854975,4.4779089376054,4.32981450252951,2026-06-15,14,"calendar_day_rolling_pitch_quality_v1","2026-07-27","2026-07-28 05:38:08 UTC"
"CS","Slow Curve",7,70.9285714285714,-14.6714285714286,-6.52857142857143,2026-06-15,14,"calendar_day_rolling_pitch_quality_v1","2026-07-27","2026-07-28 05:38:08 UTC"
"CU","Curveball",3450,80.4213333333333,-3.3995652173913,-9.89020289855072,2026-06-15,14,"calendar_day_rolling_pitch_quality_v1","2026-07-27","2026-07-28 05:38:08 UTC"
"EP","Eephus",3,54.0333333333333,6.3,7.93333333333333,2026-06-15,14,"calendar_day_rolling_pitch_quality_v1","2026-07-27","2026-07-28 05:38:08 UTC"
"FA","Fastball",28,56.5071428571429,5.03928571428571,15.1678571428571,2026-06-15,14,"calendar_day_rolling_pitch_quality_v1","2026-07-27","2026-07-28 05:38:08 UTC"
"FC","Cutter",4254,89.6687353079455,-1.20025858015985,7.19983544898919,2026-06-15,14,"calendar_day_rolling_pitch_quality_v1","2026-07-27","2026-07-28 05:38:08 UTC"
"FF","Four-Seam Fastball",16939,94.9666981521932,3.44847983942382,15.268262589291,2026-06-15,14,"calendar_day_rolling_pitch_quality_v1","2026-07-27","2026-07-28 05:38:08 UTC"
"FO","Forkball",2,86.4,0.95,-1.45,2026-06-15,14,"calendar_day_rolling_pitch_quality_v1","2026-07-27","2026-07-28 05:38:08 UTC"
"FS","Splitter",1515,87.0002640264026,9.05491749174918,3.21155115511551,2026-06-15,14,"calendar_day_rolling_pitch_quality_v1","2026-07-27","2026-07-28 05:38:08 UTC"
"KC","Knuckle Curve",845,82.5208284023669,-7.01786982248521,-9.28213017751479,2026-06-15,14,"calendar_day_rolling_pitch_quality_v1","2026-07-27","2026-07-28 05:38:08 UTC"
"SI","Sinker",8882,94.3521504165729,5.80531411844179,7.35350146363432,2026-06-15,14,"calendar_day_rolling_pitch_quality_v1","2026-07-27","2026-07-28 05:38:08 UTC"
"SL","Slider",7796,86.3675731144177,-1.36916367367881,1.30088506926629,2026-06-15,14,"calendar_day_rolling_pitch_quality_v1","2026-07-27","2026-07-28 05:38:08 UTC"
"ST","Sweeper",4530,83.3105518763797,-7.41086092715232,0.707086092715232,2026-06-15,14,"calendar_day_rolling_pitch_quality_v1","2026-07-27","2026-07-28 05:38:08 UTC"
"SV","Slurve",313,82.5504792332268,1.29744408945687,-6.35527156549521,2026-06-15,14,"calendar_day_rolling_pitch_quality_v1","2026-07-27","2026-07-28 05:38:08 UTC"
"CH","Changeup",5998,86.3614371457152,4.73569523174391,4.24273091030343,2026-06-16,14,"calendar_day_rolling_pitch_quality_v1","2026-07-27","2026-07-28 05:38:08 UTC"
"CS","Slow Curve",7,70.9285714285714,-14.6714285714286,-6.52857142857143,2026-06-16,14,"calendar_day_rolling_pitch_quality_v1","2026-07-27","2026-07-28 05:38:08 UTC"
"CU","Curveball",3471,80.3363007778738,-3.63042350907519,-9.91466436185537,2026-06-16,14,"calendar_day_rolling_pitch_quality_v1","2026-07-27","2026-07-28 05:38:08 UTC"
"EP","Eephus",35,41.9085714285714,1.02857142857143,17.8657142857143,2026-06-16,14,"calendar_day_rolling_pitch_quality_v1","2026-07-27","2026-07-28 05:38:08 UTC"
"FA","Fastball",28,56.5071428571429,5.03928571428571,15.1678571428571,2026-06-16,14,"calendar_day_rolling_pitch_quality_v1","2026-07-27","2026-07-28 05:38:08 UTC"
"FC","Cutter",4296,89.6799348230912,-1.20230446927374,7.15656424581006,2026-06-16,14,"calendar_day_rolling_pitch_quality_v1","2026-07-27","2026-07-28 05:38:08 UTC"
"FF","Four-Seam Fastball",16860,95.0129537366548,3.51709964412811,15.2536832740214,2026-06-16,14,"calendar_day_rolling_pitch_quality_v1","2026-07-27","2026-07-28 05:38:08 UTC"
"FO","Forkball",14,83.3571428571429,9.62857142857143,-0.2,2026-06-16,14,"calendar_day_rolling_pitch_quality_v1","2026-07-27","2026-07-28 05:38:08 UTC"
"FS","Splitter",1493,86.879906229069,8.75016744809109,3.13134628265238,2026-06-16,14,"calendar_day_rolling_pitch_quality_v1","2026-07-27","2026-07-28 05:38:08 UTC"
"KC","Knuckle Curve",775,82.490064516129,-6.19187096774194,-9.59122580645161,2026-06-16,14,"calendar_day_rolling_pitch_quality_v1","2026-07-27","2026-07-28 05:38:08 UTC"
"SI","Sinker",9080,94.3193281938326,5.85953744493392,7.4951872246696,2026-06-16,14,"calendar_day_rolling_pitch_quality_v1","2026-07-27","2026-07-28 05:38:08 UTC"
"SL","Slider",7956,86.4076671694319,-1.39145299145299,1.25144544997486,2026-06-16,14,"calendar_day_rolling_pitch_quality_v1","2026-07-27","2026-07-28 05:38:08 UTC"
"ST","Sweeper",4562,83.3512932924156,-7.41617711530031,0.719881630863656,2026-06-16,14,"calendar_day_rolling_pitch_quality_v1","2026-07-27","2026-07-28 05:38:08 UTC"
"SV","Slurve",292,82.7462328767123,-0.571575342465753,-6.53219178082192,2026-06-16,14,"calendar_day_rolling_pitch_quality_v1","2026-07-27","2026-07-28 05:38:08 UTC"
"CH","Changeup",5922,86.3440560621412,4.2129179331307,4.28753799392097,2026-06-17,14,"calendar_day_rolling_pitch_quality_v1","2026-07-27","2026-07-28 05:38:08 UTC"
"CS","Slow Curve",5,71.5,-15.28,-3,2026-06-17,14,"calendar_day_rolling_pitch_quality_v1","2026-07-27","2026-07-28 05:38:08 UTC"
"CU","Curveball",3516,80.3950227531286,-3.8245164960182,-9.926393629124,2026-06-17,14,"calendar_day_rolling_pitch_quality_v1","2026-07-27","2026-07-28 05:38:08 UTC"
"EP","Eephus",38,41.7921052631579,1.13947368421053,17.6657894736842,2026-06-17,14,"calendar_day_rolling_pitch_quality_v1","2026-07-27","2026-07-28 05:38:08 UTC"
"FA","Fastball",28,56.5071428571429,5.03928571428571,15.1678571428571,2026-06-17,14,"calendar_day_rolling_pitch_quality_v1","2026-07-27","2026-07-28 05:38:08 UTC"
"FC","Cutter",4190,89.7126730310262,-1.24147971360382,7.19078758949881,2026-06-17,14,"calendar_day_rolling_pitch_quality_v1","2026-07-27","2026-07-28 05:38:08 UTC"
"FF","Four-Seam Fastball",16547,94.9388590076751,3.34612920771137,15.1991478817913,2026-06-17,14,"calendar_day_rolling_pitch_quality_v1","2026-07-27","2026-07-28 05:38:08 UTC"
"FO","Forkball",14,83.3571428571429,9.62857142857143,-0.2,2026-06-17,14,"calendar_day_rolling_pitch_quality_v1","2026-07-27","2026-07-28 05:38:08 UTC"
"FS","Splitter",1470,86.9472789115646,8.85775510204082,3.29258503401361,2026-06-17,14,"calendar_day_rolling_pitch_quality_v1","2026-07-27","2026-07-28 05:38:08 UTC"
"KC","Knuckle Curve",739,82.5380243572395,-6.13680649526387,-9.32381596752368,2026-06-17,14,"calendar_day_rolling_pitch_quality_v1","2026-07-27","2026-07-28 05:38:08 UTC"
"SI","Sinker",9196,94.3350587211831,5.84873858199217,7.44556328838625,2026-06-17,14,"calendar_day_rolling_pitch_quality_v1","2026-07-27","2026-07-28 05:38:08 UTC"
"SL","Slider",7866,86.4381388253242,-1.37116704805492,1.32654462242563,2026-06-17,14,"calendar_day_rolling_pitch_quality_v1","2026-07-27","2026-07-28 05:38:08 UTC"
"ST","Sweeper",4550,83.3021098901099,-7.04556043956044,0.672857142857143,2026-06-17,14,"calendar_day_rolling_pitch_quality_v1","2026-07-27","2026-07-28 05:38:08 UTC"
"SV","Slurve",255,82.5474509803922,-0.390588235294118,-6.82078431372549,2026-06-17,14,"calendar_day_rolling_pitch_quality_v1","2026-07-27","2026-07-28 05:38:08 UTC"
"CH","Changeup",5753,86.2975491048149,3.97444811402746,4.30041717364853,2026-06-18,14,"calendar_day_rolling_pitch_quality_v1","2026-07-27","2026-07-28 05:38:08 UTC"
"CS","Slow Curve",2,72.95,-13.35,-3.95,2026-06-18,14,"calendar_day_rolling_pitch_quality_v1","2026-07-27","2026-07-28 05:38:08 UTC"
"CU","Curveball",3446,80.5093151479977,-3.22948345908299,-9.91767266395821,2026-06-18,14,"calendar_day_rolling_pitch_quality_v1","2026-07-27","2026-07-28 05:38:08 UTC"
"EP","Eephus",38,41.7921052631579,1.13947368421053,17.6657894736842,2026-06-18,14,"calendar_day_rolling_pitch_quality_v1","2026-07-27","2026-07-28 05:38:08 UTC"
"FA","Fastball",28,56.5071428571429,5.03928571428571,15.1678571428571,2026-06-18,14,"calendar_day_rolling_pitch_quality_v1","2026-07-27","2026-07-28 05:38:08 UTC"
"FC","Cutter",4160,89.7095432692308,-1.22877403846154,7.09737980769231,2026-06-18,14,"calendar_day_rolling_pitch_quality_v1","2026-07-27","2026-07-28 05:38:08 UTC"
"FF","Four-Seam Fastball",16330,94.9433129210043,3.30424372320882,15.213876301286,2026-06-18,14,"calendar_day_rolling_pitch_quality_v1","2026-07-27","2026-07-28 05:38:08 UTC"
"FO","Forkball",14,83.3571428571429,9.62857142857143,-0.2,2026-06-18,14,"calendar_day_rolling_pitch_quality_v1","2026-07-27","2026-07-28 05:38:08 UTC"
"FS","Splitter",1491,86.8676056338028,8.93024815560027,3.32293762575453,2026-06-18,14,"calendar_day_rolling_pitch_quality_v1","2026-07-27","2026-07-28 05:38:08 UTC"
"KC","Knuckle Curve",784,82.4455357142857,-6.42002551020408,-9.42117346938775,2026-06-18,14,"calendar_day_rolling_pitch_quality_v1","2026-07-27","2026-07-28 05:38:08 UTC"
"SI","Sinker",9064,94.308826125331,5.57430494263019,7.49322594880847,2026-06-18,14,"calendar_day_rolling_pitch_quality_v1","2026-07-27","2026-07-28 05:38:08 UTC"
"SL","Slider",7708,86.5016216917488,-1.40731707317073,1.35926310326933,2026-06-18,14,"calendar_day_rolling_pitch_quality_v1","2026-07-27","2026-07-28 05:38:08 UTC"
"ST","Sweeper",4395,83.2386575654153,-6.47747440273038,0.614903299203641,2026-06-18,14,"calendar_day_rolling_pitch_quality_v1","2026-07-27","2026-07-28 05:38:08 UTC"
"SV","Slurve",252,82.5845238095238,-0.176190476190476,-6.82222222222222,2026-06-18,14,"calendar_day_rolling_pitch_quality_v1","2026-07-27","2026-07-28 05:38:08 UTC"
"CH","Changeup",5847,86.2052334530528,4.06458012656063,4.2436976227125,2026-06-19,14,"calendar_day_rolling_pitch_quality_v1","2026-07-27","2026-07-28 05:38:08 UTC"
"CS","Slow Curve",7,71.9142857142857,-13.8571428571429,-3.68571428571429,2026-06-19,14,"calendar_day_rolling_pitch_quality_v1","2026-07-27","2026-07-28 05:38:08 UTC"
"CU","Curveball",3475,80.5353381294964,-3.2326618705036,-9.84730935251799,2026-06-19,14,"calendar_day_rolling_pitch_quality_v1","2026-07-27","2026-07-28 05:38:08 UTC"
"EP","Eephus",55,42.3745454545455,1.76909090909091,17.5854545454545,2026-06-19,14,"calendar_day_rolling_pitch_quality_v1","2026-07-27","2026-07-28 05:38:08 UTC"
"FA","Fastball",24,56.9166666666667,3.95,12.7791666666667,2026-06-19,14,"calendar_day_rolling_pitch_quality_v1","2026-07-27","2026-07-28 05:38:08 UTC"
"FC","Cutter",4276,89.7827408793265,-1.29611786716558,7.19113657623948,2026-06-19,14,"calendar_day_rolling_pitch_quality_v1","2026-07-27","2026-07-28 05:38:08 UTC"
"FF","Four-Seam Fastball",16748,94.9763673274421,3.466718414139,15.1924289467399,2026-06-19,14,"calendar_day_rolling_pitch_quality_v1","2026-07-27","2026-07-28 05:38:08 UTC"
"FO","Forkball",14,83.3571428571429,9.62857142857143,-0.2,2026-06-19,14,"calendar_day_rolling_pitch_quality_v1","2026-07-27","2026-07-28 05:38:08 UTC"
"FS","Splitter",1502,86.9983355525965,9.43255659121172,3.15386151797603,2026-06-19,14,"calendar_day_rolling_pitch_quality_v1","2026-07-27","2026-07-28 05:38:08 UTC"
"KC","Knuckle Curve",865,82.6617341040462,-6.29630057803468,-8.93699421965318,2026-06-19,14,"calendar_day_rolling_pitch_quality_v1","2026-07-27","2026-07-28 05:38:08 UTC"
"SI","Sinker",9220,94.2923318872017,5.84112798264642,7.42736442516269,2026-06-19,14,"calendar_day_rolling_pitch_quality_v1","2026-07-27","2026-07-28 05:38:08 UTC"
"SL","Slider",7929,86.4831504603355,-1.36718375583302,1.33517467524278,2026-06-19,14,"calendar_day_rolling_pitch_quality_v1","2026-07-27","2026-07-28 05:38:08 UTC"
"ST","Sweeper",4371,83.2302676733013,-6.73946465339739,0.717661862274079,2026-06-19,14,"calendar_day_rolling_pitch_quality_v1","2026-07-27","2026-07-28 05:38:08 UTC"
"SV","Slurve",260,82.4973076923077,-0.111923076923077,-6.96769230769231,2026-06-19,14,"calendar_day_rolling_pitch_quality_v1","2026-07-27","2026-07-28 05:38:08 UTC"
"CH","Changeup",5763,86.1477702585459,3.68167621030713,4.22746833246573,2026-06-20,14,"calendar_day_rolling_pitch_quality_v1","2026-07-27","2026-07-28 05:38:08 UTC"
"CS","Slow Curve",10,67.21,-11.49,-2.33,2026-06-20,14,"calendar_day_rolling_pitch_quality_v1","2026-07-27","2026-07-28 05:38:08 UTC"
"CU","Curveball",3358,80.3749851101846,-3.12301965455628,-9.98868374032162,2026-06-20,14,"calendar_day_rolling_pitch_quality_v1","2026-07-27","2026-07-28 05:38:08 UTC"
"EP","Eephus",66,42.2242424242424,1.86969696969697,17.7954545454545,2026-06-20,14,"calendar_day_rolling_pitch_quality_v1","2026-07-27","2026-07-28 05:38:08 UTC"
"FA","Fastball",35,59.2571428571429,5.61428571428571,11.8628571428571,2026-06-20,14,"calendar_day_rolling_pitch_quality_v1","2026-07-27","2026-07-28 05:38:08 UTC"
"FC","Cutter",4167,89.7116150707943,-1.28161747060235,7.23935685145188,2026-06-20,14,"calendar_day_rolling_pitch_quality_v1","2026-07-27","2026-07-28 05:38:08 UTC"
"FF","Four-Seam Fastball",16415,94.9645811757539,3.22818763326226,15.206366128541,2026-06-20,14,"calendar_day_rolling_pitch_quality_v1","2026-07-27","2026-07-28 05:38:08 UTC"
"FO","Forkball",12,82.85,11.075,0.00833333333333327,2026-06-20,14,"calendar_day_rolling_pitch_quality_v1","2026-07-27","2026-07-28 05:38:08 UTC"
"FS","Splitter",1460,87.0944520547945,9.47321917808219,3.13917808219178,2026-06-20,14,"calendar_day_rolling_pitch_quality_v1","2026-07-27","2026-07-28 05:38:08 UTC"
"KC","Knuckle Curve",862,82.6357308584687,-6.50475638051044,-9.35127610208817,2026-06-20,14,"calendar_day_rolling_pitch_quality_v1","2026-07-27","2026-07-28 05:38:08 UTC"
"SI","Sinker",8950,94.2736312849162,5.48402234636872,7.3257094972067,2026-06-20,14,"calendar_day_rolling_pitch_quality_v1","2026-07-27","2026-07-28 05:38:08 UTC"
"SL","Slider",7502,86.4548253798987,-1.25497200746468,1.23881631564916,2026-06-20,14,"calendar_day_rolling_pitch_quality_v1","2026-07-27","2026-07-28 05:38:08 UTC"
"ST","Sweeper",4355,83.2005510907003,-6.42289322617681,0.735637198622273,2026-06-20,14,"calendar_day_rolling_pitch_quality_v1","2026-07-27","2026-07-28 05:38:08 UTC"
"SV","Slurve",303,82.6818481848185,2.01089108910891,-6.33762376237624,2026-06-20,14,"calendar_day_rolling_pitch_quality_v1","2026-07-27","2026-07-28 05:38:08 UTC"
"CH","Changeup",5486,86.1946591323369,3.56782719650018,4.13683922712359,2026-06-21,14,"calendar_day_rolling_pitch_quality_v1","2026-07-27","2026-07-28 05:38:08 UTC"
"CS","Slow Curve",10,67.21,-11.49,-2.33,2026-06-21,14,"calendar_day_rolling_pitch_quality_v1","2026-07-27","2026-07-28 05:38:08 UTC"
"CU","Curveball",3333,80.316201620162,-3.34485448544854,-10.0195319531953,2026-06-21,14,"calendar_day_rolling_pitch_quality_v1","2026-07-27","2026-07-28 05:38:08 UTC"
"EP","Eephus",71,41.9605633802817,1.92957746478873,17.9084507042254,2026-06-21,14,"calendar_day_rolling_pitch_quality_v1","2026-07-27","2026-07-28 05:38:08 UTC"
"FA","Fastball",28,57.1464285714286,3.95,12.5,2026-06-21,14,"calendar_day_rolling_pitch_quality_v1","2026-07-27","2026-07-28 05:38:08 UTC"
"FC","Cutter",4089,89.7298606016141,-1.31283932501834,7.27163120567376,2026-06-21,14,"calendar_day_rolling_pitch_quality_v1","2026-07-27","2026-07-28 05:38:08 UTC"
"FF","Four-Seam Fastball",16038,94.9521262002743,3.20859209377728,15.2248721785759,2026-06-21,14,"calendar_day_rolling_pitch_quality_v1","2026-07-27","2026-07-28 05:38:08 UTC"
"FO","Forkball",12,82.85,11.075,0.00833333333333327,2026-06-21,14,"calendar_day_rolling_pitch_quality_v1","2026-07-27","2026-07-28 05:38:08 UTC"
"FS","Splitter",1429,87.0437368789363,9.36752974107768,3.01525542337299,2026-06-21,14,"calendar_day_rolling_pitch_quality_v1","2026-07-27","2026-07-28 05:38:08 UTC"
"KC","Knuckle Curve",716,82.6903631284916,-6.32262569832402,-9.51899441340782,2026-06-21,14,"calendar_day_rolling_pitch_quality_v1","2026-07-27","2026-07-28 05:38:08 UTC"
"SI","Sinker",8772,94.265560875513,5.46741906064751,7.31364569083447,2026-06-21,14,"calendar_day_rolling_pitch_quality_v1","2026-07-27","2026-07-28 05:38:08 UTC"
"SL","Slider",7437,86.4272152749765,-1.27232755143203,1.16947693962619,2026-06-21,14,"calendar_day_rolling_pitch_quality_v1","2026-07-27","2026-07-28 05:38:08 UTC"
"ST","Sweeper",4375,83.1485485714286,-6.39926857142857,0.780937142857143,2026-06-21,14,"calendar_day_rolling_pitch_quality_v1","2026-07-27","2026-07-28 05:38:08 UTC"
"SV","Slurve",269,82.9524163568773,4.19330855018587,-6.01486988847584,2026-06-21,14,"calendar_day_rolling_pitch_quality_v1","2026-07-27","2026-07-28 05:38:08 UTC"
"CH","Changeup",5657,86.1517058511579,3.74447587060279,4.30024748099699,2026-06-22,14,"calendar_day_rolling_pitch_quality_v1","2026-07-27","2026-07-28 05:38:08 UTC"
"CS","Slow Curve",10,67.21,-11.49,-2.33,2026-06-22,14,"calendar_day_rolling_pitch_quality_v1","2026-07-27","2026-07-28 05:38:08 UTC"
"CU","Curveball",3523,80.2878228782288,-2.97641214873687,-10.1544138518308,2026-06-22,14,"calendar_day_rolling_pitch_quality_v1","2026-07-27","2026-07-28 05:38:08 UTC"
"EP","Eephus",71,41.9605633802817,1.92957746478873,17.9084507042254,2026-06-22,14,"calendar_day_rolling_pitch_quality_v1","2026-07-27","2026-07-28 05:38:08 UTC"
"FA","Fastball",28,57.1464285714286,3.95,12.5,2026-06-22,14,"calendar_day_rolling_pitch_quality_v1","2026-07-27","2026-07-28 05:38:08 UTC"
"FC","Cutter",4296,89.7613594040968,-1.20032588454376,7.33277467411546,2026-06-22,14,"calendar_day_rolling_pitch_quality_v1","2026-07-27","2026-07-28 05:38:08 UTC"
"FF","Four-Seam Fastball",16664,94.9331192990878,3.25634901584253,15.2450552088334,2026-06-22,14,"calendar_day_rolling_pitch_quality_v1","2026-07-27","2026-07-28 05:38:08 UTC"
"FO","Forkball",12,82.85,11.075,0.00833333333333327,2026-06-22,14,"calendar_day_rolling_pitch_quality_v1","2026-07-27","2026-07-28 05:38:08 UTC"
"FS","Splitter",1438,86.9292767732963,9.35598052851182,2.88776077885953,2026-06-22,14,"calendar_day_rolling_pitch_quality_v1","2026-07-27","2026-07-28 05:38:08 UTC"
"KC","Knuckle Curve",768,82.684765625,-6.34049479166667,-9.82239583333333,2026-06-22,14,"calendar_day_rolling_pitch_quality_v1","2026-07-27","2026-07-28 05:38:08 UTC"
"SI","Sinker",9098,94.2549571334359,5.72318091888327,7.52345570455045,2026-06-22,14,"calendar_day_rolling_pitch_quality_v1","2026-07-27","2026-07-28 05:38:08 UTC"
"SL","Slider",7745,86.4458489347966,-1.28782440284054,1.21142672692059,2026-06-22,14,"calendar_day_rolling_pitch_quality_v1","2026-07-27","2026-07-28 05:38:08 UTC"
"ST","Sweeper",4582,83.1364033173287,-6.13018332605849,0.726953295504147,2026-06-22,14,"calendar_day_rolling_pitch_quality_v1","2026-07-27","2026-07-28 05:38:08 UTC"
"SV","Slurve",271,82.9774907749077,4.11808118081181,-5.99778597785978,2026-06-22,14,"calendar_day_rolling_pitch_quality_v1","2026-07-27","2026-07-28 05:38:08 UTC"
"CH","Changeup",5605,86.2252274754683,3.38381801962533,4.28103479036575,2026-06-23,14,"calendar_day_rolling_pitch_quality_v1","2026-07-27","2026-07-28 05:38:08 UTC"
"CS","Slow Curve",10,67.21,-11.49,-2.33,2026-06-23,14,"calendar_day_rolling_pitch_quality_v1","2026-07-27","2026-07-28 05:38:08 UTC"
"CU","Curveball",3586,80.4421918572225,-2.89704406023424,-10.1998047964306,2026-06-23,14,"calendar_day_rolling_pitch_quality_v1","2026-07-27","2026-07-28 05:38:08 UTC"
"EP","Eephus",82,43.1951219512195,2.32682926829268,18.7987804878049,2026-06-23,14,"calendar_day_rolling_pitch_quality_v1","2026-07-27","2026-07-28 05:38:08 UTC"
"FA","Fastball",28,57.1464285714286,3.95,12.5,2026-06-23,14,"calendar_day_rolling_pitch_quality_v1","2026-07-27","2026-07-28 05:38:08 UTC"
"FC","Cutter",4267,89.712209983595,-1.20590578861026,7.35099601593626,2026-06-23,14,"calendar_day_rolling_pitch_quality_v1","2026-07-27","2026-07-28 05:38:08 UTC"
"FF","Four-Seam Fastball",16607,94.8939423134823,3.17418558439212,15.289624856988,2026-06-23,14,"calendar_day_rolling_pitch_quality_v1","2026-07-27","2026-07-28 05:38:08 UTC"
"FO","Forkball",29,82.9517241379311,10.2896551724138,1.19310344827586,2026-06-23,14,"calendar_day_rolling_pitch_quality_v1","2026-07-27","2026-07-28 05:38:08 UTC"
"FS","Splitter",1419,86.8053558844257,9.2754052149401,2.97921071176885,2026-06-23,14,"calendar_day_rolling_pitch_quality_v1","2026-07-27","2026-07-28 05:38:08 UTC"
"KC","Knuckle Curve",789,82.7125475285171,-6.09214195183777,-9.8211660329531,2026-06-23,14,"calendar_day_rolling_pitch_quality_v1","2026-07-27","2026-07-28 05:38:08 UTC"
"SI","Sinker",9245,94.235857220119,5.6040778799351,7.62284478096268,2026-06-23,14,"calendar_day_rolling_pitch_quality_v1","2026-07-27","2026-07-28 05:38:08 UTC"
"SL","Slider",7716,86.4792638672888,-1.30012960082945,1.29578797304303,2026-06-23,14,"calendar_day_rolling_pitch_quality_v1","2026-07-27","2026-07-28 05:38:08 UTC"
"ST","Sweeper",4664,83.1485634648371,-5.8653730703259,0.679909948542024,2026-06-23,14,"calendar_day_rolling_pitch_quality_v1","2026-07-27","2026-07-28 05:38:08 UTC"
"SV","Slurve",275,83.0483636363636,4.78872727272727,-5.85890909090909,2026-06-23,14,"calendar_day_rolling_pitch_quality_v1","2026-07-27","2026-07-28 05:38:08 UTC"
"UN","Unknown",1,55.9,1.8,22.2,2026-06-23,14,"calendar_day_rolling_pitch_quality_v1","2026-07-27","2026-07-28 05:38:08 UTC"
"CH","Changeup",5519,86.1890016307302,3.30918644682008,4.25450262728755,2026-06-24,14,"calendar_day_rolling_pitch_quality_v1","2026-07-27","2026-07-28 05:38:08 UTC"
"CS","Slow Curve",9,66.9444444444444,-10.9888888888889,-2.43333333333333,2026-06-24,14,"calendar_day_rolling_pitch_quality_v1","2026-07-27","2026-07-28 05:38:08 UTC"
"CU","Curveball",3554,80.457315700619,-2.84693303320203,-10.244231851435,2026-06-24,14,"calendar_day_rolling_pitch_quality_v1","2026-07-27","2026-07-28 05:38:08 UTC"
"EP","Eephus",82,43.1951219512195,2.32682926829268,18.7987804878049,2026-06-24,14,"calendar_day_rolling_pitch_quality_v1","2026-07-27","2026-07-28 05:38:08 UTC"
"FA","Fastball",28,57.1464285714286,3.95,12.5,2026-06-24,14,"calendar_day_rolling_pitch_quality_v1","2026-07-27","2026-07-28 05:38:08 UTC"
"FC","Cutter",4220,89.6832227488152,-1.16308056872038,7.41812796208531,2026-06-24,14,"calendar_day_rolling_pitch_quality_v1","2026-07-27","2026-07-28 05:38:08 UTC"
"FF","Four-Seam Fastball",16246,94.9051274159793,3.1270774344454,15.3777545241906,2026-06-24,14,"calendar_day_rolling_pitch_quality_v1","2026-07-27","2026-07-28 05:38:08 UTC"
"FO","Forkball",29,82.9517241379311,10.2896551724138,1.19310344827586,2026-06-24,14,"calendar_day_rolling_pitch_quality_v1","2026-07-27","2026-07-28 05:38:08 UTC"
"FS","Splitter",1484,86.8702156334232,9.42654986522911,3.01051212938005,2026-06-24,14,"calendar_day_rolling_pitch_quality_v1","2026-07-27","2026-07-28 05:38:08 UTC"
"KC","Knuckle Curve",819,82.640293040293,-6.73040293040293,-9.56898656898657,2026-06-24,14,"calendar_day_rolling_pitch_quality_v1","2026-07-27","2026-07-28 05:38:08 UTC"
"SI","Sinker",9087,94.2513480796743,5.55880928799384,7.60110047320348,2026-06-24,14,"calendar_day_rolling_pitch_quality_v1","2026-07-27","2026-07-28 05:38:08 UTC"
"SL","Slider",7599,86.5381760757994,-1.30052638505066,1.40625082247664,2026-06-24,14,"calendar_day_rolling_pitch_quality_v1","2026-07-27","2026-07-28 05:38:08 UTC"
"ST","Sweeper",4543,82.9576271186441,-5.30922298040942,0.767510455646049,2026-06-24,14,"calendar_day_rolling_pitch_quality_v1","2026-07-27","2026-07-28 05:38:08 UTC"
"SV","Slurve",262,82.8385496183206,5.05038167938931,-5.71068702290076,2026-06-24,14,"calendar_day_rolling_pitch_quality_v1","2026-07-27","2026-07-28 05:38:08 UTC"
"UN","Unknown",1,55.9,1.8,22.2,2026-06-24,14,"calendar_day_rolling_pitch_quality_v1","2026-07-27","2026-07-28 05:38:08 UTC"
"CH","Changeup",5554,86.1385667987036,2.90558156283759,4.19666906733885,2026-06-25,14,"calendar_day_rolling_pitch_quality_v1","2026-07-27","2026-07-28 05:38:08 UTC"
"CS","Slow Curve",12,68.35,-10.975,-2.9,2026-06-25,14,"calendar_day_rolling_pitch_quality_v1","2026-07-27","2026-07-28 05:38:08 UTC"
"CU","Curveball",3484,80.3957520091848,-2.85390355912744,-10.2820321469575,2026-06-25,14,"calendar_day_rolling_pitch_quality_v1","2026-07-27","2026-07-28 05:38:08 UTC"
"EP","Eephus",106,43.6141509433962,1.65283018867925,18.3650943396226,2026-06-25,14,"calendar_day_rolling_pitch_quality_v1","2026-07-27","2026-07-28 05:38:08 UTC"
"FA","Fastball",13,62.4230769230769,7.15384615384615,7.96923076923077,2026-06-25,14,"calendar_day_rolling_pitch_quality_v1","2026-07-27","2026-07-28 05:38:08 UTC"
"FC","Cutter",4175,89.7372694610778,-1.18067065868263,7.53259880239521,2026-06-25,14,"calendar_day_rolling_pitch_quality_v1","2026-07-27","2026-07-28 05:38:08 UTC"
"FF","Four-Seam Fastball",16131,94.9065526005827,3.07167565557002,15.4359432149278,2026-06-25,14,"calendar_day_rolling_pitch_quality_v1","2026-07-27","2026-07-28 05:38:08 UTC"
"FO","Forkball",29,82.9517241379311,10.2896551724138,1.19310344827586,2026-06-25,14,"calendar_day_rolling_pitch_quality_v1","2026-07-27","2026-07-28 05:38:08 UTC"
"FS","Splitter",1513,86.8105750165235,9.59424983476537,3.061070720423,2026-06-25,14,"calendar_day_rolling_pitch_quality_v1","2026-07-27","2026-07-28 05:38:08 UTC"
"KC","Knuckle Curve",845,82.7823668639053,-6.71372781065089,-9.78686390532544,2026-06-25,14,"calendar_day_rolling_pitch_quality_v1","2026-07-27","2026-07-28 05:38:08 UTC"
"SI","Sinker",9012,94.2282401242787,5.32592099422992,7.5521637816245,2026-06-25,14,"calendar_day_rolling_pitch_quality_v1","2026-07-27","2026-07-28 05:38:08 UTC"
"SL","Slider",7476,86.5043739967897,-1.20952380952381,1.42336811128946,2026-06-25,14,"calendar_day_rolling_pitch_quality_v1","2026-07-27","2026-07-28 05:38:08 UTC"
"ST","Sweeper",4479,82.9371511498102,-5.19973208305425,0.787229292252735,2026-06-25,14,"calendar_day_rolling_pitch_quality_v1","2026-07-27","2026-07-28 05:38:08 UTC"
"SV","Slurve",260,82.8230769230769,5.16423076923077,-5.64730769230769,2026-06-25,14,"calendar_day_rolling_pitch_quality_v1","2026-07-27","2026-07-28 05:38:08 UTC"
"UN","Unknown",1,55.9,1.8,22.2,2026-06-25,14,"calendar_day_rolling_pitch_quality_v1","2026-07-27","2026-07-28 05:38:08 UTC"
"CH","Changeup",5775,86.0953246753247,3.1014025974026,4.24760173160173,2026-06-26,14,"calendar_day_rolling_pitch_quality_v1","2026-07-27","2026-07-28 05:38:08 UTC"
"CS","Slow Curve",12,68.35,-10.975,-2.9,2026-06-26,14,"calendar_day_rolling_pitch_quality_v1","2026-07-27","2026-07-28 05:38:08 UTC"
"CU","Curveball",3646,80.2924849149753,-2.82416346681295,-10.3873834339002,2026-06-26,14,"calendar_day_rolling_pitch_quality_v1","2026-07-27","2026-07-28 05:38:08 UTC"
"EP","Eephus",115,43.8417391304348,1.61826086956522,18.0452173913043,2026-06-26,14,"calendar_day_rolling_pitch_quality_v1","2026-07-27","2026-07-28 05:38:08 UTC"
"FA","Fastball",14,61.9214285714286,7.05714285714286,8.37857142857143,2026-06-26,14,"calendar_day_rolling_pitch_quality_v1","2026-07-27","2026-07-28 05:38:08 UTC"
"FC","Cutter",4350,89.7675862068966,-1.13554022988506,7.55257471264368,2026-06-26,14,"calendar_day_rolling_pitch_quality_v1","2026-07-27","2026-07-28 05:38:08 UTC"
"FF","Four-Seam Fastball",16550,94.8915468277946,3.10443504531722,15.4200181268882,2026-06-26,14,"calendar_day_rolling_pitch_quality_v1","2026-07-27","2026-07-28 05:38:08 UTC"
"FO","Forkball",29,82.9517241379311,10.2896551724138,1.19310344827586,2026-06-26,14,"calendar_day_rolling_pitch_quality_v1","2026-07-27","2026-07-28 05:38:08 UTC"
"FS","Splitter",1528,87.0375654450262,9.82781413612565,2.99535340314136,2026-06-26,14,"calendar_day_rolling_pitch_quality_v1","2026-07-27","2026-07-28 05:38:08 UTC"
"KC","Knuckle Curve",826,82.7145278450363,-6.77009685230024,-9.65508474576271,2026-06-26,14,"calendar_day_rolling_pitch_quality_v1","2026-07-27","2026-07-28 05:38:08 UTC"
"SI","Sinker",9267,94.2070249271609,5.43493039818712,7.61303550232006,2026-06-26,14,"calendar_day_rolling_pitch_quality_v1","2026-07-27","2026-07-28 05:38:08 UTC"
"SL","Slider",7481,86.4245822750969,-1.2000267343938,1.35146370806042,2026-06-26,14,"calendar_day_rolling_pitch_quality_v1","2026-07-27","2026-07-28 05:38:08 UTC"
"ST","Sweeper",4607,82.9811156935099,-5.47403950510093,0.815975689168656,2026-06-26,14,"calendar_day_rolling_pitch_quality_v1","2026-07-27","2026-07-28 05:38:08 UTC"
"SV","Slurve",267,82.8415730337079,5.21985018726592,-5.71835205992509,2026-06-26,14,"calendar_day_rolling_pitch_quality_v1","2026-07-27","2026-07-28 05:38:08 UTC"
"UN","Unknown",1,55.9,1.8,22.2,2026-06-26,14,"calendar_day_rolling_pitch_quality_v1","2026-07-27","2026-07-28 05:38:08 UTC"
"CH","Changeup",5792,86.1007424033149,3.45153660220994,4.20547306629834,2026-06-27,14,"calendar_day_rolling_pitch_quality_v1","2026-07-27","2026-07-28 05:38:08 UTC"
"CS","Slow Curve",12,68.35,-10.975,-2.9,2026-06-27,14,"calendar_day_rolling_pitch_quality_v1","2026-07-27","2026-07-28 05:38:08 UTC"
"CU","Curveball",3571,80.263679641557,-2.99257910949314,-10.4461495379446,2026-06-27,14,"calendar_day_rolling_pitch_quality_v1","2026-07-27","2026-07-28 05:38:08 UTC"
"EP","Eephus",118,43.7677966101695,1.75593220338983,18.1237288135593,2026-06-27,14,"calendar_day_rolling_pitch_quality_v1","2026-07-27","2026-07-28 05:38:08 UTC"
"FA","Fastball",29,68.1793103448276,10.6620689655172,12.4448275862069,2026-06-27,14,"calendar_day_rolling_pitch_quality_v1","2026-07-27","2026-07-28 05:38:08 UTC"
"FC","Cutter",4340,89.7787096774193,-1.06854838709677,7.61672811059908,2026-06-27,14,"calendar_day_rolling_pitch_quality_v1","2026-07-27","2026-07-28 05:38:08 UTC"
"FF","Four-Seam Fastball",16296,94.895060137457,3.118323514973,15.5300748649975,2026-06-27,14,"calendar_day_rolling_pitch_quality_v1","2026-07-27","2026-07-28 05:38:08 UTC"
"FO","Forkball",29,82.9517241379311,10.2896551724138,1.19310344827586,2026-06-27,14,"calendar_day_rolling_pitch_quality_v1","2026-07-27","2026-07-28 05:38:08 UTC"
"FS","Splitter",1479,86.9760649087221,9.49141311697093,2.98566599053414,2026-06-27,14,"calendar_day_rolling_pitch_quality_v1","2026-07-27","2026-07-28 05:38:08 UTC"
"KC","Knuckle Curve",790,82.7760759493671,-6.43620253164557,-9.81341772151899,2026-06-27,14,"calendar_day_rolling_pitch_quality_v1","2026-07-27","2026-07-28 05:38:08 UTC"
"SI","Sinker",9132,94.1564169951818,5.36570302233903,7.56976565922032,2026-06-27,14,"calendar_day_rolling_pitch_quality_v1","2026-07-27","2026-07-28 05:38:08 UTC"
"SL","Slider",7372,86.3949267498644,-1.29091155724362,1.31218122626153,2026-06-27,14,"calendar_day_rolling_pitch_quality_v1","2026-07-27","2026-07-28 05:38:08 UTC"
"ST","Sweeper",4594,82.9786895951241,-5.43347845015237,0.90254680017414,2026-06-27,14,"calendar_day_rolling_pitch_quality_v1","2026-07-27","2026-07-28 05:38:08 UTC"
"SV","Slurve",275,83.0345454545455,8.544,-5.46436363636364,2026-06-27,14,"calendar_day_rolling_pitch_quality_v1","2026-07-27","2026-07-28 05:38:08 UTC"
"UN","Unknown",2,62.15,-0.85,7.6,2026-06-27,14,"calendar_day_rolling_pitch_quality_v1","2026-07-27","2026-07-28 05:38:08 UTC"
"CH","Changeup",5669,86.1328805785853,3.4898041982713,4.29442582466043,2026-06-28,14,"calendar_day_rolling_pitch_quality_v1","2026-07-27","2026-07-28 05:38:08 UTC"
"CS","Slow Curve",11,67.6272727272727,-11,-2.57272727272727,2026-06-28,14,"calendar_day_rolling_pitch_quality_v1","2026-07-27","2026-07-28 05:38:08 UTC"
"CU","Curveball",3568,80.3529147982063,-2.90767937219731,-10.574019058296,2026-06-28,14,"calendar_day_rolling_pitch_quality_v1","2026-07-27","2026-07-28 05:38:08 UTC"
"EP","Eephus",118,43.7677966101695,1.75593220338983,18.1237288135593,2026-06-28,14,"calendar_day_rolling_pitch_quality_v1","2026-07-27","2026-07-28 05:38:08 UTC"
"FA","Fastball",29,68.1793103448276,10.6620689655172,12.4448275862069,2026-06-28,14,"calendar_day_rolling_pitch_quality_v1","2026-07-27","2026-07-28 05:38:08 UTC"
"FC","Cutter",4367,89.8130753377605,-1.14373711930387,7.65225555301122,2026-06-28,14,"calendar_day_rolling_pitch_quality_v1","2026-07-27","2026-07-28 05:38:08 UTC"
"FF","Four-Seam Fastball",16167,94.9129151976248,3.05055978227253,15.5646625842766,2026-06-28,14,"calendar_day_rolling_pitch_quality_v1","2026-07-27","2026-07-28 05:38:08 UTC"
"FO","Forkball",52,83.0326923076923,9.51153846153846,1.38846153846154,2026-06-28,14,"calendar_day_rolling_pitch_quality_v1","2026-07-27","2026-07-28 05:38:08 UTC"
"FS","Splitter",1536,86.7227213541667,9.25026041666667,2.91139322916667,2026-06-28,14,"calendar_day_rolling_pitch_quality_v1","2026-07-27","2026-07-28 05:38:08 UTC"
"KC","Knuckle Curve",783,82.6510855683269,-6.53588761174968,-10.2226053639847,2026-06-28,14,"calendar_day_rolling_pitch_quality_v1","2026-07-27","2026-07-28 05:38:08 UTC"
"SI","Sinker",9124,94.2353682595353,5.26670320035072,7.78606970626918,2026-06-28,14,"calendar_day_rolling_pitch_quality_v1","2026-07-27","2026-07-28 05:38:08 UTC"
"SL","Slider",7356,86.4440048939641,-1.16594616639478,1.3884448069603,2026-06-28,14,"calendar_day_rolling_pitch_quality_v1","2026-07-27","2026-07-28 05:38:08 UTC"
"ST","Sweeper",4527,83.0040645018776,-5.1740225314778,0.794256682129446,2026-06-28,14,"calendar_day_rolling_pitch_quality_v1","2026-07-27","2026-07-28 05:38:08 UTC"
"SV","Slurve",235,83.0710638297872,8.02212765957447,-5.75531914893617,2026-06-28,14,"calendar_day_rolling_pitch_quality_v1","2026-07-27","2026-07-28 05:38:08 UTC"
"UN","Unknown",2,62.15,-0.85,7.6,2026-06-28,14,"calendar_day_rolling_pitch_quality_v1","2026-07-27","2026-07-28 05:38:08 UTC"
"CH","Changeup",5705,86.1521998247152,3.1203856266433,4.23179666958808,2026-06-29,14,"calendar_day_rolling_pitch_quality_v1","2026-07-27","2026-07-28 05:38:08 UTC"
"CS","Slow Curve",11,67.6272727272727,-11,-2.57272727272727,2026-06-29,14,"calendar_day_rolling_pitch_quality_v1","2026-07-27","2026-07-28 05:38:08 UTC"
"CU","Curveball",3580,80.3406424581006,-2.81103351955307,-10.4653910614525,2026-06-29,14,"calendar_day_rolling_pitch_quality_v1","2026-07-27","2026-07-28 05:38:08 UTC"
"EP","Eephus",118,43.7677966101695,1.75593220338983,18.1237288135593,2026-06-29,14,"calendar_day_rolling_pitch_quality_v1","2026-07-27","2026-07-28 05:38:08 UTC"
"FA","Fastball",29,68.1793103448276,10.6620689655172,12.4448275862069,2026-06-29,14,"calendar_day_rolling_pitch_quality_v1","2026-07-27","2026-07-28 05:38:08 UTC"
"FC","Cutter",4400,89.7577045454545,-1.12420454545455,7.71075,2026-06-29,14,"calendar_day_rolling_pitch_quality_v1","2026-07-27","2026-07-28 05:38:08 UTC"
"FF","Four-Seam Fastball",16325,94.8558101071975,2.80799387442573,15.5350444104135,2026-06-29,14,"calendar_day_rolling_pitch_quality_v1","2026-07-27","2026-07-28 05:38:08 UTC"
"FO","Forkball",52,83.0326923076923,9.51153846153846,1.38846153846154,2026-06-29,14,"calendar_day_rolling_pitch_quality_v1","2026-07-27","2026-07-28 05:38:08 UTC"
"FS","Splitter",1627,86.659373079287,9.16539643515673,3.01518131530424,2026-06-29,14,"calendar_day_rolling_pitch_quality_v1","2026-07-27","2026-07-28 05:38:08 UTC"
"KC","Knuckle Curve",911,82.5836443468716,-6.95686059275521,-10.3339187705818,2026-06-29,14,"calendar_day_rolling_pitch_quality_v1","2026-07-27","2026-07-28 05:38:08 UTC"
"SI","Sinker",9413,94.225868479762,4.88970572612345,7.79381706151068,2026-06-29,14,"calendar_day_rolling_pitch_quality_v1","2026-07-27","2026-07-28 05:38:08 UTC"
"SL","Slider",7469,86.4320257062525,-1.10731021555764,1.42977640915785,2026-06-29,14,"calendar_day_rolling_pitch_quality_v1","2026-07-27","2026-07-28 05:38:08 UTC"
"ST","Sweeper",4571,82.9691096040254,-4.7361190111573,0.903762852767447,2026-06-29,14,"calendar_day_rolling_pitch_quality_v1","2026-07-27","2026-07-28 05:38:08 UTC"
"SV","Slurve",242,83.0438016528926,7.16570247933884,-5.81198347107438,2026-06-29,14,"calendar_day_rolling_pitch_quality_v1","2026-07-27","2026-07-28 05:38:08 UTC"
"UN","Unknown",2,62.15,-0.85,7.6,2026-06-29,14,"calendar_day_rolling_pitch_quality_v1","2026-07-27","2026-07-28 05:38:08 UTC"
"CH","Changeup",5860,86.1036860068259,2.96122866894198,4.26141638225256,2026-06-30,14,"calendar_day_rolling_pitch_quality_v1","2026-07-27","2026-07-28 05:38:08 UTC"
"CS","Slow Curve",11,67.6272727272727,-11,-2.57272727272727,2026-06-30,14,"calendar_day_rolling_pitch_quality_v1","2026-07-27","2026-07-28 05:38:08 UTC"
"CU","Curveball",3545,80.4467418899859,-3.0161071932299,-10.3882651622003,2026-06-30,14,"calendar_day_rolling_pitch_quality_v1","2026-07-27","2026-07-28 05:38:08 UTC"
"EP","Eephus",96,45.940625,1.771875,17.5614583333333,2026-06-30,14,"calendar_day_rolling_pitch_quality_v1","2026-07-27","2026-07-28 05:38:08 UTC"
"FA","Fastball",37,68.5783783783784,10.8135135135135,12.5135135135135,2026-06-30,14,"calendar_day_rolling_pitch_quality_v1","2026-07-27","2026-07-28 05:38:08 UTC"
"FC","Cutter",4452,89.7535938903863,-1.15267295597484,7.76520664869721,2026-06-30,14,"calendar_day_rolling_pitch_quality_v1","2026-07-27","2026-07-28 05:38:08 UTC"
"FF","Four-Seam Fastball",16524,94.8626361655773,2.93637739046236,15.4983841684822,2026-06-30,14,"calendar_day_rolling_pitch_quality_v1","2026-07-27","2026-07-28 05:38:08 UTC"
"FO","Forkball",40,83.0875,9.0425,1.8025,2026-06-30,14,"calendar_day_rolling_pitch_quality_v1","2026-07-27","2026-07-28 05:38:08 UTC"
"FS","Splitter",1630,86.7547239263804,9.38509202453988,3.02570552147239,2026-06-30,14,"calendar_day_rolling_pitch_quality_v1","2026-07-27","2026-07-28 05:38:08 UTC"
"KC","Knuckle Curve",878,82.8390660592255,-7.40250569476082,-9.94783599088838,2026-06-30,14,"calendar_day_rolling_pitch_quality_v1","2026-07-27","2026-07-28 05:38:08 UTC"
"SI","Sinker",9249,94.2457022380798,5.1076224456698,7.73612282408909,2026-06-30,14,"calendar_day_rolling_pitch_quality_v1","2026-07-27","2026-07-28 05:38:08 UTC"
"SL","Slider",7453,86.5003891050584,-1.0373272507715,1.53951428954783,2026-06-30,14,"calendar_day_rolling_pitch_quality_v1","2026-07-27","2026-07-28 05:38:08 UTC"
"ST","Sweeper",4598,82.9714006089604,-5.09062635928665,0.943170943888647,2026-06-30,14,"calendar_day_rolling_pitch_quality_v1","2026-07-27","2026-07-28 05:38:08 UTC"
"SV","Slurve",228,82.8491228070175,7.59254385964912,-5.77236842105263,2026-06-30,14,"calendar_day_rolling_pitch_quality_v1","2026-07-27","2026-07-28 05:38:08 UTC"
"UN","Unknown",2,62.15,-0.85,7.6,2026-06-30,14,"calendar_day_rolling_pitch_quality_v1","2026-07-27","2026-07-28 05:38:08 UTC"
"CH","Changeup",5837,86.1208668836731,3.17473016960768,4.2239677916738,2026-07-01,14,"calendar_day_rolling_pitch_quality_v1","2026-07-27","2026-07-28 05:38:08 UTC"
"CS","Slow Curve",20,70.56,-9.72,-4.185,2026-07-01,14,"calendar_day_rolling_pitch_quality_v1","2026-07-27","2026-07-28 05:38:08 UTC"
"CU","Curveball",3511,80.4103958986044,-2.70558245514099,-10.3905724864711,2026-07-01,14,"calendar_day_rolling_pitch_quality_v1","2026-07-27","2026-07-28 05:38:08 UTC"
"EP","Eephus",102,46.1549019607843,2.07254901960784,17.6294117647059,2026-07-01,14,"calendar_day_rolling_pitch_quality_v1","2026-07-27","2026-07-28 05:38:08 UTC"
"FA","Fastball",60,70.3383333333333,10.9066666666667,12.4716666666667,2026-07-01,14,"calendar_day_rolling_pitch_quality_v1","2026-07-27","2026-07-28 05:38:08 UTC"
"FC","Cutter",4458,89.7801480484522,-1.09849708389412,7.7326155226559,2026-07-01,14,"calendar_day_rolling_pitch_quality_v1","2026-07-27","2026-07-28 05:38:08 UTC"
"FF","Four-Seam Fastball",16657,94.8930959956775,2.93974305096956,15.4660503091793,2026-07-01,14,"calendar_day_rolling_pitch_quality_v1","2026-07-27","2026-07-28 05:38:08 UTC"
"FO","Forkball",40,83.0875,9.0425,1.8025,2026-07-01,14,"calendar_day_rolling_pitch_quality_v1","2026-07-27","2026-07-28 05:38:08 UTC"
"FS","Splitter",1663,86.7832230907998,9.36993385447986,3.02158749248346,2026-07-01,14,"calendar_day_rolling_pitch_quality_v1","2026-07-27","2026-07-28 05:38:08 UTC"
"KC","Knuckle Curve",917,82.8477644492912,-7.17557251908397,-9.74765539803708,2026-07-01,14,"calendar_day_rolling_pitch_quality_v1","2026-07-27","2026-07-28 05:38:08 UTC"
"SI","Sinker",9097,94.2037924590524,4.92852588765527,7.67132021545565,2026-07-01,14,"calendar_day_rolling_pitch_quality_v1","2026-07-27","2026-07-28 05:38:08 UTC"
"SL","Slider",7448,86.4380236305048,-1.0203813104189,1.49154135338346,2026-07-01,14,"calendar_day_rolling_pitch_quality_v1","2026-07-27","2026-07-28 05:38:08 UTC"
"ST","Sweeper",4568,83.0272329246935,-5.00724605954466,1.01269702276708,2026-07-01,14,"calendar_day_rolling_pitch_quality_v1","2026-07-27","2026-07-28 05:38:08 UTC"
"SV","Slurve",219,83.0689497716895,9.1,-5.54474885844749,2026-07-01,14,"calendar_day_rolling_pitch_quality_v1","2026-07-27","2026-07-28 05:38:08 UTC"
"UN","Unknown",2,62.15,-0.85,7.6,2026-07-01,14,"calendar_day_rolling_pitch_quality_v1","2026-07-27","2026-07-28 05:38:08 UTC"
"CH","Changeup",5874,86.1411304051753,3.25551583248212,4.23615934627171,2026-07-02,14,"calendar_day_rolling_pitch_quality_v1","2026-07-27","2026-07-28 05:38:08 UTC"
"CS","Slow Curve",20,70.56,-9.72,-4.185,2026-07-02,14,"calendar_day_rolling_pitch_quality_v1","2026-07-27","2026-07-28 05:38:08 UTC"
"CU","Curveball",3569,80.3999159428411,-2.85474922947604,-10.3630989072569,2026-07-02,14,"calendar_day_rolling_pitch_quality_v1","2026-07-27","2026-07-28 05:38:08 UTC"
"EP","Eephus",102,46.1549019607843,2.07254901960784,17.6294117647059,2026-07-02,14,"calendar_day_rolling_pitch_quality_v1","2026-07-27","2026-07-28 05:38:08 UTC"
"FA","Fastball",78,68.4730769230769,9.23461538461538,11.3641025641026,2026-07-02,14,"calendar_day_rolling_pitch_quality_v1","2026-07-27","2026-07-28 05:38:08 UTC"
"FC","Cutter",4519,89.8437707457402,-1.11914140296526,7.76851073246293,2026-07-02,14,"calendar_day_rolling_pitch_quality_v1","2026-07-27","2026-07-28 05:38:08 UTC"
"FF","Four-Seam Fastball",16679,94.9390191258469,3.04653756220397,15.4857245638228,2026-07-02,14,"calendar_day_rolling_pitch_quality_v1","2026-07-27","2026-07-28 05:38:08 UTC"
"FO","Forkball",41,83.1585365853659,8.94146341463415,1.75609756097561,2026-07-02,14,"calendar_day_rolling_pitch_quality_v1","2026-07-27","2026-07-28 05:38:08 UTC"
"FS","Splitter",1709,86.89760093622,9.23709771796372,2.93586892919836,2026-07-02,14,"calendar_day_rolling_pitch_quality_v1","2026-07-27","2026-07-28 05:38:08 UTC"
"KC","Knuckle Curve",854,83.0288056206089,-6.98466042154567,-9.44894613583138,2026-07-02,14,"calendar_day_rolling_pitch_quality_v1","2026-07-27","2026-07-28 05:38:08 UTC"
"SI","Sinker",9164,94.2024879965081,4.88855303360978,7.60438673068529,2026-07-02,14,"calendar_day_rolling_pitch_quality_v1","2026-07-27","2026-07-28 05:38:08 UTC"
"SL","Slider",7546,86.4338589981447,-1.06302676914922,1.461820832229,2026-07-02,14,"calendar_day_rolling_pitch_quality_v1","2026-07-27","2026-07-28 05:38:08 UTC"
"ST","Sweeper",4558,83.0969723562966,-5.11246160596753,0.969021500658183,2026-07-02,14,"calendar_day_rolling_pitch_quality_v1","2026-07-27","2026-07-28 05:38:08 UTC"
"SV","Slurve",226,83.1013274336283,9.2712389380531,-5.48141592920354,2026-07-02,14,"calendar_day_rolling_pitch_quality_v1","2026-07-27","2026-07-28 05:38:08 UTC"
"UN","Unknown",2,62.15,-0.85,7.6,2026-07-02,14,"calendar_day_rolling_pitch_quality_v1","2026-07-27","2026-07-28 05:38:08 UTC"
"CH","Changeup",5820,86.1137113402062,3.34013745704467,4.2695704467354,2026-07-03,14,"calendar_day_rolling_pitch_quality_v1","2026-07-27","2026-07-28 05:38:08 UTC"
"CS","Slow Curve",15,70.2466666666667,-8.27333333333333,-4.38666666666667,2026-07-03,14,"calendar_day_rolling_pitch_quality_v1","2026-07-27","2026-07-28 05:38:08 UTC"
"CU","Curveball",3576,80.3805928411633,-2.89421140939597,-10.3895413870246,2026-07-03,14,"calendar_day_rolling_pitch_quality_v1","2026-07-27","2026-07-28 05:38:08 UTC"
"EP","Eephus",84,46.6178571428571,1.87142857142857,17.6428571428571,2026-07-03,14,"calendar_day_rolling_pitch_quality_v1","2026-07-27","2026-07-28 05:38:08 UTC"
"FA","Fastball",97,68.8257731958763,8.98556701030928,12.079381443299,2026-07-03,14,"calendar_day_rolling_pitch_quality_v1","2026-07-27","2026-07-28 05:38:08 UTC"
"FC","Cutter",4514,89.7889233495791,-1.02571998227736,7.73972086840939,2026-07-03,14,"calendar_day_rolling_pitch_quality_v1","2026-07-27","2026-07-28 05:38:08 UTC"
"FF","Four-Seam Fastball",16739,94.8984407670709,2.93330545432822,15.4228747236991,2026-07-03,14,"calendar_day_rolling_pitch_quality_v1","2026-07-27","2026-07-28 05:38:08 UTC"
"FO","Forkball",52,83.2557692307692,8.82884615384615,1.84423076923077,2026-07-03,14,"calendar_day_rolling_pitch_quality_v1","2026-07-27","2026-07-28 05:38:08 UTC"
"FS","Splitter",1670,86.8097005988024,9.10365269461078,2.88634730538922,2026-07-03,14,"calendar_day_rolling_pitch_quality_v1","2026-07-27","2026-07-28 05:38:08 UTC"
"KC","Knuckle Curve",801,82.8453183520599,-7.20099875156055,-10.1684144818976,2026-07-03,14,"calendar_day_rolling_pitch_quality_v1","2026-07-27","2026-07-28 05:38:08 UTC"
"SI","Sinker",9158,94.2522057217733,4.85638785761083,7.665330858266,2026-07-03,14,"calendar_day_rolling_pitch_quality_v1","2026-07-27","2026-07-28 05:38:08 UTC"
"SL","Slider",7416,86.4412621359223,-1.17783171521036,1.46579018338727,2026-07-03,14,"calendar_day_rolling_pitch_quality_v1","2026-07-27","2026-07-28 05:38:08 UTC"
"ST","Sweeper",4730,83.0925581395349,-5.18471458773784,0.888498942917547,2026-07-03,14,"calendar_day_rolling_pitch_quality_v1","2026-07-27","2026-07-28 05:38:08 UTC"
"SV","Slurve",244,83.1680327868852,9.72950819672131,-5.18934426229508,2026-07-03,14,"calendar_day_rolling_pitch_quality_v1","2026-07-27","2026-07-28 05:38:08 UTC"
"UN","Unknown",2,62.15,-0.85,7.6,2026-07-03,14,"calendar_day_rolling_pitch_quality_v1","2026-07-27","2026-07-28 05:38:08 UTC"
"CH","Changeup",5774,86.0706096293731,3.70987183927953,4.23995497055767,2026-07-04,14,"calendar_day_rolling_pitch_quality_v1","2026-07-27","2026-07-28 05:38:08 UTC"
"CS","Slow Curve",12,73.75,-8.85,-5.69166666666667,2026-07-04,14,"calendar_day_rolling_pitch_quality_v1","2026-07-27","2026-07-28 05:38:08 UTC"
"CU","Curveball",3563,80.5331181588549,-3.26528206567499,-10.4605669379736,2026-07-04,14,"calendar_day_rolling_pitch_quality_v1","2026-07-27","2026-07-28 05:38:08 UTC"
"EP","Eephus",88,46.4420454545455,1.7125,17.575,2026-07-04,14,"calendar_day_rolling_pitch_quality_v1","2026-07-27","2026-07-28 05:38:08 UTC"
"FA","Fastball",88,69.0977272727273,8.74545454545455,12.1727272727273,2026-07-04,14,"calendar_day_rolling_pitch_quality_v1","2026-07-27","2026-07-28 05:38:08 UTC"
"FC","Cutter",4582,89.7630074203405,-1.01086861632475,7.72813182016587,2026-07-04,14,"calendar_day_rolling_pitch_quality_v1","2026-07-27","2026-07-28 05:38:08 UTC"
"FF","Four-Seam Fastball",16793,94.8584827011255,3.01963913535402,15.4154766867147,2026-07-04,14,"calendar_day_rolling_pitch_quality_v1","2026-07-27","2026-07-28 05:38:08 UTC"
"FO","Forkball",52,83.2557692307692,8.82884615384615,1.84423076923077,2026-07-04,14,"calendar_day_rolling_pitch_quality_v1","2026-07-27","2026-07-28 05:38:08 UTC"
"FS","Splitter",1678,86.7060190703218,8.66281287246722,2.78873659117998,2026-07-04,14,"calendar_day_rolling_pitch_quality_v1","2026-07-27","2026-07-28 05:38:08 UTC"
"KC","Knuckle Curve",833,82.4858343337335,-7.13805522208884,-10.1385354141657,2026-07-04,14,"calendar_day_rolling_pitch_quality_v1","2026-07-27","2026-07-28 05:38:08 UTC"
"SI","Sinker",9250,94.2366162162162,4.83677837837838,7.73993513513513,2026-07-04,14,"calendar_day_rolling_pitch_quality_v1","2026-07-27","2026-07-28 05:38:08 UTC"
"SL","Slider",7429,86.5252523892852,-1.18740072688114,1.60985327769552,2026-07-04,14,"calendar_day_rolling_pitch_quality_v1","2026-07-27","2026-07-28 05:38:08 UTC"
"ST","Sweeper",4767,83.0850849590938,-4.82523599748269,0.795552758548353,2026-07-04,14,"calendar_day_rolling_pitch_quality_v1","2026-07-27","2026-07-28 05:38:08 UTC"
"SV","Slurve",185,83.0356756756757,8.86378378378378,-5.62972972972973,2026-07-04,14,"calendar_day_rolling_pitch_quality_v1","2026-07-27","2026-07-28 05:38:08 UTC"
"UN","Unknown",3,66.0333333333333,0.5,8.8,2026-07-04,14,"calendar_day_rolling_pitch_quality_v1","2026-07-27","2026-07-28 05:38:08 UTC"
"CH","Changeup",5905,86.1245723962743,3.48479254868755,4.29886536833192,2026-07-05,14,"calendar_day_rolling_pitch_quality_v1","2026-07-27","2026-07-28 05:38:08 UTC"
"CS","Slow Curve",16,72.2375,-9.81875,-7.91875,2026-07-05,14,"calendar_day_rolling_pitch_quality_v1","2026-07-27","2026-07-28 05:38:08 UTC"
"CU","Curveball",3620,80.6061325966851,-3.1721546961326,-10.3035635359116,2026-07-05,14,"calendar_day_rolling_pitch_quality_v1","2026-07-27","2026-07-28 05:38:08 UTC"
"EP","Eephus",81,46.6888888888889,1.46172839506173,17.8530864197531,2026-07-05,14,"calendar_day_rolling_pitch_quality_v1","2026-07-27","2026-07-28 05:38:08 UTC"
"FA","Fastball",88,69.0977272727273,8.74545454545455,12.1727272727273,2026-07-05,14,"calendar_day_rolling_pitch_quality_v1","2026-07-27","2026-07-28 05:38:08 UTC"
"FC","Cutter",4620,89.7506060606061,-1.0015367965368,7.74510822510823,2026-07-05,14,"calendar_day_rolling_pitch_quality_v1","2026-07-27","2026-07-28 05:38:08 UTC"
"FF","Four-Seam Fastball",16904,94.8738168480833,2.9901206814955,15.3839801230478,2026-07-05,14,"calendar_day_rolling_pitch_quality_v1","2026-07-27","2026-07-28 05:38:08 UTC"
"FO","Forkball",52,83.2557692307692,8.82884615384615,1.84423076923077,2026-07-05,14,"calendar_day_rolling_pitch_quality_v1","2026-07-27","2026-07-28 05:38:08 UTC"
"FS","Splitter",1725,86.6104927536232,8.91686956521739,2.93008695652174,2026-07-05,14,"calendar_day_rolling_pitch_quality_v1","2026-07-27","2026-07-28 05:38:08 UTC"
"KC","Knuckle Curve",882,82.4046485260771,-7.4312925170068,-10.0785714285714,2026-07-05,14,"calendar_day_rolling_pitch_quality_v1","2026-07-27","2026-07-28 05:38:08 UTC"
"SI","Sinker",9433,94.2645075797731,4.87646559949115,7.77958231739637,2026-07-05,14,"calendar_day_rolling_pitch_quality_v1","2026-07-27","2026-07-28 05:38:08 UTC"
"SL","Slider",7518,86.5671854216547,-1.1206304868316,1.67717478052674,2026-07-05,14,"calendar_day_rolling_pitch_quality_v1","2026-07-27","2026-07-28 05:38:08 UTC"
"ST","Sweeper",4741,83.0753005695001,-4.84842860156085,0.857646066230753,2026-07-05,14,"calendar_day_rolling_pitch_quality_v1","2026-07-27","2026-07-28 05:38:08 UTC"
"SV","Slurve",188,82.9292553191489,8.63297872340426,-5.67553191489362,2026-07-05,14,"calendar_day_rolling_pitch_quality_v1","2026-07-27","2026-07-28 05:38:08 UTC"
"UN","Unknown",3,66.0333333333333,0.5,8.8,2026-07-05,14,"calendar_day_rolling_pitch_quality_v1","2026-07-27","2026-07-28 05:38:08 UTC"
"CH","Changeup",5818,86.1680130629082,3.54841870058439,4.15678927466483,2026-07-06,14,"calendar_day_rolling_pitch_quality_v1","2026-07-27","2026-07-28 05:38:08 UTC"
"CS","Slow Curve",18,72.3777777777778,-9.72777777777778,-8.06111111111111,2026-07-06,14,"calendar_day_rolling_pitch_quality_v1","2026-07-27","2026-07-28 05:38:08 UTC"
"CU","Curveball",3518,80.5732802728823,-3.48121091529278,-10.1268618533258,2026-07-06,14,"calendar_day_rolling_pitch_quality_v1","2026-07-27","2026-07-28 05:38:08 UTC"
"EP","Eephus",81,46.6888888888889,1.46172839506173,17.8530864197531,2026-07-06,14,"calendar_day_rolling_pitch_quality_v1","2026-07-27","2026-07-28 05:38:08 UTC"
"FA","Fastball",107,65.5439252336449,7.9803738317757,12.9532710280374,2026-07-06,14,"calendar_day_rolling_pitch_quality_v1","2026-07-27","2026-07-28 05:38:08 UTC"
"FC","Cutter",4569,89.7900415845918,-1.06699496607573,7.78209673889254,2026-07-06,14,"calendar_day_rolling_pitch_quality_v1","2026-07-27","2026-07-28 05:38:08 UTC"
"FF","Four-Seam Fastball",16677,94.8788810937219,3.04399472327157,15.3880673982131,2026-07-06,14,"calendar_day_rolling_pitch_quality_v1","2026-07-27","2026-07-28 05:38:08 UTC"
"FO","Forkball",52,83.2557692307692,8.82884615384615,1.84423076923077,2026-07-06,14,"calendar_day_rolling_pitch_quality_v1","2026-07-27","2026-07-28 05:38:08 UTC"
"FS","Splitter",1717,86.5464181712289,9.02719860221316,3.04612696563774,2026-07-06,14,"calendar_day_rolling_pitch_quality_v1","2026-07-27","2026-07-28 05:38:08 UTC"
"KC","Knuckle Curve",845,82.4321893491124,-7.36520710059172,-9.70177514792899,2026-07-06,14,"calendar_day_rolling_pitch_quality_v1","2026-07-27","2026-07-28 05:38:08 UTC"
"SI","Sinker",9084,94.2474350506385,4.7300858652576,7.62398723029502,2026-07-06,14,"calendar_day_rolling_pitch_quality_v1","2026-07-27","2026-07-28 05:38:08 UTC"
"SL","Slider",7297,86.5286419076333,-1.03990681101823,1.76118952994381,2026-07-06,14,"calendar_day_rolling_pitch_quality_v1","2026-07-27","2026-07-28 05:38:08 UTC"
"ST","Sweeper",4578,83.0725207514198,-5.08165137614679,0.887723896898209,2026-07-06,14,"calendar_day_rolling_pitch_quality_v1","2026-07-27","2026-07-28 05:38:08 UTC"
"SV","Slurve",195,83.0820512820513,8.79589743589744,-5.61897435897436,2026-07-06,14,"calendar_day_rolling_pitch_quality_v1","2026-07-27","2026-07-28 05:38:08 UTC"
"UN","Unknown",3,66.0333333333333,0.5,8.8,2026-07-06,14,"calendar_day_rolling_pitch_quality_v1","2026-07-27","2026-07-28 05:38:08 UTC"
"CH","Changeup",5834,86.0636098731573,3.61242715118272,4.18078505313678,2026-07-07,14,"calendar_day_rolling_pitch_quality_v1","2026-07-27","2026-07-28 05:38:08 UTC"
"CS","Slow Curve",19,72.1052631578947,-10.1210526315789,-7.64210526315789,2026-07-07,14,"calendar_day_rolling_pitch_quality_v1","2026-07-27","2026-07-28 05:38:08 UTC"
"CU","Curveball",3492,80.6108533791523,-3.20841924398625,-10.2215635738832,2026-07-07,14,"calendar_day_rolling_pitch_quality_v1","2026-07-27","2026-07-28 05:38:08 UTC"
"EP","Eephus",88,45.5261363636364,-0.0488636363636362,17.5170454545455,2026-07-07,14,"calendar_day_rolling_pitch_quality_v1","2026-07-27","2026-07-28 05:38:08 UTC"
"FA","Fastball",127,65.1669291338583,8.25354330708661,13.2566929133858,2026-07-07,14,"calendar_day_rolling_pitch_quality_v1","2026-07-27","2026-07-28 05:38:08 UTC"
"FC","Cutter",4587,89.809679529104,-0.996926095487247,7.76442119032047,2026-07-07,14,"calendar_day_rolling_pitch_quality_v1","2026-07-27","2026-07-28 05:38:08 UTC"
"FF","Four-Seam Fastball",16841,94.9303663677929,3.09051125230093,15.3020188824892,2026-07-07,14,"calendar_day_rolling_pitch_quality_v1","2026-07-27","2026-07-28 05:38:08 UTC"
"FO","Forkball",57,83.5947368421053,9.42456140350877,1.51052631578947,2026-07-07,14,"calendar_day_rolling_pitch_quality_v1","2026-07-27","2026-07-28 05:38:08 UTC"
"FS","Splitter",1737,86.8025331030512,8.97075417386298,2.96862406447899,2026-07-07,14,"calendar_day_rolling_pitch_quality_v1","2026-07-27","2026-07-28 05:38:08 UTC"
"KC","Knuckle Curve",886,82.6682844243792,-7.50914221218962,-9.1410835214447,2026-07-07,14,"calendar_day_rolling_pitch_quality_v1","2026-07-27","2026-07-28 05:38:08 UTC"
"SI","Sinker",9142,94.1902647123168,4.73157952308029,7.47531174797637,2026-07-07,14,"calendar_day_rolling_pitch_quality_v1","2026-07-27","2026-07-28 05:38:08 UTC"
"SL","Slider",7303,86.4720388881282,-0.939052444201013,1.67720115021224,2026-07-07,14,"calendar_day_rolling_pitch_quality_v1","2026-07-27","2026-07-28 05:38:08 UTC"
"ST","Sweeper",4556,83.0275460930641,-4.73022388059702,0.927831431079895,2026-07-07,14,"calendar_day_rolling_pitch_quality_v1","2026-07-27","2026-07-28 05:38:08 UTC"
"SV","Slurve",177,82.9830508474576,7.6180790960452,-5.66045197740113,2026-07-07,14,"calendar_day_rolling_pitch_quality_v1","2026-07-27","2026-07-28 05:38:08 UTC"
"UN","Unknown",2,71.1,-0.15,2.1,2026-07-07,14,"calendar_day_rolling_pitch_quality_v1","2026-07-27","2026-07-28 05:38:08 UTC"
"CH","Changeup",5907,86.0408329101067,3.99466734382935,4.20074487895717,2026-07-08,14,"calendar_day_rolling_pitch_quality_v1","2026-07-27","2026-07-28 05:38:08 UTC"
"CS","Slow Curve",19,72.1052631578947,-10.1210526315789,-7.64210526315789,2026-07-08,14,"calendar_day_rolling_pitch_quality_v1","2026-07-27","2026-07-28 05:38:08 UTC"
"CU","Curveball",3462,80.5505488157135,-3.48035817446563,-10.1398035817447,2026-07-08,14,"calendar_day_rolling_pitch_quality_v1","2026-07-27","2026-07-28 05:38:08 UTC"
"EP","Eephus",88,45.5261363636364,-0.0488636363636362,17.5170454545455,2026-07-08,14,"calendar_day_rolling_pitch_quality_v1","2026-07-27","2026-07-28 05:38:08 UTC"
"FA","Fastball",143,63.020979020979,7.6,14.2636363636364,2026-07-08,14,"calendar_day_rolling_pitch_quality_v1","2026-07-27","2026-07-28 05:38:08 UTC"
"FC","Cutter",4545,89.8440704070407,-1.04838283828383,7.77381738173817,2026-07-08,14,"calendar_day_rolling_pitch_quality_v1","2026-07-27","2026-07-28 05:38:08 UTC"
"FF","Four-Seam Fastball",16983,94.9282929988812,3.16384619914032,15.2977860213154,2026-07-08,14,"calendar_day_rolling_pitch_quality_v1","2026-07-27","2026-07-28 05:38:08 UTC"
"FO","Forkball",57,83.5947368421053,9.42456140350877,1.51052631578947,2026-07-08,14,"calendar_day_rolling_pitch_quality_v1","2026-07-27","2026-07-28 05:38:08 UTC"
"FS","Splitter",1704,86.7403169014084,8.78579812206573,2.90076291079812,2026-07-08,14,"calendar_day_rolling_pitch_quality_v1","2026-07-27","2026-07-28 05:38:08 UTC"
"KC","Knuckle Curve",859,82.8327124563446,-7.11501746216531,-9.43783469150175,2026-07-08,14,"calendar_day_rolling_pitch_quality_v1","2026-07-27","2026-07-28 05:38:08 UTC"
"SI","Sinker",9030,94.1941528239203,5.0622480620155,7.42785160575858,2026-07-08,14,"calendar_day_rolling_pitch_quality_v1","2026-07-27","2026-07-28 05:38:08 UTC"
"SL","Slider",7212,86.4724764281753,-1.08311148086522,1.56118968386023,2026-07-08,14,"calendar_day_rolling_pitch_quality_v1","2026-07-27","2026-07-28 05:38:08 UTC"
"ST","Sweeper",4565,83.1229791894852,-5.22972617743702,0.906593647316539,2026-07-08,14,"calendar_day_rolling_pitch_quality_v1","2026-07-27","2026-07-28 05:38:08 UTC"
"SV","Slurve",187,82.9358288770053,7.51818181818182,-5.84438502673797,2026-07-08,14,"calendar_day_rolling_pitch_quality_v1","2026-07-27","2026-07-28 05:38:08 UTC"
"UN","Unknown",2,71.1,-0.15,2.1,2026-07-08,14,"calendar_day_rolling_pitch_quality_v1","2026-07-27","2026-07-28 05:38:08 UTC"
"CH","Changeup",6155,86.0604874086109,4.16285946385053,4.21762794476036,2026-07-09,14,"calendar_day_rolling_pitch_quality_v1","2026-07-27","2026-07-28 05:38:08 UTC"
"CS","Slow Curve",16,72.01875,-9.96875,-8.26875,2026-07-09,14,"calendar_day_rolling_pitch_quality_v1","2026-07-27","2026-07-28 05:38:08 UTC"
"CU","Curveball",3548,80.5357666290868,-3.39735062006764,-10.2816234498309,2026-07-09,14,"calendar_day_rolling_pitch_quality_v1","2026-07-27","2026-07-28 05:38:08 UTC"
"EP","Eephus",69,45.9507246376812,0.51304347826087,17.9275362318841,2026-07-09,14,"calendar_day_rolling_pitch_quality_v1","2026-07-27","2026-07-28 05:38:08 UTC"
"FA","Fastball",143,63.020979020979,7.6,14.2636363636364,2026-07-09,14,"calendar_day_rolling_pitch_quality_v1","2026-07-27","2026-07-28 05:38:08 UTC"
"FC","Cutter",4637,89.7859176191503,-1.07228811731723,7.76364028466681,2026-07-09,14,"calendar_day_rolling_pitch_quality_v1","2026-07-27","2026-07-28 05:38:08 UTC"
"FF","Four-Seam Fastball",17269,94.9012797498408,3.11700735421854,15.2816144536453,2026-07-09,14,"calendar_day_rolling_pitch_quality_v1","2026-07-27","2026-07-28 05:38:08 UTC"
"FO","Forkball",57,83.5947368421053,9.42456140350877,1.51052631578947,2026-07-09,14,"calendar_day_rolling_pitch_quality_v1","2026-07-27","2026-07-28 05:38:08 UTC"
"FS","Splitter",1734,86.8843137254902,8.75916955017301,2.80190311418685,2026-07-09,14,"calendar_day_rolling_pitch_quality_v1","2026-07-27","2026-07-28 05:38:08 UTC"
"KC","Knuckle Curve",850,82.6367058823529,-7.15305882352941,-9.32694117647059,2026-07-09,14,"calendar_day_rolling_pitch_quality_v1","2026-07-27","2026-07-28 05:38:08 UTC"
"SI","Sinker",9369,94.189646707226,5.18154552246771,7.51594620557157,2026-07-09,14,"calendar_day_rolling_pitch_quality_v1","2026-07-27","2026-07-28 05:38:08 UTC"
"SL","Slider",7350,86.4869795918367,-1.14742857142857,1.5601768707483,2026-07-09,14,"calendar_day_rolling_pitch_quality_v1","2026-07-27","2026-07-28 05:38:08 UTC"
"ST","Sweeper",4723,83.1437010374762,-5.20378996400593,0.894664408215118,2026-07-09,14,"calendar_day_rolling_pitch_quality_v1","2026-07-27","2026-07-28 05:38:08 UTC"
"SV","Slurve",185,83.0102702702703,7.79189189189189,-5.83081081081081,2026-07-09,14,"calendar_day_rolling_pitch_quality_v1","2026-07-27","2026-07-28 05:38:08 UTC"
"UN","Unknown",2,71.1,-0.15,2.1,2026-07-09,14,"calendar_day_rolling_pitch_quality_v1","2026-07-27","2026-07-28 05:38:08 UTC"
"CH","Changeup",6128,86.0261096605744,4.16124347258486,4.17465731070496,2026-07-10,14,"calendar_day_rolling_pitch_quality_v1","2026-07-27","2026-07-28 05:38:08 UTC"
"CS","Slow Curve",16,72.01875,-9.96875,-8.26875,2026-07-10,14,"calendar_day_rolling_pitch_quality_v1","2026-07-27","2026-07-28 05:38:08 UTC"
"CU","Curveball",3471,80.6495534428119,-3.4743301642178,-10.2036588879286,2026-07-10,14,"calendar_day_rolling_pitch_quality_v1","2026-07-27","2026-07-28 05:38:08 UTC"
"EP","Eephus",60,45.865,0.408333333333333,18.475,2026-07-10,14,"calendar_day_rolling_pitch_quality_v1","2026-07-27","2026-07-28 05:38:08 UTC"
"FA","Fastball",165,63.5145454545455,5.71393939393939,14.1212121212121,2026-07-10,14,"calendar_day_rolling_pitch_quality_v1","2026-07-27","2026-07-28 05:38:08 UTC"
"FC","Cutter",4502,89.770324300311,-1.14566859173701,7.79211461572634,2026-07-10,14,"calendar_day_rolling_pitch_quality_v1","2026-07-27","2026-07-28 05:38:08 UTC"
"FF","Four-Seam Fastball",17254,94.8661817549554,3.09449982612727,15.3118291410687,2026-07-10,14,"calendar_day_rolling_pitch_quality_v1","2026-07-27","2026-07-28 05:38:08 UTC"
"FO","Forkball",60,83.6616666666667,9.48333333333333,1.35333333333333,2026-07-10,14,"calendar_day_rolling_pitch_quality_v1","2026-07-27","2026-07-28 05:38:08 UTC"
"FS","Splitter",1751,86.5252427184466,8.09486007995431,2.80645345516848,2026-07-10,14,"calendar_day_rolling_pitch_quality_v1","2026-07-27","2026-07-28 05:38:08 UTC"
"KC","Knuckle Curve",956,82.3876569037657,-7.15543933054393,-9.66150627615063,2026-07-10,14,"calendar_day_rolling_pitch_quality_v1","2026-07-27","2026-07-28 05:38:08 UTC"
"SI","Sinker",9420,94.1980891719745,4.91975583864119,7.52819532908705,2026-07-10,14,"calendar_day_rolling_pitch_quality_v1","2026-07-27","2026-07-28 05:38:08 UTC"
"SL","Slider",7424,86.5301050646552,-1.07246767241379,1.67209051724138,2026-07-10,14,"calendar_day_rolling_pitch_quality_v1","2026-07-27","2026-07-28 05:38:08 UTC"
"ST","Sweeper",4743,83.0020451191229,-4.78756061564411,0.886464263124605,2026-07-10,14,"calendar_day_rolling_pitch_quality_v1","2026-07-27","2026-07-28 05:38:08 UTC"
"SV","Slurve",192,83.3072916666667,8.03229166666667,-5.61354166666667,2026-07-10,14,"calendar_day_rolling_pitch_quality_v1","2026-07-27","2026-07-28 05:38:08 UTC"
"UN","Unknown",2,71.1,-0.15,2.1,2026-07-10,14,"calendar_day_rolling_pitch_quality_v1","2026-07-27","2026-07-28 05:38:08 UTC"
"CH","Changeup",6051,86.0750784994216,3.86712940009916,4.18398611799703,2026-07-11,14,"calendar_day_rolling_pitch_quality_v1","2026-07-27","2026-07-28 05:38:08 UTC"
"CS","Slow Curve",19,72.5157894736842,-9.20526315789474,-8.24736842105263,2026-07-11,14,"calendar_day_rolling_pitch_quality_v1","2026-07-27","2026-07-28 05:38:08 UTC"
"CU","Curveball",3532,80.7250849377123,-3.55942808607021,-10.1150339750849,2026-07-11,14,"calendar_day_rolling_pitch_quality_v1","2026-07-27","2026-07-28 05:38:08 UTC"
"EP","Eephus",57,46.1245614035088,0.0596491228070177,18.3350877192982,2026-07-11,14,"calendar_day_rolling_pitch_quality_v1","2026-07-27","2026-07-28 05:38:08 UTC"
"FA","Fastball",150,62.464,4.88266666666667,13.9093333333333,2026-07-11,14,"calendar_day_rolling_pitch_quality_v1","2026-07-27","2026-07-28 05:38:08 UTC"
"FC","Cutter",4470,89.7659284116331,-1.22109619686801,7.80255033557047,2026-07-11,14,"calendar_day_rolling_pitch_quality_v1","2026-07-27","2026-07-28 05:38:08 UTC"
"FF","Four-Seam Fastball",17244,94.8558281141267,3.07887961029923,15.3134655532359,2026-07-11,14,"calendar_day_rolling_pitch_quality_v1","2026-07-27","2026-07-28 05:38:08 UTC"
"FO","Forkball",60,83.6616666666667,9.48333333333333,1.35333333333333,2026-07-11,14,"calendar_day_rolling_pitch_quality_v1","2026-07-27","2026-07-28 05:38:08 UTC"
"FS","Splitter",1795,86.5909192200557,8.44122562674095,2.90111420612813,2026-07-11,14,"calendar_day_rolling_pitch_quality_v1","2026-07-27","2026-07-28 05:38:08 UTC"
"KC","Knuckle Curve",947,82.4039070749736,-6.88785638859556,-9.42967265047518,2026-07-11,14,"calendar_day_rolling_pitch_quality_v1","2026-07-27","2026-07-28 05:38:08 UTC"
"KN","Knuckle Ball",20,81.23,2.87,-3.05,2026-07-11,14,"calendar_day_rolling_pitch_quality_v1","2026-07-27","2026-07-28 05:38:08 UTC"
"SI","Sinker",9400,94.252914893617,5.10435106382979,7.66401063829787,2026-07-11,14,"calendar_day_rolling_pitch_quality_v1","2026-07-27","2026-07-28 05:38:08 UTC"
"SL","Slider",7391,86.5489920173184,-1.00523609795697,1.73233662562576,2026-07-11,14,"calendar_day_rolling_pitch_quality_v1","2026-07-27","2026-07-28 05:38:08 UTC"
"ST","Sweeper",4728,82.9833756345178,-4.60947546531303,0.871637055837564,2026-07-11,14,"calendar_day_rolling_pitch_quality_v1","2026-07-27","2026-07-28 05:38:08 UTC"
"SV","Slurve",166,83.2349397590361,6.1933734939759,-5.75542168674699,2026-07-11,14,"calendar_day_rolling_pitch_quality_v1","2026-07-27","2026-07-28 05:38:08 UTC"
"UN","Unknown",1,73.8,3.2,11.2,2026-07-11,14,"calendar_day_rolling_pitch_quality_v1","2026-07-27","2026-07-28 05:38:08 UTC"
"CH","Changeup",6129,86.0306085821504,3.81598955783978,4.21618534834394,2026-07-12,14,"calendar_day_rolling_pitch_quality_v1","2026-07-27","2026-07-28 05:38:08 UTC"
"CS","Slow Curve",21,72.147619047619,-10.0047619047619,-7.77142857142857,2026-07-12,14,"calendar_day_rolling_pitch_quality_v1","2026-07-27","2026-07-28 05:38:08 UTC"
"CU","Curveball",3501,80.688403313339,-3.27912025135676,-10.1653241930877,2026-07-12,14,"calendar_day_rolling_pitch_quality_v1","2026-07-27","2026-07-28 05:38:08 UTC"
"EP","Eephus",57,46.1245614035088,0.0596491228070177,18.3350877192982,2026-07-12,14,"calendar_day_rolling_pitch_quality_v1","2026-07-27","2026-07-28 05:38:08 UTC"
"FA","Fastball",150,62.464,4.88266666666667,13.9093333333333,2026-07-12,14,"calendar_day_rolling_pitch_quality_v1","2026-07-27","2026-07-28 05:38:08 UTC"
"FC","Cutter",4479,89.7604599240902,-1.09042196918955,7.73724045545881,2026-07-12,14,"calendar_day_rolling_pitch_quality_v1","2026-07-27","2026-07-28 05:38:08 UTC"
"FF","Four-Seam Fastball",17343,94.8776451594303,3.1814449633858,15.3262814968575,2026-07-12,14,"calendar_day_rolling_pitch_quality_v1","2026-07-27","2026-07-28 05:38:08 UTC"
"FO","Forkball",37,83.9891891891892,10.0756756756757,1.17837837837838,2026-07-12,14,"calendar_day_rolling_pitch_quality_v1","2026-07-27","2026-07-28 05:38:08 UTC"
"FS","Splitter",1793,86.8105409927496,8.85778025655326,3.05844952593419,2026-07-12,14,"calendar_day_rolling_pitch_quality_v1","2026-07-27","2026-07-28 05:38:08 UTC"
"KC","Knuckle Curve",957,82.6955067920585,-6.92727272727273,-9.05872518286311,2026-07-12,14,"calendar_day_rolling_pitch_quality_v1","2026-07-27","2026-07-28 05:38:08 UTC"
"KN","Knuckle Ball",20,81.23,2.87,-3.05,2026-07-12,14,"calendar_day_rolling_pitch_quality_v1","2026-07-27","2026-07-28 05:38:08 UTC"
"SI","Sinker",9344,94.1944028253425,5.05577910958904,7.4511772260274,2026-07-12,14,"calendar_day_rolling_pitch_quality_v1","2026-07-27","2026-07-28 05:38:08 UTC"
"SL","Slider",7294,86.5404853304086,-1.02079791609542,1.70098711269537,2026-07-12,14,"calendar_day_rolling_pitch_quality_v1","2026-07-27","2026-07-28 05:38:08 UTC"
"ST","Sweeper",4746,82.8883480825959,-4.42071217867678,0.991066160977666,2026-07-12,14,"calendar_day_rolling_pitch_quality_v1","2026-07-27","2026-07-28 05:38:08 UTC"
"SV","Slurve",174,82.8632183908046,6.1948275862069,-5.52126436781609,2026-07-12,14,"calendar_day_rolling_pitch_quality_v1","2026-07-27","2026-07-28 05:38:08 UTC"
"UN","Unknown",1,73.8,3.2,11.2,2026-07-12,14,"calendar_day_rolling_pitch_quality_v1","2026-07-27","2026-07-28 05:38:08 UTC"
"CH","Changeup",5214,85.9986766398159,4.19884925201381,4.24449558879939,2026-07-14,14,"calendar_day_rolling_pitch_quality_v1","2026-07-27","2026-07-28 05:38:08 UTC"
"CS","Slow Curve",21,72.147619047619,-10.0047619047619,-7.77142857142857,2026-07-14,14,"calendar_day_rolling_pitch_quality_v1","2026-07-27","2026-07-28 05:38:08 UTC"
"CU","Curveball",3060,80.6687254901961,-3.28735294117647,-10.2810784313725,2026-07-14,14,"calendar_day_rolling_pitch_quality_v1","2026-07-27","2026-07-28 05:38:08 UTC"
"EP","Eephus",47,44.2276595744681,0.497872340425532,19.0702127659574,2026-07-14,14,"calendar_day_rolling_pitch_quality_v1","2026-07-27","2026-07-28 05:38:08 UTC"
"FA","Fastball",142,62.0380281690141,4.51760563380282,13.9739436619718,2026-07-14,14,"calendar_day_rolling_pitch_quality_v1","2026-07-27","2026-07-28 05:38:08 UTC"
"FC","Cutter",3826,89.8272085729221,-1.08672242550967,7.68669628855201,2026-07-14,14,"calendar_day_rolling_pitch_quality_v1","2026-07-27","2026-07-28 05:38:08 UTC"
"FF","Four-Seam Fastball",14953,94.914465324684,3.31020530997124,15.3233197351702,2026-07-14,14,"calendar_day_rolling_pitch_quality_v1","2026-07-27","2026-07-28 05:38:08 UTC"
"FO","Forkball",37,83.9891891891892,10.0756756756757,1.17837837837838,2026-07-14,14,"calendar_day_rolling_pitch_quality_v1","2026-07-27","2026-07-28 05:38:08 UTC"
"FS","Splitter",1563,86.9170825335893,8.91113243761996,2.94190658989123,2026-07-14,14,"calendar_day_rolling_pitch_quality_v1","2026-07-27","2026-07-28 05:38:08 UTC"
"KC","Knuckle Curve",784,82.6151785714286,-6.21237244897959,-8.80701530612245,2026-07-14,14,"calendar_day_rolling_pitch_quality_v1","2026-07-27","2026-07-28 05:38:08 UTC"
"KN","Knuckle Ball",20,81.23,2.87,-3.05,2026-07-14,14,"calendar_day_rolling_pitch_quality_v1","2026-07-27","2026-07-28 05:38:08 UTC"
"SI","Sinker",8086,94.1993074449666,5.12292851842691,7.40983180806332,2026-07-14,14,"calendar_day_rolling_pitch_quality_v1","2026-07-27","2026-07-28 05:38:08 UTC"
"SL","Slider",6242,86.4649471323294,-1.07635373277796,1.59710028836911,2026-07-14,14,"calendar_day_rolling_pitch_quality_v1","2026-07-27","2026-07-28 05:38:08 UTC"
"ST","Sweeper",4090,82.9123471882641,-4.38767726161369,0.920097799511002,2026-07-14,14,"calendar_day_rolling_pitch_quality_v1","2026-07-27","2026-07-28 05:38:08 UTC"
"SV","Slurve",159,82.8691823899371,7.64402515723271,-5.38490566037736,2026-07-14,14,"calendar_day_rolling_pitch_quality_v1","2026-07-27","2026-07-28 05:38:08 UTC"
"UN","Unknown",1,73.8,3.2,11.2,2026-07-14,14,"calendar_day_rolling_pitch_quality_v1","2026-07-27","2026-07-28 05:38:08 UTC"
"CH","Changeup",4560,85.9701973684211,4.42254385964912,4.16747807017544,2026-07-16,14,"calendar_day_rolling_pitch_quality_v1","2026-07-27","2026-07-28 05:38:08 UTC"
"CS","Slow Curve",12,70.65,-11.3916666666667,-8.98333333333333,2026-07-16,14,"calendar_day_rolling_pitch_quality_v1","2026-07-27","2026-07-28 05:38:08 UTC"
"CU","Curveball",2551,80.6609956879655,-3.5046648373187,-10.181262250098,2026-07-16,14,"calendar_day_rolling_pitch_quality_v1","2026-07-27","2026-07-28 05:38:08 UTC"
"EP","Eephus",38,43.6815789473684,-0.663157894736842,19.4210526315789,2026-07-16,14,"calendar_day_rolling_pitch_quality_v1","2026-07-27","2026-07-28 05:38:08 UTC"
"FA","Fastball",101,59.4643564356436,3.18118811881188,15.4544554455446,2026-07-16,14,"calendar_day_rolling_pitch_quality_v1","2026-07-27","2026-07-28 05:38:08 UTC"
"FC","Cutter",3260,89.7737423312883,-1.07,7.79687116564417,2026-07-16,14,"calendar_day_rolling_pitch_quality_v1","2026-07-27","2026-07-28 05:38:08 UTC"
"FF","Four-Seam Fastball",12993,94.8770645732317,3.41865619949203,15.3272377434003,2026-07-16,14,"calendar_day_rolling_pitch_quality_v1","2026-07-27","2026-07-28 05:38:08 UTC"
"FO","Forkball",36,83.9333333333333,10.2194444444444,1.21388888888889,2026-07-16,14,"calendar_day_rolling_pitch_quality_v1","2026-07-27","2026-07-28 05:38:08 UTC"
"FS","Splitter",1312,86.7814024390244,8.8546493902439,2.96135670731707,2026-07-16,14,"calendar_day_rolling_pitch_quality_v1","2026-07-27","2026-07-28 05:38:08 UTC"
"KC","Knuckle Curve",748,82.2560160427807,-6.87633689839572,-9.2153743315508,2026-07-16,14,"calendar_day_rolling_pitch_quality_v1","2026-07-27","2026-07-28 05:38:08 UTC"
"KN","Knuckle Ball",20,81.23,2.87,-3.05,2026-07-16,14,"calendar_day_rolling_pitch_quality_v1","2026-07-27","2026-07-28 05:38:08 UTC"
"SI","Sinker",7007,94.239146567718,5.47232767232767,7.56275153418011,2026-07-16,14,"calendar_day_rolling_pitch_quality_v1","2026-07-27","2026-07-28 05:38:08 UTC"
"SL","Slider",5354,86.4754389241688,-1.0683787822189,1.67459843107957,2026-07-16,14,"calendar_day_rolling_pitch_quality_v1","2026-07-27","2026-07-28 05:38:08 UTC"
"ST","Sweeper",3578,82.8382336500839,-4.54770821688094,1.01956400223589,2026-07-16,14,"calendar_day_rolling_pitch_quality_v1","2026-07-27","2026-07-28 05:38:08 UTC"
"SV","Slurve",142,82.7401408450704,7.20704225352113,-5.40070422535211,2026-07-16,14,"calendar_day_rolling_pitch_quality_v1","2026-07-27","2026-07-28 05:38:08 UTC"
"UN","Unknown",1,73.8,3.2,11.2,2026-07-16,14,"calendar_day_rolling_pitch_quality_v1","2026-07-27","2026-07-28 05:38:08 UTC"
"CH","Changeup",4687,85.9828888414764,4.79761041177726,4.16876466823128,2026-07-17,14,"calendar_day_rolling_pitch_quality_v1","2026-07-27","2026-07-28 05:38:08 UTC"
"CS","Slow Curve",17,69.5529411764706,-12.7117647058824,-7.00588235294118,2026-07-17,14,"calendar_day_rolling_pitch_quality_v1","2026-07-27","2026-07-28 05:38:08 UTC"
"CU","Curveball",2578,80.5541892940264,-3.722187742436,-10.2340574088441,2026-07-17,14,"calendar_day_rolling_pitch_quality_v1","2026-07-27","2026-07-28 05:38:08 UTC"
"EP","Eephus",74,43.2581081081081,0.560810810810811,19.0378378378378,2026-07-17,14,"calendar_day_rolling_pitch_quality_v1","2026-07-27","2026-07-28 05:38:08 UTC"
"FA","Fastball",82,57.1768292682927,2.29878048780488,16.15,2026-07-17,14,"calendar_day_rolling_pitch_quality_v1","2026-07-27","2026-07-28 05:38:08 UTC"
"FC","Cutter",3299,89.79760533495,-1.16962715974538,7.73022127917551,2026-07-17,14,"calendar_day_rolling_pitch_quality_v1","2026-07-27","2026-07-28 05:38:08 UTC"
"FF","Four-Seam Fastball",13196,94.9024780236435,3.4960442558351,15.3464534707487,2026-07-17,14,"calendar_day_rolling_pitch_quality_v1","2026-07-27","2026-07-28 05:38:08 UTC"
"FO","Forkball",27,84.4407407407408,10.3333333333333,0.637037037037037,2026-07-17,14,"calendar_day_rolling_pitch_quality_v1","2026-07-27","2026-07-28 05:38:08 UTC"
"FS","Splitter",1377,86.7652868554829,8.65482933914307,2.99992737835875,2026-07-17,14,"calendar_day_rolling_pitch_quality_v1","2026-07-27","2026-07-28 05:38:08 UTC"
"KC","Knuckle Curve",757,82.372787318362,-6.90634081902246,-9.07648612945839,2026-07-17,14,"calendar_day_rolling_pitch_quality_v1","2026-07-27","2026-07-28 05:38:08 UTC"
"KN","Knuckle Ball",20,81.23,2.87,-3.05,2026-07-17,14,"calendar_day_rolling_pitch_quality_v1","2026-07-27","2026-07-28 05:38:08 UTC"
"SI","Sinker",7063,94.2899051394592,5.856123460286,7.59824437207985,2026-07-17,14,"calendar_day_rolling_pitch_quality_v1","2026-07-27","2026-07-28 05:38:08 UTC"
"SL","Slider",5497,86.3905221029652,-0.899035837729671,1.60267418591959,2026-07-17,14,"calendar_day_rolling_pitch_quality_v1","2026-07-27","2026-07-28 05:38:08 UTC"
"ST","Sweeper",3501,82.8638389031705,-4.46580976863753,1.01496715224222,2026-07-17,14,"calendar_day_rolling_pitch_quality_v1","2026-07-27","2026-07-28 05:38:08 UTC"
"SV","Slurve",132,82.4795454545454,3.7,-6.36742424242424,2026-07-17,14,"calendar_day_rolling_pitch_quality_v1","2026-07-27","2026-07-28 05:38:08 UTC"
"UN","Unknown",2,73,6.45,12.9,2026-07-17,14,"calendar_day_rolling_pitch_quality_v1","2026-07-27","2026-07-28 05:38:08 UTC"
"CH","Changeup",4744,86.0052908937605,4.72902613827993,4.09593170320405,2026-07-18,14,"calendar_day_rolling_pitch_quality_v1","2026-07-27","2026-07-28 05:38:08 UTC"
"CS","Slow Curve",17,69.5529411764706,-12.7117647058824,-7.00588235294118,2026-07-18,14,"calendar_day_rolling_pitch_quality_v1","2026-07-27","2026-07-28 05:38:08 UTC"
"CU","Curveball",2567,80.4366965329178,-3.54733151538761,-10.0234514998052,2026-07-18,14,"calendar_day_rolling_pitch_quality_v1","2026-07-27","2026-07-28 05:38:08 UTC"
"EP","Eephus",59,43.6254237288136,0.371186440677966,19.2694915254237,2026-07-18,14,"calendar_day_rolling_pitch_quality_v1","2026-07-27","2026-07-28 05:38:08 UTC"
"FA","Fastball",80,57.2,2.36,16.45375,2026-07-18,14,"calendar_day_rolling_pitch_quality_v1","2026-07-27","2026-07-28 05:38:08 UTC"
"FC","Cutter",3374,89.9069650266746,-1.13203912270302,7.65601659751037,2026-07-18,14,"calendar_day_rolling_pitch_quality_v1","2026-07-27","2026-07-28 05:38:08 UTC"
"FF","Four-Seam Fastball",12985,94.9275856757797,3.47586445899114,15.3284020023104,2026-07-18,14,"calendar_day_rolling_pitch_quality_v1","2026-07-27","2026-07-28 05:38:08 UTC"
"FO","Forkball",46,83.8847826086956,10.445652173913,1.35217391304348,2026-07-18,14,"calendar_day_rolling_pitch_quality_v1","2026-07-27","2026-07-28 05:38:08 UTC"
"FS","Splitter",1366,86.8331625183016,9.17584187408492,3.00578330893119,2026-07-18,14,"calendar_day_rolling_pitch_quality_v1","2026-07-27","2026-07-28 05:38:08 UTC"
"KC","Knuckle Curve",688,82.7385174418605,-6.9344476744186,-8.9203488372093,2026-07-18,14,"calendar_day_rolling_pitch_quality_v1","2026-07-27","2026-07-28 05:38:08 UTC"
"KN","Knuckle Ball",24,81.1958333333333,2.39583333333333,-2.875,2026-07-18,14,"calendar_day_rolling_pitch_quality_v1","2026-07-27","2026-07-28 05:38:08 UTC"
"SI","Sinker",7178,94.2652688771245,5.70505711897465,7.46581220395653,2026-07-18,14,"calendar_day_rolling_pitch_quality_v1","2026-07-27","2026-07-28 05:38:08 UTC"
"SL","Slider",5457,86.2910573575224,-0.831555799890049,1.59144218435038,2026-07-18,14,"calendar_day_rolling_pitch_quality_v1","2026-07-27","2026-07-28 05:38:08 UTC"
"ST","Sweeper",3527,82.8728948114545,-4.54371987524809,0.944457045647859,2026-07-18,14,"calendar_day_rolling_pitch_quality_v1","2026-07-27","2026-07-28 05:38:08 UTC"
"SV","Slurve",139,82.4187050359712,4.07122302158273,-6.38129496402878,2026-07-18,14,"calendar_day_rolling_pitch_quality_v1","2026-07-27","2026-07-28 05:38:08 UTC"
"UN","Unknown",1,72.2,9.7,14.6,2026-07-18,14,"calendar_day_rolling_pitch_quality_v1","2026-07-27","2026-07-28 05:38:08 UTC"
"CH","Changeup",4675,85.8784812834225,4.55050267379679,4.25341176470588,2026-07-19,14,"calendar_day_rolling_pitch_quality_v1","2026-07-27","2026-07-28 05:38:08 UTC"
"CS","Slow Curve",13,70.1230769230769,-12.7076923076923,-4.66923076923077,2026-07-19,14,"calendar_day_rolling_pitch_quality_v1","2026-07-27","2026-07-28 05:38:08 UTC"
"CU","Curveball",2543,80.3205662603225,-3.53653165552497,-10.3355878883209,2026-07-19,14,"calendar_day_rolling_pitch_quality_v1","2026-07-27","2026-07-28 05:38:08 UTC"
"EP","Eephus",59,43.6254237288136,0.371186440677966,19.2694915254237,2026-07-19,14,"calendar_day_rolling_pitch_quality_v1","2026-07-27","2026-07-28 05:38:08 UTC"
"FA","Fastball",117,53.7555555555556,1.85726495726496,15.1282051282051,2026-07-19,14,"calendar_day_rolling_pitch_quality_v1","2026-07-27","2026-07-28 05:38:08 UTC"
"FC","Cutter",3396,89.9163722025913,-1.03989988221437,7.73919316843345,2026-07-19,14,"calendar_day_rolling_pitch_quality_v1","2026-07-27","2026-07-28 05:38:08 UTC"
"FF","Four-Seam Fastball",13038,94.8882037122258,3.42606227949072,15.3870762386869,2026-07-19,14,"calendar_day_rolling_pitch_quality_v1","2026-07-27","2026-07-28 05:38:08 UTC"
"FO","Forkball",46,83.8847826086956,10.445652173913,1.35217391304348,2026-07-19,14,"calendar_day_rolling_pitch_quality_v1","2026-07-27","2026-07-28 05:38:08 UTC"
"FS","Splitter",1481,86.7550979068197,8.38710330857529,2.93443619176232,2026-07-19,14,"calendar_day_rolling_pitch_quality_v1","2026-07-27","2026-07-28 05:38:08 UTC"
"KC","Knuckle Curve",736,82.8131793478261,-5.91576086956522,-9.27907608695652,2026-07-19,14,"calendar_day_rolling_pitch_quality_v1","2026-07-27","2026-07-28 05:38:08 UTC"
"KN","Knuckle Ball",24,81.1958333333333,2.39583333333333,-2.875,2026-07-19,14,"calendar_day_rolling_pitch_quality_v1","2026-07-27","2026-07-28 05:38:08 UTC"
"SI","Sinker",7031,94.255098847959,5.82124875551131,7.55652112075096,2026-07-19,14,"calendar_day_rolling_pitch_quality_v1","2026-07-27","2026-07-28 05:38:08 UTC"
"SL","Slider",5436,86.2364238410596,-0.863502575423105,1.66863502575423,2026-07-19,14,"calendar_day_rolling_pitch_quality_v1","2026-07-27","2026-07-28 05:38:08 UTC"
"ST","Sweeper",3454,82.8092356687898,-4.0137232194557,0.910393746381008,2026-07-19,14,"calendar_day_rolling_pitch_quality_v1","2026-07-27","2026-07-28 05:38:08 UTC"
"SV","Slurve",133,82.6924812030075,5.23082706766917,-6.06691729323308,2026-07-19,14,"calendar_day_rolling_pitch_quality_v1","2026-07-27","2026-07-28 05:38:08 UTC"
"UN","Unknown",1,72.2,9.7,14.6,2026-07-19,14,"calendar_day_rolling_pitch_quality_v1","2026-07-27","2026-07-28 05:38:08 UTC"
"CH","Changeup",4950,85.8085252525253,4.44965656565657,4.33375757575758,2026-07-20,14,"calendar_day_rolling_pitch_quality_v1","2026-07-27","2026-07-28 05:38:08 UTC"
"CS","Slow Curve",17,72.1176470588235,-10.8235294117647,-4.54117647058824,2026-07-20,14,"calendar_day_rolling_pitch_quality_v1","2026-07-27","2026-07-28 05:38:08 UTC"
"CU","Curveball",2620,80.4564885496183,-3.62927480916031,-10.1878244274809,2026-07-20,14,"calendar_day_rolling_pitch_quality_v1","2026-07-27","2026-07-28 05:38:08 UTC"
"EP","Eephus",69,44.0492753623188,0.585507246376812,18.7260869565217,2026-07-20,14,"calendar_day_rolling_pitch_quality_v1","2026-07-27","2026-07-28 05:38:08 UTC"
"FA","Fastball",99,54.8717171717172,1.4959595959596,14.8505050505051,2026-07-20,14,"calendar_day_rolling_pitch_quality_v1","2026-07-27","2026-07-28 05:38:08 UTC"
"FC","Cutter",3467,89.8878280934526,-1.11119123161234,7.69180847995385,2026-07-20,14,"calendar_day_rolling_pitch_quality_v1","2026-07-27","2026-07-28 05:38:08 UTC"
"FF","Four-Seam Fastball",13585,94.9014869341185,3.33707029812293,15.3700625690099,2026-07-20,14,"calendar_day_rolling_pitch_quality_v1","2026-07-27","2026-07-28 05:38:08 UTC"
"FO","Forkball",46,83.8847826086956,10.445652173913,1.35217391304348,2026-07-20,14,"calendar_day_rolling_pitch_quality_v1","2026-07-27","2026-07-28 05:38:08 UTC"
"FS","Splitter",1523,86.8950098489823,8.35856861457649,2.94097176625082,2026-07-20,14,"calendar_day_rolling_pitch_quality_v1","2026-07-27","2026-07-28 05:38:08 UTC"
"KC","Knuckle Curve",853,82.7977725674091,-6.1295427901524,-9.22684642438453,2026-07-20,14,"calendar_day_rolling_pitch_quality_v1","2026-07-27","2026-07-28 05:38:08 UTC"
"KN","Knuckle Ball",24,81.1958333333333,2.39583333333333,-2.875,2026-07-20,14,"calendar_day_rolling_pitch_quality_v1","2026-07-27","2026-07-28 05:38:08 UTC"
"SI","Sinker",7333,94.2871812355107,5.60594572480567,7.62701486431201,2026-07-20,14,"calendar_day_rolling_pitch_quality_v1","2026-07-27","2026-07-28 05:38:08 UTC"
"SL","Slider",5769,86.3235222742243,-0.867360027734443,1.62360894435777,2026-07-20,14,"calendar_day_rolling_pitch_quality_v1","2026-07-27","2026-07-28 05:38:08 UTC"
"ST","Sweeper",3604,82.8296337402886,-3.88740288568258,0.864983351831299,2026-07-20,14,"calendar_day_rolling_pitch_quality_v1","2026-07-27","2026-07-28 05:38:08 UTC"
"SV","Slurve",146,82.0253424657534,6.25753424657534,-5.62260273972603,2026-07-20,14,"calendar_day_rolling_pitch_quality_v1","2026-07-27","2026-07-28 05:38:08 UTC"
"UN","Unknown",1,72.2,9.7,14.6,2026-07-20,14,"calendar_day_rolling_pitch_quality_v1","2026-07-27","2026-07-28 05:38:08 UTC"
"CH","Changeup",4885,85.9180552712385,4.60800409416581,4.25447287615148,2026-07-21,14,"calendar_day_rolling_pitch_quality_v1","2026-07-27","2026-07-28 05:38:08 UTC"
"CS","Slow Curve",16,72.425,-10.425,-4.81875,2026-07-21,14,"calendar_day_rolling_pitch_quality_v1","2026-07-27","2026-07-28 05:38:08 UTC"
"CU","Curveball",2533,80.2609159099882,-3.86790367153573,-10.1716146861429,2026-07-21,14,"calendar_day_rolling_pitch_quality_v1","2026-07-27","2026-07-28 05:38:08 UTC"
"EP","Eephus",104,42.9913461538462,-1.26826923076923,18.2519230769231,2026-07-21,14,"calendar_day_rolling_pitch_quality_v1","2026-07-27","2026-07-28 05:38:08 UTC"
"FA","Fastball",90,55.8422222222222,0.234444444444445,14.7988888888889,2026-07-21,14,"calendar_day_rolling_pitch_quality_v1","2026-07-27","2026-07-28 05:38:08 UTC"
"FC","Cutter",3442,89.8525857059849,-1.2211504938989,7.65851249273678,2026-07-21,14,"calendar_day_rolling_pitch_quality_v1","2026-07-27","2026-07-28 05:38:08 UTC"
"FF","Four-Seam Fastball",13290,94.8702934537246,3.38374717832957,15.3818284424379,2026-07-21,14,"calendar_day_rolling_pitch_quality_v1","2026-07-27","2026-07-28 05:38:08 UTC"
"FO","Forkball",24,83.8208333333333,9.87083333333333,1.5625,2026-07-21,14,"calendar_day_rolling_pitch_quality_v1","2026-07-27","2026-07-28 05:38:08 UTC"
"FS","Splitter",1504,86.6228058510638,8.57234042553191,3.09315159574468,2026-07-21,14,"calendar_day_rolling_pitch_quality_v1","2026-07-27","2026-07-28 05:38:08 UTC"
"KC","Knuckle Curve",737,82.4945725915875,-6.14192672998643,-9.69606512890095,2026-07-21,14,"calendar_day_rolling_pitch_quality_v1","2026-07-27","2026-07-28 05:38:08 UTC"
"KN","Knuckle Ball",26,78.7730769230769,2.3,-1.94230769230769,2026-07-21,14,"calendar_day_rolling_pitch_quality_v1","2026-07-27","2026-07-28 05:38:08 UTC"
"SI","Sinker",7133,94.3577597083976,5.67490536940979,7.6991308005047,2026-07-21,14,"calendar_day_rolling_pitch_quality_v1","2026-07-27","2026-07-28 05:38:08 UTC"
"SL","Slider",5761,86.3182433605277,-0.867575073771915,1.55974657177573,2026-07-21,14,"calendar_day_rolling_pitch_quality_v1","2026-07-27","2026-07-28 05:38:08 UTC"
"ST","Sweeper",3489,82.7480940097449,-4.38406420177701,0.909114359415305,2026-07-21,14,"calendar_day_rolling_pitch_quality_v1","2026-07-27","2026-07-28 05:38:08 UTC"
"SV","Slurve",141,81.9283687943262,6.24822695035461,-5.89078014184397,2026-07-21,14,"calendar_day_rolling_pitch_quality_v1","2026-07-27","2026-07-28 05:38:08 UTC"
"UN","Unknown",1,72.2,9.7,14.6,2026-07-21,14,"calendar_day_rolling_pitch_quality_v1","2026-07-27","2026-07-28 05:38:08 UTC"
"CH","Changeup",4948,86.0115602263541,4.87962813257882,4.23466046887631,2026-07-22,14,"calendar_day_rolling_pitch_quality_v1","2026-07-27","2026-07-28 05:38:08 UTC"
"CS","Slow Curve",22,69.5681818181818,-11.0181818181818,-3.87727272727273,2026-07-22,14,"calendar_day_rolling_pitch_quality_v1","2026-07-27","2026-07-28 05:38:08 UTC"
"CU","Curveball",2612,80.2102986217458,-3.87438744257274,-10.3674196018377,2026-07-22,14,"calendar_day_rolling_pitch_quality_v1","2026-07-27","2026-07-28 05:38:08 UTC"
"EP","Eephus",110,42.8690909090909,-1.09727272727273,18.1572727272727,2026-07-22,14,"calendar_day_rolling_pitch_quality_v1","2026-07-27","2026-07-28 05:38:08 UTC"
"FA","Fastball",87,59.3448275862069,0.449425287356322,12.7793103448276,2026-07-22,14,"calendar_day_rolling_pitch_quality_v1","2026-07-27","2026-07-28 05:38:08 UTC"
"FC","Cutter",3596,89.8860956618465,-1.19296440489433,7.68692992213571,2026-07-22,14,"calendar_day_rolling_pitch_quality_v1","2026-07-27","2026-07-28 05:38:08 UTC"
"FF","Four-Seam Fastball",13280,94.8547289156626,3.51990210843373,15.3100978915663,2026-07-22,14,"calendar_day_rolling_pitch_quality_v1","2026-07-27","2026-07-28 05:38:08 UTC"
"FO","Forkball",24,83.8208333333333,9.87083333333333,1.5625,2026-07-22,14,"calendar_day_rolling_pitch_quality_v1","2026-07-27","2026-07-28 05:38:08 UTC"
"FS","Splitter",1544,86.577914507772,8.76120466321244,3.10136010362694,2026-07-22,14,"calendar_day_rolling_pitch_quality_v1","2026-07-27","2026-07-28 05:38:08 UTC"
"KC","Knuckle Curve",795,82.5133333333333,-6.48440251572327,-9.44805031446541,2026-07-22,14,"calendar_day_rolling_pitch_quality_v1","2026-07-27","2026-07-28 05:38:08 UTC"
"KN","Knuckle Ball",26,78.7730769230769,2.3,-1.94230769230769,2026-07-22,14,"calendar_day_rolling_pitch_quality_v1","2026-07-27","2026-07-28 05:38:08 UTC"
"SI","Sinker",7306,94.3747741582261,5.73937859293731,7.78286339994525,2026-07-22,14,"calendar_day_rolling_pitch_quality_v1","2026-07-27","2026-07-28 05:38:08 UTC"
"SL","Slider",5714,86.2069478473924,-0.893454672733637,1.63517675883794,2026-07-22,14,"calendar_day_rolling_pitch_quality_v1","2026-07-27","2026-07-28 05:38:08 UTC"
"ST","Sweeper",3455,82.7115774240232,-4.72520984081042,0.750477568740955,2026-07-22,14,"calendar_day_rolling_pitch_quality_v1","2026-07-27","2026-07-28 05:38:08 UTC"
"SV","Slurve",129,82.1558139534884,4.54806201550388,-6.46511627906977,2026-07-22,14,"calendar_day_rolling_pitch_quality_v1","2026-07-27","2026-07-28 05:38:08 UTC"
"UN","Unknown",1,72.2,9.7,14.6,2026-07-22,14,"calendar_day_rolling_pitch_quality_v1","2026-07-27","2026-07-28 05:38:08 UTC"
"CH","Changeup",4630,86.0787041036717,5.15410367170626,4.16546436285097,2026-07-23,14,"calendar_day_rolling_pitch_quality_v1","2026-07-27","2026-07-28 05:38:08 UTC"
"CS","Slow Curve",22,69.5681818181818,-11.0181818181818,-3.87727272727273,2026-07-23,14,"calendar_day_rolling_pitch_quality_v1","2026-07-27","2026-07-28 05:38:08 UTC"
"CU","Curveball",2478,80.3715496368039,-4.06412429378531,-10.2848264729621,2026-07-23,14,"calendar_day_rolling_pitch_quality_v1","2026-07-27","2026-07-28 05:38:08 UTC"
"EP","Eephus",105,42.5733333333333,-1.37904761904762,18.0628571428571,2026-07-23,14,"calendar_day_rolling_pitch_quality_v1","2026-07-27","2026-07-28 05:38:08 UTC"
"FA","Fastball",87,59.3448275862069,0.449425287356322,12.7793103448276,2026-07-23,14,"calendar_day_rolling_pitch_quality_v1","2026-07-27","2026-07-28 05:38:08 UTC"
"FC","Cutter",3472,89.9032834101383,-1.15864055299539,7.58274769585253,2026-07-23,14,"calendar_day_rolling_pitch_quality_v1","2026-07-27","2026-07-28 05:38:08 UTC"
"FF","Four-Seam Fastball",12613,94.8833267263934,3.65460239435503,15.3006897645287,2026-07-23,14,"calendar_day_rolling_pitch_quality_v1","2026-07-27","2026-07-28 05:38:08 UTC"
"FO","Forkball",24,83.8208333333333,9.87083333333333,1.5625,2026-07-23,14,"calendar_day_rolling_pitch_quality_v1","2026-07-27","2026-07-28 05:38:08 UTC"
"FS","Splitter",1493,86.5677160080375,8.67488278633624,3.06590756865372,2026-07-23,14,"calendar_day_rolling_pitch_quality_v1","2026-07-27","2026-07-28 05:38:08 UTC"
"KC","Knuckle Curve",786,82.6342239185751,-6.44847328244275,-9.36132315521628,2026-07-23,14,"calendar_day_rolling_pitch_quality_v1","2026-07-27","2026-07-28 05:38:08 UTC"
"KN","Knuckle Ball",37,79.4378378378378,2.06756756756757,-1.96756756756757,2026-07-23,14,"calendar_day_rolling_pitch_quality_v1","2026-07-27","2026-07-28 05:38:08 UTC"
"SI","Sinker",6868,94.3419044845661,5.77813046010483,7.65052417006407,2026-07-23,14,"calendar_day_rolling_pitch_quality_v1","2026-07-27","2026-07-28 05:38:08 UTC"
"SL","Slider",5407,86.1144257444054,-0.811096726465693,1.63697059367487,2026-07-23,14,"calendar_day_rolling_pitch_quality_v1","2026-07-27","2026-07-28 05:38:08 UTC"
"ST","Sweeper",3278,82.7011897498475,-4.77480170835876,0.693837705918243,2026-07-23,14,"calendar_day_rolling_pitch_quality_v1","2026-07-27","2026-07-28 05:38:08 UTC"
"SV","Slurve",129,82.1558139534884,4.54806201550388,-6.46511627906977,2026-07-23,14,"calendar_day_rolling_pitch_quality_v1","2026-07-27","2026-07-28 05:38:08 UTC"
"UN","Unknown",1,72.2,9.7,14.6,2026-07-23,14,"calendar_day_rolling_pitch_quality_v1","2026-07-27","2026-07-28 05:38:08 UTC"
"CH","Changeup",4691,86.0085056491153,4.46439991473033,4.23918141121296,2026-07-24,14,"calendar_day_rolling_pitch_quality_v1","2026-07-27","2026-07-28 05:38:08 UTC"
"CS","Slow Curve",22,69.5681818181818,-11.0181818181818,-3.87727272727273,2026-07-24,14,"calendar_day_rolling_pitch_quality_v1","2026-07-27","2026-07-28 05:38:08 UTC"
"CU","Curveball",2510,80.3368525896414,-3.56900398406375,-10.382390438247,2026-07-24,14,"calendar_day_rolling_pitch_quality_v1","2026-07-27","2026-07-28 05:38:08 UTC"
"EP","Eephus",105,42.5733333333333,-1.37904761904762,18.0628571428571,2026-07-24,14,"calendar_day_rolling_pitch_quality_v1","2026-07-27","2026-07-28 05:38:08 UTC"
"FA","Fastball",64,56.8703125,2.7703125,12.621875,2026-07-24,14,"calendar_day_rolling_pitch_quality_v1","2026-07-27","2026-07-28 05:38:08 UTC"
"FC","Cutter",3539,89.9165583498163,-1.13989827634925,7.64885560892908,2026-07-24,14,"calendar_day_rolling_pitch_quality_v1","2026-07-27","2026-07-28 05:38:08 UTC"
"FF","Four-Seam Fastball",12724,94.8795190191764,3.20445614586608,15.2772477208425,2026-07-24,14,"calendar_day_rolling_pitch_quality_v1","2026-07-27","2026-07-28 05:38:08 UTC"
"FO","Forkball",30,85.1533333333333,8.07,0.686666666666667,2026-07-24,14,"calendar_day_rolling_pitch_quality_v1","2026-07-27","2026-07-28 05:38:08 UTC"
"FS","Splitter",1510,86.7172185430464,9.2435761589404,3.10695364238411,2026-07-24,14,"calendar_day_rolling_pitch_quality_v1","2026-07-27","2026-07-28 05:38:08 UTC"
"KC","Knuckle Curve",662,83.0336858006042,-6.32824773413897,-8.96404833836858,2026-07-24,14,"calendar_day_rolling_pitch_quality_v1","2026-07-27","2026-07-28 05:38:08 UTC"
"KN","Knuckle Ball",37,79.4378378378378,2.06756756756757,-1.96756756756757,2026-07-24,14,"calendar_day_rolling_pitch_quality_v1","2026-07-27","2026-07-28 05:38:08 UTC"
"SI","Sinker",6730,94.352912332838,5.63178306092125,7.64375928677563,2026-07-24,14,"calendar_day_rolling_pitch_quality_v1","2026-07-27","2026-07-28 05:38:08 UTC"
"SL","Slider",5466,86.1176911818514,-0.664160263446762,1.54901207464325,2026-07-24,14,"calendar_day_rolling_pitch_quality_v1","2026-07-27","2026-07-28 05:38:08 UTC"
"ST","Sweeper",3289,82.7686530860444,-4.79698996655518,0.740285801155366,2026-07-24,14,"calendar_day_rolling_pitch_quality_v1","2026-07-27","2026-07-28 05:38:08 UTC"
"SV","Slurve",120,81.6533333333333,4.04166666666667,-6.58916666666667,2026-07-24,14,"calendar_day_rolling_pitch_quality_v1","2026-07-27","2026-07-28 05:38:08 UTC"
"UN","Unknown",1,72.2,9.7,14.6,2026-07-24,14,"calendar_day_rolling_pitch_quality_v1","2026-07-27","2026-07-28 05:38:08 UTC"
"CH","Changeup",4702,85.8385367928541,4.690557209698,4.26401531263292,2026-07-25,14,"calendar_day_rolling_pitch_quality_v1","2026-07-27","2026-07-28 05:38:08 UTC"
"CS","Slow Curve",19,68.6842105263158,-11.9473684210526,-3.20526315789474,2026-07-25,14,"calendar_day_rolling_pitch_quality_v1","2026-07-27","2026-07-28 05:38:08 UTC"
"CU","Curveball",2373,80.1347661188369,-4.01672987779182,-10.5117151285293,2026-07-25,14,"calendar_day_rolling_pitch_quality_v1","2026-07-27","2026-07-28 05:38:08 UTC"
"EP","Eephus",116,42.8534482758621,-1.15775862068966,18.2387931034483,2026-07-25,14,"calendar_day_rolling_pitch_quality_v1","2026-07-27","2026-07-28 05:38:08 UTC"
"FA","Fastball",67,58.0313432835821,3.00597014925373,12.6985074626866,2026-07-25,14,"calendar_day_rolling_pitch_quality_v1","2026-07-27","2026-07-28 05:38:08 UTC"
"FC","Cutter",3546,89.8172588832487,-1.19184997179921,7.45090242526791,2026-07-25,14,"calendar_day_rolling_pitch_quality_v1","2026-07-27","2026-07-28 05:38:08 UTC"
"FF","Four-Seam Fastball",12703,94.8648429504841,3.20516413445643,15.2711170589624,2026-07-25,14,"calendar_day_rolling_pitch_quality_v1","2026-07-27","2026-07-28 05:38:08 UTC"
"FO","Forkball",30,85.1533333333333,8.07,0.686666666666667,2026-07-25,14,"calendar_day_rolling_pitch_quality_v1","2026-07-27","2026-07-28 05:38:08 UTC"
"FS","Splitter",1577,86.7811033608117,9.01211160431198,2.95605580215599,2026-07-25,14,"calendar_day_rolling_pitch_quality_v1","2026-07-27","2026-07-28 05:38:08 UTC"
"KC","Knuckle Curve",705,82.8699290780142,-6.31191489361702,-9.43702127659575,2026-07-25,14,"calendar_day_rolling_pitch_quality_v1","2026-07-27","2026-07-28 05:38:08 UTC"
"KN","Knuckle Ball",26,79.0346153846154,0.973076923076923,-0.965384615384615,2026-07-25,14,"calendar_day_rolling_pitch_quality_v1","2026-07-27","2026-07-28 05:38:08 UTC"
"SI","Sinker",6709,94.2976002384856,5.44292741094053,7.69861380235505,2026-07-25,14,"calendar_day_rolling_pitch_quality_v1","2026-07-27","2026-07-28 05:38:08 UTC"
"SL","Slider",5426,86.1041651308515,-0.72852930335422,1.57377441946185,2026-07-25,14,"calendar_day_rolling_pitch_quality_v1","2026-07-27","2026-07-28 05:38:08 UTC"
"ST","Sweeper",3281,82.7647668393782,-4.66494971045413,0.723255105150869,2026-07-25,14,"calendar_day_rolling_pitch_quality_v1","2026-07-27","2026-07-28 05:38:08 UTC"
"SV","Slurve",138,81.2478260869565,6.16304347826087,-5.55579710144928,2026-07-25,14,"calendar_day_rolling_pitch_quality_v1","2026-07-27","2026-07-28 05:38:08 UTC"
"UN","Unknown",1,72.2,9.7,14.6,2026-07-25,14,"calendar_day_rolling_pitch_quality_v1","2026-07-27","2026-07-28 05:38:08 UTC"
"CH","Changeup",4689,85.8391981232672,4.55237790573683,4.19336745574749,2026-07-26,14,"calendar_day_rolling_pitch_quality_v1","2026-07-27","2026-07-28 05:38:08 UTC"
"CS","Slow Curve",17,68.6882352941176,-11.2823529411765,-3.2,2026-07-26,14,"calendar_day_rolling_pitch_quality_v1","2026-07-27","2026-07-28 05:38:08 UTC"
"CU","Curveball",2449,80.1976725193957,-4.05026541445488,-10.274111882401,2026-07-26,14,"calendar_day_rolling_pitch_quality_v1","2026-07-27","2026-07-28 05:38:08 UTC"
"EP","Eephus",126,44.5753968253968,-0.311904761904762,17.9936507936508,2026-07-26,14,"calendar_day_rolling_pitch_quality_v1","2026-07-27","2026-07-28 05:38:08 UTC"
"FA","Fastball",67,58.0313432835821,3.00597014925373,12.6985074626866,2026-07-26,14,"calendar_day_rolling_pitch_quality_v1","2026-07-27","2026-07-28 05:38:08 UTC"
"FC","Cutter",3446,89.8332559489263,-1.35737086477075,7.55635519442832,2026-07-26,14,"calendar_day_rolling_pitch_quality_v1","2026-07-27","2026-07-28 05:38:08 UTC"
"FF","Four-Seam Fastball",12799,94.8837487303696,3.13053363544027,15.3208375654348,2026-07-26,14,"calendar_day_rolling_pitch_quality_v1","2026-07-27","2026-07-28 05:38:08 UTC"
"FO","Forkball",30,85.1533333333333,8.07,0.686666666666667,2026-07-26,14,"calendar_day_rolling_pitch_quality_v1","2026-07-27","2026-07-28 05:38:08 UTC"
"FS","Splitter",1526,86.570380078637,8.67968545216252,2.83689384010485,2026-07-26,14,"calendar_day_rolling_pitch_quality_v1","2026-07-27","2026-07-28 05:38:08 UTC"
"KC","Knuckle Curve",695,82.7887769784173,-6.1641726618705,-9.57812949640288,2026-07-26,14,"calendar_day_rolling_pitch_quality_v1","2026-07-27","2026-07-28 05:38:08 UTC"
"KN","Knuckle Ball",26,79.0346153846154,0.973076923076923,-0.965384615384615,2026-07-26,14,"calendar_day_rolling_pitch_quality_v1","2026-07-27","2026-07-28 05:38:08 UTC"
"SI","Sinker",6683,94.3025138410893,5.20338171479874,7.80296274128385,2026-07-26,14,"calendar_day_rolling_pitch_quality_v1","2026-07-27","2026-07-28 05:38:08 UTC"
"SL","Slider",5577,86.2007351622736,-0.853433745741438,1.66141294602833,2026-07-26,14,"calendar_day_rolling_pitch_quality_v1","2026-07-27","2026-07-28 05:38:08 UTC"
"ST","Sweeper",3230,82.71,-4.88712074303406,0.618049535603715,2026-07-26,14,"calendar_day_rolling_pitch_quality_v1","2026-07-27","2026-07-28 05:38:08 UTC"
"SV","Slurve",152,81.9368421052632,7.50789473684211,-5.63947368421053,2026-07-26,14,"calendar_day_rolling_pitch_quality_v1","2026-07-27","2026-07-28 05:38:08 UTC"
"UN","Unknown",1,72.2,9.7,14.6,2026-07-26,14,"calendar_day_rolling_pitch_quality_v1","2026-07-27","2026-07-28 05:38:08 UTC"
"CH","Changeup",5083,85.9356875860712,4.66557151288609,4.15201652567381,2026-07-27,14,"calendar_day_rolling_pitch_quality_v1","2026-07-27","2026-07-28 05:38:08 UTC"
"CS","Slow Curve",17,68.6882352941176,-11.2823529411765,-3.2,2026-07-27,14,"calendar_day_rolling_pitch_quality_v1","2026-07-27","2026-07-28 05:38:08 UTC"
"CU","Curveball",2654,80.2446872645064,-3.85237377543331,-10.3652976639035,2026-07-27,14,"calendar_day_rolling_pitch_quality_v1","2026-07-27","2026-07-28 05:38:08 UTC"
"EP","Eephus",126,44.5753968253968,-0.311904761904762,17.9936507936508,2026-07-27,14,"calendar_day_rolling_pitch_quality_v1","2026-07-27","2026-07-28 05:38:08 UTC"
"FA","Fastball",77,58.5181818181818,3.60649350649351,13.2246753246753,2026-07-27,14,"calendar_day_rolling_pitch_quality_v1","2026-07-27","2026-07-28 05:38:08 UTC"
"FC","Cutter",3742,89.8087386424372,-1.21753073222875,7.60585248530198,2026-07-27,14,"calendar_day_rolling_pitch_quality_v1","2026-07-27","2026-07-28 05:38:08 UTC"
"FF","Four-Seam Fastball",13724,94.8703730690761,3.14860827747013,15.2907315651414,2026-07-27,14,"calendar_day_rolling_pitch_quality_v1","2026-07-27","2026-07-28 05:38:08 UTC"
"FO","Forkball",31,85.1741935483871,8.10322580645161,0.812903225806452,2026-07-27,14,"calendar_day_rolling_pitch_quality_v1","2026-07-27","2026-07-28 05:38:08 UTC"
"FS","Splitter",1620,86.6151234567901,8.81037037037037,2.84456790123457,2026-07-27,14,"calendar_day_rolling_pitch_quality_v1","2026-07-27","2026-07-28 05:38:08 UTC"
"KC","Knuckle Curve",716,82.8170391061452,-6.21005586592179,-9.52262569832402,2026-07-27,14,"calendar_day_rolling_pitch_quality_v1","2026-07-27","2026-07-28 05:38:08 UTC"
"KN","Knuckle Ball",26,79.0346153846154,0.973076923076923,-0.965384615384615,2026-07-27,14,"calendar_day_rolling_pitch_quality_v1","2026-07-27","2026-07-28 05:38:08 UTC"
"SI","Sinker",7293,94.2555464143699,4.66865487453723,7.79441930618401,2026-07-27,14,"calendar_day_rolling_pitch_quality_v1","2026-07-27","2026-07-28 05:38:08 UTC"
"SL","Slider",5949,86.1995125231131,-0.883930072281056,1.59161203563624,2026-07-27,14,"calendar_day_rolling_pitch_quality_v1","2026-07-27","2026-07-28 05:38:08 UTC"
"ST","Sweeper",3562,82.7522178551376,-4.94671532846715,0.601122964626614,2026-07-27,14,"calendar_day_rolling_pitch_quality_v1","2026-07-27","2026-07-28 05:38:08 UTC"
"SV","Slurve",158,81.9664556962025,7.6506329113924,-5.52341772151899,2026-07-27,14,"calendar_day_rolling_pitch_quality_v1","2026-07-27","2026-07-28 05:38:08 UTC"
"UN","Unknown",1,72.2,9.7,14.6,2026-07-27,14,"calendar_day_rolling_pitch_quality_v1","2026-07-27","2026-07-28 05:38:08 UTC"
