"pitcher_id","pitcher_name","team","throws","last_appearance","pitches_last_1d","pitches_last_3d","pitches_last_7d","appearances_last_3d","consecutive_days_used","days_rest","pitcher_role","role_confidence","availability_score","availability_status","availability_method","as_of_date","source_through","generated_at_utc","player_name","team_id","team_name","position_abbreviation","position_type","roster_status","roster_type","is_active","is_pitcher","roster_pitcher_role","roster_verified_at","roster_method","active_roster_verified","bullpen_pool_method","performance_score","performance_reliability","matchup_score","performance_score_used","role_fit_score","selection_score","upcoming_batter_side","leverage_index","selection_method","eligibility_method","selection_rank","matchup_board_method","identity_match_method","roster_gate_date","selector_roster_method"
"805299","Brandyn Garcia","Arizona Diamondbacks","L","2026-09-15",0,23,30,1,0,2,"reliever",1,0.872222222222222,"available","sabrhood_workload_heuristic_v1","2026-09-17","2026-09-17","2026-09-18 14:10:06 UTC","Brandyn Garcia","109","Arizona Diamondbacks","P","Pitcher","Active","active",TRUE,TRUE,"pitcher_unspecified",2026-09-18,"baseballr_mlb_rosters_active_v1",TRUE,"workload_plus_baseballr_active_roster_v1",0.836417027027027,0.635,1,0.836417027027027,1,90.8,"L",2,"sabrhood_reliever_selector_v1","recent_appearance_proxy",1,"availability_role_matchup_performance_v1","exact_mlbam_id",2026-09-18,"baseballr_active_roster_then_workload_selector_v2"
"666661","Juan Morillo","Arizona Diamondbacks","R","2026-09-15",0,34,35,2,0,2,"reliever",1,0.811111111111111,"available","sabrhood_workload_heuristic_v1","2026-09-17","2026-09-17","2026-09-18 14:10:06 UTC","Juan Morillo","109","Arizona Diamondbacks","P","Pitcher","Active","active",TRUE,TRUE,"pitcher_unspecified",2026-09-18,"baseballr_mlb_rosters_active_v1",TRUE,"workload_plus_baseballr_active_roster_v1",0.813182972972973,0.71,0.35,0.813182972972973,1,74.8,"L",2,"sabrhood_reliever_selector_v1","recent_appearance_proxy",2,"availability_role_matchup_performance_v1","exact_mlbam_id",2026-09-18,"baseballr_active_roster_then_workload_selector_v2"
"664199","Taylor Clarke","Arizona Diamondbacks","R","2026-09-15",0,27,54,1,0,2,"reliever",0.97,0.85,"available","sabrhood_workload_heuristic_v1","2026-09-17","2026-09-17","2026-09-18 14:10:06 UTC","Taylor Clarke","109","Arizona Diamondbacks","P","Pitcher","Active","active",TRUE,TRUE,"pitcher_unspecified",2026-09-18,"baseballr_mlb_rosters_active_v1",TRUE,"workload_plus_baseballr_active_roster_v1",0.652597189189189,0.728,0.35,0.652597189189189,1,72.3,"L",2,"sabrhood_reliever_selector_v1","recent_appearance_proxy",3,"availability_role_matchup_performance_v1","exact_mlbam_id",2026-09-18,"baseballr_active_roster_then_workload_selector_v2"
"666661","Juan Morillo","Arizona Diamondbacks","R","2026-09-15",0,34,35,2,0,2,"reliever",1,0.811111111111111,"available","sabrhood_workload_heuristic_v1","2026-09-17","2026-09-17","2026-09-18 14:10:06 UTC","Juan Morillo","109","Arizona Diamondbacks","P","Pitcher","Active","active",TRUE,TRUE,"pitcher_unspecified",2026-09-18,"baseballr_mlb_rosters_active_v1",TRUE,"workload_plus_baseballr_active_roster_v1",0.813182972972973,0.71,0.7,0.813182972972973,1,81.8,"R",2,"sabrhood_reliever_selector_v1","recent_appearance_proxy",1,"availability_role_matchup_performance_v1","exact_mlbam_id",2026-09-18,"baseballr_active_roster_then_workload_selector_v2"
"664199","Taylor Clarke","Arizona Diamondbacks","R","2026-09-15",0,27,54,1,0,2,"reliever",0.97,0.85,"available","sabrhood_workload_heuristic_v1","2026-09-17","2026-09-17","2026-09-18 14:10:06 UTC","Taylor Clarke","109","Arizona Diamondbacks","P","Pitcher","Active","active",TRUE,TRUE,"pitcher_unspecified",2026-09-18,"baseballr_mlb_rosters_active_v1",TRUE,"workload_plus_baseballr_active_roster_v1",0.652597189189189,0.728,0.7,0.652597189189189,1,79.3,"R",2,"sabrhood_reliever_selector_v1","recent_appearance_proxy",2,"availability_role_matchup_performance_v1","exact_mlbam_id",2026-09-18,"baseballr_active_roster_then_workload_selector_v2"
"805299","Brandyn Garcia","Arizona Diamondbacks","L","2026-09-15",0,23,30,1,0,2,"reliever",1,0.872222222222222,"available","sabrhood_workload_heuristic_v1","2026-09-17","2026-09-17","2026-09-18 14:10:06 UTC","Brandyn Garcia","109","Arizona Diamondbacks","P","Pitcher","Active","active",TRUE,TRUE,"pitcher_unspecified",2026-09-18,"baseballr_mlb_rosters_active_v1",TRUE,"workload_plus_baseballr_active_roster_v1",0.836417027027027,0.635,0.4,0.836417027027027,1,78.8,"R",2,"sabrhood_reliever_selector_v1","recent_appearance_proxy",3,"availability_role_matchup_performance_v1","exact_mlbam_id",2026-09-18,"baseballr_active_roster_then_workload_selector_v2"
"665622","Luis Medina","Athletics","R","2026-09-15",0,3,30,1,0,2,"reliever",0.964,0.983333333333333,"available","sabrhood_workload_heuristic_v1","2026-09-17","2026-09-17","2026-09-18 14:10:06 UTC","Luis Medina","133","Athletics","P","Pitcher","Active","active",TRUE,TRUE,"pitcher_unspecified",2026-09-18,"baseballr_mlb_rosters_active_v1",TRUE,"workload_plus_baseballr_active_roster_v1",0.559792972972973,0.746,0.35,0.559792972972973,1,75.3,"L",2,"sabrhood_reliever_selector_v1","recent_appearance_proxy",1,"availability_role_matchup_performance_v1","exact_mlbam_id",2026-09-18,"baseballr_active_roster_then_workload_selector_v2"
"814305","Yunior Tur","Athletics","R","2026-09-12",0,0,37,0,0,5,"reliever",0.35,1,"available","sabrhood_workload_heuristic_v1","2026-09-17","2026-09-17","2026-09-18 14:10:06 UTC","Yunior Tur","133","Athletics","P","Pitcher","Active","active",TRUE,TRUE,"pitcher_unspecified",2026-09-18,"baseballr_mlb_rosters_active_v1",TRUE,"workload_plus_baseballr_active_roster_v1",0.5,0,0.35,0.5,1,74.5,"L",2,"sabrhood_reliever_selector_v1","recent_appearance_proxy",2,"availability_role_matchup_performance_v1","exact_mlbam_id",2026-09-18,"baseballr_active_roster_then_workload_selector_v2"
"680723","Drew Rom","Athletics","L","2026-09-16",10,10,10,1,1,1,"reliever",0.7,0.657777777777778,"monitor","sabrhood_workload_heuristic_v1","2026-09-17","2026-09-17","2026-09-18 14:10:06 UTC","Drew Rom","133","Athletics","P","Pitcher","Active","active",TRUE,TRUE,"pitcher_unspecified",2026-09-18,"baseballr_mlb_rosters_active_v1",TRUE,"workload_plus_baseballr_active_roster_v1",0.5,0,1,0.5,1,73.8,"L",2,"sabrhood_reliever_selector_v1","recent_appearance_proxy",3,"availability_role_matchup_performance_v1","exact_mlbam_id",2026-09-18,"baseballr_active_roster_then_workload_selector_v2"
"665622","Luis Medina","Athletics","R","2026-09-15",0,3,30,1,0,2,"reliever",0.964,0.983333333333333,"available","sabrhood_workload_heuristic_v1","2026-09-17","2026-09-17","2026-09-18 14:10:06 UTC","Luis Medina","133","Athletics","P","Pitcher","Active","active",TRUE,TRUE,"pitcher_unspecified",2026-09-18,"baseballr_mlb_rosters_active_v1",TRUE,"workload_plus_baseballr_active_roster_v1",0.559792972972973,0.746,0.7,0.559792972972973,1,82.3,"R",2,"sabrhood_reliever_selector_v1","recent_appearance_proxy",1,"availability_role_matchup_performance_v1","exact_mlbam_id",2026-09-18,"baseballr_active_roster_then_workload_selector_v2"
"814305","Yunior Tur","Athletics","R","2026-09-12",0,0,37,0,0,5,"reliever",0.35,1,"available","sabrhood_workload_heuristic_v1","2026-09-17","2026-09-17","2026-09-18 14:10:06 UTC","Yunior Tur","133","Athletics","P","Pitcher","Active","active",TRUE,TRUE,"pitcher_unspecified",2026-09-18,"baseballr_mlb_rosters_active_v1",TRUE,"workload_plus_baseballr_active_roster_v1",0.5,0,0.7,0.5,1,81.5,"R",2,"sabrhood_reliever_selector_v1","recent_appearance_proxy",2,"availability_role_matchup_performance_v1","exact_mlbam_id",2026-09-18,"baseballr_active_roster_then_workload_selector_v2"
"665660","Elvis Alvarado","Athletics","R","2026-09-15",0,3,34,1,0,2,"reliever",1,0.983333333333333,"available","sabrhood_workload_heuristic_v1","2026-09-17","2026-09-17","2026-09-18 14:10:06 UTC","Elvis Alvarado","133","Athletics","P","Pitcher","Active","active",TRUE,TRUE,"pitcher_unspecified",2026-09-18,"baseballr_mlb_rosters_active_v1",TRUE,"workload_plus_baseballr_active_roster_v1",0.400809891891892,0.674,0.7,0.400809891891892,1,78.4,"R",2,"sabrhood_reliever_selector_v1","recent_appearance_proxy",3,"availability_role_matchup_performance_v1","exact_mlbam_id",2026-09-18,"baseballr_active_roster_then_workload_selector_v2"
"669276","Dylan Lee","Atlanta Braves","L","2026-09-13",0,0,28,0,0,4,"reliever",1,1,"available","sabrhood_workload_heuristic_v1","2026-09-17","2026-09-17","2026-09-18 14:10:06 UTC","Dylan Lee","144","Atlanta Braves","P","Pitcher","Active","active",TRUE,TRUE,"pitcher_unspecified",2026-09-18,"baseballr_mlb_rosters_active_v1",TRUE,"workload_plus_baseballr_active_roster_v1",0.833907162162162,0.713,1,0.833907162162162,1,95.8,"L",2,"sabrhood_reliever_selector_v1","recent_appearance_proxy",1,"availability_role_matchup_performance_v1","exact_mlbam_id",2026-09-18,"baseballr_active_roster_then_workload_selector_v2"
"678061","Ray Kerr","Atlanta Braves","L","2026-09-13",0,0,34,0,0,4,"reliever",0.35,1,"available","sabrhood_workload_heuristic_v1","2026-09-17","2026-09-17","2026-09-18 14:10:06 UTC","Ray Kerr","144","Atlanta Braves","P","Pitcher","Active","active",TRUE,TRUE,"pitcher_unspecified",2026-09-18,"baseballr_mlb_rosters_active_v1",TRUE,"workload_plus_baseballr_active_roster_v1",0.5,0,1,0.5,1,87.5,"L",2,"sabrhood_reliever_selector_v1","recent_appearance_proxy",2,"availability_role_matchup_performance_v1","exact_mlbam_id",2026-09-18,"baseballr_active_roster_then_workload_selector_v2"
"689266","Dylan Dodd","Atlanta Braves","L","2026-09-16",4,4,4,1,1,1,"reliever",1,0.791111111111111,"available","sabrhood_workload_heuristic_v1","2026-09-17","2026-09-17","2026-09-18 14:10:06 UTC","Dylan Dodd","144","Atlanta Braves","P","Pitcher","Active","active",TRUE,TRUE,"pitcher_unspecified",2026-09-18,"baseballr_mlb_rosters_active_v1",TRUE,"workload_plus_baseballr_active_roster_v1",0.699549657657658,0.639,1,0.699549657657658,1,84.1,"L",2,"sabrhood_reliever_selector_v1","recent_appearance_proxy",3,"availability_role_matchup_performance_v1","exact_mlbam_id",2026-09-18,"baseballr_active_roster_then_workload_selector_v2"
"669276","Dylan Lee","Atlanta Braves","L","2026-09-13",0,0,28,0,0,4,"reliever",1,1,"available","sabrhood_workload_heuristic_v1","2026-09-17","2026-09-17","2026-09-18 14:10:06 UTC","Dylan Lee","144","Atlanta Braves","P","Pitcher","Active","active",TRUE,TRUE,"pitcher_unspecified",2026-09-18,"baseballr_mlb_rosters_active_v1",TRUE,"workload_plus_baseballr_active_roster_v1",0.833907162162162,0.713,0.4,0.833907162162162,1,83.8,"R",2,"sabrhood_reliever_selector_v1","recent_appearance_proxy",1,"availability_role_matchup_performance_v1","exact_mlbam_id",2026-09-18,"baseballr_active_roster_then_workload_selector_v2"
"800311","Didier Fuentes","Atlanta Braves","R","2026-09-15",0,35,62,1,0,2,"reliever",0.964,0.805555555555556,"available","sabrhood_workload_heuristic_v1","2026-09-17","2026-09-17","2026-09-18 14:10:06 UTC","Didier Fuentes","144","Atlanta Braves","P","Pitcher","Active","active",TRUE,TRUE,"pitcher_unspecified",2026-09-18,"baseballr_mlb_rosters_active_v1",TRUE,"workload_plus_baseballr_active_roster_v1",0.819865333333333,0.736,0.7,0.819865333333333,1,81.7,"R",2,"sabrhood_reliever_selector_v1","recent_appearance_proxy",2,"availability_role_matchup_performance_v1","exact_mlbam_id",2026-09-18,"baseballr_active_roster_then_workload_selector_v2"
"628452","Raisel Iglesias","Atlanta Braves","R","2026-09-15",0,15,52,1,0,2,"reliever",1,0.916666666666667,"available","sabrhood_workload_heuristic_v1","2026-09-17","2026-09-17","2026-09-18 14:10:06 UTC","Raisel Iglesias","144","Atlanta Braves","P","Pitcher","Active","active",TRUE,TRUE,"pitcher_unspecified",2026-09-18,"baseballr_mlb_rosters_active_v1",TRUE,"workload_plus_baseballr_active_roster_v1",0.638293864864865,0.693,0.7,0.638293864864865,1,81.6,"R",2,"sabrhood_reliever_selector_v1","recent_appearance_proxy",3,"availability_role_matchup_performance_v1","exact_mlbam_id",2026-09-18,"baseballr_active_roster_then_workload_selector_v2"
"801725","Luis De León","Baltimore Orioles","L","2026-09-15",0,19,39,1,0,2,"reliever",0.3,0.894444444444444,"available","sabrhood_workload_heuristic_v1","2026-09-17","2026-09-17","2026-09-18 14:10:06 UTC","Luis De León","110","Baltimore Orioles","P","Pitcher","Active","active",TRUE,TRUE,"pitcher_unspecified",2026-09-18,"baseballr_mlb_rosters_active_v1",TRUE,"workload_plus_baseballr_active_roster_v1",0.5,0,1,0.5,1,83.3,"L",2,"sabrhood_reliever_selector_v1","recent_appearance_proxy",1,"availability_role_matchup_performance_v1","exact_mlbam_id",2026-09-18,"baseballr_active_roster_then_workload_selector_v2"
"664991","Grant Wolfram","Baltimore Orioles","L","2026-09-15",0,32,52,2,0,2,"reliever",1,0.822222222222222,"available","sabrhood_workload_heuristic_v1","2026-09-17","2026-09-17","2026-09-18 14:10:06 UTC","Grant Wolfram","110","Baltimore Orioles","P","Pitcher","Active","active",TRUE,TRUE,"pitcher_unspecified",2026-09-18,"baseballr_mlb_rosters_active_v1",TRUE,"workload_plus_baseballr_active_roster_v1",0.558739689189189,0.679,1,0.558739689189189,1,81.9,"L",2,"sabrhood_reliever_selector_v1","recent_appearance_proxy",2,"availability_role_matchup_performance_v1","exact_mlbam_id",2026-09-18,"baseballr_active_roster_then_workload_selector_v2"
"676742","Cam Sanders","Baltimore Orioles","R","2026-09-13",0,0,31,0,0,4,"reliever",1,1,"available","sabrhood_workload_heuristic_v1","2026-09-17","2026-09-17","2026-09-18 14:10:06 UTC","Cam Sanders","110","Baltimore Orioles","P","Pitcher","Active","active",TRUE,TRUE,"pitcher_unspecified",2026-09-18,"baseballr_mlb_rosters_active_v1",TRUE,"workload_plus_baseballr_active_roster_v1",0.635286630630631,0.552,0.35,0.635286630630631,1,77.9,"L",2,"sabrhood_reliever_selector_v1","recent_appearance_proxy",3,"availability_role_matchup_performance_v1","exact_mlbam_id",2026-09-18,"baseballr_active_roster_then_workload_selector_v2"
"676742","Cam Sanders","Baltimore Orioles","R","2026-09-13",0,0,31,0,0,4,"reliever",1,1,"available","sabrhood_workload_heuristic_v1","2026-09-17","2026-09-17","2026-09-18 14:10:06 UTC","Cam Sanders","110","Baltimore Orioles","P","Pitcher","Active","active",TRUE,TRUE,"pitcher_unspecified",2026-09-18,"baseballr_mlb_rosters_active_v1",TRUE,"workload_plus_baseballr_active_roster_v1",0.635286630630631,0.552,0.7,0.635286630630631,1,84.9,"R",2,"sabrhood_reliever_selector_v1","recent_appearance_proxy",1,"availability_role_matchup_performance_v1","exact_mlbam_id",2026-09-18,"baseballr_active_roster_then_workload_selector_v2"
"670329","Rico Garcia","Baltimore Orioles","R","2026-09-15",0,24,30,2,0,2,"reliever",1,0.866666666666667,"available","sabrhood_workload_heuristic_v1","2026-09-17","2026-09-17","2026-09-18 14:10:06 UTC","Rico Garcia","110","Baltimore Orioles","P","Pitcher","Active","active",TRUE,TRUE,"pitcher_unspecified",2026-09-18,"baseballr_mlb_rosters_active_v1",TRUE,"workload_plus_baseballr_active_roster_v1",0.745069416666667,0.717,0.7,0.745069416666667,1,82.3,"R",2,"sabrhood_reliever_selector_v1","recent_appearance_proxy",2,"availability_role_matchup_performance_v1","exact_mlbam_id",2026-09-18,"baseballr_active_roster_then_workload_selector_v2"
"695380","Alex Hoppe","Baltimore Orioles","R","2026-09-15",0,11,43,1,0,2,"reliever",1,0.938888888888889,"available","sabrhood_workload_heuristic_v1","2026-09-17","2026-09-17","2026-09-18 14:10:06 UTC","Alex Hoppe","110","Baltimore Orioles","P","Pitcher","Active","active",TRUE,TRUE,"pitcher_unspecified",2026-09-18,"baseballr_mlb_rosters_active_v1",TRUE,"workload_plus_baseballr_active_roster_v1",0.492274486486486,0.644,0.7,0.492274486486486,1,78.9,"R",2,"sabrhood_reliever_selector_v1","recent_appearance_proxy",3,"availability_role_matchup_performance_v1","exact_mlbam_id",2026-09-18,"baseballr_active_roster_then_workload_selector_v2"
"547973","Aroldis Chapman","Boston Red Sox","L","2026-09-13",0,0,41,0,0,4,"reliever",1,1,"available","sabrhood_workload_heuristic_v1","2026-09-17","2026-09-17","2026-09-18 14:10:06 UTC","Aroldis Chapman","111","Boston Red Sox","P","Pitcher","Active","active",TRUE,TRUE,"pitcher_unspecified",2026-09-18,"baseballr_mlb_rosters_active_v1",TRUE,"workload_plus_baseballr_active_roster_v1",0.732013418918919,0.677,1,0.732013418918919,1,93.3,"L",2,"sabrhood_reliever_selector_v1","recent_appearance_proxy",1,"availability_role_matchup_performance_v1","exact_mlbam_id",2026-09-18,"baseballr_active_roster_then_workload_selector_v2"
"663558","Jovani Morán","Boston Red Sox","L","2026-09-15",0,23,46,1,0,2,"reliever",0.875,0.872222222222222,"available","sabrhood_workload_heuristic_v1","2026-09-17","2026-09-17","2026-09-18 14:10:06 UTC","Jovani Morán","111","Boston Red Sox","P","Pitcher","Active","active",TRUE,TRUE,"pitcher_unspecified",2026-09-18,"baseballr_mlb_rosters_active_v1",TRUE,"workload_plus_baseballr_active_roster_v1",0.777005387387387,0.724,1,0.777005387387387,1,89.3,"L",2,"sabrhood_reliever_selector_v1","recent_appearance_proxy",2,"availability_role_matchup_performance_v1","exact_mlbam_id",2026-09-18,"baseballr_active_roster_then_workload_selector_v2"
"687941","Alec Gamboa","Boston Red Sox","L","2026-09-15",0,18,18,1,0,2,"reliever",0.75,0.9,"available","sabrhood_workload_heuristic_v1","2026-09-17","2026-09-17","2026-09-18 14:10:06 UTC","Alec Gamboa","111","Boston Red Sox","P","Pitcher","Active","active",TRUE,TRUE,"pitcher_unspecified",2026-09-18,"baseballr_mlb_rosters_active_v1",TRUE,"workload_plus_baseballr_active_roster_v1",0.520000135135135,0.535,1,0.520000135135135,1,84,"L",2,"sabrhood_reliever_selector_v1","recent_appearance_proxy",3,"availability_role_matchup_performance_v1","exact_mlbam_id",2026-09-18,"baseballr_active_roster_then_workload_selector_v2"
"676477","Garrett Whitlock","Boston Red Sox","R","2026-09-13",0,0,20,0,0,4,"reliever",1,1,"available","sabrhood_workload_heuristic_v1","2026-09-17","2026-09-17","2026-09-18 14:10:06 UTC","Garrett Whitlock","111","Boston Red Sox","P","Pitcher","Active","active",TRUE,TRUE,"pitcher_unspecified",2026-09-18,"baseballr_mlb_rosters_active_v1",TRUE,"workload_plus_baseballr_active_roster_v1",0.810171603603604,0.654,0.7,0.810171603603604,1,89.3,"R",2,"sabrhood_reliever_selector_v1","recent_appearance_proxy",1,"availability_role_matchup_performance_v1","exact_mlbam_id",2026-09-18,"baseballr_active_roster_then_workload_selector_v2"
"547973","Aroldis Chapman","Boston Red Sox","L","2026-09-13",0,0,41,0,0,4,"reliever",1,1,"available","sabrhood_workload_heuristic_v1","2026-09-17","2026-09-17","2026-09-18 14:10:06 UTC","Aroldis Chapman","111","Boston Red Sox","P","Pitcher","Active","active",TRUE,TRUE,"pitcher_unspecified",2026-09-18,"baseballr_mlb_rosters_active_v1",TRUE,"workload_plus_baseballr_active_roster_v1",0.732013418918919,0.677,0.4,0.732013418918919,1,81.3,"R",2,"sabrhood_reliever_selector_v1","recent_appearance_proxy",2,"availability_role_matchup_performance_v1","exact_mlbam_id",2026-09-18,"baseballr_active_roster_then_workload_selector_v2"
"681544","Wyatt Olds","Boston Red Sox","R","2026-09-15",0,14,14,1,0,2,"reliever",0.6,0.922222222222222,"available","sabrhood_workload_heuristic_v1","2026-09-17","2026-09-17","2026-09-18 14:10:06 UTC","Wyatt Olds","111","Boston Red Sox","P","Pitcher","Active","active",TRUE,TRUE,"pitcher_unspecified",2026-09-18,"baseballr_mlb_rosters_active_v1",TRUE,"workload_plus_baseballr_active_roster_v1",0.5,0,0.7,0.5,1,78.4,"R",2,"sabrhood_reliever_selector_v1","recent_appearance_proxy",3,"availability_role_matchup_performance_v1","exact_mlbam_id",2026-09-18,"baseballr_active_roster_then_workload_selector_v2"
"573204","Caleb Thielbar","Chicago Cubs","L","2026-09-13",0,0,14,0,0,4,"reliever",1,1,"available","sabrhood_workload_heuristic_v1","2026-09-17","2026-09-17","2026-09-18 14:10:06 UTC","Caleb Thielbar","112","Chicago Cubs","P","Pitcher","Active","active",TRUE,TRUE,"pitcher_unspecified",2026-09-18,"baseballr_mlb_rosters_active_v1",TRUE,"workload_plus_baseballr_active_roster_v1",0.417973459459459,0.662,1,0.417973459459459,1,85.4,"L",2,"sabrhood_reliever_selector_v1","recent_appearance_proxy",1,"availability_role_matchup_performance_v1","exact_mlbam_id",2026-09-18,"baseballr_active_roster_then_workload_selector_v2"
"694037","Daniel Palencia","Chicago Cubs","R","2026-09-15",0,2,35,1,0,2,"reliever",1,0.988888888888889,"available","sabrhood_workload_heuristic_v1","2026-09-17","2026-09-17","2026-09-18 14:10:06 UTC","Daniel Palencia","112","Chicago Cubs","P","Pitcher","Active","active",TRUE,TRUE,"pitcher_unspecified",2026-09-18,"baseballr_mlb_rosters_active_v1",TRUE,"workload_plus_baseballr_active_roster_v1",0.441411349099099,0.519,0.35,0.441411349099099,1,72.6,"L",2,"sabrhood_reliever_selector_v1","recent_appearance_proxy",2,"availability_role_matchup_performance_v1","exact_mlbam_id",2026-09-18,"baseballr_active_roster_then_workload_selector_v2"
"657097","Jacob Webb","Chicago Cubs","R","2026-09-15",0,18,36,1,0,2,"reliever",1,0.9,"available","sabrhood_workload_heuristic_v1","2026-09-17","2026-09-17","2026-09-18 14:10:06 UTC","Jacob Webb","112","Chicago Cubs","P","Pitcher","Active","active",TRUE,TRUE,"pitcher_unspecified",2026-09-18,"baseballr_mlb_rosters_active_v1",TRUE,"workload_plus_baseballr_active_roster_v1",0.517195495495495,0.73,0.35,0.517195495495495,1,70.9,"L",2,"sabrhood_reliever_selector_v1","recent_appearance_proxy",3,"availability_role_matchup_performance_v1","exact_mlbam_id",2026-09-18,"baseballr_active_roster_then_workload_selector_v2"
"694037","Daniel Palencia","Chicago Cubs","R","2026-09-15",0,2,35,1,0,2,"reliever",1,0.988888888888889,"available","sabrhood_workload_heuristic_v1","2026-09-17","2026-09-17","2026-09-18 14:10:06 UTC","Daniel Palencia","112","Chicago Cubs","P","Pitcher","Active","active",TRUE,TRUE,"pitcher_unspecified",2026-09-18,"baseballr_mlb_rosters_active_v1",TRUE,"workload_plus_baseballr_active_roster_v1",0.441411349099099,0.519,0.7,0.441411349099099,1,79.6,"R",2,"sabrhood_reliever_selector_v1","recent_appearance_proxy",1,"availability_role_matchup_performance_v1","exact_mlbam_id",2026-09-18,"baseballr_active_roster_then_workload_selector_v2"
"657097","Jacob Webb","Chicago Cubs","R","2026-09-15",0,18,36,1,0,2,"reliever",1,0.9,"available","sabrhood_workload_heuristic_v1","2026-09-17","2026-09-17","2026-09-18 14:10:06 UTC","Jacob Webb","112","Chicago Cubs","P","Pitcher","Active","active",TRUE,TRUE,"pitcher_unspecified",2026-09-18,"baseballr_mlb_rosters_active_v1",TRUE,"workload_plus_baseballr_active_roster_v1",0.517195495495495,0.73,0.7,0.517195495495495,1,77.9,"R",2,"sabrhood_reliever_selector_v1","recent_appearance_proxy",2,"availability_role_matchup_performance_v1","exact_mlbam_id",2026-09-18,"baseballr_active_roster_then_workload_selector_v2"
"573204","Caleb Thielbar","Chicago Cubs","L","2026-09-13",0,0,14,0,0,4,"reliever",1,1,"available","sabrhood_workload_heuristic_v1","2026-09-17","2026-09-17","2026-09-18 14:10:06 UTC","Caleb Thielbar","112","Chicago Cubs","P","Pitcher","Active","active",TRUE,TRUE,"pitcher_unspecified",2026-09-18,"baseballr_mlb_rosters_active_v1",TRUE,"workload_plus_baseballr_active_roster_v1",0.417973459459459,0.662,0.4,0.417973459459459,1,73.4,"R",2,"sabrhood_reliever_selector_v1","recent_appearance_proxy",3,"availability_role_matchup_performance_v1","exact_mlbam_id",2026-09-18,"baseballr_active_roster_then_workload_selector_v2"
"663542","Bryan Hudson","Chicago White Sox","L","2026-09-15",0,10,33,1,0,2,"reliever",0.758,0.944444444444444,"available","sabrhood_workload_heuristic_v1","2026-09-17","2026-09-17","2026-09-18 14:10:06 UTC","Bryan Hudson","145","Chicago White Sox","P","Pitcher","Active","active",TRUE,TRUE,"pitcher_unspecified",2026-09-18,"baseballr_mlb_rosters_active_v1",TRUE,"workload_plus_baseballr_active_roster_v1",0.625863103603604,0.727,1,0.625863103603604,1,88.4,"L",2,"sabrhood_reliever_selector_v1","recent_appearance_proxy",1,"availability_role_matchup_performance_v1","exact_mlbam_id",2026-09-18,"baseballr_active_roster_then_workload_selector_v2"
"669684","Chris Murphy","Chicago White Sox","L","2026-09-15",0,27,60,1,0,2,"reliever",0.812,0.85,"available","sabrhood_workload_heuristic_v1","2026-09-17","2026-09-17","2026-09-18 14:10:06 UTC","Chris Murphy","145","Chicago White Sox","P","Pitcher","Active","active",TRUE,TRUE,"pitcher_unspecified",2026-09-18,"baseballr_mlb_rosters_active_v1",TRUE,"workload_plus_baseballr_active_roster_v1",0.410542405405405,0.593,1,0.410542405405405,1,79.3,"L",2,"sabrhood_reliever_selector_v1","recent_appearance_proxy",2,"availability_role_matchup_performance_v1","exact_mlbam_id",2026-09-18,"baseballr_active_roster_then_workload_selector_v2"
"691799","Grant Taylor","Chicago White Sox","R","2026-09-15",0,27,65,1,0,2,"reliever",0.862,0.85,"available","sabrhood_workload_heuristic_v1","2026-09-17","2026-09-17","2026-09-18 14:10:06 UTC","Grant Taylor","145","Chicago White Sox","P","Pitcher","Active","active",TRUE,TRUE,"pitcher_unspecified",2026-09-18,"baseballr_mlb_rosters_active_v1",TRUE,"workload_plus_baseballr_active_roster_v1",0.715596959459459,0.765,0.35,0.715596959459459,1,73.9,"L",2,"sabrhood_reliever_selector_v1","recent_appearance_proxy",3,"availability_role_matchup_performance_v1","exact_mlbam_id",2026-09-18,"baseballr_active_roster_then_workload_selector_v2"
"691799","Grant Taylor","Chicago White Sox","R","2026-09-15",0,27,65,1,0,2,"reliever",0.862,0.85,"available","sabrhood_workload_heuristic_v1","2026-09-17","2026-09-17","2026-09-18 14:10:06 UTC","Grant Taylor","145","Chicago White Sox","P","Pitcher","Active","active",TRUE,TRUE,"pitcher_unspecified",2026-09-18,"baseballr_mlb_rosters_active_v1",TRUE,"workload_plus_baseballr_active_roster_v1",0.715596959459459,0.765,0.7,0.715596959459459,1,80.9,"R",2,"sabrhood_reliever_selector_v1","recent_appearance_proxy",1,"availability_role_matchup_performance_v1","exact_mlbam_id",2026-09-18,"baseballr_active_roster_then_workload_selector_v2"
"670950","Trevor Richards","Chicago White Sox","R","2026-09-14",0,9,72,1,0,3,"reliever",1,0.95,"available","sabrhood_workload_heuristic_v1","2026-09-17","2026-09-17","2026-09-18 14:10:06 UTC","Trevor Richards","145","Chicago White Sox","P","Pitcher","Active","active",TRUE,TRUE,"pitcher_unspecified",2026-09-18,"baseballr_mlb_rosters_active_v1",TRUE,"workload_plus_baseballr_active_roster_v1",0.538747594594595,0.753,0.7,0.538747594594595,1,80.5,"R",2,"sabrhood_reliever_selector_v1","recent_appearance_proxy",2,"availability_role_matchup_performance_v1","exact_mlbam_id",2026-09-18,"baseballr_active_roster_then_workload_selector_v2"
"663542","Bryan Hudson","Chicago White Sox","L","2026-09-15",0,10,33,1,0,2,"reliever",0.758,0.944444444444444,"available","sabrhood_workload_heuristic_v1","2026-09-17","2026-09-17","2026-09-18 14:10:06 UTC","Bryan Hudson","145","Chicago White Sox","P","Pitcher","Active","active",TRUE,TRUE,"pitcher_unspecified",2026-09-18,"baseballr_mlb_rosters_active_v1",TRUE,"workload_plus_baseballr_active_roster_v1",0.625863103603604,0.727,0.4,0.625863103603604,1,76.4,"R",2,"sabrhood_reliever_selector_v1","recent_appearance_proxy",3,"availability_role_matchup_performance_v1","exact_mlbam_id",2026-09-18,"baseballr_active_roster_then_workload_selector_v2"
"656271","Brock Burke","Cincinnati Reds","L","2026-09-16",8,8,25,1,1,1,"reliever",1,0.702222222222222,"monitor","sabrhood_workload_heuristic_v1","2026-09-17","2026-09-17","2026-09-18 14:10:06 UTC","Brock Burke","113","Cincinnati Reds","P","Pitcher","Active","active",TRUE,TRUE,"pitcher_unspecified",2026-09-18,"baseballr_mlb_rosters_active_v1",TRUE,"workload_plus_baseballr_active_roster_v1",0.723474648648649,0.749,1,0.723474648648649,1,81.2,"L",2,"sabrhood_reliever_selector_v1","recent_appearance_proxy",1,"availability_role_matchup_performance_v1","exact_mlbam_id",2026-09-18,"baseballr_active_roster_then_workload_selector_v2"
"682825","Luis Mey","Cincinnati Reds","R","2026-09-14",0,15,53,1,0,3,"reliever",1,0.916666666666667,"available","sabrhood_workload_heuristic_v1","2026-09-17","2026-09-17","2026-09-18 14:10:06 UTC","Luis Mey","113","Cincinnati Reds","P","Pitcher","Active","active",TRUE,TRUE,"pitcher_unspecified",2026-09-18,"baseballr_mlb_rosters_active_v1",TRUE,"workload_plus_baseballr_active_roster_v1",0.357062927927928,0.595,0.35,0.357062927927928,1,67.6,"L",2,"sabrhood_reliever_selector_v1","recent_appearance_proxy",2,"availability_role_matchup_performance_v1","exact_mlbam_id",2026-09-18,"baseballr_active_roster_then_workload_selector_v2"
"572955","Pierce Johnson","Cincinnati Reds","R","2026-09-15",0,23,32,1,0,2,"reliever",1,0.872222222222222,"available","sabrhood_workload_heuristic_v1","2026-09-17","2026-09-17","2026-09-18 14:10:06 UTC","Pierce Johnson","113","Cincinnati Reds","P","Pitcher","Active","active",TRUE,TRUE,"pitcher_unspecified",2026-09-18,"baseballr_mlb_rosters_active_v1",TRUE,"workload_plus_baseballr_active_roster_v1",0.340479207207207,0.664,0.35,0.340479207207207,1,65.4,"L",2,"sabrhood_reliever_selector_v1","recent_appearance_proxy",3,"availability_role_matchup_performance_v1","exact_mlbam_id",2026-09-18,"baseballr_active_roster_then_workload_selector_v2"
"682825","Luis Mey","Cincinnati Reds","R","2026-09-14",0,15,53,1,0,3,"reliever",1,0.916666666666667,"available","sabrhood_workload_heuristic_v1","2026-09-17","2026-09-17","2026-09-18 14:10:06 UTC","Luis Mey","113","Cincinnati Reds","P","Pitcher","Active","active",TRUE,TRUE,"pitcher_unspecified",2026-09-18,"baseballr_mlb_rosters_active_v1",TRUE,"workload_plus_baseballr_active_roster_v1",0.357062927927928,0.595,0.7,0.357062927927928,1,74.6,"R",2,"sabrhood_reliever_selector_v1","recent_appearance_proxy",1,"availability_role_matchup_performance_v1","exact_mlbam_id",2026-09-18,"baseballr_active_roster_then_workload_selector_v2"
"572955","Pierce Johnson","Cincinnati Reds","R","2026-09-15",0,23,32,1,0,2,"reliever",1,0.872222222222222,"available","sabrhood_workload_heuristic_v1","2026-09-17","2026-09-17","2026-09-18 14:10:06 UTC","Pierce Johnson","113","Cincinnati Reds","P","Pitcher","Active","active",TRUE,TRUE,"pitcher_unspecified",2026-09-18,"baseballr_mlb_rosters_active_v1",TRUE,"workload_plus_baseballr_active_roster_v1",0.340479207207207,0.664,0.7,0.340479207207207,1,72.4,"R",2,"sabrhood_reliever_selector_v1","recent_appearance_proxy",2,"availability_role_matchup_performance_v1","exact_mlbam_id",2026-09-18,"baseballr_active_roster_then_workload_selector_v2"
"656271","Brock Burke","Cincinnati Reds","L","2026-09-16",8,8,25,1,1,1,"reliever",1,0.702222222222222,"monitor","sabrhood_workload_heuristic_v1","2026-09-17","2026-09-17","2026-09-18 14:10:06 UTC","Brock Burke","113","Cincinnati Reds","P","Pitcher","Active","active",TRUE,TRUE,"pitcher_unspecified",2026-09-18,"baseballr_mlb_rosters_active_v1",TRUE,"workload_plus_baseballr_active_roster_v1",0.723474648648649,0.749,0.4,0.723474648648649,1,69.2,"R",2,"sabrhood_reliever_selector_v1","recent_appearance_proxy",3,"availability_role_matchup_performance_v1","exact_mlbam_id",2026-09-18,"baseballr_active_roster_then_workload_selector_v2"
"682120","Tim Herrin","Cleveland Guardians","L","2026-09-15",0,42,58,2,0,2,"reliever",1,0.766666666666667,"available","sabrhood_workload_heuristic_v1","2026-09-17","2026-09-17","2026-09-18 14:10:06 UTC","Tim Herrin","114","Cleveland Guardians","P","Pitcher","Active","active",TRUE,TRUE,"pitcher_unspecified",2026-09-18,"baseballr_mlb_rosters_active_v1",TRUE,"workload_plus_baseballr_active_roster_v1",0.5198375,0.689,1,0.5198375,1,78.7,"L",2,"sabrhood_reliever_selector_v1","recent_appearance_proxy",1,"availability_role_matchup_performance_v1","exact_mlbam_id",2026-09-18,"baseballr_active_roster_then_workload_selector_v2"
"670036","Matt Festa","Cleveland Guardians","R","2026-09-13",0,0,21,0,0,4,"reliever",1,1,"available","sabrhood_workload_heuristic_v1","2026-09-17","2026-09-17","2026-09-18 14:10:06 UTC","Matt Festa","114","Cleveland Guardians","P","Pitcher","Active","active",TRUE,TRUE,"pitcher_unspecified",2026-09-18,"baseballr_mlb_rosters_active_v1",TRUE,"workload_plus_baseballr_active_roster_v1",0.4808425,0.735,0.35,0.4808425,1,74,"L",2,"sabrhood_reliever_selector_v1","recent_appearance_proxy",2,"availability_role_matchup_performance_v1","exact_mlbam_id",2026-09-18,"baseballr_active_roster_then_workload_selector_v2"
"684974","Craig Yoho","Cleveland Guardians","R","2026-09-15",0,20,40,1,0,2,"reliever",1,0.888888888888889,"available","sabrhood_workload_heuristic_v1","2026-09-17","2026-09-17","2026-09-18 14:10:06 UTC","Craig Yoho","114","Cleveland Guardians","P","Pitcher","Active","active",TRUE,TRUE,"pitcher_unspecified",2026-09-18,"baseballr_mlb_rosters_active_v1",TRUE,"workload_plus_baseballr_active_roster_v1",0.638467621621622,0.614,0.35,0.638467621621622,1,73.5,"L",2,"sabrhood_reliever_selector_v1","recent_appearance_proxy",3,"availability_role_matchup_performance_v1","exact_mlbam_id",2026-09-18,"baseballr_active_roster_then_workload_selector_v2"
"670036","Matt Festa","Cleveland Guardians","R","2026-09-13",0,0,21,0,0,4,"reliever",1,1,"available","sabrhood_workload_heuristic_v1","2026-09-17","2026-09-17","2026-09-18 14:10:06 UTC","Matt Festa","114","Cleveland Guardians","P","Pitcher","Active","active",TRUE,TRUE,"pitcher_unspecified",2026-09-18,"baseballr_mlb_rosters_active_v1",TRUE,"workload_plus_baseballr_active_roster_v1",0.4808425,0.735,0.7,0.4808425,1,81,"R",2,"sabrhood_reliever_selector_v1","recent_appearance_proxy",1,"availability_role_matchup_performance_v1","exact_mlbam_id",2026-09-18,"baseballr_active_roster_then_workload_selector_v2"
"684974","Craig Yoho","Cleveland Guardians","R","2026-09-15",0,20,40,1,0,2,"reliever",1,0.888888888888889,"available","sabrhood_workload_heuristic_v1","2026-09-17","2026-09-17","2026-09-18 14:10:06 UTC","Craig Yoho","114","Cleveland Guardians","P","Pitcher","Active","active",TRUE,TRUE,"pitcher_unspecified",2026-09-18,"baseballr_mlb_rosters_active_v1",TRUE,"workload_plus_baseballr_active_roster_v1",0.638467621621622,0.614,0.7,0.638467621621622,1,80.5,"R",2,"sabrhood_reliever_selector_v1","recent_appearance_proxy",2,"availability_role_matchup_performance_v1","exact_mlbam_id",2026-09-18,"baseballr_active_roster_then_workload_selector_v2"
"641401","Connor Brogdon","Cleveland Guardians","R","2026-09-14",0,14,14,1,0,3,"reliever",0.8,0.922222222222222,"available","sabrhood_workload_heuristic_v1","2026-09-17","2026-09-17","2026-09-18 14:10:06 UTC","Connor Brogdon","114","Cleveland Guardians","P","Pitcher","Active","active",TRUE,TRUE,"pitcher_unspecified",2026-09-18,"baseballr_mlb_rosters_active_v1",TRUE,"workload_plus_baseballr_active_roster_v1",0.5,0,0.7,0.5,1,78.4,"R",2,"sabrhood_reliever_selector_v1","recent_appearance_proxy",3,"availability_role_matchup_performance_v1","exact_mlbam_id",2026-09-18,"baseballr_active_roster_then_workload_selector_v2"
"657514","Brennan Bernardino","Colorado Rockies","L","2026-09-12",0,0,30,0,0,5,"reliever",0.943,1,"available","sabrhood_workload_heuristic_v1","2026-09-17","2026-09-17","2026-09-18 14:10:06 UTC","Brennan Bernardino","115","Colorado Rockies","P","Pitcher","Active","active",TRUE,TRUE,"pitcher_unspecified",2026-09-18,"baseballr_mlb_rosters_active_v1",TRUE,"workload_plus_baseballr_active_roster_v1",0.56423777027027,0.715,1,0.56423777027027,1,89.1,"L",2,"sabrhood_reliever_selector_v1","recent_appearance_proxy",1,"availability_role_matchup_performance_v1","exact_mlbam_id",2026-09-18,"baseballr_active_roster_then_workload_selector_v2"
"815081","Mark Manfredi","Colorado Rockies","L","2026-09-14",0,19,44,1,0,3,"reliever",0.55,0.894444444444444,"available","sabrhood_workload_heuristic_v1","2026-09-17","2026-09-17","2026-09-18 14:10:06 UTC","Mark Manfredi","115","Colorado Rockies","P","Pitcher","Active","active",TRUE,TRUE,"pitcher_unspecified",2026-09-18,"baseballr_mlb_rosters_active_v1",TRUE,"workload_plus_baseballr_active_roster_v1",0.5,0,1,0.5,1,83.3,"L",2,"sabrhood_reliever_selector_v1","recent_appearance_proxy",2,"availability_role_matchup_performance_v1","exact_mlbam_id",2026-09-18,"baseballr_active_roster_then_workload_selector_v2"
"605447","Jordan Romano","Colorado Rockies","R","2026-09-14",0,16,47,1,0,3,"reliever",1,0.911111111111111,"available","sabrhood_workload_heuristic_v1","2026-09-17","2026-09-17","2026-09-18 14:10:06 UTC","Jordan Romano","115","Colorado Rockies","P","Pitcher","Active","active",TRUE,TRUE,"pitcher_unspecified",2026-09-18,"baseballr_mlb_rosters_active_v1",TRUE,"workload_plus_baseballr_active_roster_v1",0.671934891891892,0.578,0.35,0.671934891891892,1,75.2,"L",2,"sabrhood_reliever_selector_v1","recent_appearance_proxy",3,"availability_role_matchup_performance_v1","exact_mlbam_id",2026-09-18,"baseballr_active_roster_then_workload_selector_v2"
"605447","Jordan Romano","Colorado Rockies","R","2026-09-14",0,16,47,1,0,3,"reliever",1,0.911111111111111,"available","sabrhood_workload_heuristic_v1","2026-09-17","2026-09-17","2026-09-18 14:10:06 UTC","Jordan Romano","115","Colorado Rockies","P","Pitcher","Active","active",TRUE,TRUE,"pitcher_unspecified",2026-09-18,"baseballr_mlb_rosters_active_v1",TRUE,"workload_plus_baseballr_active_roster_v1",0.671934891891892,0.578,0.7,0.671934891891892,1,82.2,"R",2,"sabrhood_reliever_selector_v1","recent_appearance_proxy",1,"availability_role_matchup_performance_v1","exact_mlbam_id",2026-09-18,"baseballr_active_roster_then_workload_selector_v2"
"677955","Jaden Hill","Colorado Rockies","R","2026-09-13",0,0,36,0,0,4,"reliever",1,1,"available","sabrhood_workload_heuristic_v1","2026-09-17","2026-09-17","2026-09-18 14:10:06 UTC","Jaden Hill","115","Colorado Rockies","P","Pitcher","Active","active",TRUE,TRUE,"pitcher_unspecified",2026-09-18,"baseballr_mlb_rosters_active_v1",TRUE,"workload_plus_baseballr_active_roster_v1",0.41530990990991,0.628,0.7,0.41530990990991,1,79.4,"R",2,"sabrhood_reliever_selector_v1","recent_appearance_proxy",2,"availability_role_matchup_performance_v1","exact_mlbam_id",2026-09-18,"baseballr_active_roster_then_workload_selector_v2"
"657514","Brennan Bernardino","Colorado Rockies","L","2026-09-12",0,0,30,0,0,5,"reliever",0.943,1,"available","sabrhood_workload_heuristic_v1","2026-09-17","2026-09-17","2026-09-18 14:10:06 UTC","Brennan Bernardino","115","Colorado Rockies","P","Pitcher","Active","active",TRUE,TRUE,"pitcher_unspecified",2026-09-18,"baseballr_mlb_rosters_active_v1",TRUE,"workload_plus_baseballr_active_roster_v1",0.56423777027027,0.715,0.4,0.56423777027027,1,77.1,"R",2,"sabrhood_reliever_selector_v1","recent_appearance_proxy",3,"availability_role_matchup_performance_v1","exact_mlbam_id",2026-09-18,"baseballr_active_roster_then_workload_selector_v2"
"676428","Brant Hurter","Detroit Tigers","L","2026-09-15",0,19,51,1,0,2,"reliever",1,0.894444444444444,"available","sabrhood_workload_heuristic_v1","2026-09-17","2026-09-17","2026-09-18 14:10:06 UTC","Brant Hurter","116","Detroit Tigers","P","Pitcher","Active","active",TRUE,TRUE,"pitcher_unspecified",2026-09-18,"baseballr_mlb_rosters_active_v1",TRUE,"workload_plus_baseballr_active_roster_v1",0.647887459459459,0.541,1,0.647887459459459,1,87,"L",2,"sabrhood_reliever_selector_v1","recent_appearance_proxy",1,"availability_role_matchup_performance_v1","exact_mlbam_id",2026-09-18,"baseballr_active_roster_then_workload_selector_v2"
"680744","Ty Madden","Detroit Tigers","R","2026-08-23",0,0,0,0,0,25,"reliever",0.8,1,"available","sabrhood_workload_heuristic_v1","2026-09-17","2026-09-17","2026-09-18 14:10:06 UTC","Ty Madden","116","Detroit Tigers","P","Pitcher","Active","active",TRUE,TRUE,"pitcher_unspecified",2026-09-18,"baseballr_mlb_rosters_active_v1",TRUE,"workload_plus_baseballr_active_roster_v1",0.731591261261261,0.627,0.35,0.731591261261261,1,80.3,"L",2,"sabrhood_reliever_selector_v1","recent_appearance_proxy",2,"availability_role_matchup_performance_v1","exact_mlbam_id",2026-09-18,"baseballr_active_roster_then_workload_selector_v2"
"445276","Kenley Jansen","Detroit Tigers","R","2026-09-14",0,13,36,1,0,3,"reliever",1,0.927777777777778,"available","sabrhood_workload_heuristic_v1","2026-09-17","2026-09-17","2026-09-18 14:10:06 UTC","Kenley Jansen","116","Detroit Tigers","P","Pitcher","Active","active",TRUE,TRUE,"pitcher_unspecified",2026-09-18,"baseballr_mlb_rosters_active_v1",TRUE,"workload_plus_baseballr_active_roster_v1",0.710280945945946,0.63,0.35,0.710280945945946,1,76.9,"L",2,"sabrhood_reliever_selector_v1","recent_appearance_proxy",3,"availability_role_matchup_performance_v1","exact_mlbam_id",2026-09-18,"baseballr_active_roster_then_workload_selector_v2"
"680744","Ty Madden","Detroit Tigers","R","2026-08-23",0,0,0,0,0,25,"reliever",0.8,1,"available","sabrhood_workload_heuristic_v1","2026-09-17","2026-09-17","2026-09-18 14:10:06 UTC","Ty Madden","116","Detroit Tigers","P","Pitcher","Active","active",TRUE,TRUE,"pitcher_unspecified",2026-09-18,"baseballr_mlb_rosters_active_v1",TRUE,"workload_plus_baseballr_active_roster_v1",0.731591261261261,0.627,0.7,0.731591261261261,1,87.3,"R",2,"sabrhood_reliever_selector_v1","recent_appearance_proxy",1,"availability_role_matchup_performance_v1","exact_mlbam_id",2026-09-18,"baseballr_active_roster_then_workload_selector_v2"
"445276","Kenley Jansen","Detroit Tigers","R","2026-09-14",0,13,36,1,0,3,"reliever",1,0.927777777777778,"available","sabrhood_workload_heuristic_v1","2026-09-17","2026-09-17","2026-09-18 14:10:06 UTC","Kenley Jansen","116","Detroit Tigers","P","Pitcher","Active","active",TRUE,TRUE,"pitcher_unspecified",2026-09-18,"baseballr_mlb_rosters_active_v1",TRUE,"workload_plus_baseballr_active_roster_v1",0.710280945945946,0.63,0.7,0.710280945945946,1,83.9,"R",2,"sabrhood_reliever_selector_v1","recent_appearance_proxy",2,"availability_role_matchup_performance_v1","exact_mlbam_id",2026-09-18,"baseballr_active_roster_then_workload_selector_v2"
"621097","Jacob Waguespack","Detroit Tigers","R","2026-09-15",0,22,42,1,0,2,"reliever",0.938,0.877777777777778,"available","sabrhood_workload_heuristic_v1","2026-09-17","2026-09-17","2026-09-18 14:10:06 UTC","Jacob Waguespack","116","Detroit Tigers","P","Pitcher","Active","active",TRUE,TRUE,"pitcher_unspecified",2026-09-18,"baseballr_mlb_rosters_active_v1",TRUE,"workload_plus_baseballr_active_roster_v1",0.66923027027027,0.62,0.7,0.66923027027027,1,80.8,"R",2,"sabrhood_reliever_selector_v1","recent_appearance_proxy",3,"availability_role_matchup_performance_v1","exact_mlbam_id",2026-09-18,"baseballr_active_roster_then_workload_selector_v2"
"623352","Josh Hader","Houston Astros","L","2026-09-15",0,13,21,1,0,2,"reliever",1,0.927777777777778,"available","sabrhood_workload_heuristic_v1","2026-09-17","2026-09-17","2026-09-18 14:10:06 UTC","Josh Hader","117","Houston Astros","P","Pitcher","Active","active",TRUE,TRUE,"pitcher_unspecified",2026-09-18,"baseballr_mlb_rosters_active_v1",TRUE,"workload_plus_baseballr_active_roster_v1",0.835626900900901,0.612,1,0.835626900900901,1,93,"L",2,"sabrhood_reliever_selector_v1","recent_appearance_proxy",1,"availability_role_matchup_performance_v1","exact_mlbam_id",2026-09-18,"baseballr_active_roster_then_workload_selector_v2"
"656986","Bennett Sousa","Houston Astros","L","2026-09-15",0,17,44,1,0,2,"reliever",0.933,0.905555555555556,"available","sabrhood_workload_heuristic_v1","2026-09-17","2026-09-17","2026-09-18 14:10:06 UTC","Bennett Sousa","117","Houston Astros","P","Pitcher","Active","active",TRUE,TRUE,"pitcher_unspecified",2026-09-18,"baseballr_mlb_rosters_active_v1",TRUE,"workload_plus_baseballr_active_roster_v1",0.314451148648649,0.543,1,0.314451148648649,1,79.1,"L",2,"sabrhood_reliever_selector_v1","recent_appearance_proxy",2,"availability_role_matchup_performance_v1","exact_mlbam_id",2026-09-18,"baseballr_active_roster_then_workload_selector_v2"
"805123","AJ Blubaugh","Houston Astros","R","2026-09-15",0,10,34,1,0,2,"reliever",1,0.944444444444444,"available","sabrhood_workload_heuristic_v1","2026-09-17","2026-09-17","2026-09-18 14:10:06 UTC","AJ Blubaugh","117","Houston Astros","P","Pitcher","Active","active",TRUE,TRUE,"pitcher_unspecified",2026-09-18,"baseballr_mlb_rosters_active_v1",TRUE,"workload_plus_baseballr_active_roster_v1",0.55865675,0.791,0.35,0.55865675,1,73.7,"L",2,"sabrhood_reliever_selector_v1","recent_appearance_proxy",3,"availability_role_matchup_performance_v1","exact_mlbam_id",2026-09-18,"baseballr_active_roster_then_workload_selector_v2"
"623352","Josh Hader","Houston Astros","L","2026-09-15",0,13,21,1,0,2,"reliever",1,0.927777777777778,"available","sabrhood_workload_heuristic_v1","2026-09-17","2026-09-17","2026-09-18 14:10:06 UTC","Josh Hader","117","Houston Astros","P","Pitcher","Active","active",TRUE,TRUE,"pitcher_unspecified",2026-09-18,"baseballr_mlb_rosters_active_v1",TRUE,"workload_plus_baseballr_active_roster_v1",0.835626900900901,0.612,0.4,0.835626900900901,1,81,"R",2,"sabrhood_reliever_selector_v1","recent_appearance_proxy",1,"availability_role_matchup_performance_v1","exact_mlbam_id",2026-09-18,"baseballr_active_roster_then_workload_selector_v2"
"805123","AJ Blubaugh","Houston Astros","R","2026-09-15",0,10,34,1,0,2,"reliever",1,0.944444444444444,"available","sabrhood_workload_heuristic_v1","2026-09-17","2026-09-17","2026-09-18 14:10:06 UTC","AJ Blubaugh","117","Houston Astros","P","Pitcher","Active","active",TRUE,TRUE,"pitcher_unspecified",2026-09-18,"baseballr_mlb_rosters_active_v1",TRUE,"workload_plus_baseballr_active_roster_v1",0.55865675,0.791,0.7,0.55865675,1,80.7,"R",2,"sabrhood_reliever_selector_v1","recent_appearance_proxy",2,"availability_role_matchup_performance_v1","exact_mlbam_id",2026-09-18,"baseballr_active_roster_then_workload_selector_v2"
"650556","Bryan Abreu","Houston Astros","R","2026-09-15",0,7,26,1,0,2,"reliever",1,0.961111111111111,"available","sabrhood_workload_heuristic_v1","2026-09-17","2026-09-17","2026-09-18 14:10:06 UTC","Bryan Abreu","117","Houston Astros","P","Pitcher","Active","active",TRUE,TRUE,"pitcher_unspecified",2026-09-18,"baseballr_mlb_rosters_active_v1",TRUE,"workload_plus_baseballr_active_roster_v1",0.504599081081081,0.719,0.7,0.504599081081081,1,80.1,"R",2,"sabrhood_reliever_selector_v1","recent_appearance_proxy",3,"availability_role_matchup_performance_v1","exact_mlbam_id",2026-09-18,"baseballr_active_roster_then_workload_selector_v2"
"543238","Anthony Gose","Kansas City Royals","L","2026-09-16",5,5,14,1,1,1,"reliever",0.45,0.768888888888889,"available","sabrhood_workload_heuristic_v1","2026-09-17","2026-09-17","2026-09-18 14:10:06 UTC","Anthony Gose","118","Kansas City Royals","P","Pitcher","Active","active",TRUE,TRUE,"pitcher_unspecified",2026-09-18,"baseballr_mlb_rosters_active_v1",TRUE,"workload_plus_baseballr_active_roster_v1",0.5,0,1,0.5,1,78.3,"L",2,"sabrhood_reliever_selector_v1","recent_appearance_proxy",1,"availability_role_matchup_performance_v1","exact_mlbam_id",2026-09-18,"baseballr_active_roster_then_workload_selector_v2"
"671162","Connor Thomas","Kansas City Royals","L","2026-09-13",0,0,24,0,0,4,"reliever",0.7,1,"available","sabrhood_workload_heuristic_v1","2026-09-17","2026-09-17","2026-09-18 14:10:06 UTC","Connor Thomas","118","Kansas City Royals","P","Pitcher","Active","active",TRUE,TRUE,"pitcher_unspecified",2026-09-18,"baseballr_mlb_rosters_active_v1",TRUE,"workload_plus_baseballr_active_roster_v1",0.0883546486486487,0.476,1,0.0883546486486487,1,77.2,"L",2,"sabrhood_reliever_selector_v1","recent_appearance_proxy",2,"availability_role_matchup_performance_v1","exact_mlbam_id",2026-09-18,"baseballr_active_roster_then_workload_selector_v2"
"621016","Jose Cuas","Kansas City Royals","R","2026-09-15",0,19,19,1,0,2,"reliever",1,0.894444444444444,"available","sabrhood_workload_heuristic_v1","2026-09-17","2026-09-17","2026-09-18 14:10:06 UTC","Jose Cuas","118","Kansas City Royals","P","Pitcher","Active","active",TRUE,TRUE,"pitcher_unspecified",2026-09-18,"baseballr_mlb_rosters_active_v1",TRUE,"workload_plus_baseballr_active_roster_v1",0.455162540540541,0.476,0.35,0.455162540540541,1,69.2,"L",2,"sabrhood_reliever_selector_v1","recent_appearance_proxy",3,"availability_role_matchup_performance_v1","exact_mlbam_id",2026-09-18,"baseballr_active_roster_then_workload_selector_v2"
"621016","Jose Cuas","Kansas City Royals","R","2026-09-15",0,19,19,1,0,2,"reliever",1,0.894444444444444,"available","sabrhood_workload_heuristic_v1","2026-09-17","2026-09-17","2026-09-18 14:10:06 UTC","Jose Cuas","118","Kansas City Royals","P","Pitcher","Active","active",TRUE,TRUE,"pitcher_unspecified",2026-09-18,"baseballr_mlb_rosters_active_v1",TRUE,"workload_plus_baseballr_active_roster_v1",0.455162540540541,0.476,0.7,0.455162540540541,1,76.2,"R",2,"sabrhood_reliever_selector_v1","recent_appearance_proxy",1,"availability_role_matchup_performance_v1","exact_mlbam_id",2026-09-18,"baseballr_active_roster_then_workload_selector_v2"
"656638","Alex Lange","Kansas City Royals","R","2026-09-12",0,0,25,0,0,5,"reliever",1,1,"available","sabrhood_workload_heuristic_v1","2026-09-17","2026-09-17","2026-09-18 14:10:06 UTC","Alex Lange","118","Kansas City Royals","P","Pitcher","Active","active",TRUE,TRUE,"pitcher_unspecified",2026-09-18,"baseballr_mlb_rosters_active_v1",TRUE,"workload_plus_baseballr_active_roster_v1",0.201437099099099,0.723,0.7,0.201437099099099,1,74,"R",2,"sabrhood_reliever_selector_v1","recent_appearance_proxy",2,"availability_role_matchup_performance_v1","exact_mlbam_id",2026-09-18,"baseballr_active_roster_then_workload_selector_v2"
"676510","Nolan Hoffman","Kansas City Royals","R","2026-09-16",6,6,17,1,1,1,"reliever",0.45,0.746666666666667,"monitor","sabrhood_workload_heuristic_v1","2026-09-17","2026-09-17","2026-09-18 14:10:06 UTC","Nolan Hoffman","118","Kansas City Royals","P","Pitcher","Active","active",TRUE,TRUE,"pitcher_unspecified",2026-09-18,"baseballr_mlb_rosters_active_v1",TRUE,"workload_plus_baseballr_active_roster_v1",0.5,0,0.7,0.5,1,71.4,"R",2,"sabrhood_reliever_selector_v1","recent_appearance_proxy",3,"availability_role_matchup_performance_v1","exact_mlbam_id",2026-09-18,"baseballr_active_roster_then_workload_selector_v2"
"642048","Tayler Saucedo","Los Angeles Angels","L","2026-09-15",0,9,23,1,0,2,"reliever",1,0.95,"available","sabrhood_workload_heuristic_v1","2026-09-17","2026-09-17","2026-09-18 14:10:06 UTC","Tayler Saucedo","108","Los Angeles Angels","P","Pitcher","Active","active",TRUE,TRUE,"pitcher_unspecified",2026-09-18,"baseballr_mlb_rosters_active_v1",TRUE,"workload_plus_baseballr_active_roster_v1",0.72065418018018,0.438,1,0.72065418018018,1,91,"L",2,"sabrhood_reliever_selector_v1","recent_appearance_proxy",1,"availability_role_matchup_performance_v1","exact_mlbam_id",2026-09-18,"baseballr_active_roster_then_workload_selector_v2"
"676620","Blake Weiman","Los Angeles Angels","L","2026-09-14",0,12,32,1,0,3,"reliever",0.7,0.933333333333333,"available","sabrhood_workload_heuristic_v1","2026-09-17","2026-09-17","2026-09-18 14:10:06 UTC","Blake Weiman","108","Los Angeles Angels","P","Pitcher","Active","active",TRUE,TRUE,"pitcher_unspecified",2026-09-18,"baseballr_mlb_rosters_active_v1",TRUE,"workload_plus_baseballr_active_roster_v1",0.5,0,1,0.5,1,84.8,"L",2,"sabrhood_reliever_selector_v1","recent_appearance_proxy",2,"availability_role_matchup_performance_v1","exact_mlbam_id",2026-09-18,"baseballr_active_roster_then_workload_selector_v2"
"684665","Luke Murphy","Los Angeles Angels","R","2026-09-13",0,0,39,0,0,4,"reliever",0.85,1,"available","sabrhood_workload_heuristic_v1","2026-09-17","2026-09-17","2026-09-18 14:10:06 UTC","Luke Murphy","108","Los Angeles Angels","P","Pitcher","Active","active",TRUE,TRUE,"pitcher_unspecified",2026-09-18,"baseballr_mlb_rosters_active_v1",TRUE,"workload_plus_baseballr_active_roster_v1",0.5,0,0.35,0.5,1,74.5,"L",2,"sabrhood_reliever_selector_v1","recent_appearance_proxy",3,"availability_role_matchup_performance_v1","exact_mlbam_id",2026-09-18,"baseballr_active_roster_then_workload_selector_v2"
"684665","Luke Murphy","Los Angeles Angels","R","2026-09-13",0,0,39,0,0,4,"reliever",0.85,1,"available","sabrhood_workload_heuristic_v1","2026-09-17","2026-09-17","2026-09-18 14:10:06 UTC","Luke Murphy","108","Los Angeles Angels","P","Pitcher","Active","active",TRUE,TRUE,"pitcher_unspecified",2026-09-18,"baseballr_mlb_rosters_active_v1",TRUE,"workload_plus_baseballr_active_roster_v1",0.5,0,0.7,0.5,1,81.5,"R",2,"sabrhood_reliever_selector_v1","recent_appearance_proxy",1,"availability_role_matchup_performance_v1","exact_mlbam_id",2026-09-18,"baseballr_active_roster_then_workload_selector_v2"
"820862","José Fermin","Los Angeles Angels","R","2026-09-15",0,16,36,1,0,2,"reliever",1,0.911111111111111,"available","sabrhood_workload_heuristic_v1","2026-09-17","2026-09-17","2026-09-18 14:10:06 UTC","José Fermin","108","Los Angeles Angels","P","Pitcher","Active","active",TRUE,TRUE,"pitcher_unspecified",2026-09-18,"baseballr_mlb_rosters_active_v1",TRUE,"workload_plus_baseballr_active_roster_v1",0.550752648648649,0.692,0.7,0.550752648648649,1,79.2,"R",2,"sabrhood_reliever_selector_v1","recent_appearance_proxy",2,"availability_role_matchup_performance_v1","exact_mlbam_id",2026-09-18,"baseballr_active_roster_then_workload_selector_v2"
"642048","Tayler Saucedo","Los Angeles Angels","L","2026-09-15",0,9,23,1,0,2,"reliever",1,0.95,"available","sabrhood_workload_heuristic_v1","2026-09-17","2026-09-17","2026-09-18 14:10:06 UTC","Tayler Saucedo","108","Los Angeles Angels","P","Pitcher","Active","active",TRUE,TRUE,"pitcher_unspecified",2026-09-18,"baseballr_mlb_rosters_active_v1",TRUE,"workload_plus_baseballr_active_roster_v1",0.72065418018018,0.438,0.4,0.72065418018018,1,79,"R",2,"sabrhood_reliever_selector_v1","recent_appearance_proxy",3,"availability_role_matchup_performance_v1","exact_mlbam_id",2026-09-18,"baseballr_active_roster_then_workload_selector_v2"
"656945","Tanner Scott","Los Angeles Dodgers","L","2026-09-15",0,17,29,1,0,2,"reliever",1,0.905555555555556,"available","sabrhood_workload_heuristic_v1","2026-09-17","2026-09-17","2026-09-18 14:10:06 UTC","Tanner Scott","119","Los Angeles Dodgers","P","Pitcher","Active","active",TRUE,TRUE,"pitcher_unspecified",2026-09-18,"baseballr_mlb_rosters_active_v1",TRUE,"workload_plus_baseballr_active_roster_v1",0.788970720720721,0.7,1,0.788970720720721,1,90.9,"L",2,"sabrhood_reliever_selector_v1","recent_appearance_proxy",1,"availability_role_matchup_performance_v1","exact_mlbam_id",2026-09-18,"baseballr_active_roster_then_workload_selector_v2"
"592779","Brock Stewart","Los Angeles Dodgers","R","2026-09-15",0,15,38,1,0,2,"reliever",1,0.916666666666667,"available","sabrhood_workload_heuristic_v1","2026-09-17","2026-09-17","2026-09-18 14:10:06 UTC","Brock Stewart","119","Los Angeles Dodgers","P","Pitcher","Active","active",TRUE,TRUE,"pitcher_unspecified",2026-09-18,"baseballr_mlb_rosters_active_v1",TRUE,"workload_plus_baseballr_active_roster_v1",0.671598324324324,0.476,0.35,0.671598324324324,1,75.5,"L",2,"sabrhood_reliever_selector_v1","recent_appearance_proxy",2,"availability_role_matchup_performance_v1","exact_mlbam_id",2026-09-18,"baseballr_active_roster_then_workload_selector_v2"
"681911","Alex Vesia","Los Angeles Dodgers","L","2026-09-16",17,28,38,2,1,1,"reliever",1,0.441111111111111,"limited","sabrhood_workload_heuristic_v1","2026-09-17","2026-09-17","2026-09-18 14:10:06 UTC","Alex Vesia","119","Los Angeles Dodgers","P","Pitcher","Active","active",TRUE,TRUE,"pitcher_unspecified",2026-09-18,"baseballr_mlb_rosters_active_v1",TRUE,"workload_plus_baseballr_active_roster_v1",0.810384513513514,0.689,1,0.810384513513514,1,72.9,"L",2,"sabrhood_reliever_selector_v1","recent_appearance_proxy",3,"availability_role_matchup_performance_v1","exact_mlbam_id",2026-09-18,"baseballr_active_roster_then_workload_selector_v2"
"592779","Brock Stewart","Los Angeles Dodgers","R","2026-09-15",0,15,38,1,0,2,"reliever",1,0.916666666666667,"available","sabrhood_workload_heuristic_v1","2026-09-17","2026-09-17","2026-09-18 14:10:06 UTC","Brock Stewart","119","Los Angeles Dodgers","P","Pitcher","Active","active",TRUE,TRUE,"pitcher_unspecified",2026-09-18,"baseballr_mlb_rosters_active_v1",TRUE,"workload_plus_baseballr_active_roster_v1",0.671598324324324,0.476,0.7,0.671598324324324,1,82.5,"R",2,"sabrhood_reliever_selector_v1","recent_appearance_proxy",1,"availability_role_matchup_performance_v1","exact_mlbam_id",2026-09-18,"baseballr_active_roster_then_workload_selector_v2"
"656945","Tanner Scott","Los Angeles Dodgers","L","2026-09-15",0,17,29,1,0,2,"reliever",1,0.905555555555556,"available","sabrhood_workload_heuristic_v1","2026-09-17","2026-09-17","2026-09-18 14:10:06 UTC","Tanner Scott","119","Los Angeles Dodgers","P","Pitcher","Active","active",TRUE,TRUE,"pitcher_unspecified",2026-09-18,"baseballr_mlb_rosters_active_v1",TRUE,"workload_plus_baseballr_active_roster_v1",0.788970720720721,0.7,0.4,0.788970720720721,1,78.9,"R",2,"sabrhood_reliever_selector_v1","recent_appearance_proxy",2,"availability_role_matchup_performance_v1","exact_mlbam_id",2026-09-18,"baseballr_active_roster_then_workload_selector_v2"
"623465","Evan Phillips","Los Angeles Dodgers","R","2026-09-14",0,17,35,1,0,3,"reliever",1,0.905555555555556,"available","sabrhood_workload_heuristic_v1","2026-09-17","2026-09-17","2026-09-18 14:10:06 UTC","Evan Phillips","119","Los Angeles Dodgers","P","Pitcher","Active","active",TRUE,TRUE,"pitcher_unspecified",2026-09-18,"baseballr_mlb_rosters_active_v1",TRUE,"workload_plus_baseballr_active_roster_v1",0.411588472972973,0.474,0.7,0.411588472972973,1,75.5,"R",2,"sabrhood_reliever_selector_v1","recent_appearance_proxy",3,"availability_role_matchup_performance_v1","exact_mlbam_id",2026-09-18,"baseballr_active_roster_then_workload_selector_v2"
"690978","Dax Fulton","Miami Marlins","L","2026-09-15",0,16,53,1,0,2,"reliever",0.7,0.911111111111111,"available","sabrhood_workload_heuristic_v1","2026-09-17","2026-09-17","2026-09-18 14:10:06 UTC","Dax Fulton","146","Miami Marlins","P","Pitcher","Active","active",TRUE,TRUE,"pitcher_unspecified",2026-09-18,"baseballr_mlb_rosters_active_v1",TRUE,"workload_plus_baseballr_active_roster_v1",0.614848761261261,0.505,1,0.614848761261261,1,86.8,"L",2,"sabrhood_reliever_selector_v1","recent_appearance_proxy",1,"availability_role_matchup_performance_v1","exact_mlbam_id",2026-09-18,"baseballr_active_roster_then_workload_selector_v2"
"676534","Calvin Faucher","Miami Marlins","R","2026-09-15",0,28,43,2,0,2,"reliever",1,0.844444444444444,"available","sabrhood_workload_heuristic_v1","2026-09-17","2026-09-17","2026-09-18 14:10:06 UTC","Calvin Faucher","146","Miami Marlins","P","Pitcher","Active","active",TRUE,TRUE,"pitcher_unspecified",2026-09-18,"baseballr_mlb_rosters_active_v1",TRUE,"workload_plus_baseballr_active_roster_v1",0.663006567567568,0.733,0.35,0.663006567567568,1,72.4,"L",2,"sabrhood_reliever_selector_v1","recent_appearance_proxy",2,"availability_role_matchup_performance_v1","exact_mlbam_id",2026-09-18,"baseballr_active_roster_then_workload_selector_v2"
"687134","Bradley Blalock","Miami Marlins","R","2026-09-07",0,0,0,0,0,10,"bulk",0.1,1,"available","sabrhood_workload_heuristic_v1","2026-09-17","2026-09-17","2026-09-18 14:10:06 UTC","Bradley Blalock","146","Miami Marlins","P","Pitcher","Active","active",TRUE,TRUE,"pitcher_unspecified",2026-09-18,"baseballr_mlb_rosters_active_v1",TRUE,"workload_plus_baseballr_active_roster_v1",0.5,0,0.35,0.5,0.7,70,"L",2,"sabrhood_reliever_selector_v1","recent_appearance_proxy",3,"availability_role_matchup_performance_v1","exact_mlbam_id",2026-09-18,"baseballr_active_roster_then_workload_selector_v2"
"676534","Calvin Faucher","Miami Marlins","R","2026-09-15",0,28,43,2,0,2,"reliever",1,0.844444444444444,"available","sabrhood_workload_heuristic_v1","2026-09-17","2026-09-17","2026-09-18 14:10:06 UTC","Calvin Faucher","146","Miami Marlins","P","Pitcher","Active","active",TRUE,TRUE,"pitcher_unspecified",2026-09-18,"baseballr_mlb_rosters_active_v1",TRUE,"workload_plus_baseballr_active_roster_v1",0.663006567567568,0.733,0.7,0.663006567567568,1,79.4,"R",2,"sabrhood_reliever_selector_v1","recent_appearance_proxy",1,"availability_role_matchup_performance_v1","exact_mlbam_id",2026-09-18,"baseballr_active_roster_then_workload_selector_v2"
"687134","Bradley Blalock","Miami Marlins","R","2026-09-07",0,0,0,0,0,10,"bulk",0.1,1,"available","sabrhood_workload_heuristic_v1","2026-09-17","2026-09-17","2026-09-18 14:10:06 UTC","Bradley Blalock","146","Miami Marlins","P","Pitcher","Active","active",TRUE,TRUE,"pitcher_unspecified",2026-09-18,"baseballr_mlb_rosters_active_v1",TRUE,"workload_plus_baseballr_active_roster_v1",0.5,0,0.7,0.5,0.7,77,"R",2,"sabrhood_reliever_selector_v1","recent_appearance_proxy",2,"availability_role_matchup_performance_v1","exact_mlbam_id",2026-09-18,"baseballr_active_roster_then_workload_selector_v2"
"656848","Michael Petersen","Miami Marlins","R","2026-09-15",0,47,60,2,0,2,"reliever",1,0.738888888888889,"monitor","sabrhood_workload_heuristic_v1","2026-09-17","2026-09-17","2026-09-18 14:10:06 UTC","Michael Petersen","146","Miami Marlins","P","Pitcher","Active","active",TRUE,TRUE,"pitcher_unspecified",2026-09-18,"baseballr_mlb_rosters_active_v1",TRUE,"workload_plus_baseballr_active_roster_v1",0.67429536036036,0.715,0.7,0.67429536036036,1,75.4,"R",2,"sabrhood_reliever_selector_v1","recent_appearance_proxy",3,"availability_role_matchup_performance_v1","exact_mlbam_id",2026-09-18,"baseballr_active_roster_then_workload_selector_v2"
"669084","DL Hall","Milwaukee Brewers","L","2026-09-15",0,19,50,1,0,2,"reliever",0.953,0.894444444444444,"available","sabrhood_workload_heuristic_v1","2026-09-17","2026-09-17","2026-09-18 14:10:06 UTC","DL Hall","158","Milwaukee Brewers","P","Pitcher","Active","active",TRUE,TRUE,"pitcher_unspecified",2026-09-18,"baseballr_mlb_rosters_active_v1",TRUE,"workload_plus_baseballr_active_roster_v1",0.793112477477477,0.681,1,0.793112477477477,1,90.6,"L",2,"sabrhood_reliever_selector_v1","recent_appearance_proxy",1,"availability_role_matchup_performance_v1","exact_mlbam_id",2026-09-18,"baseballr_active_roster_then_workload_selector_v2"
"676879","Aaron Ashby","Milwaukee Brewers","L","2026-09-15",0,31,51,1,0,2,"reliever",0.972,0.827777777777778,"available","sabrhood_workload_heuristic_v1","2026-09-17","2026-09-17","2026-09-18 14:10:06 UTC","Aaron Ashby","158","Milwaukee Brewers","P","Pitcher","Active","active",TRUE,TRUE,"pitcher_unspecified",2026-09-18,"baseballr_mlb_rosters_active_v1",TRUE,"workload_plus_baseballr_active_roster_v1",0.628330135135135,0.785,1,0.628330135135135,1,83.8,"L",2,"sabrhood_reliever_selector_v1","recent_appearance_proxy",2,"availability_role_matchup_performance_v1","exact_mlbam_id",2026-09-18,"baseballr_active_roster_then_workload_selector_v2"
"694477","Chad Patrick","Milwaukee Brewers","R","2026-09-12",0,0,22,0,0,5,"reliever",0.774,1,"available","sabrhood_workload_heuristic_v1","2026-09-17","2026-09-17","2026-09-18 14:10:06 UTC","Chad Patrick","158","Milwaukee Brewers","P","Pitcher","Active","active",TRUE,TRUE,"pitcher_unspecified",2026-09-18,"baseballr_mlb_rosters_active_v1",TRUE,"workload_plus_baseballr_active_roster_v1",0.577712324324324,0.809,0.35,0.577712324324324,1,76.4,"L",2,"sabrhood_reliever_selector_v1","recent_appearance_proxy",3,"availability_role_matchup_performance_v1","exact_mlbam_id",2026-09-18,"baseballr_active_roster_then_workload_selector_v2"
"694477","Chad Patrick","Milwaukee Brewers","R","2026-09-12",0,0,22,0,0,5,"reliever",0.774,1,"available","sabrhood_workload_heuristic_v1","2026-09-17","2026-09-17","2026-09-18 14:10:06 UTC","Chad Patrick","158","Milwaukee Brewers","P","Pitcher","Active","active",TRUE,TRUE,"pitcher_unspecified",2026-09-18,"baseballr_mlb_rosters_active_v1",TRUE,"workload_plus_baseballr_active_roster_v1",0.577712324324324,0.809,0.7,0.577712324324324,1,83.4,"R",2,"sabrhood_reliever_selector_v1","recent_appearance_proxy",1,"availability_role_matchup_performance_v1","exact_mlbam_id",2026-09-18,"baseballr_active_roster_then_workload_selector_v2"
"668831","Garrett Stallings","Milwaukee Brewers","R","2026-09-11",0,0,30,0,0,6,"reliever",0.3,1,"available","sabrhood_workload_heuristic_v1","2026-09-17","2026-09-17","2026-09-18 14:10:06 UTC","Garrett Stallings","158","Milwaukee Brewers","P","Pitcher","Active","active",TRUE,TRUE,"pitcher_unspecified",2026-09-18,"baseballr_mlb_rosters_active_v1",TRUE,"workload_plus_baseballr_active_roster_v1",0.5,0,0.7,0.5,1,81.5,"R",2,"sabrhood_reliever_selector_v1","recent_appearance_proxy",2,"availability_role_matchup_performance_v1","exact_mlbam_id",2026-09-18,"baseballr_active_roster_then_workload_selector_v2"
"669084","DL Hall","Milwaukee Brewers","L","2026-09-15",0,19,50,1,0,2,"reliever",0.953,0.894444444444444,"available","sabrhood_workload_heuristic_v1","2026-09-17","2026-09-17","2026-09-18 14:10:06 UTC","DL Hall","158","Milwaukee Brewers","P","Pitcher","Active","active",TRUE,TRUE,"pitcher_unspecified",2026-09-18,"baseballr_mlb_rosters_active_v1",TRUE,"workload_plus_baseballr_active_roster_v1",0.793112477477477,0.681,0.4,0.793112477477477,1,78.6,"R",2,"sabrhood_reliever_selector_v1","recent_appearance_proxy",3,"availability_role_matchup_performance_v1","exact_mlbam_id",2026-09-18,"baseballr_active_roster_then_workload_selector_v2"
"681892","Kody Funderburk","Minnesota Twins","L","2026-09-16",3,6,43,2,1,1,"reliever",1,0.796666666666667,"available","sabrhood_workload_heuristic_v1","2026-09-17","2026-09-17","2026-09-18 14:10:06 UTC","Kody Funderburk","142","Minnesota Twins","P","Pitcher","Active","active",TRUE,TRUE,"pitcher_unspecified",2026-09-18,"baseballr_mlb_rosters_active_v1",TRUE,"workload_plus_baseballr_active_roster_v1",0.659619882882883,0.681,1,0.659619882882883,1,83.4,"L",2,"sabrhood_reliever_selector_v1","recent_appearance_proxy",1,"availability_role_matchup_performance_v1","exact_mlbam_id",2026-09-18,"baseballr_active_roster_then_workload_selector_v2"
"573124","Taylor Rogers","Minnesota Twins","L","2026-09-15",0,38,60,1,0,2,"reliever",1,0.788888888888889,"available","sabrhood_workload_heuristic_v1","2026-09-17","2026-09-17","2026-09-18 14:10:06 UTC","Taylor Rogers","142","Minnesota Twins","P","Pitcher","Active","active",TRUE,TRUE,"pitcher_unspecified",2026-09-18,"baseballr_mlb_rosters_active_v1",TRUE,"workload_plus_baseballr_active_roster_v1",0.3762075,0.717,1,0.3762075,1,76,"L",2,"sabrhood_reliever_selector_v1","recent_appearance_proxy",2,"availability_role_matchup_performance_v1","exact_mlbam_id",2026-09-18,"baseballr_active_roster_then_workload_selector_v2"
"702193","Andrew Morris","Minnesota Twins","R","2026-09-15",0,41,58,2,0,2,"reliever",0.9,0.772222222222222,"available","sabrhood_workload_heuristic_v1","2026-09-17","2026-09-17","2026-09-18 14:10:06 UTC","Andrew Morris","142","Minnesota Twins","P","Pitcher","Active","active",TRUE,TRUE,"pitcher_unspecified",2026-09-18,"baseballr_mlb_rosters_active_v1",TRUE,"workload_plus_baseballr_active_roster_v1",0.573477477477477,0.75,0.35,0.573477477477477,1,67.2,"L",2,"sabrhood_reliever_selector_v1","recent_appearance_proxy",3,"availability_role_matchup_performance_v1","exact_mlbam_id",2026-09-18,"baseballr_active_roster_then_workload_selector_v2"
"702193","Andrew Morris","Minnesota Twins","R","2026-09-15",0,41,58,2,0,2,"reliever",0.9,0.772222222222222,"available","sabrhood_workload_heuristic_v1","2026-09-17","2026-09-17","2026-09-18 14:10:06 UTC","Andrew Morris","142","Minnesota Twins","P","Pitcher","Active","active",TRUE,TRUE,"pitcher_unspecified",2026-09-18,"baseballr_mlb_rosters_active_v1",TRUE,"workload_plus_baseballr_active_roster_v1",0.573477477477477,0.75,0.7,0.573477477477477,1,74.2,"R",2,"sabrhood_reliever_selector_v1","recent_appearance_proxy",1,"availability_role_matchup_performance_v1","exact_mlbam_id",2026-09-18,"baseballr_active_roster_then_workload_selector_v2"
"681892","Kody Funderburk","Minnesota Twins","L","2026-09-16",3,6,43,2,1,1,"reliever",1,0.796666666666667,"available","sabrhood_workload_heuristic_v1","2026-09-17","2026-09-17","2026-09-18 14:10:06 UTC","Kody Funderburk","142","Minnesota Twins","P","Pitcher","Active","active",TRUE,TRUE,"pitcher_unspecified",2026-09-18,"baseballr_mlb_rosters_active_v1",TRUE,"workload_plus_baseballr_active_roster_v1",0.659619882882883,0.681,0.4,0.659619882882883,1,71.4,"R",2,"sabrhood_reliever_selector_v1","recent_appearance_proxy",2,"availability_role_matchup_performance_v1","exact_mlbam_id",2026-09-18,"baseballr_active_roster_then_workload_selector_v2"
"656546","Jeff Hoffman","Minnesota Twins","R","2026-09-16",16,29,55,2,1,1,"reliever",1,0.452222222222222,"limited","sabrhood_workload_heuristic_v1","2026-09-17","2026-09-17","2026-09-18 14:10:06 UTC","Jeff Hoffman","142","Minnesota Twins","P","Pitcher","Active","active",TRUE,TRUE,"pitcher_unspecified",2026-09-18,"baseballr_mlb_rosters_active_v1",TRUE,"workload_plus_baseballr_active_roster_v1",0.692926522522523,0.738,0.7,0.692926522522523,1,64.4,"R",2,"sabrhood_reliever_selector_v1","recent_appearance_proxy",3,"availability_role_matchup_performance_v1","exact_mlbam_id",2026-09-18,"baseballr_active_roster_then_workload_selector_v2"
"681320","Nate Lavender","New York Mets","L","2026-09-15",0,23,34,1,0,2,"reliever",0.85,0.872222222222222,"available","sabrhood_workload_heuristic_v1","2026-09-17","2026-09-17","2026-09-18 14:10:06 UTC","Nate Lavender","121","New York Mets","P","Pitcher","Active","active",TRUE,TRUE,"pitcher_unspecified",2026-09-18,"baseballr_mlb_rosters_active_v1",TRUE,"workload_plus_baseballr_active_roster_v1",0.5,0,1,0.5,1,82.4,"L",2,"sabrhood_reliever_selector_v1","recent_appearance_proxy",1,"availability_role_matchup_performance_v1","exact_mlbam_id",2026-09-18,"baseballr_active_roster_then_workload_selector_v2"
"673380","Dedniel Núñez","New York Mets","R","2026-09-14",0,14,14,1,0,3,"reliever",0.7,0.922222222222222,"available","sabrhood_workload_heuristic_v1","2026-09-17","2026-09-17","2026-09-18 14:10:06 UTC","Dedniel Núñez","121","New York Mets","P","Pitcher","Active","active",TRUE,TRUE,"pitcher_unspecified",2026-09-18,"baseballr_mlb_rosters_active_v1",TRUE,"workload_plus_baseballr_active_roster_v1",0.5,0,0.35,0.5,1,71.4,"L",2,"sabrhood_reliever_selector_v1","recent_appearance_proxy",2,"availability_role_matchup_performance_v1","exact_mlbam_id",2026-09-18,"baseballr_active_roster_then_workload_selector_v2"
"681810","Austin Warren","New York Mets","R","2026-09-15",0,14,30,1,0,2,"reliever",0.895,0.922222222222222,"available","sabrhood_workload_heuristic_v1","2026-09-17","2026-09-17","2026-09-18 14:10:06 UTC","Austin Warren","121","New York Mets","P","Pitcher","Active","active",TRUE,TRUE,"pitcher_unspecified",2026-09-18,"baseballr_mlb_rosters_active_v1",TRUE,"workload_plus_baseballr_active_roster_v1",0.411966108108108,0.669,0.35,0.411966108108108,1,69.2,"L",2,"sabrhood_reliever_selector_v1","recent_appearance_proxy",3,"availability_role_matchup_performance_v1","exact_mlbam_id",2026-09-18,"baseballr_active_roster_then_workload_selector_v2"
"673380","Dedniel Núñez","New York Mets","R","2026-09-14",0,14,14,1,0,3,"reliever",0.7,0.922222222222222,"available","sabrhood_workload_heuristic_v1","2026-09-17","2026-09-17","2026-09-18 14:10:06 UTC","Dedniel Núñez","121","New York Mets","P","Pitcher","Active","active",TRUE,TRUE,"pitcher_unspecified",2026-09-18,"baseballr_mlb_rosters_active_v1",TRUE,"workload_plus_baseballr_active_roster_v1",0.5,0,0.7,0.5,1,78.4,"R",2,"sabrhood_reliever_selector_v1","recent_appearance_proxy",1,"availability_role_matchup_performance_v1","exact_mlbam_id",2026-09-18,"baseballr_active_roster_then_workload_selector_v2"
"681810","Austin Warren","New York Mets","R","2026-09-15",0,14,30,1,0,2,"reliever",0.895,0.922222222222222,"available","sabrhood_workload_heuristic_v1","2026-09-17","2026-09-17","2026-09-18 14:10:06 UTC","Austin Warren","121","New York Mets","P","Pitcher","Active","active",TRUE,TRUE,"pitcher_unspecified",2026-09-18,"baseballr_mlb_rosters_active_v1",TRUE,"workload_plus_baseballr_active_roster_v1",0.411966108108108,0.669,0.7,0.411966108108108,1,76.2,"R",2,"sabrhood_reliever_selector_v1","recent_appearance_proxy",2,"availability_role_matchup_performance_v1","exact_mlbam_id",2026-09-18,"baseballr_active_roster_then_workload_selector_v2"
"668964","Tobias Myers","New York Mets","R","2026-09-12",0,0,25,0,0,5,"reliever",0.8,1,"available","sabrhood_workload_heuristic_v1","2026-09-17","2026-09-17","2026-09-18 14:10:06 UTC","Tobias Myers","121","New York Mets","P","Pitcher","Active","active",TRUE,TRUE,"pitcher_unspecified",2026-09-18,"baseballr_mlb_rosters_active_v1",TRUE,"workload_plus_baseballr_active_roster_v1",0.150312468468468,0.688,0.7,0.150312468468468,1,72.8,"R",2,"sabrhood_reliever_selector_v1","recent_appearance_proxy",3,"availability_role_matchup_performance_v1","exact_mlbam_id",2026-09-18,"baseballr_active_roster_then_workload_selector_v2"
"642232","Ryan Yarbrough","New York Yankees","L","2026-09-15",0,29,85,1,0,2,"reliever",0.943,0.838888888888889,"available","sabrhood_workload_heuristic_v1","2026-09-17","2026-09-17","2026-09-18 14:10:06 UTC","Ryan Yarbrough","147","New York Yankees","P","Pitcher","Active","active",TRUE,TRUE,"pitcher_unspecified",2026-09-18,"baseballr_mlb_rosters_active_v1",TRUE,"workload_plus_baseballr_active_roster_v1",0.617855711711712,0.712,1,0.617855711711712,1,84,"L",2,"sabrhood_reliever_selector_v1","recent_appearance_proxy",1,"availability_role_matchup_performance_v1","exact_mlbam_id",2026-09-18,"baseballr_active_roster_then_workload_selector_v2"
"657612","Tim Hill","New York Yankees","L","2026-09-14",0,15,44,1,0,3,"reliever",1,0.916666666666667,"available","sabrhood_workload_heuristic_v1","2026-09-17","2026-09-17","2026-09-18 14:10:06 UTC","Tim Hill","147","New York Yankees","P","Pitcher","Active","active",TRUE,TRUE,"pitcher_unspecified",2026-09-18,"baseballr_mlb_rosters_active_v1",TRUE,"workload_plus_baseballr_active_roster_v1",0.236949216216216,0.698,1,0.236949216216216,1,77.6,"L",2,"sabrhood_reliever_selector_v1","recent_appearance_proxy",2,"availability_role_matchup_performance_v1","exact_mlbam_id",2026-09-18,"baseballr_active_roster_then_workload_selector_v2"
"605242","Michael Fulmer","New York Yankees","R","2026-09-14",0,21,30,1,0,3,"reliever",0.55,0.883333333333333,"available","sabrhood_workload_heuristic_v1","2026-09-17","2026-09-17","2026-09-18 14:10:06 UTC","Michael Fulmer","147","New York Yankees","P","Pitcher","Active","active",TRUE,TRUE,"pitcher_unspecified",2026-09-18,"baseballr_mlb_rosters_active_v1",TRUE,"workload_plus_baseballr_active_roster_v1",0.5,0,0.35,0.5,1,69.8,"L",2,"sabrhood_reliever_selector_v1","recent_appearance_proxy",3,"availability_role_matchup_performance_v1","exact_mlbam_id",2026-09-18,"baseballr_active_roster_then_workload_selector_v2"
"605242","Michael Fulmer","New York Yankees","R","2026-09-14",0,21,30,1,0,3,"reliever",0.55,0.883333333333333,"available","sabrhood_workload_heuristic_v1","2026-09-17","2026-09-17","2026-09-18 14:10:06 UTC","Michael Fulmer","147","New York Yankees","P","Pitcher","Active","active",TRUE,TRUE,"pitcher_unspecified",2026-09-18,"baseballr_mlb_rosters_active_v1",TRUE,"workload_plus_baseballr_active_roster_v1",0.5,0,0.7,0.5,1,76.8,"R",2,"sabrhood_reliever_selector_v1","recent_appearance_proxy",1,"availability_role_matchup_performance_v1","exact_mlbam_id",2026-09-18,"baseballr_active_roster_then_workload_selector_v2"
"642232","Ryan Yarbrough","New York Yankees","L","2026-09-15",0,29,85,1,0,2,"reliever",0.943,0.838888888888889,"available","sabrhood_workload_heuristic_v1","2026-09-17","2026-09-17","2026-09-18 14:10:06 UTC","Ryan Yarbrough","147","New York Yankees","P","Pitcher","Active","active",TRUE,TRUE,"pitcher_unspecified",2026-09-18,"baseballr_mlb_rosters_active_v1",TRUE,"workload_plus_baseballr_active_roster_v1",0.617855711711712,0.712,0.4,0.617855711711712,1,72,"R",2,"sabrhood_reliever_selector_v1","recent_appearance_proxy",2,"availability_role_matchup_performance_v1","exact_mlbam_id",2026-09-18,"baseballr_active_roster_then_workload_selector_v2"
"621112","Paul Blackburn","New York Yankees","R","2026-09-16",11,11,45,1,1,1,"reliever",0.932,0.635555555555556,"monitor","sabrhood_workload_heuristic_v1","2026-09-17","2026-09-17","2026-09-18 14:10:06 UTC","Paul Blackburn","147","New York Yankees","P","Pitcher","Active","active",TRUE,TRUE,"pitcher_unspecified",2026-09-18,"baseballr_mlb_rosters_active_v1",TRUE,"workload_plus_baseballr_active_roster_v1",0.682239522522523,0.762,0.7,0.682239522522523,1,71.5,"R",2,"sabrhood_reliever_selector_v1","recent_appearance_proxy",3,"availability_role_matchup_performance_v1","exact_mlbam_id",2026-09-18,"baseballr_active_roster_then_workload_selector_v2"
"548384","Brooks Raley","Philadelphia Phillies","L","2026-09-12",0,0,36,0,0,5,"reliever",1,1,"available","sabrhood_workload_heuristic_v1","2026-09-17","2026-09-17","2026-09-18 14:10:06 UTC","Brooks Raley","143","Philadelphia Phillies","P","Pitcher","Active","active",TRUE,TRUE,"pitcher_unspecified",2026-09-18,"baseballr_mlb_rosters_active_v1",TRUE,"workload_plus_baseballr_active_roster_v1",0.611602324324324,0.683,1,0.611602324324324,1,90.3,"L",2,"sabrhood_reliever_selector_v1","recent_appearance_proxy",1,"availability_role_matchup_performance_v1","exact_mlbam_id",2026-09-18,"baseballr_active_roster_then_workload_selector_v2"
"641835","Tim Mayza","Philadelphia Phillies","L","2026-09-12",0,0,31,0,0,5,"reliever",0.821,1,"available","sabrhood_workload_heuristic_v1","2026-09-17","2026-09-17","2026-09-18 14:10:06 UTC","Tim Mayza","143","Philadelphia Phillies","P","Pitcher","Active","active",TRUE,TRUE,"pitcher_unspecified",2026-09-18,"baseballr_mlb_rosters_active_v1",TRUE,"workload_plus_baseballr_active_roster_v1",0.594951666666667,0.717,1,0.594951666666667,1,89.9,"L",2,"sabrhood_reliever_selector_v1","recent_appearance_proxy",2,"availability_role_matchup_performance_v1","exact_mlbam_id",2026-09-18,"baseballr_active_roster_then_workload_selector_v2"
"621383","Tanner Banks","Philadelphia Phillies","L","2026-09-13",0,0,35,0,0,4,"reliever",0.931,1,"available","sabrhood_workload_heuristic_v1","2026-09-17","2026-09-17","2026-09-18 14:10:06 UTC","Tanner Banks","143","Philadelphia Phillies","P","Pitcher","Active","active",TRUE,TRUE,"pitcher_unspecified",2026-09-18,"baseballr_mlb_rosters_active_v1",TRUE,"workload_plus_baseballr_active_roster_v1",0.2724935,0.606,1,0.2724935,1,81.8,"L",2,"sabrhood_reliever_selector_v1","recent_appearance_proxy",3,"availability_role_matchup_performance_v1","exact_mlbam_id",2026-09-18,"baseballr_active_roster_then_workload_selector_v2"
"680742","Jonathan Bowlan","Philadelphia Phillies","R","2026-09-15",0,11,33,1,0,2,"reliever",1,0.938888888888889,"available","sabrhood_workload_heuristic_v1","2026-09-17","2026-09-17","2026-09-18 14:10:06 UTC","Jonathan Bowlan","143","Philadelphia Phillies","P","Pitcher","Active","active",TRUE,TRUE,"pitcher_unspecified",2026-09-18,"baseballr_mlb_rosters_active_v1",TRUE,"workload_plus_baseballr_active_roster_v1",0.741511711711712,0.699,0.7,0.741511711711712,1,85.1,"R",2,"sabrhood_reliever_selector_v1","recent_appearance_proxy",1,"availability_role_matchup_performance_v1","exact_mlbam_id",2026-09-18,"baseballr_active_roster_then_workload_selector_v2"
"689147","Orion Kerkering","Philadelphia Phillies","R","2026-09-12",0,0,39,0,0,5,"reliever",1,1,"available","sabrhood_workload_heuristic_v1","2026-09-17","2026-09-17","2026-09-18 14:10:06 UTC","Orion Kerkering","143","Philadelphia Phillies","P","Pitcher","Active","active",TRUE,TRUE,"pitcher_unspecified",2026-09-18,"baseballr_mlb_rosters_active_v1",TRUE,"workload_plus_baseballr_active_roster_v1",0.629201756756757,0.715,0.7,0.629201756756757,1,84.7,"R",2,"sabrhood_reliever_selector_v1","recent_appearance_proxy",2,"availability_role_matchup_performance_v1","exact_mlbam_id",2026-09-18,"baseballr_active_roster_then_workload_selector_v2"
"686934","Alex McFarlane","Philadelphia Phillies","R","2026-09-13",0,0,29,0,0,4,"reliever",0.75,1,"available","sabrhood_workload_heuristic_v1","2026-09-17","2026-09-17","2026-09-18 14:10:06 UTC","Alex McFarlane","143","Philadelphia Phillies","P","Pitcher","Active","active",TRUE,TRUE,"pitcher_unspecified",2026-09-18,"baseballr_mlb_rosters_active_v1",TRUE,"workload_plus_baseballr_active_roster_v1",0.5,0,0.7,0.5,1,81.5,"R",2,"sabrhood_reliever_selector_v1","recent_appearance_proxy",3,"availability_role_matchup_performance_v1","exact_mlbam_id",2026-09-18,"baseballr_active_roster_then_workload_selector_v2"
"682254","Mason Montgomery","Pittsburgh Pirates","L","2026-09-13",0,0,21,0,0,4,"reliever",0.846,1,"available","sabrhood_workload_heuristic_v1","2026-09-17","2026-09-17","2026-09-18 14:10:06 UTC","Mason Montgomery","134","Pittsburgh Pirates","P","Pitcher","Active","active",TRUE,TRUE,"pitcher_unspecified",2026-09-18,"baseballr_mlb_rosters_active_v1",TRUE,"workload_plus_baseballr_active_roster_v1",0.753373153153153,0.72,1,0.753373153153153,1,93.8,"L",2,"sabrhood_reliever_selector_v1","recent_appearance_proxy",1,"availability_role_matchup_performance_v1","exact_mlbam_id",2026-09-18,"baseballr_active_roster_then_workload_selector_v2"
"642397","Gregory Soto","Pittsburgh Pirates","L","2026-09-15",0,17,48,1,0,2,"reliever",1,0.905555555555556,"available","sabrhood_workload_heuristic_v1","2026-09-17","2026-09-17","2026-09-18 14:10:06 UTC","Gregory Soto","134","Pittsburgh Pirates","P","Pitcher","Active","active",TRUE,TRUE,"pitcher_unspecified",2026-09-18,"baseballr_mlb_rosters_active_v1",TRUE,"workload_plus_baseballr_active_roster_v1",0.734599783783784,0.728,1,0.734599783783784,1,89.6,"L",2,"sabrhood_reliever_selector_v1","recent_appearance_proxy",2,"availability_role_matchup_performance_v1","exact_mlbam_id",2026-09-18,"baseballr_active_roster_then_workload_selector_v2"
"685126","Brandon Eisert","Pittsburgh Pirates","L","2026-09-15",0,23,23,1,0,2,"reliever",0.778,0.872222222222222,"available","sabrhood_workload_heuristic_v1","2026-09-17","2026-09-17","2026-09-18 14:10:06 UTC","Brandon Eisert","134","Pittsburgh Pirates","P","Pitcher","Active","active",TRUE,TRUE,"pitcher_unspecified",2026-09-18,"baseballr_mlb_rosters_active_v1",TRUE,"workload_plus_baseballr_active_roster_v1",0.470134054054054,0.632,1,0.470134054054054,1,81.6,"L",2,"sabrhood_reliever_selector_v1","recent_appearance_proxy",3,"availability_role_matchup_performance_v1","exact_mlbam_id",2026-09-18,"baseballr_active_roster_then_workload_selector_v2"
"596133","Luke Weaver","Pittsburgh Pirates","R","2026-09-13",0,0,22,0,0,4,"reliever",1,1,"available","sabrhood_workload_heuristic_v1","2026-09-17","2026-09-17","2026-09-18 14:10:06 UTC","Luke Weaver","134","Pittsburgh Pirates","P","Pitcher","Active","active",TRUE,TRUE,"pitcher_unspecified",2026-09-18,"baseballr_mlb_rosters_active_v1",TRUE,"workload_plus_baseballr_active_roster_v1",0.7408165,0.693,0.7,0.7408165,1,87.5,"R",2,"sabrhood_reliever_selector_v1","recent_appearance_proxy",1,"availability_role_matchup_performance_v1","exact_mlbam_id",2026-09-18,"baseballr_active_roster_then_workload_selector_v2"
"682254","Mason Montgomery","Pittsburgh Pirates","L","2026-09-13",0,0,21,0,0,4,"reliever",0.846,1,"available","sabrhood_workload_heuristic_v1","2026-09-17","2026-09-17","2026-09-18 14:10:06 UTC","Mason Montgomery","134","Pittsburgh Pirates","P","Pitcher","Active","active",TRUE,TRUE,"pitcher_unspecified",2026-09-18,"baseballr_mlb_rosters_active_v1",TRUE,"workload_plus_baseballr_active_roster_v1",0.753373153153153,0.72,0.4,0.753373153153153,1,81.8,"R",2,"sabrhood_reliever_selector_v1","recent_appearance_proxy",2,"availability_role_matchup_performance_v1","exact_mlbam_id",2026-09-18,"baseballr_active_roster_then_workload_selector_v2"
"696062","Wilber Dotel","Pittsburgh Pirates","R","2026-09-15",0,10,48,1,0,2,"reliever",0.8,0.944444444444444,"available","sabrhood_workload_heuristic_v1","2026-09-17","2026-09-17","2026-09-18 14:10:06 UTC","Wilber Dotel","134","Pittsburgh Pirates","P","Pitcher","Active","active",TRUE,TRUE,"pitcher_unspecified",2026-09-18,"baseballr_mlb_rosters_active_v1",TRUE,"workload_plus_baseballr_active_roster_v1",0.493148837837838,0.614,0.7,0.493148837837838,1,79.1,"R",2,"sabrhood_reliever_selector_v1","recent_appearance_proxy",3,"availability_role_matchup_performance_v1","exact_mlbam_id",2026-09-18,"baseballr_active_roster_then_workload_selector_v2"
"670970","Adrian Morejon","San Diego Padres","L","2026-09-14",0,9,35,1,0,3,"reliever",1,0.95,"available","sabrhood_workload_heuristic_v1","2026-09-17","2026-09-17","2026-09-18 14:10:06 UTC","Adrian Morejon","135","San Diego Padres","P","Pitcher","Active","active",TRUE,TRUE,"pitcher_unspecified",2026-09-18,"baseballr_mlb_rosters_active_v1",TRUE,"workload_plus_baseballr_active_roster_v1",0.856475310810811,0.767,1,0.856475310810811,1,94.4,"L",2,"sabrhood_reliever_selector_v1","recent_appearance_proxy",1,"availability_role_matchup_performance_v1","exact_mlbam_id",2026-09-18,"baseballr_active_roster_then_workload_selector_v2"
"606996","Kyle Hart","San Diego Padres","L","2026-09-14",0,17,37,1,0,3,"reliever",0.818,0.905555555555556,"available","sabrhood_workload_heuristic_v1","2026-09-17","2026-09-17","2026-09-18 14:10:06 UTC","Kyle Hart","135","San Diego Padres","P","Pitcher","Active","active",TRUE,TRUE,"pitcher_unspecified",2026-09-18,"baseballr_mlb_rosters_active_v1",TRUE,"workload_plus_baseballr_active_roster_v1",0.654163103603604,0.721,1,0.654163103603604,1,87.6,"L",2,"sabrhood_reliever_selector_v1","recent_appearance_proxy",2,"availability_role_matchup_performance_v1","exact_mlbam_id",2026-09-18,"baseballr_active_roster_then_workload_selector_v2"
"695243","Mason Miller","San Diego Padres","R","2026-09-14",0,14,58,1,0,3,"reliever",1,0.922222222222222,"available","sabrhood_workload_heuristic_v1","2026-09-17","2026-09-17","2026-09-18 14:10:06 UTC","Mason Miller","135","San Diego Padres","P","Pitcher","Active","active",TRUE,TRUE,"pitcher_unspecified",2026-09-18,"baseballr_mlb_rosters_active_v1",TRUE,"workload_plus_baseballr_active_roster_v1",0.891723981981982,0.711,0.35,0.891723981981982,1,81.2,"L",2,"sabrhood_reliever_selector_v1","recent_appearance_proxy",3,"availability_role_matchup_performance_v1","exact_mlbam_id",2026-09-18,"baseballr_active_roster_then_workload_selector_v2"
"695243","Mason Miller","San Diego Padres","R","2026-09-14",0,14,58,1,0,3,"reliever",1,0.922222222222222,"available","sabrhood_workload_heuristic_v1","2026-09-17","2026-09-17","2026-09-18 14:10:06 UTC","Mason Miller","135","San Diego Padres","P","Pitcher","Active","active",TRUE,TRUE,"pitcher_unspecified",2026-09-18,"baseballr_mlb_rosters_active_v1",TRUE,"workload_plus_baseballr_active_roster_v1",0.891723981981982,0.711,0.7,0.891723981981982,1,88.2,"R",2,"sabrhood_reliever_selector_v1","recent_appearance_proxy",1,"availability_role_matchup_performance_v1","exact_mlbam_id",2026-09-18,"baseballr_active_roster_then_workload_selector_v2"
"699134","Bradgley Rodriguez","San Diego Padres","R","2026-09-14",0,20,45,1,0,3,"reliever",0.875,0.888888888888889,"available","sabrhood_workload_heuristic_v1","2026-09-17","2026-09-17","2026-09-18 14:10:06 UTC","Bradgley Rodriguez","135","San Diego Padres","P","Pitcher","Active","active",TRUE,TRUE,"pitcher_unspecified",2026-09-18,"baseballr_mlb_rosters_active_v1",TRUE,"workload_plus_baseballr_active_roster_v1",0.775029391891892,0.737,0.7,0.775029391891892,1,83.9,"R",2,"sabrhood_reliever_selector_v1","recent_appearance_proxy",2,"availability_role_matchup_performance_v1","exact_mlbam_id",2026-09-18,"baseballr_active_roster_then_workload_selector_v2"
"670970","Adrian Morejon","San Diego Padres","L","2026-09-14",0,9,35,1,0,3,"reliever",1,0.95,"available","sabrhood_workload_heuristic_v1","2026-09-17","2026-09-17","2026-09-18 14:10:06 UTC","Adrian Morejon","135","San Diego Padres","P","Pitcher","Active","active",TRUE,TRUE,"pitcher_unspecified",2026-09-18,"baseballr_mlb_rosters_active_v1",TRUE,"workload_plus_baseballr_active_roster_v1",0.856475310810811,0.767,0.4,0.856475310810811,1,82.4,"R",2,"sabrhood_reliever_selector_v1","recent_appearance_proxy",3,"availability_role_matchup_performance_v1","exact_mlbam_id",2026-09-18,"baseballr_active_roster_then_workload_selector_v2"
"691769","Philip Abner","San Francisco Giants","L","2026-09-16",4,4,13,1,1,1,"reliever",0.55,0.791111111111111,"available","sabrhood_workload_heuristic_v1","2026-09-17","2026-09-17","2026-09-18 14:10:06 UTC","Philip Abner","137","San Francisco Giants","P","Pitcher","Active","active",TRUE,TRUE,"pitcher_unspecified",2026-09-18,"baseballr_mlb_rosters_active_v1",TRUE,"workload_plus_baseballr_active_roster_v1",0.386594995495495,0.429,1,0.386594995495495,1,76.3,"L",2,"sabrhood_reliever_selector_v1","recent_appearance_proxy",1,"availability_role_matchup_performance_v1","exact_mlbam_id",2026-09-18,"baseballr_active_roster_then_workload_selector_v2"
"665665","Reiver Sanmartin","San Francisco Giants","L","2026-09-16",1,12,13,2,1,1,"reliever",1,0.796666666666667,"available","sabrhood_workload_heuristic_v1","2026-09-17","2026-09-17","2026-09-18 14:10:06 UTC","Reiver Sanmartin","137","San Francisco Giants","P","Pitcher","Active","active",TRUE,TRUE,"pitcher_unspecified",2026-09-18,"baseballr_mlb_rosters_active_v1",TRUE,"workload_plus_baseballr_active_roster_v1",0.32057772972973,0.479,1,0.32057772972973,1,74.9,"L",2,"sabrhood_reliever_selector_v1","recent_appearance_proxy",2,"availability_role_matchup_performance_v1","exact_mlbam_id",2026-09-18,"baseballr_active_roster_then_workload_selector_v2"
"805074","Yunior Marte","San Francisco Giants","R","2026-09-11",0,0,77,0,0,6,"bulk",0.05,1,"available","sabrhood_workload_heuristic_v1","2026-09-17","2026-09-17","2026-09-18 14:10:06 UTC","Yunior Marte","137","San Francisco Giants","P","Pitcher","Active","active",TRUE,TRUE,"pitcher_unspecified",2026-09-18,"baseballr_mlb_rosters_active_v1",TRUE,"workload_plus_baseballr_active_roster_v1",0.5,0,0.35,0.5,0.7,70,"L",2,"sabrhood_reliever_selector_v1","recent_appearance_proxy",3,"availability_role_matchup_performance_v1","exact_mlbam_id",2026-09-18,"baseballr_active_roster_then_workload_selector_v2"
"805074","Yunior Marte","San Francisco Giants","R","2026-09-11",0,0,77,0,0,6,"bulk",0.05,1,"available","sabrhood_workload_heuristic_v1","2026-09-17","2026-09-17","2026-09-18 14:10:06 UTC","Yunior Marte","137","San Francisco Giants","P","Pitcher","Active","active",TRUE,TRUE,"pitcher_unspecified",2026-09-18,"baseballr_mlb_rosters_active_v1",TRUE,"workload_plus_baseballr_active_roster_v1",0.5,0,0.7,0.5,0.7,77,"R",2,"sabrhood_reliever_selector_v1","recent_appearance_proxy",1,"availability_role_matchup_performance_v1","exact_mlbam_id",2026-09-18,"baseballr_active_roster_then_workload_selector_v2"
"671345","Jason Foley","San Francisco Giants","R","2026-09-15",0,31,61,1,0,2,"reliever",1,0.827777777777778,"available","sabrhood_workload_heuristic_v1","2026-09-17","2026-09-17","2026-09-18 14:10:06 UTC","Jason Foley","137","San Francisco Giants","P","Pitcher","Active","active",TRUE,TRUE,"pitcher_unspecified",2026-09-18,"baseballr_mlb_rosters_active_v1",TRUE,"workload_plus_baseballr_active_roster_v1",0.325250468468469,0.492,0.7,0.325250468468469,1,70.2,"R",2,"sabrhood_reliever_selector_v1","recent_appearance_proxy",2,"availability_role_matchup_performance_v1","exact_mlbam_id",2026-09-18,"baseballr_active_roster_then_workload_selector_v2"
"805345","Trent Harris","San Francisco Giants","R","2026-09-16",14,27,32,2,1,1,"reliever",0.85,0.496666666666667,"limited","sabrhood_workload_heuristic_v1","2026-09-17","2026-09-17","2026-09-18 14:10:06 UTC","Trent Harris","137","San Francisco Giants","P","Pitcher","Active","active",TRUE,TRUE,"pitcher_unspecified",2026-09-18,"baseballr_mlb_rosters_active_v1",TRUE,"workload_plus_baseballr_active_roster_v1",0.734383986486486,0.435,0.7,0.734383986486486,1,67.2,"R",2,"sabrhood_reliever_selector_v1","recent_appearance_proxy",3,"availability_role_matchup_performance_v1","exact_mlbam_id",2026-09-18,"baseballr_active_roster_then_workload_selector_v2"
"642100","Gabe Speier","Seattle Mariners","L","2026-09-15",0,16,44,1,0,2,"reliever",1,0.911111111111111,"available","sabrhood_workload_heuristic_v1","2026-09-17","2026-09-17","2026-09-18 14:10:06 UTC","Gabe Speier","136","Seattle Mariners","P","Pitcher","Active","active",TRUE,TRUE,"pitcher_unspecified",2026-09-18,"baseballr_mlb_rosters_active_v1",TRUE,"workload_plus_baseballr_active_roster_v1",0.612706702702703,0.636,1,0.612706702702703,1,86.8,"L",2,"sabrhood_reliever_selector_v1","recent_appearance_proxy",1,"availability_role_matchup_performance_v1","exact_mlbam_id",2026-09-18,"baseballr_active_roster_then_workload_selector_v2"
"571948","Hoby Milner","Seattle Mariners","L","2026-09-12",0,0,18,0,0,5,"reliever",1,1,"available","sabrhood_workload_heuristic_v1","2026-09-17","2026-09-17","2026-09-18 14:10:06 UTC","Hoby Milner","136","Seattle Mariners","P","Pitcher","Active","active",TRUE,TRUE,"pitcher_unspecified",2026-09-18,"baseballr_mlb_rosters_active_v1",TRUE,"workload_plus_baseballr_active_roster_v1",0.275051531531532,0.621,1,0.275051531531532,1,81.9,"L",2,"sabrhood_reliever_selector_v1","recent_appearance_proxy",2,"availability_role_matchup_performance_v1","exact_mlbam_id",2026-09-18,"baseballr_active_roster_then_workload_selector_v2"
"622554","Seranthony Domínguez","Seattle Mariners","R","2026-09-15",0,12,55,1,0,2,"reliever",1,0.933333333333333,"available","sabrhood_workload_heuristic_v1","2026-09-17","2026-09-17","2026-09-18 14:10:06 UTC","Seranthony Domínguez","136","Seattle Mariners","P","Pitcher","Active","active",TRUE,TRUE,"pitcher_unspecified",2026-09-18,"baseballr_mlb_rosters_active_v1",TRUE,"workload_plus_baseballr_active_roster_v1",0.617540810810811,0.708,0.35,0.617540810810811,1,74.8,"L",2,"sabrhood_reliever_selector_v1","recent_appearance_proxy",3,"availability_role_matchup_performance_v1","exact_mlbam_id",2026-09-18,"baseballr_active_roster_then_workload_selector_v2"
"622554","Seranthony Domínguez","Seattle Mariners","R","2026-09-15",0,12,55,1,0,2,"reliever",1,0.933333333333333,"available","sabrhood_workload_heuristic_v1","2026-09-17","2026-09-17","2026-09-18 14:10:06 UTC","Seranthony Domínguez","136","Seattle Mariners","P","Pitcher","Active","active",TRUE,TRUE,"pitcher_unspecified",2026-09-18,"baseballr_mlb_rosters_active_v1",TRUE,"workload_plus_baseballr_active_roster_v1",0.617540810810811,0.708,0.7,0.617540810810811,1,81.8,"R",2,"sabrhood_reliever_selector_v1","recent_appearance_proxy",1,"availability_role_matchup_performance_v1","exact_mlbam_id",2026-09-18,"baseballr_active_roster_then_workload_selector_v2"
"660825","Eduard Bazardo","Seattle Mariners","R","2026-09-14",0,6,9,1,0,3,"reliever",1,0.966666666666667,"available","sabrhood_workload_heuristic_v1","2026-09-17","2026-09-17","2026-09-18 14:10:06 UTC","Eduard Bazardo","136","Seattle Mariners","P","Pitcher","Active","active",TRUE,TRUE,"pitcher_unspecified",2026-09-18,"baseballr_mlb_rosters_active_v1",TRUE,"workload_plus_baseballr_active_roster_v1",0.302171463963964,0.735,0.7,0.302171463963964,1,75.2,"R",2,"sabrhood_reliever_selector_v1","recent_appearance_proxy",2,"availability_role_matchup_performance_v1","exact_mlbam_id",2026-09-18,"baseballr_active_roster_then_workload_selector_v2"
"621074","Michael Rucker","Seattle Mariners","R","2026-09-14",0,26,46,1,0,3,"reliever",1,0.855555555555556,"available","sabrhood_workload_heuristic_v1","2026-09-17","2026-09-17","2026-09-18 14:10:06 UTC","Michael Rucker","136","Seattle Mariners","P","Pitcher","Active","active",TRUE,TRUE,"pitcher_unspecified",2026-09-18,"baseballr_mlb_rosters_active_v1",TRUE,"workload_plus_baseballr_active_roster_v1",0.465991981981982,0.63,0.7,0.465991981981982,1,74.9,"R",2,"sabrhood_reliever_selector_v1","recent_appearance_proxy",3,"availability_role_matchup_performance_v1","exact_mlbam_id",2026-09-18,"baseballr_active_roster_then_workload_selector_v2"
"687309","Cooper Hjerpe","St. Louis Cardinals","L","2026-09-12",0,0,52,0,0,5,"reliever",0.1,1,"available","sabrhood_workload_heuristic_v1","2026-09-17","2026-09-17","2026-09-18 14:10:06 UTC","Cooper Hjerpe","138","St. Louis Cardinals","P","Pitcher","Active","active",TRUE,TRUE,"pitcher_unspecified",2026-09-18,"baseballr_mlb_rosters_active_v1",TRUE,"workload_plus_baseballr_active_roster_v1",0.5,0,1,0.5,1,87.5,"L",2,"sabrhood_reliever_selector_v1","recent_appearance_proxy",1,"availability_role_matchup_performance_v1","exact_mlbam_id",2026-09-18,"baseballr_active_roster_then_workload_selector_v2"
"802408","Brycen Mautz","St. Louis Cardinals","L","2026-09-15",0,40,40,1,0,2,"bulk",0.15,0.777777777777778,"available","sabrhood_workload_heuristic_v1","2026-09-17","2026-09-17","2026-09-18 14:10:06 UTC","Brycen Mautz","138","St. Louis Cardinals","P","Pitcher","Active","active",TRUE,TRUE,"pitcher_unspecified",2026-09-18,"baseballr_mlb_rosters_active_v1",TRUE,"workload_plus_baseballr_active_roster_v1",0.5,0,1,0.5,0.7,74.1,"L",2,"sabrhood_reliever_selector_v1","recent_appearance_proxy",2,"availability_role_matchup_performance_v1","exact_mlbam_id",2026-09-18,"baseballr_active_roster_then_workload_selector_v2"
"666277","George Soriano","St. Louis Cardinals","R","2026-09-13",0,0,49,0,0,4,"reliever",1,1,"available","sabrhood_workload_heuristic_v1","2026-09-17","2026-09-17","2026-09-18 14:10:06 UTC","George Soriano","138","St. Louis Cardinals","P","Pitcher","Active","active",TRUE,TRUE,"pitcher_unspecified",2026-09-18,"baseballr_mlb_rosters_active_v1",TRUE,"workload_plus_baseballr_active_roster_v1",0.38287709009009,0.738,0.35,0.38287709009009,1,71.6,"L",2,"sabrhood_reliever_selector_v1","recent_appearance_proxy",3,"availability_role_matchup_performance_v1","exact_mlbam_id",2026-09-18,"baseballr_active_roster_then_workload_selector_v2"
"666277","George Soriano","St. Louis Cardinals","R","2026-09-13",0,0,49,0,0,4,"reliever",1,1,"available","sabrhood_workload_heuristic_v1","2026-09-17","2026-09-17","2026-09-18 14:10:06 UTC","George Soriano","138","St. Louis Cardinals","P","Pitcher","Active","active",TRUE,TRUE,"pitcher_unspecified",2026-09-18,"baseballr_mlb_rosters_active_v1",TRUE,"workload_plus_baseballr_active_roster_v1",0.38287709009009,0.738,0.7,0.38287709009009,1,78.6,"R",2,"sabrhood_reliever_selector_v1","recent_appearance_proxy",1,"availability_role_matchup_performance_v1","exact_mlbam_id",2026-09-18,"baseballr_active_roster_then_workload_selector_v2"
"592773","Ryne Stanek","St. Louis Cardinals","R","2026-09-14",0,26,48,1,0,3,"reliever",1,0.855555555555556,"available","sabrhood_workload_heuristic_v1","2026-09-17","2026-09-17","2026-09-18 14:10:06 UTC","Ryne Stanek","138","St. Louis Cardinals","P","Pitcher","Active","active",TRUE,TRUE,"pitcher_unspecified",2026-09-18,"baseballr_mlb_rosters_active_v1",TRUE,"workload_plus_baseballr_active_roster_v1",0.505932612612613,0.72,0.7,0.505932612612613,1,75.9,"R",2,"sabrhood_reliever_selector_v1","recent_appearance_proxy",2,"availability_role_matchup_performance_v1","exact_mlbam_id",2026-09-18,"baseballr_active_roster_then_workload_selector_v2"
"687309","Cooper Hjerpe","St. Louis Cardinals","L","2026-09-12",0,0,52,0,0,5,"reliever",0.1,1,"available","sabrhood_workload_heuristic_v1","2026-09-17","2026-09-17","2026-09-18 14:10:06 UTC","Cooper Hjerpe","138","St. Louis Cardinals","P","Pitcher","Active","active",TRUE,TRUE,"pitcher_unspecified",2026-09-18,"baseballr_mlb_rosters_active_v1",TRUE,"workload_plus_baseballr_active_roster_v1",0.5,0,0.4,0.5,1,75.5,"R",2,"sabrhood_reliever_selector_v1","recent_appearance_proxy",3,"availability_role_matchup_performance_v1","exact_mlbam_id",2026-09-18,"baseballr_active_roster_then_workload_selector_v2"
"571927","Steven Matz","Tampa Bay Rays","L","2026-09-13",0,0,10,0,0,4,"hybrid",0.312,1,"available","sabrhood_workload_heuristic_v1","2026-09-17","2026-09-17","2026-09-18 14:10:06 UTC","Steven Matz","139","Tampa Bay Rays","P","Pitcher","Active","active",TRUE,TRUE,"pitcher_unspecified",2026-09-18,"baseballr_mlb_rosters_active_v1",TRUE,"workload_plus_baseballr_active_roster_v1",0.401507135135135,0.764,1,0.401507135135135,0.85,82.8,"L",2,"sabrhood_reliever_selector_v1","recent_appearance_proxy",1,"availability_role_matchup_performance_v1","exact_mlbam_id",2026-09-18,"baseballr_active_roster_then_workload_selector_v2"
"641329","Bryan Baker","Tampa Bay Rays","R","2026-09-15",0,7,42,1,0,2,"reliever",1,0.961111111111111,"available","sabrhood_workload_heuristic_v1","2026-09-17","2026-09-17","2026-09-18 14:10:06 UTC","Bryan Baker","139","Tampa Bay Rays","P","Pitcher","Active","active",TRUE,TRUE,"pitcher_unspecified",2026-09-18,"baseballr_mlb_rosters_active_v1",TRUE,"workload_plus_baseballr_active_roster_v1",0.785050378378378,0.698,0.35,0.785050378378378,1,80.1,"L",2,"sabrhood_reliever_selector_v1","recent_appearance_proxy",2,"availability_role_matchup_performance_v1","exact_mlbam_id",2026-09-18,"baseballr_active_roster_then_workload_selector_v2"
"811315","Brody Hopkins","Tampa Bay Rays","R","2026-09-13",0,0,22,0,0,4,"reliever",0.1,1,"available","sabrhood_workload_heuristic_v1","2026-09-17","2026-09-17","2026-09-18 14:10:06 UTC","Brody Hopkins","139","Tampa Bay Rays","P","Pitcher","Active","active",TRUE,TRUE,"pitcher_unspecified",2026-09-18,"baseballr_mlb_rosters_active_v1",TRUE,"workload_plus_baseballr_active_roster_v1",0.5,0,0.35,0.5,1,74.5,"L",2,"sabrhood_reliever_selector_v1","recent_appearance_proxy",3,"availability_role_matchup_performance_v1","exact_mlbam_id",2026-09-18,"baseballr_active_roster_then_workload_selector_v2"
"641329","Bryan Baker","Tampa Bay Rays","R","2026-09-15",0,7,42,1,0,2,"reliever",1,0.961111111111111,"available","sabrhood_workload_heuristic_v1","2026-09-17","2026-09-17","2026-09-18 14:10:06 UTC","Bryan Baker","139","Tampa Bay Rays","P","Pitcher","Active","active",TRUE,TRUE,"pitcher_unspecified",2026-09-18,"baseballr_mlb_rosters_active_v1",TRUE,"workload_plus_baseballr_active_roster_v1",0.785050378378378,0.698,0.7,0.785050378378378,1,87.1,"R",2,"sabrhood_reliever_selector_v1","recent_appearance_proxy",1,"availability_role_matchup_performance_v1","exact_mlbam_id",2026-09-18,"baseballr_active_roster_then_workload_selector_v2"
"811315","Brody Hopkins","Tampa Bay Rays","R","2026-09-13",0,0,22,0,0,4,"reliever",0.1,1,"available","sabrhood_workload_heuristic_v1","2026-09-17","2026-09-17","2026-09-18 14:10:06 UTC","Brody Hopkins","139","Tampa Bay Rays","P","Pitcher","Active","active",TRUE,TRUE,"pitcher_unspecified",2026-09-18,"baseballr_mlb_rosters_active_v1",TRUE,"workload_plus_baseballr_active_roster_v1",0.5,0,0.7,0.5,1,81.5,"R",2,"sabrhood_reliever_selector_v1","recent_appearance_proxy",2,"availability_role_matchup_performance_v1","exact_mlbam_id",2026-09-18,"baseballr_active_roster_then_workload_selector_v2"
"694494","Ty Johnson","Tampa Bay Rays","R","2026-09-15",0,16,41,1,0,2,"reliever",0.2,0.911111111111111,"available","sabrhood_workload_heuristic_v1","2026-09-17","2026-09-17","2026-09-18 14:10:06 UTC","Ty Johnson","139","Tampa Bay Rays","P","Pitcher","Active","active",TRUE,TRUE,"pitcher_unspecified",2026-09-18,"baseballr_mlb_rosters_active_v1",TRUE,"workload_plus_baseballr_active_roster_v1",0.5,0,0.7,0.5,1,77.9,"R",2,"sabrhood_reliever_selector_v1","recent_appearance_proxy",3,"availability_role_matchup_performance_v1","exact_mlbam_id",2026-09-18,"baseballr_active_roster_then_workload_selector_v2"
"656641","Jacob Latz","Texas Rangers","L","2026-09-15",0,27,66,1,0,2,"reliever",0.964,0.85,"available","sabrhood_workload_heuristic_v1","2026-09-17","2026-09-17","2026-09-18 14:10:06 UTC","Jacob Latz","140","Texas Rangers","P","Pitcher","Active","active",TRUE,TRUE,"pitcher_unspecified",2026-09-18,"baseballr_mlb_rosters_active_v1",TRUE,"workload_plus_baseballr_active_roster_v1",0.762126288288288,0.718,1,0.762126288288288,1,88.1,"L",2,"sabrhood_reliever_selector_v1","recent_appearance_proxy",1,"availability_role_matchup_performance_v1","exact_mlbam_id",2026-09-18,"baseballr_active_roster_then_workload_selector_v2"
"641302","Tyler Alexander","Texas Rangers","L","2026-09-15",0,11,35,1,0,2,"reliever",0.855,0.938888888888889,"available","sabrhood_workload_heuristic_v1","2026-09-17","2026-09-17","2026-09-18 14:10:06 UTC","Tyler Alexander","140","Texas Rangers","P","Pitcher","Active","active",TRUE,TRUE,"pitcher_unspecified",2026-09-18,"baseballr_mlb_rosters_active_v1",TRUE,"workload_plus_baseballr_active_roster_v1",0.600223067567568,0.743,1,0.600223067567568,1,87.6,"L",2,"sabrhood_reliever_selector_v1","recent_appearance_proxy",2,"availability_role_matchup_performance_v1","exact_mlbam_id",2026-09-18,"baseballr_active_roster_then_workload_selector_v2"
"656756","Jordan Montgomery","Texas Rangers","L","2026-09-11",0,0,24,0,0,6,"reliever",0.45,1,"available","sabrhood_workload_heuristic_v1","2026-09-17","2026-09-17","2026-09-18 14:10:06 UTC","Jordan Montgomery","140","Texas Rangers","P","Pitcher","Active","active",TRUE,TRUE,"pitcher_unspecified",2026-09-18,"baseballr_mlb_rosters_active_v1",TRUE,"workload_plus_baseballr_active_roster_v1",0.407067301801802,0.429,1,0.407067301801802,1,85.2,"L",2,"sabrhood_reliever_selector_v1","recent_appearance_proxy",3,"availability_role_matchup_performance_v1","exact_mlbam_id",2026-09-18,"baseballr_active_roster_then_workload_selector_v2"
"615698","Cal Quantrill","Texas Rangers","R","2026-09-13",0,0,70,0,0,4,"hybrid",0.097,1,"available","sabrhood_workload_heuristic_v1","2026-09-17","2026-09-17","2026-09-18 14:10:06 UTC","Cal Quantrill","140","Texas Rangers","P","Pitcher","Active","active",TRUE,TRUE,"pitcher_unspecified",2026-09-18,"baseballr_mlb_rosters_active_v1",TRUE,"workload_plus_baseballr_active_roster_v1",0.599515153153153,0.814,0.7,0.599515153153153,0.85,81.7,"R",2,"sabrhood_reliever_selector_v1","recent_appearance_proxy",1,"availability_role_matchup_performance_v1","exact_mlbam_id",2026-09-18,"baseballr_active_roster_then_workload_selector_v2"
"592866","Trevor Williams","Texas Rangers","R","2026-09-09",0,0,0,0,0,8,"reliever",0.5,1,"available","sabrhood_workload_heuristic_v1","2026-09-17","2026-09-17","2026-09-18 14:10:06 UTC","Trevor Williams","140","Texas Rangers","P","Pitcher","Active","active",TRUE,TRUE,"pitcher_unspecified",2026-09-18,"baseballr_mlb_rosters_active_v1",TRUE,"workload_plus_baseballr_active_roster_v1",0.496970495495496,0.49,0.7,0.496970495495496,1,81.4,"R",2,"sabrhood_reliever_selector_v1","recent_appearance_proxy",2,"availability_role_matchup_performance_v1","exact_mlbam_id",2026-09-18,"baseballr_active_roster_then_workload_selector_v2"
"681217","Chase Silseth","Texas Rangers","R","2026-09-15",0,20,39,1,0,2,"reliever",1,0.888888888888889,"available","sabrhood_workload_heuristic_v1","2026-09-17","2026-09-17","2026-09-18 14:10:06 UTC","Chase Silseth","140","Texas Rangers","P","Pitcher","Active","active",TRUE,TRUE,"pitcher_unspecified",2026-09-18,"baseballr_mlb_rosters_active_v1",TRUE,"workload_plus_baseballr_active_roster_v1",0.618825567567567,0.713,0.7,0.618825567567567,1,80,"R",2,"sabrhood_reliever_selector_v1","recent_appearance_proxy",3,"availability_role_matchup_performance_v1","exact_mlbam_id",2026-09-18,"baseballr_active_roster_then_workload_selector_v2"
"689254","Mason Fluharty","Toronto Blue Jays","L","2026-09-16",11,11,37,1,1,1,"reliever",0.899,0.635555555555556,"monitor","sabrhood_workload_heuristic_v1","2026-09-17","2026-09-17","2026-09-18 14:10:06 UTC","Mason Fluharty","141","Toronto Blue Jays","P","Pitcher","Active","active",TRUE,TRUE,"pitcher_unspecified",2026-09-18,"baseballr_mlb_rosters_active_v1",TRUE,"workload_plus_baseballr_active_roster_v1",0.730784083333333,0.717,1,0.730784083333333,1,78.7,"L",2,"sabrhood_reliever_selector_v1","recent_appearance_proxy",1,"availability_role_matchup_performance_v1","exact_mlbam_id",2026-09-18,"baseballr_active_roster_then_workload_selector_v2"
"643511","Tyler Rogers","Toronto Blue Jays","R","2026-09-13",0,0,23,0,0,4,"reliever",1,1,"available","sabrhood_workload_heuristic_v1","2026-09-17","2026-09-17","2026-09-18 14:10:06 UTC","Tyler Rogers","141","Toronto Blue Jays","P","Pitcher","Active","active",TRUE,TRUE,"pitcher_unspecified",2026-09-18,"baseballr_mlb_rosters_active_v1",TRUE,"workload_plus_baseballr_active_roster_v1",0.66113827027027,0.734,0.35,0.66113827027027,1,78.5,"L",2,"sabrhood_reliever_selector_v1","recent_appearance_proxy",2,"availability_role_matchup_performance_v1","exact_mlbam_id",2026-09-18,"baseballr_active_roster_then_workload_selector_v2"
"663893","Brendon Little","Toronto Blue Jays","L","2026-09-15",0,15,29,1,0,2,"reliever",1,0.916666666666667,"available","sabrhood_workload_heuristic_v1","2026-09-17","2026-09-17","2026-09-18 14:10:06 UTC","Brendon Little","141","Toronto Blue Jays","P","Pitcher","Active","active",TRUE,TRUE,"pitcher_unspecified",2026-09-18,"baseballr_mlb_rosters_active_v1",TRUE,"workload_plus_baseballr_active_roster_v1",0.262633157657658,0.537,1,0.262633157657658,1,78.2,"L",2,"sabrhood_reliever_selector_v1","recent_appearance_proxy",3,"availability_role_matchup_performance_v1","exact_mlbam_id",2026-09-18,"baseballr_active_roster_then_workload_selector_v2"
"643511","Tyler Rogers","Toronto Blue Jays","R","2026-09-13",0,0,23,0,0,4,"reliever",1,1,"available","sabrhood_workload_heuristic_v1","2026-09-17","2026-09-17","2026-09-18 14:10:06 UTC","Tyler Rogers","141","Toronto Blue Jays","P","Pitcher","Active","active",TRUE,TRUE,"pitcher_unspecified",2026-09-18,"baseballr_mlb_rosters_active_v1",TRUE,"workload_plus_baseballr_active_roster_v1",0.66113827027027,0.734,0.7,0.66113827027027,1,85.5,"R",2,"sabrhood_reliever_selector_v1","recent_appearance_proxy",1,"availability_role_matchup_performance_v1","exact_mlbam_id",2026-09-18,"baseballr_active_roster_then_workload_selector_v2"
"623149","Paul Sewald","Toronto Blue Jays","R","2026-09-14",0,7,32,1,0,3,"reliever",1,0.961111111111111,"available","sabrhood_workload_heuristic_v1","2026-09-17","2026-09-17","2026-09-18 14:10:06 UTC","Paul Sewald","141","Toronto Blue Jays","P","Pitcher","Active","active",TRUE,TRUE,"pitcher_unspecified",2026-09-18,"baseballr_mlb_rosters_active_v1",TRUE,"workload_plus_baseballr_active_roster_v1",0.461044454954955,0.673,0.7,0.461044454954955,1,79,"R",2,"sabrhood_reliever_selector_v1","recent_appearance_proxy",2,"availability_role_matchup_performance_v1","exact_mlbam_id",2026-09-18,"baseballr_active_roster_then_workload_selector_v2"
"680755","Braydon Fisher","Toronto Blue Jays","R","2026-09-15",0,25,56,1,0,2,"reliever",0.726,0.861111111111111,"available","sabrhood_workload_heuristic_v1","2026-09-17","2026-09-17","2026-09-18 14:10:06 UTC","Braydon Fisher","141","Toronto Blue Jays","P","Pitcher","Active","active",TRUE,TRUE,"pitcher_unspecified",2026-09-18,"baseballr_mlb_rosters_active_v1",TRUE,"workload_plus_baseballr_active_roster_v1",0.619193716216216,0.749,0.7,0.619193716216216,1,78.9,"R",2,"sabrhood_reliever_selector_v1","recent_appearance_proxy",3,"availability_role_matchup_performance_v1","exact_mlbam_id",2026-09-18,"baseballr_active_roster_then_workload_selector_v2"
"680899","Erik Tolman","Washington Nationals","L","2026-09-15",0,13,63,1,0,2,"reliever",0.5,0.927777777777778,"available","sabrhood_workload_heuristic_v1","2026-09-17","2026-09-17","2026-09-18 14:10:06 UTC","Erik Tolman","120","Washington Nationals","P","Pitcher","Active","active",TRUE,TRUE,"pitcher_unspecified",2026-09-18,"baseballr_mlb_rosters_active_v1",TRUE,"workload_plus_baseballr_active_roster_v1",0.5,0,1,0.5,1,84.6,"L",2,"sabrhood_reliever_selector_v1","recent_appearance_proxy",1,"availability_role_matchup_performance_v1","exact_mlbam_id",2026-09-18,"baseballr_active_roster_then_workload_selector_v2"
"695378","Jack Sinclair","Washington Nationals","R","2026-09-13",0,0,33,0,0,4,"reliever",0.25,1,"available","sabrhood_workload_heuristic_v1","2026-09-17","2026-09-17","2026-09-18 14:10:06 UTC","Jack Sinclair","120","Washington Nationals","P","Pitcher","Active","active",TRUE,TRUE,"pitcher_unspecified",2026-09-18,"baseballr_mlb_rosters_active_v1",TRUE,"workload_plus_baseballr_active_roster_v1",0.5,0,0.35,0.5,1,74.5,"L",2,"sabrhood_reliever_selector_v1","recent_appearance_proxy",2,"availability_role_matchup_performance_v1","exact_mlbam_id",2026-09-18,"baseballr_active_roster_then_workload_selector_v2"
"695418","Brad Lord","Washington Nationals","R","2026-09-15",0,6,27,1,0,2,"reliever",0.737,0.966666666666667,"available","sabrhood_workload_heuristic_v1","2026-09-17","2026-09-17","2026-09-18 14:10:06 UTC","Brad Lord","120","Washington Nationals","P","Pitcher","Active","active",TRUE,TRUE,"pitcher_unspecified",2026-09-18,"baseballr_mlb_rosters_active_v1",TRUE,"workload_plus_baseballr_active_roster_v1",0.55323590990991,0.771,0.35,0.55323590990991,1,74.5,"L",2,"sabrhood_reliever_selector_v1","recent_appearance_proxy",3,"availability_role_matchup_performance_v1","exact_mlbam_id",2026-09-18,"baseballr_active_roster_then_workload_selector_v2"
"695378","Jack Sinclair","Washington Nationals","R","2026-09-13",0,0,33,0,0,4,"reliever",0.25,1,"available","sabrhood_workload_heuristic_v1","2026-09-17","2026-09-17","2026-09-18 14:10:06 UTC","Jack Sinclair","120","Washington Nationals","P","Pitcher","Active","active",TRUE,TRUE,"pitcher_unspecified",2026-09-18,"baseballr_mlb_rosters_active_v1",TRUE,"workload_plus_baseballr_active_roster_v1",0.5,0,0.7,0.5,1,81.5,"R",2,"sabrhood_reliever_selector_v1","recent_appearance_proxy",1,"availability_role_matchup_performance_v1","exact_mlbam_id",2026-09-18,"baseballr_active_roster_then_workload_selector_v2"
"695418","Brad Lord","Washington Nationals","R","2026-09-15",0,6,27,1,0,2,"reliever",0.737,0.966666666666667,"available","sabrhood_workload_heuristic_v1","2026-09-17","2026-09-17","2026-09-18 14:10:06 UTC","Brad Lord","120","Washington Nationals","P","Pitcher","Active","active",TRUE,TRUE,"pitcher_unspecified",2026-09-18,"baseballr_mlb_rosters_active_v1",TRUE,"workload_plus_baseballr_active_roster_v1",0.55323590990991,0.771,0.7,0.55323590990991,1,81.5,"R",2,"sabrhood_reliever_selector_v1","recent_appearance_proxy",2,"availability_role_matchup_performance_v1","exact_mlbam_id",2026-09-18,"baseballr_active_roster_then_workload_selector_v2"
"680899","Erik Tolman","Washington Nationals","L","2026-09-15",0,13,63,1,0,2,"reliever",0.5,0.927777777777778,"available","sabrhood_workload_heuristic_v1","2026-09-17","2026-09-17","2026-09-18 14:10:06 UTC","Erik Tolman","120","Washington Nationals","P","Pitcher","Active","active",TRUE,TRUE,"pitcher_unspecified",2026-09-18,"baseballr_mlb_rosters_active_v1",TRUE,"workload_plus_baseballr_active_roster_v1",0.5,0,0.4,0.5,1,72.6,"R",2,"sabrhood_reliever_selector_v1","recent_appearance_proxy",3,"availability_role_matchup_performance_v1","exact_mlbam_id",2026-09-18,"baseballr_active_roster_then_workload_selector_v2"
