"runner_id","runner_name","opportunity_type","opportunities","attempts","successes","observed_rate","observed_success_rate","league_rate","league_success_rate","shrunk_rate","shrunk_success_rate","reliability","profile_status"
"457705","Andrew McCutchen","double_first_scores",1,1,0,0,0,0.41339590443686,0.41339590443686,0.40191268486917,0.391638225255973,0.0277777777777778,"league-shrunk"
"457705","Andrew McCutchen","first_to_second_on_out",4,4,0,0,0,0.249688314632211,0.249688314632211,0.224079256721215,0.204290439244536,0.102564102564103,"league-shrunk"
"457705","Andrew McCutchen","ground_ball_double_play",7,7,2,0.285714285714286,0.285714285714286,0.204819277108434,0.204819277108434,0.218301778542742,0.227469879518072,0.166666666666667,"league-shrunk"
"457705","Andrew McCutchen","second_to_third_on_out",3,3,3,1,1,0.477532255672549,0.477532255672549,0.518779709172085,0.552170504862185,0.0789473684210526,"league-shrunk"
"457705","Andrew McCutchen","single_first_to_third",5,5,1,0.2,0.2,0.344619833714905,0.344619833714905,0.326542354500542,0.313180739429056,0.125,"league-shrunk"
"457705","Andrew McCutchen","single_second_scores",2,2,1,0.5,0.5,0.617619711761971,0.617619711761971,0.611261889504567,0.605857740585774,0.0540540540540541,"league-shrunk"
"457705","Andrew McCutchen","steal_second",21,0,0,0,,0.0647077913972589,0.881944444444444,0.0404423696232868,0.881944444444444,0.375,"league-shrunk"
"457705","Andrew McCutchen","steal_third",9,0,0,0,,0.0135036339397067,0.853503184713376,0.010741526997494,0.853503184713376,0.204545454545455,"league-shrunk"
"467793","Carlos Santana","ground_ball_double_play",2,2,1,0.5,0.5,0.204819277108434,0.204819277108434,0.220774991859329,0.23433734939759,0.0540540540540541,"league-shrunk"
"467793","Carlos Santana","steal_second",1,0,0,0,,0.0647077913972589,0.881944444444444,0.062910352747335,0.881944444444444,0.0277777777777778,"league-shrunk"
"500743","Miguel Rojas","double_first_scores",2,2,0,0,0,0.41339590443686,0.41339590443686,0.391050179872706,0.372056313993174,0.0540540540540541,"league-shrunk"
"500743","Miguel Rojas","first_to_second_on_out",17,17,5,0.294117647058824,0.294117647058824,0.249688314632211,0.249688314632211,0.264213288694758,0.271268276096566,0.326923076923077,"league-shrunk"
"500743","Miguel Rojas","ground_ball_double_play",30,30,9,0.3,0.3,0.204819277108434,0.204819277108434,0.248748841519926,0.264307228915663,0.461538461538462,"player signal"
"500743","Miguel Rojas","sac_fly_scores",1,1,0,0,0,0.593270173146031,0.593270173146031,0.576790446114197,0.562045427190976,0.0277777777777778,"league-shrunk"
"500743","Miguel Rojas","second_to_third_on_out",17,17,4,0.235294117647059,0.235294117647059,0.477532255672549,0.477532255672549,0.398339018241139,0.35987373148874,0.326923076923077,"league-shrunk"
"500743","Miguel Rojas","single_first_to_third",11,11,4,0.363636363636364,0.363636363636364,0.344619833714905,0.344619833714905,0.34916726478308,0.351833000236838,0.239130434782609,"league-shrunk"
"500743","Miguel Rojas","single_second_scores",8,8,7,0.875,0.875,0.617619711761971,0.617619711761971,0.665504416550442,0.696813646604442,0.186046511627907,"league-shrunk"
"500743","Miguel Rojas","steal_second",56,1,0,0.0178571428571429,0,0.0647077913972589,0.881944444444444,0.0358766230648798,0.835526315789474,0.615384615384615,"player signal"
"500743","Miguel Rojas","steal_third",41,0,0,0,,0.0135036339397067,0.853503184713376,0.00621877878802282,0.853503184713376,0.539473684210526,"player signal"
"502054","Tommy Pham","double_first_scores",1,1,1,1,1,0.41339590443686,0.41339590443686,0.429690462646947,0.444269804203341,0.0277777777777778,"league-shrunk"
"502671","Paul Goldschmidt","double_first_scores",3,3,0,0,0,0.41339590443686,0.41339590443686,0.380759385665529,0.354339346660166,0.0789473684210526,"league-shrunk"
"502671","Paul Goldschmidt","first_to_second_on_out",15,15,2,0.133333333333333,0.133333333333333,0.249688314632211,0.249688314632211,0.214781820242548,0.196799686769085,0.3,"league-shrunk"
"502671","Paul Goldschmidt","ground_ball_double_play",22,22,4,0.181818181818182,0.181818181818182,0.204819277108434,0.204819277108434,0.195941661382372,0.192168674698795,0.385964912280702,"league-shrunk"
"502671","Paul Goldschmidt","sac_fly_scores",2,2,1,0.5,0.5,0.593270173146031,0.593270173146031,0.588228542165164,0.583943155831428,0.0540540540540541,"league-shrunk"
"502671","Paul Goldschmidt","second_to_third_on_out",10,10,4,0.4,0.4,0.477532255672549,0.477532255672549,0.460302865523094,0.449842164360925,0.222222222222222,"league-shrunk"
"502671","Paul Goldschmidt","single_first_to_third",20,20,4,0.2,0.2,0.344619833714905,0.344619833714905,0.292030803273122,0.268504131759692,0.363636363636364,"league-shrunk"
"502671","Paul Goldschmidt","single_second_scores",8,8,4,0.5,0.5,0.617619711761971,0.617619711761971,0.595736974689977,0.581429031219826,0.186046511627907,"league-shrunk"
"502671","Paul Goldschmidt","steal_second",74,0,0,0,,0.0647077913972589,0.881944444444444,0.0207777311826061,0.881944444444444,0.678899082568807,"player signal"
"502671","Paul Goldschmidt","steal_third",45,1,1,0.0222222222222222,1,0.0135036339397067,0.853503184713376,0.0184078398486217,0.861213543412672,0.5625,"player signal"
"506702","Sandy León","first_to_second_on_out",1,1,0,0,0,0.249688314632211,0.249688314632211,0.24275252811465,0.236546824388411,0.0277777777777778,"league-shrunk"
"506702","Sandy León","ground_ball_double_play",1,1,0,0,0,0.204819277108434,0.204819277108434,0.199129852744311,0.194039315155358,0.0277777777777778,"league-shrunk"
"506702","Sandy León","single_first_to_third",1,1,0,0,0,0.344619833714905,0.344619833714905,0.335047060556158,0.32648194772991,0.0277777777777778,"league-shrunk"
"506702","Sandy León","steal_second",4,0,0,0,,0.0647077913972589,0.881944444444444,0.0580710948436939,0.881944444444444,0.102564102564103,"league-shrunk"
"506702","Sandy León","steal_third",2,0,0,0,,0.0135036339397067,0.853503184713376,0.0127737077808036,0.853503184713376,0.0540540540540541,"league-shrunk"
"514888","Jose Altuve","double_first_scores",7,7,3,0.428571428571429,0.428571428571429,0.41339590443686,0.41339590443686,0.415925158459288,0.417645051194539,0.166666666666667,"league-shrunk"
"514888","Jose Altuve","first_to_second_on_out",13,13,1,0.0769230769230769,0.0769230769230769,0.249688314632211,0.249688314632211,0.202897729419321,0.177238376238058,0.270833333333333,"league-shrunk"
"514888","Jose Altuve","ground_ball_double_play",31,31,8,0.258064516129032,0.258064516129032,0.204819277108434,0.204819277108434,0.2298284045272,0.238505040570445,0.46969696969697,"player signal"
"514888","Jose Altuve","sac_fly_scores",9,9,5,0.555555555555556,0.555555555555556,0.593270173146031,0.593270173146031,0.585555819547979,0.580698633949206,0.204545454545455,"league-shrunk"
"514888","Jose Altuve","second_to_third_on_out",22,22,6,0.272727272727273,0.272727272727273,0.477532255672549,0.477532255672549,0.398484718395425,0.364889515052647,0.385964912280702,"league-shrunk"
"514888","Jose Altuve","single_first_to_third",25,25,11,0.44,0.44,0.344619833714905,0.344619833714905,0.384361569667028,0.400073418764379,0.416666666666667,"player signal"
"514888","Jose Altuve","single_second_scores",14,14,9,0.642857142857143,0.642857142857143,0.617619711761971,0.617619711761971,0.624830406360592,0.628661087866109,0.285714285714286,"league-shrunk"
"514888","Jose Altuve","steal_second",107,3,3,0.0280373831775701,1,0.0647077913972589,0.881944444444444,0.0370758640767892,0.898809523809524,0.753521126760563,"player signal"
"514888","Jose Altuve","steal_third",62,0,0,0,,0.0135036339397067,0.853503184713376,0.00487244523597665,0.853503184713376,0.639175257731959,"player signal"
"516782","Starling Marte","double_first_scores",1,1,0,0,0,0.41339590443686,0.41339590443686,0.40191268486917,0.391638225255973,0.0277777777777778,"league-shrunk"
"516782","Starling Marte","first_to_second_on_out",7,7,1,0.142857142857143,0.142857142857143,0.249688314632211,0.249688314632211,0.231883119336367,0.219775586535192,0.166666666666667,"league-shrunk"
"516782","Starling Marte","ground_ball_double_play",11,11,2,0.181818181818182,0.181818181818182,0.204819277108434,0.204819277108434,0.1993190151912,0.196094723722476,0.239130434782609,"league-shrunk"
"516782","Starling Marte","sac_fly_scores",1,1,1,1,1,0.593270173146031,0.593270173146031,0.604568223891974,0.614677006138345,0.0277777777777778,"league-shrunk"
"516782","Starling Marte","second_to_third_on_out",8,8,4,0.5,0.5,0.477532255672549,0.477532255672549,0.481712301128819,0.484445407773303,0.186046511627907,"league-shrunk"
"516782","Starling Marte","single_first_to_third",8,8,3,0.375,0.375,0.344619833714905,0.344619833714905,0.350271957674923,0.353967577187242,0.186046511627907,"league-shrunk"
"516782","Starling Marte","single_second_scores",4,4,2,0.5,0.5,0.617619711761971,0.617619711761971,0.605556151581256,0.596234309623431,0.102564102564103,"league-shrunk"
"516782","Starling Marte","steal_second",44,0,0,0,,0.0647077913972589,0.881944444444444,0.0286680088468869,0.881944444444444,0.556962025316456,"player signal"
"516782","Starling Marte","steal_third",18,1,1,0.0555555555555556,1,0.0135036339397067,0.853503184713376,0.027785418639429,0.861213543412672,0.339622641509434,"league-shrunk"
"518595","Travis d'Arnaud","double_first_scores",2,2,0,0,0,0.41339590443686,0.41339590443686,0.391050179872706,0.372056313993174,0.0540540540540541,"league-shrunk"
"518595","Travis d'Arnaud","first_to_second_on_out",3,3,1,0.333333333333333,0.333333333333333,0.249688314632211,0.249688314632211,0.256291868740195,0.261637603018086,0.0789473684210526,"league-shrunk"
"518595","Travis d'Arnaud","ground_ball_double_play",6,6,2,0.333333333333333,0.333333333333333,0.204819277108434,0.204819277108434,0.223626212165736,0.236947791164659,0.146341463414634,"league-shrunk"
"518595","Travis d'Arnaud","sac_fly_scores",1,1,1,1,1,0.593270173146031,0.593270173146031,0.604568223891974,0.614677006138345,0.0277777777777778,"league-shrunk"
"518595","Travis d'Arnaud","single_first_to_third",2,2,0,0,0,0.344619833714905,0.344619833714905,0.325991734595181,0.310157850343415,0.0540540540540541,"league-shrunk"
"518595","Travis d'Arnaud","single_second_scores",2,2,0,0,0,0.617619711761971,0.617619711761971,0.58423486247754,0.555857740585774,0.0540540540540541,"league-shrunk"
"518595","Travis d'Arnaud","steal_second",12,0,0,0,,0.0647077913972589,0.881944444444444,0.0481866531681715,0.881944444444444,0.25531914893617,"league-shrunk"
"518595","Travis d'Arnaud","steal_third",10,0,0,0,,0.0135036339397067,0.853503184713376,0.0105028263975497,0.853503184713376,0.222222222222222,"league-shrunk"
"518692","Freddie Freeman","double_first_scores",7,7,1,0.142857142857143,0.142857142857143,0.41339590443686,0.41339590443686,0.368306110840241,0.337645051194539,0.166666666666667,"league-shrunk"
"518692","Freddie Freeman","first_to_second_on_out",46,46,7,0.152173913043478,0.152173913043478,0.249688314632211,0.249688314632211,0.19430976558182,0.179599838490309,0.567901234567901,"player signal"
"518692","Freddie Freeman","ground_ball_double_play",71,71,13,0.183098591549296,0.183098591549296,0.204819277108434,0.204819277108434,0.19027051602637,0.18749153919047,0.669811320754717,"player signal"
"518692","Freddie Freeman","sac_fly_scores",13,13,8,0.615384615384615,0.615384615384615,0.593270173146031,0.593270173146031,0.599259501252314,0.602543971504147,0.270833333333333,"league-shrunk"
"518692","Freddie Freeman","second_to_third_on_out",33,33,15,0.454545454545455,0.454545454545455,0.477532255672549,0.477532255672549,0.466376896302047,0.462658443178547,0.485294117647059,"player signal"
"518692","Freddie Freeman","single_first_to_third",41,41,15,0.365853658536585,0.365853658536585,0.344619833714905,0.344619833714905,0.356074923421338,0.359375542489293,0.539473684210526,"player signal"
"518692","Freddie Freeman","single_second_scores",17,17,11,0.647058823529412,0.647058823529412,0.617619711761971,0.617619711761971,0.627244036762865,0.631918708906157,0.326923076923077,"league-shrunk"
"518692","Freddie Freeman","steal_second",186,6,6,0.032258064516129,1,0.0647077913972589,0.881944444444444,0.0373971615335025,0.911458333333333,0.841628959276018,"player signal"
"518692","Freddie Freeman","steal_third",98,0,0,0,,0.0135036339397067,0.853503184713376,0.00355358787887018,0.853503184713376,0.736842105263158,"player signal"
"519317","Giancarlo Stanton","double_first_scores",1,1,0,0,0,0.41339590443686,0.41339590443686,0.40191268486917,0.391638225255973,0.0277777777777778,"league-shrunk"
"519317","Giancarlo Stanton","first_to_second_on_out",2,2,1,0.5,0.5,0.249688314632211,0.249688314632211,0.263218676003443,0.27471948316899,0.0540540540540541,"league-shrunk"
"519317","Giancarlo Stanton","ground_ball_double_play",5,5,0,0,0,0.204819277108434,0.204819277108434,0.179216867469879,0.160293347302252,0.125,"league-shrunk"
"519317","Giancarlo Stanton","sac_fly_scores",1,1,0,0,0,0.593270173146031,0.593270173146031,0.576790446114197,0.562045427190976,0.0277777777777778,"league-shrunk"
"519317","Giancarlo Stanton","second_to_third_on_out",6,6,3,0.5,0.5,0.477532255672549,0.477532255672549,0.480820218257054,0.483149191754412,0.146341463414634,"league-shrunk"
"519317","Giancarlo Stanton","single_first_to_third",3,3,1,0.333333333333333,0.333333333333333,0.344619833714905,0.344619833714905,0.343728794211097,0.343007476517538,0.0789473684210526,"league-shrunk"
"519317","Giancarlo Stanton","single_second_scores",3,3,1,0.333333333333333,0.333333333333333,0.617619711761971,0.617619711761971,0.595176050307079,0.577007371986451,0.0789473684210526,"league-shrunk"
"519317","Giancarlo Stanton","steal_second",18,1,1,0.0555555555555556,1,0.0647077913972589,0.881944444444444,0.0615994848849823,0.888157894736842,0.339622641509434,"league-shrunk"
"519317","Giancarlo Stanton","steal_third",10,0,0,0,,0.0135036339397067,0.853503184713376,0.0105028263975497,0.853503184713376,0.222222222222222,"league-shrunk"
"521692","Salvador Perez","double_first_scores",9,9,1,0.111111111111111,0.111111111111111,0.41339590443686,0.41339590443686,0.351564923983866,0.31263430666161,0.204545454545455,"league-shrunk"
"521692","Salvador Perez","first_to_second_on_out",29,29,4,0.137931034482759,0.137931034482759,0.249688314632211,0.249688314632211,0.199048297064491,0.180731694965528,0.453125,"player signal"
"521692","Salvador Perez","ground_ball_double_play",49,49,13,0.26530612244898,0.26530612244898,0.204819277108434,0.204819277108434,0.240103270223752,0.249055925193311,0.583333333333333,"player signal"
"521692","Salvador Perez","sac_fly_scores",17,17,8,0.470588235294118,0.470588235294118,0.593270173146031,0.593270173146031,0.553162616540598,0.533681803332244,0.326923076923077,"league-shrunk"
"521692","Salvador Perez","second_to_third_on_out",19,19,6,0.315789473684211,0.315789473684211,0.477532255672549,0.477532255672549,0.420622758306282,0.394475151408267,0.351851851851852,"league-shrunk"
"521692","Salvador Perez","single_first_to_third",29,29,8,0.275862068965517,0.275862068965517,0.344619833714905,0.344619833714905,0.313463971562839,0.302194829933368,0.453125,"player signal"
"521692","Salvador Perez","single_second_scores",9,9,1,0.111111111111111,0.111111111111111,0.617619711761971,0.617619711761971,0.514015679810659,0.448783511545018,0.204545454545455,"league-shrunk"
"521692","Salvador Perez","steal_second",129,1,1,0.00775193798449612,1,0.0647077913972589,0.881944444444444,0.0199071506030735,0.888157894736842,0.786585365853659,"player signal"
"521692","Salvador Perez","steal_third",67,0,0,0,,0.0135036339397067,0.853503184713376,0.00463359988127191,0.853503184713376,0.656862745098039,"player signal"
"542303","Marcell Ozuna","double_first_scores",1,1,1,1,1,0.41339590443686,0.41339590443686,0.429690462646947,0.444269804203341,0.0277777777777778,"league-shrunk"
"542303","Marcell Ozuna","first_to_second_on_out",14,14,3,0.214285714285714,0.214285714285714,0.249688314632211,0.249688314632211,0.239573285961784,0.234199676980619,0.285714285714286,"league-shrunk"
"542303","Marcell Ozuna","ground_ball_double_play",27,27,8,0.296296296296296,0.296296296296296,0.204819277108434,0.204819277108434,0.244656043528955,0.259705488621151,0.435483870967742,"player signal"
"542303","Marcell Ozuna","sac_fly_scores",2,2,2,1,1,0.593270173146031,0.593270173146031,0.615255569192191,0.633943155831428,0.0540540540540541,"league-shrunk"
"542303","Marcell Ozuna","second_to_third_on_out",9,9,4,0.444444444444444,0.444444444444444,0.477532255672549,0.477532255672549,0.470764294284982,0.466502985263181,0.204545454545455,"league-shrunk"
"542303","Marcell Ozuna","single_first_to_third",12,12,2,0.166666666666667,0.166666666666667,0.344619833714905,0.344619833714905,0.299184982553653,0.27343856689561,0.25531914893617,"league-shrunk"
"542303","Marcell Ozuna","single_second_scores",3,3,0,0,0,0.617619711761971,0.617619711761971,0.568860260833394,0.529388324367404,0.0789473684210526,"league-shrunk"
"542303","Marcell Ozuna","steal_second",57,0,0,0,,0.0647077913972589,0.881944444444444,0.024617094553305,0.881944444444444,0.619565217391304,"player signal"
"542303","Marcell Ozuna","steal_third",36,0,0,0,,0.0135036339397067,0.853503184713376,0.00665672095619345,0.853503184713376,0.507042253521127,"player signal"
"543309","Kyle Higashioka","first_to_second_on_out",13,13,5,0.384615384615385,0.384615384615385,0.249688314632211,0.249688314632211,0.286231062752654,0.306270634302574,0.270833333333333,"league-shrunk"
"543309","Kyle Higashioka","ground_ball_double_play",20,20,6,0.3,0.3,0.204819277108434,0.204819277108434,0.239430449069003,0.254914394419784,0.363636363636364,"league-shrunk"
"543309","Kyle Higashioka","sac_fly_scores",3,3,2,0.666666666666667,0.666666666666667,0.593270173146031,0.593270173146031,0.599064633160818,0.603755386506121,0.0789473684210526,"league-shrunk"
"543309","Kyle Higashioka","second_to_third_on_out",13,13,7,0.538461538461538,0.538461538461538,0.477532255672549,0.477532255672549,0.494033936427901,0.503083245229222,0.270833333333333,"league-shrunk"
"543309","Kyle Higashioka","single_first_to_third",12,12,0,0,0,0.344619833714905,0.344619833714905,0.256631791064291,0.206771900228943,0.25531914893617,"league-shrunk"
"543309","Kyle Higashioka","single_second_scores",4,4,2,0.5,0.5,0.617619711761971,0.617619711761971,0.605556151581256,0.596234309623431,0.102564102564103,"league-shrunk"
"543309","Kyle Higashioka","steal_second",40,0,0,0,,0.0647077913972589,0.881944444444444,0.0301969693187208,0.881944444444444,0.533333333333333,"player signal"
"543309","Kyle Higashioka","steal_third",27,0,0,0,,0.0135036339397067,0.853503184713376,0.00762301915951185,0.853503184713376,0.435483870967742,"player signal"
"543510","James McCann","double_first_scores",3,3,1,0.333333333333333,0.333333333333333,0.41339590443686,0.41339590443686,0.407075175139213,0.401958394279213,0.0789473684210526,"league-shrunk"
"543510","James McCann","first_to_second_on_out",6,6,1,0.166666666666667,0.166666666666667,0.249688314632211,0.249688314632211,0.237538805173839,0.228932902640825,0.146341463414634,"league-shrunk"
"543510","James McCann","ground_ball_double_play",15,15,6,0.4,0.4,0.204819277108434,0.204819277108434,0.263373493975904,0.293537787513691,0.3,"league-shrunk"
"543510","James McCann","sac_fly_scores",2,2,2,1,1,0.593270173146031,0.593270173146031,0.615255569192191,0.633943155831428,0.0540540540540541,"league-shrunk"
"543510","James McCann","second_to_third_on_out",8,8,5,0.625,0.625,0.477532255672549,0.477532255672549,0.504968115082308,0.522906946234842,0.186046511627907,"league-shrunk"
"543510","James McCann","single_first_to_third",5,5,1,0.2,0.2,0.344619833714905,0.344619833714905,0.326542354500542,0.313180739429056,0.125,"league-shrunk"
"543510","James McCann","single_second_scores",2,2,1,0.5,0.5,0.617619711761971,0.617619711761971,0.611261889504567,0.605857740585774,0.0540540540540541,"league-shrunk"
"543510","James McCann","steal_second",31,0,0,0,,0.0647077913972589,0.881944444444444,0.0343147378621828,0.881944444444444,0.46969696969697,"player signal"
"543510","James McCann","steal_third",17,0,0,0,,0.0135036339397067,0.853503184713376,0.0090889843824949,0.853503184713376,0.326923076923077,"league-shrunk"
"543760","Marcus Semien","double_first_scores",5,5,2,0.4,0.4,0.41339590443686,0.41339590443686,0.411721416382253,0.410483751298412,0.125,"league-shrunk"
"543760","Marcus Semien","first_to_second_on_out",23,23,4,0.173913043478261,0.173913043478261,0.249688314632211,0.249688314632211,0.219639500209093,0.20718023569219,0.396551724137931,"league-shrunk"
"543760","Marcus Semien","ground_ball_double_play",40,40,7,0.175,0.175,0.204819277108434,0.204819277108434,0.188915662650602,0.184254258412962,0.533333333333333,"player signal"
"543760","Marcus Semien","sac_fly_scores",5,5,2,0.4,0.4,0.593270173146031,0.593270173146031,0.569111401502777,0.551254918114285,0.125,"league-shrunk"
"543760","Marcus Semien","second_to_third_on_out",10,10,2,0.2,0.2,0.477532255672549,0.477532255672549,0.41585842107865,0.378413592932353,0.222222222222222,"league-shrunk"
"543760","Marcus Semien","single_first_to_third",22,22,9,0.409090909090909,0.409090909090909,0.344619833714905,0.344619833714905,0.369503406667047,0.380078925171707,0.385964912280702,"league-shrunk"
"543760","Marcus Semien","single_second_scores",12,12,8,0.666666666666667,0.666666666666667,0.617619711761971,0.617619711761971,0.630142338546149,0.637238493723849,0.25531914893617,"league-shrunk"
"543760","Marcus Semien","steal_second",104,11,9,0.105769230769231,0.818181818181818,0.0647077913972589,0.881944444444444,0.095430019416576,0.857758620689655,0.748201438848921,"player signal"
"543760","Marcus Semien","steal_third",58,1,1,0.0172413793103448,1,0.0135036339397067,0.853503184713376,0.0158347009450509,0.861213543412672,0.623655913978495,"player signal"
"543807","George Springer","double_first_scores",6,6,4,0.666666666666667,0.666666666666667,0.41339590443686,0.41339590443686,0.45045991842171,0.476713594994312,0.146341463414634,"league-shrunk"
"543807","George Springer","first_to_second_on_out",25,25,3,0.12,0.12,0.249688314632211,0.249688314632211,0.19565151686879,0.174288131706507,0.416666666666667,"player signal"
"543807","George Springer","ground_ball_double_play",50,50,16,0.32,0.32,0.204819277108434,0.204819277108434,0.272572643515237,0.289510985116938,0.588235294117647,"player signal"
"543807","George Springer","sac_fly_scores",11,11,8,0.727272727272727,0.727272727272727,0.593270173146031,0.593270173146031,0.625314262176328,0.644098728159605,0.239130434782609,"league-shrunk"
"543807","George Springer","second_to_third_on_out",22,22,7,0.318181818181818,0.318181818181818,0.477532255672549,0.477532255672549,0.416028578044548,0.389889515052647,0.385964912280702,"league-shrunk"
"543807","George Springer","single_first_to_third",29,29,12,0.413793103448276,0.413793103448276,0.344619833714905,0.344619833714905,0.375963971562839,0.387301212912091,0.453125,"player signal"
"543807","George Springer","single_second_scores",9,9,4,0.444444444444444,0.444444444444444,0.617619711761971,0.617619711761971,0.582197497992477,0.559894622656129,0.204545454545455,"league-shrunk"
"543807","George Springer","steal_second",124,10,9,0.0806451612903226,0.9,0.0647077913972589,0.881944444444444,0.0771369352132331,0.888392857142857,0.779874213836478,"player signal"
"543807","George Springer","steal_third",69,1,1,0.0144927536231884,1,0.0135036339397067,0.853503184713376,0.0141598768066321,0.861213543412672,0.663461538461538,"player signal"
"543877","Christian Vázquez","first_to_second_on_out",15,15,3,0.2,0.2,0.249688314632211,0.249688314632211,0.234781820242548,0.227102717072115,0.3,"league-shrunk"
"543877","Christian Vázquez","ground_ball_double_play",20,20,1,0.05,0.05,0.204819277108434,0.204819277108434,0.148521358159912,0.123335447051363,0.363636363636364,"league-shrunk"
"543877","Christian Vázquez","sac_fly_scores",1,1,0,0,0,0.593270173146031,0.593270173146031,0.576790446114197,0.562045427190976,0.0277777777777778,"league-shrunk"
"543877","Christian Vázquez","second_to_third_on_out",7,7,0,0,0,0.477532255672549,0.477532255672549,0.397943546393791,0.343823224084235,0.166666666666667,"league-shrunk"
"543877","Christian Vázquez","single_first_to_third",18,18,7,0.388888888888889,0.388888888888889,0.344619833714905,0.344619833714905,0.359654607170221,0.366754361301897,0.339622641509434,"league-shrunk"
"543877","Christian Vázquez","single_second_scores",4,4,2,0.5,0.5,0.617619711761971,0.617619711761971,0.605556151581256,0.596234309623431,0.102564102564103,"league-shrunk"
"543877","Christian Vázquez","steal_second",60,1,1,0.0166666666666667,1,0.0647077913972589,0.881944444444444,0.0343660284095164,0.888157894736842,0.631578947368421,"player signal"
"543877","Christian Vázquez","steal_third",33,0,0,0,,0.0135036339397067,0.853503184713376,0.00695039982190786,0.853503184713376,0.485294117647059,"player signal"
"545121","Ildemaro Vargas","double_first_scores",4,4,3,0.75,0.75,0.41339590443686,0.41339590443686,0.447919401417695,0.474596649084704,0.102564102564103,"league-shrunk"
"545121","Ildemaro Vargas","first_to_second_on_out",37,37,4,0.108108108108108,0.108108108108108,0.249688314632211,0.249688314632211,0.17693181961288,0.154443448425087,0.513888888888889,"player signal"
"545121","Ildemaro Vargas","ground_ball_double_play",51,51,8,0.156862745098039,0.156862745098039,0.204819277108434,0.204819277108434,0.176379938358083,0.169373144752925,0.593023255813954,"player signal"
"545121","Ildemaro Vargas","sac_fly_scores",9,9,6,0.666666666666667,0.666666666666667,0.593270173146031,0.593270173146031,0.608283092275252,0.617735670986243,0.204545454545455,"league-shrunk"
"545121","Ildemaro Vargas","second_to_third_on_out",17,17,10,0.588235294117647,0.588235294117647,0.477532255672549,0.477532255672549,0.513723633625754,0.531302302917311,0.326923076923077,"league-shrunk"
"545121","Ildemaro Vargas","single_first_to_third",23,23,4,0.173913043478261,0.173913043478261,0.344619833714905,0.344619833714905,0.276925761724512,0.248857487972397,0.396551724137931,"league-shrunk"
"545121","Ildemaro Vargas","single_second_scores",12,12,7,0.583333333333333,0.583333333333333,0.617619711761971,0.617619711761971,0.608865742801468,0.603905160390516,0.25531914893617,"league-shrunk"
"545121","Ildemaro Vargas","steal_second",129,4,3,0.0310077519379845,0.75,0.0647077913972589,0.881944444444444,0.0381998335299028,0.857954545454545,0.786585365853659,"player signal"
"545121","Ildemaro Vargas","steal_third",70,0,0,0,,0.0135036339397067,0.853503184713376,0.00450121131323557,0.853503184713376,0.666666666666667,"player signal"
"545341","Randal Grichuk","double_first_scores",1,1,0,0,0,0.41339590443686,0.41339590443686,0.40191268486917,0.391638225255973,0.0277777777777778,"league-shrunk"
"545341","Randal Grichuk","first_to_second_on_out",10,10,2,0.2,0.2,0.249688314632211,0.249688314632211,0.238646466936164,0.23194248797785,0.222222222222222,"league-shrunk"
"545341","Randal Grichuk","ground_ball_double_play",19,19,2,0.105263157894737,0.105263157894737,0.204819277108434,0.204819277108434,0.169790272199911,0.153695864539238,0.351851851851852,"league-shrunk"
"545341","Randal Grichuk","sac_fly_scores",4,4,1,0.25,0.25,0.593270173146031,0.593270173146031,0.558062975900284,0.530857414392207,0.102564102564103,"league-shrunk"
"545341","Randal Grichuk","second_to_third_on_out",10,10,7,0.7,0.7,0.477532255672549,0.477532255672549,0.526969532189761,0.556985021503782,0.222222222222222,"league-shrunk"
"545341","Randal Grichuk","single_first_to_third",8,8,3,0.375,0.375,0.344619833714905,0.344619833714905,0.350271957674923,0.353967577187242,0.186046511627907,"league-shrunk"
"545341","Randal Grichuk","single_second_scores",8,8,5,0.625,0.625,0.617619711761971,0.617619711761971,0.618992788643465,0.619890569681365,0.186046511627907,"league-shrunk"
"545341","Randal Grichuk","steal_second",35,0,0,0,,0.0647077913972589,0.881944444444444,0.0323538956986295,0.881944444444444,0.5,"player signal"
"545341","Randal Grichuk","steal_third",41,0,0,0,,0.0135036339397067,0.853503184713376,0.00621877878802282,0.853503184713376,0.539473684210526,"player signal"
"545361","Mike Trout","double_first_scores",13,13,10,0.769230769230769,0.769230769230769,0.41339590443686,0.41339590443686,0.50976784698521,0.56261697676979,0.270833333333333,"league-shrunk"
"545361","Mike Trout","first_to_second_on_out",33,33,7,0.212121212121212,0.212121212121212,0.249688314632211,0.249688314632211,0.231457220766579,0.225380189478035,0.485294117647059,"player signal"
"545361","Mike Trout","ground_ball_double_play",73,73,17,0.232876712328767,0.232876712328767,0.204819277108434,0.204819277108434,0.223784024988844,0.227326889977492,0.675925925925926,"player signal"
"545361","Mike Trout","sac_fly_scores",8,8,6,0.75,0.75,0.593270173146031,0.593270173146031,0.622429210700258,0.641494735254944,0.186046511627907,"league-shrunk"
"545361","Mike Trout","second_to_third_on_out",23,23,8,0.347826086956522,0.347826086956522,0.477532255672549,0.477532255672549,0.426097050836883,0.404770258587948,0.396551724137931,"league-shrunk"
"545361","Mike Trout","single_first_to_third",33,33,11,0.333333333333333,0.333333333333333,0.344619833714905,0.344619833714905,0.339142561470907,0.337316804056241,0.485294117647059,"player signal"
"545361","Mike Trout","single_second_scores",9,9,3,0.333333333333333,0.333333333333333,0.617619711761971,0.617619711761971,0.559470225265204,0.522857585619092,0.204545454545455,"league-shrunk"
"545361","Mike Trout","steal_second",140,7,7,0.05,1,0.0647077913972589,0.881944444444444,0.0529415582794518,0.915,0.8,"player signal"
"545361","Mike Trout","steal_third",85,0,0,0,,0.0135036339397067,0.853503184713376,0.00393855989908112,0.853503184713376,0.708333333333333,"player signal"
"547180","Bryce Harper","double_first_scores",6,6,0,0,0,0.41339590443686,0.41339590443686,0.352898942811954,0.310046928327645,0.146341463414634,"league-shrunk"
"547180","Bryce Harper","first_to_second_on_out",31,31,8,0.258064516129032,0.258064516129032,0.249688314632211,0.249688314632211,0.253622591092839,0.254987544150608,0.46969696969697,"player signal"
"547180","Bryce Harper","ground_ball_double_play",67,67,23,0.343283582089552,0.343283582089552,0.204819277108434,0.204819277108434,0.295771320576423,0.313961729270021,0.656862745098039,"player signal"
"547180","Bryce Harper","sac_fly_scores",11,11,7,0.636363636363636,0.636363636363636,0.593270173146031,0.593270173146031,0.603575131741545,0.609615969538916,0.239130434782609,"league-shrunk"
"547180","Bryce Harper","second_to_third_on_out",32,32,16,0.5,0.5,0.477532255672549,0.477532255672549,0.488263118634914,0.491911612042118,0.477611940298507,"player signal"
"547180","Bryce Harper","single_first_to_third",40,40,17,0.425,0.425,0.344619833714905,0.344619833714905,0.387489255733623,0.400054431152902,0.533333333333333,"player signal"
"547180","Bryce Harper","single_second_scores",21,21,14,0.666666666666667,0.666666666666667,0.617619711761971,0.617619711761971,0.636012319851232,0.644029610556807,0.375,"league-shrunk"
"547180","Bryce Harper","steal_second",160,2,1,0.0125,0.5,0.0647077913972589,0.881944444444444,0.021870629225149,0.84375,0.82051282051282,"player signal"
"547180","Bryce Harper","steal_third",84,1,1,0.0119047619047619,1,0.0135036339397067,0.853503184713376,0.012375018385628,0.861213543412672,0.705882352941177,"player signal"
"553869","Elias Díaz","double_first_scores",1,1,0,0,0,0.41339590443686,0.41339590443686,0.40191268486917,0.391638225255973,0.0277777777777778,"league-shrunk"
"553869","Elias Díaz","first_to_second_on_out",10,10,3,0.3,0.3,0.249688314632211,0.249688314632211,0.260868689158387,0.267656773692136,0.222222222222222,"league-shrunk"
"553869","Elias Díaz","ground_ball_double_play",18,18,4,0.222222222222222,0.222222222222222,0.204819277108434,0.204819277108434,0.210729711298022,0.213520749665328,0.339622641509434,"league-shrunk"
"553869","Elias Díaz","sac_fly_scores",1,1,1,1,1,0.593270173146031,0.593270173146031,0.604568223891974,0.614677006138345,0.0277777777777778,"league-shrunk"
"553869","Elias Díaz","second_to_third_on_out",10,10,7,0.7,0.7,0.477532255672549,0.477532255672549,0.526969532189761,0.556985021503782,0.222222222222222,"league-shrunk"
"553869","Elias Díaz","single_first_to_third",5,5,0,0,0,0.344619833714905,0.344619833714905,0.301542354500542,0.269702478559491,0.125,"league-shrunk"
"553869","Elias Díaz","single_second_scores",4,4,2,0.5,0.5,0.617619711761971,0.617619711761971,0.605556151581256,0.596234309623431,0.102564102564103,"league-shrunk"
"553869","Elias Díaz","steal_second",32,0,0,0,,0.0647077913972589,0.881944444444444,0.033802577595583,0.881944444444444,0.477611940298507,"player signal"
"553869","Elias Díaz","steal_third",26,0,0,0,,0.0135036339397067,0.853503184713376,0.00774798668671696,0.853503184713376,0.426229508196721,"player signal"
"553993","Eugenio Suárez","double_first_scores",5,5,3,0.6,0.6,0.41339590443686,0.41339590443686,0.436721416382253,0.453962012167977,0.125,"league-shrunk"
"553993","Eugenio Suárez","first_to_second_on_out",21,21,3,0.142857142857143,0.142857142857143,0.249688314632211,0.249688314632211,0.209626625216561,0.192163837522559,0.375,"league-shrunk"
"553993","Eugenio Suárez","ground_ball_double_play",30,30,4,0.133333333333333,0.133333333333333,0.204819277108434,0.204819277108434,0.171825764596849,0.160140562248996,0.461538461538462,"player signal"
"553993","Eugenio Suárez","sac_fly_scores",4,4,0,0,0,0.593270173146031,0.593270173146031,0.532421950259258,0.485402868937661,0.102564102564103,"league-shrunk"
"553993","Eugenio Suárez","second_to_third_on_out",14,14,5,0.357142857142857,0.357142857142857,0.477532255672549,0.477532255672549,0.443135284664066,0.424861893815809,0.285714285714286,"league-shrunk"
"553993","Eugenio Suárez","single_first_to_third",18,18,5,0.277777777777778,0.277777777777778,0.344619833714905,0.344619833714905,0.321918758113617,0.311198805746342,0.339622641509434,"league-shrunk"
"553993","Eugenio Suárez","single_second_scores",4,4,3,0.75,0.75,0.617619711761971,0.617619711761971,0.631197177222282,0.641688855077976,0.102564102564103,"league-shrunk"
"553993","Eugenio Suárez","steal_second",106,1,1,0.00943396226415094,1,0.0647077913972589,0.881944444444444,0.0231544163042841,0.888157894736842,0.75177304964539,"player signal"
"553993","Eugenio Suárez","steal_third",61,0,0,0,,0.0135036339397067,0.853503184713376,0.0049231998738514,0.853503184713376,0.635416666666667,"player signal"
"571448","Nolan Arenado","double_first_scores",9,9,3,0.333333333333333,0.333333333333333,0.41339590443686,0.41339590443686,0.397019469438411,0.386708380735685,0.204545454545455,"league-shrunk"
"571448","Nolan Arenado","first_to_second_on_out",36,36,9,0.25,0.25,0.249688314632211,0.249688314632211,0.249846352283484,0.249896104877404,0.507042253521127,"player signal"
"571448","Nolan Arenado","ground_ball_double_play",56,56,9,0.160714285714286,0.160714285714286,0.204819277108434,0.204819277108434,0.177677743942804,0.171442526864214,0.615384615384615,"player signal"
"571448","Nolan Arenado","sac_fly_scores",8,8,6,0.75,0.75,0.593270173146031,0.593270173146031,0.622429210700258,0.641494735254944,0.186046511627907,"league-shrunk"
"571448","Nolan Arenado","second_to_third_on_out",17,17,7,0.411764705882353,0.411764705882353,0.477532255672549,0.477532255672549,0.456031325933447,0.445588017203025,0.326923076923077,"league-shrunk"
"571448","Nolan Arenado","single_first_to_third",24,24,6,0.25,0.25,0.344619833714905,0.344619833714905,0.306130409830876,0.290551357306388,0.406779661016949,"league-shrunk"
"571448","Nolan Arenado","single_second_scores",11,11,3,0.272727272727273,0.272727272727273,0.617619711761971,0.617619711761971,0.535145432862369,0.486798441783292,0.239130434782609,"league-shrunk"
"571448","Nolan Arenado","steal_second",119,4,4,0.0336134453781513,1,0.0647077913972589,0.881944444444444,0.0406803422006757,0.903409090909091,0.772727272727273,"player signal"
"571448","Nolan Arenado","steal_third",61,0,0,0,,0.0135036339397067,0.853503184713376,0.0049231998738514,0.853503184713376,0.635416666666667,"player signal"
"571657","Kyle Farmer","ground_ball_double_play",1,1,0,0,0,0.204819277108434,0.204819277108434,0.199129852744311,0.194039315155358,0.0277777777777778,"league-shrunk"
"571657","Kyle Farmer","single_first_to_third",1,1,0,0,0,0.344619833714905,0.344619833714905,0.335047060556158,0.32648194772991,0.0277777777777778,"league-shrunk"
"571657","Kyle Farmer","single_second_scores",1,1,1,1,1,0.617619711761971,0.617619711761971,0.62824138643525,0.637744990090289,0.0277777777777778,"league-shrunk"
"571657","Kyle Farmer","steal_second",1,0,0,0,,0.0647077913972589,0.881944444444444,0.062910352747335,0.881944444444444,0.0277777777777778,"league-shrunk"
"571657","Kyle Farmer","steal_third",4,0,0,0,,0.0135036339397067,0.853503184713376,0.0121186458433265,0.853503184713376,0.102564102564103,"league-shrunk"
"571771","Enrique Hernández","first_to_second_on_out",4,4,1,0.25,0.25,0.249688314632211,0.249688314632211,0.249720282362241,0.249744984699082,0.102564102564103,"league-shrunk"
"571771","Enrique Hernández","ground_ball_double_play",4,4,0,0,0,0.204819277108434,0.204819277108434,0.183812171763979,0.167579408543264,0.102564102564103,"league-shrunk"
"571771","Enrique Hernández","sac_fly_scores",1,1,1,1,1,0.593270173146031,0.593270173146031,0.604568223891974,0.614677006138345,0.0277777777777778,"league-shrunk"
"571771","Enrique Hernández","second_to_third_on_out",3,3,2,0.666666666666667,0.666666666666667,0.477532255672549,0.477532255672549,0.492463919698401,0.504551457243137,0.0789473684210526,"league-shrunk"
"571771","Enrique Hernández","single_first_to_third",3,3,1,0.333333333333333,0.333333333333333,0.344619833714905,0.344619833714905,0.343728794211097,0.343007476517538,0.0789473684210526,"league-shrunk"
"571771","Enrique Hernández","single_second_scores",1,1,1,1,1,0.617619711761971,0.617619711761971,0.62824138643525,0.637744990090289,0.0277777777777778,"league-shrunk"
"571771","Enrique Hernández","steal_second",11,0,0,0,,0.0647077913972589,0.881944444444444,0.04923418910661,0.881944444444444,0.239130434782609,"league-shrunk"
"571771","Enrique Hernández","steal_third",10,0,0,0,,0.0135036339397067,0.853503184713376,0.0105028263975497,0.853503184713376,0.222222222222222,"league-shrunk"
"571912","Luke Maile","ground_ball_double_play",5,5,3,0.6,0.6,0.204819277108434,0.204819277108434,0.254216867469879,0.290728129910948,0.125,"league-shrunk"
"571912","Luke Maile","single_first_to_third",1,1,0,0,0,0.344619833714905,0.344619833714905,0.335047060556158,0.32648194772991,0.0277777777777778,"league-shrunk"
"571912","Luke Maile","single_second_scores",1,1,0,0,0,0.617619711761971,0.617619711761971,0.600463608657472,0.58511341114292,0.0277777777777778,"league-shrunk"
"571912","Luke Maile","steal_second",4,0,0,0,,0.0647077913972589,0.881944444444444,0.0580710948436939,0.881944444444444,0.102564102564103,"league-shrunk"
"571912","Luke Maile","steal_third",4,0,0,0,,0.0135036339397067,0.853503184713376,0.0121186458433265,0.853503184713376,0.102564102564103,"league-shrunk"
"571945","Miles Mikolas","steal_second",1,0,0,0,,0.0647077913972589,0.881944444444444,0.062910352747335,0.881944444444444,0.0277777777777778,"league-shrunk"
"571945","Miles Mikolas","steal_third",2,0,0,0,,0.0135036339397067,0.853503184713376,0.0127737077808036,0.853503184713376,0.0540540540540541,"league-shrunk"
"571970","Max Muncy","double_first_scores",10,10,5,0.5,0.5,0.41339590443686,0.41339590443686,0.432641259006447,0.444325938566553,0.222222222222222,"league-shrunk"
"571970","Max Muncy","first_to_second_on_out",29,29,7,0.241379310344828,0.241379310344828,0.249688314632211,0.249688314632211,0.245923297064491,0.24456148219957,0.453125,"player signal"
"571970","Max Muncy","ground_ball_double_play",52,52,13,0.25,0.25,0.204819277108434,0.204819277108434,0.231823847112588,0.238382099827883,0.597701149425287,"player signal"
"571970","Max Muncy","sac_fly_scores",6,6,4,0.666666666666667,0.666666666666667,0.593270173146031,0.593270173146031,0.604011123417343,0.61161929652619,0.146341463414634,"league-shrunk"
"571970","Max Muncy","second_to_third_on_out",18,18,8,0.444444444444444,0.444444444444444,0.477532255672549,0.477532255672549,0.466294885821495,0.460988350058497,0.339622641509434,"league-shrunk"
"571970","Max Muncy","single_first_to_third",22,22,8,0.363636363636364,0.363636363636364,0.344619833714905,0.344619833714905,0.351959547017924,0.355078925171707,0.385964912280702,"league-shrunk"
"571970","Max Muncy","single_second_scores",17,17,10,0.588235294117647,0.588235294117647,0.617619711761971,0.617619711761971,0.608013267532096,0.603347280334728,0.326923076923077,"league-shrunk"
"571970","Max Muncy","steal_second",105,2,2,0.019047619047619,1,0.0647077913972589,0.881944444444444,0.030462662135029,0.89375,0.75,"player signal"
"571970","Max Muncy","steal_third",60,0,0,0,,0.0135036339397067,0.853503184713376,0.00497502303041826,0.853503184713376,0.631578947368421,"player signal"
"572233","Christian Walker","double_first_scores",13,13,3,0.230769230769231,0.230769230769231,0.41339590443686,0.41339590443686,0.363934513651877,0.336810525156887,0.270833333333333,"league-shrunk"
"572233","Christian Walker","first_to_second_on_out",36,36,8,0.222222222222222,0.222222222222222,0.249688314632211,0.249688314632211,0.235761845241231,0.231377586358885,0.507042253521127,"player signal"
"572233","Christian Walker","ground_ball_double_play",60,60,13,0.216666666666667,0.216666666666667,0.204819277108434,0.204819277108434,0.212301838934686,0.21393265369169,0.631578947368421,"player signal"
"572233","Christian Walker","sac_fly_scores",11,11,6,0.545454545454545,0.545454545454545,0.593270173146031,0.593270173146031,0.581836001306762,0.575133210918226,0.239130434782609,"league-shrunk"
"572233","Christian Walker","second_to_third_on_out",17,17,8,0.470588235294118,0.470588235294118,0.477532255672549,0.477532255672549,0.475262095164216,0.474159445774454,0.326923076923077,"league-shrunk"
"572233","Christian Walker","single_first_to_third",25,25,12,0.48,0.48,0.344619833714905,0.344619833714905,0.401028236333695,0.423329232717867,0.416666666666667,"player signal"
"572233","Christian Walker","single_second_scores",12,12,7,0.583333333333333,0.583333333333333,0.617619711761971,0.617619711761971,0.608865742801468,0.603905160390516,0.25531914893617,"league-shrunk"
"572233","Christian Walker","steal_second",135,0,0,0,,0.0647077913972589,0.881944444444444,0.0133221923464945,0.881944444444444,0.794117647058823,"player signal"
"572233","Christian Walker","steal_third",69,0,0,0,,0.0135036339397067,0.853503184713376,0.00454449219124745,0.853503184713376,0.663461538461538,"player signal"
"573262","Mike Yastrzemski","double_first_scores",3,3,1,0.333333333333333,0.333333333333333,0.41339590443686,0.41339590443686,0.407075175139213,0.401958394279213,0.0789473684210526,"league-shrunk"
"573262","Mike Yastrzemski","first_to_second_on_out",26,26,8,0.307692307692308,0.307692307692308,0.249688314632211,0.249688314632211,0.274411328067662,0.28396340144045,0.426229508196721,"player signal"
"573262","Mike Yastrzemski","ground_ball_double_play",37,37,5,0.135135135135135,0.135135135135135,0.204819277108434,0.204819277108434,0.1690093708166,0.157940854326396,0.513888888888889,"player signal"
"573262","Mike Yastrzemski","sac_fly_scores",7,7,5,0.714285714285714,0.714285714285714,0.593270173146031,0.593270173146031,0.613439430002645,0.627154524665142,0.166666666666667,"league-shrunk"
"573262","Mike Yastrzemski","second_to_third_on_out",12,12,2,0.166666666666667,0.166666666666667,0.477532255672549,0.477532255672549,0.398162318054026,0.353186020070196,0.25531914893617,"league-shrunk"
"573262","Mike Yastrzemski","single_first_to_third",20,20,14,0.7,0.7,0.344619833714905,0.344619833714905,0.473848985091303,0.531662026496534,0.363636363636364,"league-shrunk"
"573262","Mike Yastrzemski","single_second_scores",10,10,6,0.6,0.6,0.617619711761971,0.617619711761971,0.613704220259311,0.611326957561267,0.222222222222222,"league-shrunk"
"573262","Mike Yastrzemski","steal_second",93,1,1,0.010752688172043,1,0.0647077913972589,0.881944444444444,0.025506036710188,0.888157894736842,0.7265625,"player signal"
"573262","Mike Yastrzemski","steal_third",43,0,0,0,,0.0135036339397067,0.853503184713376,0.00605932292166326,0.853503184713376,0.551282051282051,"player signal"
"575929","Willson Contreras","double_first_scores",7,7,0,0,0,0.41339590443686,0.41339590443686,0.344496587030717,0.297645051194539,0.166666666666667,"league-shrunk"
"575929","Willson Contreras","first_to_second_on_out",38,38,4,0.105263157894737,0.105263157894737,0.249688314632211,0.249688314632211,0.17450809605654,0.151685529703211,0.520547945205479,"player signal"
"575929","Willson Contreras","ground_ball_double_play",59,59,10,0.169491525423729,0.169491525423729,0.204819277108434,0.204819277108434,0.182645475519098,0.177749960882491,0.627659574468085,"player signal"
"575929","Willson Contreras","sac_fly_scores",8,8,5,0.625,0.625,0.593270173146031,0.593270173146031,0.599173396746769,0.603033196793406,0.186046511627907,"league-shrunk"
"575929","Willson Contreras","second_to_third_on_out",25,25,12,0.48,0.48,0.477532255672549,0.477532255672549,0.478560482475654,0.478966990746649,0.416666666666667,"player signal"
"575929","Willson Contreras","single_first_to_third",27,27,7,0.259259259259259,0.259259259259259,0.344619833714905,0.344619833714905,0.30744668032293,0.293403489041518,0.435483870967742,"player signal"
"575929","Willson Contreras","single_second_scores",14,14,11,0.785714285714286,0.785714285714286,0.617619711761971,0.617619711761971,0.665646732891204,0.691161087866109,0.285714285714286,"league-shrunk"
"575929","Willson Contreras","steal_second",145,3,3,0.0206896551724138,1,0.0647077913972589,0.881944444444444,0.0292487372161337,0.898809523809524,0.805555555555556,"player signal"
"575929","Willson Contreras","steal_third",78,0,0,0,,0.0135036339397067,0.853503184713376,0.00418254148574986,0.853503184713376,0.690265486725664,"player signal"
"592206","Nick Castellanos","double_first_scores",2,2,1,0.5,0.5,0.41339590443686,0.41339590443686,0.418077206899733,0.422056313993174,0.0540540540540541,"league-shrunk"
"592206","Nick Castellanos","first_to_second_on_out",4,4,1,0.25,0.25,0.249688314632211,0.249688314632211,0.249720282362241,0.249744984699082,0.102564102564103,"league-shrunk"
"592206","Nick Castellanos","ground_ball_double_play",5,5,1,0.2,0.2,0.204819277108434,0.204819277108434,0.204216867469879,0.203771608171818,0.125,"league-shrunk"
"592206","Nick Castellanos","sac_fly_scores",3,3,3,1,1,0.593270173146031,0.593270173146031,0.625380422634502,0.651374434125169,0.0789473684210526,"league-shrunk"
"592206","Nick Castellanos","second_to_third_on_out",5,5,1,0.2,0.2,0.477532255672549,0.477532255672549,0.442840723713481,0.417199156613299,0.125,"league-shrunk"
"592206","Nick Castellanos","single_first_to_third",1,1,0,0,0,0.344619833714905,0.344619833714905,0.335047060556158,0.32648194772991,0.0277777777777778,"league-shrunk"
"592206","Nick Castellanos","steal_second",16,1,1,0.0625,1,0.0647077913972589,0.881944444444444,0.0640151509589032,0.888157894736842,0.313725490196078,"league-shrunk"
"592206","Nick Castellanos","steal_third",14,0,0,0,,0.0135036339397067,0.853503184713376,0.00964545281407622,0.853503184713376,0.285714285714286,"league-shrunk"
"592450","Aaron Judge","double_first_scores",10,10,3,0.3,0.3,0.41339590443686,0.41339590443686,0.388196814562002,0.372897367137981,0.222222222222222,"league-shrunk"
"592450","Aaron Judge","first_to_second_on_out",12,12,5,0.416666666666667,0.416666666666667,0.249688314632211,0.249688314632211,0.292321085364413,0.316479655445993,0.25531914893617,"league-shrunk"
"592450","Aaron Judge","ground_ball_double_play",24,24,2,0.0833333333333333,0.0833333333333333,0.204819277108434,0.204819277108434,0.155401266081274,0.135398737808376,0.406779661016949,"league-shrunk"
"592450","Aaron Judge","sac_fly_scores",3,3,2,0.666666666666667,0.666666666666667,0.593270173146031,0.593270173146031,0.599064633160818,0.603755386506121,0.0789473684210526,"league-shrunk"
"592450","Aaron Judge","second_to_third_on_out",10,10,7,0.7,0.7,0.477532255672549,0.477532255672549,0.526969532189761,0.556985021503782,0.222222222222222,"league-shrunk"
"592450","Aaron Judge","single_first_to_third",13,13,3,0.230769230769231,0.230769230769231,0.344619833714905,0.344619833714905,0.313785295417119,0.296876032479622,0.270833333333333,"league-shrunk"
"592450","Aaron Judge","single_second_scores",2,2,2,1,1,0.617619711761971,0.617619711761971,0.638288916531594,0.655857740585774,0.0540540540540541,"league-shrunk"
"592450","Aaron Judge","steal_second",50,6,5,0.12,0.833333333333333,0.0647077913972589,0.881944444444444,0.0972326199871066,0.869791666666667,0.588235294117647,"player signal"
"592450","Aaron Judge","steal_third",29,0,0,0,,0.0135036339397067,0.853503184713376,0.0073847998107771,0.853503184713376,0.453125,"player signal"
"592518","Manny Machado","double_first_scores",4,4,0,0,0,0.41339590443686,0.41339590443686,0.370996324494618,0.338233012721067,0.102564102564103,"league-shrunk"
"592518","Manny Machado","first_to_second_on_out",25,25,8,0.32,0.32,0.249688314632211,0.249688314632211,0.278984850202123,0.290567201473949,0.416666666666667,"player signal"
"592518","Manny Machado","ground_ball_double_play",46,46,15,0.326086956521739,0.326086956521739,0.204819277108434,0.204819277108434,0.273687341960434,0.291980421686747,0.567901234567901,"player signal"
"592518","Manny Machado","sac_fly_scores",7,7,7,1,1,0.593270173146031,0.593270173146031,0.661058477621692,0.707154524665142,0.166666666666667,"league-shrunk"
"592518","Manny Machado","second_to_third_on_out",22,22,7,0.318181818181818,0.318181818181818,0.477532255672549,0.477532255672549,0.416028578044548,0.389889515052647,0.385964912280702,"league-shrunk"
"592518","Manny Machado","single_first_to_third",27,27,6,0.222222222222222,0.222222222222222,0.344619833714905,0.344619833714905,0.291317648064866,0.271181266819295,0.435483870967742,"player signal"
"592518","Manny Machado","single_second_scores",21,21,14,0.666666666666667,0.666666666666667,0.617619711761971,0.617619711761971,0.636012319851232,0.644029610556807,0.375,"league-shrunk"
"592518","Manny Machado","steal_second",142,3,3,0.0211267605633803,1,0.0647077913972589,0.881944444444444,0.0297444785248817,0.898809523809524,0.80225988700565,"player signal"
"592518","Manny Machado","steal_third",97,1,1,0.0103092783505155,1,0.0135036339397067,0.853503184713376,0.0111562665749222,0.861213543412672,0.734848484848485,"player signal"
"592626","Joc Pederson","double_first_scores",11,11,3,0.272727272727273,0.272727272727273,0.41339590443686,0.41339590443686,0.379757753375872,0.360038837236672,0.239130434782609,"league-shrunk"
"592626","Joc Pederson","first_to_second_on_out",33,33,3,0.0909090909090909,0.0909090909090909,0.249688314632211,0.249688314632211,0.172633691354815,0.146948816929016,0.485294117647059,"player signal"
"592626","Joc Pederson","ground_ball_double_play",59,59,13,0.220338983050847,0.220338983050847,0.204819277108434,0.204819277108434,0.214560369136119,0.21671099984353,0.627659574468085,"player signal"
"592626","Joc Pederson","sac_fly_scores",8,8,6,0.75,0.75,0.593270173146031,0.593270173146031,0.622429210700258,0.641494735254944,0.186046511627907,"league-shrunk"
"592626","Joc Pederson","second_to_third_on_out",7,7,2,0.285714285714286,0.285714285714286,0.477532255672549,0.477532255672549,0.445562594012839,0.423823224084235,0.166666666666667,"league-shrunk"
"592626","Joc Pederson","single_first_to_third",20,20,3,0.15,0.15,0.344619833714905,0.344619833714905,0.273848985091303,0.242188342286008,0.363636363636364,"league-shrunk"
"592626","Joc Pederson","single_second_scores",11,11,6,0.545454545454545,0.545454545454545,0.617619711761971,0.617619711761971,0.600362824166717,0.590246717645361,0.239130434782609,"league-shrunk"
"592626","Joc Pederson","steal_second",118,2,2,0.0169491525423729,1,0.0647077913972589,0.881944444444444,0.027874331365386,0.89375,0.77124183006536,"player signal"
"592626","Joc Pederson","steal_third",41,0,0,0,,0.0135036339397067,0.853503184713376,0.00621877878802282,0.853503184713376,0.539473684210526,"player signal"
"592663","J.T. Realmuto","double_first_scores",9,9,3,0.333333333333333,0.333333333333333,0.41339590443686,0.41339590443686,0.397019469438411,0.386708380735685,0.204545454545455,"league-shrunk"
"592663","J.T. Realmuto","first_to_second_on_out",23,23,6,0.260869565217391,0.260869565217391,0.249688314632211,0.249688314632211,0.254122258829783,0.255960723497068,0.396551724137931,"league-shrunk"
"592663","J.T. Realmuto","ground_ball_double_play",32,32,4,0.125,0.125,0.204819277108434,0.204819277108434,0.16669663729545,0.153734939759036,0.477611940298507,"player signal"
"592663","J.T. Realmuto","sac_fly_scores",10,10,6,0.6,0.6,0.593270173146031,0.593270173146031,0.594765690224691,0.595673682736734,0.222222222222222,"league-shrunk"
"592663","J.T. Realmuto","second_to_third_on_out",16,16,10,0.625,0.625,0.477532255672549,0.477532255672549,0.523796646049789,0.546928841238408,0.313725490196078,"league-shrunk"
"592663","J.T. Realmuto","single_first_to_third",19,19,6,0.315789473684211,0.315789473684211,0.344619833714905,0.344619833714905,0.33447581814855,0.329815054239684,0.351851851851852,"league-shrunk"
"592663","J.T. Realmuto","single_second_scores",14,14,10,0.714285714285714,0.714285714285714,0.617619711761971,0.617619711761971,0.645238569625898,0.659911087866109,0.285714285714286,"league-shrunk"
"592663","J.T. Realmuto","steal_second",98,2,2,0.0204081632653061,1,0.0647077913972589,0.881944444444444,0.0320659601421358,0.89375,0.736842105263158,"player signal"
"592663","J.T. Realmuto","steal_third",54,0,0,0,,0.0135036339397067,0.853503184713376,0.00531041784145769,0.853503184713376,0.606741573033708,"player signal"
"592885","Christian Yelich","double_first_scores",7,7,3,0.428571428571429,0.428571428571429,0.41339590443686,0.41339590443686,0.415925158459288,0.417645051194539,0.166666666666667,"league-shrunk"
"592885","Christian Yelich","first_to_second_on_out",29,29,8,0.275862068965517,0.275862068965517,0.249688314632211,0.249688314632211,0.261548297064491,0.265838077944251,0.453125,"player signal"
"592885","Christian Yelich","ground_ball_double_play",44,44,7,0.159090909090909,0.159090909090909,0.204819277108434,0.204819277108434,0.179350312642977,0.172366886902449,0.556962025316456,"player signal"
"592885","Christian Yelich","sac_fly_scores",2,2,1,0.5,0.5,0.593270173146031,0.593270173146031,0.588228542165164,0.583943155831428,0.0540540540540541,"league-shrunk"
"592885","Christian Yelich","second_to_third_on_out",19,19,9,0.473684210526316,0.473684210526316,0.477532255672549,0.477532255672549,0.476178313861838,0.475556232489348,0.351851851851852,"league-shrunk"
"592885","Christian Yelich","single_first_to_third",18,18,7,0.388888888888889,0.388888888888889,0.344619833714905,0.344619833714905,0.359654607170221,0.366754361301897,0.339622641509434,"league-shrunk"
"592885","Christian Yelich","single_second_scores",11,11,9,0.818181818181818,0.818181818181818,0.617619711761971,0.617619711761971,0.665580215471065,0.69369499350743,0.239130434782609,"league-shrunk"
"592885","Christian Yelich","steal_second",108,7,7,0.0648148148148148,1,0.0647077913972589,0.881944444444444,0.0647886202720564,0.915,0.755244755244755,"player signal"
"592885","Christian Yelich","steal_third",83,3,2,0.036144578313253,0.666666666666667,0.0135036339397067,0.853503184713376,0.0294290439651672,0.826812253563846,0.703389830508475,"player signal"
"593428","Xander Bogaerts","double_first_scores",8,8,1,0.125,0.125,0.41339590443686,0.41339590443686,0.359740852448607,0.324658703071672,0.186046511627907,"league-shrunk"
"593428","Xander Bogaerts","first_to_second_on_out",30,30,10,0.333333333333333,0.333333333333333,0.249688314632211,0.249688314632211,0.288293707878883,0.301966451320413,0.461538461538462,"player signal"
"593428","Xander Bogaerts","ground_ball_double_play",58,58,16,0.275862068965517,0.275862068965517,0.204819277108434,0.204819277108434,0.249125534395647,0.259036144578313,0.623655913978495,"player signal"
"593428","Xander Bogaerts","sac_fly_scores",9,9,5,0.555555555555556,0.555555555555556,0.593270173146031,0.593270173146031,0.585555819547979,0.580698633949206,0.204545454545455,"league-shrunk"
"593428","Xander Bogaerts","second_to_third_on_out",28,28,8,0.285714285714286,0.285714285714286,0.477532255672549,0.477532255672549,0.392279824579988,0.360773491350128,0.444444444444444,"player signal"
"593428","Xander Bogaerts","single_first_to_third",31,31,11,0.354838709677419,0.354838709677419,0.344619833714905,0.344619833714905,0.349419608788207,0.351084836874863,0.46969696969697,"player signal"
"593428","Xander Bogaerts","single_second_scores",14,14,10,0.714285714285714,0.714285714285714,0.617619711761971,0.617619711761971,0.645238569625898,0.659911087866109,0.285714285714286,"league-shrunk"
"593428","Xander Bogaerts","steal_second",139,17,17,0.122302158273381,1,0.0647077913972589,0.881944444444444,0.11071708447646,0.939285714285714,0.798850574712644,"player signal"
"593428","Xander Bogaerts","steal_third",75,3,3,0.04,1,0.0135036339397067,0.853503184713376,0.0315693380717249,0.874431301182894,0.681818181818182,"player signal"
"593871","Jorge Polanco","double_first_scores",1,1,0,0,0,0.41339590443686,0.41339590443686,0.40191268486917,0.391638225255973,0.0277777777777778,"league-shrunk"
"593871","Jorge Polanco","first_to_second_on_out",5,5,1,0.2,0.2,0.249688314632211,0.249688314632211,0.243477275303185,0.23888650710347,0.125,"league-shrunk"
"593871","Jorge Polanco","ground_ball_double_play",10,10,2,0.2,0.2,0.204819277108434,0.204819277108434,0.203748326639893,0.203098106712565,0.222222222222222,"league-shrunk"
"593871","Jorge Polanco","sac_fly_scores",1,1,1,1,1,0.593270173146031,0.593270173146031,0.604568223891974,0.614677006138345,0.0277777777777778,"league-shrunk"
"593871","Jorge Polanco","second_to_third_on_out",2,2,1,0.5,0.5,0.477532255672549,0.477532255672549,0.478746728338898,0.479779030105294,0.0540540540540541,"league-shrunk"
"593871","Jorge Polanco","single_first_to_third",2,2,0,0,0,0.344619833714905,0.344619833714905,0.325991734595181,0.310157850343415,0.0540540540540541,"league-shrunk"
"593871","Jorge Polanco","single_second_scores",4,4,2,0.5,0.5,0.617619711761971,0.617619711761971,0.605556151581256,0.596234309623431,0.102564102564103,"league-shrunk"
"593871","Jorge Polanco","steal_second",20,0,0,0,,0.0647077913972589,0.881944444444444,0.0411776854346193,0.881944444444444,0.363636363636364,"league-shrunk"
"593871","Jorge Polanco","steal_third",11,0,0,0,,0.0135036339397067,0.853503184713376,0.0102745040845594,0.853503184713376,0.239130434782609,"league-shrunk"
"595879","Javier Báez","double_first_scores",4,4,3,0.75,0.75,0.41339590443686,0.41339590443686,0.447919401417695,0.474596649084704,0.102564102564103,"league-shrunk"
"595879","Javier Báez","first_to_second_on_out",5,5,0,0,0,0.249688314632211,0.249688314632211,0.218477275303185,0.195408246233904,0.125,"league-shrunk"
"595879","Javier Báez","ground_ball_double_play",11,11,2,0.181818181818182,0.181818181818182,0.204819277108434,0.204819277108434,0.1993190151912,0.196094723722476,0.239130434782609,"league-shrunk"
"595879","Javier Báez","sac_fly_scores",8,8,5,0.625,0.625,0.593270173146031,0.593270173146031,0.599173396746769,0.603033196793406,0.186046511627907,"league-shrunk"
"595879","Javier Báez","second_to_third_on_out",11,11,7,0.636363636363636,0.636363636363636,0.477532255672549,0.477532255672549,0.515513672794331,0.537778641451927,0.239130434782609,"league-shrunk"
"595879","Javier Báez","single_first_to_third",10,10,5,0.5,0.5,0.344619833714905,0.344619833714905,0.379148759556038,0.400112750245296,0.222222222222222,"league-shrunk"
"595879","Javier Báez","single_second_scores",5,5,3,0.6,0.6,0.617619711761971,0.617619711761971,0.615417247791725,0.613789339639804,0.125,"league-shrunk"
"595879","Javier Báez","steal_second",38,2,1,0.0526315789473684,0.5,0.0647077913972589,0.881944444444444,0.0584215438206036,0.84375,0.520547945205479,"player signal"
"595879","Javier Báez","steal_third",27,1,0,0.037037037037037,0,0.0135036339397067,0.853503184713376,0.0237520514175764,0.808581964465303,0.435483870967742,"player signal"
"595978","Austin Hedges","double_first_scores",2,2,0,0,0,0.41339590443686,0.41339590443686,0.391050179872706,0.372056313993174,0.0540540540540541,"league-shrunk"
"595978","Austin Hedges","first_to_second_on_out",22,22,5,0.227272727272727,0.227272727272727,0.249688314632211,0.249688314632211,0.241036684423288,0.237359741584495,0.385964912280702,"league-shrunk"
"595978","Austin Hedges","ground_ball_double_play",31,31,5,0.161290322580645,0.161290322580645,0.204819277108434,0.204819277108434,0.184373859072654,0.177280550774527,0.46969696969697,"player signal"
"595978","Austin Hedges","sac_fly_scores",5,5,3,0.6,0.6,0.593270173146031,0.593270173146031,0.594111401502777,0.59473317898385,0.125,"league-shrunk"
"595978","Austin Hedges","second_to_third_on_out",13,13,5,0.384615384615385,0.384615384615385,0.477532255672549,0.477532255672549,0.452367269761234,0.438567116196964,0.270833333333333,"league-shrunk"
"595978","Austin Hedges","single_first_to_third",12,12,3,0.25,0.25,0.344619833714905,0.344619833714905,0.320461578298334,0.306771900228943,0.25531914893617,"league-shrunk"
"595978","Austin Hedges","single_second_scores",6,6,2,0.333333333333333,0.333333333333333,0.617619711761971,0.617619711761971,0.576016827113878,0.546548117154812,0.146341463414634,"league-shrunk"
"595978","Austin Hedges","steal_second",67,1,0,0.0149253731343284,0,0.0647077913972589,0.881944444444444,0.0320075754794516,0.835526315789474,0.656862745098039,"player signal"
"595978","Austin Hedges","steal_third",32,1,1,0.03125,1,0.0135036339397067,0.853503184713376,0.021979510267011,0.861213543412672,0.477611940298507,"player signal"
"596019","Francisco Lindor","double_first_scores",9,9,3,0.333333333333333,0.333333333333333,0.41339590443686,0.41339590443686,0.397019469438411,0.386708380735685,0.204545454545455,"league-shrunk"
"596019","Francisco Lindor","first_to_second_on_out",16,16,3,0.1875,0.1875,0.249688314632211,0.249688314632211,0.230178255139753,0.220423225393524,0.313725490196078,"league-shrunk"
"596019","Francisco Lindor","ground_ball_double_play",36,36,8,0.222222222222222,0.222222222222222,0.204819277108434,0.204819277108434,0.213643305616834,0.216421240517626,0.507042253521127,"player signal"
"596019","Francisco Lindor","sac_fly_scores",13,13,7,0.538461538461538,0.538461538461538,0.593270173146031,0.593270173146031,0.578426167918981,0.570285906988018,0.270833333333333,"league-shrunk"
"596019","Francisco Lindor","second_to_third_on_out",11,11,1,0.0909090909090909,0.0909090909090909,0.477532255672549,0.477532255672549,0.385078890185635,0.330882089727789,0.239130434782609,"league-shrunk"
"596019","Francisco Lindor","single_first_to_third",20,20,10,0.5,0.5,0.344619833714905,0.344619833714905,0.401121712364031,0.426398868601797,0.363636363636364,"league-shrunk"
"596019","Francisco Lindor","single_second_scores",9,9,6,0.666666666666667,0.666666666666667,0.617619711761971,0.617619711761971,0.627652043447023,0.633968696730203,0.204545454545455,"league-shrunk"
"596019","Francisco Lindor","steal_second",80,4,3,0.05,0.75,0.0647077913972589,0.881944444444444,0.0544762843382962,0.857954545454545,0.695652173913043,"player signal"
"596019","Francisco Lindor","steal_third",37,0,0,0,,0.0135036339397067,0.853503184713376,0.00656426649846854,0.853503184713376,0.513888888888889,"player signal"
"596103","Austin Slater","double_first_scores",1,1,1,1,1,0.41339590443686,0.41339590443686,0.429690462646947,0.444269804203341,0.0277777777777778,"league-shrunk"
"596103","Austin Slater","first_to_second_on_out",2,2,1,0.5,0.5,0.249688314632211,0.249688314632211,0.263218676003443,0.27471948316899,0.0540540540540541,"league-shrunk"
"596103","Austin Slater","ground_ball_double_play",6,6,4,0.666666666666667,0.666666666666667,0.204819277108434,0.204819277108434,0.272406699970614,0.320281124497992,0.146341463414634,"league-shrunk"
"596103","Austin Slater","sac_fly_scores",1,1,1,1,1,0.593270173146031,0.593270173146031,0.604568223891974,0.614677006138345,0.0277777777777778,"league-shrunk"
"596103","Austin Slater","second_to_third_on_out",7,7,3,0.428571428571429,0.428571428571429,0.477532255672549,0.477532255672549,0.469372117822363,0.463823224084235,0.166666666666667,"league-shrunk"
"596103","Austin Slater","single_first_to_third",3,3,0,0,0,0.344619833714905,0.344619833714905,0.317413004737413,0.29538842889849,0.0789473684210526,"league-shrunk"
"596103","Austin Slater","single_second_scores",3,3,3,1,1,0.617619711761971,0.617619711761971,0.647807629254447,0.672245467224547,0.0789473684210526,"league-shrunk"
"596103","Austin Slater","steal_second",19,3,3,0.157894736842105,1,0.0647077913972589,0.881944444444444,0.0974957907204456,0.898809523809524,0.351851851851852,"league-shrunk"
"596103","Austin Slater","steal_third",15,0,0,0,,0.0135036339397067,0.853503184713376,0.00945254375779469,0.853503184713376,0.3,"league-shrunk"
"596115","Trevor Story","double_first_scores",2,2,2,1,1,0.41339590443686,0.41339590443686,0.44510423392676,0.472056313993174,0.0540540540540541,"league-shrunk"
"596115","Trevor Story","first_to_second_on_out",13,13,1,0.0769230769230769,0.0769230769230769,0.249688314632211,0.249688314632211,0.202897729419321,0.177238376238058,0.270833333333333,"league-shrunk"
"596115","Trevor Story","ground_ball_double_play",18,18,3,0.166666666666667,0.166666666666667,0.204819277108434,0.204819277108434,0.19186178676972,0.18574297188755,0.339622641509434,"league-shrunk"
"596115","Trevor Story","sac_fly_scores",1,1,1,1,1,0.593270173146031,0.593270173146031,0.604568223891974,0.614677006138345,0.0277777777777778,"league-shrunk"
"596115","Trevor Story","second_to_third_on_out",8,8,2,0.25,0.25,0.477532255672549,0.477532255672549,0.435200673221843,0.407522330850226,0.186046511627907,"league-shrunk"
"596115","Trevor Story","single_first_to_third",11,11,5,0.454545454545455,0.454545454545455,0.344619833714905,0.344619833714905,0.370906395217863,0.386315758857528,0.239130434782609,"league-shrunk"
"596115","Trevor Story","single_second_scores",8,8,7,0.875,0.875,0.617619711761971,0.617619711761971,0.665504416550442,0.696813646604442,0.186046511627907,"league-shrunk"
"596115","Trevor Story","steal_second",49,3,3,0.0612244897959184,1,0.0647077913972589,0.881944444444444,0.0626758654631436,0.898809523809524,0.583333333333333,"player signal"
"596115","Trevor Story","steal_third",31,0,0,0,,0.0135036339397067,0.853503184713376,0.00716101799832931,0.853503184713376,0.46969696969697,"player signal"
"596117","Garrett Stubbs","double_first_scores",1,1,1,1,1,0.41339590443686,0.41339590443686,0.429690462646947,0.444269804203341,0.0277777777777778,"league-shrunk"
"596117","Garrett Stubbs","first_to_second_on_out",2,2,0,0,0,0.249688314632211,0.249688314632211,0.236191648976416,0.22471948316899,0.0540540540540541,"league-shrunk"
"596117","Garrett Stubbs","ground_ball_double_play",4,4,2,0.5,0.5,0.204819277108434,0.204819277108434,0.23509422304603,0.258488499452355,0.102564102564103,"league-shrunk"
"596117","Garrett Stubbs","sac_fly_scores",1,1,1,1,1,0.593270173146031,0.593270173146031,0.604568223891974,0.614677006138345,0.0277777777777778,"league-shrunk"
"596117","Garrett Stubbs","second_to_third_on_out",1,1,1,1,1,0.477532255672549,0.477532255672549,0.492045248570534,0.505030558005573,0.0277777777777778,"league-shrunk"
"596117","Garrett Stubbs","single_first_to_third",1,1,0,0,0,0.344619833714905,0.344619833714905,0.335047060556158,0.32648194772991,0.0277777777777778,"league-shrunk"
"596117","Garrett Stubbs","single_second_scores",2,2,0,0,0,0.617619711761971,0.617619711761971,0.58423486247754,0.555857740585774,0.0540540540540541,"league-shrunk"
"596117","Garrett Stubbs","steal_second",14,0,0,0,,0.0647077913972589,0.881944444444444,0.0462198509980421,0.881944444444444,0.285714285714286,"league-shrunk"
"596117","Garrett Stubbs","steal_third",4,0,0,0,,0.0135036339397067,0.853503184713376,0.0121186458433265,0.853503184713376,0.102564102564103,"league-shrunk"
"596142","Gary Sánchez","double_first_scores",4,4,0,0,0,0.41339590443686,0.41339590443686,0.370996324494618,0.338233012721067,0.102564102564103,"league-shrunk"
"596142","Gary Sánchez","first_to_second_on_out",24,24,6,0.25,0.25,0.249688314632211,0.249688314632211,0.249815101900464,0.249866420556662,0.406779661016949,"league-shrunk"
"596142","Gary Sánchez","ground_ball_double_play",25,25,1,0.04,0.04,0.204819277108434,0.204819277108434,0.136144578313253,0.108994115998879,0.416666666666667,"player signal"
"596142","Gary Sánchez","sac_fly_scores",6,6,3,0.5,0.5,0.593270173146031,0.593270173146031,0.579620879514904,0.569952629859523,0.146341463414634,"league-shrunk"
"596142","Gary Sánchez","second_to_third_on_out",7,7,4,0.571428571428571,0.571428571428571,0.477532255672549,0.477532255672549,0.493181641631886,0.503823224084236,0.166666666666667,"league-shrunk"
"596142","Gary Sánchez","single_first_to_third",14,14,2,0.142857142857143,0.142857142857143,0.344619833714905,0.344619833714905,0.286973350612688,0.256348656464634,0.285714285714286,"league-shrunk"
"596142","Gary Sánchez","single_second_scores",6,6,2,0.333333333333333,0.333333333333333,0.617619711761971,0.617619711761971,0.576016827113878,0.546548117154812,0.146341463414634,"league-shrunk"
"596142","Gary Sánchez","steal_second",65,0,0,0,,0.0647077913972589,0.881944444444444,0.0226477269890406,0.881944444444444,0.65,"player signal"
"596142","Gary Sánchez","steal_third",39,0,0,0,,0.0135036339397067,0.853503184713376,0.00638685389040182,0.853503184713376,0.527027027027027,"player signal"
"596146","Max Kepler","double_first_scores",2,2,1,0.5,0.5,0.41339590443686,0.41339590443686,0.418077206899733,0.422056313993174,0.0540540540540541,"league-shrunk"
"596146","Max Kepler","first_to_second_on_out",4,4,2,0.5,0.5,0.249688314632211,0.249688314632211,0.275361308003267,0.295199530153627,0.102564102564103,"league-shrunk"
"596146","Max Kepler","ground_ball_double_play",12,12,3,0.25,0.25,0.204819277108434,0.204819277108434,0.216354780825429,0.22289156626506,0.25531914893617,"league-shrunk"
"596146","Max Kepler","sac_fly_scores",2,2,2,1,1,0.593270173146031,0.593270173146031,0.615255569192191,0.633943155831428,0.0540540540540541,"league-shrunk"
"596146","Max Kepler","second_to_third_on_out",4,4,2,0.5,0.5,0.477532255672549,0.477532255672549,0.479836639706134,0.481617300095722,0.102564102564103,"league-shrunk"
"596146","Max Kepler","single_first_to_third",5,5,2,0.4,0.4,0.344619833714905,0.344619833714905,0.351542354500542,0.356659000298622,0.125,"league-shrunk"
"596146","Max Kepler","single_second_scores",4,4,2,0.5,0.5,0.617619711761971,0.617619711761971,0.605556151581256,0.596234309623431,0.102564102564103,"league-shrunk"
"596146","Max Kepler","steal_second",24,0,0,0,,0.0647077913972589,0.881944444444444,0.0383859779475265,0.881944444444444,0.406779661016949,"league-shrunk"
"596146","Max Kepler","steal_third",12,0,0,0,,0.0135036339397067,0.853503184713376,0.0100558976146752,0.853503184713376,0.25531914893617,"league-shrunk"
"600869","Jeimer Candelario","second_to_third_on_out",3,3,2,0.666666666666667,0.666666666666667,0.477532255672549,0.477532255672549,0.492463919698401,0.504551457243137,0.0789473684210526,"league-shrunk"
"600869","Jeimer Candelario","single_second_scores",2,2,2,1,1,0.617619711761971,0.617619711761971,0.638288916531594,0.655857740585774,0.0540540540540541,"league-shrunk"
"600869","Jeimer Candelario","steal_second",1,0,0,0,,0.0647077913972589,0.881944444444444,0.062910352747335,0.881944444444444,0.0277777777777778,"league-shrunk"
"600869","Jeimer Candelario","steal_third",2,0,0,0,,0.0135036339397067,0.853503184713376,0.0127737077808036,0.853503184713376,0.0540540540540541,"league-shrunk"
"602104","Ramón Urías","double_first_scores",1,1,1,1,1,0.41339590443686,0.41339590443686,0.429690462646947,0.444269804203341,0.0277777777777778,"league-shrunk"
"602104","Ramón Urías","first_to_second_on_out",2,2,2,1,1,0.249688314632211,0.249688314632211,0.29024570303047,0.32471948316899,0.0540540540540541,"league-shrunk"
"602104","Ramón Urías","ground_ball_double_play",6,6,3,0.5,0.5,0.204819277108434,0.204819277108434,0.248016456068175,0.278614457831325,0.146341463414634,"league-shrunk"
"602104","Ramón Urías","sac_fly_scores",3,3,3,1,1,0.593270173146031,0.593270173146031,0.625380422634502,0.651374434125169,0.0789473684210526,"league-shrunk"
"602104","Ramón Urías","second_to_third_on_out",1,1,1,1,1,0.477532255672549,0.477532255672549,0.492045248570534,0.505030558005573,0.0277777777777778,"league-shrunk"
"602104","Ramón Urías","single_first_to_third",7,7,2,0.285714285714286,0.285714285714286,0.344619833714905,0.344619833714905,0.334802242381469,0.328126280274732,0.166666666666667,"league-shrunk"
"602104","Ramón Urías","single_second_scores",3,3,1,0.333333333333333,0.333333333333333,0.617619711761971,0.617619711761971,0.595176050307079,0.577007371986451,0.0789473684210526,"league-shrunk"
"602104","Ramón Urías","steal_second",14,0,0,0,,0.0647077913972589,0.881944444444444,0.0462198509980421,0.881944444444444,0.285714285714286,"league-shrunk"
"602104","Ramón Urías","steal_third",12,0,0,0,,0.0135036339397067,0.853503184713376,0.0100558976146752,0.853503184713376,0.25531914893617,"league-shrunk"
"605137","Josh Bell","double_first_scores",10,10,2,0.2,0.2,0.41339590443686,0.41339590443686,0.36597459233978,0.337183081423696,0.222222222222222,"league-shrunk"
"605137","Josh Bell","first_to_second_on_out",35,35,0,0,0,0.249688314632211,0.249688314632211,0.124844157316106,0.0847998049694302,0.5,"player signal"
"605137","Josh Bell","ground_ball_double_play",54,54,11,0.203703703703704,0.203703703703704,0.204819277108434,0.204819277108434,0.204142412346013,0.203982597054886,0.606741573033708,"player signal"
"605137","Josh Bell","sac_fly_scores",11,11,6,0.545454545454545,0.545454545454545,0.593270173146031,0.593270173146031,0.581836001306762,0.575133210918226,0.239130434782609,"league-shrunk"
"605137","Josh Bell","second_to_third_on_out",23,23,11,0.478260869565217,0.478260869565217,0.477532255672549,0.477532255672549,0.477821188767918,0.477940990295266,0.396551724137931,"league-shrunk"
"605137","Josh Bell","single_first_to_third",37,37,4,0.108108108108108,0.108108108108108,0.344619833714905,0.344619833714905,0.223079085833635,0.185511945579424,0.513888888888889,"player signal"
"605137","Josh Bell","single_second_scores",23,23,8,0.347826086956522,0.347826086956522,0.617619711761971,0.617619711761971,0.510632584683948,0.466272068578426,0.396551724137931,"league-shrunk"
"605137","Josh Bell","steal_second",148,2,2,0.0135135135135135,1,0.0647077913972589,0.881944444444444,0.0233047688464703,0.89375,0.808743169398907,"player signal"
"605137","Josh Bell","steal_third",78,0,0,0,,0.0135036339397067,0.853503184713376,0.00418254148574986,0.853503184713376,0.690265486725664,"player signal"
"605141","Mookie Betts","double_first_scores",9,9,5,0.555555555555556,0.555555555555556,0.41339590443686,0.41339590443686,0.442474014892957,0.460782454809759,0.204545454545455,"league-shrunk"
"605141","Mookie Betts","first_to_second_on_out",24,24,4,0.166666666666667,0.166666666666667,0.249688314632211,0.249688314632211,0.215916796815719,0.202247372937614,0.406779661016949,"league-shrunk"
"605141","Mookie Betts","ground_ball_double_play",38,38,4,0.105263157894737,0.105263157894737,0.204819277108434,0.204819277108434,0.152995543819112,0.137263339070568,0.520547945205479,"player signal"
"605141","Mookie Betts","sac_fly_scores",9,9,2,0.222222222222222,0.222222222222222,0.593270173146031,0.593270173146031,0.517374001366161,0.469587522838095,0.204545454545455,"league-shrunk"
"605141","Mookie Betts","second_to_third_on_out",14,14,9,0.642857142857143,0.642857142857143,0.477532255672549,0.477532255672549,0.52476793772529,0.549861893815809,0.285714285714286,"league-shrunk"
"605141","Mookie Betts","single_first_to_third",11,11,4,0.363636363636364,0.363636363636364,0.344619833714905,0.344619833714905,0.34916726478308,0.351833000236838,0.239130434782609,"league-shrunk"
"605141","Mookie Betts","single_second_scores",10,10,7,0.7,0.7,0.617619711761971,0.617619711761971,0.635926442481533,0.647041243275553,0.222222222222222,"league-shrunk"
"605141","Mookie Betts","steal_second",105,2,2,0.019047619047619,1,0.0647077913972589,0.881944444444444,0.030462662135029,0.89375,0.75,"player signal"
"605141","Mookie Betts","steal_third",48,1,0,0.0208333333333333,0,0.0135036339397067,0.853503184713376,0.0177424962396354,0.808581964465303,0.578313253012048,"player signal"
"605170","Victor Caratini","double_first_scores",6,6,1,0.166666666666667,0.166666666666667,0.41339590443686,0.41339590443686,0.377289186714393,0.351713594994312,0.146341463414634,"league-shrunk"
"605170","Victor Caratini","first_to_second_on_out",22,22,4,0.181818181818182,0.181818181818182,0.249688314632211,0.249688314632211,0.223492824774165,0.212359741584495,0.385964912280702,"league-shrunk"
"605170","Victor Caratini","ground_ball_double_play",31,31,4,0.129032258064516,0.129032258064516,0.204819277108434,0.204819277108434,0.169222343921139,0.156872387509221,0.46969696969697,"player signal"
"605170","Victor Caratini","sac_fly_scores",5,5,2,0.4,0.4,0.593270173146031,0.593270173146031,0.569111401502777,0.551254918114285,0.125,"league-shrunk"
"605170","Victor Caratini","second_to_third_on_out",10,10,1,0.1,0.1,0.477532255672549,0.477532255672549,0.393636198856427,0.342699307218067,0.222222222222222,"league-shrunk"
"605170","Victor Caratini","single_first_to_third",23,23,2,0.0869565217391304,0.0869565217391304,0.344619833714905,0.344619833714905,0.242443003103822,0.200077000167519,0.396551724137931,"league-shrunk"
"605170","Victor Caratini","single_second_scores",17,17,5,0.294117647058824,0.294117647058824,0.617619711761971,0.617619711761971,0.51185942137825,0.460490137477585,0.326923076923077,"league-shrunk"
"605170","Victor Caratini","steal_second",89,0,0,0,,0.0647077913972589,0.881944444444444,0.0182642959589037,0.881944444444444,0.717741935483871,"player signal"
"605170","Victor Caratini","steal_third",48,0,0,0,,0.0135036339397067,0.853503184713376,0.00569430346855102,0.853503184713376,0.578313253012048,"player signal"
"605244","Aramis Garcia","double_first_scores",1,1,0,0,0,0.41339590443686,0.41339590443686,0.40191268486917,0.391638225255973,0.0277777777777778,"league-shrunk"
"605244","Aramis Garcia","ground_ball_double_play",1,1,1,1,1,0.204819277108434,0.204819277108434,0.226907630522088,0.246670894102727,0.0277777777777778,"league-shrunk"
"605244","Aramis Garcia","steal_second",3,0,0,0,,0.0647077913972589,0.881944444444444,0.0595992815501069,0.881944444444444,0.0789473684210526,"league-shrunk"
"605353","Vimael Machín","ground_ball_double_play",2,2,0,0,0,0.204819277108434,0.204819277108434,0.193747964832302,0.18433734939759,0.0540540540540541,"league-shrunk"
"606115","Orlando Arcia","double_first_scores",1,1,0,0,0,0.41339590443686,0.41339590443686,0.40191268486917,0.391638225255973,0.0277777777777778,"league-shrunk"
"606115","Orlando Arcia","first_to_second_on_out",4,4,0,0,0,0.249688314632211,0.249688314632211,0.224079256721215,0.204290439244536,0.102564102564103,"league-shrunk"
"606115","Orlando Arcia","ground_ball_double_play",5,5,1,0.2,0.2,0.204819277108434,0.204819277108434,0.204216867469879,0.203771608171818,0.125,"league-shrunk"
"606115","Orlando Arcia","sac_fly_scores",1,1,1,1,1,0.593270173146031,0.593270173146031,0.604568223891974,0.614677006138345,0.0277777777777778,"league-shrunk"
"606115","Orlando Arcia","second_to_third_on_out",3,3,2,0.666666666666667,0.666666666666667,0.477532255672549,0.477532255672549,0.492463919698401,0.504551457243137,0.0789473684210526,"league-shrunk"
"606115","Orlando Arcia","single_first_to_third",4,4,1,0.25,0.25,0.344619833714905,0.344619833714905,0.334915235385172,0.327416227584923,0.102564102564103,"league-shrunk"
"606115","Orlando Arcia","single_second_scores",1,1,0,0,0,0.617619711761971,0.617619711761971,0.600463608657472,0.58511341114292,0.0277777777777778,"league-shrunk"
"606115","Orlando Arcia","steal_second",18,1,0,0.0555555555555556,0,0.0647077913972589,0.881944444444444,0.0615994848849823,0.835526315789474,0.339622641509434,"league-shrunk"
"606115","Orlando Arcia","steal_third",9,0,0,0,,0.0135036339397067,0.853503184713376,0.010741526997494,0.853503184713376,0.204545454545455,"league-shrunk"
"606192","Teoscar Hernández","double_first_scores",6,6,3,0.5,0.5,0.41339590443686,0.41339590443686,0.426069674519271,0.435046928327645,0.146341463414634,"league-shrunk"
"606192","Teoscar Hernández","first_to_second_on_out",23,23,8,0.347826086956522,0.347826086956522,0.249688314632211,0.249688314632211,0.288605017450472,0.304741211301946,0.396551724137931,"league-shrunk"
"606192","Teoscar Hernández","ground_ball_double_play",38,38,4,0.105263157894737,0.105263157894737,0.204819277108434,0.204819277108434,0.152995543819112,0.137263339070568,0.520547945205479,"player signal"
"606192","Teoscar Hernández","sac_fly_scores",9,9,6,0.666666666666667,0.666666666666667,0.593270173146031,0.593270173146031,0.608283092275252,0.617735670986243,0.204545454545455,"league-shrunk"
"606192","Teoscar Hernández","second_to_third_on_out",17,17,13,0.764705882352941,0.764705882352941,0.477532255672549,0.477532255672549,0.571415941318062,0.617016588631597,0.326923076923077,"league-shrunk"
"606192","Teoscar Hernández","single_first_to_third",34,34,14,0.411764705882353,0.411764705882353,0.344619833714905,0.344619833714905,0.377705712753938,0.388522250132083,0.492753623188406,"player signal"
"606192","Teoscar Hernández","single_second_scores",15,15,7,0.466666666666667,0.466666666666667,0.617619711761971,0.617619711761971,0.57233379823338,0.549004691264105,0.3,"league-shrunk"
"606192","Teoscar Hernández","steal_second",98,2,2,0.0204081632653061,1,0.0647077913972589,0.881944444444444,0.0320659601421358,0.89375,0.736842105263158,"player signal"
"606192","Teoscar Hernández","steal_third",72,0,0,0,,0.0135036339397067,0.853503184713376,0.00441707652233397,0.853503184713376,0.672897196261682,"player signal"
"606466","Ketel Marte","double_first_scores",10,10,3,0.3,0.3,0.41339590443686,0.41339590443686,0.388196814562002,0.372897367137981,0.222222222222222,"league-shrunk"
"606466","Ketel Marte","first_to_second_on_out",29,29,5,0.172413793103448,0.172413793103448,0.249688314632211,0.249688314632211,0.214673297064491,0.202008290710209,0.453125,"player signal"
"606466","Ketel Marte","ground_ball_double_play",45,45,10,0.222222222222222,0.222222222222222,0.204819277108434,0.204819277108434,0.21460843373494,0.217249952189711,0.5625,"player signal"
"606466","Ketel Marte","sac_fly_scores",23,23,12,0.521739130434783,0.521739130434783,0.593270173146031,0.593270173146031,0.564904414829501,0.553143002844599,0.396551724137931,"league-shrunk"
"606466","Ketel Marte","second_to_third_on_out",27,27,14,0.518518518518518,0.518518518518518,0.477532255672549,0.477532255672549,0.495381112073213,0.502124013380131,0.435483870967742,"player signal"
"606466","Ketel Marte","single_first_to_third",29,29,6,0.206896551724138,0.206896551724138,0.344619833714905,0.344619833714905,0.282213971562839,0.259641638444006,0.453125,"player signal"
"606466","Ketel Marte","single_second_scores",7,7,5,0.714285714285714,0.714285714285714,0.617619711761971,0.617619711761971,0.633730712182595,0.644686192468619,0.166666666666667,"league-shrunk"
"606466","Ketel Marte","steal_second",124,3,3,0.0241935483870968,1,0.0647077913972589,0.881944444444444,0.0331117779805287,0.898809523809524,0.779874213836478,"player signal"
"606466","Ketel Marte","steal_third",96,0,0,0,,0.0135036339397067,0.853503184713376,0.00360784112892927,0.853503184713376,0.732824427480916,"player signal"
"606992","Eric Haase","first_to_second_on_out",4,4,1,0.25,0.25,0.249688314632211,0.249688314632211,0.249720282362241,0.249744984699082,0.102564102564103,"league-shrunk"
"606992","Eric Haase","ground_ball_double_play",5,5,1,0.2,0.2,0.204819277108434,0.204819277108434,0.204216867469879,0.203771608171818,0.125,"league-shrunk"
"606992","Eric Haase","sac_fly_scores",1,1,1,1,1,0.593270173146031,0.593270173146031,0.604568223891974,0.614677006138345,0.0277777777777778,"league-shrunk"
"606992","Eric Haase","second_to_third_on_out",4,4,3,0.75,0.75,0.477532255672549,0.477532255672549,0.50547766534716,0.527071845550268,0.102564102564103,"league-shrunk"
"606992","Eric Haase","single_first_to_third",2,2,1,0.5,0.5,0.344619833714905,0.344619833714905,0.353018761622208,0.360157850343415,0.0540540540540541,"league-shrunk"
"606992","Eric Haase","steal_second",10,0,0,0,,0.0647077913972589,0.881944444444444,0.050328282197868,0.881944444444444,0.222222222222222,"league-shrunk"
"606992","Eric Haase","steal_third",11,0,0,0,,0.0135036339397067,0.853503184713376,0.0102745040845594,0.853503184713376,0.239130434782609,"league-shrunk"
"607043","Brandon Nimmo","double_first_scores",7,7,2,0.285714285714286,0.285714285714286,0.41339590443686,0.41339590443686,0.392115634649764,0.377645051194539,0.166666666666667,"league-shrunk"
"607043","Brandon Nimmo","first_to_second_on_out",33,33,8,0.242424242424242,0.242424242424242,0.249688314632211,0.249688314632211,0.246163103119521,0.24498803261529,0.485294117647059,"player signal"
"607043","Brandon Nimmo","ground_ball_double_play",46,46,7,0.152173913043478,0.152173913043478,0.204819277108434,0.204819277108434,0.174921909861669,0.166980421686747,0.567901234567901,"player signal"
"607043","Brandon Nimmo","sac_fly_scores",9,9,3,0.333333333333333,0.333333333333333,0.593270173146031,0.593270173146031,0.540101274093434,0.506624559875132,0.204545454545455,"league-shrunk"
"607043","Brandon Nimmo","second_to_third_on_out",27,27,10,0.37037037037037,0.37037037037037,0.477532255672549,0.477532255672549,0.430864983040955,0.413235124491242,0.435483870967742,"player signal"
"607043","Brandon Nimmo","single_first_to_third",28,28,3,0.107142857142857,0.107142857142857,0.344619833714905,0.344619833714905,0.239074510793995,0.200068630584093,0.444444444444444,"player signal"
"607043","Brandon Nimmo","single_second_scores",16,16,12,0.75,0.75,0.617619711761971,0.617619711761971,0.659150782581745,0.679916317991632,0.313725490196078,"league-shrunk"
"607043","Brandon Nimmo","steal_second",152,6,6,0.0394736842105263,1,0.0647077913972589,0.881944444444444,0.0441966454486848,0.911458333333333,0.812834224598931,"player signal"
"607043","Brandon Nimmo","steal_third",104,0,0,0,,0.0135036339397067,0.853503184713376,0.00340019559632903,0.853503184713376,0.748201438848921,"player signal"
"607208","Trea Turner","double_first_scores",10,10,5,0.5,0.5,0.41339590443686,0.41339590443686,0.432641259006447,0.444325938566553,0.222222222222222,"league-shrunk"
"607208","Trea Turner","first_to_second_on_out",23,23,2,0.0869565217391304,0.0869565217391304,0.249688314632211,0.249688314632211,0.185156741588403,0.158399747887312,0.396551724137931,"league-shrunk"
"607208","Trea Turner","ground_ball_double_play",37,37,7,0.189189189189189,0.189189189189189,0.204819277108434,0.204819277108434,0.196787148594377,0.194304490690033,0.513888888888889,"player signal"
"607208","Trea Turner","sac_fly_scores",14,14,9,0.642857142857143,0.642857142857143,0.593270173146031,0.593270173146031,0.607437878777777,0.614964472394642,0.285714285714286,"league-shrunk"
"607208","Trea Turner","second_to_third_on_out",21,21,10,0.476190476190476,0.476190476190476,0.477532255672549,0.477532255672549,0.477029088366772,0.476809759028356,0.375,"league-shrunk"
"607208","Trea Turner","single_first_to_third",23,23,3,0.130434782608696,0.130434782608696,0.344619833714905,0.344619833714905,0.259684382414167,0.224467244069958,0.396551724137931,"league-shrunk"
"607208","Trea Turner","single_second_scores",17,17,11,0.647058823529412,0.647058823529412,0.617619711761971,0.617619711761971,0.627244036762865,0.631918708906157,0.326923076923077,"league-shrunk"
"607208","Trea Turner","steal_second",157,14,13,0.089171974522293,0.928571428571429,0.0647077913972589,0.881944444444444,0.084712357806792,0.90234375,0.817708333333333,"player signal"
"607208","Trea Turner","steal_third",98,3,3,0.0306122448979592,1,0.0135036339397067,0.853503184713376,0.0261099788563138,0.874431301182894,0.736842105263158,"player signal"
"608070","José Ramírez","double_first_scores",5,5,3,0.6,0.6,0.41339590443686,0.41339590443686,0.436721416382253,0.453962012167977,0.125,"league-shrunk"
"608070","José Ramírez","first_to_second_on_out",19,19,7,0.368421052631579,0.368421052631579,0.249688314632211,0.249688314632211,0.29146464837273,0.310659180091346,0.351851851851852,"league-shrunk"
"608070","José Ramírez","ground_ball_double_play",37,37,11,0.297297297297297,0.297297297297297,0.204819277108434,0.204819277108434,0.252342704149933,0.267031763417306,0.513888888888889,"player signal"
"608070","José Ramírez","sac_fly_scores",6,6,3,0.5,0.5,0.593270173146031,0.593270173146031,0.579620879514904,0.569952629859523,0.146341463414634,"league-shrunk"
"608070","José Ramírez","second_to_third_on_out",23,23,15,0.652173913043478,0.652173913043478,0.477532255672549,0.477532255672549,0.546786706009297,0.575501965905022,0.396551724137931,"league-shrunk"
"608070","José Ramírez","single_first_to_third",19,19,11,0.578947368421053,0.578947368421053,0.344619833714905,0.344619833714905,0.427068410741142,0.464950189374819,0.351851851851852,"league-shrunk"
"608070","José Ramírez","single_second_scores",15,15,12,0.8,0.8,0.617619711761971,0.617619711761971,0.67233379823338,0.700519842779257,0.3,"league-shrunk"
"608070","José Ramírez","steal_second",108,23,21,0.212962962962963,0.91304347826087,0.0647077913972589,0.881944444444444,0.176676732160168,0.899390243902439,0.755244755244755,"player signal"
"608070","José Ramírez","steal_third",57,5,5,0.087719298245614,1,0.0135036339397067,0.853503184713376,0.0594850781292363,0.885350318471338,0.619565217391304,"player signal"
"608324","Alex Bregman","double_first_scores",7,7,1,0.142857142857143,0.142857142857143,0.41339590443686,0.41339590443686,0.368306110840241,0.337645051194539,0.166666666666667,"league-shrunk"
"608324","Alex Bregman","first_to_second_on_out",31,31,2,0.0645161290322581,0.0645161290322581,0.249688314632211,0.249688314632211,0.162713500183748,0.132538564558771,0.46969696969697,"player signal"
"608324","Alex Bregman","ground_ball_double_play",56,56,12,0.214285714285714,0.214285714285714,0.204819277108434,0.204819277108434,0.210644776909837,0.211983067404754,0.615384615384615,"player signal"
"608324","Alex Bregman","sac_fly_scores",14,14,10,0.714285714285714,0.714285714285714,0.593270173146031,0.593270173146031,0.627846042043083,0.646214472394642,0.285714285714286,"league-shrunk"
"608324","Alex Bregman","second_to_third_on_out",20,20,9,0.45,0.45,0.477532255672549,0.477532255672549,0.467520526337077,0.46304159479226,0.363636363636364,"league-shrunk"
"608324","Alex Bregman","single_first_to_third",38,38,15,0.394736842105263,0.394736842105263,0.344619833714905,0.344619833714905,0.370708139452352,0.378627803694077,0.520547945205479,"player signal"
"608324","Alex Bregman","single_second_scores",13,13,4,0.307692307692308,0.307692307692308,0.617619711761971,0.617619711761971,0.533681039826437,0.487650155216628,0.270833333333333,"league-shrunk"
"608324","Alex Bregman","steal_second",164,2,2,0.0121951219512195,1,0.0647077913972589,0.881944444444444,0.0214310185874576,0.89375,0.824120603015075,"player signal"
"608324","Alex Bregman","steal_third",91,0,0,0,,0.0135036339397067,0.853503184713376,0.00375100942769631,0.853503184713376,0.722222222222222,"player signal"
"608348","Carson Kelly","double_first_scores",5,5,0,0,0,0.41339590443686,0.41339590443686,0.361721416382253,0.323527229559282,0.125,"league-shrunk"
"608348","Carson Kelly","first_to_second_on_out",22,22,4,0.181818181818182,0.181818181818182,0.249688314632211,0.249688314632211,0.223492824774165,0.212359741584495,0.385964912280702,"league-shrunk"
"608348","Carson Kelly","ground_ball_double_play",43,43,6,0.13953488372093,0.13953488372093,0.204819277108434,0.204819277108434,0.168829162805066,0.15879913095003,0.551282051282051,"player signal"
"608348","Carson Kelly","sac_fly_scores",6,6,5,0.833333333333333,0.833333333333333,0.593270173146031,0.593270173146031,0.628401367319782,0.653285963192856,0.146341463414634,"league-shrunk"
"608348","Carson Kelly","second_to_third_on_out",15,15,7,0.466666666666667,0.466666666666667,0.477532255672549,0.477532255672549,0.474272578970785,0.472593351578966,0.3,"league-shrunk"
"608348","Carson Kelly","single_first_to_third",22,22,6,0.272727272727273,0.272727272727273,0.344619833714905,0.344619833714905,0.316871827719679,0.305078925171707,0.385964912280702,"league-shrunk"
"608348","Carson Kelly","single_second_scores",13,13,8,0.615384615384615,0.615384615384615,0.617619711761971,0.617619711761971,0.617014373159771,0.616682413281144,0.270833333333333,"league-shrunk"
"608348","Carson Kelly","steal_second",104,0,0,0,,0.0647077913972589,0.881944444444444,0.016293328769094,0.881944444444444,0.748201438848921,"player signal"
"608348","Carson Kelly","steal_third",57,0,0,0,,0.0135036339397067,0.853503184713376,0.00513725204227972,0.853503184713376,0.619565217391304,"player signal"
"608369","Corey Seager","double_first_scores",7,7,2,0.285714285714286,0.285714285714286,0.41339590443686,0.41339590443686,0.392115634649764,0.377645051194539,0.166666666666667,"league-shrunk"
"608369","Corey Seager","first_to_second_on_out",15,15,2,0.133333333333333,0.133333333333333,0.249688314632211,0.249688314632211,0.214781820242548,0.196799686769085,0.3,"league-shrunk"
"608369","Corey Seager","ground_ball_double_play",37,37,12,0.324324324324324,0.324324324324324,0.204819277108434,0.204819277108434,0.266231593038822,0.285213581599124,0.513888888888889,"player signal"
"608369","Corey Seager","sac_fly_scores",4,4,3,0.75,0.75,0.593270173146031,0.593270173146031,0.609345027182335,0.621766505301298,0.102564102564103,"league-shrunk"
"608369","Corey Seager","second_to_third_on_out",19,19,11,0.578947368421053,0.578947368421053,0.477532255672549,0.477532255672549,0.513215350898875,0.529610286543402,0.351851851851852,"league-shrunk"
"608369","Corey Seager","single_first_to_third",23,23,1,0.0434782608695652,0.0434782608695652,0.344619833714905,0.344619833714905,0.225201623793477,0.17568675626508,0.396551724137931,"league-shrunk"
"608369","Corey Seager","single_second_scores",8,8,5,0.625,0.625,0.617619711761971,0.617619711761971,0.618992788643465,0.619890569681365,0.186046511627907,"league-shrunk"
"608369","Corey Seager","steal_second",85,0,0,0,,0.0647077913972589,0.881944444444444,0.0188731058242005,0.881944444444444,0.708333333333333,"player signal"
"608369","Corey Seager","steal_third",59,0,0,0,,0.0135036339397067,0.853503184713376,0.0050279488073376,0.853503184713376,0.627659574468085,"player signal"
"608701","Rob Refsnyder","double_first_scores",1,1,0,0,0,0.41339590443686,0.41339590443686,0.40191268486917,0.391638225255973,0.0277777777777778,"league-shrunk"
"608701","Rob Refsnyder","first_to_second_on_out",2,2,1,0.5,0.5,0.249688314632211,0.249688314632211,0.263218676003443,0.27471948316899,0.0540540540540541,"league-shrunk"
"608701","Rob Refsnyder","ground_ball_double_play",8,8,2,0.25,0.25,0.204819277108434,0.204819277108434,0.213224992995237,0.218721037998146,0.186046511627907,"league-shrunk"
"608701","Rob Refsnyder","sac_fly_scores",2,2,2,1,1,0.593270173146031,0.593270173146031,0.615255569192191,0.633943155831428,0.0540540540540541,"league-shrunk"
"608701","Rob Refsnyder","second_to_third_on_out",1,1,1,1,1,0.477532255672549,0.477532255672549,0.492045248570534,0.505030558005573,0.0277777777777778,"league-shrunk"
"608701","Rob Refsnyder","single_first_to_third",3,3,1,0.333333333333333,0.333333333333333,0.344619833714905,0.344619833714905,0.343728794211097,0.343007476517538,0.0789473684210526,"league-shrunk"
"608701","Rob Refsnyder","single_second_scores",1,1,0,0,0,0.617619711761971,0.617619711761971,0.600463608657472,0.58511341114292,0.0277777777777778,"league-shrunk"
"608701","Rob Refsnyder","steal_second",15,0,0,0,,0.0647077913972589,0.881944444444444,0.0452954539780812,0.881944444444444,0.3,"league-shrunk"
"608701","Rob Refsnyder","steal_third",8,0,0,0,,0.0135036339397067,0.853503184713376,0.0109913299509241,0.853503184713376,0.186046511627907,"league-shrunk"
"608841","Joey Meneses","ground_ball_double_play",3,3,2,0.666666666666667,0.666666666666667,0.204819277108434,0.204819277108434,0.241280913126189,0.270797475616753,0.0789473684210526,"league-shrunk"
"608841","Joey Meneses","single_first_to_third",1,1,0,0,0,0.344619833714905,0.344619833714905,0.335047060556158,0.32648194772991,0.0277777777777778,"league-shrunk"
"608841","Joey Meneses","steal_second",4,0,0,0,,0.0647077913972589,0.881944444444444,0.0580710948436939,0.881944444444444,0.102564102564103,"league-shrunk"
"608841","Joey Meneses","steal_third",1,0,0,0,,0.0135036339397067,0.853503184713376,0.0131285329969371,0.853503184713376,0.0277777777777778,"league-shrunk"
"609280","Miguel Andujar","double_first_scores",4,4,1,0.25,0.25,0.41339590443686,0.41339590443686,0.396637350135644,0.383687558175613,0.102564102564103,"league-shrunk"
"609280","Miguel Andujar","first_to_second_on_out",7,7,1,0.142857142857143,0.142857142857143,0.249688314632211,0.249688314632211,0.231883119336367,0.219775586535192,0.166666666666667,"league-shrunk"
"609280","Miguel Andujar","ground_ball_double_play",13,13,3,0.230769230769231,0.230769230769231,0.204819277108434,0.204819277108434,0.211847389558233,0.215701515740381,0.270833333333333,"league-shrunk"
"609280","Miguel Andujar","sac_fly_scores",6,6,5,0.833333333333333,0.833333333333333,0.593270173146031,0.593270173146031,0.628401367319782,0.653285963192856,0.146341463414634,"league-shrunk"
"609280","Miguel Andujar","second_to_third_on_out",13,13,4,0.307692307692308,0.307692307692308,0.477532255672549,0.477532255672549,0.431533936427901,0.406309051680835,0.270833333333333,"league-shrunk"
"609280","Miguel Andujar","single_first_to_third",11,11,2,0.181818181818182,0.181818181818182,0.344619833714905,0.344619833714905,0.305689003913515,0.282867482995458,0.239130434782609,"league-shrunk"
"609280","Miguel Andujar","single_second_scores",4,4,2,0.5,0.5,0.617619711761971,0.617619711761971,0.605556151581256,0.596234309623431,0.102564102564103,"league-shrunk"
"609280","Miguel Andujar","steal_second",41,2,1,0.0487804878048781,0.5,0.0647077913972589,0.881944444444444,0.0561154302487376,0.84375,0.539473684210526,"player signal"
"609280","Miguel Andujar","steal_third",46,0,0,0,,0.0135036339397067,0.853503184713376,0.00583490355419425,0.853503184713376,0.567901234567901,"player signal"
"620443","Luis Torrens","double_first_scores",1,1,0,0,0,0.41339590443686,0.41339590443686,0.40191268486917,0.391638225255973,0.0277777777777778,"league-shrunk"
"620443","Luis Torrens","first_to_second_on_out",10,10,5,0.5,0.5,0.249688314632211,0.249688314632211,0.305313133602831,0.339085345120707,0.222222222222222,"league-shrunk"
"620443","Luis Torrens","ground_ball_double_play",19,19,3,0.157894736842105,0.157894736842105,0.204819277108434,0.204819277108434,0.188308790718429,0.180722891566265,0.351851851851852,"league-shrunk"
"620443","Luis Torrens","sac_fly_scores",5,5,2,0.4,0.4,0.593270173146031,0.593270173146031,0.569111401502777,0.551254918114285,0.125,"league-shrunk"
"620443","Luis Torrens","second_to_third_on_out",13,13,11,0.846153846153846,0.846153846153846,0.477532255672549,0.477532255672549,0.577367269761234,0.632115503293738,0.270833333333333,"league-shrunk"
"620443","Luis Torrens","single_first_to_third",16,16,7,0.4375,0.4375,0.344619833714905,0.344619833714905,0.37375870941219,0.388328147260832,0.313725490196078,"league-shrunk"
"620443","Luis Torrens","single_second_scores",9,9,8,0.888888888888889,0.888888888888889,0.617619711761971,0.617619711761971,0.673106588901568,0.708042770804277,0.204545454545455,"league-shrunk"
"620443","Luis Torrens","steal_second",48,1,1,0.0208333333333333,1,0.0647077913972589,0.881944444444444,0.0393346108301694,0.888157894736842,0.578313253012048,"player signal"
"620443","Luis Torrens","steal_third",30,0,0,0,,0.0135036339397067,0.853503184713376,0.00727118750599592,0.853503184713376,0.461538461538462,"player signal"
"621020","Dansby Swanson","double_first_scores",6,6,2,0.333333333333333,0.333333333333333,0.41339590443686,0.41339590443686,0.401679430616832,0.393380261660978,0.146341463414634,"league-shrunk"
"621020","Dansby Swanson","first_to_second_on_out",17,17,7,0.411764705882353,0.411764705882353,0.249688314632211,0.249688314632211,0.302674827156296,0.328411133239423,0.326923076923077,"league-shrunk"
"621020","Dansby Swanson","ground_ball_double_play",27,27,4,0.148148148148148,0.148148148148148,0.204819277108434,0.204819277108434,0.180139914496696,0.170816599732262,0.435483870967742,"player signal"
"621020","Dansby Swanson","sac_fly_scores",12,12,7,0.583333333333333,0.583333333333333,0.593270173146031,0.593270173146031,0.590733107661938,0.589295437220952,0.25531914893617,"league-shrunk"
"621020","Dansby Swanson","second_to_third_on_out",24,24,15,0.625,0.625,0.477532255672549,0.477532255672549,0.537519134721004,0.561799538145378,0.406779661016949,"league-shrunk"
"621020","Dansby Swanson","single_first_to_third",29,29,14,0.482758620689655,0.482758620689655,0.344619833714905,0.344619833714905,0.407213971562839,0.429854404401453,0.453125,"player signal"
"621020","Dansby Swanson","single_second_scores",20,20,16,0.8,0.8,0.617619711761971,0.617619711761971,0.6839398165758,0.713609337150407,0.363636363636364,"league-shrunk"
"621020","Dansby Swanson","steal_second",89,17,16,0.191011235955056,0.941176470588235,0.0647077913972589,0.881944444444444,0.155361070152452,0.910714285714286,0.717741935483871,"player signal"
"621020","Dansby Swanson","steal_third",60,1,1,0.0166666666666667,1,0.0135036339397067,0.853503184713376,0.0155013388198919,0.861213543412672,0.631578947368421,"player signal"
"621043","Carlos Correa","double_first_scores",6,6,2,0.333333333333333,0.333333333333333,0.41339590443686,0.41339590443686,0.401679430616832,0.393380261660978,0.146341463414634,"league-shrunk"
"621043","Carlos Correa","first_to_second_on_out",13,13,3,0.230769230769231,0.230769230769231,0.249688314632211,0.249688314632211,0.244564396085987,0.241754505270316,0.270833333333333,"league-shrunk"
"621043","Carlos Correa","ground_ball_double_play",20,20,3,0.15,0.15,0.204819277108434,0.204819277108434,0.184884994523549,0.175967025998732,0.363636363636364,"league-shrunk"
"621043","Carlos Correa","sac_fly_scores",3,3,1,0.333333333333333,0.333333333333333,0.593270173146031,0.593270173146031,0.572748843687134,0.556136338887074,0.0789473684210526,"league-shrunk"
"621043","Carlos Correa","second_to_third_on_out",5,5,1,0.2,0.2,0.477532255672549,0.477532255672549,0.442840723713481,0.417199156613299,0.125,"league-shrunk"
"621043","Carlos Correa","single_first_to_third",4,4,0,0,0,0.344619833714905,0.344619833714905,0.309274209744146,0.281961682130377,0.102564102564103,"league-shrunk"
"621043","Carlos Correa","single_second_scores",9,9,6,0.666666666666667,0.666666666666667,0.617619711761971,0.617619711761971,0.627652043447023,0.633968696730203,0.204545454545455,"league-shrunk"
"621043","Carlos Correa","steal_second",42,1,1,0.0238095238095238,1,0.0647077913972589,0.881944444444444,0.0423996454403125,0.888157894736842,0.545454545454545,"player signal"
"621043","Carlos Correa","steal_third",25,0,0,0,,0.0135036339397067,0.853503184713376,0.00787711979816224,0.853503184713376,0.416666666666667,"player signal"
"621438","Tyrone Taylor","double_first_scores",1,1,1,1,1,0.41339590443686,0.41339590443686,0.429690462646947,0.444269804203341,0.0277777777777778,"league-shrunk"
"621438","Tyrone Taylor","first_to_second_on_out",11,11,4,0.363636363636364,0.363636363636364,0.249688314632211,0.249688314632211,0.276936761133204,0.292909988392407,0.239130434782609,"league-shrunk"
"621438","Tyrone Taylor","ground_ball_double_play",17,17,5,0.294117647058824,0.294117647058824,0.204819277108434,0.204819277108434,0.23401297497683,0.248192771084337,0.326923076923077,"league-shrunk"
"621438","Tyrone Taylor","sac_fly_scores",5,5,3,0.6,0.6,0.593270173146031,0.593270173146031,0.594111401502777,0.59473317898385,0.125,"league-shrunk"
"621438","Tyrone Taylor","second_to_third_on_out",10,10,6,0.6,0.6,0.477532255672549,0.477532255672549,0.504747309967538,0.521270735789496,0.222222222222222,"league-shrunk"
"621438","Tyrone Taylor","single_first_to_third",13,13,6,0.461538461538462,0.461538461538462,0.344619833714905,0.344619833714905,0.376285295417119,0.39365022602801,0.270833333333333,"league-shrunk"
"621438","Tyrone Taylor","single_second_scores",4,4,3,0.75,0.75,0.617619711761971,0.617619711761971,0.631197177222282,0.641688855077976,0.102564102564103,"league-shrunk"
"621438","Tyrone Taylor","steal_second",51,3,3,0.0588235294117647,1,0.0647077913972589,0.881944444444444,0.0612182871965589,0.898809523809524,0.593023255813954,"player signal"
"621438","Tyrone Taylor","steal_third",42,0,0,0,,0.0135036339397067,0.853503184713376,0.00613801542713941,0.853503184713376,0.545454545454545,"player signal"
"621439","Byron Buxton","double_first_scores",3,3,3,1,1,0.41339590443686,0.41339590443686,0.459706754086582,0.497196489517309,0.0789473684210526,"league-shrunk"
"621439","Byron Buxton","first_to_second_on_out",13,13,6,0.461538461538462,0.461538461538462,0.249688314632211,0.249688314632211,0.307064396085987,0.338528698818703,0.270833333333333,"league-shrunk"
"621439","Byron Buxton","ground_ball_double_play",33,33,11,0.333333333333333,0.333333333333333,0.204819277108434,0.204819277108434,0.267186392629341,0.28797543113631,0.485294117647059,"player signal"
"621439","Byron Buxton","sac_fly_scores",8,8,6,0.75,0.75,0.593270173146031,0.593270173146031,0.622429210700258,0.641494735254944,0.186046511627907,"league-shrunk"
"621439","Byron Buxton","second_to_third_on_out",20,20,12,0.6,0.6,0.477532255672549,0.477532255672549,0.522065980882531,0.541988963213313,0.363636363636364,"league-shrunk"
"621439","Byron Buxton","single_first_to_third",14,14,7,0.5,0.5,0.344619833714905,0.344619833714905,0.389014166939218,0.412598656464634,0.285714285714286,"league-shrunk"
"621439","Byron Buxton","single_second_scores",9,9,6,0.666666666666667,0.666666666666667,0.617619711761971,0.617619711761971,0.627652043447023,0.633968696730203,0.204545454545455,"league-shrunk"
"621439","Byron Buxton","steal_second",74,5,5,0.0675675675675676,1,0.0647077913972589,0.881944444444444,0.0666492908156336,0.907608695652174,0.678899082568807,"player signal"
"621439","Byron Buxton","steal_third",58,0,0,0,,0.0135036339397067,0.853503184713376,0.0050820127730079,0.853503184713376,0.623655913978495,"player signal"
"621493","Taylor Ward","double_first_scores",15,15,6,0.4,0.4,0.41339590443686,0.41339590443686,0.409377133105802,0.40730685696556,0.3,"league-shrunk"
"621493","Taylor Ward","first_to_second_on_out",51,51,10,0.196078431372549,0.196078431372549,0.249688314632211,0.249688314632211,0.21789640711776,0.210063618309852,0.593023255813954,"player signal"
"621493","Taylor Ward","ground_ball_double_play",80,80,15,0.1875,0.1875,0.204819277108434,0.204819277108434,0.192771084337349,0.190681091713794,0.695652173913043,"player signal"
"621493","Taylor Ward","sac_fly_scores",16,16,9,0.5625,0.5625,0.593270173146031,0.593270173146031,0.583616785492374,0.578790091665546,0.313725490196078,"league-shrunk"
"621493","Taylor Ward","second_to_third_on_out",29,29,16,0.551724137931034,0.551724137931034,0.477532255672549,0.477532255672549,0.511150452320925,0.523310225576721,0.453125,"player signal"
"621493","Taylor Ward","single_first_to_third",30,30,9,0.3,0.3,0.344619833714905,0.344619833714905,0.324026064308026,0.31673243764309,0.461538461538462,"player signal"
"621493","Taylor Ward","single_second_scores",10,10,9,0.9,0.9,0.617619711761971,0.617619711761971,0.680370886925978,0.718469814704124,0.222222222222222,"league-shrunk"
"621493","Taylor Ward","steal_second",199,5,2,0.0251256281407035,0.4,0.0647077913972589,0.881944444444444,0.0310460371748037,0.777173913043478,0.85042735042735,"player signal"
"621493","Taylor Ward","steal_third",93,0,0,0,,0.0135036339397067,0.853503184713376,0.00369239990538855,0.853503184713376,0.7265625,"player signal"
"621550","Patrick Wisdom","first_to_second_on_out",1,1,0,0,0,0.249688314632211,0.249688314632211,0.24275252811465,0.236546824388411,0.0277777777777778,"league-shrunk"
"621550","Patrick Wisdom","ground_ball_double_play",2,2,0,0,0,0.204819277108434,0.204819277108434,0.193747964832302,0.18433734939759,0.0540540540540541,"league-shrunk"
"621550","Patrick Wisdom","sac_fly_scores",1,1,1,1,1,0.593270173146031,0.593270173146031,0.604568223891974,0.614677006138345,0.0277777777777778,"league-shrunk"
"621550","Patrick Wisdom","second_to_third_on_out",1,1,1,1,1,0.477532255672549,0.477532255672549,0.492045248570534,0.505030558005573,0.0277777777777778,"league-shrunk"
"621550","Patrick Wisdom","single_first_to_third",1,1,0,0,0,0.344619833714905,0.344619833714905,0.335047060556158,0.32648194772991,0.0277777777777778,"league-shrunk"
"621550","Patrick Wisdom","steal_second",7,0,0,0,,0.0647077913972589,0.881944444444444,0.0539231594977157,0.881944444444444,0.166666666666667,"league-shrunk"
"621550","Patrick Wisdom","steal_third",3,0,0,0,,0.0135036339397067,0.853503184713376,0.0124375575760456,0.853503184713376,0.0789473684210526,"league-shrunk"
"621566","Matt Olson","double_first_scores",9,9,2,0.222222222222222,0.222222222222222,0.41339590443686,0.41339590443686,0.374292196711139,0.349671343698647,0.204545454545455,"league-shrunk"
"621566","Matt Olson","first_to_second_on_out",26,26,7,0.269230769230769,0.269230769230769,0.249688314632211,0.249688314632211,0.258017885444711,0.261236128713177,0.426229508196721,"player signal"
"621566","Matt Olson","ground_ball_double_play",51,51,8,0.156862745098039,0.156862745098039,0.204819277108434,0.204819277108434,0.176379938358083,0.169373144752925,0.593023255813954,"player signal"
"621566","Matt Olson","sac_fly_scores",13,13,7,0.538461538461538,0.538461538461538,0.593270173146031,0.593270173146031,0.578426167918981,0.570285906988018,0.270833333333333,"league-shrunk"
"621566","Matt Olson","second_to_third_on_out",24,24,14,0.583333333333333,0.583333333333333,0.477532255672549,0.477532255672549,0.520569982178631,0.537990014335854,0.406779661016949,"league-shrunk"
"621566","Matt Olson","single_first_to_third",28,28,13,0.464285714285714,0.464285714285714,0.344619833714905,0.344619833714905,0.397804669524154,0.417459934931919,0.444444444444444,"player signal"
"621566","Matt Olson","single_second_scores",16,16,11,0.6875,0.6875,0.617619711761971,0.617619711761971,0.63954293944449,0.650504553285749,0.313725490196078,"league-shrunk"
"621566","Matt Olson","steal_second",127,2,2,0.015748031496063,1,0.0647077913972589,0.881944444444444,0.0263257574006424,0.89375,0.783950617283951,"player signal"
"621566","Matt Olson","steal_third",68,0,0,0,,0.0135036339397067,0.853503184713376,0.00458861347465762,0.853503184713376,0.660194174757282,"player signal"
"622268","Donovan Walton","double_first_scores",5,5,1,0.2,0.2,0.41339590443686,0.41339590443686,0.386721416382253,0.367005490428847,0.125,"league-shrunk"
"622268","Donovan Walton","first_to_second_on_out",9,9,0,0,0,0.249688314632211,0.249688314632211,0.198615704821077,0.166458876421474,0.204545454545455,"league-shrunk"
"622268","Donovan Walton","ground_ball_double_play",18,18,4,0.222222222222222,0.222222222222222,0.204819277108434,0.204819277108434,0.210729711298022,0.213520749665328,0.339622641509434,"league-shrunk"
"622268","Donovan Walton","sac_fly_scores",5,5,5,1,1,0.593270173146031,0.593270173146031,0.644111401502777,0.681689700722981,0.125,"league-shrunk"
"622268","Donovan Walton","second_to_third_on_out",13,13,2,0.153846153846154,0.153846153846154,0.477532255672549,0.477532255672549,0.389867269761234,0.341792922648577,0.270833333333333,"league-shrunk"
"622268","Donovan Walton","single_first_to_third",13,13,5,0.384615384615385,0.384615384615385,0.344619833714905,0.344619833714905,0.355451962083785,0.361392161511881,0.270833333333333,"league-shrunk"
"622268","Donovan Walton","single_second_scores",9,9,7,0.777777777777778,0.777777777777778,0.617619711761971,0.617619711761971,0.650379316174295,0.67100573376724,0.204545454545455,"league-shrunk"
"622268","Donovan Walton","steal_second",56,3,1,0.0535714285714286,0.333333333333333,0.0647077913972589,0.881944444444444,0.0578546450429018,0.803571428571429,0.615384615384615,"player signal"
"622268","Donovan Walton","steal_third",44,0,0,0,,0.0135036339397067,0.853503184713376,0.00598262263151563,0.853503184713376,0.556962025316456,"player signal"
"622761","Jorge Mateo","double_first_scores",3,3,3,1,1,0.41339590443686,0.41339590443686,0.459706754086582,0.497196489517309,0.0789473684210526,"league-shrunk"
"622761","Jorge Mateo","first_to_second_on_out",8,8,2,0.25,0.25,0.249688314632211,0.249688314632211,0.249746302607614,0.2497842178223,0.186046511627907,"league-shrunk"
"622761","Jorge Mateo","ground_ball_double_play",11,11,1,0.0909090909090909,0.0909090909090909,0.204819277108434,0.204819277108434,0.177579884756417,0.161611965101786,0.239130434782609,"league-shrunk"
"622761","Jorge Mateo","sac_fly_scores",3,3,3,1,1,0.593270173146031,0.593270173146031,0.625380422634502,0.651374434125169,0.0789473684210526,"league-shrunk"
"622761","Jorge Mateo","second_to_third_on_out",8,8,8,1,1,0.477532255672549,0.477532255672549,0.574735556942773,0.638291561619457,0.186046511627907,"league-shrunk"
"622761","Jorge Mateo","single_first_to_third",9,9,4,0.444444444444444,0.444444444444444,0.344619833714905,0.344619833714905,0.365038504091402,0.377894703958085,0.204545454545455,"league-shrunk"
"622761","Jorge Mateo","single_second_scores",10,10,9,0.9,0.9,0.617619711761971,0.617619711761971,0.680370886925978,0.718469814704124,0.222222222222222,"league-shrunk"
"622761","Jorge Mateo","steal_second",41,10,8,0.24390243902439,0.8,0.0647077913972589,0.881944444444444,0.161378588143474,0.852678571428571,0.539473684210526,"player signal"
"622761","Jorge Mateo","steal_third",21,2,2,0.0952380952380952,1,0.0135036339397067,0.853503184713376,0.0441540569266024,0.868152866242038,0.375,"league-shrunk"
"623168","Tyler Heineman","double_first_scores",4,4,1,0.25,0.25,0.41339590443686,0.41339590443686,0.396637350135644,0.383687558175613,0.102564102564103,"league-shrunk"
"623168","Tyler Heineman","first_to_second_on_out",7,7,1,0.142857142857143,0.142857142857143,0.249688314632211,0.249688314632211,0.231883119336367,0.219775586535192,0.166666666666667,"league-shrunk"
"623168","Tyler Heineman","ground_ball_double_play",10,10,1,0.1,0.1,0.204819277108434,0.204819277108434,0.181526104417671,0.167383820998279,0.222222222222222,"league-shrunk"
"623168","Tyler Heineman","sac_fly_scores",4,4,3,0.75,0.75,0.593270173146031,0.593270173146031,0.609345027182335,0.621766505301298,0.102564102564103,"league-shrunk"
"623168","Tyler Heineman","second_to_third_on_out",2,2,0,0,0,0.477532255672549,0.477532255672549,0.451719701311871,0.429779030105294,0.0540540540540541,"league-shrunk"
"623168","Tyler Heineman","single_first_to_third",5,5,1,0.2,0.2,0.344619833714905,0.344619833714905,0.326542354500542,0.313180739429056,0.125,"league-shrunk"
"623168","Tyler Heineman","single_second_scores",4,4,1,0.25,0.25,0.617619711761971,0.617619711761971,0.579915125940231,0.550779764168886,0.102564102564103,"league-shrunk"
"623168","Tyler Heineman","steal_second",33,1,1,0.0303030303030303,1,0.0647077913972589,0.881944444444444,0.0480113632191774,0.888157894736842,0.485294117647059,"player signal"
"623168","Tyler Heineman","steal_third",11,0,0,0,,0.0135036339397067,0.853503184713376,0.0102745040845594,0.853503184713376,0.239130434782609,"league-shrunk"
"623205","Andrew Velazquez","first_to_second_on_out",1,1,0,0,0,0.249688314632211,0.249688314632211,0.24275252811465,0.236546824388411,0.0277777777777778,"league-shrunk"
"623205","Andrew Velazquez","ground_ball_double_play",1,1,0,0,0,0.204819277108434,0.204819277108434,0.199129852744311,0.194039315155358,0.0277777777777778,"league-shrunk"
"623205","Andrew Velazquez","steal_second",3,1,1,0.333333333333333,1,0.0647077913972589,0.881944444444444,0.0859150710237911,0.888157894736842,0.0789473684210526,"league-shrunk"
"624413","Pete Alonso","double_first_scores",8,8,3,0.375,0.375,0.41339590443686,0.41339590443686,0.406252480355584,0.401581779994749,0.186046511627907,"league-shrunk"
"624413","Pete Alonso","first_to_second_on_out",29,29,3,0.103448275862069,0.103448275862069,0.249688314632211,0.249688314632211,0.183423297064491,0.159455099220847,0.453125,"player signal"
"624413","Pete Alonso","ground_ball_double_play",55,55,12,0.218181818181818,0.218181818181818,0.204819277108434,0.204819277108434,0.212985274431058,0.214886945040436,0.611111111111111,"player signal"
"624413","Pete Alonso","sac_fly_scores",6,6,4,0.666666666666667,0.666666666666667,0.593270173146031,0.593270173146031,0.604011123417343,0.61161929652619,0.146341463414634,"league-shrunk"
"624413","Pete Alonso","second_to_third_on_out",17,17,7,0.411764705882353,0.411764705882353,0.477532255672549,0.477532255672549,0.456031325933447,0.445588017203025,0.326923076923077,"league-shrunk"
"624413","Pete Alonso","single_first_to_third",29,29,4,0.137931034482759,0.137931034482759,0.344619833714905,0.344619833714905,0.250963971562839,0.217088446954645,0.453125,"player signal"
"624413","Pete Alonso","single_second_scores",20,20,11,0.55,0.55,0.617619711761971,0.617619711761971,0.593030725666709,0.582030389781986,0.363636363636364,"league-shrunk"
"624413","Pete Alonso","steal_second",163,5,5,0.0306748466257669,1,0.0647077913972589,0.881944444444444,0.0366907712065862,0.907608695652174,0.823232323232323,"player signal"
"624413","Pete Alonso","steal_third",89,0,0,0,,0.0135036339397067,0.853503184713376,0.00381150957975592,0.853503184713376,0.717741935483871,"player signal"
"624424","Michael Conforto","double_first_scores",5,5,2,0.4,0.4,0.41339590443686,0.41339590443686,0.411721416382253,0.410483751298412,0.125,"league-shrunk"
"624424","Michael Conforto","first_to_second_on_out",14,14,4,0.285714285714286,0.285714285714286,0.249688314632211,0.249688314632211,0.25998144922709,0.265449676980619,0.285714285714286,"league-shrunk"
"624424","Michael Conforto","ground_ball_double_play",27,27,6,0.222222222222222,0.222222222222222,0.204819277108434,0.204819277108434,0.212397979012825,0.215261044176707,0.435483870967742,"player signal"
"624424","Michael Conforto","sac_fly_scores",6,6,3,0.5,0.5,0.593270173146031,0.593270173146031,0.579620879514904,0.569952629859523,0.146341463414634,"league-shrunk"
"624424","Michael Conforto","second_to_third_on_out",14,14,9,0.642857142857143,0.642857142857143,0.477532255672549,0.477532255672549,0.52476793772529,0.549861893815809,0.285714285714286,"league-shrunk"
"624424","Michael Conforto","single_first_to_third",13,13,3,0.230769230769231,0.230769230769231,0.344619833714905,0.344619833714905,0.313785295417119,0.296876032479622,0.270833333333333,"league-shrunk"
"624424","Michael Conforto","single_second_scores",5,5,3,0.6,0.6,0.617619711761971,0.617619711761971,0.615417247791725,0.613789339639804,0.125,"league-shrunk"
"624424","Michael Conforto","steal_second",58,1,1,0.0172413793103448,1,0.0647077913972589,0.881944444444444,0.0351050827839146,0.888157894736842,0.623655913978495,"player signal"
"624424","Michael Conforto","steal_third",52,0,0,0,,0.0135036339397067,0.853503184713376,0.00543249641252569,0.853503184713376,0.597701149425287,"player signal"
"624428","Adam Frazier","first_to_second_on_out",11,11,3,0.272727272727273,0.272727272727273,0.249688314632211,0.249688314632211,0.255197630698422,0.258427229771717,0.239130434782609,"league-shrunk"
"624428","Adam Frazier","ground_ball_double_play",13,13,0,0,0,0.204819277108434,0.204819277108434,0.149347389558233,0.118927322191994,0.270833333333333,"league-shrunk"
"624428","Adam Frazier","sac_fly_scores",7,7,2,0.285714285714286,0.285714285714286,0.593270173146031,0.593270173146031,0.542010858574073,0.507154524665142,0.166666666666667,"league-shrunk"
"624428","Adam Frazier","second_to_third_on_out",7,7,5,0.714285714285714,0.714285714285714,0.477532255672549,0.477532255672549,0.51699116544141,0.543823224084235,0.166666666666667,"league-shrunk"
"624428","Adam Frazier","single_first_to_third",7,7,4,0.571428571428571,0.571428571428571,0.344619833714905,0.344619833714905,0.382421290000516,0.408126280274732,0.166666666666667,"league-shrunk"
"624428","Adam Frazier","single_second_scores",4,4,2,0.5,0.5,0.617619711761971,0.617619711761971,0.605556151581256,0.596234309623431,0.102564102564103,"league-shrunk"
"624428","Adam Frazier","steal_second",38,3,2,0.0789473684210526,0.666666666666667,0.0647077913972589,0.881944444444444,0.0721201739575899,0.851190476190476,0.520547945205479,"player signal"
"624428","Adam Frazier","steal_third",19,0,0,0,,0.0135036339397067,0.853503184713376,0.00875235533129138,0.853503184713376,0.351851851851852,"league-shrunk"
"624431","Jose Trevino","double_first_scores",2,2,1,0.5,0.5,0.41339590443686,0.41339590443686,0.418077206899733,0.422056313993174,0.0540540540540541,"league-shrunk"
"624431","Jose Trevino","first_to_second_on_out",4,4,1,0.25,0.25,0.249688314632211,0.249688314632211,0.249720282362241,0.249744984699082,0.102564102564103,"league-shrunk"
"624431","Jose Trevino","ground_ball_double_play",8,8,2,0.25,0.25,0.204819277108434,0.204819277108434,0.213224992995237,0.218721037998146,0.186046511627907,"league-shrunk"
"624431","Jose Trevino","sac_fly_scores",3,3,1,0.333333333333333,0.333333333333333,0.593270173146031,0.593270173146031,0.572748843687134,0.556136338887074,0.0789473684210526,"league-shrunk"
"624431","Jose Trevino","second_to_third_on_out",4,4,2,0.5,0.5,0.477532255672549,0.477532255672549,0.479836639706134,0.481617300095722,0.102564102564103,"league-shrunk"
"624431","Jose Trevino","single_first_to_third",4,4,3,0.75,0.75,0.344619833714905,0.344619833714905,0.386197286667223,0.418325318494013,0.102564102564103,"league-shrunk"
"624431","Jose Trevino","single_second_scores",1,1,0,0,0,0.617619711761971,0.617619711761971,0.600463608657472,0.58511341114292,0.0277777777777778,"league-shrunk"
"624431","Jose Trevino","steal_second",23,0,0,0,,0.0647077913972589,0.881944444444444,0.0390478051535183,0.881944444444444,0.396551724137931,"league-shrunk"
"624431","Jose Trevino","steal_third",9,0,0,0,,0.0135036339397067,0.853503184713376,0.010741526997494,0.853503184713376,0.204545454545455,"league-shrunk"
"624512","Reese McGuire","ground_ball_double_play",4,4,3,0.75,0.75,0.204819277108434,0.204819277108434,0.260735248687056,0.3039430449069,0.102564102564103,"league-shrunk"
"624512","Reese McGuire","single_first_to_third",1,1,0,0,0,0.344619833714905,0.344619833714905,0.335047060556158,0.32648194772991,0.0277777777777778,"league-shrunk"
"624512","Reese McGuire","steal_second",3,0,0,0,,0.0647077913972589,0.881944444444444,0.0595992815501069,0.881944444444444,0.0789473684210526,"league-shrunk"
"624585","Jorge Soler","double_first_scores",3,3,0,0,0,0.41339590443686,0.41339590443686,0.380759385665529,0.354339346660166,0.0789473684210526,"league-shrunk"
"624585","Jorge Soler","first_to_second_on_out",9,9,1,0.111111111111111,0.111111111111111,0.249688314632211,0.249688314632211,0.22134297754835,0.203495913458511,0.204545454545455,"league-shrunk"
"624585","Jorge Soler","ground_ball_double_play",23,23,7,0.304347826086957,0.304347826086957,0.204819277108434,0.204819277108434,0.244287494806813,0.2606523655598,0.396551724137931,"league-shrunk"
"624585","Jorge Soler","sac_fly_scores",1,1,0,0,0,0.593270173146031,0.593270173146031,0.576790446114197,0.562045427190976,0.0277777777777778,"league-shrunk"
"624585","Jorge Soler","second_to_third_on_out",15,15,8,0.533333333333333,0.533333333333333,0.477532255672549,0.477532255672549,0.494272578970785,0.502896381881997,0.3,"league-shrunk"
"624585","Jorge Soler","single_first_to_third",24,24,2,0.0833333333333333,0.0833333333333333,0.344619833714905,0.344619833714905,0.238333799661385,0.195313262068293,0.406779661016949,"league-shrunk"
"624585","Jorge Soler","single_second_scores",10,10,6,0.6,0.6,0.617619711761971,0.617619711761971,0.613704220259311,0.611326957561267,0.222222222222222,"league-shrunk"
"624585","Jorge Soler","steal_second",63,0,0,0,,0.0647077913972589,0.881944444444444,0.023109925499021,0.881944444444444,0.642857142857143,"player signal"
"624585","Jorge Soler","steal_third",49,0,0,0,,0.0135036339397067,0.853503184713376,0.00562651414154446,0.853503184713376,0.583333333333333,"player signal"
"624641","Edmundo Sosa","double_first_scores",2,2,0,0,0,0.41339590443686,0.41339590443686,0.391050179872706,0.372056313993174,0.0540540540540541,"league-shrunk"
"624641","Edmundo Sosa","first_to_second_on_out",14,14,3,0.214285714285714,0.214285714285714,0.249688314632211,0.249688314632211,0.239573285961784,0.234199676980619,0.285714285714286,"league-shrunk"
"624641","Edmundo Sosa","ground_ball_double_play",24,24,5,0.208333333333333,0.208333333333333,0.204819277108434,0.204819277108434,0.206248723708393,0.206827309236948,0.406779661016949,"league-shrunk"
"624641","Edmundo Sosa","sac_fly_scores",6,6,4,0.666666666666667,0.666666666666667,0.593270173146031,0.593270173146031,0.604011123417343,0.61161929652619,0.146341463414634,"league-shrunk"
"624641","Edmundo Sosa","second_to_third_on_out",9,9,6,0.666666666666667,0.666666666666667,0.477532255672549,0.477532255672549,0.516218839739528,0.540577059337255,0.204545454545455,"league-shrunk"
"624641","Edmundo Sosa","single_first_to_third",9,9,3,0.333333333333333,0.333333333333333,0.344619833714905,0.344619833714905,0.342311231364129,0.340857666921048,0.204545454545455,"league-shrunk"
"624641","Edmundo Sosa","single_second_scores",5,5,3,0.6,0.6,0.617619711761971,0.617619711761971,0.615417247791725,0.613789339639804,0.125,"league-shrunk"
"624641","Edmundo Sosa","steal_second",58,3,3,0.0517241379310345,1,0.0647077913972589,0.881944444444444,0.0566104591280007,0.898809523809524,0.623655913978495,"player signal"
"624641","Edmundo Sosa","steal_third",32,1,1,0.03125,1,0.0135036339397067,0.853503184713376,0.021979510267011,0.861213543412672,0.477611940298507,"player signal"
"628451","Andy Ibáñez","first_to_second_on_out",2,2,1,0.5,0.5,0.249688314632211,0.249688314632211,0.263218676003443,0.27471948316899,0.0540540540540541,"league-shrunk"
"628451","Andy Ibáñez","ground_ball_double_play",2,2,0,0,0,0.204819277108434,0.204819277108434,0.193747964832302,0.18433734939759,0.0540540540540541,"league-shrunk"
"628451","Andy Ibáñez","steal_second",3,0,0,0,,0.0647077913972589,0.881944444444444,0.0595992815501069,0.881944444444444,0.0789473684210526,"league-shrunk"
"628451","Andy Ibáñez","steal_third",2,0,0,0,,0.0135036339397067,0.853503184713376,0.0127737077808036,0.853503184713376,0.0540540540540541,"league-shrunk"
"630105","Jake Cronenworth","double_first_scores",3,3,1,0.333333333333333,0.333333333333333,0.41339590443686,0.41339590443686,0.407075175139213,0.401958394279213,0.0789473684210526,"league-shrunk"
"630105","Jake Cronenworth","first_to_second_on_out",14,14,4,0.285714285714286,0.285714285714286,0.249688314632211,0.249688314632211,0.25998144922709,0.265449676980619,0.285714285714286,"league-shrunk"
"630105","Jake Cronenworth","ground_ball_double_play",34,34,14,0.411764705882353,0.411764705882353,0.204819277108434,0.204819277108434,0.306792386939061,0.340129749768304,0.492753623188406,"player signal"
"630105","Jake Cronenworth","sac_fly_scores",5,5,4,0.8,0.8,0.593270173146031,0.593270173146031,0.619111401502777,0.638211439853415,0.125,"league-shrunk"
"630105","Jake Cronenworth","second_to_third_on_out",6,6,5,0.833333333333333,0.833333333333333,0.477532255672549,0.477532255672549,0.529600706061932,0.566482525087745,0.146341463414634,"league-shrunk"
"630105","Jake Cronenworth","single_first_to_third",19,19,8,0.421052631578947,0.421052631578947,0.344619833714905,0.344619833714905,0.371512855185587,0.383869108293738,0.351851851851852,"league-shrunk"
"630105","Jake Cronenworth","single_second_scores",9,9,4,0.444444444444444,0.444444444444444,0.617619711761971,0.617619711761971,0.582197497992477,0.559894622656129,0.204545454545455,"league-shrunk"
"630105","Jake Cronenworth","steal_second",86,5,5,0.0581395348837209,1,0.0647077913972589,0.881944444444444,0.0600394437925955,0.907608695652174,0.710743801652893,"player signal"
"630105","Jake Cronenworth","steal_third",33,0,0,0,,0.0135036339397067,0.853503184713376,0.00695039982190786,0.853503184713376,0.485294117647059,"player signal"
"640459","Brian Navarreto","double_first_scores",1,1,0,0,0,0.41339590443686,0.41339590443686,0.40191268486917,0.391638225255973,0.0277777777777778,"league-shrunk"
"640459","Brian Navarreto","first_to_second_on_out",1,1,0,0,0,0.249688314632211,0.249688314632211,0.24275252811465,0.236546824388411,0.0277777777777778,"league-shrunk"
"640459","Brian Navarreto","ground_ball_double_play",2,2,0,0,0,0.204819277108434,0.204819277108434,0.193747964832302,0.18433734939759,0.0540540540540541,"league-shrunk"
"640459","Brian Navarreto","sac_fly_scores",1,1,1,1,1,0.593270173146031,0.593270173146031,0.604568223891974,0.614677006138345,0.0277777777777778,"league-shrunk"
"640459","Brian Navarreto","second_to_third_on_out",4,4,2,0.5,0.5,0.477532255672549,0.477532255672549,0.479836639706134,0.481617300095722,0.102564102564103,"league-shrunk"
"640459","Brian Navarreto","single_first_to_third",1,1,0,0,0,0.344619833714905,0.344619833714905,0.335047060556158,0.32648194772991,0.0277777777777778,"league-shrunk"
"640459","Brian Navarreto","single_second_scores",2,2,1,0.5,0.5,0.617619711761971,0.617619711761971,0.611261889504567,0.605857740585774,0.0540540540540541,"league-shrunk"
"640459","Brian Navarreto","steal_second",5,0,0,0,,0.0647077913972589,0.881944444444444,0.0566193174726015,0.881944444444444,0.125,"league-shrunk"
"640459","Brian Navarreto","steal_third",6,0,0,0,,0.0135036339397067,0.853503184713376,0.0115274923875545,0.853503184713376,0.146341463414634,"league-shrunk"
"640492","José Azócar","first_to_second_on_out",4,4,1,0.25,0.25,0.249688314632211,0.249688314632211,0.249720282362241,0.249744984699082,0.102564102564103,"league-shrunk"
"640492","José Azócar","ground_ball_double_play",5,5,1,0.2,0.2,0.204819277108434,0.204819277108434,0.204216867469879,0.203771608171818,0.125,"league-shrunk"
"640492","José Azócar","second_to_third_on_out",3,3,1,0.333333333333333,0.333333333333333,0.477532255672549,0.477532255672549,0.466148130224717,0.45693240962409,0.0789473684210526,"league-shrunk"
"640492","José Azócar","single_second_scores",1,1,1,1,1,0.617619711761971,0.617619711761971,0.62824138643525,0.637744990090289,0.0277777777777778,"league-shrunk"
"640492","José Azócar","steal_second",6,0,0,0,,0.0647077913972589,0.881944444444444,0.0552383585098552,0.881944444444444,0.146341463414634,"league-shrunk"
"640492","José Azócar","steal_third",7,0,0,0,,0.0135036339397067,0.853503184713376,0.0112530282830889,0.853503184713376,0.166666666666667,"league-shrunk"
"640902","Jhonny Pereda","double_first_scores",2,2,1,0.5,0.5,0.41339590443686,0.41339590443686,0.418077206899733,0.422056313993174,0.0540540540540541,"league-shrunk"
"640902","Jhonny Pereda","first_to_second_on_out",7,7,0,0,0,0.249688314632211,0.249688314632211,0.208073595526843,0.179775586535192,0.166666666666667,"league-shrunk"
"640902","Jhonny Pereda","ground_ball_double_play",10,10,2,0.2,0.2,0.204819277108434,0.204819277108434,0.203748326639893,0.203098106712565,0.222222222222222,"league-shrunk"
"640902","Jhonny Pereda","sac_fly_scores",2,2,0,0,0,0.593270173146031,0.593270173146031,0.561201515138137,0.533943155831428,0.0540540540540541,"league-shrunk"
"640902","Jhonny Pereda","second_to_third_on_out",1,1,0,0,0,0.477532255672549,0.477532255672549,0.464267470792756,0.452398979058205,0.0277777777777778,"league-shrunk"
"640902","Jhonny Pereda","single_first_to_third",4,4,2,0.5,0.5,0.344619833714905,0.344619833714905,0.360556261026197,0.372870773039468,0.102564102564103,"league-shrunk"
"640902","Jhonny Pereda","single_second_scores",2,2,1,0.5,0.5,0.617619711761971,0.617619711761971,0.611261889504567,0.605857740585774,0.0540540540540541,"league-shrunk"
"640902","Jhonny Pereda","steal_second",33,0,0,0,,0.0647077913972589,0.881944444444444,0.0333054808662362,0.881944444444444,0.485294117647059,"player signal"
"640902","Jhonny Pereda","steal_third",7,0,0,0,,0.0135036339397067,0.853503184713376,0.0112530282830889,0.853503184713376,0.166666666666667,"league-shrunk"
"641343","Jake Bauers","double_first_scores",16,16,11,0.6875,0.6875,0.41339590443686,0.41339590443686,0.499389346182159,0.542386067054808,0.313725490196078,"league-shrunk"
"641343","Jake Bauers","first_to_second_on_out",27,27,9,0.333333333333333,0.333333333333333,0.249688314632211,0.249688314632211,0.286114371163345,0.299875325852885,0.435483870967742,"player signal"
"641343","Jake Bauers","ground_ball_double_play",46,46,7,0.152173913043478,0.152173913043478,0.204819277108434,0.204819277108434,0.174921909861669,0.166980421686747,0.567901234567901,"player signal"
"641343","Jake Bauers","sac_fly_scores",15,15,11,0.733333333333333,0.733333333333333,0.593270173146031,0.593270173146031,0.635289121202221,0.656935245958441,0.3,"league-shrunk"
"641343","Jake Bauers","second_to_third_on_out",29,29,15,0.517241379310345,0.517241379310345,0.477532255672549,0.477532255672549,0.495525452320925,0.50203362983204,0.453125,"player signal"
"641343","Jake Bauers","single_first_to_third",37,37,13,0.351351351351351,0.351351351351351,0.344619833714905,0.344619833714905,0.348079085833635,0.349148309215787,0.513888888888889,"player signal"
"641343","Jake Bauers","single_second_scores",15,15,11,0.733333333333333,0.733333333333333,0.617619711761971,0.617619711761971,0.65233379823338,0.670216812476227,0.3,"league-shrunk"
"641343","Jake Bauers","steal_second",127,8,7,0.062992125984252,0.875,0.0647077913972589,0.881944444444444,0.0633627944376794,0.879807692307692,0.783950617283951,"player signal"
"641343","Jake Bauers","steal_third",73,3,2,0.0410958904109589,0.666666666666667,0.0135036339397067,0.853503184713376,0.0321539554434235,0.826812253563846,0.675925925925926,"player signal"
"641355","Cody Bellinger","double_first_scores",10,10,7,0.7,0.7,0.41339590443686,0.41339590443686,0.477085703450891,0.515754509995124,0.222222222222222,"league-shrunk"
"641355","Cody Bellinger","first_to_second_on_out",21,21,3,0.142857142857143,0.142857142857143,0.249688314632211,0.249688314632211,0.209626625216561,0.192163837522559,0.375,"league-shrunk"
"641355","Cody Bellinger","ground_ball_double_play",39,39,7,0.179487179487179,0.179487179487179,0.204819277108434,0.204819277108434,0.191468577010746,0.187486789262312,0.527027027027027,"player signal"
"641355","Cody Bellinger","sac_fly_scores",11,11,6,0.545454545454545,0.545454545454545,0.593270173146031,0.593270173146031,0.581836001306762,0.575133210918226,0.239130434782609,"league-shrunk"
"641355","Cody Bellinger","second_to_third_on_out",15,15,6,0.4,0.4,0.477532255672549,0.477532255672549,0.454272578970785,0.442290321275936,0.3,"league-shrunk"
"641355","Cody Bellinger","single_first_to_third",27,27,13,0.481481481481481,0.481481481481481,0.344619833714905,0.344619833714905,0.404220873871318,0.426736822374851,0.435483870967742,"player signal"
"641355","Cody Bellinger","single_second_scores",10,10,5,0.5,0.5,0.617619711761971,0.617619711761971,0.591481998037089,0.575612671846981,0.222222222222222,"league-shrunk"
"641355","Cody Bellinger","steal_second",123,10,7,0.0813008130081301,0.7,0.0647077913972589,0.881944444444444,0.0776251436639497,0.816964285714286,0.778481012658228,"player signal"
"641355","Cody Bellinger","steal_third",65,2,2,0.0307692307692308,1,0.0135036339397067,0.853503184713376,0.0247262718788973,0.868152866242038,0.65,"player signal"
"641487","J.P. Crawford","double_first_scores",2,2,0,0,0,0.41339590443686,0.41339590443686,0.391050179872706,0.372056313993174,0.0540540540540541,"league-shrunk"
"641487","J.P. Crawford","first_to_second_on_out",24,24,2,0.0833333333333333,0.0833333333333333,0.249688314632211,0.249688314632211,0.182018491730973,0.154628325318567,0.406779661016949,"league-shrunk"
"641487","J.P. Crawford","ground_ball_double_play",50,50,12,0.24,0.24,0.204819277108434,0.204819277108434,0.225513819985826,0.230687455705174,0.588235294117647,"player signal"
"641487","J.P. Crawford","sac_fly_scores",4,4,4,1,1,0.593270173146031,0.593270173146031,0.634986052823361,0.667221050755843,0.102564102564103,"league-shrunk"
"641487","J.P. Crawford","second_to_third_on_out",16,16,6,0.375,0.375,0.477532255672549,0.477532255672549,0.445365273500769,0.429281782414879,0.313725490196078,"league-shrunk"
"641487","J.P. Crawford","single_first_to_third",20,20,7,0.35,0.35,0.344619833714905,0.344619833714905,0.346576257818576,0.347451500180745,0.363636363636364,"league-shrunk"
"641487","J.P. Crawford","single_second_scores",7,7,4,0.571428571428571,0.571428571428571,0.617619711761971,0.617619711761971,0.609921188373071,0.604686192468619,0.166666666666667,"league-shrunk"
"641487","J.P. Crawford","steal_second",121,2,1,0.0165289256198347,0.5,0.0647077913972589,0.881944444444444,0.0273382865314363,0.84375,0.775641025641026,"player signal"
"641487","J.P. Crawford","steal_third",66,0,0,0,,0.0135036339397067,0.853503184713376,0.00467947710781916,0.853503184713376,0.653465346534653,"player signal"
"641555","J.C. Escarra","first_to_second_on_out",2,2,0,0,0,0.249688314632211,0.249688314632211,0.236191648976416,0.22471948316899,0.0540540540540541,"league-shrunk"
"641555","J.C. Escarra","ground_ball_double_play",6,6,3,0.5,0.5,0.204819277108434,0.204819277108434,0.248016456068175,0.278614457831325,0.146341463414634,"league-shrunk"
"641555","J.C. Escarra","sac_fly_scores",1,1,1,1,1,0.593270173146031,0.593270173146031,0.604568223891974,0.614677006138345,0.0277777777777778,"league-shrunk"
"641555","J.C. Escarra","second_to_third_on_out",3,3,2,0.666666666666667,0.666666666666667,0.477532255672549,0.477532255672549,0.492463919698401,0.504551457243137,0.0789473684210526,"league-shrunk"
"641555","J.C. Escarra","single_first_to_third",4,4,1,0.25,0.25,0.344619833714905,0.344619833714905,0.334915235385172,0.327416227584923,0.102564102564103,"league-shrunk"
"641555","J.C. Escarra","single_second_scores",4,4,3,0.75,0.75,0.617619711761971,0.617619711761971,0.631197177222282,0.641688855077976,0.102564102564103,"league-shrunk"
"641555","J.C. Escarra","steal_second",13,0,0,0,,0.0647077913972589,0.881944444444444,0.0471827645605013,0.881944444444444,0.270833333333333,"league-shrunk"
"641555","J.C. Escarra","steal_third",9,0,0,0,,0.0135036339397067,0.853503184713376,0.010741526997494,0.853503184713376,0.204545454545455,"league-shrunk"
"641584","Jake Fraley","first_to_second_on_out",4,4,1,0.25,0.25,0.249688314632211,0.249688314632211,0.249720282362241,0.249744984699082,0.102564102564103,"league-shrunk"
"641584","Jake Fraley","ground_ball_double_play",4,4,0,0,0,0.204819277108434,0.204819277108434,0.183812171763979,0.167579408543264,0.102564102564103,"league-shrunk"
"641584","Jake Fraley","sac_fly_scores",1,1,0,0,0,0.593270173146031,0.593270173146031,0.576790446114197,0.562045427190976,0.0277777777777778,"league-shrunk"
"641584","Jake Fraley","second_to_third_on_out",5,5,2,0.4,0.4,0.477532255672549,0.477532255672549,0.467840723713481,0.460677417482865,0.125,"league-shrunk"
"641584","Jake Fraley","single_first_to_third",6,6,0,0,0,0.344619833714905,0.344619833714905,0.294187662927358,0.258464875286179,0.146341463414634,"league-shrunk"
"641584","Jake Fraley","single_second_scores",3,3,1,0.333333333333333,0.333333333333333,0.617619711761971,0.617619711761971,0.595176050307079,0.577007371986451,0.0789473684210526,"league-shrunk"
"641584","Jake Fraley","steal_second",17,3,3,0.176470588235294,1,0.0647077913972589,0.881944444444444,0.101245628825078,0.898809523809524,0.326923076923077,"league-shrunk"
"641584","Jake Fraley","steal_third",24,0,0,0,,0.0135036339397067,0.853503184713376,0.00801063030321584,0.853503184713376,0.406779661016949,"league-shrunk"
"641598","Mitch Garver","double_first_scores",2,2,1,0.5,0.5,0.41339590443686,0.41339590443686,0.418077206899733,0.422056313993174,0.0540540540540541,"league-shrunk"
"641598","Mitch Garver","first_to_second_on_out",9,9,1,0.111111111111111,0.111111111111111,0.249688314632211,0.249688314632211,0.22134297754835,0.203495913458511,0.204545454545455,"league-shrunk"
"641598","Mitch Garver","ground_ball_double_play",14,14,4,0.285714285714286,0.285714285714286,0.204819277108434,0.204819277108434,0.227932136710106,0.240210843373494,0.285714285714286,"league-shrunk"
"641598","Mitch Garver","sac_fly_scores",2,2,2,1,1,0.593270173146031,0.593270173146031,0.615255569192191,0.633943155831428,0.0540540540540541,"league-shrunk"
"641598","Mitch Garver","second_to_third_on_out",8,8,5,0.625,0.625,0.477532255672549,0.477532255672549,0.504968115082308,0.522906946234842,0.186046511627907,"league-shrunk"
"641598","Mitch Garver","single_first_to_third",8,8,1,0.125,0.125,0.344619833714905,0.344619833714905,0.303760329767946,0.277044500264165,0.186046511627907,"league-shrunk"
"641598","Mitch Garver","single_second_scores",4,4,3,0.75,0.75,0.617619711761971,0.617619711761971,0.631197177222282,0.641688855077976,0.102564102564103,"league-shrunk"
"641598","Mitch Garver","steal_second",45,1,1,0.0222222222222222,1,0.0647077913972589,0.881944444444444,0.0408096587363008,0.888157894736842,0.5625,"player signal"
"641598","Mitch Garver","steal_third",17,0,0,0,,0.0135036339397067,0.853503184713376,0.0090889843824949,0.853503184713376,0.326923076923077,"league-shrunk"
"641680","Jonah Heim","double_first_scores",3,3,0,0,0,0.41339590443686,0.41339590443686,0.380759385665529,0.354339346660166,0.0789473684210526,"league-shrunk"
"641680","Jonah Heim","first_to_second_on_out",12,12,2,0.166666666666667,0.166666666666667,0.249688314632211,0.249688314632211,0.22849129813037,0.216479655445993,0.25531914893617,"league-shrunk"
"641680","Jonah Heim","ground_ball_double_play",20,20,5,0.25,0.25,0.204819277108434,0.204819277108434,0.221248630887185,0.2285986049461,0.363636363636364,"league-shrunk"
"641680","Jonah Heim","sac_fly_scores",3,3,2,0.666666666666667,0.666666666666667,0.593270173146031,0.593270173146031,0.599064633160818,0.603755386506121,0.0789473684210526,"league-shrunk"
"641680","Jonah Heim","second_to_third_on_out",8,8,2,0.25,0.25,0.477532255672549,0.477532255672549,0.435200673221843,0.407522330850226,0.186046511627907,"league-shrunk"
"641680","Jonah Heim","single_first_to_third",16,16,4,0.25,0.25,0.344619833714905,0.344619833714905,0.314935180000425,0.300092853143185,0.313725490196078,"league-shrunk"
"641680","Jonah Heim","single_second_scores",7,7,2,0.285714285714286,0.285714285714286,0.617619711761971,0.617619711761971,0.562302140754024,0.524686192468619,0.166666666666667,"league-shrunk"
"641680","Jonah Heim","steal_second",70,0,0,0,,0.0647077913972589,0.881944444444444,0.0215692637990863,0.881944444444444,0.666666666666667,"player signal"
"641680","Jonah Heim","steal_third",51,0,0,0,,0.0135036339397067,0.853503184713376,0.00549566497546203,0.853503184713376,0.593023255813954,"player signal"
"641820","Trey Mancini","double_first_scores",1,1,1,1,1,0.41339590443686,0.41339590443686,0.429690462646947,0.444269804203341,0.0277777777777778,"league-shrunk"
"641820","Trey Mancini","steal_second",3,0,0,0,,0.0647077913972589,0.881944444444444,0.0595992815501069,0.881944444444444,0.0789473684210526,"league-shrunk"
"641820","Trey Mancini","steal_third",3,0,0,0,,0.0135036339397067,0.853503184713376,0.0124375575760456,0.853503184713376,0.0789473684210526,"league-shrunk"
"641857","Ryan McMahon","double_first_scores",2,2,1,0.5,0.5,0.41339590443686,0.41339590443686,0.418077206899733,0.422056313993174,0.0540540540540541,"league-shrunk"
"641857","Ryan McMahon","first_to_second_on_out",10,10,1,0.1,0.1,0.249688314632211,0.249688314632211,0.216424244713942,0.196228202263564,0.222222222222222,"league-shrunk"
"641857","Ryan McMahon","ground_ball_double_play",23,23,7,0.304347826086957,0.304347826086957,0.204819277108434,0.204819277108434,0.244287494806813,0.2606523655598,0.396551724137931,"league-shrunk"
"641857","Ryan McMahon","sac_fly_scores",4,4,2,0.5,0.5,0.593270173146031,0.593270173146031,0.58370400154131,0.576311959846752,0.102564102564103,"league-shrunk"
"641857","Ryan McMahon","second_to_third_on_out",13,13,4,0.307692307692308,0.307692307692308,0.477532255672549,0.477532255672549,0.431533936427901,0.406309051680835,0.270833333333333,"league-shrunk"
"641857","Ryan McMahon","single_first_to_third",9,9,1,0.111111111111111,0.111111111111111,0.344619833714905,0.344619833714905,0.296856685909584,0.266783592846974,0.204545454545455,"league-shrunk"
"641857","Ryan McMahon","single_second_scores",5,5,5,1,1,0.617619711761971,0.617619711761971,0.665417247791725,0.700745861378934,0.125,"league-shrunk"
"641857","Ryan McMahon","steal_second",65,2,1,0.0307692307692308,0.5,0.0647077913972589,0.881944444444444,0.0426477269890406,0.84375,0.65,"player signal"
"641857","Ryan McMahon","steal_third",45,2,2,0.0444444444444444,1,0.0135036339397067,0.853503184713376,0.0309078398486217,0.868152866242038,0.5625,"player signal"
"641933","Tyler O'Neill","double_first_scores",4,4,0,0,0,0.41339590443686,0.41339590443686,0.370996324494618,0.338233012721067,0.102564102564103,"league-shrunk"
"641933","Tyler O'Neill","first_to_second_on_out",13,13,4,0.307692307692308,0.307692307692308,0.249688314632211,0.249688314632211,0.265397729419321,0.274012569786445,0.270833333333333,"league-shrunk"
"641933","Tyler O'Neill","ground_ball_double_play",18,18,3,0.166666666666667,0.166666666666667,0.204819277108434,0.204819277108434,0.19186178676972,0.18574297188755,0.339622641509434,"league-shrunk"
"641933","Tyler O'Neill","sac_fly_scores",6,6,3,0.5,0.5,0.593270173146031,0.593270173146031,0.579620879514904,0.569952629859523,0.146341463414634,"league-shrunk"
"641933","Tyler O'Neill","second_to_third_on_out",9,9,4,0.444444444444444,0.444444444444444,0.477532255672549,0.477532255672549,0.470764294284982,0.466502985263181,0.204545454545455,"league-shrunk"
"641933","Tyler O'Neill","single_first_to_third",18,18,8,0.444444444444444,0.444444444444444,0.344619833714905,0.344619833714905,0.378522531698522,0.394532139079675,0.339622641509434,"league-shrunk"
"641933","Tyler O'Neill","single_second_scores",6,6,4,0.666666666666667,0.666666666666667,0.617619711761971,0.617619711761971,0.624797314918756,0.629881450488145,0.146341463414634,"league-shrunk"
"641933","Tyler O'Neill","steal_second",56,1,1,0.0178571428571429,1,0.0647077913972589,0.881944444444444,0.0358766230648798,0.888157894736842,0.615384615384615,"player signal"
"641933","Tyler O'Neill","steal_third",29,0,0,0,,0.0135036339397067,0.853503184713376,0.0073847998107771,0.853503184713376,0.453125,"player signal"
"642020","Chuckie Robinson","first_to_second_on_out",1,1,0,0,0,0.249688314632211,0.249688314632211,0.24275252811465,0.236546824388411,0.0277777777777778,"league-shrunk"
"642020","Chuckie Robinson","ground_ball_double_play",1,1,0,0,0,0.204819277108434,0.204819277108434,0.199129852744311,0.194039315155358,0.0277777777777778,"league-shrunk"
"642020","Chuckie Robinson","single_first_to_third",1,1,0,0,0,0.344619833714905,0.344619833714905,0.335047060556158,0.32648194772991,0.0277777777777778,"league-shrunk"
"642020","Chuckie Robinson","single_second_scores",1,1,1,1,1,0.617619711761971,0.617619711761971,0.62824138643525,0.637744990090289,0.0277777777777778,"league-shrunk"
"642020","Chuckie Robinson","steal_second",3,0,0,0,,0.0647077913972589,0.881944444444444,0.0595992815501069,0.881944444444444,0.0789473684210526,"league-shrunk"
"642020","Chuckie Robinson","steal_third",1,0,0,0,,0.0135036339397067,0.853503184713376,0.0131285329969371,0.853503184713376,0.0277777777777778,"league-shrunk"
"642086","Dominic Smith","double_first_scores",4,4,2,0.5,0.5,0.41339590443686,0.41339590443686,0.422278375776669,0.429142103630158,0.102564102564103,"league-shrunk"
"642086","Dominic Smith","first_to_second_on_out",16,16,4,0.25,0.25,0.249688314632211,0.249688314632211,0.249786098277008,0.249834990099406,0.313725490196078,"league-shrunk"
"642086","Dominic Smith","ground_ball_double_play",18,18,2,0.111111111111111,0.111111111111111,0.204819277108434,0.204819277108434,0.172993862241418,0.157965194109772,0.339622641509434,"league-shrunk"
"642086","Dominic Smith","sac_fly_scores",3,3,3,1,1,0.593270173146031,0.593270173146031,0.625380422634502,0.651374434125169,0.0789473684210526,"league-shrunk"
"642086","Dominic Smith","second_to_third_on_out",10,10,4,0.4,0.4,0.477532255672549,0.477532255672549,0.460302865523094,0.449842164360925,0.222222222222222,"league-shrunk"
"642086","Dominic Smith","single_first_to_third",16,16,4,0.25,0.25,0.344619833714905,0.344619833714905,0.314935180000425,0.300092853143185,0.313725490196078,"league-shrunk"
"642086","Dominic Smith","single_second_scores",11,11,9,0.818181818181818,0.818181818181818,0.617619711761971,0.617619711761971,0.665580215471065,0.69369499350743,0.239130434782609,"league-shrunk"
"642086","Dominic Smith","steal_second",83,0,0,0,,0.0647077913972589,0.881944444444444,0.0191929889737632,0.881944444444444,0.703389830508475,"player signal"
"642086","Dominic Smith","steal_third",46,0,0,0,,0.0135036339397067,0.853503184713376,0.00583490355419425,0.853503184713376,0.567901234567901,"player signal"
"642133","Rowdy Tellez","double_first_scores",1,1,0,0,0,0.41339590443686,0.41339590443686,0.40191268486917,0.391638225255973,0.0277777777777778,"league-shrunk"
"642133","Rowdy Tellez","steal_second",1,0,0,0,,0.0647077913972589,0.881944444444444,0.062910352747335,0.881944444444444,0.0277777777777778,"league-shrunk"
"642201","Eli White","double_first_scores",8,8,2,0.25,0.25,0.41339590443686,0.41339590443686,0.382996666402095,0.363120241533211,0.186046511627907,"league-shrunk"
"642201","Eli White","first_to_second_on_out",9,9,0,0,0,0.249688314632211,0.249688314632211,0.198615704821077,0.166458876421474,0.204545454545455,"league-shrunk"
"642201","Eli White","ground_ball_double_play",11,11,0,0,0,0.204819277108434,0.204819277108434,0.155840754321634,0.127129206481097,0.239130434782609,"league-shrunk"
"642201","Eli White","sac_fly_scores",6,6,4,0.666666666666667,0.666666666666667,0.593270173146031,0.593270173146031,0.604011123417343,0.61161929652619,0.146341463414634,"league-shrunk"
"642201","Eli White","second_to_third_on_out",12,12,6,0.5,0.5,0.477532255672549,0.477532255672549,0.48326870103275,0.48651935340353,0.25531914893617,"league-shrunk"
"642201","Eli White","single_first_to_third",11,11,3,0.272727272727273,0.272727272727273,0.344619833714905,0.344619833714905,0.327428134348298,0.317350241616148,0.239130434782609,"league-shrunk"
"642201","Eli White","single_second_scores",5,5,4,0.8,0.8,0.617619711761971,0.617619711761971,0.640417247791725,0.657267600509369,0.125,"league-shrunk"
"642201","Eli White","steal_second",46,3,3,0.0652173913043478,1,0.0647077913972589,0.881944444444444,0.0649971938136304,0.898809523809524,0.567901234567901,"player signal"
"642201","Eli White","steal_third",38,0,0,0,,0.0135036339397067,0.853503184713376,0.00647434503958541,0.853503184713376,0.520547945205479,"player signal"
"642215","Weston Wilson","double_first_scores",1,1,0,0,0,0.41339590443686,0.41339590443686,0.40191268486917,0.391638225255973,0.0277777777777778,"league-shrunk"
"642215","Weston Wilson","first_to_second_on_out",5,5,3,0.6,0.6,0.249688314632211,0.249688314632211,0.293477275303185,0.3258430288426,0.125,"league-shrunk"
"642215","Weston Wilson","ground_ball_double_play",12,12,2,0.166666666666667,0.166666666666667,0.204819277108434,0.204819277108434,0.195078185080749,0.189558232931727,0.25531914893617,"league-shrunk"
"642215","Weston Wilson","sac_fly_scores",2,2,2,1,1,0.593270173146031,0.593270173146031,0.615255569192191,0.633943155831428,0.0540540540540541,"league-shrunk"
"642215","Weston Wilson","second_to_third_on_out",2,2,0,0,0,0.477532255672549,0.477532255672549,0.451719701311871,0.429779030105294,0.0540540540540541,"league-shrunk"
"642215","Weston Wilson","single_first_to_third",9,9,3,0.333333333333333,0.333333333333333,0.344619833714905,0.344619833714905,0.342311231364129,0.340857666921048,0.204545454545455,"league-shrunk"
"642215","Weston Wilson","single_second_scores",8,8,5,0.625,0.625,0.617619711761971,0.617619711761971,0.618992788643465,0.619890569681365,0.186046511627907,"league-shrunk"
"642215","Weston Wilson","steal_second",31,6,6,0.193548387096774,1,0.0647077913972589,0.881944444444444,0.125223828771274,0.911458333333333,0.46969696969697,"player signal"
"642215","Weston Wilson","steal_third",15,0,0,0,,0.0135036339397067,0.853503184713376,0.00945254375779469,0.853503184713376,0.3,"league-shrunk"
"642350","Jose Siri","double_first_scores",3,3,1,0.333333333333333,0.333333333333333,0.41339590443686,0.41339590443686,0.407075175139213,0.401958394279213,0.0789473684210526,"league-shrunk"
"642350","Jose Siri","first_to_second_on_out",9,9,4,0.444444444444444,0.444444444444444,0.249688314632211,0.249688314632211,0.289524795730168,0.314607024569622,0.204545454545455,"league-shrunk"
"642350","Jose Siri","ground_ball_double_play",15,15,1,0.0666666666666667,0.0666666666666667,0.204819277108434,0.204819277108434,0.163373493975904,0.14202263599854,0.3,"league-shrunk"
"642350","Jose Siri","sac_fly_scores",1,1,0,0,0,0.593270173146031,0.593270173146031,0.576790446114197,0.562045427190976,0.0277777777777778,"league-shrunk"
"642350","Jose Siri","second_to_third_on_out",6,6,3,0.5,0.5,0.477532255672549,0.477532255672549,0.480820218257054,0.483149191754412,0.146341463414634,"league-shrunk"
"642350","Jose Siri","single_first_to_third",12,12,8,0.666666666666667,0.666666666666667,0.344619833714905,0.344619833714905,0.426844557021738,0.47343856689561,0.25531914893617,"league-shrunk"
"642350","Jose Siri","single_second_scores",3,3,3,1,1,0.617619711761971,0.617619711761971,0.647807629254447,0.672245467224547,0.0789473684210526,"league-shrunk"
"642350","Jose Siri","steal_second",41,3,3,0.0731707317073171,1,0.0647077913972589,0.881944444444444,0.0692733249855798,0.898809523809524,0.539473684210526,"player signal"
"642350","Jose Siri","steal_third",30,1,1,0.0333333333333333,1,0.0135036339397067,0.853503184713376,0.0226558028906113,0.861213543412672,0.461538461538462,"player signal"
"642708","Amed Rosario","double_first_scores",2,2,0,0,0,0.41339590443686,0.41339590443686,0.391050179872706,0.372056313993174,0.0540540540540541,"league-shrunk"
"642708","Amed Rosario","first_to_second_on_out",7,7,0,0,0,0.249688314632211,0.249688314632211,0.208073595526843,0.179775586535192,0.166666666666667,"league-shrunk"
"642708","Amed Rosario","ground_ball_double_play",17,17,3,0.176470588235294,0.176470588235294,0.204819277108434,0.204819277108434,0.195551436515292,0.19104991394148,0.326923076923077,"league-shrunk"
"642708","Amed Rosario","sac_fly_scores",5,5,1,0.2,0.2,0.593270173146031,0.593270173146031,0.544111401502777,0.50777665724472,0.125,"league-shrunk"
"642708","Amed Rosario","second_to_third_on_out",4,4,3,0.75,0.75,0.477532255672549,0.477532255672549,0.50547766534716,0.527071845550268,0.102564102564103,"league-shrunk"
"642708","Amed Rosario","single_first_to_third",10,10,4,0.4,0.4,0.344619833714905,0.344619833714905,0.356926537333815,0.364398464531011,0.222222222222222,"league-shrunk"
"642708","Amed Rosario","single_second_scores",5,5,1,0.2,0.2,0.617619711761971,0.617619711761971,0.565417247791725,0.526832817900673,0.125,"league-shrunk"
"642708","Amed Rosario","steal_second",44,1,1,0.0227272727272727,1,0.0647077913972589,0.881944444444444,0.0413262366949881,0.888157894736842,0.556962025316456,"player signal"
"642708","Amed Rosario","steal_third",29,0,0,0,,0.0135036339397067,0.853503184713376,0.0073847998107771,0.853503184713376,0.453125,"player signal"
"642715","Willy Adames","double_first_scores",4,4,0,0,0,0.41339590443686,0.41339590443686,0.370996324494618,0.338233012721067,0.102564102564103,"league-shrunk"
"642715","Willy Adames","first_to_second_on_out",24,24,6,0.25,0.25,0.249688314632211,0.249688314632211,0.249815101900464,0.249866420556662,0.406779661016949,"league-shrunk"
"642715","Willy Adames","ground_ball_double_play",38,38,8,0.210526315789474,0.210526315789474,0.204819277108434,0.204819277108434,0.207790064367057,0.208691910499139,0.520547945205479,"player signal"
"642715","Willy Adames","sac_fly_scores",6,6,4,0.666666666666667,0.666666666666667,0.593270173146031,0.593270173146031,0.604011123417343,0.61161929652619,0.146341463414634,"league-shrunk"
"642715","Willy Adames","second_to_third_on_out",18,18,9,0.5,0.5,0.477532255672549,0.477532255672549,0.485162810349797,0.488766127836275,0.339622641509434,"league-shrunk"
"642715","Willy Adames","single_first_to_third",21,21,7,0.333333333333333,0.333333333333333,0.344619833714905,0.344619833714905,0.340387396071816,0.338542487355597,0.375,"league-shrunk"
"642715","Willy Adames","single_second_scores",15,15,8,0.533333333333333,0.533333333333333,0.617619711761971,0.617619711761971,0.59233379823338,0.579307721567136,0.3,"league-shrunk"
"642715","Willy Adames","steal_second",104,7,5,0.0673076923076923,0.714285714285714,0.0647077913972589,0.881944444444444,0.0666530409993098,0.835,0.748201438848921,"player signal"
"642715","Willy Adames","steal_third",62,0,0,0,,0.0135036339397067,0.853503184713376,0.00487244523597665,0.853503184713376,0.639175257731959,"player signal"
"642851","Austin Wynns","double_first_scores",2,2,1,0.5,0.5,0.41339590443686,0.41339590443686,0.418077206899733,0.422056313993174,0.0540540540540541,"league-shrunk"
"642851","Austin Wynns","first_to_second_on_out",6,6,2,0.333333333333333,0.333333333333333,0.249688314632211,0.249688314632211,0.261929049076278,0.270599569307492,0.146341463414634,"league-shrunk"
"642851","Austin Wynns","ground_ball_double_play",11,11,3,0.272727272727273,0.272727272727273,0.204819277108434,0.204819277108434,0.221058145625982,0.230577482343166,0.239130434782609,"league-shrunk"
"642851","Austin Wynns","sac_fly_scores",1,1,0,0,0,0.593270173146031,0.593270173146031,0.576790446114197,0.562045427190976,0.0277777777777778,"league-shrunk"
"642851","Austin Wynns","second_to_third_on_out",1,1,1,1,1,0.477532255672549,0.477532255672549,0.492045248570534,0.505030558005573,0.0277777777777778,"league-shrunk"
"642851","Austin Wynns","single_first_to_third",1,1,0,0,0,0.344619833714905,0.344619833714905,0.335047060556158,0.32648194772991,0.0277777777777778,"league-shrunk"
"642851","Austin Wynns","single_second_scores",1,1,1,1,1,0.617619711761971,0.617619711761971,0.62824138643525,0.637744990090289,0.0277777777777778,"league-shrunk"
"642851","Austin Wynns","steal_second",19,0,0,0,,0.0647077913972589,0.881944444444444,0.04194023516489,0.881944444444444,0.351851851851852,"league-shrunk"
"642851","Austin Wynns","steal_third",2,0,0,0,,0.0135036339397067,0.853503184713376,0.0127737077808036,0.853503184713376,0.0540540540540541,"league-shrunk"
"643217","Andrew Benintendi","double_first_scores",3,3,2,0.666666666666667,0.666666666666667,0.41339590443686,0.41339590443686,0.433390964612897,0.449577441898261,0.0789473684210526,"league-shrunk"
"643217","Andrew Benintendi","first_to_second_on_out",17,17,3,0.176470588235294,0.176470588235294,0.249688314632211,0.249688314632211,0.225751750233219,0.214125418953709,0.326923076923077,"league-shrunk"
"643217","Andrew Benintendi","ground_ball_double_play",24,24,1,0.0416666666666667,0.0416666666666667,0.204819277108434,0.204819277108434,0.138452113538901,0.111589213998853,0.406779661016949,"league-shrunk"
"643217","Andrew Benintendi","sac_fly_scores",10,10,6,0.6,0.6,0.593270173146031,0.593270173146031,0.594765690224691,0.595673682736734,0.222222222222222,"league-shrunk"
"643217","Andrew Benintendi","second_to_third_on_out",19,19,9,0.473684210526316,0.473684210526316,0.477532255672549,0.477532255672549,0.476178313861838,0.475556232489348,0.351851851851852,"league-shrunk"
"643217","Andrew Benintendi","single_first_to_third",19,19,5,0.263157894736842,0.263157894736842,0.344619833714905,0.344619833714905,0.315957299630031,0.302788027212657,0.351851851851852,"league-shrunk"
"643217","Andrew Benintendi","single_second_scores",9,9,7,0.777777777777778,0.777777777777778,0.617619711761971,0.617619711761971,0.650379316174295,0.67100573376724,0.204545454545455,"league-shrunk"
"643217","Andrew Benintendi","steal_second",93,1,1,0.010752688172043,1,0.0647077913972589,0.881944444444444,0.025506036710188,0.888157894736842,0.7265625,"player signal"
"643217","Andrew Benintendi","steal_third",63,0,0,0,,0.0135036339397067,0.853503184713376,0.00482272640703811,0.853503184713376,0.642857142857143,"player signal"
"643289","Mauricio Dubón","double_first_scores",11,11,7,0.636363636363636,0.636363636363636,0.41339590443686,0.41339590443686,0.466714275115002,0.49796987171943,0.239130434782609,"league-shrunk"
"643289","Mauricio Dubón","first_to_second_on_out",32,32,6,0.1875,0.1875,0.249688314632211,0.249688314632211,0.219986433016827,0.209887793267596,0.477611940298507,"player signal"
"643289","Mauricio Dubón","ground_ball_double_play",60,60,13,0.216666666666667,0.216666666666667,0.204819277108434,0.204819277108434,0.212301838934686,0.21393265369169,0.631578947368421,"player signal"
"643289","Mauricio Dubón","sac_fly_scores",11,11,8,0.727272727272727,0.727272727272727,0.593270173146031,0.593270173146031,0.625314262176328,0.644098728159605,0.239130434782609,"league-shrunk"
"643289","Mauricio Dubón","second_to_third_on_out",29,29,18,0.620689655172414,0.620689655172414,0.477532255672549,0.477532255672549,0.542400452320925,0.565863417066083,0.453125,"player signal"
"643289","Mauricio Dubón","single_first_to_third",23,23,8,0.347826086956522,0.347826086956522,0.344619833714905,0.344619833714905,0.345891278965891,0.346418463582154,0.396551724137931,"league-shrunk"
"643289","Mauricio Dubón","single_second_scores",10,10,7,0.7,0.7,0.617619711761971,0.617619711761971,0.635926442481533,0.647041243275553,0.222222222222222,"league-shrunk"
"643289","Mauricio Dubón","steal_second",145,7,6,0.0482758620689655,0.857142857142857,0.0647077913972589,0.881944444444444,0.0514709594383559,0.875,0.805555555555556,"player signal"
"643289","Mauricio Dubón","steal_third",74,0,0,0,,0.0135036339397067,0.853503184713376,0.00433602924669481,0.853503184713376,0.678899082568807,"player signal"
"643376","Danny Jansen","double_first_scores",3,3,1,0.333333333333333,0.333333333333333,0.41339590443686,0.41339590443686,0.407075175139213,0.401958394279213,0.0789473684210526,"league-shrunk"
"643376","Danny Jansen","first_to_second_on_out",5,5,2,0.4,0.4,0.249688314632211,0.249688314632211,0.268477275303185,0.282364767973035,0.125,"league-shrunk"
"643376","Danny Jansen","ground_ball_double_play",10,10,2,0.2,0.2,0.204819277108434,0.204819277108434,0.203748326639893,0.203098106712565,0.222222222222222,"league-shrunk"
"643376","Danny Jansen","sac_fly_scores",3,3,2,0.666666666666667,0.666666666666667,0.593270173146031,0.593270173146031,0.599064633160818,0.603755386506121,0.0789473684210526,"league-shrunk"
"643376","Danny Jansen","second_to_third_on_out",3,3,0,0,0,0.477532255672549,0.477532255672549,0.439832340751032,0.409313362005042,0.0789473684210526,"league-shrunk"
"643376","Danny Jansen","single_first_to_third",7,7,3,0.428571428571429,0.428571428571429,0.344619833714905,0.344619833714905,0.358611766190993,0.368126280274732,0.166666666666667,"league-shrunk"
"643376","Danny Jansen","single_second_scores",6,6,2,0.333333333333333,0.333333333333333,0.617619711761971,0.617619711761971,0.576016827113878,0.546548117154812,0.146341463414634,"league-shrunk"
"643376","Danny Jansen","steal_second",27,1,1,0.037037037037037,1,0.0647077913972589,0.881944444444444,0.052657624175872,0.888157894736842,0.435483870967742,"player signal"
"643376","Danny Jansen","steal_third",19,0,0,0,,0.0135036339397067,0.853503184713376,0.00875235533129138,0.853503184713376,0.351851851851852,"league-shrunk"
"643396","Isiah Kiner-Falefa","double_first_scores",3,3,2,0.666666666666667,0.666666666666667,0.41339590443686,0.41339590443686,0.433390964612897,0.449577441898261,0.0789473684210526,"league-shrunk"
"643396","Isiah Kiner-Falefa","first_to_second_on_out",8,8,5,0.625,0.625,0.249688314632211,0.249688314632211,0.319513744468079,0.365168833206916,0.186046511627907,"league-shrunk"
"643396","Isiah Kiner-Falefa","ground_ball_double_play",12,12,1,0.0833333333333333,0.0833333333333333,0.204819277108434,0.204819277108434,0.173801589336068,0.156224899598394,0.25531914893617,"league-shrunk"
"643396","Isiah Kiner-Falefa","sac_fly_scores",2,2,2,1,1,0.593270173146031,0.593270173146031,0.615255569192191,0.633943155831428,0.0540540540540541,"league-shrunk"
"643396","Isiah Kiner-Falefa","second_to_third_on_out",7,7,3,0.428571428571429,0.428571428571429,0.477532255672549,0.477532255672549,0.469372117822363,0.463823224084235,0.166666666666667,"league-shrunk"
"643396","Isiah Kiner-Falefa","single_first_to_third",16,16,9,0.5625,0.5625,0.344619833714905,0.344619833714905,0.4129743956867,0.447151676672597,0.313725490196078,"league-shrunk"
"643396","Isiah Kiner-Falefa","single_second_scores",3,3,1,0.333333333333333,0.333333333333333,0.617619711761971,0.617619711761971,0.595176050307079,0.577007371986451,0.0789473684210526,"league-shrunk"
"643396","Isiah Kiner-Falefa","steal_second",47,7,7,0.148936170212766,1,0.0647077913972589,0.881944444444444,0.112985032913464,0.915,0.573170731707317,"player signal"
"643396","Isiah Kiner-Falefa","steal_third",26,0,0,0,,0.0135036339397067,0.853503184713376,0.00774798668671696,0.853503184713376,0.426229508196721,"player signal"
"643446","Jeff McNeil","double_first_scores",5,5,3,0.6,0.6,0.41339590443686,0.41339590443686,0.436721416382253,0.453962012167977,0.125,"league-shrunk"
"643446","Jeff McNeil","first_to_second_on_out",22,22,8,0.363636363636364,0.363636363636364,0.249688314632211,0.249688314632211,0.293668263370656,0.312359741584495,0.385964912280702,"league-shrunk"
"643446","Jeff McNeil","ground_ball_double_play",43,43,10,0.232558139534884,0.232558139534884,0.204819277108434,0.204819277108434,0.220111214087118,0.224372901441833,0.551282051282051,"player signal"
"643446","Jeff McNeil","sac_fly_scores",8,8,3,0.375,0.375,0.593270173146031,0.593270173146031,0.552661768839792,0.526110119870329,0.186046511627907,"league-shrunk"
"643446","Jeff McNeil","second_to_third_on_out",11,11,6,0.545454545454545,0.545454545454545,0.477532255672549,0.477532255672549,0.493774542359548,0.503295882831237,0.239130434782609,"league-shrunk"
"643446","Jeff McNeil","single_first_to_third",24,24,4,0.166666666666667,0.166666666666667,0.344619833714905,0.344619833714905,0.27223210474613,0.24293230968734,0.406779661016949,"league-shrunk"
"643446","Jeff McNeil","single_second_scores",12,12,6,0.5,0.5,0.617619711761971,0.617619711761971,0.587589147056787,0.570571827057183,0.25531914893617,"league-shrunk"
"643446","Jeff McNeil","steal_second",116,5,5,0.0431034482758621,1,0.0647077913972589,0.881944444444444,0.0481110774761858,0.907608695652174,0.768211920529801,"player signal"
"643446","Jeff McNeil","steal_third",70,3,2,0.0428571428571429,0.666666666666667,0.0135036339397067,0.853503184713376,0.0330726398846641,0.826812253563846,0.666666666666667,"player signal"
"644433","Chadwick Tromp","double_first_scores",1,1,0,0,0,0.41339590443686,0.41339590443686,0.40191268486917,0.391638225255973,0.0277777777777778,"league-shrunk"
"644433","Chadwick Tromp","sac_fly_scores",1,1,0,0,0,0.593270173146031,0.593270173146031,0.576790446114197,0.562045427190976,0.0277777777777778,"league-shrunk"
"644433","Chadwick Tromp","second_to_third_on_out",1,1,1,1,1,0.477532255672549,0.477532255672549,0.492045248570534,0.505030558005573,0.0277777777777778,"league-shrunk"
"644433","Chadwick Tromp","single_first_to_third",1,1,1,1,1,0.344619833714905,0.344619833714905,0.362824838333936,0.379113526677279,0.0277777777777778,"league-shrunk"
"644433","Chadwick Tromp","single_second_scores",1,1,1,1,1,0.617619711761971,0.617619711761971,0.62824138643525,0.637744990090289,0.0277777777777778,"league-shrunk"
"644433","Chadwick Tromp","steal_second",6,0,0,0,,0.0647077913972589,0.881944444444444,0.0552383585098552,0.881944444444444,0.146341463414634,"league-shrunk"
"644433","Chadwick Tromp","steal_third",5,0,0,0,,0.0135036339397067,0.853503184713376,0.0118156796972434,0.853503184713376,0.125,"league-shrunk"
"645277","Ozzie Albies","double_first_scores",11,11,5,0.454545454545455,0.454545454545455,0.41339590443686,0.41339590443686,0.423236014245437,0.429004354478051,0.239130434782609,"league-shrunk"
"645277","Ozzie Albies","first_to_second_on_out",25,25,2,0.08,0.08,0.249688314632211,0.249688314632211,0.178984850202123,0.151032317753019,0.416666666666667,"player signal"
"645277","Ozzie Albies","ground_ball_double_play",50,50,11,0.22,0.22,0.204819277108434,0.204819277108434,0.213749114103473,0.215981573352232,0.588235294117647,"player signal"
"645277","Ozzie Albies","sac_fly_scores",12,12,5,0.416666666666667,0.416666666666667,0.593270173146031,0.593270173146031,0.548179916172576,0.522628770554285,0.25531914893617,"league-shrunk"
"645277","Ozzie Albies","second_to_third_on_out",25,25,14,0.56,0.56,0.477532255672549,0.477532255672549,0.511893815808987,0.525478618653625,0.416666666666667,"player signal"
"645277","Ozzie Albies","single_first_to_third",27,27,13,0.481481481481481,0.481481481481481,0.344619833714905,0.344619833714905,0.404220873871318,0.426736822374851,0.435483870967742,"player signal"
"645277","Ozzie Albies","single_second_scores",12,12,8,0.666666666666667,0.666666666666667,0.617619711761971,0.617619711761971,0.630142338546149,0.637238493723849,0.25531914893617,"league-shrunk"
"645277","Ozzie Albies","steal_second",139,4,3,0.0287769784172662,0.75,0.0647077913972589,0.881944444444444,0.0360044407982992,0.857954545454545,0.798850574712644,"player signal"
"645277","Ozzie Albies","steal_third",63,0,0,0,,0.0135036339397067,0.853503184713376,0.00482272640703811,0.853503184713376,0.642857142857143,"player signal"
"645302","Victor Robles","double_first_scores",2,2,1,0.5,0.5,0.41339590443686,0.41339590443686,0.418077206899733,0.422056313993174,0.0540540540540541,"league-shrunk"
"645302","Victor Robles","first_to_second_on_out",4,4,0,0,0,0.249688314632211,0.249688314632211,0.224079256721215,0.204290439244536,0.102564102564103,"league-shrunk"
"645302","Victor Robles","ground_ball_double_play",8,8,2,0.25,0.25,0.204819277108434,0.204819277108434,0.213224992995237,0.218721037998146,0.186046511627907,"league-shrunk"
"645302","Victor Robles","sac_fly_scores",4,4,4,1,1,0.593270173146031,0.593270173146031,0.634986052823361,0.667221050755843,0.102564102564103,"league-shrunk"
"645302","Victor Robles","second_to_third_on_out",4,4,3,0.75,0.75,0.477532255672549,0.477532255672549,0.50547766534716,0.527071845550268,0.102564102564103,"league-shrunk"
"645302","Victor Robles","single_first_to_third",11,11,5,0.454545454545455,0.454545454545455,0.344619833714905,0.344619833714905,0.370906395217863,0.386315758857528,0.239130434782609,"league-shrunk"
"645302","Victor Robles","single_second_scores",4,4,1,0.25,0.25,0.617619711761971,0.617619711761971,0.579915125940231,0.550779764168886,0.102564102564103,"league-shrunk"
"645302","Victor Robles","steal_second",40,8,6,0.2,0.75,0.0647077913972589,0.881944444444444,0.136863635985387,0.841346153846154,0.533333333333333,"player signal"
"645302","Victor Robles","steal_third",20,0,0,0,,0.0135036339397067,0.853503184713376,0.00859322159799518,0.853503184713376,0.363636363636364,"league-shrunk"
"645305","Ali Sánchez","first_to_second_on_out",5,5,0,0,0,0.249688314632211,0.249688314632211,0.218477275303185,0.195408246233904,0.125,"league-shrunk"
"645305","Ali Sánchez","ground_ball_double_play",8,8,2,0.25,0.25,0.204819277108434,0.204819277108434,0.213224992995237,0.218721037998146,0.186046511627907,"league-shrunk"
"645305","Ali Sánchez","sac_fly_scores",1,1,1,1,1,0.593270173146031,0.593270173146031,0.604568223891974,0.614677006138345,0.0277777777777778,"league-shrunk"
"645305","Ali Sánchez","second_to_third_on_out",3,3,1,0.333333333333333,0.333333333333333,0.477532255672549,0.477532255672549,0.466148130224717,0.45693240962409,0.0789473684210526,"league-shrunk"
"645305","Ali Sánchez","single_first_to_third",5,5,3,0.6,0.6,0.344619833714905,0.344619833714905,0.376542354500542,0.400137261168187,0.125,"league-shrunk"
"645305","Ali Sánchez","single_second_scores",1,1,0,0,0,0.617619711761971,0.617619711761971,0.600463608657472,0.58511341114292,0.0277777777777778,"league-shrunk"
"645305","Ali Sánchez","steal_second",23,1,0,0.0434782608695652,0,0.0647077913972589,0.881944444444444,0.0562891844638631,0.835526315789474,0.396551724137931,"league-shrunk"
"645305","Ali Sánchez","steal_third",12,0,0,0,,0.0135036339397067,0.853503184713376,0.0100558976146752,0.853503184713376,0.25531914893617,"league-shrunk"
"646240","Rafael Devers","double_first_scores",9,9,2,0.222222222222222,0.222222222222222,0.41339590443686,0.41339590443686,0.374292196711139,0.349671343698647,0.204545454545455,"league-shrunk"
"646240","Rafael Devers","first_to_second_on_out",25,25,4,0.16,0.16,0.249688314632211,0.249688314632211,0.212318183535457,0.197543945659995,0.416666666666667,"player signal"
"646240","Rafael Devers","ground_ball_double_play",47,47,8,0.170212765957447,0.170212765957447,0.204819277108434,0.204819277108434,0.184983837790185,0.179796107506951,0.573170731707317,"player signal"
"646240","Rafael Devers","sac_fly_scores",10,10,7,0.7,0.7,0.593270173146031,0.593270173146031,0.616987912446913,0.63138796845102,0.222222222222222,"league-shrunk"
"646240","Rafael Devers","second_to_third_on_out",28,28,10,0.357142857142857,0.357142857142857,0.477532255672549,0.477532255672549,0.424025856326019,0.404251752219693,0.444444444444444,"player signal"
"646240","Rafael Devers","single_first_to_third",36,36,17,0.472222222222222,0.472222222222222,0.344619833714905,0.344619833714905,0.409319636338334,0.429688092719783,0.507042253521127,"player signal"
"646240","Rafael Devers","single_second_scores",18,18,11,0.611111111111111,0.611111111111111,0.617619711761971,0.617619711761971,0.615409243616396,0.614365411436541,0.339622641509434,"league-shrunk"
"646240","Rafael Devers","steal_second",130,0,0,0,,0.0647077913972589,0.881944444444444,0.0137258951448731,0.881944444444444,0.787878787878788,"player signal"
"646240","Rafael Devers","steal_third",85,0,0,0,,0.0135036339397067,0.853503184713376,0.00393855989908112,0.853503184713376,0.708333333333333,"player signal"
"647304","Josh Naylor","double_first_scores",5,5,3,0.6,0.6,0.41339590443686,0.41339590443686,0.436721416382253,0.453962012167977,0.125,"league-shrunk"
"647304","Josh Naylor","first_to_second_on_out",22,22,7,0.318181818181818,0.318181818181818,0.249688314632211,0.249688314632211,0.276124403721533,0.287359741584495,0.385964912280702,"league-shrunk"
"647304","Josh Naylor","ground_ball_double_play",49,49,16,0.326530612244898,0.326530612244898,0.204819277108434,0.204819277108434,0.275817555938038,0.293832044596296,0.583333333333333,"player signal"
"647304","Josh Naylor","sac_fly_scores",9,9,7,0.777777777777778,0.777777777777778,0.593270173146031,0.593270173146031,0.631010365002524,0.65477270802328,0.204545454545455,"league-shrunk"
"647304","Josh Naylor","second_to_third_on_out",25,25,13,0.52,0.52,0.477532255672549,0.477532255672549,0.49522714914232,0.502222804700137,0.416666666666667,"player signal"
"647304","Josh Naylor","single_first_to_third",26,26,7,0.269230769230769,0.269230769230769,0.344619833714905,0.344619833714905,0.312486789836421,0.300071750156098,0.426229508196721,"player signal"
"647304","Josh Naylor","single_second_scores",12,12,5,0.416666666666667,0.416666666666667,0.617619711761971,0.617619711761971,0.566312551312106,0.537238493723849,0.25531914893617,"league-shrunk"
"647304","Josh Naylor","steal_second",144,22,20,0.152777777777778,0.909090909090909,0.0647077913972589,0.881944444444444,0.135557389379352,0.896875,0.804469273743017,"player signal"
"647304","Josh Naylor","steal_third",94,4,3,0.0425531914893617,0.75,0.0135036339397067,0.853503184713376,0.0346715285882925,0.834684423856399,0.728682170542636,"player signal"
"649966","Luis Urías","first_to_second_on_out",2,2,0,0,0,0.249688314632211,0.249688314632211,0.236191648976416,0.22471948316899,0.0540540540540541,"league-shrunk"
"649966","Luis Urías","ground_ball_double_play",6,6,4,0.666666666666667,0.666666666666667,0.204819277108434,0.204819277108434,0.272406699970614,0.320281124497992,0.146341463414634,"league-shrunk"
"649966","Luis Urías","sac_fly_scores",1,1,1,1,1,0.593270173146031,0.593270173146031,0.604568223891974,0.614677006138345,0.0277777777777778,"league-shrunk"
"649966","Luis Urías","second_to_third_on_out",2,2,1,0.5,0.5,0.477532255672549,0.477532255672549,0.478746728338898,0.479779030105294,0.0540540540540541,"league-shrunk"
"649966","Luis Urías","single_first_to_third",2,2,1,0.5,0.5,0.344619833714905,0.344619833714905,0.353018761622208,0.360157850343415,0.0540540540540541,"league-shrunk"
"649966","Luis Urías","steal_second",13,0,0,0,,0.0647077913972589,0.881944444444444,0.0471827645605013,0.881944444444444,0.270833333333333,"league-shrunk"
"649966","Luis Urías","steal_third",6,0,0,0,,0.0135036339397067,0.853503184713376,0.0115274923875545,0.853503184713376,0.146341463414634,"league-shrunk"
"650333","Luis Arraez","double_first_scores",9,9,4,0.444444444444444,0.444444444444444,0.41339590443686,0.41339590443686,0.419746742165684,0.423745417772722,0.204545454545455,"league-shrunk"
"650333","Luis Arraez","first_to_second_on_out",34,34,5,0.147058823529412,0.147058823529412,0.249688314632211,0.249688314632211,0.199117261045325,0.182584416603458,0.492753623188406,"player signal"
"650333","Luis Arraez","ground_ball_double_play",56,56,14,0.25,0.25,0.204819277108434,0.204819277108434,0.232622798887859,0.239010094431781,0.615384615384615,"player signal"
"650333","Luis Arraez","sac_fly_scores",16,16,10,0.625,0.625,0.593270173146031,0.593270173146031,0.603224628629629,0.608201856371428,0.313725490196078,"league-shrunk"
"650333","Luis Arraez","second_to_third_on_out",28,28,10,0.357142857142857,0.357142857142857,0.477532255672549,0.477532255672549,0.424025856326019,0.404251752219693,0.444444444444444,"player signal"
"650333","Luis Arraez","single_first_to_third",35,35,10,0.285714285714286,0.285714285714286,0.344619833714905,0.344619833714905,0.315167059714596,0.305719943525817,0.5,"player signal"
"650333","Luis Arraez","single_second_scores",17,17,9,0.529411764705882,0.529411764705882,0.617619711761971,0.617619711761971,0.588782498301327,0.574775851763299,0.326923076923077,"league-shrunk"
"650333","Luis Arraez","steal_second",177,6,5,0.0338983050847458,0.833333333333333,0.0647077913972589,0.881944444444444,0.0389847768816229,0.869791666666667,0.834905660377358,"player signal"
"650333","Luis Arraez","steal_third",84,2,2,0.0238095238095238,1,0.0135036339397067,0.853503184713376,0.0207783797301658,0.868152866242038,0.705882352941177,"player signal"
"650391","Eloy Jiménez","double_first_scores",1,1,0,0,0,0.41339590443686,0.41339590443686,0.40191268486917,0.391638225255973,0.0277777777777778,"league-shrunk"
"650391","Eloy Jiménez","first_to_second_on_out",4,4,1,0.25,0.25,0.249688314632211,0.249688314632211,0.249720282362241,0.249744984699082,0.102564102564103,"league-shrunk"
"650391","Eloy Jiménez","ground_ball_double_play",6,6,1,0.166666666666667,0.166666666666667,0.204819277108434,0.204819277108434,0.199235968263297,0.195281124497992,0.146341463414634,"league-shrunk"
"650391","Eloy Jiménez","second_to_third_on_out",1,1,0,0,0,0.477532255672549,0.477532255672549,0.464267470792756,0.452398979058205,0.0277777777777778,"league-shrunk"
"650391","Eloy Jiménez","single_first_to_third",3,3,0,0,0,0.344619833714905,0.344619833714905,0.317413004737413,0.29538842889849,0.0789473684210526,"league-shrunk"
"650391","Eloy Jiménez","single_second_scores",2,2,1,0.5,0.5,0.617619711761971,0.617619711761971,0.611261889504567,0.605857740585774,0.0540540540540541,"league-shrunk"
"650391","Eloy Jiménez","steal_second",10,0,0,0,,0.0647077913972589,0.881944444444444,0.050328282197868,0.881944444444444,0.222222222222222,"league-shrunk"
"650391","Eloy Jiménez","steal_third",4,0,0,0,,0.0135036339397067,0.853503184713376,0.0121186458433265,0.853503184713376,0.102564102564103,"league-shrunk"
"650402","Gleyber Torres","double_first_scores",9,9,3,0.333333333333333,0.333333333333333,0.41339590443686,0.41339590443686,0.397019469438411,0.386708380735685,0.204545454545455,"league-shrunk"
"650402","Gleyber Torres","first_to_second_on_out",21,21,5,0.238095238095238,0.238095238095238,0.249688314632211,0.249688314632211,0.245340910930846,0.24344588880461,0.375,"league-shrunk"
"650402","Gleyber Torres","ground_ball_double_play",43,43,11,0.255813953488372,0.255813953488372,0.204819277108434,0.204819277108434,0.232931726907631,0.240766344064784,0.551282051282051,"player signal"
"650402","Gleyber Torres","sac_fly_scores",8,8,2,0.25,0.25,0.593270173146031,0.593270173146031,0.529405954886304,0.48764858140879,0.186046511627907,"league-shrunk"
"650402","Gleyber Torres","second_to_third_on_out",20,20,9,0.45,0.45,0.477532255672549,0.477532255672549,0.467520526337077,0.46304159479226,0.363636363636364,"league-shrunk"
"650402","Gleyber Torres","single_first_to_third",24,24,7,0.291666666666667,0.291666666666667,0.344619833714905,0.344619833714905,0.323079562373249,0.314360881115912,0.406779661016949,"league-shrunk"
"650402","Gleyber Torres","single_second_scores",11,11,7,0.636363636363636,0.636363636363636,0.617619711761971,0.617619711761971,0.6221019546015,0.624729476266051,0.239130434782609,"league-shrunk"
"650402","Gleyber Torres","steal_second",110,0,0,0,,0.0647077913972589,0.881944444444444,0.0156191220614073,0.881944444444444,0.758620689655172,"player signal"
"650402","Gleyber Torres","steal_third",63,0,0,0,,0.0135036339397067,0.853503184713376,0.00482272640703811,0.853503184713376,0.642857142857143,"player signal"
"650489","Willi Castro","double_first_scores",15,15,8,0.533333333333333,0.533333333333333,0.41339590443686,0.41339590443686,0.449377133105802,0.467912917571621,0.3,"league-shrunk"
"650489","Willi Castro","first_to_second_on_out",25,25,7,0.28,0.28,0.249688314632211,0.249688314632211,0.262318183535457,0.267311387520461,0.416666666666667,"player signal"
"650489","Willi Castro","ground_ball_double_play",41,41,9,0.219512195121951,0.219512195121951,0.204819277108434,0.204819277108434,0.212745719720989,0.215029609965285,0.539473684210526,"player signal"
"650489","Willi Castro","sac_fly_scores",10,10,6,0.6,0.6,0.593270173146031,0.593270173146031,0.594765690224691,0.595673682736734,0.222222222222222,"league-shrunk"
"650489","Willi Castro","second_to_third_on_out",18,18,11,0.611111111111111,0.611111111111111,0.477532255672549,0.477532255672549,0.522898659406401,0.54432168339183,0.339622641509434,"league-shrunk"
"650489","Willi Castro","single_first_to_third",23,23,7,0.304347826086957,0.304347826086957,0.344619833714905,0.344619833714905,0.328649899655546,0.322028219679715,0.396551724137931,"league-shrunk"
"650489","Willi Castro","single_second_scores",7,7,4,0.571428571428571,0.571428571428571,0.617619711761971,0.617619711761971,0.609921188373071,0.604686192468619,0.166666666666667,"league-shrunk"
"650489","Willi Castro","steal_second",119,9,8,0.0756302521008403,0.888888888888889,0.0647077913972589,0.881944444444444,0.0731478746682082,0.884259259259259,0.772727272727273,"player signal"
"650489","Willi Castro","steal_third",60,4,2,0.0666666666666667,0.5,0.0135036339397067,0.853503184713376,0.047080286188313,0.789229878401853,0.631578947368421,"player signal"
"650490","Yandy Díaz","double_first_scores",16,16,5,0.3125,0.3125,0.41339590443686,0.41339590443686,0.381742287358629,0.365915478819514,0.313725490196078,"league-shrunk"
"650490","Yandy Díaz","first_to_second_on_out",43,43,8,0.186046511627907,0.186046511627907,0.249688314632211,0.249688314632211,0.21460373092471,0.204826060055407,0.551282051282051,"player signal"
"650490","Yandy Díaz","ground_ball_double_play",74,74,20,0.27027027027027,0.27027027027027,0.204819277108434,0.204819277108434,0.249253896319222,0.257464641173389,0.678899082568807,"player signal"
"650490","Yandy Díaz","sac_fly_scores",19,19,10,0.526315789473684,0.526315789473684,0.593270173146031,0.593270173146031,0.569712149261316,0.558888192341312,0.351851851851852,"league-shrunk"
"650490","Yandy Díaz","second_to_third_on_out",35,35,15,0.428571428571429,0.428571428571429,0.477532255672549,0.477532255672549,0.453051842121989,0.445199634001998,0.5,"player signal"
"650490","Yandy Díaz","single_first_to_third",39,39,11,0.282051282051282,0.282051282051282,0.344619833714905,0.344619833714905,0.311644515946239,0.301809772050321,0.527027027027027,"player signal"
"650490","Yandy Díaz","single_second_scores",18,18,9,0.5,0.5,0.617619711761971,0.617619711761971,0.577673394559792,0.558809855880986,0.339622641509434,"league-shrunk"
"650490","Yandy Díaz","steal_second",191,2,2,0.0104712041884817,1,0.0647077913972589,0.881944444444444,0.0188706756588675,0.89375,0.845132743362832,"player signal"
"650490","Yandy Díaz","steal_third",106,0,0,0,,0.0135036339397067,0.853503184713376,0.0033519658715584,0.853503184713376,0.75177304964539,"player signal"
"650559","Bryan De La Cruz","first_to_second_on_out",5,5,0,0,0,0.249688314632211,0.249688314632211,0.218477275303185,0.195408246233904,0.125,"league-shrunk"
"650559","Bryan De La Cruz","ground_ball_double_play",9,9,3,0.333333333333333,0.333333333333333,0.204819277108434,0.204819277108434,0.231106243154436,0.247657295850067,0.204545454545455,"league-shrunk"
"650559","Bryan De La Cruz","second_to_third_on_out",3,3,1,0.333333333333333,0.333333333333333,0.477532255672549,0.477532255672549,0.466148130224717,0.45693240962409,0.0789473684210526,"league-shrunk"
"650559","Bryan De La Cruz","single_first_to_third",5,5,2,0.4,0.4,0.344619833714905,0.344619833714905,0.351542354500542,0.356659000298622,0.125,"league-shrunk"
"650559","Bryan De La Cruz","single_second_scores",2,2,0,0,0,0.617619711761971,0.617619711761971,0.58423486247754,0.555857740585774,0.0540540540540541,"league-shrunk"
"650559","Bryan De La Cruz","steal_second",21,0,0,0,,0.0647077913972589,0.881944444444444,0.0404423696232868,0.881944444444444,0.375,"league-shrunk"
"650559","Bryan De La Cruz","steal_third",14,0,0,0,,0.0135036339397067,0.853503184713376,0.00964545281407622,0.853503184713376,0.285714285714286,"league-shrunk"
"650859","Luis Rengifo","double_first_scores",5,5,0,0,0,0.41339590443686,0.41339590443686,0.361721416382253,0.323527229559282,0.125,"league-shrunk"
"650859","Luis Rengifo","first_to_second_on_out",22,22,9,0.409090909090909,0.409090909090909,0.249688314632211,0.249688314632211,0.311212123019779,0.337359741584495,0.385964912280702,"league-shrunk"
"650859","Luis Rengifo","ground_ball_double_play",42,42,10,0.238095238095238,0.238095238095238,0.204819277108434,0.204819277108434,0.222969801283054,0.228112449799197,0.545454545454545,"player signal"
"650859","Luis Rengifo","sac_fly_scores",6,6,4,0.666666666666667,0.666666666666667,0.593270173146031,0.593270173146031,0.604011123417343,0.61161929652619,0.146341463414634,"league-shrunk"
"650859","Luis Rengifo","second_to_third_on_out",10,10,5,0.5,0.5,0.477532255672549,0.477532255672549,0.482525087745316,0.48555645007521,0.222222222222222,"league-shrunk"
"650859","Luis Rengifo","single_first_to_third",30,30,10,0.333333333333333,0.333333333333333,0.344619833714905,0.344619833714905,0.339410679692641,0.337565770976423,0.461538461538462,"player signal"
"650859","Luis Rengifo","single_second_scores",13,13,9,0.692307692307692,0.692307692307692,0.617619711761971,0.617619711761971,0.637847706493104,0.648940477797274,0.270833333333333,"league-shrunk"
"650859","Luis Rengifo","steal_second",95,5,4,0.0526315789473684,0.8,0.0647077913972589,0.881944444444444,0.0558828669146466,0.864130434782609,0.730769230769231,"player signal"
"650859","Luis Rengifo","steal_third",47,0,0,0,,0.0135036339397067,0.853503184713376,0.00576374619377725,0.853503184713376,0.573170731707317,"player signal"
"650968","Yohel Pozo","double_first_scores",1,1,1,1,1,0.41339590443686,0.41339590443686,0.429690462646947,0.444269804203341,0.0277777777777778,"league-shrunk"
"650968","Yohel Pozo","first_to_second_on_out",4,4,1,0.25,0.25,0.249688314632211,0.249688314632211,0.249720282362241,0.249744984699082,0.102564102564103,"league-shrunk"
"650968","Yohel Pozo","ground_ball_double_play",6,6,2,0.333333333333333,0.333333333333333,0.204819277108434,0.204819277108434,0.223626212165736,0.236947791164659,0.146341463414634,"league-shrunk"
"650968","Yohel Pozo","second_to_third_on_out",2,2,1,0.5,0.5,0.477532255672549,0.477532255672549,0.478746728338898,0.479779030105294,0.0540540540540541,"league-shrunk"
"650968","Yohel Pozo","single_first_to_third",1,1,0,0,0,0.344619833714905,0.344619833714905,0.335047060556158,0.32648194772991,0.0277777777777778,"league-shrunk"
"650968","Yohel Pozo","steal_second",14,0,0,0,,0.0647077913972589,0.881944444444444,0.0462198509980421,0.881944444444444,0.285714285714286,"league-shrunk"
"650968","Yohel Pozo","steal_third",7,0,0,0,,0.0135036339397067,0.853503184713376,0.0112530282830889,0.853503184713376,0.166666666666667,"league-shrunk"
"655316","Andruw Monasterio","double_first_scores",2,2,1,0.5,0.5,0.41339590443686,0.41339590443686,0.418077206899733,0.422056313993174,0.0540540540540541,"league-shrunk"
"655316","Andruw Monasterio","first_to_second_on_out",12,12,6,0.5,0.5,0.249688314632211,0.249688314632211,0.313597681109093,0.349812988779327,0.25531914893617,"league-shrunk"
"655316","Andruw Monasterio","ground_ball_double_play",24,24,8,0.333333333333333,0.333333333333333,0.204819277108434,0.204819277108434,0.257096181335511,0.278255880665519,0.406779661016949,"league-shrunk"
"655316","Andruw Monasterio","sac_fly_scores",12,12,8,0.666666666666667,0.666666666666667,0.593270173146031,0.593270173146031,0.612009703406619,0.622628770554285,0.25531914893617,"league-shrunk"
"655316","Andruw Monasterio","second_to_third_on_out",18,18,11,0.611111111111111,0.611111111111111,0.477532255672549,0.477532255672549,0.522898659406401,0.54432168339183,0.339622641509434,"league-shrunk"
"655316","Andruw Monasterio","single_first_to_third",14,14,5,0.357142857142857,0.357142857142857,0.344619833714905,0.344619833714905,0.348197840408606,0.350098656464634,0.285714285714286,"league-shrunk"
"655316","Andruw Monasterio","single_second_scores",10,10,4,0.4,0.4,0.617619711761971,0.617619711761971,0.569259775814867,0.539898386132696,0.222222222222222,"league-shrunk"
"655316","Andruw Monasterio","steal_second",70,4,3,0.0571428571428571,0.75,0.0647077913972589,0.881944444444444,0.0596645018943244,0.857954545454545,0.666666666666667,"player signal"
"655316","Andruw Monasterio","steal_third",56,1,0,0.0178571428571429,0,0.0135036339397067,0.853503184713376,0.0161827163504366,0.808581964465303,0.615384615384615,"player signal"
"656305","Matt Chapman","double_first_scores",7,7,6,0.857142857142857,0.857142857142857,0.41339590443686,0.41339590443686,0.48735372988786,0.537645051194539,0.166666666666667,"league-shrunk"
"656305","Matt Chapman","first_to_second_on_out",24,24,3,0.125,0.125,0.249688314632211,0.249688314632211,0.198967644273346,0.178437849128091,0.406779661016949,"league-shrunk"
"656305","Matt Chapman","ground_ball_double_play",44,44,8,0.181818181818182,0.181818181818182,0.204819277108434,0.204819277108434,0.192008540491078,0.188495919160513,0.556962025316456,"player signal"
"656305","Matt Chapman","sac_fly_scores",4,4,2,0.5,0.5,0.593270173146031,0.593270173146031,0.58370400154131,0.576311959846752,0.102564102564103,"league-shrunk"
"656305","Matt Chapman","second_to_third_on_out",14,14,12,0.857142857142857,0.857142857142857,0.477532255672549,0.477532255672549,0.585992427521209,0.643611893815809,0.285714285714286,"league-shrunk"
"656305","Matt Chapman","single_first_to_third",18,18,6,0.333333333333333,0.333333333333333,0.344619833714905,0.344619833714905,0.340786682641919,0.338976583524119,0.339622641509434,"league-shrunk"
"656305","Matt Chapman","single_second_scores",9,9,6,0.666666666666667,0.666666666666667,0.617619711761971,0.617619711761971,0.627652043447023,0.633968696730203,0.204545454545455,"league-shrunk"
"656305","Matt Chapman","steal_second",91,1,0,0.010989010989011,0,0.0647077913972589,0.881944444444444,0.0259108944357465,0.835526315789474,0.722222222222222,"player signal"
"656305","Matt Chapman","steal_third",38,0,0,0,,0.0135036339397067,0.853503184713376,0.00647434503958541,0.853503184713376,0.520547945205479,"player signal"
"656413","Stuart Fairchild","double_first_scores",2,2,1,0.5,0.5,0.41339590443686,0.41339590443686,0.418077206899733,0.422056313993174,0.0540540540540541,"league-shrunk"
"656413","Stuart Fairchild","first_to_second_on_out",1,1,0,0,0,0.249688314632211,0.249688314632211,0.24275252811465,0.236546824388411,0.0277777777777778,"league-shrunk"
"656413","Stuart Fairchild","ground_ball_double_play",4,4,0,0,0,0.204819277108434,0.204819277108434,0.183812171763979,0.167579408543264,0.102564102564103,"league-shrunk"
"656413","Stuart Fairchild","sac_fly_scores",1,1,1,1,1,0.593270173146031,0.593270173146031,0.604568223891974,0.614677006138345,0.0277777777777778,"league-shrunk"
"656413","Stuart Fairchild","second_to_third_on_out",3,3,2,0.666666666666667,0.666666666666667,0.477532255672549,0.477532255672549,0.492463919698401,0.504551457243137,0.0789473684210526,"league-shrunk"
"656413","Stuart Fairchild","single_first_to_third",2,2,0,0,0,0.344619833714905,0.344619833714905,0.325991734595181,0.310157850343415,0.0540540540540541,"league-shrunk"
"656413","Stuart Fairchild","single_second_scores",1,1,1,1,1,0.617619711761971,0.617619711761971,0.62824138643525,0.637744990090289,0.0277777777777778,"league-shrunk"
"656413","Stuart Fairchild","steal_second",9,0,0,0,,0.0647077913972589,0.881944444444444,0.0514721067932741,0.881944444444444,0.204545454545455,"league-shrunk"
"656413","Stuart Fairchild","steal_third",8,0,0,0,,0.0135036339397067,0.853503184713376,0.0109913299509241,0.853503184713376,0.186046511627907,"league-shrunk"
"656484","Tristan Gray","double_first_scores",2,2,0,0,0,0.41339590443686,0.41339590443686,0.391050179872706,0.372056313993174,0.0540540540540541,"league-shrunk"
"656484","Tristan Gray","first_to_second_on_out",13,13,2,0.153846153846154,0.153846153846154,0.249688314632211,0.249688314632211,0.223731062752654,0.209496440754187,0.270833333333333,"league-shrunk"
"656484","Tristan Gray","ground_ball_double_play",23,23,5,0.217391304347826,0.217391304347826,0.204819277108434,0.204819277108434,0.209804736186124,0.211871877754922,0.396551724137931,"league-shrunk"
"656484","Tristan Gray","sac_fly_scores",2,2,1,0.5,0.5,0.593270173146031,0.593270173146031,0.588228542165164,0.583943155831428,0.0540540540540541,"league-shrunk"
"656484","Tristan Gray","second_to_third_on_out",5,5,2,0.4,0.4,0.477532255672549,0.477532255672549,0.467840723713481,0.460677417482865,0.125,"league-shrunk"
"656484","Tristan Gray","single_first_to_third",6,6,2,0.333333333333333,0.333333333333333,0.344619833714905,0.344619833714905,0.342968150732236,0.341798208619512,0.146341463414634,"league-shrunk"
"656484","Tristan Gray","single_second_scores",5,5,4,0.8,0.8,0.617619711761971,0.617619711761971,0.640417247791725,0.657267600509369,0.125,"league-shrunk"
"656484","Tristan Gray","steal_second",37,1,1,0.027027027027027,1,0.0647077913972589,0.881944444444444,0.0453440652625564,0.888157894736842,0.513888888888889,"player signal"
"656484","Tristan Gray","steal_third",18,1,1,0.0555555555555556,1,0.0135036339397067,0.853503184713376,0.027785418639429,0.861213543412672,0.339622641509434,"league-shrunk"
"656537","Derek Hill","double_first_scores",2,2,1,0.5,0.5,0.41339590443686,0.41339590443686,0.418077206899733,0.422056313993174,0.0540540540540541,"league-shrunk"
"656537","Derek Hill","first_to_second_on_out",11,11,7,0.636363636363636,0.636363636363636,0.249688314632211,0.249688314632211,0.342154152437552,0.396358264254476,0.239130434782609,"league-shrunk"
"656537","Derek Hill","ground_ball_double_play",20,20,4,0.2,0.2,0.204819277108434,0.204819277108434,0.203066812705367,0.202282815472416,0.363636363636364,"league-shrunk"
"656537","Derek Hill","sac_fly_scores",8,8,5,0.625,0.625,0.593270173146031,0.593270173146031,0.599173396746769,0.603033196793406,0.186046511627907,"league-shrunk"
"656537","Derek Hill","second_to_third_on_out",6,6,3,0.5,0.5,0.477532255672549,0.477532255672549,0.480820218257054,0.483149191754412,0.146341463414634,"league-shrunk"
"656537","Derek Hill","single_first_to_third",6,6,3,0.5,0.5,0.344619833714905,0.344619833714905,0.367358394634675,0.383464875286179,0.146341463414634,"league-shrunk"
"656537","Derek Hill","single_second_scores",7,7,5,0.714285714285714,0.714285714285714,0.617619711761971,0.617619711761971,0.633730712182595,0.644686192468619,0.166666666666667,"league-shrunk"
"656537","Derek Hill","steal_second",37,9,8,0.243243243243243,0.888888888888889,0.0647077913972589,0.881944444444444,0.156455176373668,0.884259259259259,0.513888888888889,"player signal"
"656537","Derek Hill","steal_third",31,1,1,0.032258064516129,1,0.0135036339397067,0.853503184713376,0.0223125331498445,0.861213543412672,0.46969696969697,"player signal"
"656555","Rhys Hoskins","double_first_scores",5,5,1,0.2,0.2,0.41339590443686,0.41339590443686,0.386721416382253,0.367005490428847,0.125,"league-shrunk"
"656555","Rhys Hoskins","first_to_second_on_out",14,14,4,0.285714285714286,0.285714285714286,0.249688314632211,0.249688314632211,0.25998144922709,0.265449676980619,0.285714285714286,"league-shrunk"
"656555","Rhys Hoskins","ground_ball_double_play",25,25,5,0.2,0.2,0.204819277108434,0.204819277108434,0.20281124497992,0.202017371812833,0.416666666666667,"player signal"
"656555","Rhys Hoskins","sac_fly_scores",3,3,0,0,0,0.593270173146031,0.593270173146031,0.546433054213449,0.508517291268026,0.0789473684210526,"league-shrunk"
"656555","Rhys Hoskins","second_to_third_on_out",8,8,3,0.375,0.375,0.477532255672549,0.477532255672549,0.458456487175331,0.445983869311765,0.186046511627907,"league-shrunk"
"656555","Rhys Hoskins","single_first_to_third",21,21,5,0.238095238095238,0.238095238095238,0.344619833714905,0.344619833714905,0.30467311035753,0.287260436073546,0.375,"league-shrunk"
"656555","Rhys Hoskins","single_second_scores",7,7,7,1,1,0.617619711761971,0.617619711761971,0.681349759801643,0.724686192468619,0.166666666666667,"league-shrunk"
"656555","Rhys Hoskins","steal_second",66,0,0,0,,0.0647077913972589,0.881944444444444,0.022423492068357,0.881944444444444,0.653465346534653,"player signal"
"656555","Rhys Hoskins","steal_third",45,0,0,0,,0.0135036339397067,0.853503184713376,0.00590783984862168,0.853503184713376,0.5625,"player signal"
"656577","Alex Jackson","double_first_scores",1,1,0,0,0,0.41339590443686,0.41339590443686,0.40191268486917,0.391638225255973,0.0277777777777778,"league-shrunk"
"656577","Alex Jackson","first_to_second_on_out",2,2,2,1,1,0.249688314632211,0.249688314632211,0.29024570303047,0.32471948316899,0.0540540540540541,"league-shrunk"
"656577","Alex Jackson","ground_ball_double_play",4,4,0,0,0,0.204819277108434,0.204819277108434,0.183812171763979,0.167579408543264,0.102564102564103,"league-shrunk"
"656577","Alex Jackson","sac_fly_scores",4,4,3,0.75,0.75,0.593270173146031,0.593270173146031,0.609345027182335,0.621766505301298,0.102564102564103,"league-shrunk"
"656577","Alex Jackson","second_to_third_on_out",7,7,4,0.571428571428571,0.571428571428571,0.477532255672549,0.477532255672549,0.493181641631886,0.503823224084236,0.166666666666667,"league-shrunk"
"656577","Alex Jackson","single_first_to_third",5,5,1,0.2,0.2,0.344619833714905,0.344619833714905,0.326542354500542,0.313180739429056,0.125,"league-shrunk"
"656577","Alex Jackson","single_second_scores",3,3,1,0.333333333333333,0.333333333333333,0.617619711761971,0.617619711761971,0.595176050307079,0.577007371986451,0.0789473684210526,"league-shrunk"
"656577","Alex Jackson","steal_second",15,0,0,0,,0.0647077913972589,0.881944444444444,0.0452954539780812,0.881944444444444,0.3,"league-shrunk"
"656577","Alex Jackson","steal_third",21,0,0,0,,0.0135036339397067,0.853503184713376,0.00843977121231669,0.853503184713376,0.375,"league-shrunk"
"656582","Connor Joe","first_to_second_on_out",2,2,0,0,0,0.249688314632211,0.249688314632211,0.236191648976416,0.22471948316899,0.0540540540540541,"league-shrunk"
"656582","Connor Joe","ground_ball_double_play",3,3,0,0,0,0.204819277108434,0.204819277108434,0.188649334178821,0.175559380378657,0.0789473684210526,"league-shrunk"
"656582","Connor Joe","sac_fly_scores",1,1,0,0,0,0.593270173146031,0.593270173146031,0.576790446114197,0.562045427190976,0.0277777777777778,"league-shrunk"
"656582","Connor Joe","second_to_third_on_out",3,3,1,0.333333333333333,0.333333333333333,0.477532255672549,0.477532255672549,0.466148130224717,0.45693240962409,0.0789473684210526,"league-shrunk"
"656582","Connor Joe","single_first_to_third",3,3,1,0.333333333333333,0.333333333333333,0.344619833714905,0.344619833714905,0.343728794211097,0.343007476517538,0.0789473684210526,"league-shrunk"
"656582","Connor Joe","single_second_scores",1,1,1,1,1,0.617619711761971,0.617619711761971,0.62824138643525,0.637744990090289,0.0277777777777778,"league-shrunk"
"656582","Connor Joe","steal_second",12,1,1,0.0833333333333333,1,0.0647077913972589,0.881944444444444,0.0694632489128524,0.888157894736842,0.25531914893617,"league-shrunk"
"656582","Connor Joe","steal_third",9,0,0,0,,0.0135036339397067,0.853503184713376,0.010741526997494,0.853503184713376,0.204545454545455,"league-shrunk"
"656716","Zach McKinstry","double_first_scores",2,2,0,0,0,0.41339590443686,0.41339590443686,0.391050179872706,0.372056313993174,0.0540540540540541,"league-shrunk"
"656716","Zach McKinstry","first_to_second_on_out",18,18,5,0.277777777777778,0.277777777777778,0.249688314632211,0.249688314632211,0.25922813230429,0.263733046204994,0.339622641509434,"league-shrunk"
"656716","Zach McKinstry","ground_ball_double_play",28,28,7,0.25,0.25,0.204819277108434,0.204819277108434,0.224899598393574,0.232320586694605,0.444444444444444,"player signal"
"656716","Zach McKinstry","sac_fly_scores",9,9,3,0.333333333333333,0.333333333333333,0.593270173146031,0.593270173146031,0.540101274093434,0.506624559875132,0.204545454545455,"league-shrunk"
"656716","Zach McKinstry","second_to_third_on_out",15,15,8,0.533333333333333,0.533333333333333,0.477532255672549,0.477532255672549,0.494272578970785,0.502896381881997,0.3,"league-shrunk"
"656716","Zach McKinstry","single_first_to_third",22,22,12,0.545454545454545,0.545454545454545,0.344619833714905,0.344619833714905,0.422134985614416,0.455078925171707,0.385964912280702,"league-shrunk"
"656716","Zach McKinstry","single_second_scores",9,9,7,0.777777777777778,0.777777777777778,0.617619711761971,0.617619711761971,0.650379316174295,0.67100573376724,0.204545454545455,"league-shrunk"
"656716","Zach McKinstry","steal_second",102,2,2,0.0196078431372549,1,0.0647077913972589,0.881944444444444,0.0311297277292267,0.89375,0.744525547445255,"player signal"
"656716","Zach McKinstry","steal_third",56,0,0,0,,0.0135036339397067,0.853503184713376,0.00519370536142565,0.853503184713376,0.615384615384615,"player signal"
"656775","Cedric Mullins","double_first_scores",4,4,0,0,0,0.41339590443686,0.41339590443686,0.370996324494618,0.338233012721067,0.102564102564103,"league-shrunk"
"656775","Cedric Mullins","first_to_second_on_out",20,20,10,0.5,0.5,0.249688314632211,0.249688314632211,0.340710745675044,0.381431306931047,0.363636363636364,"league-shrunk"
"656775","Cedric Mullins","ground_ball_double_play",42,42,9,0.214285714285714,0.214285714285714,0.204819277108434,0.204819277108434,0.209982788296041,0.21144578313253,0.545454545454545,"player signal"
"656775","Cedric Mullins","sac_fly_scores",7,7,5,0.714285714285714,0.714285714285714,0.593270173146031,0.593270173146031,0.613439430002645,0.627154524665142,0.166666666666667,"league-shrunk"
"656775","Cedric Mullins","second_to_third_on_out",20,20,12,0.6,0.6,0.477532255672549,0.477532255672549,0.522065980882531,0.541988963213313,0.363636363636364,"league-shrunk"
"656775","Cedric Mullins","single_first_to_third",22,22,7,0.318181818181818,0.318181818181818,0.344619833714905,0.344619833714905,0.334415687368802,0.330078925171707,0.385964912280702,"league-shrunk"
"656775","Cedric Mullins","single_second_scores",10,10,6,0.6,0.6,0.617619711761971,0.617619711761971,0.613704220259311,0.611326957561267,0.222222222222222,"league-shrunk"
"656775","Cedric Mullins","steal_second",81,16,14,0.197530864197531,0.875,0.0647077913972589,0.881944444444444,0.157454937059518,0.878676470588235,0.698275862068966,"player signal"
"656775","Cedric Mullins","steal_third",52,0,0,0,,0.0135036339397067,0.853503184713376,0.00543249641252569,0.853503184713376,0.597701149425287,"player signal"
"656811","Ryan O'Hearn","double_first_scores",7,7,2,0.285714285714286,0.285714285714286,0.41339590443686,0.41339590443686,0.392115634649764,0.377645051194539,0.166666666666667,"league-shrunk"
"656811","Ryan O'Hearn","first_to_second_on_out",15,15,3,0.2,0.2,0.249688314632211,0.249688314632211,0.234781820242548,0.227102717072115,0.3,"league-shrunk"
"656811","Ryan O'Hearn","ground_ball_double_play",33,33,9,0.272727272727273,0.272727272727273,0.204819277108434,0.204819277108434,0.237774627923459,0.2487597448618,0.485294117647059,"player signal"
"656811","Ryan O'Hearn","sac_fly_scores",6,6,4,0.666666666666667,0.666666666666667,0.593270173146031,0.593270173146031,0.604011123417343,0.61161929652619,0.146341463414634,"league-shrunk"
"656811","Ryan O'Hearn","second_to_third_on_out",17,17,8,0.470588235294118,0.470588235294118,0.477532255672549,0.477532255672549,0.475262095164216,0.474159445774454,0.326923076923077,"league-shrunk"
"656811","Ryan O'Hearn","single_first_to_third",27,27,5,0.185185185185185,0.185185185185185,0.344619833714905,0.344619833714905,0.275188615806801,0.248959044597073,0.435483870967742,"player signal"
"656811","Ryan O'Hearn","single_second_scores",9,9,5,0.555555555555556,0.555555555555556,0.617619711761971,0.617619711761971,0.60492477071975,0.596931659693166,0.204545454545455,"league-shrunk"
"656811","Ryan O'Hearn","steal_second",90,1,1,0.0111111111111111,1,0.0647077913972589,0.881944444444444,0.0261181815912325,0.888157894736842,0.72,"player signal"
"656811","Ryan O'Hearn","steal_third",64,0,0,0,,0.0135036339397067,0.853503184713376,0.00477401199888621,0.853503184713376,0.646464646464647,"player signal"
"656941","Kyle Schwarber","double_first_scores",8,8,2,0.25,0.25,0.41339590443686,0.41339590443686,0.382996666402095,0.363120241533211,0.186046511627907,"league-shrunk"
"656941","Kyle Schwarber","first_to_second_on_out",32,32,5,0.15625,0.15625,0.249688314632211,0.249688314632211,0.205061059882498,0.189887793267596,0.477611940298507,"player signal"
"656941","Kyle Schwarber","ground_ball_double_play",66,66,20,0.303030303030303,0.303030303030303,0.204819277108434,0.204819277108434,0.268996779195992,0.281985083189902,0.653465346534653,"player signal"
"656941","Kyle Schwarber","sac_fly_scores",17,17,9,0.529411764705882,0.529411764705882,0.593270173146031,0.593270173146031,0.572393385771367,0.562253231903673,0.326923076923077,"league-shrunk"
"656941","Kyle Schwarber","second_to_third_on_out",23,23,13,0.565217391304348,0.565217391304348,0.477532255672549,0.477532255672549,0.512303947388607,0.526721478100144,0.396551724137931,"league-shrunk"
"656941","Kyle Schwarber","single_first_to_third",25,25,5,0.2,0.2,0.344619833714905,0.344619833714905,0.284361569667028,0.260538535043449,0.416666666666667,"player signal"
"656941","Kyle Schwarber","single_second_scores",11,11,6,0.545454545454545,0.545454545454545,0.617619711761971,0.617619711761971,0.600362824166717,0.590246717645361,0.239130434782609,"league-shrunk"
"656941","Kyle Schwarber","steal_second",154,0,0,0,,0.0647077913972589,0.881944444444444,0.0119829243328257,0.881944444444444,0.814814814814815,"player signal"
"656941","Kyle Schwarber","steal_third",73,1,1,0.0136986301369863,1,0.0135036339397067,0.853503184713376,0.013635436924905,0.861213543412672,0.675925925925926,"player signal"
"656976","Pavin Smith","double_first_scores",4,4,0,0,0,0.41339590443686,0.41339590443686,0.370996324494618,0.338233012721067,0.102564102564103,"league-shrunk"
"656976","Pavin Smith","first_to_second_on_out",9,9,4,0.444444444444444,0.444444444444444,0.249688314632211,0.249688314632211,0.289524795730168,0.314607024569622,0.204545454545455,"league-shrunk"
"656976","Pavin Smith","ground_ball_double_play",11,11,0,0,0,0.204819277108434,0.204819277108434,0.155840754321634,0.127129206481097,0.239130434782609,"league-shrunk"
"656976","Pavin Smith","sac_fly_scores",2,2,0,0,0,0.593270173146031,0.593270173146031,0.561201515138137,0.533943155831428,0.0540540540540541,"league-shrunk"
"656976","Pavin Smith","second_to_third_on_out",1,1,1,1,1,0.477532255672549,0.477532255672549,0.492045248570534,0.505030558005573,0.0277777777777778,"league-shrunk"
"656976","Pavin Smith","single_first_to_third",3,3,1,0.333333333333333,0.333333333333333,0.344619833714905,0.344619833714905,0.343728794211097,0.343007476517538,0.0789473684210526,"league-shrunk"
"656976","Pavin Smith","single_second_scores",1,1,1,1,1,0.617619711761971,0.617619711761971,0.62824138643525,0.637744990090289,0.0277777777777778,"league-shrunk"
"656976","Pavin Smith","steal_second",21,1,1,0.0476190476190476,1,0.0647077913972589,0.881944444444444,0.0582995124804297,0.888157894736842,0.375,"league-shrunk"
"656976","Pavin Smith","steal_third",8,0,0,0,,0.0135036339397067,0.853503184713376,0.0109913299509241,0.853503184713376,0.186046511627907,"league-shrunk"
"657041","Lane Thomas","double_first_scores",6,6,5,0.833333333333333,0.833333333333333,0.41339590443686,0.41339590443686,0.474850162324149,0.518380261660978,0.146341463414634,"league-shrunk"
"657041","Lane Thomas","first_to_second_on_out",16,16,8,0.5,0.5,0.249688314632211,0.249688314632211,0.328217470826027,0.367482048922935,0.313725490196078,"league-shrunk"
"657041","Lane Thomas","ground_ball_double_play",33,33,7,0.212121212121212,0.212121212121212,0.204819277108434,0.204819277108434,0.208362863217576,0.20954405858729,0.485294117647059,"player signal"
"657041","Lane Thomas","sac_fly_scores",6,6,1,0.166666666666667,0.166666666666667,0.593270173146031,0.593270173146031,0.530840391710026,0.48661929652619,0.146341463414634,"league-shrunk"
"657041","Lane Thomas","second_to_third_on_out",14,14,7,0.5,0.5,0.477532255672549,0.477532255672549,0.483951611194678,0.487361893815809,0.285714285714286,"league-shrunk"
"657041","Lane Thomas","single_first_to_third",17,17,11,0.647058823529412,0.647058823529412,0.344619833714905,0.344619833714905,0.443494118846571,0.491518771624808,0.326923076923077,"league-shrunk"
"657041","Lane Thomas","single_second_scores",10,10,8,0.8,0.8,0.617619711761971,0.617619711761971,0.658148664703755,0.682755528989839,0.222222222222222,"league-shrunk"
"657041","Lane Thomas","steal_second",73,6,6,0.0821917808219178,1,0.0647077913972589,0.881944444444444,0.0765256731380006,0.911458333333333,0.675925925925926,"player signal"
"657041","Lane Thomas","steal_third",46,1,0,0.0217391304347826,0,0.0135036339397067,0.853503184713376,0.0181805825665399,0.808581964465303,0.567901234567901,"player signal"
"657136","Connor Wong","double_first_scores",5,5,1,0.2,0.2,0.41339590443686,0.41339590443686,0.386721416382253,0.367005490428847,0.125,"league-shrunk"
"657136","Connor Wong","first_to_second_on_out",23,23,4,0.173913043478261,0.173913043478261,0.249688314632211,0.249688314632211,0.219639500209093,0.20718023569219,0.396551724137931,"league-shrunk"
"657136","Connor Wong","ground_ball_double_play",30,30,2,0.0666666666666667,0.0666666666666667,0.204819277108434,0.204819277108434,0.141056533827618,0.118473895582329,0.461538461538462,"player signal"
"657136","Connor Wong","sac_fly_scores",6,6,4,0.666666666666667,0.666666666666667,0.593270173146031,0.593270173146031,0.604011123417343,0.61161929652619,0.146341463414634,"league-shrunk"
"657136","Connor Wong","second_to_third_on_out",14,14,7,0.5,0.5,0.477532255672549,0.477532255672549,0.483951611194678,0.487361893815809,0.285714285714286,"league-shrunk"
"657136","Connor Wong","single_first_to_third",10,10,3,0.3,0.3,0.344619833714905,0.344619833714905,0.334704315111593,0.328684178816725,0.222222222222222,"league-shrunk"
"657136","Connor Wong","single_second_scores",5,5,2,0.4,0.4,0.617619711761971,0.617619711761971,0.590417247791725,0.570311078770238,0.125,"league-shrunk"
"657136","Connor Wong","steal_second",65,4,3,0.0615384615384615,0.75,0.0647077913972589,0.881944444444444,0.0626477269890406,0.857954545454545,0.65,"player signal"
"657136","Connor Wong","steal_third",31,0,0,0,,0.0135036339397067,0.853503184713376,0.00716101799832931,0.853503184713376,0.46969696969697,"player signal"
"657656","Ramón Laureano","double_first_scores",1,1,1,1,1,0.41339590443686,0.41339590443686,0.429690462646947,0.444269804203341,0.0277777777777778,"league-shrunk"
"657656","Ramón Laureano","first_to_second_on_out",9,9,3,0.333333333333333,0.333333333333333,0.249688314632211,0.249688314632211,0.266797523002895,0.277569987532585,0.204545454545455,"league-shrunk"
"657656","Ramón Laureano","ground_ball_double_play",15,15,5,0.333333333333333,0.333333333333333,0.204819277108434,0.204819277108434,0.243373493975904,0.263234757210661,0.3,"league-shrunk"
"657656","Ramón Laureano","sac_fly_scores",5,5,4,0.8,0.8,0.593270173146031,0.593270173146031,0.619111401502777,0.638211439853415,0.125,"league-shrunk"
"657656","Ramón Laureano","second_to_third_on_out",6,6,5,0.833333333333333,0.833333333333333,0.477532255672549,0.477532255672549,0.529600706061932,0.566482525087745,0.146341463414634,"league-shrunk"
"657656","Ramón Laureano","single_first_to_third",14,14,7,0.5,0.5,0.344619833714905,0.344619833714905,0.389014166939218,0.412598656464634,0.285714285714286,"league-shrunk"
"657656","Ramón Laureano","single_second_scores",2,2,2,1,1,0.617619711761971,0.617619711761971,0.638288916531594,0.655857740585774,0.0540540540540541,"league-shrunk"
"657656","Ramón Laureano","steal_second",51,6,4,0.117647058823529,0.666666666666667,0.0647077913972589,0.881944444444444,0.0961020081267914,0.828125,0.593023255813954,"player signal"
"657656","Ramón Laureano","steal_third",24,2,2,0.0833333333333333,1,0.0135036339397067,0.853503184713376,0.0419089353879616,0.868152866242038,0.406779661016949,"league-shrunk"
"657675","Rudy Martin Jr.","single_first_to_third",1,1,0,0,0,0.344619833714905,0.344619833714905,0.335047060556158,0.32648194772991,0.0277777777777778,"league-shrunk"
"657675","Rudy Martin Jr.","steal_third",1,0,0,0,,0.0135036339397067,0.853503184713376,0.0131285329969371,0.853503184713376,0.0277777777777778,"league-shrunk"
"657757","Gavin Sheets","double_first_scores",7,7,2,0.285714285714286,0.285714285714286,0.41339590443686,0.41339590443686,0.392115634649764,0.377645051194539,0.166666666666667,"league-shrunk"
"657757","Gavin Sheets","first_to_second_on_out",14,14,2,0.142857142857143,0.142857142857143,0.249688314632211,0.249688314632211,0.219165122696477,0.202949676980619,0.285714285714286,"league-shrunk"
"657757","Gavin Sheets","ground_ball_double_play",31,31,9,0.290322580645161,0.290322580645161,0.204819277108434,0.204819277108434,0.244979919678715,0.258913203835751,0.46969696969697,"player signal"
"657757","Gavin Sheets","sac_fly_scores",6,6,5,0.833333333333333,0.833333333333333,0.593270173146031,0.593270173146031,0.628401367319782,0.653285963192856,0.146341463414634,"league-shrunk"
"657757","Gavin Sheets","second_to_third_on_out",20,20,8,0.4,0.4,0.477532255672549,0.477532255672549,0.449338708155259,0.436725805318576,0.363636363636364,"league-shrunk"
"657757","Gavin Sheets","single_first_to_third",18,18,6,0.333333333333333,0.333333333333333,0.344619833714905,0.344619833714905,0.340786682641919,0.338976583524119,0.339622641509434,"league-shrunk"
"657757","Gavin Sheets","single_second_scores",14,14,4,0.285714285714286,0.285714285714286,0.617619711761971,0.617619711761971,0.522789590034061,0.472411087866109,0.285714285714286,"league-shrunk"
"657757","Gavin Sheets","steal_second",81,3,3,0.037037037037037,1,0.0647077913972589,0.881944444444444,0.0453859715422764,0.898809523809524,0.698275862068966,"player signal"
"657757","Gavin Sheets","steal_third",45,0,0,0,,0.0135036339397067,0.853503184713376,0.00590783984862168,0.853503184713376,0.5625,"player signal"
"660162","Yoán Moncada","double_first_scores",2,2,1,0.5,0.5,0.41339590443686,0.41339590443686,0.418077206899733,0.422056313993174,0.0540540540540541,"league-shrunk"
"660162","Yoán Moncada","first_to_second_on_out",7,7,2,0.285714285714286,0.285714285714286,0.249688314632211,0.249688314632211,0.25569264314589,0.259775586535192,0.166666666666667,"league-shrunk"
"660162","Yoán Moncada","ground_ball_double_play",13,13,5,0.384615384615385,0.384615384615385,0.204819277108434,0.204819277108434,0.2535140562249,0.280217644772639,0.270833333333333,"league-shrunk"
"660162","Yoán Moncada","sac_fly_scores",1,1,1,1,1,0.593270173146031,0.593270173146031,0.604568223891974,0.614677006138345,0.0277777777777778,"league-shrunk"
"660162","Yoán Moncada","second_to_third_on_out",4,4,2,0.5,0.5,0.477532255672549,0.477532255672549,0.479836639706134,0.481617300095722,0.102564102564103,"league-shrunk"
"660162","Yoán Moncada","single_first_to_third",8,8,1,0.125,0.125,0.344619833714905,0.344619833714905,0.303760329767946,0.277044500264165,0.186046511627907,"league-shrunk"
"660162","Yoán Moncada","single_second_scores",2,2,0,0,0,0.617619711761971,0.617619711761971,0.58423486247754,0.555857740585774,0.0540540540540541,"league-shrunk"
"660162","Yoán Moncada","steal_second",33,1,1,0.0303030303030303,1,0.0647077913972589,0.881944444444444,0.0480113632191774,0.888157894736842,0.485294117647059,"player signal"
"660162","Yoán Moncada","steal_third",15,0,0,0,,0.0135036339397067,0.853503184713376,0.00945254375779469,0.853503184713376,0.3,"league-shrunk"
"660271","Shohei Ohtani","double_first_scores",7,7,4,0.571428571428571,0.571428571428571,0.41339590443686,0.41339590443686,0.439734682268812,0.457645051194539,0.166666666666667,"league-shrunk"
"660271","Shohei Ohtani","first_to_second_on_out",42,42,10,0.238095238095238,0.238095238095238,0.249688314632211,0.249688314632211,0.243364818339317,0.24157316105633,0.545454545454545,"player signal"
"660271","Shohei Ohtani","ground_ball_double_play",69,69,18,0.260869565217391,0.260869565217391,0.204819277108434,0.204819277108434,0.242006487488415,0.249272953884504,0.663461538461538,"player signal"
"660271","Shohei Ohtani","sac_fly_scores",13,13,6,0.461538461538462,0.461538461538462,0.593270173146031,0.593270173146031,0.557592834585647,0.538027842471889,0.270833333333333,"league-shrunk"
"660271","Shohei Ohtani","second_to_third_on_out",40,40,21,0.525,0.525,0.477532255672549,0.477532255672549,0.502848385980523,0.510268631070791,0.533333333333333,"player signal"
"660271","Shohei Ohtani","single_first_to_third",28,28,11,0.392857142857143,0.392857142857143,0.344619833714905,0.344619833714905,0.366058637778122,0.373981674062354,0.444444444444444,"player signal"
"660271","Shohei Ohtani","single_second_scores",16,16,11,0.6875,0.6875,0.617619711761971,0.617619711761971,0.63954293944449,0.650504553285749,0.313725490196078,"league-shrunk"
"660271","Shohei Ohtani","steal_second",185,11,10,0.0594594594594595,0.909090909090909,0.0647077913972589,0.881944444444444,0.0602944213586548,0.892241379310345,0.840909090909091,"player signal"
"660271","Shohei Ohtani","steal_third",102,0,0,0,,0.0135036339397067,0.853503184713376,0.00344983348824624,0.853503184713376,0.744525547445255,"player signal"
"660644","Vidal Bruján","first_to_second_on_out",1,1,1,1,1,0.249688314632211,0.249688314632211,0.270530305892428,0.289178403335779,0.0277777777777778,"league-shrunk"
"660644","Vidal Bruján","ground_ball_double_play",1,1,0,0,0,0.204819277108434,0.204819277108434,0.199129852744311,0.194039315155358,0.0277777777777778,"league-shrunk"
"660644","Vidal Bruján","sac_fly_scores",1,1,1,1,1,0.593270173146031,0.593270173146031,0.604568223891974,0.614677006138345,0.0277777777777778,"league-shrunk"
"660644","Vidal Bruján","single_first_to_third",1,1,1,1,1,0.344619833714905,0.344619833714905,0.362824838333936,0.379113526677279,0.0277777777777778,"league-shrunk"
"660644","Vidal Bruján","steal_second",1,0,0,0,,0.0647077913972589,0.881944444444444,0.062910352747335,0.881944444444444,0.0277777777777778,"league-shrunk"
"660644","Vidal Bruján","steal_third",2,1,0,0.5,0,0.0135036339397067,0.853503184713376,0.0398007348078307,0.808581964465303,0.0540540540540541,"league-shrunk"
"660670","Ronald Acuña Jr.","double_first_scores",4,4,4,1,1,0.41339590443686,0.41339590443686,0.473560427058721,0.520051194539249,0.102564102564103,"league-shrunk"
"660670","Ronald Acuña Jr.","first_to_second_on_out",19,19,6,0.315789473684211,0.315789473684211,0.249688314632211,0.249688314632211,0.272946129854211,0.283632153064319,0.351851851851852,"league-shrunk"
"660670","Ronald Acuña Jr.","ground_ball_double_play",34,34,9,0.264705882352941,0.264705882352941,0.204819277108434,0.204819277108434,0.234328618823119,0.243975903614458,0.492753623188406,"player signal"
"660670","Ronald Acuña Jr.","sac_fly_scores",11,11,8,0.727272727272727,0.727272727272727,0.593270173146031,0.593270173146031,0.625314262176328,0.644098728159605,0.239130434782609,"league-shrunk"
"660670","Ronald Acuña Jr.","second_to_third_on_out",17,17,11,0.647058823529412,0.647058823529412,0.477532255672549,0.477532255672549,0.532954402856524,0.55987373148874,0.326923076923077,"league-shrunk"
"660670","Ronald Acuña Jr.","single_first_to_third",28,28,8,0.285714285714286,0.285714285714286,0.344619833714905,0.344619833714905,0.318439590159074,0.308764282758006,0.444444444444444,"player signal"
"660670","Ronald Acuña Jr.","single_second_scores",9,9,6,0.666666666666667,0.666666666666667,0.617619711761971,0.617619711761971,0.627652043447023,0.633968696730203,0.204545454545455,"league-shrunk"
"660670","Ronald Acuña Jr.","steal_second",110,16,14,0.145454545454545,0.875,0.0647077913972589,0.881944444444444,0.125963949647614,0.878676470588235,0.758620689655172,"player signal"
"660670","Ronald Acuña Jr.","steal_third",64,4,4,0.0625,1,0.0135036339397067,0.853503184713376,0.0451780524029266,0.880138969310944,0.646464646464647,"player signal"
"660688","Keibert Ruiz","double_first_scores",6,6,2,0.333333333333333,0.333333333333333,0.41339590443686,0.41339590443686,0.401679430616832,0.393380261660978,0.146341463414634,"league-shrunk"
"660688","Keibert Ruiz","first_to_second_on_out",16,16,4,0.25,0.25,0.249688314632211,0.249688314632211,0.249786098277008,0.249834990099406,0.313725490196078,"league-shrunk"
"660688","Keibert Ruiz","ground_ball_double_play",24,24,3,0.125,0.125,0.204819277108434,0.204819277108434,0.172350418623647,0.1592082616179,0.406779661016949,"league-shrunk"
"660688","Keibert Ruiz","sac_fly_scores",5,5,5,1,1,0.593270173146031,0.593270173146031,0.644111401502777,0.681689700722981,0.125,"league-shrunk"
"660688","Keibert Ruiz","second_to_third_on_out",22,22,7,0.318181818181818,0.318181818181818,0.477532255672549,0.477532255672549,0.416028578044548,0.389889515052647,0.385964912280702,"league-shrunk"
"660688","Keibert Ruiz","single_first_to_third",13,13,1,0.0769230769230769,0.0769230769230769,0.344619833714905,0.344619833714905,0.272118628750452,0.232359903447364,0.270833333333333,"league-shrunk"
"660688","Keibert Ruiz","single_second_scores",7,7,1,0.142857142857143,0.142857142857143,0.617619711761971,0.617619711761971,0.5384926169445,0.484686192468619,0.166666666666667,"league-shrunk"
"660688","Keibert Ruiz","steal_second",83,1,1,0.0120481927710843,1,0.0647077913972589,0.881944444444444,0.0276675652449497,0.888157894736842,0.703389830508475,"player signal"
"660688","Keibert Ruiz","steal_third",71,0,0,0,,0.0135036339397067,0.853503184713376,0.00445874705556353,0.853503184713376,0.669811320754717,"player signal"
"660710","Rodolfo Durán","first_to_second_on_out",4,4,0,0,0,0.249688314632211,0.249688314632211,0.224079256721215,0.204290439244536,0.102564102564103,"league-shrunk"
"660710","Rodolfo Durán","ground_ball_double_play",6,6,2,0.333333333333333,0.333333333333333,0.204819277108434,0.204819277108434,0.223626212165736,0.236947791164659,0.146341463414634,"league-shrunk"
"660710","Rodolfo Durán","second_to_third_on_out",1,1,0,0,0,0.477532255672549,0.477532255672549,0.464267470792756,0.452398979058205,0.0277777777777778,"league-shrunk"
"660710","Rodolfo Durán","single_first_to_third",5,5,3,0.6,0.6,0.344619833714905,0.344619833714905,0.376542354500542,0.400137261168187,0.125,"league-shrunk"
"660710","Rodolfo Durán","single_second_scores",4,4,3,0.75,0.75,0.617619711761971,0.617619711761971,0.631197177222282,0.641688855077976,0.102564102564103,"league-shrunk"
"660710","Rodolfo Durán","steal_second",18,0,0,0,,0.0647077913972589,0.881944444444444,0.0427315603566804,0.881944444444444,0.339622641509434,"league-shrunk"
"660710","Rodolfo Durán","steal_third",9,0,0,0,,0.0135036339397067,0.853503184713376,0.010741526997494,0.853503184713376,0.204545454545455,"league-shrunk"
"660821","Jesús Sánchez","first_to_second_on_out",18,18,7,0.388888888888889,0.388888888888889,0.249688314632211,0.249688314632211,0.296963981360894,0.31928860176055,0.339622641509434,"league-shrunk"
"660821","Jesús Sánchez","ground_ball_double_play",29,29,5,0.172413793103448,0.172413793103448,0.204819277108434,0.204819277108434,0.190135542168675,0.184824403998975,0.453125,"player signal"
"660821","Jesús Sánchez","sac_fly_scores",6,6,3,0.5,0.5,0.593270173146031,0.593270173146031,0.579620879514904,0.569952629859523,0.146341463414634,"league-shrunk"
"660821","Jesús Sánchez","second_to_third_on_out",18,18,1,0.0555555555555556,0.0555555555555556,0.477532255672549,0.477532255672549,0.334219414123382,0.266543905614052,0.339622641509434,"league-shrunk"
"660821","Jesús Sánchez","single_first_to_third",16,16,3,0.1875,0.1875,0.344619833714905,0.344619833714905,0.29532733686317,0.270681088437303,0.313725490196078,"league-shrunk"
"660821","Jesús Sánchez","single_second_scores",7,7,2,0.285714285714286,0.285714285714286,0.617619711761971,0.617619711761971,0.562302140754024,0.524686192468619,0.166666666666667,"league-shrunk"
"660821","Jesús Sánchez","steal_second",58,1,1,0.0172413793103448,1,0.0647077913972589,0.881944444444444,0.0351050827839146,0.888157894736842,0.623655913978495,"player signal"
"660821","Jesús Sánchez","steal_third",57,0,0,0,,0.0135036339397067,0.853503184713376,0.00513725204227972,0.853503184713376,0.619565217391304,"player signal"
"660844","Leo Rivas","double_first_scores",2,2,1,0.5,0.5,0.41339590443686,0.41339590443686,0.418077206899733,0.422056313993174,0.0540540540540541,"league-shrunk"
"660844","Leo Rivas","first_to_second_on_out",7,7,1,0.142857142857143,0.142857142857143,0.249688314632211,0.249688314632211,0.231883119336367,0.219775586535192,0.166666666666667,"league-shrunk"
"660844","Leo Rivas","ground_ball_double_play",13,13,2,0.153846153846154,0.153846153846154,0.204819277108434,0.204819277108434,0.1910140562249,0.183443451224252,0.270833333333333,"league-shrunk"
"660844","Leo Rivas","sac_fly_scores",5,5,4,0.8,0.8,0.593270173146031,0.593270173146031,0.619111401502777,0.638211439853415,0.125,"league-shrunk"
"660844","Leo Rivas","second_to_third_on_out",5,5,3,0.6,0.6,0.477532255672549,0.477532255672549,0.492840723713481,0.50415567835243,0.125,"league-shrunk"
"660844","Leo Rivas","single_first_to_third",12,12,7,0.583333333333333,0.583333333333333,0.344619833714905,0.344619833714905,0.405567961277057,0.440105233562277,0.25531914893617,"league-shrunk"
"660844","Leo Rivas","single_second_scores",1,1,0,0,0,0.617619711761971,0.617619711761971,0.600463608657472,0.58511341114292,0.0277777777777778,"league-shrunk"
"660844","Leo Rivas","steal_second",27,1,1,0.037037037037037,1,0.0647077913972589,0.881944444444444,0.052657624175872,0.888157894736842,0.435483870967742,"player signal"
"660844","Leo Rivas","steal_third",12,0,0,0,,0.0135036339397067,0.853503184713376,0.0100558976146752,0.853503184713376,0.25531914893617,"league-shrunk"
"661388","William Contreras","double_first_scores",12,12,3,0.25,0.25,0.41339590443686,0.41339590443686,0.371677801176385,0.348037542662116,0.25531914893617,"league-shrunk"
"661388","William Contreras","first_to_second_on_out",28,28,7,0.25,0.25,0.249688314632211,0.249688314632211,0.24982684146234,0.249878036160431,0.444444444444444,"player signal"
"661388","William Contreras","ground_ball_double_play",49,49,10,0.204081632653061,0.204081632653061,0.204819277108434,0.204819277108434,0.204388984509466,0.204279805790325,0.583333333333333,"player signal"
"661388","William Contreras","sac_fly_scores",11,11,4,0.363636363636364,0.363636363636364,0.593270173146031,0.593270173146031,0.538357740437197,0.506167693676847,0.239130434782609,"league-shrunk"
"661388","William Contreras","second_to_third_on_out",17,17,10,0.588235294117647,0.588235294117647,0.477532255672549,0.477532255672549,0.513723633625754,0.531302302917311,0.326923076923077,"league-shrunk"
"661388","William Contreras","single_first_to_third",30,30,7,0.233333333333333,0.233333333333333,0.344619833714905,0.344619833714905,0.293256833538795,0.275065770976423,0.461538461538462,"player signal"
"661388","William Contreras","single_second_scores",20,20,6,0.3,0.3,0.617619711761971,0.617619711761971,0.502121634757618,0.450451442413565,0.363636363636364,"league-shrunk"
"661388","William Contreras","steal_second",150,1,0,0.00666666666666667,0,0.0647077913972589,0.881944444444444,0.017647419994076,0.835526315789474,0.810810810810811,"player signal"
"661388","William Contreras","steal_third",95,0,0,0,,0.0135036339397067,0.853503184713376,0.00363559375299796,0.853503184713376,0.730769230769231,"player signal"
"661531","Brian Serven","first_to_second_on_out",1,1,0,0,0,0.249688314632211,0.249688314632211,0.24275252811465,0.236546824388411,0.0277777777777778,"league-shrunk"
"661531","Brian Serven","ground_ball_double_play",3,3,1,0.333333333333333,0.333333333333333,0.204819277108434,0.204819277108434,0.214965123652505,0.223178427997705,0.0789473684210526,"league-shrunk"
"661531","Brian Serven","second_to_third_on_out",2,2,1,0.5,0.5,0.477532255672549,0.477532255672549,0.478746728338898,0.479779030105294,0.0540540540540541,"league-shrunk"
"661531","Brian Serven","single_first_to_third",5,5,0,0,0,0.344619833714905,0.344619833714905,0.301542354500542,0.269702478559491,0.125,"league-shrunk"
"661531","Brian Serven","steal_second",9,0,0,0,,0.0647077913972589,0.881944444444444,0.0514721067932741,0.881944444444444,0.204545454545455,"league-shrunk"
"661531","Brian Serven","steal_third",8,0,0,0,,0.0135036339397067,0.853503184713376,0.0109913299509241,0.853503184713376,0.186046511627907,"league-shrunk"
"662139","Daulton Varsho","double_first_scores",7,7,1,0.142857142857143,0.142857142857143,0.41339590443686,0.41339590443686,0.368306110840241,0.337645051194539,0.166666666666667,"league-shrunk"
"662139","Daulton Varsho","first_to_second_on_out",21,21,6,0.285714285714286,0.285714285714286,0.249688314632211,0.249688314632211,0.263198053787989,0.269086914445636,0.375,"league-shrunk"
"662139","Daulton Varsho","ground_ball_double_play",42,42,9,0.214285714285714,0.214285714285714,0.204819277108434,0.204819277108434,0.209982788296041,0.21144578313253,0.545454545454545,"player signal"
"662139","Daulton Varsho","sac_fly_scores",14,14,10,0.714285714285714,0.714285714285714,0.593270173146031,0.593270173146031,0.627846042043083,0.646214472394642,0.285714285714286,"league-shrunk"
"662139","Daulton Varsho","second_to_third_on_out",17,17,3,0.176470588235294,0.176470588235294,0.477532255672549,0.477532255672549,0.37910824901037,0.331302302917311,0.326923076923077,"league-shrunk"
"662139","Daulton Varsho","single_first_to_third",22,22,4,0.181818181818182,0.181818181818182,0.344619833714905,0.344619833714905,0.281784108421433,0.255078925171707,0.385964912280702,"league-shrunk"
"662139","Daulton Varsho","single_second_scores",8,8,5,0.625,0.625,0.617619711761971,0.617619711761971,0.618992788643465,0.619890569681365,0.186046511627907,"league-shrunk"
"662139","Daulton Varsho","steal_second",96,11,11,0.114583333333333,1,0.0647077913972589,0.881944444444444,0.101257806861863,0.926724137931034,0.732824427480916,"player signal"
"662139","Daulton Varsho","steal_third",67,0,0,0,,0.0135036339397067,0.853503184713376,0.00463359988127191,0.853503184713376,0.656862745098039,"player signal"
"663330","Jahmai Jones","first_to_second_on_out",8,8,1,0.125,0.125,0.249688314632211,0.249688314632211,0.226490488654125,0.211322679360762,0.186046511627907,"league-shrunk"
"663330","Jahmai Jones","ground_ball_double_play",15,15,3,0.2,0.2,0.204819277108434,0.204819277108434,0.203373493975904,0.2026286966046,0.3,"league-shrunk"
"663330","Jahmai Jones","sac_fly_scores",1,1,1,1,1,0.593270173146031,0.593270173146031,0.604568223891974,0.614677006138345,0.0277777777777778,"league-shrunk"
"663330","Jahmai Jones","second_to_third_on_out",7,7,2,0.285714285714286,0.285714285714286,0.477532255672549,0.477532255672549,0.445562594012839,0.423823224084235,0.166666666666667,"league-shrunk"
"663330","Jahmai Jones","single_first_to_third",4,4,1,0.25,0.25,0.344619833714905,0.344619833714905,0.334915235385172,0.327416227584923,0.102564102564103,"league-shrunk"
"663330","Jahmai Jones","single_second_scores",3,3,2,0.666666666666667,0.666666666666667,0.617619711761971,0.617619711761971,0.621491839780763,0.624626419605499,0.0789473684210526,"league-shrunk"
"663330","Jahmai Jones","steal_second",37,1,1,0.027027027027027,1,0.0647077913972589,0.881944444444444,0.0453440652625564,0.888157894736842,0.513888888888889,"player signal"
"663330","Jahmai Jones","steal_third",28,1,1,0.0357142857142857,1,0.0135036339397067,0.853503184713376,0.0233750347284085,0.861213543412672,0.444444444444444,"player signal"
"663368","Blake Perkins","double_first_scores",1,1,0,0,0,0.41339590443686,0.41339590443686,0.40191268486917,0.391638225255973,0.0277777777777778,"league-shrunk"
"663368","Blake Perkins","first_to_second_on_out",7,7,4,0.571428571428571,0.571428571428571,0.249688314632211,0.249688314632211,0.303311690764938,0.339775586535192,0.166666666666667,"league-shrunk"
"663368","Blake Perkins","ground_ball_double_play",11,11,1,0.0909090909090909,0.0909090909090909,0.204819277108434,0.204819277108434,0.177579884756417,0.161611965101786,0.239130434782609,"league-shrunk"
"663368","Blake Perkins","sac_fly_scores",3,3,1,0.333333333333333,0.333333333333333,0.593270173146031,0.593270173146031,0.572748843687134,0.556136338887074,0.0789473684210526,"league-shrunk"
"663368","Blake Perkins","second_to_third_on_out",9,9,4,0.444444444444444,0.444444444444444,0.477532255672549,0.477532255672549,0.470764294284982,0.466502985263181,0.204545454545455,"league-shrunk"
"663368","Blake Perkins","single_first_to_third",6,6,2,0.333333333333333,0.333333333333333,0.344619833714905,0.344619833714905,0.342968150732236,0.341798208619512,0.146341463414634,"league-shrunk"
"663368","Blake Perkins","single_second_scores",6,6,4,0.666666666666667,0.666666666666667,0.617619711761971,0.617619711761971,0.624797314918756,0.629881450488145,0.146341463414634,"league-shrunk"
"663368","Blake Perkins","steal_second",18,1,1,0.0555555555555556,1,0.0647077913972589,0.881944444444444,0.0615994848849823,0.888157894736842,0.339622641509434,"league-shrunk"
"663368","Blake Perkins","steal_third",21,1,1,0.0476190476190476,1,0.0135036339397067,0.853503184713376,0.0262969140694595,0.861213543412672,0.375,"league-shrunk"
"663457","Lars Nootbaar","double_first_scores",3,3,2,0.666666666666667,0.666666666666667,0.41339590443686,0.41339590443686,0.433390964612897,0.449577441898261,0.0789473684210526,"league-shrunk"
"663457","Lars Nootbaar","first_to_second_on_out",17,17,3,0.176470588235294,0.176470588235294,0.249688314632211,0.249688314632211,0.225751750233219,0.214125418953709,0.326923076923077,"league-shrunk"
"663457","Lars Nootbaar","ground_ball_double_play",34,34,8,0.235294117647059,0.235294117647059,0.204819277108434,0.204819277108434,0.21983586519993,0.224745134383689,0.492753623188406,"player signal"
"663457","Lars Nootbaar","sac_fly_scores",2,2,2,1,1,0.593270173146031,0.593270173146031,0.615255569192191,0.633943155831428,0.0540540540540541,"league-shrunk"
"663457","Lars Nootbaar","second_to_third_on_out",15,15,5,0.333333333333333,0.333333333333333,0.477532255672549,0.477532255672549,0.434272578970785,0.411987290972906,0.3,"league-shrunk"
"663457","Lars Nootbaar","single_first_to_third",17,17,2,0.117647058823529,0.117647058823529,0.344619833714905,0.344619833714905,0.270417195769648,0.234375914481951,0.326923076923077,"league-shrunk"
"663457","Lars Nootbaar","single_second_scores",9,9,6,0.666666666666667,0.666666666666667,0.617619711761971,0.617619711761971,0.627652043447023,0.633968696730203,0.204545454545455,"league-shrunk"
"663457","Lars Nootbaar","steal_second",65,2,2,0.0307692307692308,1,0.0647077913972589,0.881944444444444,0.0426477269890406,0.89375,0.65,"player signal"
"663457","Lars Nootbaar","steal_third",44,1,0,0.0227272727272727,0,0.0135036339397067,0.853503184713376,0.0186408504796169,0.808581964465303,0.556962025316456,"player signal"
"663494","Bryan Torres","double_first_scores",1,1,0,0,0,0.41339590443686,0.41339590443686,0.40191268486917,0.391638225255973,0.0277777777777778,"league-shrunk"
"663494","Bryan Torres","first_to_second_on_out",8,8,4,0.5,0.5,0.249688314632211,0.249688314632211,0.296257930514591,0.326707294745377,0.186046511627907,"league-shrunk"
"663494","Bryan Torres","ground_ball_double_play",22,22,6,0.272727272727273,0.272727272727273,0.204819277108434,0.204819277108434,0.231029380680617,0.242168674698795,0.385964912280702,"league-shrunk"
"663494","Bryan Torres","sac_fly_scores",3,3,1,0.333333333333333,0.333333333333333,0.593270173146031,0.593270173146031,0.572748843687134,0.556136338887074,0.0789473684210526,"league-shrunk"
"663494","Bryan Torres","second_to_third_on_out",4,4,2,0.5,0.5,0.477532255672549,0.477532255672549,0.479836639706134,0.481617300095722,0.102564102564103,"league-shrunk"
"663494","Bryan Torres","single_first_to_third",10,10,2,0.2,0.2,0.344619833714905,0.344619833714905,0.312482092889371,0.292969893102439,0.222222222222222,"league-shrunk"
"663494","Bryan Torres","single_second_scores",7,7,3,0.428571428571429,0.428571428571429,0.617619711761971,0.617619711761971,0.586111664563547,0.564686192468619,0.166666666666667,"league-shrunk"
"663494","Bryan Torres","steal_second",39,1,1,0.0256410256410256,1,0.0647077913972589,0.881944444444444,0.04411854998519,0.888157894736842,0.527027027027027,"player signal"
"663494","Bryan Torres","steal_third",16,0,0,0,,0.0135036339397067,0.853503184713376,0.00926719976254382,0.853503184713376,0.313725490196078,"league-shrunk"
"663538","Nico Hoerner","double_first_scores",8,8,5,0.625,0.625,0.41339590443686,0.41339590443686,0.452764108262561,0.478504856917826,0.186046511627907,"league-shrunk"
"663538","Nico Hoerner","first_to_second_on_out",45,45,12,0.266666666666667,0.266666666666667,0.249688314632211,0.249688314632211,0.259238637651592,0.261815708942537,0.5625,"player signal"
"663538","Nico Hoerner","ground_ball_double_play",72,72,9,0.125,0.125,0.204819277108434,0.204819277108434,0.151109109334534,0.140963855421687,0.672897196261682,"player signal"
"663538","Nico Hoerner","sac_fly_scores",14,14,9,0.642857142857143,0.642857142857143,0.593270173146031,0.593270173146031,0.607437878777777,0.614964472394642,0.285714285714286,"league-shrunk"
"663538","Nico Hoerner","second_to_third_on_out",37,37,10,0.27027027027027,0.27027027027027,0.477532255672549,0.477532255672549,0.371022624285267,0.338101465492834,0.513888888888889,"player signal"
"663538","Nico Hoerner","single_first_to_third",29,29,11,0.379310344827586,0.379310344827586,0.344619833714905,0.344619833714905,0.360338971562839,0.366024617167411,0.453125,"player signal"
"663538","Nico Hoerner","single_second_scores",13,13,7,0.538461538461538,0.538461538461538,0.617619711761971,0.617619711761971,0.596181039826437,0.584424348765015,0.270833333333333,"league-shrunk"
"663538","Nico Hoerner","steal_second",175,20,18,0.114285714285714,0.9,0.0647077913972589,0.881944444444444,0.106022727137638,0.891447368421053,0.833333333333333,"player signal"
"663538","Nico Hoerner","steal_third",118,1,1,0.00847457627118644,1,0.0135036339397067,0.853503184713376,0.00962501429993291,0.861213543412672,0.77124183006536,"player signal"
"663584","Hayden Senger","double_first_scores",1,1,0,0,0,0.41339590443686,0.41339590443686,0.40191268486917,0.391638225255973,0.0277777777777778,"league-shrunk"
"663584","Hayden Senger","ground_ball_double_play",1,1,0,0,0,0.204819277108434,0.204819277108434,0.199129852744311,0.194039315155358,0.0277777777777778,"league-shrunk"
"663586","Austin Riley","double_first_scores",11,11,4,0.363636363636364,0.363636363636364,0.41339590443686,0.41339590443686,0.401496883810654,0.394521595857361,0.239130434782609,"league-shrunk"
"663586","Austin Riley","first_to_second_on_out",36,36,7,0.194444444444444,0.194444444444444,0.249688314632211,0.249688314632211,0.221677338198977,0.212859067840367,0.507042253521127,"player signal"
"663586","Austin Riley","ground_ball_double_play",52,52,4,0.0769230769230769,0.0769230769230769,0.204819277108434,0.204819277108434,0.128375571250519,0.109810671256454,0.597701149425287,"player signal"
"663586","Austin Riley","sac_fly_scores",8,8,4,0.5,0.5,0.593270173146031,0.593270173146031,0.575917582793281,0.564571658331867,0.186046511627907,"league-shrunk"
"663586","Austin Riley","second_to_third_on_out",20,20,12,0.6,0.6,0.477532255672549,0.477532255672549,0.522065980882531,0.541988963213313,0.363636363636364,"league-shrunk"
"663586","Austin Riley","single_first_to_third",28,28,11,0.392857142857143,0.392857142857143,0.344619833714905,0.344619833714905,0.366058637778122,0.373981674062354,0.444444444444444,"player signal"
"663586","Austin Riley","single_second_scores",15,15,12,0.8,0.8,0.617619711761971,0.617619711761971,0.67233379823338,0.700519842779257,0.3,"league-shrunk"
"663586","Austin Riley","steal_second",144,9,9,0.0625,1,0.0647077913972589,0.881944444444444,0.0629316910553299,0.921296296296296,0.804469273743017,"player signal"
"663586","Austin Riley","steal_third",70,0,0,0,,0.0135036339397067,0.853503184713376,0.00450121131323557,0.853503184713376,0.666666666666667,"player signal"
"663604","Brandon Lockridge","double_first_scores",2,2,2,1,1,0.41339590443686,0.41339590443686,0.44510423392676,0.472056313993174,0.0540540540540541,"league-shrunk"
"663604","Brandon Lockridge","first_to_second_on_out",3,3,0,0,0,0.249688314632211,0.249688314632211,0.22997607926651,0.214018555399038,0.0789473684210526,"league-shrunk"
"663604","Brandon Lockridge","ground_ball_double_play",7,7,1,0.142857142857143,0.142857142857143,0.204819277108434,0.204819277108434,0.194492254733219,0.187469879518072,0.166666666666667,"league-shrunk"
"663604","Brandon Lockridge","sac_fly_scores",2,2,1,0.5,0.5,0.593270173146031,0.593270173146031,0.588228542165164,0.583943155831428,0.0540540540540541,"league-shrunk"
"663604","Brandon Lockridge","second_to_third_on_out",11,11,7,0.636363636363636,0.636363636363636,0.477532255672549,0.477532255672549,0.515513672794331,0.537778641451927,0.239130434782609,"league-shrunk"
"663604","Brandon Lockridge","single_first_to_third",5,5,1,0.2,0.2,0.344619833714905,0.344619833714905,0.326542354500542,0.313180739429056,0.125,"league-shrunk"
"663604","Brandon Lockridge","single_second_scores",5,5,2,0.4,0.4,0.617619711761971,0.617619711761971,0.590417247791725,0.570311078770238,0.125,"league-shrunk"
"663604","Brandon Lockridge","steal_second",30,4,4,0.133333333333333,1,0.0647077913972589,0.881944444444444,0.0963811184446779,0.903409090909091,0.461538461538462,"player signal"
"663604","Brandon Lockridge","steal_third",18,0,0,0,,0.0135036339397067,0.853503184713376,0.00891749411112707,0.853503184713376,0.339622641509434,"league-shrunk"
"663609","Luken Baker","steal_second",1,0,0,0,,0.0647077913972589,0.881944444444444,0.062910352747335,0.881944444444444,0.0277777777777778,"league-shrunk"
"663611","Nick Madrigal","double_first_scores",2,2,0,0,0,0.41339590443686,0.41339590443686,0.391050179872706,0.372056313993174,0.0540540540540541,"league-shrunk"
"663611","Nick Madrigal","first_to_second_on_out",6,6,0,0,0,0.249688314632211,0.249688314632211,0.2131485612714,0.187266235974158,0.146341463414634,"league-shrunk"
"663611","Nick Madrigal","ground_ball_double_play",8,8,1,0.125,0.125,0.204819277108434,0.204819277108434,0.189969179041748,0.180259499536608,0.186046511627907,"league-shrunk"
"663611","Nick Madrigal","second_to_third_on_out",1,1,0,0,0,0.477532255672549,0.477532255672549,0.464267470792756,0.452398979058205,0.0277777777777778,"league-shrunk"
"663611","Nick Madrigal","single_first_to_third",5,5,1,0.2,0.2,0.344619833714905,0.344619833714905,0.326542354500542,0.313180739429056,0.125,"league-shrunk"
"663611","Nick Madrigal","single_second_scores",3,3,3,1,1,0.617619711761971,0.617619711761971,0.647807629254447,0.672245467224547,0.0789473684210526,"league-shrunk"
"663611","Nick Madrigal","steal_second",18,2,1,0.111111111111111,0.5,0.0647077913972589,0.881944444444444,0.0804674094132842,0.84375,0.339622641509434,"league-shrunk"
"663611","Nick Madrigal","steal_third",7,0,0,0,,0.0135036339397067,0.853503184713376,0.0112530282830889,0.853503184713376,0.166666666666667,"league-shrunk"
"663616","Trevor Larnach","double_first_scores",9,9,3,0.333333333333333,0.333333333333333,0.41339590443686,0.41339590443686,0.397019469438411,0.386708380735685,0.204545454545455,"league-shrunk"
"663616","Trevor Larnach","first_to_second_on_out",30,30,5,0.166666666666667,0.166666666666667,0.249688314632211,0.249688314632211,0.211370630955806,0.197799784653746,0.461538461538462,"player signal"
"663616","Trevor Larnach","ground_ball_double_play",48,48,8,0.166666666666667,0.166666666666667,0.204819277108434,0.204819277108434,0.182755116852954,0.177071924059876,0.578313253012048,"player signal"
"663616","Trevor Larnach","sac_fly_scores",10,10,6,0.6,0.6,0.593270173146031,0.593270173146031,0.594765690224691,0.595673682736734,0.222222222222222,"league-shrunk"
"663616","Trevor Larnach","second_to_third_on_out",25,25,11,0.44,0.44,0.477532255672549,0.477532255672549,0.461893815808987,0.45571117679316,0.416666666666667,"player signal"
"663616","Trevor Larnach","single_first_to_third",24,24,8,0.333333333333333,0.333333333333333,0.344619833714905,0.344619833714905,0.340028714915622,0.338170404925436,0.406779661016949,"league-shrunk"
"663616","Trevor Larnach","single_second_scores",12,12,7,0.583333333333333,0.583333333333333,0.617619711761971,0.617619711761971,0.608865742801468,0.603905160390516,0.25531914893617,"league-shrunk"
"663616","Trevor Larnach","steal_second",110,2,2,0.0181818181818182,1,0.0647077913972589,0.881944444444444,0.0294122255096832,0.89375,0.758620689655172,"player signal"
"663616","Trevor Larnach","steal_third",71,0,0,0,,0.0135036339397067,0.853503184713376,0.00445874705556353,0.853503184713376,0.669811320754717,"player signal"
"663624","Ryan Mountcastle","first_to_second_on_out",1,1,0,0,0,0.249688314632211,0.249688314632211,0.24275252811465,0.236546824388411,0.0277777777777778,"league-shrunk"
"663624","Ryan Mountcastle","ground_ball_double_play",3,3,1,0.333333333333333,0.333333333333333,0.204819277108434,0.204819277108434,0.214965123652505,0.223178427997705,0.0789473684210526,"league-shrunk"
"663624","Ryan Mountcastle","second_to_third_on_out",1,1,0,0,0,0.477532255672549,0.477532255672549,0.464267470792756,0.452398979058205,0.0277777777777778,"league-shrunk"
"663624","Ryan Mountcastle","single_first_to_third",1,1,0,0,0,0.344619833714905,0.344619833714905,0.335047060556158,0.32648194772991,0.0277777777777778,"league-shrunk"
"663624","Ryan Mountcastle","steal_second",6,0,0,0,,0.0647077913972589,0.881944444444444,0.0552383585098552,0.881944444444444,0.146341463414634,"league-shrunk"
"663624","Ryan Mountcastle","steal_third",4,0,0,0,,0.0135036339397067,0.853503184713376,0.0121186458433265,0.853503184713376,0.102564102564103,"league-shrunk"
"663647","Ke'Bryan Hayes","double_first_scores",2,2,1,0.5,0.5,0.41339590443686,0.41339590443686,0.418077206899733,0.422056313993174,0.0540540540540541,"league-shrunk"
"663647","Ke'Bryan Hayes","first_to_second_on_out",10,10,3,0.3,0.3,0.249688314632211,0.249688314632211,0.260868689158387,0.267656773692136,0.222222222222222,"league-shrunk"
"663647","Ke'Bryan Hayes","ground_ball_double_play",19,19,4,0.210526315789474,0.210526315789474,0.204819277108434,0.204819277108434,0.206827309236948,0.207749918593292,0.351851851851852,"league-shrunk"
"663647","Ke'Bryan Hayes","sac_fly_scores",4,4,2,0.5,0.5,0.593270173146031,0.593270173146031,0.58370400154131,0.576311959846752,0.102564102564103,"league-shrunk"
"663647","Ke'Bryan Hayes","second_to_third_on_out",2,2,1,0.5,0.5,0.477532255672549,0.477532255672549,0.478746728338898,0.479779030105294,0.0540540540540541,"league-shrunk"
"663647","Ke'Bryan Hayes","single_first_to_third",2,2,0,0,0,0.344619833714905,0.344619833714905,0.325991734595181,0.310157850343415,0.0540540540540541,"league-shrunk"
"663647","Ke'Bryan Hayes","single_second_scores",4,4,1,0.25,0.25,0.617619711761971,0.617619711761971,0.579915125940231,0.550779764168886,0.102564102564103,"league-shrunk"
"663647","Ke'Bryan Hayes","steal_second",45,1,1,0.0222222222222222,1,0.0647077913972589,0.881944444444444,0.0408096587363008,0.888157894736842,0.5625,"player signal"
"663647","Ke'Bryan Hayes","steal_third",17,0,0,0,,0.0135036339397067,0.853503184713376,0.0090889843824949,0.853503184713376,0.326923076923077,"league-shrunk"
"663656","Kyle Tucker","double_first_scores",9,9,3,0.333333333333333,0.333333333333333,0.41339590443686,0.41339590443686,0.397019469438411,0.386708380735685,0.204545454545455,"league-shrunk"
"663656","Kyle Tucker","first_to_second_on_out",28,28,7,0.25,0.25,0.249688314632211,0.249688314632211,0.24982684146234,0.249878036160431,0.444444444444444,"player signal"
"663656","Kyle Tucker","ground_ball_double_play",55,55,13,0.236363636363636,0.236363636363636,0.204819277108434,0.204819277108434,0.224096385542169,0.228585575177422,0.611111111111111,"player signal"
"663656","Kyle Tucker","sac_fly_scores",11,11,6,0.545454545454545,0.545454545454545,0.593270173146031,0.593270173146031,0.581836001306762,0.575133210918226,0.239130434782609,"league-shrunk"
"663656","Kyle Tucker","second_to_third_on_out",15,15,8,0.533333333333333,0.533333333333333,0.477532255672549,0.477532255672549,0.494272578970785,0.502896381881997,0.3,"league-shrunk"
"663656","Kyle Tucker","single_first_to_third",31,31,9,0.290322580645161,0.290322580645161,0.344619833714905,0.344619833714905,0.319116578485177,0.310268510344251,0.46969696969697,"player signal"
"663656","Kyle Tucker","single_second_scores",23,23,14,0.608695652173913,0.608695652173913,0.617619711761971,0.617619711761971,0.614080860546017,0.61261353199306,0.396551724137931,"league-shrunk"
"663656","Kyle Tucker","steal_second",134,9,9,0.0671641791044776,1,0.0647077913972589,0.881944444444444,0.0666554597568288,0.921296296296296,0.792899408284024,"player signal"
"663656","Kyle Tucker","steal_third",72,1,1,0.0138888888888889,1,0.0135036339397067,0.853503184713376,0.0137628709148573,0.861213543412672,0.672897196261682,"player signal"
"663662","Daz Cameron","first_to_second_on_out",1,1,0,0,0,0.249688314632211,0.249688314632211,0.24275252811465,0.236546824388411,0.0277777777777778,"league-shrunk"
"663662","Daz Cameron","ground_ball_double_play",1,1,0,0,0,0.204819277108434,0.204819277108434,0.199129852744311,0.194039315155358,0.0277777777777778,"league-shrunk"
"663662","Daz Cameron","single_first_to_third",1,1,1,1,1,0.344619833714905,0.344619833714905,0.362824838333936,0.379113526677279,0.0277777777777778,"league-shrunk"
"663662","Daz Cameron","single_second_scores",1,1,1,1,1,0.617619711761971,0.617619711761971,0.62824138643525,0.637744990090289,0.0277777777777778,"league-shrunk"
"663662","Daz Cameron","steal_second",2,0,0,0,,0.0647077913972589,0.881944444444444,0.061210072943353,0.881944444444444,0.0540540540540541,"league-shrunk"
"663662","Daz Cameron","steal_third",1,0,0,0,,0.0135036339397067,0.853503184713376,0.0131285329969371,0.853503184713376,0.0277777777777778,"league-shrunk"
"663697","Jonathan India","double_first_scores",1,1,1,1,1,0.41339590443686,0.41339590443686,0.429690462646947,0.444269804203341,0.0277777777777778,"league-shrunk"
"663697","Jonathan India","first_to_second_on_out",5,5,1,0.2,0.2,0.249688314632211,0.249688314632211,0.243477275303185,0.23888650710347,0.125,"league-shrunk"
"663697","Jonathan India","ground_ball_double_play",8,8,2,0.25,0.25,0.204819277108434,0.204819277108434,0.213224992995237,0.218721037998146,0.186046511627907,"league-shrunk"
"663697","Jonathan India","single_first_to_third",3,3,1,0.333333333333333,0.333333333333333,0.344619833714905,0.344619833714905,0.343728794211097,0.343007476517538,0.0789473684210526,"league-shrunk"
"663697","Jonathan India","single_second_scores",2,2,1,0.5,0.5,0.617619711761971,0.617619711761971,0.611261889504567,0.605857740585774,0.0540540540540541,"league-shrunk"
"663697","Jonathan India","steal_second",17,0,0,0,,0.0647077913972589,0.881944444444444,0.0435533211327704,0.881944444444444,0.326923076923077,"league-shrunk"
"663697","Jonathan India","steal_third",4,0,0,0,,0.0135036339397067,0.853503184713376,0.0121186458433265,0.853503184713376,0.102564102564103,"league-shrunk"
"663698","Joey Bart","first_to_second_on_out",4,4,0,0,0,0.249688314632211,0.249688314632211,0.224079256721215,0.204290439244536,0.102564102564103,"league-shrunk"
"663698","Joey Bart","ground_ball_double_play",11,11,3,0.272727272727273,0.272727272727273,0.204819277108434,0.204819277108434,0.221058145625982,0.230577482343166,0.239130434782609,"league-shrunk"
"663698","Joey Bart","sac_fly_scores",3,3,2,0.666666666666667,0.666666666666667,0.593270173146031,0.593270173146031,0.599064633160818,0.603755386506121,0.0789473684210526,"league-shrunk"
"663698","Joey Bart","second_to_third_on_out",8,8,3,0.375,0.375,0.477532255672549,0.477532255672549,0.458456487175331,0.445983869311765,0.186046511627907,"league-shrunk"
"663698","Joey Bart","single_first_to_third",6,6,1,0.166666666666667,0.166666666666667,0.344619833714905,0.344619833714905,0.318577906829797,0.300131541952846,0.146341463414634,"league-shrunk"
"663698","Joey Bart","single_second_scores",3,3,1,0.333333333333333,0.333333333333333,0.617619711761971,0.617619711761971,0.595176050307079,0.577007371986451,0.0789473684210526,"league-shrunk"
"663698","Joey Bart","steal_second",31,0,0,0,,0.0647077913972589,0.881944444444444,0.0343147378621828,0.881944444444444,0.46969696969697,"player signal"
"663698","Joey Bart","steal_third",19,0,0,0,,0.0135036339397067,0.853503184713376,0.00875235533129138,0.853503184713376,0.351851851851852,"league-shrunk"
"663728","Cal Raleigh","double_first_scores",5,5,1,0.2,0.2,0.41339590443686,0.41339590443686,0.386721416382253,0.367005490428847,0.125,"league-shrunk"
"663728","Cal Raleigh","first_to_second_on_out",25,25,5,0.2,0.2,0.249688314632211,0.249688314632211,0.228984850202123,0.220799759613484,0.416666666666667,"player signal"
"663728","Cal Raleigh","ground_ball_double_play",41,41,8,0.195121951219512,0.195121951219512,0.204819277108434,0.204819277108434,0.199587824984147,0.198080457422912,0.539473684210526,"player signal"
"663728","Cal Raleigh","sac_fly_scores",4,4,1,0.25,0.25,0.593270173146031,0.593270173146031,0.558062975900284,0.530857414392207,0.102564102564103,"league-shrunk"
"663728","Cal Raleigh","second_to_third_on_out",17,17,7,0.411764705882353,0.411764705882353,0.477532255672549,0.477532255672549,0.456031325933447,0.445588017203025,0.326923076923077,"league-shrunk"
"663728","Cal Raleigh","single_first_to_third",20,20,1,0.05,0.05,0.344619833714905,0.344619833714905,0.237485348727667,0.189556763338639,0.363636363636364,"league-shrunk"
"663728","Cal Raleigh","single_second_scores",10,10,6,0.6,0.6,0.617619711761971,0.617619711761971,0.613704220259311,0.611326957561267,0.222222222222222,"league-shrunk"
"663728","Cal Raleigh","steal_second",104,1,1,0.00961538461538462,1,0.0647077913972589,0.881944444444444,0.0234875733734105,0.888157894736842,0.748201438848921,"player signal"
"663728","Cal Raleigh","steal_third",62,1,1,0.0161290322580645,1,0.0135036339397067,0.853503184713376,0.0151817235864921,0.861213543412672,0.639175257731959,"player signal"
"663743","Nick Fortes","double_first_scores",2,2,0,0,0,0.41339590443686,0.41339590443686,0.391050179872706,0.372056313993174,0.0540540540540541,"league-shrunk"
"663743","Nick Fortes","first_to_second_on_out",17,17,2,0.117647058823529,0.117647058823529,0.249688314632211,0.249688314632211,0.20652098100245,0.18555399038228,0.326923076923077,"league-shrunk"
"663743","Nick Fortes","ground_ball_double_play",24,24,3,0.125,0.125,0.204819277108434,0.204819277108434,0.172350418623647,0.1592082616179,0.406779661016949,"league-shrunk"
"663743","Nick Fortes","sac_fly_scores",7,7,6,0.857142857142857,0.857142857142857,0.593270173146031,0.593270173146031,0.637248953812169,0.667154524665142,0.166666666666667,"league-shrunk"
"663743","Nick Fortes","second_to_third_on_out",9,9,6,0.666666666666667,0.666666666666667,0.477532255672549,0.477532255672549,0.516218839739528,0.540577059337255,0.204545454545455,"league-shrunk"
"663743","Nick Fortes","single_first_to_third",23,23,6,0.260869565217391,0.260869565217391,0.344619833714905,0.344619833714905,0.311408520345202,0.297637975777276,0.396551724137931,"league-shrunk"
"663743","Nick Fortes","single_second_scores",11,11,7,0.636363636363636,0.636363636363636,0.617619711761971,0.617619711761971,0.6221019546015,0.624729476266051,0.239130434782609,"league-shrunk"
"663743","Nick Fortes","steal_second",70,0,0,0,,0.0647077913972589,0.881944444444444,0.0215692637990863,0.881944444444444,0.666666666666667,"player signal"
"663743","Nick Fortes","steal_third",49,0,0,0,,0.0135036339397067,0.853503184713376,0.00562651414154446,0.853503184713376,0.583333333333333,"player signal"
"663757","Trent Grisham","double_first_scores",5,5,1,0.2,0.2,0.41339590443686,0.41339590443686,0.386721416382253,0.367005490428847,0.125,"league-shrunk"
"663757","Trent Grisham","first_to_second_on_out",29,29,7,0.241379310344828,0.241379310344828,0.249688314632211,0.249688314632211,0.245923297064491,0.24456148219957,0.453125,"player signal"
"663757","Trent Grisham","ground_ball_double_play",49,49,14,0.285714285714286,0.285714285714286,0.204819277108434,0.204819277108434,0.252008032128514,0.263981298327639,0.583333333333333,"player signal"
"663757","Trent Grisham","sac_fly_scores",9,9,7,0.777777777777778,0.777777777777778,0.593270173146031,0.593270173146031,0.631010365002524,0.65477270802328,0.204545454545455,"league-shrunk"
"663757","Trent Grisham","second_to_third_on_out",15,15,6,0.4,0.4,0.477532255672549,0.477532255672549,0.454272578970785,0.442290321275936,0.3,"league-shrunk"
"663757","Trent Grisham","single_first_to_third",26,26,11,0.423076923076923,0.423076923076923,0.344619833714905,0.344619833714905,0.378060560328224,0.390980841065189,0.426229508196721,"player signal"
"663757","Trent Grisham","single_second_scores",12,12,4,0.333333333333333,0.333333333333333,0.617619711761971,0.617619711761971,0.545035955567425,0.503905160390516,0.25531914893617,"league-shrunk"
"663757","Trent Grisham","steal_second",117,8,7,0.0683760683760684,0.875,0.0647077913972589,0.881944444444444,0.0675313993348951,0.879807692307692,0.769736842105263,"player signal"
"663757","Trent Grisham","steal_third",66,0,0,0,,0.0135036339397067,0.853503184713376,0.00467947710781916,0.853503184713376,0.653465346534653,"player signal"
"663837","Matt Vierling","double_first_scores",2,2,2,1,1,0.41339590443686,0.41339590443686,0.44510423392676,0.472056313993174,0.0540540540540541,"league-shrunk"
"663837","Matt Vierling","first_to_second_on_out",13,13,2,0.153846153846154,0.153846153846154,0.249688314632211,0.249688314632211,0.223731062752654,0.209496440754187,0.270833333333333,"league-shrunk"
"663837","Matt Vierling","ground_ball_double_play",19,19,3,0.157894736842105,0.157894736842105,0.204819277108434,0.204819277108434,0.188308790718429,0.180722891566265,0.351851851851852,"league-shrunk"
"663837","Matt Vierling","sac_fly_scores",3,3,3,1,1,0.593270173146031,0.593270173146031,0.625380422634502,0.651374434125169,0.0789473684210526,"league-shrunk"
"663837","Matt Vierling","second_to_third_on_out",5,5,2,0.4,0.4,0.477532255672549,0.477532255672549,0.467840723713481,0.460677417482865,0.125,"league-shrunk"
"663837","Matt Vierling","single_first_to_third",7,7,4,0.571428571428571,0.571428571428571,0.344619833714905,0.344619833714905,0.382421290000516,0.408126280274732,0.166666666666667,"league-shrunk"
"663837","Matt Vierling","single_second_scores",3,3,2,0.666666666666667,0.666666666666667,0.617619711761971,0.617619711761971,0.621491839780763,0.624626419605499,0.0789473684210526,"league-shrunk"
"663837","Matt Vierling","steal_second",54,4,4,0.0740740740740741,1,0.0647077913972589,0.881944444444444,0.0703907044820681,0.903409090909091,0.606741573033708,"player signal"
"663837","Matt Vierling","steal_third",40,0,0,0,,0.0135036339397067,0.853503184713376,0.00630169583852979,0.853503184713376,0.533333333333333,"player signal"
"663853","Romy Gonzalez","double_first_scores",2,2,0,0,0,0.41339590443686,0.41339590443686,0.391050179872706,0.372056313993174,0.0540540540540541,"league-shrunk"
"663853","Romy Gonzalez","first_to_second_on_out",2,2,1,0.5,0.5,0.249688314632211,0.249688314632211,0.263218676003443,0.27471948316899,0.0540540540540541,"league-shrunk"
"663853","Romy Gonzalez","ground_ball_double_play",4,4,1,0.25,0.25,0.204819277108434,0.204819277108434,0.209453197405005,0.213033953997809,0.102564102564103,"league-shrunk"
"663853","Romy Gonzalez","sac_fly_scores",2,2,1,0.5,0.5,0.593270173146031,0.593270173146031,0.588228542165164,0.583943155831428,0.0540540540540541,"league-shrunk"
"663853","Romy Gonzalez","second_to_third_on_out",3,3,1,0.333333333333333,0.333333333333333,0.477532255672549,0.477532255672549,0.466148130224717,0.45693240962409,0.0789473684210526,"league-shrunk"
"663853","Romy Gonzalez","single_first_to_third",2,2,1,0.5,0.5,0.344619833714905,0.344619833714905,0.353018761622208,0.360157850343415,0.0540540540540541,"league-shrunk"
"663853","Romy Gonzalez","single_second_scores",1,1,1,1,1,0.617619711761971,0.617619711761971,0.62824138643525,0.637744990090289,0.0277777777777778,"league-shrunk"
"663853","Romy Gonzalez","steal_second",14,1,1,0.0714285714285714,1,0.0647077913972589,0.881944444444444,0.0666280142633482,0.888157894736842,0.285714285714286,"league-shrunk"
"663853","Romy Gonzalez","steal_third",7,0,0,0,,0.0135036339397067,0.853503184713376,0.0112530282830889,0.853503184713376,0.166666666666667,"league-shrunk"
"663886","Tyler Stephenson","double_first_scores",3,3,1,0.333333333333333,0.333333333333333,0.41339590443686,0.41339590443686,0.407075175139213,0.401958394279213,0.0789473684210526,"league-shrunk"
"663886","Tyler Stephenson","first_to_second_on_out",26,26,3,0.115384615384615,0.115384615384615,0.249688314632211,0.249688314632211,0.192444114952908,0.170327037804086,0.426229508196721,"player signal"
"663886","Tyler Stephenson","ground_ball_double_play",48,48,11,0.229166666666667,0.229166666666667,0.204819277108434,0.204819277108434,0.218899695166207,0.222526469514421,0.578313253012048,"player signal"
"663886","Tyler Stephenson","sac_fly_scores",7,7,3,0.428571428571429,0.428571428571429,0.593270173146031,0.593270173146031,0.565820382383597,0.547154524665142,0.166666666666667,"league-shrunk"
"663886","Tyler Stephenson","second_to_third_on_out",17,17,8,0.470588235294118,0.470588235294118,0.477532255672549,0.477532255672549,0.475262095164216,0.474159445774454,0.326923076923077,"league-shrunk"
"663886","Tyler Stephenson","single_first_to_third",14,14,1,0.0714285714285714,0.0714285714285714,0.344619833714905,0.344619833714905,0.266565187347381,0.225098656464634,0.285714285714286,"league-shrunk"
"663886","Tyler Stephenson","single_second_scores",11,11,6,0.545454545454545,0.545454545454545,0.617619711761971,0.617619711761971,0.600362824166717,0.590246717645361,0.239130434782609,"league-shrunk"
"663886","Tyler Stephenson","steal_second",118,1,0,0.00847457627118644,0,0.0647077913972589,0.881944444444444,0.0213383836529677,0.835526315789474,0.77124183006536,"player signal"
"663886","Tyler Stephenson","steal_third",52,0,0,0,,0.0135036339397067,0.853503184713376,0.00543249641252569,0.853503184713376,0.597701149425287,"player signal"
"663967","César Salazar","first_to_second_on_out",2,2,1,0.5,0.5,0.249688314632211,0.249688314632211,0.263218676003443,0.27471948316899,0.0540540540540541,"league-shrunk"
"663967","César Salazar","ground_ball_double_play",3,3,0,0,0,0.204819277108434,0.204819277108434,0.188649334178821,0.175559380378657,0.0789473684210526,"league-shrunk"
"663967","César Salazar","steal_second",6,0,0,0,,0.0647077913972589,0.881944444444444,0.0552383585098552,0.881944444444444,0.146341463414634,"league-shrunk"
"663967","César Salazar","steal_third",1,0,0,0,,0.0135036339397067,0.853503184713376,0.0131285329969371,0.853503184713376,0.0277777777777778,"league-shrunk"
"663968","Jake Mangum","double_first_scores",7,7,4,0.571428571428571,0.571428571428571,0.41339590443686,0.41339590443686,0.439734682268812,0.457645051194539,0.166666666666667,"league-shrunk"
"663968","Jake Mangum","first_to_second_on_out",22,22,2,0.0909090909090909,0.0909090909090909,0.249688314632211,0.249688314632211,0.188405105475919,0.162359741584495,0.385964912280702,"league-shrunk"
"663968","Jake Mangum","ground_ball_double_play",39,39,7,0.179487179487179,0.179487179487179,0.204819277108434,0.204819277108434,0.191468577010746,0.187486789262312,0.527027027027027,"player signal"
"663968","Jake Mangum","sac_fly_scores",16,16,10,0.625,0.625,0.593270173146031,0.593270173146031,0.603224628629629,0.608201856371428,0.313725490196078,"league-shrunk"
"663968","Jake Mangum","second_to_third_on_out",25,25,16,0.64,0.64,0.477532255672549,0.477532255672549,0.54522714914232,0.571990246560602,0.416666666666667,"player signal"
"663968","Jake Mangum","single_first_to_third",39,39,12,0.307692307692308,0.307692307692308,0.344619833714905,0.344619833714905,0.325158029459753,0.319353631699444,0.527027027027027,"player signal"
"663968","Jake Mangum","single_second_scores",9,9,2,0.222222222222222,0.222222222222222,0.617619711761971,0.617619711761971,0.536742952537932,0.485820548582055,0.204545454545455,"league-shrunk"
"663968","Jake Mangum","steal_second",124,24,21,0.193548387096774,0.875,0.0647077913972589,0.881944444444444,0.165187249678642,0.87797619047619,0.779874213836478,"player signal"
"663968","Jake Mangum","steal_third",80,1,1,0.0125,1,0.0135036339397067,0.853503184713376,0.0128054538077368,0.861213543412672,0.695652173913043,"player signal"
"663993","Nathaniel Lowe","double_first_scores",4,4,1,0.25,0.25,0.41339590443686,0.41339590443686,0.396637350135644,0.383687558175613,0.102564102564103,"league-shrunk"
"663993","Nathaniel Lowe","first_to_second_on_out",16,16,2,0.125,0.125,0.249688314632211,0.249688314632211,0.210570412002498,0.191011460687641,0.313725490196078,"league-shrunk"
"663993","Nathaniel Lowe","ground_ball_double_play",33,33,9,0.272727272727273,0.272727272727273,0.204819277108434,0.204819277108434,0.237774627923459,0.2487597448618,0.485294117647059,"player signal"
"663993","Nathaniel Lowe","sac_fly_scores",5,5,3,0.6,0.6,0.593270173146031,0.593270173146031,0.594111401502777,0.59473317898385,0.125,"league-shrunk"
"663993","Nathaniel Lowe","second_to_third_on_out",19,19,8,0.421052631578947,0.421052631578947,0.477532255672549,0.477532255672549,0.457659795343319,0.448529205462321,0.351851851851852,"league-shrunk"
"663993","Nathaniel Lowe","single_first_to_third",18,18,3,0.166666666666667,0.166666666666667,0.344619833714905,0.344619833714905,0.284182909057013,0.255643250190786,0.339622641509434,"league-shrunk"
"663993","Nathaniel Lowe","single_second_scores",7,7,4,0.571428571428571,0.571428571428571,0.617619711761971,0.617619711761971,0.609921188373071,0.604686192468619,0.166666666666667,"league-shrunk"
"663993","Nathaniel Lowe","steal_second",88,0,0,0,,0.0647077913972589,0.881944444444444,0.0184127861699517,0.881944444444444,0.715447154471545,"player signal"
"663993","Nathaniel Lowe","steal_third",61,0,0,0,,0.0135036339397067,0.853503184713376,0.0049231998738514,0.853503184713376,0.635416666666667,"player signal"
"664023","Ian Happ","double_first_scores",8,8,2,0.25,0.25,0.41339590443686,0.41339590443686,0.382996666402095,0.363120241533211,0.186046511627907,"league-shrunk"
"664023","Ian Happ","first_to_second_on_out",27,27,6,0.222222222222222,0.222222222222222,0.249688314632211,0.249688314632211,0.237727274389152,0.233208659186218,0.435483870967742,"player signal"
"664023","Ian Happ","ground_ball_double_play",43,43,4,0.0930232558139535,0.0930232558139535,0.204819277108434,0.204819277108434,0.143188137164041,0.126012245704128,0.551282051282051,"player signal"
"664023","Ian Happ","sac_fly_scores",15,15,12,0.8,0.8,0.593270173146031,0.593270173146031,0.655289121202221,0.687238276261471,0.3,"league-shrunk"
"664023","Ian Happ","second_to_third_on_out",29,29,15,0.517241379310345,0.517241379310345,0.477532255672549,0.477532255672549,0.495525452320925,0.50203362983204,0.453125,"player signal"
"664023","Ian Happ","single_first_to_third",41,41,12,0.292682926829268,0.292682926829268,0.344619833714905,0.344619833714905,0.316601239210812,0.308528084862174,0.539473684210526,"player signal"
"664023","Ian Happ","single_second_scores",15,15,6,0.4,0.4,0.617619711761971,0.617619711761971,0.55233379823338,0.518701660961075,0.3,"league-shrunk"
"664023","Ian Happ","steal_second",130,4,4,0.0307692307692308,1,0.0647077913972589,0.881944444444444,0.0379683193872973,0.903409090909091,0.787878787878788,"player signal"
"664023","Ian Happ","steal_third",83,0,0,0,,0.0135036339397067,0.853503184713376,0.00400531515160792,0.853503184713376,0.703389830508475,"player signal"
"664034","Ty France","double_first_scores",8,8,1,0.125,0.125,0.41339590443686,0.41339590443686,0.359740852448607,0.324658703071672,0.186046511627907,"league-shrunk"
"664034","Ty France","first_to_second_on_out",34,34,5,0.147058823529412,0.147058823529412,0.249688314632211,0.249688314632211,0.199117261045325,0.182584416603458,0.492753623188406,"player signal"
"664034","Ty France","ground_ball_double_play",49,49,6,0.122448979591837,0.122448979591837,0.204819277108434,0.204819277108434,0.156769936890419,0.144578313253012,0.583333333333333,"player signal"
"664034","Ty France","sac_fly_scores",8,8,3,0.375,0.375,0.593270173146031,0.593270173146031,0.552661768839792,0.526110119870329,0.186046511627907,"league-shrunk"
"664034","Ty France","second_to_third_on_out",17,17,12,0.705882352941177,0.705882352941177,0.477532255672549,0.477532255672549,0.552185172087293,0.588445160060168,0.326923076923077,"league-shrunk"
"664034","Ty France","single_first_to_third",27,27,8,0.296296296296296,0.296296296296296,0.344619833714905,0.344619833714905,0.323575712580995,0.31562571126374,0.435483870967742,"player signal"
"664034","Ty France","single_second_scores",7,7,5,0.714285714285714,0.714285714285714,0.617619711761971,0.617619711761971,0.633730712182595,0.644686192468619,0.166666666666667,"league-shrunk"
"664034","Ty France","steal_second",124,2,1,0.0161290322580645,0.5,0.0647077913972589,0.881944444444444,0.0268224698044281,0.84375,0.779874213836478,"player signal"
"664034","Ty France","steal_third",49,0,0,0,,0.0135036339397067,0.853503184713376,0.00562651414154446,0.853503184713376,0.583333333333333,"player signal"
"664040","Brandon Lowe","double_first_scores",10,10,2,0.2,0.2,0.41339590443686,0.41339590443686,0.36597459233978,0.337183081423696,0.222222222222222,"league-shrunk"
"664040","Brandon Lowe","first_to_second_on_out",30,30,6,0.2,0.2,0.249688314632211,0.249688314632211,0.226755246340421,0.218633117987079,0.461538461538462,"player signal"
"664040","Brandon Lowe","ground_ball_double_play",51,51,6,0.117647058823529,0.117647058823529,0.204819277108434,0.204819277108434,0.153124124404595,0.140387637506548,0.593023255813954,"player signal"
"664040","Brandon Lowe","sac_fly_scores",8,8,4,0.5,0.5,0.593270173146031,0.593270173146031,0.575917582793281,0.564571658331867,0.186046511627907,"league-shrunk"
"664040","Brandon Lowe","second_to_third_on_out",26,26,14,0.538461538461538,0.538461538461538,0.477532255672549,0.477532255672549,0.503502113910479,0.513535922775134,0.426229508196721,"player signal"
"664040","Brandon Lowe","single_first_to_third",27,27,8,0.296296296296296,0.296296296296296,0.344619833714905,0.344619833714905,0.323575712580995,0.31562571126374,0.435483870967742,"player signal"
"664040","Brandon Lowe","single_second_scores",22,22,16,0.727272727272727,0.727272727272727,0.617619711761971,0.617619711761971,0.659941928274895,0.677928870292887,0.385964912280702,"league-shrunk"
"664040","Brandon Lowe","steal_second",140,2,2,0.0142857142857143,1,0.0647077913972589,0.881944444444444,0.0243701297080232,0.89375,0.8,"player signal"
"664040","Brandon Lowe","steal_third",106,0,0,0,,0.0135036339397067,0.853503184713376,0.0033519658715584,0.853503184713376,0.75177304964539,"player signal"
"664056","Harrison Bader","double_first_scores",1,1,0,0,0,0.41339590443686,0.41339590443686,0.40191268486917,0.391638225255973,0.0277777777777778,"league-shrunk"
"664056","Harrison Bader","first_to_second_on_out",4,4,1,0.25,0.25,0.249688314632211,0.249688314632211,0.249720282362241,0.249744984699082,0.102564102564103,"league-shrunk"
"664056","Harrison Bader","ground_ball_double_play",6,6,1,0.166666666666667,0.166666666666667,0.204819277108434,0.204819277108434,0.199235968263297,0.195281124497992,0.146341463414634,"league-shrunk"
"664056","Harrison Bader","sac_fly_scores",3,3,2,0.666666666666667,0.666666666666667,0.593270173146031,0.593270173146031,0.599064633160818,0.603755386506121,0.0789473684210526,"league-shrunk"
"664056","Harrison Bader","second_to_third_on_out",4,4,3,0.75,0.75,0.477532255672549,0.477532255672549,0.50547766534716,0.527071845550268,0.102564102564103,"league-shrunk"
"664056","Harrison Bader","single_first_to_third",3,3,1,0.333333333333333,0.333333333333333,0.344619833714905,0.344619833714905,0.343728794211097,0.343007476517538,0.0789473684210526,"league-shrunk"
"664056","Harrison Bader","single_second_scores",4,4,1,0.25,0.25,0.617619711761971,0.617619711761971,0.579915125940231,0.550779764168886,0.102564102564103,"league-shrunk"
"664056","Harrison Bader","steal_second",15,0,0,0,,0.0647077913972589,0.881944444444444,0.0452954539780812,0.881944444444444,0.3,"league-shrunk"
"664056","Harrison Bader","steal_third",14,0,0,0,,0.0135036339397067,0.853503184713376,0.00964545281407622,0.853503184713376,0.285714285714286,"league-shrunk"
"664059","Sam Haggerty","double_first_scores",1,1,0,0,0,0.41339590443686,0.41339590443686,0.40191268486917,0.391638225255973,0.0277777777777778,"league-shrunk"
"664059","Sam Haggerty","first_to_second_on_out",5,5,1,0.2,0.2,0.249688314632211,0.249688314632211,0.243477275303185,0.23888650710347,0.125,"league-shrunk"
"664059","Sam Haggerty","ground_ball_double_play",6,6,0,0,0,0.204819277108434,0.204819277108434,0.174845724360858,0.153614457831325,0.146341463414634,"league-shrunk"
"664059","Sam Haggerty","single_first_to_third",1,1,1,1,1,0.344619833714905,0.344619833714905,0.362824838333936,0.379113526677279,0.0277777777777778,"league-shrunk"
"664059","Sam Haggerty","single_second_scores",1,1,1,1,1,0.617619711761971,0.617619711761971,0.62824138643525,0.637744990090289,0.0277777777777778,"league-shrunk"
"664059","Sam Haggerty","steal_second",13,1,1,0.0769230769230769,1,0.0647077913972589,0.881944444444444,0.0680160978938346,0.888157894736842,0.270833333333333,"league-shrunk"
"664059","Sam Haggerty","steal_third",5,0,0,0,,0.0135036339397067,0.853503184713376,0.0118156796972434,0.853503184713376,0.125,"league-shrunk"
"664068","Scott Kingery","double_first_scores",1,1,1,1,1,0.41339590443686,0.41339590443686,0.429690462646947,0.444269804203341,0.0277777777777778,"league-shrunk"
"664068","Scott Kingery","first_to_second_on_out",1,1,1,1,1,0.249688314632211,0.249688314632211,0.270530305892428,0.289178403335779,0.0277777777777778,"league-shrunk"
"664068","Scott Kingery","ground_ball_double_play",1,1,0,0,0,0.204819277108434,0.204819277108434,0.199129852744311,0.194039315155358,0.0277777777777778,"league-shrunk"
"664068","Scott Kingery","sac_fly_scores",1,1,0,0,0,0.593270173146031,0.593270173146031,0.576790446114197,0.562045427190976,0.0277777777777778,"league-shrunk"
"664068","Scott Kingery","second_to_third_on_out",1,1,1,1,1,0.477532255672549,0.477532255672549,0.492045248570534,0.505030558005573,0.0277777777777778,"league-shrunk"
"664068","Scott Kingery","single_first_to_third",1,1,0,0,0,0.344619833714905,0.344619833714905,0.335047060556158,0.32648194772991,0.0277777777777778,"league-shrunk"
"664068","Scott Kingery","steal_second",2,0,0,0,,0.0647077913972589,0.881944444444444,0.061210072943353,0.881944444444444,0.0540540540540541,"league-shrunk"
"664068","Scott Kingery","steal_third",2,0,0,0,,0.0135036339397067,0.853503184713376,0.0127737077808036,0.853503184713376,0.0540540540540541,"league-shrunk"
"664238","Dylan Moore","first_to_second_on_out",1,1,0,0,0,0.249688314632211,0.249688314632211,0.24275252811465,0.236546824388411,0.0277777777777778,"league-shrunk"
"664238","Dylan Moore","ground_ball_double_play",2,2,1,0.5,0.5,0.204819277108434,0.204819277108434,0.220774991859329,0.23433734939759,0.0540540540540541,"league-shrunk"
"664238","Dylan Moore","single_second_scores",2,2,2,1,1,0.617619711761971,0.617619711761971,0.638288916531594,0.655857740585774,0.0540540540540541,"league-shrunk"
"664238","Dylan Moore","steal_second",3,0,0,0,,0.0647077913972589,0.881944444444444,0.0595992815501069,0.881944444444444,0.0789473684210526,"league-shrunk"
"664238","Dylan Moore","steal_third",1,0,0,0,,0.0135036339397067,0.853503184713376,0.0131285329969371,0.853503184713376,0.0277777777777778,"league-shrunk"
"664702","Myles Straw","double_first_scores",5,5,2,0.4,0.4,0.41339590443686,0.41339590443686,0.411721416382253,0.410483751298412,0.125,"league-shrunk"
"664702","Myles Straw","first_to_second_on_out",24,24,12,0.5,0.5,0.249688314632211,0.249688314632211,0.351510017154702,0.392723563413805,0.406779661016949,"league-shrunk"
"664702","Myles Straw","ground_ball_double_play",38,38,6,0.157894736842105,0.157894736842105,0.204819277108434,0.204819277108434,0.180392804093085,0.172977624784854,0.520547945205479,"player signal"
"664702","Myles Straw","sac_fly_scores",10,10,4,0.4,0.4,0.593270173146031,0.593270173146031,0.550321245780246,0.524245111308163,0.222222222222222,"league-shrunk"
"664702","Myles Straw","second_to_third_on_out",14,14,7,0.5,0.5,0.477532255672549,0.477532255672549,0.483951611194678,0.487361893815809,0.285714285714286,"league-shrunk"
"664702","Myles Straw","single_first_to_third",16,16,6,0.375,0.375,0.344619833714905,0.344619833714905,0.354150866274935,0.35891638255495,0.313725490196078,"league-shrunk"
"664702","Myles Straw","single_second_scores",11,11,7,0.636363636363636,0.636363636363636,0.617619711761971,0.617619711761971,0.6221019546015,0.624729476266051,0.239130434782609,"league-shrunk"
"664702","Myles Straw","steal_second",71,5,5,0.0704225352112676,1,0.0647077913972589,0.881944444444444,0.0685355914990949,0.907608695652174,0.669811320754717,"player signal"
"664702","Myles Straw","steal_third",57,1,0,0.0175438596491228,0,0.0135036339397067,0.853503184713376,0.016006817259671,0.808581964465303,0.619565217391304,"player signal"
"664728","Kyle Isbel","double_first_scores",4,4,1,0.25,0.25,0.41339590443686,0.41339590443686,0.396637350135644,0.383687558175613,0.102564102564103,"league-shrunk"
"664728","Kyle Isbel","first_to_second_on_out",12,12,1,0.0833333333333333,0.0833333333333333,0.249688314632211,0.249688314632211,0.207214702385689,0.18314632211266,0.25531914893617,"league-shrunk"
"664728","Kyle Isbel","ground_ball_double_play",24,24,5,0.208333333333333,0.208333333333333,0.204819277108434,0.204819277108434,0.206248723708393,0.206827309236948,0.406779661016949,"league-shrunk"
"664728","Kyle Isbel","sac_fly_scores",4,4,3,0.75,0.75,0.593270173146031,0.593270173146031,0.609345027182335,0.621766505301298,0.102564102564103,"league-shrunk"
"664728","Kyle Isbel","second_to_third_on_out",11,11,1,0.0909090909090909,0.0909090909090909,0.477532255672549,0.477532255672549,0.385078890185635,0.330882089727789,0.239130434782609,"league-shrunk"
"664728","Kyle Isbel","single_first_to_third",5,5,3,0.6,0.6,0.344619833714905,0.344619833714905,0.376542354500542,0.400137261168187,0.125,"league-shrunk"
"664728","Kyle Isbel","single_second_scores",2,2,2,1,1,0.617619711761971,0.617619711761971,0.638288916531594,0.655857740585774,0.0540540540540541,"league-shrunk"
"664728","Kyle Isbel","steal_second",67,5,5,0.0746268656716418,1,0.0647077913972589,0.881944444444444,0.0712232617539614,0.907608695652174,0.656862745098039,"player signal"
"664728","Kyle Isbel","steal_third",30,0,0,0,,0.0135036339397067,0.853503184713376,0.00727118750599592,0.853503184713376,0.461538461538462,"player signal"
"664731","P.J. Higgins","first_to_second_on_out",2,2,1,0.5,0.5,0.249688314632211,0.249688314632211,0.263218676003443,0.27471948316899,0.0540540540540541,"league-shrunk"
"664731","P.J. Higgins","ground_ball_double_play",3,3,1,0.333333333333333,0.333333333333333,0.204819277108434,0.204819277108434,0.214965123652505,0.223178427997705,0.0789473684210526,"league-shrunk"
"664731","P.J. Higgins","second_to_third_on_out",1,1,0,0,0,0.477532255672549,0.477532255672549,0.464267470792756,0.452398979058205,0.0277777777777778,"league-shrunk"
"664731","P.J. Higgins","single_second_scores",1,1,0,0,0,0.617619711761971,0.617619711761971,0.600463608657472,0.58511341114292,0.0277777777777778,"league-shrunk"
"664731","P.J. Higgins","steal_second",8,0,0,0,,0.0647077913972589,0.881944444444444,0.0526691325326526,0.881944444444444,0.186046511627907,"league-shrunk"
"664731","P.J. Higgins","steal_third",5,0,0,0,,0.0135036339397067,0.853503184713376,0.0118156796972434,0.853503184713376,0.125,"league-shrunk"
"664761","Alec Bohm","double_first_scores",11,11,3,0.272727272727273,0.272727272727273,0.41339590443686,0.41339590443686,0.379757753375872,0.360038837236672,0.239130434782609,"league-shrunk"
"664761","Alec Bohm","first_to_second_on_out",27,27,5,0.185185185185185,0.185185185185185,0.249688314632211,0.249688314632211,0.221598242131087,0.210986436963996,0.435483870967742,"player signal"
"664761","Alec Bohm","ground_ball_double_play",60,60,16,0.266666666666667,0.266666666666667,0.204819277108434,0.204819277108434,0.243880786303107,0.252394192153228,0.631578947368421,"player signal"
"664761","Alec Bohm","sac_fly_scores",13,13,6,0.461538461538462,0.461538461538462,0.593270173146031,0.593270173146031,0.557592834585647,0.538027842471889,0.270833333333333,"league-shrunk"
"664761","Alec Bohm","second_to_third_on_out",25,25,12,0.48,0.48,0.477532255672549,0.477532255672549,0.478560482475654,0.478966990746649,0.416666666666667,"player signal"
"664761","Alec Bohm","single_first_to_third",28,28,4,0.142857142857143,0.142857142857143,0.344619833714905,0.344619833714905,0.254947526667011,0.221807761018876,0.444444444444444,"player signal"
"664761","Alec Bohm","single_second_scores",12,12,8,0.666666666666667,0.666666666666667,0.617619711761971,0.617619711761971,0.630142338546149,0.637238493723849,0.25531914893617,"league-shrunk"
"664761","Alec Bohm","steal_second",135,1,1,0.00740740740740741,1,0.0647077913972589,0.881944444444444,0.0192045452876709,0.888157894736842,0.794117647058823,"player signal"
"664761","Alec Bohm","steal_third",78,1,1,0.0128205128205128,1,0.0135036339397067,0.853503184713376,0.0130320990078738,0.861213543412672,0.690265486725664,"player signal"
"664770","Nathan Lukes","double_first_scores",14,14,4,0.285714285714286,0.285714285714286,0.41339590443686,0.41339590443686,0.376915441944696,0.357535196245734,0.285714285714286,"league-shrunk"
"664770","Nathan Lukes","first_to_second_on_out",22,22,4,0.181818181818182,0.181818181818182,0.249688314632211,0.249688314632211,0.223492824774165,0.212359741584495,0.385964912280702,"league-shrunk"
"664770","Nathan Lukes","ground_ball_double_play",50,50,16,0.32,0.32,0.204819277108434,0.204819277108434,0.272572643515237,0.289510985116938,0.588235294117647,"player signal"
"664770","Nathan Lukes","sac_fly_scores",10,10,5,0.5,0.5,0.593270173146031,0.593270173146031,0.572543468002468,0.559959397022448,0.222222222222222,"league-shrunk"
"664770","Nathan Lukes","second_to_third_on_out",11,11,2,0.181818181818182,0.181818181818182,0.477532255672549,0.477532255672549,0.406818020620418,0.365364848348479,0.239130434782609,"league-shrunk"
"664770","Nathan Lukes","single_first_to_third",21,21,7,0.333333333333333,0.333333333333333,0.344619833714905,0.344619833714905,0.340387396071816,0.338542487355597,0.375,"league-shrunk"
"664770","Nathan Lukes","single_second_scores",10,10,6,0.6,0.6,0.617619711761971,0.617619711761971,0.613704220259311,0.611326957561267,0.222222222222222,"league-shrunk"
"664770","Nathan Lukes","steal_second",111,2,1,0.018018018018018,0.5,0.0647077913972589,0.881944444444444,0.0292107719103018,0.84375,0.76027397260274,"player signal"
"664770","Nathan Lukes","steal_third",44,0,0,0,,0.0135036339397067,0.853503184713376,0.00598262263151563,0.853503184713376,0.556962025316456,"player signal"
"664774","LaMonte Wade Jr.","double_first_scores",3,3,1,0.333333333333333,0.333333333333333,0.41339590443686,0.41339590443686,0.407075175139213,0.401958394279213,0.0789473684210526,"league-shrunk"
"664774","LaMonte Wade Jr.","first_to_second_on_out",5,5,0,0,0,0.249688314632211,0.249688314632211,0.218477275303185,0.195408246233904,0.125,"league-shrunk"
"664774","LaMonte Wade Jr.","ground_ball_double_play",9,9,2,0.222222222222222,0.222222222222222,0.204819277108434,0.204819277108434,0.208378970427163,0.21062025881303,0.204545454545455,"league-shrunk"
"664774","LaMonte Wade Jr.","sac_fly_scores",1,1,1,1,1,0.593270173146031,0.593270173146031,0.604568223891974,0.614677006138345,0.0277777777777778,"league-shrunk"
"664774","LaMonte Wade Jr.","second_to_third_on_out",8,8,3,0.375,0.375,0.477532255672549,0.477532255672549,0.458456487175331,0.445983869311765,0.186046511627907,"league-shrunk"
"664774","LaMonte Wade Jr.","single_first_to_third",9,9,1,0.111111111111111,0.111111111111111,0.344619833714905,0.344619833714905,0.296856685909584,0.266783592846974,0.204545454545455,"league-shrunk"
"664774","LaMonte Wade Jr.","single_second_scores",5,5,3,0.6,0.6,0.617619711761971,0.617619711761971,0.615417247791725,0.613789339639804,0.125,"league-shrunk"
"664774","LaMonte Wade Jr.","steal_second",33,0,0,0,,0.0647077913972589,0.881944444444444,0.0333054808662362,0.881944444444444,0.485294117647059,"player signal"
"664774","LaMonte Wade Jr.","steal_third",14,0,0,0,,0.0135036339397067,0.853503184713376,0.00964545281407622,0.853503184713376,0.285714285714286,"league-shrunk"
"664954","Brett Sullivan","double_first_scores",1,1,0,0,0,0.41339590443686,0.41339590443686,0.40191268486917,0.391638225255973,0.0277777777777778,"league-shrunk"
"664954","Brett Sullivan","first_to_second_on_out",13,13,2,0.153846153846154,0.153846153846154,0.249688314632211,0.249688314632211,0.223731062752654,0.209496440754187,0.270833333333333,"league-shrunk"
"664954","Brett Sullivan","ground_ball_double_play",20,20,1,0.05,0.05,0.204819277108434,0.204819277108434,0.148521358159912,0.123335447051363,0.363636363636364,"league-shrunk"
"664954","Brett Sullivan","sac_fly_scores",4,4,3,0.75,0.75,0.593270173146031,0.593270173146031,0.609345027182335,0.621766505301298,0.102564102564103,"league-shrunk"
"664954","Brett Sullivan","second_to_third_on_out",12,12,9,0.75,0.75,0.477532255672549,0.477532255672549,0.547098488266792,0.58651935340353,0.25531914893617,"league-shrunk"
"664954","Brett Sullivan","single_first_to_third",6,6,2,0.333333333333333,0.333333333333333,0.344619833714905,0.344619833714905,0.342968150732236,0.341798208619512,0.146341463414634,"league-shrunk"
"664954","Brett Sullivan","single_second_scores",5,5,4,0.8,0.8,0.617619711761971,0.617619711761971,0.640417247791725,0.657267600509369,0.125,"league-shrunk"
"664954","Brett Sullivan","steal_second",39,2,1,0.0512820512820513,0.5,0.0647077913972589,0.881944444444444,0.0576320634987035,0.84375,0.527027027027027,"player signal"
"664954","Brett Sullivan","steal_third",22,0,0,0,,0.0135036339397067,0.853503184713376,0.0082917050506971,0.853503184713376,0.385964912280702,"league-shrunk"
"664983","Jake McCarthy","double_first_scores",5,5,3,0.6,0.6,0.41339590443686,0.41339590443686,0.436721416382253,0.453962012167977,0.125,"league-shrunk"
"664983","Jake McCarthy","first_to_second_on_out",28,28,9,0.321428571428571,0.321428571428571,0.249688314632211,0.249688314632211,0.281572873208371,0.293356297029996,0.444444444444444,"player signal"
"664983","Jake McCarthy","ground_ball_double_play",46,46,9,0.195652173913043,0.195652173913043,0.204819277108434,0.204819277108434,0.19961326788636,0.198230421686747,0.567901234567901,"player signal"
"664983","Jake McCarthy","sac_fly_scores",12,12,8,0.666666666666667,0.666666666666667,0.593270173146031,0.593270173146031,0.612009703406619,0.622628770554285,0.25531914893617,"league-shrunk"
"664983","Jake McCarthy","second_to_third_on_out",24,24,11,0.458333333333333,0.458333333333333,0.477532255672549,0.477532255672549,0.469722524551512,0.466561442907283,0.406779661016949,"league-shrunk"
"664983","Jake McCarthy","single_first_to_third",30,30,17,0.566666666666667,0.566666666666667,0.344619833714905,0.344619833714905,0.447102987384949,0.483399104309756,0.461538461538462,"player signal"
"664983","Jake McCarthy","single_second_scores",13,13,9,0.692307692307692,0.692307692307692,0.617619711761971,0.617619711761971,0.637847706493104,0.648940477797274,0.270833333333333,"league-shrunk"
"664983","Jake McCarthy","steal_second",113,24,21,0.212389380530973,0.875,0.0647077913972589,0.881944444444444,0.177464680398,0.87797619047619,0.763513513513513,"player signal"
"664983","Jake McCarthy","steal_third",75,3,3,0.04,1,0.0135036339397067,0.853503184713376,0.0315693380717249,0.874431301182894,0.681818181818182,"player signal"
"665019","Kody Clemens","double_first_scores",7,7,5,0.714285714285714,0.714285714285714,0.41339590443686,0.41339590443686,0.463544206078336,0.497645051194539,0.166666666666667,"league-shrunk"
"665019","Kody Clemens","first_to_second_on_out",18,18,6,0.333333333333333,0.333333333333333,0.249688314632211,0.249688314632211,0.278096056832592,0.291510823982772,0.339622641509434,"league-shrunk"
"665019","Kody Clemens","ground_ball_double_play",44,44,11,0.25,0.25,0.204819277108434,0.204819277108434,0.229983224035382,0.236883015934707,0.556962025316456,"player signal"
"665019","Kody Clemens","sac_fly_scores",7,7,7,1,1,0.593270173146031,0.593270173146031,0.661058477621692,0.707154524665142,0.166666666666667,"league-shrunk"
"665019","Kody Clemens","second_to_third_on_out",13,13,5,0.384615384615385,0.384615384615385,0.477532255672549,0.477532255672549,0.452367269761234,0.438567116196964,0.270833333333333,"league-shrunk"
"665019","Kody Clemens","single_first_to_third",22,22,7,0.318181818181818,0.318181818181818,0.344619833714905,0.344619833714905,0.334415687368802,0.330078925171707,0.385964912280702,"league-shrunk"
"665019","Kody Clemens","single_second_scores",12,12,8,0.666666666666667,0.666666666666667,0.617619711761971,0.617619711761971,0.630142338546149,0.637238493723849,0.25531914893617,"league-shrunk"
"665019","Kody Clemens","steal_second",95,6,6,0.0631578947368421,1,0.0647077913972589,0.881944444444444,0.0635751746069543,0.911458333333333,0.730769230769231,"player signal"
"665019","Kody Clemens","steal_third",57,2,2,0.0350877192982456,1,0.0135036339397067,0.853503184713376,0.0268763824770623,0.868152866242038,0.619565217391304,"player signal"
"665052","Griffin Conine","double_first_scores",8,8,2,0.25,0.25,0.41339590443686,0.41339590443686,0.382996666402095,0.363120241533211,0.186046511627907,"league-shrunk"
"665052","Griffin Conine","first_to_second_on_out",21,21,3,0.142857142857143,0.142857142857143,0.249688314632211,0.249688314632211,0.209626625216561,0.192163837522559,0.375,"league-shrunk"
"665052","Griffin Conine","ground_ball_double_play",33,33,4,0.121212121212121,0.121212121212121,0.204819277108434,0.204819277108434,0.164245216158753,0.150720529175526,0.485294117647059,"player signal"
"665052","Griffin Conine","sac_fly_scores",8,8,5,0.625,0.625,0.593270173146031,0.593270173146031,0.599173396746769,0.603033196793406,0.186046511627907,"league-shrunk"
"665052","Griffin Conine","second_to_third_on_out",9,9,4,0.444444444444444,0.444444444444444,0.477532255672549,0.477532255672549,0.470764294284982,0.466502985263181,0.204545454545455,"league-shrunk"
"665052","Griffin Conine","single_first_to_third",17,17,4,0.235294117647059,0.235294117647059,0.344619833714905,0.344619833714905,0.308878734231186,0.291518771624808,0.326923076923077,"league-shrunk"
"665052","Griffin Conine","single_second_scores",6,6,5,0.833333333333333,0.833333333333333,0.617619711761971,0.617619711761971,0.649187558821195,0.671548117154812,0.146341463414634,"league-shrunk"
"665052","Griffin Conine","steal_second",87,2,2,0.0229885057471264,1,0.0647077913972589,0.881944444444444,0.0349571532697054,0.89375,0.713114754098361,"player signal"
"665052","Griffin Conine","steal_third",40,0,0,0,,0.0135036339397067,0.853503184713376,0.00630169583852979,0.853503184713376,0.533333333333333,"player signal"
"665161","Jeremy Peña","double_first_scores",5,5,4,0.8,0.8,0.41339590443686,0.41339590443686,0.461721416382253,0.497440273037543,0.125,"league-shrunk"
"665161","Jeremy Peña","first_to_second_on_out",24,24,10,0.416666666666667,0.416666666666667,0.249688314632211,0.249688314632211,0.317611712069956,0.345104515794757,0.406779661016949,"league-shrunk"
"665161","Jeremy Peña","ground_ball_double_play",38,38,6,0.157894736842105,0.157894736842105,0.204819277108434,0.204819277108434,0.180392804093085,0.172977624784854,0.520547945205479,"player signal"
"665161","Jeremy Peña","sac_fly_scores",8,8,5,0.625,0.625,0.593270173146031,0.593270173146031,0.599173396746769,0.603033196793406,0.186046511627907,"league-shrunk"
"665161","Jeremy Peña","second_to_third_on_out",16,16,8,0.5,0.5,0.477532255672549,0.477532255672549,0.484580959775279,0.488105311826644,0.313725490196078,"league-shrunk"
"665161","Jeremy Peña","single_first_to_third",18,18,12,0.666666666666667,0.666666666666667,0.344619833714905,0.344619833714905,0.45399422981173,0.505643250190786,0.339622641509434,"league-shrunk"
"665161","Jeremy Peña","single_second_scores",14,14,11,0.785714285714286,0.785714285714286,0.617619711761971,0.617619711761971,0.665646732891204,0.691161087866109,0.285714285714286,"league-shrunk"
"665161","Jeremy Peña","steal_second",100,9,7,0.09,0.777777777777778,0.0647077913972589,0.881944444444444,0.0834427607326227,0.847222222222222,0.740740740740741,"player signal"
"665161","Jeremy Peña","steal_third",72,1,1,0.0138888888888889,1,0.0135036339397067,0.853503184713376,0.0137628709148573,0.861213543412672,0.672897196261682,"player signal"
"665487","Fernando Tatis Jr.","double_first_scores",7,7,3,0.428571428571429,0.428571428571429,0.41339590443686,0.41339590443686,0.415925158459288,0.417645051194539,0.166666666666667,"league-shrunk"
"665487","Fernando Tatis Jr.","first_to_second_on_out",55,55,14,0.254545454545455,0.254545454545455,0.249688314632211,0.249688314632211,0.252656566801415,0.253347803607943,0.611111111111111,"player signal"
"665487","Fernando Tatis Jr.","ground_ball_double_play",80,80,13,0.1625,0.1625,0.204819277108434,0.204819277108434,0.175379779989523,0.170272928448488,0.695652173913043,"player signal"
"665487","Fernando Tatis Jr.","sac_fly_scores",14,14,7,0.5,0.5,0.593270173146031,0.593270173146031,0.566621552247165,0.552464472394642,0.285714285714286,"league-shrunk"
"665487","Fernando Tatis Jr.","second_to_third_on_out",31,31,15,0.483870967741935,0.483870967741935,0.477532255672549,0.477532255672549,0.480509529523322,0.481542461267467,0.46969696969697,"player signal"
"665487","Fernando Tatis Jr.","single_first_to_third",33,33,15,0.454545454545455,0.454545454545455,0.344619833714905,0.344619833714905,0.397966090882672,0.415748176605261,0.485294117647059,"player signal"
"665487","Fernando Tatis Jr.","single_second_scores",25,25,19,0.76,0.76,0.617619711761971,0.617619711761971,0.67694483186115,0.700398949109662,0.416666666666667,"player signal"
"665487","Fernando Tatis Jr.","steal_second",187,30,24,0.160427807486631,0.8,0.0647077913972589,0.881944444444444,0.145336813959027,0.830729166666667,0.842342342342342,"player signal"
"665487","Fernando Tatis Jr.","steal_third",108,5,4,0.0462962962962963,0.8,0.0135036339397067,0.853503184713376,0.0382701201950331,0.841872057601773,0.755244755244755,"player signal"
"665489","Vladimir Guerrero Jr.","double_first_scores",7,7,3,0.428571428571429,0.428571428571429,0.41339590443686,0.41339590443686,0.415925158459288,0.417645051194539,0.166666666666667,"league-shrunk"
"665489","Vladimir Guerrero Jr.","first_to_second_on_out",29,29,5,0.172413793103448,0.172413793103448,0.249688314632211,0.249688314632211,0.214673297064491,0.202008290710209,0.453125,"player signal"
"665489","Vladimir Guerrero Jr.","ground_ball_double_play",53,53,11,0.207547169811321,0.207547169811321,0.204819277108434,0.204819277108434,0.206462212486309,0.206855591379603,0.602272727272727,"player signal"
"665489","Vladimir Guerrero Jr.","sac_fly_scores",10,10,6,0.6,0.6,0.593270173146031,0.593270173146031,0.594765690224691,0.595673682736734,0.222222222222222,"league-shrunk"
"665489","Vladimir Guerrero Jr.","second_to_third_on_out",19,19,10,0.526315789473684,0.526315789473684,0.477532255672549,0.477532255672549,0.494696832380356,0.502583259516375,0.351851851851852,"league-shrunk"
"665489","Vladimir Guerrero Jr.","single_first_to_third",34,34,14,0.411764705882353,0.411764705882353,0.344619833714905,0.344619833714905,0.377705712753938,0.388522250132083,0.492753623188406,"player signal"
"665489","Vladimir Guerrero Jr.","single_second_scores",23,23,19,0.826086956521739,0.826086956521739,0.617619711761971,0.617619711761971,0.700287757097741,0.734564751505256,0.396551724137931,"league-shrunk"
"665489","Vladimir Guerrero Jr.","steal_second",148,5,5,0.0337837837837838,1,0.0647077913972589,0.881944444444444,0.0396982114694211,0.907608695652174,0.808743169398907,"player signal"
"665489","Vladimir Guerrero Jr.","steal_third",67,0,0,0,,0.0135036339397067,0.853503184713376,0.00463359988127191,0.853503184713376,0.656862745098039,"player signal"
"665506","Cristian Pache","first_to_second_on_out",1,1,0,0,0,0.249688314632211,0.249688314632211,0.24275252811465,0.236546824388411,0.0277777777777778,"league-shrunk"
"665506","Cristian Pache","ground_ball_double_play",1,1,0,0,0,0.204819277108434,0.204819277108434,0.199129852744311,0.194039315155358,0.0277777777777778,"league-shrunk"
"665506","Cristian Pache","second_to_third_on_out",1,1,0,0,0,0.477532255672549,0.477532255672549,0.464267470792756,0.452398979058205,0.0277777777777778,"league-shrunk"
"665506","Cristian Pache","single_first_to_third",1,1,0,0,0,0.344619833714905,0.344619833714905,0.335047060556158,0.32648194772991,0.0277777777777778,"league-shrunk"
"665506","Cristian Pache","single_second_scores",1,1,1,1,1,0.617619711761971,0.617619711761971,0.62824138643525,0.637744990090289,0.0277777777777778,"league-shrunk"
"665506","Cristian Pache","steal_second",2,0,0,0,,0.0647077913972589,0.881944444444444,0.061210072943353,0.881944444444444,0.0540540540540541,"league-shrunk"
"665506","Cristian Pache","steal_third",3,0,0,0,,0.0135036339397067,0.853503184713376,0.0124375575760456,0.853503184713376,0.0789473684210526,"league-shrunk"
"665561","Rafael Marchán","double_first_scores",1,1,0,0,0,0.41339590443686,0.41339590443686,0.40191268486917,0.391638225255973,0.0277777777777778,"league-shrunk"
"665561","Rafael Marchán","first_to_second_on_out",4,4,0,0,0,0.249688314632211,0.249688314632211,0.224079256721215,0.204290439244536,0.102564102564103,"league-shrunk"
"665561","Rafael Marchán","ground_ball_double_play",6,6,1,0.166666666666667,0.166666666666667,0.204819277108434,0.204819277108434,0.199235968263297,0.195281124497992,0.146341463414634,"league-shrunk"
"665561","Rafael Marchán","second_to_third_on_out",2,2,2,1,1,0.477532255672549,0.477532255672549,0.505773755365925,0.529779030105294,0.0540540540540541,"league-shrunk"
"665561","Rafael Marchán","single_first_to_third",4,4,1,0.25,0.25,0.344619833714905,0.344619833714905,0.334915235385172,0.327416227584923,0.102564102564103,"league-shrunk"
"665561","Rafael Marchán","steal_second",18,0,0,0,,0.0647077913972589,0.881944444444444,0.0427315603566804,0.881944444444444,0.339622641509434,"league-shrunk"
"665561","Rafael Marchán","steal_third",5,0,0,0,,0.0135036339397067,0.853503184713376,0.0118156796972434,0.853503184713376,0.125,"league-shrunk"
"665742","Juan Soto","double_first_scores",7,7,3,0.428571428571429,0.428571428571429,0.41339590443686,0.41339590443686,0.415925158459288,0.417645051194539,0.166666666666667,"league-shrunk"
"665742","Juan Soto","first_to_second_on_out",18,18,4,0.222222222222222,0.222222222222222,0.249688314632211,0.249688314632211,0.240360207775989,0.235955268427217,0.339622641509434,"league-shrunk"
"665742","Juan Soto","ground_ball_double_play",45,45,16,0.355555555555556,0.355555555555556,0.204819277108434,0.204819277108434,0.28960843373494,0.312488047427806,0.5625,"player signal"
"665742","Juan Soto","sac_fly_scores",6,6,4,0.666666666666667,0.666666666666667,0.593270173146031,0.593270173146031,0.604011123417343,0.61161929652619,0.146341463414634,"league-shrunk"
"665742","Juan Soto","second_to_third_on_out",18,18,10,0.555555555555556,0.555555555555556,0.477532255672549,0.477532255672549,0.504030734878099,0.516543905614052,0.339622641509434,"league-shrunk"
"665742","Juan Soto","single_first_to_third",25,25,8,0.32,0.32,0.344619833714905,0.344619833714905,0.334361569667028,0.330305976903914,0.416666666666667,"player signal"
"665742","Juan Soto","single_second_scores",8,8,6,0.75,0.75,0.617619711761971,0.617619711761971,0.642248602596953,0.658352108142903,0.186046511627907,"league-shrunk"
"665742","Juan Soto","steal_second",102,5,4,0.0490196078431373,0.8,0.0647077913972589,0.881944444444444,0.0530275379482048,0.864130434782609,0.744525547445255,"player signal"
"665742","Juan Soto","steal_third",52,1,1,0.0192307692307692,1,0.0135036339397067,0.853503184713376,0.0169267492860889,0.861213543412672,0.597701149425287,"player signal"
"665750","Leody Taveras","double_first_scores",7,7,3,0.428571428571429,0.428571428571429,0.41339590443686,0.41339590443686,0.415925158459288,0.417645051194539,0.166666666666667,"league-shrunk"
"665750","Leody Taveras","first_to_second_on_out",18,18,4,0.222222222222222,0.222222222222222,0.249688314632211,0.249688314632211,0.240360207775989,0.235955268427217,0.339622641509434,"league-shrunk"
"665750","Leody Taveras","ground_ball_double_play",30,30,7,0.233333333333333,0.233333333333333,0.204819277108434,0.204819277108434,0.217979610750695,0.222640562248996,0.461538461538462,"player signal"
"665750","Leody Taveras","sac_fly_scores",6,6,5,0.833333333333333,0.833333333333333,0.593270173146031,0.593270173146031,0.628401367319782,0.653285963192856,0.146341463414634,"league-shrunk"
"665750","Leody Taveras","second_to_third_on_out",13,13,4,0.307692307692308,0.307692307692308,0.477532255672549,0.477532255672549,0.431533936427901,0.406309051680835,0.270833333333333,"league-shrunk"
"665750","Leody Taveras","single_first_to_third",26,26,16,0.615384615384615,0.615384615384615,0.344619833714905,0.344619833714905,0.460027773442979,0.504617204701552,0.426229508196721,"player signal"
"665750","Leody Taveras","single_second_scores",12,12,9,0.75,0.75,0.617619711761971,0.617619711761971,0.65141893429083,0.670571827057183,0.25531914893617,"league-shrunk"
"665750","Leody Taveras","steal_second",89,10,8,0.112359550561798,0.8,0.0647077913972589,0.881944444444444,0.0989094572492263,0.852678571428571,0.717741935483871,"player signal"
"665750","Leody Taveras","steal_third",50,1,1,0.02,1,0.0135036339397067,0.853503184713376,0.0173250257398792,0.861213543412672,0.588235294117647,"player signal"
"665804","Miguel Amaya","double_first_scores",6,6,2,0.333333333333333,0.333333333333333,0.41339590443686,0.41339590443686,0.401679430616832,0.393380261660978,0.146341463414634,"league-shrunk"
"665804","Miguel Amaya","first_to_second_on_out",12,12,1,0.0833333333333333,0.0833333333333333,0.249688314632211,0.249688314632211,0.207214702385689,0.18314632211266,0.25531914893617,"league-shrunk"
"665804","Miguel Amaya","ground_ball_double_play",18,18,1,0.0555555555555556,0.0555555555555556,0.204819277108434,0.204819277108434,0.154125937713117,0.130187416331995,0.339622641509434,"league-shrunk"
"665804","Miguel Amaya","sac_fly_scores",5,5,3,0.6,0.6,0.593270173146031,0.593270173146031,0.594111401502777,0.59473317898385,0.125,"league-shrunk"
"665804","Miguel Amaya","second_to_third_on_out",6,6,4,0.666666666666667,0.666666666666667,0.477532255672549,0.477532255672549,0.505210462159493,0.524815858421079,0.146341463414634,"league-shrunk"
"665804","Miguel Amaya","single_first_to_third",9,9,1,0.111111111111111,0.111111111111111,0.344619833714905,0.344619833714905,0.296856685909584,0.266783592846974,0.204545454545455,"league-shrunk"
"665804","Miguel Amaya","single_second_scores",7,7,3,0.428571428571429,0.428571428571429,0.617619711761971,0.617619711761971,0.586111664563547,0.564686192468619,0.166666666666667,"league-shrunk"
"665804","Miguel Amaya","steal_second",57,0,0,0,,0.0647077913972589,0.881944444444444,0.024617094553305,0.881944444444444,0.619565217391304,"player signal"
"665804","Miguel Amaya","steal_third",27,0,0,0,,0.0135036339397067,0.853503184713376,0.00762301915951185,0.853503184713376,0.435483870967742,"player signal"
"665828","Oswaldo Cabrera","steal_second",1,0,0,0,,0.0647077913972589,0.881944444444444,0.062910352747335,0.881944444444444,0.0277777777777778,"league-shrunk"
"665833","Oneil Cruz","double_first_scores",5,5,2,0.4,0.4,0.41339590443686,0.41339590443686,0.411721416382253,0.410483751298412,0.125,"league-shrunk"
"665833","Oneil Cruz","first_to_second_on_out",17,17,9,0.529411764705882,0.529411764705882,0.249688314632211,0.249688314632211,0.341136365617835,0.38555399038228,0.326923076923077,"league-shrunk"
"665833","Oneil Cruz","ground_ball_double_play",34,34,6,0.176470588235294,0.176470588235294,0.204819277108434,0.204819277108434,0.190850357953553,0.18628359592215,0.492753623188406,"player signal"
"665833","Oneil Cruz","sac_fly_scores",6,6,2,0.333333333333333,0.333333333333333,0.593270173146031,0.593270173146031,0.555230635612465,0.528285963192856,0.146341463414634,"league-shrunk"
"665833","Oneil Cruz","second_to_third_on_out",9,9,4,0.444444444444444,0.444444444444444,0.477532255672549,0.477532255672549,0.470764294284982,0.466502985263181,0.204545454545455,"league-shrunk"
"665833","Oneil Cruz","single_first_to_third",14,14,5,0.357142857142857,0.357142857142857,0.344619833714905,0.344619833714905,0.348197840408606,0.350098656464634,0.285714285714286,"league-shrunk"
"665833","Oneil Cruz","single_second_scores",12,12,9,0.75,0.75,0.617619711761971,0.617619711761971,0.65141893429083,0.670571827057183,0.25531914893617,"league-shrunk"
"665833","Oneil Cruz","steal_second",94,29,23,0.308510638297872,0.793103448275862,0.0647077913972589,0.881944444444444,0.242362579061272,0.827127659574468,0.728682170542636,"player signal"
"665833","Oneil Cruz","steal_third",57,2,2,0.0350877192982456,1,0.0135036339397067,0.853503184713376,0.0268763824770623,0.868152866242038,0.619565217391304,"player signal"
"665856","Jair Camargo","steal_third",1,0,0,0,,0.0135036339397067,0.853503184713376,0.0131285329969371,0.853503184713376,0.0277777777777778,"league-shrunk"
"665861","Sebastián Rivero","first_to_second_on_out",3,3,0,0,0,0.249688314632211,0.249688314632211,0.22997607926651,0.214018555399038,0.0789473684210526,"league-shrunk"
"665861","Sebastián Rivero","ground_ball_double_play",4,4,1,0.25,0.25,0.204819277108434,0.204819277108434,0.209453197405005,0.213033953997809,0.102564102564103,"league-shrunk"
"665861","Sebastián Rivero","single_first_to_third",2,2,0,0,0,0.344619833714905,0.344619833714905,0.325991734595181,0.310157850343415,0.0540540540540541,"league-shrunk"
"665861","Sebastián Rivero","single_second_scores",2,2,1,0.5,0.5,0.617619711761971,0.617619711761971,0.611261889504567,0.605857740585774,0.0540540540540541,"league-shrunk"
"665861","Sebastián Rivero","steal_second",20,0,0,0,,0.0647077913972589,0.881944444444444,0.0411776854346193,0.881944444444444,0.363636363636364,"league-shrunk"
"665861","Sebastián Rivero","steal_third",11,0,0,0,,0.0135036339397067,0.853503184713376,0.0102745040845594,0.853503184713376,0.239130434782609,"league-shrunk"
"665862","Jazz Chisholm Jr.","double_first_scores",5,5,4,0.8,0.8,0.41339590443686,0.41339590443686,0.461721416382253,0.497440273037543,0.125,"league-shrunk"
"665862","Jazz Chisholm Jr.","first_to_second_on_out",30,30,11,0.366666666666667,0.366666666666667,0.249688314632211,0.249688314632211,0.303678323263498,0.322799784653746,0.461538461538462,"player signal"
"665862","Jazz Chisholm Jr.","ground_ball_double_play",46,46,7,0.152173913043478,0.152173913043478,0.204819277108434,0.204819277108434,0.174921909861669,0.166980421686747,0.567901234567901,"player signal"
"665862","Jazz Chisholm Jr.","sac_fly_scores",7,7,5,0.714285714285714,0.714285714285714,0.593270173146031,0.593270173146031,0.613439430002645,0.627154524665142,0.166666666666667,"league-shrunk"
"665862","Jazz Chisholm Jr.","second_to_third_on_out",25,25,11,0.44,0.44,0.477532255672549,0.477532255672549,0.461893815808987,0.45571117679316,0.416666666666667,"player signal"
"665862","Jazz Chisholm Jr.","single_first_to_third",28,28,10,0.357142857142857,0.357142857142857,0.344619833714905,0.344619833714905,0.350185621905106,0.352242543627572,0.444444444444444,"player signal"
"665862","Jazz Chisholm Jr.","single_second_scores",18,18,10,0.555555555555556,0.555555555555556,0.617619711761971,0.617619711761971,0.596541319088094,0.586587633658763,0.339622641509434,"league-shrunk"
"665862","Jazz Chisholm Jr.","steal_second",119,27,25,0.226890756302521,0.925925925925926,0.0647077913972589,0.881944444444444,0.190030991551325,0.908333333333333,0.772727272727273,"player signal"
"665862","Jazz Chisholm Jr.","steal_third",71,9,8,0.126760563380282,0.888888888888889,0.0135036339397067,0.853503184713376,0.089364407432922,0.865298419438547,0.669811320754717,"player signal"
"665877","José Fermín","double_first_scores",3,3,1,0.333333333333333,0.333333333333333,0.41339590443686,0.41339590443686,0.407075175139213,0.401958394279213,0.0789473684210526,"league-shrunk"
"665877","José Fermín","first_to_second_on_out",20,20,5,0.25,0.25,0.249688314632211,0.249688314632211,0.249801654765953,0.249852359562626,0.363636363636364,"league-shrunk"
"665877","José Fermín","ground_ball_double_play",37,37,8,0.216216216216216,0.216216216216216,0.204819277108434,0.204819277108434,0.210676037483266,0.212486308871851,0.513888888888889,"player signal"
"665877","José Fermín","sac_fly_scores",4,4,4,1,1,0.593270173146031,0.593270173146031,0.634986052823361,0.667221050755843,0.102564102564103,"league-shrunk"
"665877","José Fermín","second_to_third_on_out",20,20,9,0.45,0.45,0.477532255672549,0.477532255672549,0.467520526337077,0.46304159479226,0.363636363636364,"league-shrunk"
"665877","José Fermín","single_first_to_third",18,18,7,0.388888888888889,0.388888888888889,0.344619833714905,0.344619833714905,0.359654607170221,0.366754361301897,0.339622641509434,"league-shrunk"
"665877","José Fermín","single_second_scores",9,9,3,0.333333333333333,0.333333333333333,0.617619711761971,0.617619711761971,0.559470225265204,0.522857585619092,0.204545454545455,"league-shrunk"
"665877","José Fermín","steal_second",72,6,6,0.0833333333333333,1,0.0647077913972589,0.881944444444444,0.0772408663448978,0.911458333333333,0.672897196261682,"player signal"
"665877","José Fermín","steal_third",50,1,1,0.02,1,0.0135036339397067,0.853503184713376,0.0173250257398792,0.861213543412672,0.588235294117647,"player signal"
"665923","Esteury Ruiz","double_first_scores",2,2,2,1,1,0.41339590443686,0.41339590443686,0.44510423392676,0.472056313993174,0.0540540540540541,"league-shrunk"
"665923","Esteury Ruiz","first_to_second_on_out",7,7,2,0.285714285714286,0.285714285714286,0.249688314632211,0.249688314632211,0.25569264314589,0.259775586535192,0.166666666666667,"league-shrunk"
"665923","Esteury Ruiz","ground_ball_double_play",18,18,2,0.111111111111111,0.111111111111111,0.204819277108434,0.204819277108434,0.172993862241418,0.157965194109772,0.339622641509434,"league-shrunk"
"665923","Esteury Ruiz","sac_fly_scores",8,8,4,0.5,0.5,0.593270173146031,0.593270173146031,0.575917582793281,0.564571658331867,0.186046511627907,"league-shrunk"
"665923","Esteury Ruiz","second_to_third_on_out",14,14,9,0.642857142857143,0.642857142857143,0.477532255672549,0.477532255672549,0.52476793772529,0.549861893815809,0.285714285714286,"league-shrunk"
"665923","Esteury Ruiz","single_first_to_third",14,14,10,0.714285714285714,0.714285714285714,0.344619833714905,0.344619833714905,0.450238656735137,0.506348656464634,0.285714285714286,"league-shrunk"
"665923","Esteury Ruiz","single_second_scores",6,6,2,0.333333333333333,0.333333333333333,0.617619711761971,0.617619711761971,0.576016827113878,0.546548117154812,0.146341463414634,"league-shrunk"
"665923","Esteury Ruiz","steal_second",48,20,19,0.416666666666667,0.95,0.0647077913972589,0.881944444444444,0.268250273480772,0.917763157894737,0.578313253012048,"player signal"
"665923","Esteury Ruiz","steal_third",29,10,9,0.344827586206897,0.9,0.0135036339397067,0.853503184713376,0.163634799810777,0.870109190172885,0.453125,"player signal"
"665926","Andrés Giménez","double_first_scores",7,7,1,0.142857142857143,0.142857142857143,0.41339590443686,0.41339590443686,0.368306110840241,0.337645051194539,0.166666666666667,"league-shrunk"
"665926","Andrés Giménez","first_to_second_on_out",24,24,10,0.416666666666667,0.416666666666667,0.249688314632211,0.249688314632211,0.317611712069956,0.345104515794757,0.406779661016949,"league-shrunk"
"665926","Andrés Giménez","ground_ball_double_play",40,40,9,0.225,0.225,0.204819277108434,0.204819277108434,0.215582329317269,0.218737017033652,0.533333333333333,"player signal"
"665926","Andrés Giménez","sac_fly_scores",9,9,5,0.555555555555556,0.555555555555556,0.593270173146031,0.593270173146031,0.585555819547979,0.580698633949206,0.204545454545455,"league-shrunk"
"665926","Andrés Giménez","second_to_third_on_out",29,29,14,0.482758620689655,0.482758620689655,0.477532255672549,0.477532255672549,0.479900452320925,0.480757034087359,0.453125,"player signal"
"665926","Andrés Giménez","single_first_to_third",9,9,2,0.222222222222222,0.222222222222222,0.344619833714905,0.344619833714905,0.319583958636857,0.303820629884011,0.204545454545455,"league-shrunk"
"665926","Andrés Giménez","single_second_scores",9,9,4,0.444444444444444,0.444444444444444,0.617619711761971,0.617619711761971,0.582197497992477,0.559894622656129,0.204545454545455,"league-shrunk"
"665926","Andrés Giménez","steal_second",93,14,13,0.150537634408602,0.928571428571429,0.0647077913972589,0.881944444444444,0.127068536710188,0.90234375,0.7265625,"player signal"
"665926","Andrés Giménez","steal_third",72,5,4,0.0694444444444444,0.8,0.0135036339397067,0.853503184713376,0.0511460484849508,0.841872057601773,0.672897196261682,"player signal"
"665953","Andrés Chaparro","double_first_scores",3,3,0,0,0,0.41339590443686,0.41339590443686,0.380759385665529,0.354339346660166,0.0789473684210526,"league-shrunk"
"665953","Andrés Chaparro","first_to_second_on_out",12,12,0,0,0,0.249688314632211,0.249688314632211,0.185938106641008,0.149812988779327,0.25531914893617,"league-shrunk"
"665953","Andrés Chaparro","ground_ball_double_play",18,18,2,0.111111111111111,0.111111111111111,0.204819277108434,0.204819277108434,0.172993862241418,0.157965194109772,0.339622641509434,"league-shrunk"
"665953","Andrés Chaparro","sac_fly_scores",4,4,1,0.25,0.25,0.593270173146031,0.593270173146031,0.558062975900284,0.530857414392207,0.102564102564103,"league-shrunk"
"665953","Andrés Chaparro","second_to_third_on_out",6,6,4,0.666666666666667,0.666666666666667,0.477532255672549,0.477532255672549,0.505210462159493,0.524815858421079,0.146341463414634,"league-shrunk"
"665953","Andrés Chaparro","single_first_to_third",10,10,3,0.3,0.3,0.344619833714905,0.344619833714905,0.334704315111593,0.328684178816725,0.222222222222222,"league-shrunk"
"665953","Andrés Chaparro","single_second_scores",7,7,6,0.857142857142857,0.857142857142857,0.617619711761971,0.617619711761971,0.657540235992119,0.684686192468619,0.166666666666667,"league-shrunk"
"665953","Andrés Chaparro","steal_second",53,0,0,0,,0.0647077913972589,0.881944444444444,0.0257360533966371,0.881944444444444,0.602272727272727,"player signal"
"665953","Andrés Chaparro","steal_third",25,0,0,0,,0.0135036339397067,0.853503184713376,0.00787711979816224,0.853503184713376,0.416666666666667,"player signal"
"665966","Carlos Narváez","double_first_scores",2,2,1,0.5,0.5,0.41339590443686,0.41339590443686,0.418077206899733,0.422056313993174,0.0540540540540541,"league-shrunk"
"665966","Carlos Narváez","first_to_second_on_out",13,13,2,0.153846153846154,0.153846153846154,0.249688314632211,0.249688314632211,0.223731062752654,0.209496440754187,0.270833333333333,"league-shrunk"
"665966","Carlos Narváez","ground_ball_double_play",20,20,3,0.15,0.15,0.204819277108434,0.204819277108434,0.184884994523549,0.175967025998732,0.363636363636364,"league-shrunk"
"665966","Carlos Narváez","sac_fly_scores",3,3,2,0.666666666666667,0.666666666666667,0.593270173146031,0.593270173146031,0.599064633160818,0.603755386506121,0.0789473684210526,"league-shrunk"
"665966","Carlos Narváez","second_to_third_on_out",11,11,9,0.818181818181818,0.818181818181818,0.477532255672549,0.477532255672549,0.558991933663896,0.606744158693306,0.239130434782609,"league-shrunk"
"665966","Carlos Narváez","single_first_to_third",14,14,4,0.285714285714286,0.285714285714286,0.344619833714905,0.344619833714905,0.3277896771433,0.318848656464634,0.285714285714286,"league-shrunk"
"665966","Carlos Narváez","single_second_scores",7,7,6,0.857142857142857,0.857142857142857,0.617619711761971,0.617619711761971,0.657540235992119,0.684686192468619,0.166666666666667,"league-shrunk"
"665966","Carlos Narváez","steal_second",53,1,1,0.0188679245283019,1,0.0647077913972589,0.881944444444444,0.0370996897602734,0.888157894736842,0.602272727272727,"player signal"
"665966","Carlos Narváez","steal_third",28,1,1,0.0357142857142857,1,0.0135036339397067,0.853503184713376,0.0233750347284085,0.861213543412672,0.444444444444444,"player signal"
"666018","Jonathan Aranda","double_first_scores",8,8,2,0.25,0.25,0.41339590443686,0.41339590443686,0.382996666402095,0.363120241533211,0.186046511627907,"league-shrunk"
"666018","Jonathan Aranda","first_to_second_on_out",27,27,7,0.259259259259259,0.259259259259259,0.249688314632211,0.249688314632211,0.253856306647216,0.25543088140844,0.435483870967742,"player signal"
"666018","Jonathan Aranda","ground_ball_double_play",61,61,21,0.344262295081967,0.344262295081967,0.204819277108434,0.204819277108434,0.293423694779116,0.312490468201922,0.635416666666667,"player signal"
"666018","Jonathan Aranda","sac_fly_scores",9,9,6,0.666666666666667,0.666666666666667,0.593270173146031,0.593270173146031,0.608283092275252,0.617735670986243,0.204545454545455,"league-shrunk"
"666018","Jonathan Aranda","second_to_third_on_out",27,27,13,0.481481481481481,0.481481481481481,0.477532255672549,0.477532255672549,0.479252079815149,0.479901791157909,0.435483870967742,"player signal"
"666018","Jonathan Aranda","single_first_to_third",36,36,6,0.166666666666667,0.166666666666667,0.344619833714905,0.344619833714905,0.254390058873545,0.22598438901608,0.507042253521127,"player signal"
"666018","Jonathan Aranda","single_second_scores",21,21,11,0.523809523809524,0.523809523809524,0.617619711761971,0.617619711761971,0.582440891279803,0.56710653363373,0.375,"league-shrunk"
"666018","Jonathan Aranda","steal_second",155,0,0,0,,0.0647077913972589,0.881944444444444,0.0119198563100214,0.881944444444444,0.815789473684211,"player signal"
"666018","Jonathan Aranda","steal_third",104,0,0,0,,0.0135036339397067,0.853503184713376,0.00340019559632903,0.853503184713376,0.748201438848921,"player signal"
"666023","Freddy Fermin","double_first_scores",1,1,1,1,1,0.41339590443686,0.41339590443686,0.429690462646947,0.444269804203341,0.0277777777777778,"league-shrunk"
"666023","Freddy Fermin","first_to_second_on_out",6,6,3,0.5,0.5,0.249688314632211,0.249688314632211,0.286319292978717,0.312266235974158,0.146341463414634,"league-shrunk"
"666023","Freddy Fermin","ground_ball_double_play",18,18,7,0.388888888888889,0.388888888888889,0.204819277108434,0.204819277108434,0.267333484882928,0.296854082998661,0.339622641509434,"league-shrunk"
"666023","Freddy Fermin","sac_fly_scores",6,6,2,0.333333333333333,0.333333333333333,0.593270173146031,0.593270173146031,0.555230635612465,0.528285963192856,0.146341463414634,"league-shrunk"
"666023","Freddy Fermin","second_to_third_on_out",11,11,8,0.727272727272727,0.727272727272727,0.477532255672549,0.477532255672549,0.537252803229114,0.572261400072617,0.239130434782609,"league-shrunk"
"666023","Freddy Fermin","single_first_to_third",9,9,3,0.333333333333333,0.333333333333333,0.344619833714905,0.344619833714905,0.342311231364129,0.340857666921048,0.204545454545455,"league-shrunk"
"666023","Freddy Fermin","single_second_scores",4,4,4,1,1,0.617619711761971,0.617619711761971,0.656838202863308,0.687143400532522,0.102564102564103,"league-shrunk"
"666023","Freddy Fermin","steal_second",46,1,0,0.0217391304347826,0,0.0647077913972589,0.881944444444444,0.040305835788939,0.835526315789474,0.567901234567901,"player signal"
"666023","Freddy Fermin","steal_third",29,0,0,0,,0.0135036339397067,0.853503184713376,0.0073847998107771,0.853503184713376,0.453125,"player signal"
"666126","Carlos Cortes","double_first_scores",6,6,3,0.5,0.5,0.41339590443686,0.41339590443686,0.426069674519271,0.435046928327645,0.146341463414634,"league-shrunk"
"666126","Carlos Cortes","first_to_second_on_out",17,17,2,0.117647058823529,0.117647058823529,0.249688314632211,0.249688314632211,0.20652098100245,0.18555399038228,0.326923076923077,"league-shrunk"
"666126","Carlos Cortes","ground_ball_double_play",32,32,10,0.3125,0.3125,0.204819277108434,0.204819277108434,0.256248876101421,0.273734939759036,0.477611940298507,"player signal"
"666126","Carlos Cortes","sac_fly_scores",7,7,5,0.714285714285714,0.714285714285714,0.593270173146031,0.593270173146031,0.613439430002645,0.627154524665142,0.166666666666667,"league-shrunk"
"666126","Carlos Cortes","second_to_third_on_out",15,15,9,0.6,0.6,0.477532255672549,0.477532255672549,0.514272578970785,0.533199412185027,0.3,"league-shrunk"
"666126","Carlos Cortes","single_first_to_third",16,16,3,0.1875,0.1875,0.344619833714905,0.344619833714905,0.29532733686317,0.270681088437303,0.313725490196078,"league-shrunk"
"666126","Carlos Cortes","single_second_scores",2,2,0,0,0,0.617619711761971,0.617619711761971,0.58423486247754,0.555857740585774,0.0540540540540541,"league-shrunk"
"666126","Carlos Cortes","steal_second",95,0,0,0,,0.0647077913972589,0.881944444444444,0.0174213284531082,0.881944444444444,0.730769230769231,"player signal"
"666126","Carlos Cortes","steal_third",36,0,0,0,,0.0135036339397067,0.853503184713376,0.00665672095619345,0.853503184713376,0.507042253521127,"player signal"
"666139","Josh Lowe","double_first_scores",3,3,3,1,1,0.41339590443686,0.41339590443686,0.459706754086582,0.497196489517309,0.0789473684210526,"league-shrunk"
"666139","Josh Lowe","first_to_second_on_out",22,22,10,0.454545454545455,0.454545454545455,0.249688314632211,0.249688314632211,0.328755982668902,0.362359741584495,0.385964912280702,"league-shrunk"
"666139","Josh Lowe","ground_ball_double_play",33,33,8,0.242424242424242,0.242424242424242,0.204819277108434,0.204819277108434,0.223068745570517,0.229151901724545,0.485294117647059,"player signal"
"666139","Josh Lowe","sac_fly_scores",1,1,0,0,0,0.593270173146031,0.593270173146031,0.576790446114197,0.562045427190976,0.0277777777777778,"league-shrunk"
"666139","Josh Lowe","second_to_third_on_out",11,11,5,0.454545454545455,0.454545454545455,0.477532255672549,0.477532255672549,0.472035411924766,0.468813124210548,0.239130434782609,"league-shrunk"
"666139","Josh Lowe","single_first_to_third",6,6,1,0.166666666666667,0.166666666666667,0.344619833714905,0.344619833714905,0.318577906829797,0.300131541952846,0.146341463414634,"league-shrunk"
"666139","Josh Lowe","single_second_scores",1,1,0,0,0,0.617619711761971,0.617619711761971,0.600463608657472,0.58511341114292,0.0277777777777778,"league-shrunk"
"666139","Josh Lowe","steal_second",66,8,8,0.121212121212121,1,0.0647077913972589,0.881944444444444,0.101631412860436,0.918269230769231,0.653465346534653,"player signal"
"666139","Josh Lowe","steal_third",36,1,1,0.0277777777777778,1,0.0135036339397067,0.853503184713376,0.020741227998447,0.861213543412672,0.507042253521127,"player signal"
"666152","David Hamilton","double_first_scores",2,2,2,1,1,0.41339590443686,0.41339590443686,0.44510423392676,0.472056313993174,0.0540540540540541,"league-shrunk"
"666152","David Hamilton","first_to_second_on_out",17,17,7,0.411764705882353,0.411764705882353,0.249688314632211,0.249688314632211,0.302674827156296,0.328411133239423,0.326923076923077,"league-shrunk"
"666152","David Hamilton","ground_ball_double_play",28,28,1,0.0357142857142857,0.0357142857142857,0.204819277108434,0.204819277108434,0.129661503155479,0.101885804085909,0.444444444444444,"player signal"
"666152","David Hamilton","sac_fly_scores",9,9,8,0.888888888888889,0.888888888888889,0.593270173146031,0.593270173146031,0.653737637729797,0.691809745060317,0.204545454545455,"league-shrunk"
"666152","David Hamilton","second_to_third_on_out",8,8,6,0.75,0.75,0.477532255672549,0.477532255672549,0.528223929035796,0.56136848469638,0.186046511627907,"league-shrunk"
"666152","David Hamilton","single_first_to_third",23,23,13,0.565217391304348,0.565217391304348,0.344619833714905,0.344619833714905,0.432098175517615,0.468369683094349,0.396551724137931,"league-shrunk"
"666152","David Hamilton","single_second_scores",15,15,8,0.533333333333333,0.533333333333333,0.617619711761971,0.617619711761971,0.59233379823338,0.579307721567136,0.3,"league-shrunk"
"666152","David Hamilton","steal_second",82,24,22,0.292682926829268,0.916666666666667,0.0647077913972589,0.881944444444444,0.22448523674277,0.901785714285714,0.700854700854701,"player signal"
"666152","David Hamilton","steal_third",32,2,2,0.0625,1,0.0135036339397067,0.853503184713376,0.0369048834013393,0.868152866242038,0.477611940298507,"player signal"
"666160","Mickey Moniak","double_first_scores",5,5,4,0.8,0.8,0.41339590443686,0.41339590443686,0.461721416382253,0.497440273037543,0.125,"league-shrunk"
"666160","Mickey Moniak","first_to_second_on_out",15,15,2,0.133333333333333,0.133333333333333,0.249688314632211,0.249688314632211,0.214781820242548,0.196799686769085,0.3,"league-shrunk"
"666160","Mickey Moniak","ground_ball_double_play",22,22,4,0.181818181818182,0.181818181818182,0.204819277108434,0.204819277108434,0.195941661382372,0.192168674698795,0.385964912280702,"league-shrunk"
"666160","Mickey Moniak","sac_fly_scores",3,3,3,1,1,0.593270173146031,0.593270173146031,0.625380422634502,0.651374434125169,0.0789473684210526,"league-shrunk"
"666160","Mickey Moniak","second_to_third_on_out",18,18,9,0.5,0.5,0.477532255672549,0.477532255672549,0.485162810349797,0.488766127836275,0.339622641509434,"league-shrunk"
"666160","Mickey Moniak","single_first_to_third",13,13,3,0.230769230769231,0.230769230769231,0.344619833714905,0.344619833714905,0.313785295417119,0.296876032479622,0.270833333333333,"league-shrunk"
"666160","Mickey Moniak","single_second_scores",12,12,5,0.416666666666667,0.416666666666667,0.617619711761971,0.617619711761971,0.566312551312106,0.537238493723849,0.25531914893617,"league-shrunk"
"666160","Mickey Moniak","steal_second",80,0,0,0,,0.0647077913972589,0.881944444444444,0.019693675642644,0.881944444444444,0.695652173913043,"player signal"
"666160","Mickey Moniak","steal_third",56,0,0,0,,0.0135036339397067,0.853503184713376,0.00519370536142565,0.853503184713376,0.615384615384615,"player signal"
"666163","Ben Rortvedt","double_first_scores",1,1,0,0,0,0.41339590443686,0.41339590443686,0.40191268486917,0.391638225255973,0.0277777777777778,"league-shrunk"
"666163","Ben Rortvedt","steal_second",5,0,0,0,,0.0647077913972589,0.881944444444444,0.0566193174726015,0.881944444444444,0.125,"league-shrunk"
"666176","Jo Adell","double_first_scores",4,4,0,0,0,0.41339590443686,0.41339590443686,0.370996324494618,0.338233012721067,0.102564102564103,"league-shrunk"
"666176","Jo Adell","first_to_second_on_out",25,25,3,0.12,0.12,0.249688314632211,0.249688314632211,0.19565151686879,0.174288131706507,0.416666666666667,"player signal"
"666176","Jo Adell","ground_ball_double_play",45,45,6,0.133333333333333,0.133333333333333,0.204819277108434,0.204819277108434,0.16460843373494,0.153757888697648,0.5625,"player signal"
"666176","Jo Adell","sac_fly_scores",10,10,4,0.4,0.4,0.593270173146031,0.593270173146031,0.550321245780246,0.524245111308163,0.222222222222222,"league-shrunk"
"666176","Jo Adell","second_to_third_on_out",25,25,8,0.32,0.32,0.477532255672549,0.477532255672549,0.411893815808987,0.385943734932695,0.416666666666667,"player signal"
"666176","Jo Adell","single_first_to_third",26,26,5,0.192307692307692,0.192307692307692,0.344619833714905,0.344619833714905,0.27969990459052,0.254617204701552,0.426229508196721,"player signal"
"666176","Jo Adell","single_second_scores",17,17,15,0.882352941176471,0.882352941176471,0.617619711761971,0.617619711761971,0.704167113685942,0.746204423191871,0.326923076923077,"league-shrunk"
"666176","Jo Adell","steal_second",130,3,3,0.0230769230769231,1,0.0647077913972589,0.881944444444444,0.0319077133266913,0.898809523809524,0.787878787878788,"player signal"
"666176","Jo Adell","steal_third",82,0,0,0,,0.0135036339397067,0.853503184713376,0.00403954861444218,0.853503184713376,0.700854700854701,"player signal"
"666181","Will Benson","first_to_second_on_out",4,4,3,0.75,0.75,0.249688314632211,0.249688314632211,0.301002333644292,0.340654075608173,0.102564102564103,"league-shrunk"
"666181","Will Benson","ground_ball_double_play",8,8,1,0.125,0.125,0.204819277108434,0.204819277108434,0.189969179041748,0.180259499536608,0.186046511627907,"league-shrunk"
"666181","Will Benson","sac_fly_scores",1,1,1,1,1,0.593270173146031,0.593270173146031,0.604568223891974,0.614677006138345,0.0277777777777778,"league-shrunk"
"666181","Will Benson","second_to_third_on_out",4,4,2,0.5,0.5,0.477532255672549,0.477532255672549,0.479836639706134,0.481617300095722,0.102564102564103,"league-shrunk"
"666181","Will Benson","single_first_to_third",3,3,1,0.333333333333333,0.333333333333333,0.344619833714905,0.344619833714905,0.343728794211097,0.343007476517538,0.0789473684210526,"league-shrunk"
"666181","Will Benson","single_second_scores",3,3,1,0.333333333333333,0.333333333333333,0.617619711761971,0.617619711761971,0.595176050307079,0.577007371986451,0.0789473684210526,"league-shrunk"
"666181","Will Benson","steal_second",21,1,1,0.0476190476190476,1,0.0647077913972589,0.881944444444444,0.0582995124804297,0.888157894736842,0.375,"league-shrunk"
"666181","Will Benson","steal_third",14,0,0,0,,0.0135036339397067,0.853503184713376,0.00964545281407622,0.853503184713376,0.285714285714286,"league-shrunk"
"666182","Bo Bichette","double_first_scores",4,4,1,0.25,0.25,0.41339590443686,0.41339590443686,0.396637350135644,0.383687558175613,0.102564102564103,"league-shrunk"
"666182","Bo Bichette","first_to_second_on_out",24,24,9,0.375,0.375,0.249688314632211,0.249688314632211,0.300662559527583,0.321294991985233,0.406779661016949,"league-shrunk"
"666182","Bo Bichette","ground_ball_double_play",48,48,11,0.229166666666667,0.229166666666667,0.204819277108434,0.204819277108434,0.218899695166207,0.222526469514421,0.578313253012048,"player signal"
"666182","Bo Bichette","sac_fly_scores",7,7,4,0.571428571428571,0.571428571428571,0.593270173146031,0.593270173146031,0.589629906193121,0.587154524665142,0.166666666666667,"league-shrunk"
"666182","Bo Bichette","second_to_third_on_out",35,35,17,0.485714285714286,0.485714285714286,0.477532255672549,0.477532255672549,0.481623270693417,0.482935483058602,0.5,"player signal"
"666182","Bo Bichette","single_first_to_third",38,38,9,0.236842105263158,0.236842105263158,0.344619833714905,0.344619833714905,0.288516358630434,0.27148494655122,0.520547945205479,"player signal"
"666182","Bo Bichette","single_second_scores",22,22,11,0.5,0.5,0.617619711761971,0.617619711761971,0.572222630029281,0.552928870292887,0.385964912280702,"league-shrunk"
"666182","Bo Bichette","steal_second",145,2,2,0.0137931034482759,1,0.0647077913972589,0.881944444444444,0.0236931816605781,0.89375,0.805555555555556,"player signal"
"666182","Bo Bichette","steal_third",111,0,0,0,,0.0135036339397067,0.853503184713376,0.0032371725197927,0.853503184713376,0.76027397260274,"player signal"
"666185","Dylan Carlson","single_second_scores",1,1,1,1,1,0.617619711761971,0.617619711761971,0.62824138643525,0.637744990090289,0.0277777777777778,"league-shrunk"
"666185","Dylan Carlson","steal_third",1,0,0,0,,0.0135036339397067,0.853503184713376,0.0131285329969371,0.853503184713376,0.0277777777777778,"league-shrunk"
"666211","Taylor Trammell","double_first_scores",2,2,1,0.5,0.5,0.41339590443686,0.41339590443686,0.418077206899733,0.422056313993174,0.0540540540540541,"league-shrunk"
"666211","Taylor Trammell","first_to_second_on_out",11,11,5,0.454545454545455,0.454545454545455,0.249688314632211,0.249688314632211,0.298675891567987,0.327392747013097,0.239130434782609,"league-shrunk"
"666211","Taylor Trammell","ground_ball_double_play",17,17,4,0.235294117647059,0.235294117647059,0.204819277108434,0.204819277108434,0.214782205746061,0.219621342512909,0.326923076923077,"league-shrunk"
"666211","Taylor Trammell","sac_fly_scores",7,7,4,0.571428571428571,0.571428571428571,0.593270173146031,0.593270173146031,0.589629906193121,0.587154524665142,0.166666666666667,"league-shrunk"
"666211","Taylor Trammell","second_to_third_on_out",7,7,5,0.714285714285714,0.714285714285714,0.477532255672549,0.477532255672549,0.51699116544141,0.543823224084235,0.166666666666667,"league-shrunk"
"666211","Taylor Trammell","single_first_to_third",12,12,4,0.333333333333333,0.333333333333333,0.344619833714905,0.344619833714905,0.341738174043015,0.340105233562277,0.25531914893617,"league-shrunk"
"666211","Taylor Trammell","single_second_scores",5,5,4,0.8,0.8,0.617619711761971,0.617619711761971,0.640417247791725,0.657267600509369,0.125,"league-shrunk"
"666211","Taylor Trammell","steal_second",49,3,3,0.0612244897959184,1,0.0647077913972589,0.881944444444444,0.0626758654631436,0.898809523809524,0.583333333333333,"player signal"
"666211","Taylor Trammell","steal_third",24,0,0,0,,0.0135036339397067,0.853503184713376,0.00801063030321584,0.853503184713376,0.406779661016949,"league-shrunk"
"666310","Bo Naylor","double_first_scores",1,1,1,1,1,0.41339590443686,0.41339590443686,0.429690462646947,0.444269804203341,0.0277777777777778,"league-shrunk"
"666310","Bo Naylor","first_to_second_on_out",9,9,1,0.111111111111111,0.111111111111111,0.249688314632211,0.249688314632211,0.22134297754835,0.203495913458511,0.204545454545455,"league-shrunk"
"666310","Bo Naylor","ground_ball_double_play",11,11,1,0.0909090909090909,0.0909090909090909,0.204819277108434,0.204819277108434,0.177579884756417,0.161611965101786,0.239130434782609,"league-shrunk"
"666310","Bo Naylor","second_to_third_on_out",1,1,0,0,0,0.477532255672549,0.477532255672549,0.464267470792756,0.452398979058205,0.0277777777777778,"league-shrunk"
"666310","Bo Naylor","single_first_to_third",4,4,2,0.5,0.5,0.344619833714905,0.344619833714905,0.360556261026197,0.372870773039468,0.102564102564103,"league-shrunk"
"666310","Bo Naylor","steal_second",26,0,0,0,,0.0647077913972589,0.881944444444444,0.0371274212935092,0.881944444444444,0.426229508196721,"player signal"
"666310","Bo Naylor","steal_third",5,0,0,0,,0.0135036339397067,0.853503184713376,0.0118156796972434,0.853503184713376,0.125,"league-shrunk"
"666397","Edouard Julien","double_first_scores",6,6,1,0.166666666666667,0.166666666666667,0.41339590443686,0.41339590443686,0.377289186714393,0.351713594994312,0.146341463414634,"league-shrunk"
"666397","Edouard Julien","first_to_second_on_out",22,22,4,0.181818181818182,0.181818181818182,0.249688314632211,0.249688314632211,0.223492824774165,0.212359741584495,0.385964912280702,"league-shrunk"
"666397","Edouard Julien","ground_ball_double_play",31,31,4,0.129032258064516,0.129032258064516,0.204819277108434,0.204819277108434,0.169222343921139,0.156872387509221,0.46969696969697,"player signal"
"666397","Edouard Julien","sac_fly_scores",7,7,6,0.857142857142857,0.857142857142857,0.593270173146031,0.593270173146031,0.637248953812169,0.667154524665142,0.166666666666667,"league-shrunk"
"666397","Edouard Julien","second_to_third_on_out",7,7,4,0.571428571428571,0.571428571428571,0.477532255672549,0.477532255672549,0.493181641631886,0.503823224084236,0.166666666666667,"league-shrunk"
"666397","Edouard Julien","single_first_to_third",19,19,9,0.473684210526316,0.473684210526316,0.344619833714905,0.344619833714905,0.390031373704105,0.410896135320765,0.351851851851852,"league-shrunk"
"666397","Edouard Julien","single_second_scores",9,9,6,0.666666666666667,0.666666666666667,0.617619711761971,0.617619711761971,0.627652043447023,0.633968696730203,0.204545454545455,"league-shrunk"
"666397","Edouard Julien","steal_second",93,5,4,0.0537634408602151,0.8,0.0647077913972589,0.881944444444444,0.056756036710188,0.864130434782609,0.7265625,"player signal"
"666397","Edouard Julien","steal_third",39,0,0,0,,0.0135036339397067,0.853503184713376,0.00638685389040182,0.853503184713376,0.527027027027027,"player signal"
"666464","Jerar Encarnacion","first_to_second_on_out",4,4,0,0,0,0.249688314632211,0.249688314632211,0.224079256721215,0.204290439244536,0.102564102564103,"league-shrunk"
"666464","Jerar Encarnacion","ground_ball_double_play",4,4,0,0,0,0.204819277108434,0.204819277108434,0.183812171763979,0.167579408543264,0.102564102564103,"league-shrunk"
"666464","Jerar Encarnacion","single_first_to_third",1,1,0,0,0,0.344619833714905,0.344619833714905,0.335047060556158,0.32648194772991,0.0277777777777778,"league-shrunk"
"666464","Jerar Encarnacion","steal_second",9,0,0,0,,0.0647077913972589,0.881944444444444,0.0514721067932741,0.881944444444444,0.204545454545455,"league-shrunk"
"666464","Jerar Encarnacion","steal_third",2,0,0,0,,0.0135036339397067,0.853503184713376,0.0127737077808036,0.853503184713376,0.0540540540540541,"league-shrunk"
"666624","Christopher Morel","first_to_second_on_out",5,5,2,0.4,0.4,0.249688314632211,0.249688314632211,0.268477275303185,0.282364767973035,0.125,"league-shrunk"
"666624","Christopher Morel","ground_ball_double_play",7,7,1,0.142857142857143,0.142857142857143,0.204819277108434,0.204819277108434,0.194492254733219,0.187469879518072,0.166666666666667,"league-shrunk"
"666624","Christopher Morel","second_to_third_on_out",4,4,3,0.75,0.75,0.477532255672549,0.477532255672549,0.50547766534716,0.527071845550268,0.102564102564103,"league-shrunk"
"666624","Christopher Morel","single_first_to_third",5,5,3,0.6,0.6,0.344619833714905,0.344619833714905,0.376542354500542,0.400137261168187,0.125,"league-shrunk"
"666624","Christopher Morel","single_second_scores",1,1,1,1,1,0.617619711761971,0.617619711761971,0.62824138643525,0.637744990090289,0.0277777777777778,"league-shrunk"
"666624","Christopher Morel","steal_second",18,0,0,0,,0.0647077913972589,0.881944444444444,0.0427315603566804,0.881944444444444,0.339622641509434,"league-shrunk"
"666624","Christopher Morel","steal_third",11,0,0,0,,0.0135036339397067,0.853503184713376,0.0102745040845594,0.853503184713376,0.239130434782609,"league-shrunk"
"666931","Jared Oliva","ground_ball_double_play",1,1,0,0,0,0.204819277108434,0.204819277108434,0.199129852744311,0.194039315155358,0.0277777777777778,"league-shrunk"
"666969","Adolis García","double_first_scores",3,3,0,0,0,0.41339590443686,0.41339590443686,0.380759385665529,0.354339346660166,0.0789473684210526,"league-shrunk"
"666969","Adolis García","first_to_second_on_out",11,11,2,0.181818181818182,0.181818181818182,0.249688314632211,0.249688314632211,0.233458500263639,0.223944471151028,0.239130434782609,"league-shrunk"
"666969","Adolis García","ground_ball_double_play",18,18,1,0.0555555555555556,0.0555555555555556,0.204819277108434,0.204819277108434,0.154125937713117,0.130187416331995,0.339622641509434,"league-shrunk"
"666969","Adolis García","sac_fly_scores",8,8,5,0.625,0.625,0.593270173146031,0.593270173146031,0.599173396746769,0.603033196793406,0.186046511627907,"league-shrunk"
"666969","Adolis García","second_to_third_on_out",8,8,4,0.5,0.5,0.477532255672549,0.477532255672549,0.481712301128819,0.484445407773303,0.186046511627907,"league-shrunk"
"666969","Adolis García","single_first_to_third",7,7,3,0.428571428571429,0.428571428571429,0.344619833714905,0.344619833714905,0.358611766190993,0.368126280274732,0.166666666666667,"league-shrunk"
"666969","Adolis García","single_second_scores",2,2,2,1,1,0.617619711761971,0.617619711761971,0.638288916531594,0.655857740585774,0.0540540540540541,"league-shrunk"
"666969","Adolis García","steal_second",45,3,3,0.0666666666666667,1,0.0647077913972589,0.881944444444444,0.0658096587363008,0.898809523809524,0.5625,"player signal"
"666969","Adolis García","steal_third",19,0,0,0,,0.0135036339397067,0.853503184713376,0.00875235533129138,0.853503184713376,0.351851851851852,"league-shrunk"
"666971","Lourdes Gurriel Jr.","double_first_scores",4,4,2,0.5,0.5,0.41339590443686,0.41339590443686,0.422278375776669,0.429142103630158,0.102564102564103,"league-shrunk"
"666971","Lourdes Gurriel Jr.","first_to_second_on_out",10,10,1,0.1,0.1,0.249688314632211,0.249688314632211,0.216424244713942,0.196228202263564,0.222222222222222,"league-shrunk"
"666971","Lourdes Gurriel Jr.","ground_ball_double_play",16,16,3,0.1875,0.1875,0.204819277108434,0.204819277108434,0.199385778407749,0.196669029057406,0.313725490196078,"league-shrunk"
"666971","Lourdes Gurriel Jr.","sac_fly_scores",3,3,2,0.666666666666667,0.666666666666667,0.593270173146031,0.593270173146031,0.599064633160818,0.603755386506121,0.0789473684210526,"league-shrunk"
"666971","Lourdes Gurriel Jr.","second_to_third_on_out",7,7,1,0.142857142857143,0.142857142857143,0.477532255672549,0.477532255672549,0.421753070203315,0.383823224084235,0.166666666666667,"league-shrunk"
"666971","Lourdes Gurriel Jr.","single_first_to_third",7,7,2,0.285714285714286,0.285714285714286,0.344619833714905,0.344619833714905,0.334802242381469,0.328126280274732,0.166666666666667,"league-shrunk"
"666971","Lourdes Gurriel Jr.","single_second_scores",3,3,2,0.666666666666667,0.666666666666667,0.617619711761971,0.617619711761971,0.621491839780763,0.624626419605499,0.0789473684210526,"league-shrunk"
"666971","Lourdes Gurriel Jr.","steal_second",44,0,0,0,,0.0647077913972589,0.881944444444444,0.0286680088468869,0.881944444444444,0.556962025316456,"player signal"
"666971","Lourdes Gurriel Jr.","steal_third",26,0,0,0,,0.0135036339397067,0.853503184713376,0.00774798668671696,0.853503184713376,0.426229508196721,"player signal"
"667452","Corey Julks","first_to_second_on_out",1,1,0,0,0,0.249688314632211,0.249688314632211,0.24275252811465,0.236546824388411,0.0277777777777778,"league-shrunk"
"667452","Corey Julks","ground_ball_double_play",1,1,0,0,0,0.204819277108434,0.204819277108434,0.199129852744311,0.194039315155358,0.0277777777777778,"league-shrunk"
"667452","Corey Julks","single_first_to_third",1,1,0,0,0,0.344619833714905,0.344619833714905,0.335047060556158,0.32648194772991,0.0277777777777778,"league-shrunk"
"667452","Corey Julks","steal_second",2,0,0,0,,0.0647077913972589,0.881944444444444,0.061210072943353,0.881944444444444,0.0540540540540541,"league-shrunk"
"667452","Corey Julks","steal_third",2,0,0,0,,0.0135036339397067,0.853503184713376,0.0127737077808036,0.853503184713376,0.0540540540540541,"league-shrunk"
"667472","Dane Myers","double_first_scores",4,4,2,0.5,0.5,0.41339590443686,0.41339590443686,0.422278375776669,0.429142103630158,0.102564102564103,"league-shrunk"
"667472","Dane Myers","first_to_second_on_out",19,19,10,0.526315789473684,0.526315789473684,0.249688314632211,0.249688314632211,0.347020203928285,0.391740261172427,0.351851851851852,"league-shrunk"
"667472","Dane Myers","ground_ball_double_play",31,31,6,0.193548387096774,0.193548387096774,0.204819277108434,0.204819277108434,0.199525374224169,0.197688714039833,0.46969696969697,"player signal"
"667472","Dane Myers","sac_fly_scores",8,8,4,0.5,0.5,0.593270173146031,0.593270173146031,0.575917582793281,0.564571658331867,0.186046511627907,"league-shrunk"
"667472","Dane Myers","second_to_third_on_out",11,11,8,0.727272727272727,0.727272727272727,0.477532255672549,0.477532255672549,0.537252803229114,0.572261400072617,0.239130434782609,"league-shrunk"
"667472","Dane Myers","single_first_to_third",13,13,4,0.307692307692308,0.307692307692308,0.344619833714905,0.344619833714905,0.334618628750452,0.329134096995752,0.270833333333333,"league-shrunk"
"667472","Dane Myers","single_second_scores",9,9,6,0.666666666666667,0.666666666666667,0.617619711761971,0.617619711761971,0.627652043447023,0.633968696730203,0.204545454545455,"league-shrunk"
"667472","Dane Myers","steal_second",87,10,10,0.114942528735632,1,0.0647077913972589,0.881944444444444,0.100530923761509,0.924107142857143,0.713114754098361,"player signal"
"667472","Dane Myers","steal_third",46,0,0,0,,0.0135036339397067,0.853503184713376,0.00583490355419425,0.853503184713376,0.567901234567901,"player signal"
"667670","Brent Rooker","double_first_scores",3,3,0,0,0,0.41339590443686,0.41339590443686,0.380759385665529,0.354339346660166,0.0789473684210526,"league-shrunk"
"667670","Brent Rooker","first_to_second_on_out",5,5,0,0,0,0.249688314632211,0.249688314632211,0.218477275303185,0.195408246233904,0.125,"league-shrunk"
"667670","Brent Rooker","ground_ball_double_play",13,13,3,0.230769230769231,0.230769230769231,0.204819277108434,0.204819277108434,0.211847389558233,0.215701515740381,0.270833333333333,"league-shrunk"
"667670","Brent Rooker","sac_fly_scores",2,2,0,0,0,0.593270173146031,0.593270173146031,0.561201515138137,0.533943155831428,0.0540540540540541,"league-shrunk"
"667670","Brent Rooker","second_to_third_on_out",7,7,4,0.571428571428571,0.571428571428571,0.477532255672549,0.477532255672549,0.493181641631886,0.503823224084236,0.166666666666667,"league-shrunk"
"667670","Brent Rooker","single_first_to_third",12,12,4,0.333333333333333,0.333333333333333,0.344619833714905,0.344619833714905,0.341738174043015,0.340105233562277,0.25531914893617,"league-shrunk"
"667670","Brent Rooker","single_second_scores",2,2,2,1,1,0.617619711761971,0.617619711761971,0.638288916531594,0.655857740585774,0.0540540540540541,"league-shrunk"
"667670","Brent Rooker","steal_second",30,2,2,0.0666666666666667,1,0.0647077913972589,0.881944444444444,0.0656118876754471,0.89375,0.461538461538462,"player signal"
"667670","Brent Rooker","steal_third",21,0,0,0,,0.0135036339397067,0.853503184713376,0.00843977121231669,0.853503184713376,0.375,"league-shrunk"
"668227","Randy Arozarena","double_first_scores",12,12,5,0.416666666666667,0.416666666666667,0.41339590443686,0.41339590443686,0.414230992665747,0.414704209328783,0.25531914893617,"league-shrunk"
"668227","Randy Arozarena","first_to_second_on_out",36,36,10,0.277777777777778,0.277777777777778,0.249688314632211,0.249688314632211,0.263930859325738,0.268414623395922,0.507042253521127,"player signal"
"668227","Randy Arozarena","ground_ball_double_play",60,60,11,0.183333333333333,0.183333333333333,0.204819277108434,0.204819277108434,0.191249207355739,0.188291628050664,0.631578947368421,"player signal"
"668227","Randy Arozarena","sac_fly_scores",13,13,6,0.461538461538462,0.461538461538462,0.593270173146031,0.593270173146031,0.557592834585647,0.538027842471889,0.270833333333333,"league-shrunk"
"668227","Randy Arozarena","second_to_third_on_out",31,31,20,0.645161290322581,0.645161290322581,0.477532255672549,0.477532255672549,0.556267105280897,0.583583277593998,0.46969696969697,"player signal"
"668227","Randy Arozarena","single_first_to_third",30,30,7,0.233333333333333,0.233333333333333,0.344619833714905,0.344619833714905,0.293256833538795,0.275065770976423,0.461538461538462,"player signal"
"668227","Randy Arozarena","single_second_scores",14,14,9,0.642857142857143,0.642857142857143,0.617619711761971,0.617619711761971,0.624830406360592,0.628661087866109,0.285714285714286,"league-shrunk"
"668227","Randy Arozarena","steal_second",170,21,17,0.123529411764706,0.80952380952381,0.0647077913972589,0.881944444444444,0.113486696092215,0.842948717948718,0.829268292682927,"player signal"
"668227","Randy Arozarena","steal_third",114,1,1,0.0087719298245614,1,0.0135036339397067,0.853503184713376,0.00988340394556869,0.861213543412672,0.76510067114094,"player signal"
"668670","Jake Rogers","double_first_scores",1,1,0,0,0,0.41339590443686,0.41339590443686,0.40191268486917,0.391638225255973,0.0277777777777778,"league-shrunk"
"668670","Jake Rogers","first_to_second_on_out",14,14,3,0.214285714285714,0.214285714285714,0.249688314632211,0.249688314632211,0.239573285961784,0.234199676980619,0.285714285714286,"league-shrunk"
"668670","Jake Rogers","ground_ball_double_play",15,15,1,0.0666666666666667,0.0666666666666667,0.204819277108434,0.204819277108434,0.163373493975904,0.14202263599854,0.3,"league-shrunk"
"668670","Jake Rogers","sac_fly_scores",4,4,3,0.75,0.75,0.593270173146031,0.593270173146031,0.609345027182335,0.621766505301298,0.102564102564103,"league-shrunk"
"668670","Jake Rogers","second_to_third_on_out",2,2,2,1,1,0.477532255672549,0.477532255672549,0.505773755365925,0.529779030105294,0.0540540540540541,"league-shrunk"
"668670","Jake Rogers","single_first_to_third",7,7,5,0.714285714285714,0.714285714285714,0.344619833714905,0.344619833714905,0.40623081381004,0.448126280274732,0.166666666666667,"league-shrunk"
"668670","Jake Rogers","single_second_scores",3,3,1,0.333333333333333,0.333333333333333,0.617619711761971,0.617619711761971,0.595176050307079,0.577007371986451,0.0789473684210526,"league-shrunk"
"668670","Jake Rogers","steal_second",42,1,1,0.0238095238095238,1,0.0647077913972589,0.881944444444444,0.0423996454403125,0.888157894736842,0.545454545454545,"player signal"
"668670","Jake Rogers","steal_third",12,0,0,0,,0.0135036339397067,0.853503184713376,0.0100558976146752,0.853503184713376,0.25531914893617,"league-shrunk"
"668709","JJ Bleday","double_first_scores",6,6,3,0.5,0.5,0.41339590443686,0.41339590443686,0.426069674519271,0.435046928327645,0.146341463414634,"league-shrunk"
"668709","JJ Bleday","first_to_second_on_out",27,27,6,0.222222222222222,0.222222222222222,0.249688314632211,0.249688314632211,0.237727274389152,0.233208659186218,0.435483870967742,"player signal"
"668709","JJ Bleday","ground_ball_double_play",48,48,9,0.1875,0.1875,0.204819277108434,0.204819277108434,0.194803309624038,0.192223439211391,0.578313253012048,"player signal"
"668709","JJ Bleday","sac_fly_scores",7,7,2,0.285714285714286,0.285714285714286,0.593270173146031,0.593270173146031,0.542010858574073,0.507154524665142,0.166666666666667,"league-shrunk"
"668709","JJ Bleday","second_to_third_on_out",15,15,4,0.266666666666667,0.266666666666667,0.477532255672549,0.477532255672549,0.414272578970785,0.381684260669875,0.3,"league-shrunk"
"668709","JJ Bleday","single_first_to_third",19,19,8,0.421052631578947,0.421052631578947,0.344619833714905,0.344619833714905,0.371512855185587,0.383869108293738,0.351851851851852,"league-shrunk"
"668709","JJ Bleday","single_second_scores",9,9,3,0.333333333333333,0.333333333333333,0.617619711761971,0.617619711761971,0.559470225265204,0.522857585619092,0.204545454545455,"league-shrunk"
"668709","JJ Bleday","steal_second",130,7,4,0.0538461538461538,0.571428571428571,0.0647077913972589,0.881944444444444,0.0561501375691155,0.795,0.787878787878788,"player signal"
"668709","JJ Bleday","steal_third",66,0,0,0,,0.0135036339397067,0.853503184713376,0.00467947710781916,0.853503184713376,0.653465346534653,"player signal"
"668715","Spencer Steer","double_first_scores",12,12,6,0.5,0.5,0.41339590443686,0.41339590443686,0.435507588410428,0.448037542662116,0.25531914893617,"league-shrunk"
"668715","Spencer Steer","first_to_second_on_out",17,17,4,0.235294117647059,0.235294117647059,0.249688314632211,0.249688314632211,0.244982519463988,0.242696847525137,0.326923076923077,"league-shrunk"
"668715","Spencer Steer","ground_ball_double_play",36,36,5,0.138888888888889,0.138888888888889,0.204819277108434,0.204819277108434,0.171389784490073,0.16086568496207,0.507042253521127,"player signal"
"668715","Spencer Steer","sac_fly_scores",9,9,4,0.444444444444444,0.444444444444444,0.593270173146031,0.593270173146031,0.562828546820706,0.543661596912169,0.204545454545455,"league-shrunk"
"668715","Spencer Steer","second_to_third_on_out",12,12,7,0.583333333333333,0.583333333333333,0.477532255672549,0.477532255672549,0.50454529677743,0.519852686736863,0.25531914893617,"league-shrunk"
"668715","Spencer Steer","single_first_to_third",12,12,4,0.333333333333333,0.333333333333333,0.344619833714905,0.344619833714905,0.341738174043015,0.340105233562277,0.25531914893617,"league-shrunk"
"668715","Spencer Steer","single_second_scores",5,5,3,0.6,0.6,0.617619711761971,0.617619711761971,0.615417247791725,0.613789339639804,0.125,"league-shrunk"
"668715","Spencer Steer","steal_second",99,2,2,0.0202020202020202,1,0.0647077913972589,0.881944444444444,0.0318266619321199,0.89375,0.738805970149254,"player signal"
"668715","Spencer Steer","steal_third",48,0,0,0,,0.0135036339397067,0.853503184713376,0.00569430346855102,0.853503184713376,0.578313253012048,"player signal"
"668723","Ryan Vilade","double_first_scores",3,3,1,0.333333333333333,0.333333333333333,0.41339590443686,0.41339590443686,0.407075175139213,0.401958394279213,0.0789473684210526,"league-shrunk"
"668723","Ryan Vilade","first_to_second_on_out",10,10,3,0.3,0.3,0.249688314632211,0.249688314632211,0.260868689158387,0.267656773692136,0.222222222222222,"league-shrunk"
"668723","Ryan Vilade","ground_ball_double_play",20,20,6,0.3,0.3,0.204819277108434,0.204819277108434,0.239430449069003,0.254914394419784,0.363636363636364,"league-shrunk"
"668723","Ryan Vilade","sac_fly_scores",2,2,1,0.5,0.5,0.593270173146031,0.593270173146031,0.588228542165164,0.583943155831428,0.0540540540540541,"league-shrunk"
"668723","Ryan Vilade","second_to_third_on_out",6,6,2,0.333333333333333,0.333333333333333,0.477532255672549,0.477532255672549,0.456429974354615,0.441482525087745,0.146341463414634,"league-shrunk"
"668723","Ryan Vilade","single_first_to_third",8,8,3,0.375,0.375,0.344619833714905,0.344619833714905,0.350271957674923,0.353967577187242,0.186046511627907,"league-shrunk"
"668723","Ryan Vilade","single_second_scores",7,7,4,0.571428571428571,0.571428571428571,0.617619711761971,0.617619711761971,0.609921188373071,0.604686192468619,0.166666666666667,"league-shrunk"
"668723","Ryan Vilade","steal_second",44,3,2,0.0681818181818182,0.666666666666667,0.0647077913972589,0.881944444444444,0.0666426923911907,0.851190476190476,0.556962025316456,"player signal"
"668723","Ryan Vilade","steal_third",21,0,0,0,,0.0135036339397067,0.853503184713376,0.00843977121231669,0.853503184713376,0.375,"league-shrunk"
"668800","Andrew Knizner","first_to_second_on_out",1,1,0,0,0,0.249688314632211,0.249688314632211,0.24275252811465,0.236546824388411,0.0277777777777778,"league-shrunk"
"668800","Andrew Knizner","ground_ball_double_play",4,4,2,0.5,0.5,0.204819277108434,0.204819277108434,0.23509422304603,0.258488499452355,0.102564102564103,"league-shrunk"
"668800","Andrew Knizner","second_to_third_on_out",2,2,1,0.5,0.5,0.477532255672549,0.477532255672549,0.478746728338898,0.479779030105294,0.0540540540540541,"league-shrunk"
"668800","Andrew Knizner","single_first_to_third",1,1,0,0,0,0.344619833714905,0.344619833714905,0.335047060556158,0.32648194772991,0.0277777777777778,"league-shrunk"
"668800","Andrew Knizner","single_second_scores",2,2,0,0,0,0.617619711761971,0.617619711761971,0.58423486247754,0.555857740585774,0.0540540540540541,"league-shrunk"
"668800","Andrew Knizner","steal_second",7,0,0,0,,0.0647077913972589,0.881944444444444,0.0539231594977157,0.881944444444444,0.166666666666667,"league-shrunk"
"668800","Andrew Knizner","steal_third",7,0,0,0,,0.0135036339397067,0.853503184713376,0.0112530282830889,0.853503184713376,0.166666666666667,"league-shrunk"
"668804","Bryan Reynolds","double_first_scores",6,6,3,0.5,0.5,0.41339590443686,0.41339590443686,0.426069674519271,0.435046928327645,0.146341463414634,"league-shrunk"
"668804","Bryan Reynolds","first_to_second_on_out",23,23,4,0.173913043478261,0.173913043478261,0.249688314632211,0.249688314632211,0.219639500209093,0.20718023569219,0.396551724137931,"league-shrunk"
"668804","Bryan Reynolds","ground_ball_double_play",53,53,17,0.320754716981132,0.320754716981132,0.204819277108434,0.204819277108434,0.274644030668127,0.291362633633124,0.602272727272727,"player signal"
"668804","Bryan Reynolds","sac_fly_scores",9,9,7,0.777777777777778,0.777777777777778,0.593270173146031,0.593270173146031,0.631010365002524,0.65477270802328,0.204545454545455,"league-shrunk"
"668804","Bryan Reynolds","second_to_third_on_out",23,23,12,0.521739130434783,0.521739130434783,0.477532255672549,0.477532255672549,0.495062568078263,0.502331234197705,0.396551724137931,"league-shrunk"
"668804","Bryan Reynolds","single_first_to_third",37,37,11,0.297297297297297,0.297297297297297,0.344619833714905,0.344619833714905,0.320301308055857,0.312784672852151,0.513888888888889,"player signal"
"668804","Bryan Reynolds","single_second_scores",24,24,17,0.708333333333333,0.708333333333333,0.617619711761971,0.617619711761971,0.65452016799439,0.669456066945607,0.406779661016949,"league-shrunk"
"668804","Bryan Reynolds","steal_second",173,5,5,0.0289017341040462,1,0.0647077913972589,0.881944444444444,0.0349267918216541,0.907608695652174,0.831730769230769,"player signal"
"668804","Bryan Reynolds","steal_third",109,0,0,0,,0.0135036339397067,0.853503184713376,0.00328213324923427,0.853503184713376,0.756944444444444,"player signal"
"668885","Austin Martin","double_first_scores",8,8,2,0.25,0.25,0.41339590443686,0.41339590443686,0.382996666402095,0.363120241533211,0.186046511627907,"league-shrunk"
"668885","Austin Martin","first_to_second_on_out",25,25,7,0.28,0.28,0.249688314632211,0.249688314632211,0.262318183535457,0.267311387520461,0.416666666666667,"player signal"
"668885","Austin Martin","ground_ball_double_play",36,36,7,0.194444444444444,0.194444444444444,0.204819277108434,0.204819277108434,0.19955879857458,0.197902721999108,0.507042253521127,"player signal"
"668885","Austin Martin","sac_fly_scores",9,9,4,0.444444444444444,0.444444444444444,0.593270173146031,0.593270173146031,0.562828546820706,0.543661596912169,0.204545454545455,"league-shrunk"
"668885","Austin Martin","second_to_third_on_out",20,20,6,0.3,0.3,0.477532255672549,0.477532255672549,0.412975071791622,0.384094226371208,0.363636363636364,"league-shrunk"
"668885","Austin Martin","single_first_to_third",16,16,5,0.3125,0.3125,0.344619833714905,0.344619833714905,0.33454302313768,0.329504617849068,0.313725490196078,"league-shrunk"
"668885","Austin Martin","single_second_scores",16,16,11,0.6875,0.6875,0.617619711761971,0.617619711761971,0.63954293944449,0.650504553285749,0.313725490196078,"league-shrunk"
"668885","Austin Martin","steal_second",97,15,12,0.154639175257732,0.8,0.0647077913972589,0.881944444444444,0.130793732567455,0.84469696969697,0.734848484848485,"player signal"
"668885","Austin Martin","steal_third",60,0,0,0,,0.0135036339397067,0.853503184713376,0.00497502303041826,0.853503184713376,0.631578947368421,"player signal"
"668901","Mark Vientos","double_first_scores",1,1,0,0,0,0.41339590443686,0.41339590443686,0.40191268486917,0.391638225255973,0.0277777777777778,"league-shrunk"
"668901","Mark Vientos","first_to_second_on_out",12,12,1,0.0833333333333333,0.0833333333333333,0.249688314632211,0.249688314632211,0.207214702385689,0.18314632211266,0.25531914893617,"league-shrunk"
"668901","Mark Vientos","ground_ball_double_play",22,22,4,0.181818181818182,0.181818181818182,0.204819277108434,0.204819277108434,0.195941661382372,0.192168674698795,0.385964912280702,"league-shrunk"
"668901","Mark Vientos","sac_fly_scores",3,3,3,1,1,0.593270173146031,0.593270173146031,0.625380422634502,0.651374434125169,0.0789473684210526,"league-shrunk"
"668901","Mark Vientos","second_to_third_on_out",7,7,1,0.142857142857143,0.142857142857143,0.477532255672549,0.477532255672549,0.421753070203315,0.383823224084235,0.166666666666667,"league-shrunk"
"668901","Mark Vientos","single_first_to_third",8,8,2,0.25,0.25,0.344619833714905,0.344619833714905,0.327016143721435,0.315506038725704,0.186046511627907,"league-shrunk"
"668901","Mark Vientos","single_second_scores",4,4,1,0.25,0.25,0.617619711761971,0.617619711761971,0.579915125940231,0.550779764168886,0.102564102564103,"league-shrunk"
"668901","Mark Vientos","steal_second",48,0,0,0,,0.0647077913972589,0.881944444444444,0.0272864180590851,0.881944444444444,0.578313253012048,"player signal"
"668901","Mark Vientos","steal_third",29,0,0,0,,0.0135036339397067,0.853503184713376,0.0073847998107771,0.853503184713376,0.453125,"player signal"
"668904","Royce Lewis","double_first_scores",3,3,1,0.333333333333333,0.333333333333333,0.41339590443686,0.41339590443686,0.407075175139213,0.401958394279213,0.0789473684210526,"league-shrunk"
"668904","Royce Lewis","first_to_second_on_out",17,17,4,0.235294117647059,0.235294117647059,0.249688314632211,0.249688314632211,0.244982519463988,0.242696847525137,0.326923076923077,"league-shrunk"
"668904","Royce Lewis","ground_ball_double_play",30,30,3,0.1,0.1,0.204819277108434,0.204819277108434,0.156441149212234,0.139307228915663,0.461538461538462,"player signal"
"668904","Royce Lewis","sac_fly_scores",3,3,2,0.666666666666667,0.666666666666667,0.593270173146031,0.593270173146031,0.599064633160818,0.603755386506121,0.0789473684210526,"league-shrunk"
"668904","Royce Lewis","second_to_third_on_out",23,23,14,0.608695652173913,0.608695652173913,0.477532255672549,0.477532255672549,0.529545326698952,0.551111722002583,0.396551724137931,"league-shrunk"
"668904","Royce Lewis","single_first_to_third",20,20,6,0.3,0.3,0.344619833714905,0.344619833714905,0.328394439636758,0.32113571070706,0.363636363636364,"league-shrunk"
"668904","Royce Lewis","single_second_scores",13,13,9,0.692307692307692,0.692307692307692,0.617619711761971,0.617619711761971,0.637847706493104,0.648940477797274,0.270833333333333,"league-shrunk"
"668904","Royce Lewis","steal_second",74,11,11,0.148648648648649,1,0.0647077913972589,0.881944444444444,0.121695162375267,0.926724137931034,0.678899082568807,"player signal"
"668904","Royce Lewis","steal_third",61,2,2,0.0327868852459016,1,0.0135036339397067,0.853503184713376,0.0257565332071847,0.868152866242038,0.635416666666667,"player signal"
"668930","Brice Turang","double_first_scores",8,8,2,0.25,0.25,0.41339590443686,0.41339590443686,0.382996666402095,0.363120241533211,0.186046511627907,"league-shrunk"
"668930","Brice Turang","first_to_second_on_out",34,34,9,0.264705882352941,0.264705882352941,0.249688314632211,0.249688314632211,0.257088275538078,0.259507493526535,0.492753623188406,"player signal"
"668930","Brice Turang","ground_ball_double_play",65,65,15,0.230769230769231,0.230769230769231,0.204819277108434,0.204819277108434,0.221686746987952,0.225141529975323,0.65,"player signal"
"668930","Brice Turang","sac_fly_scores",12,12,9,0.75,0.75,0.593270173146031,0.593270173146031,0.6332862991513,0.655962103887618,0.25531914893617,"league-shrunk"
"668930","Brice Turang","second_to_third_on_out",29,29,14,0.482758620689655,0.482758620689655,0.477532255672549,0.477532255672549,0.479900452320925,0.480757034087359,0.453125,"player signal"
"668930","Brice Turang","single_first_to_third",37,37,12,0.324324324324324,0.324324324324324,0.344619833714905,0.344619833714905,0.334190196944746,0.330966491033969,0.513888888888889,"player signal"
"668930","Brice Turang","single_second_scores",24,24,15,0.625,0.625,0.617619711761971,0.617619711761971,0.620621862909644,0.621837019326559,0.406779661016949,"league-shrunk"
"668930","Brice Turang","steal_second",153,15,12,0.0980392156862745,0.8,0.0647077913972589,0.881944444444444,0.0918338973345961,0.84469696969697,0.813829787234043,"player signal"
"668930","Brice Turang","steal_third",115,1,1,0.00869565217391304,1,0.0135036339397067,0.853503184713376,0.00981751458593156,0.861213543412672,0.766666666666667,"player signal"
"668939","Adley Rutschman","double_first_scores",3,3,3,1,1,0.41339590443686,0.41339590443686,0.459706754086582,0.497196489517309,0.0789473684210526,"league-shrunk"
"668939","Adley Rutschman","first_to_second_on_out",21,21,3,0.142857142857143,0.142857142857143,0.249688314632211,0.249688314632211,0.209626625216561,0.192163837522559,0.375,"league-shrunk"
"668939","Adley Rutschman","ground_ball_double_play",36,36,8,0.222222222222222,0.222222222222222,0.204819277108434,0.204819277108434,0.213643305616834,0.216421240517626,0.507042253521127,"player signal"
"668939","Adley Rutschman","sac_fly_scores",2,2,2,1,1,0.593270173146031,0.593270173146031,0.615255569192191,0.633943155831428,0.0540540540540541,"league-shrunk"
"668939","Adley Rutschman","second_to_third_on_out",8,8,5,0.625,0.625,0.477532255672549,0.477532255672549,0.504968115082308,0.522906946234842,0.186046511627907,"league-shrunk"
"668939","Adley Rutschman","single_first_to_third",17,17,7,0.411764705882353,0.411764705882353,0.344619833714905,0.344619833714905,0.366571041923494,0.377233057339094,0.326923076923077,"league-shrunk"
"668939","Adley Rutschman","single_second_scores",8,8,2,0.25,0.25,0.617619711761971,0.617619711761971,0.549225346783,0.504505954296749,0.186046511627907,"league-shrunk"
"668939","Adley Rutschman","steal_second",84,0,0,0,,0.0647077913972589,0.881944444444444,0.019031703352135,0.881944444444444,0.705882352941177,"player signal"
"668939","Adley Rutschman","steal_third",49,0,0,0,,0.0135036339397067,0.853503184713376,0.00562651414154446,0.853503184713376,0.583333333333333,"player signal"
"668942","Josh Rojas","double_first_scores",2,2,2,1,1,0.41339590443686,0.41339590443686,0.44510423392676,0.472056313993174,0.0540540540540541,"league-shrunk"
"668942","Josh Rojas","first_to_second_on_out",4,4,0,0,0,0.249688314632211,0.249688314632211,0.224079256721215,0.204290439244536,0.102564102564103,"league-shrunk"
"668942","Josh Rojas","ground_ball_double_play",10,10,3,0.3,0.3,0.204819277108434,0.204819277108434,0.225970548862115,0.23881239242685,0.222222222222222,"league-shrunk"
"668942","Josh Rojas","second_to_third_on_out",8,8,4,0.5,0.5,0.477532255672549,0.477532255672549,0.481712301128819,0.484445407773303,0.186046511627907,"league-shrunk"
"668942","Josh Rojas","single_first_to_third",3,3,2,0.666666666666667,0.666666666666667,0.344619833714905,0.344619833714905,0.370044583684781,0.390626524136586,0.0789473684210526,"league-shrunk"
"668942","Josh Rojas","single_second_scores",1,1,1,1,1,0.617619711761971,0.617619711761971,0.62824138643525,0.637744990090289,0.0277777777777778,"league-shrunk"
"668942","Josh Rojas","steal_second",24,0,0,0,,0.0647077913972589,0.881944444444444,0.0383859779475265,0.881944444444444,0.406779661016949,"league-shrunk"
"668942","Josh Rojas","steal_third",14,0,0,0,,0.0135036339397067,0.853503184713376,0.00964545281407622,0.853503184713376,0.285714285714286,"league-shrunk"
"668952","Ryan Kreidler","double_first_scores",4,4,1,0.25,0.25,0.41339590443686,0.41339590443686,0.396637350135644,0.383687558175613,0.102564102564103,"league-shrunk"
"668952","Ryan Kreidler","first_to_second_on_out",9,9,1,0.111111111111111,0.111111111111111,0.249688314632211,0.249688314632211,0.22134297754835,0.203495913458511,0.204545454545455,"league-shrunk"
"668952","Ryan Kreidler","ground_ball_double_play",15,15,4,0.266666666666667,0.266666666666667,0.204819277108434,0.204819277108434,0.223373493975904,0.232931726907631,0.3,"league-shrunk"
"668952","Ryan Kreidler","sac_fly_scores",8,8,3,0.375,0.375,0.593270173146031,0.593270173146031,0.552661768839792,0.526110119870329,0.186046511627907,"league-shrunk"
"668952","Ryan Kreidler","second_to_third_on_out",9,9,3,0.333333333333333,0.333333333333333,0.477532255672549,0.477532255672549,0.44803702155771,0.429465948226144,0.204545454545455,"league-shrunk"
"668952","Ryan Kreidler","single_first_to_third",16,16,6,0.375,0.375,0.344619833714905,0.344619833714905,0.354150866274935,0.35891638255495,0.313725490196078,"league-shrunk"
"668952","Ryan Kreidler","single_second_scores",3,3,1,0.333333333333333,0.333333333333333,0.617619711761971,0.617619711761971,0.595176050307079,0.577007371986451,0.0789473684210526,"league-shrunk"
"668952","Ryan Kreidler","steal_second",43,3,1,0.0697674418604651,0.333333333333333,0.0647077913972589,0.881944444444444,0.0674970858833854,0.803571428571429,0.551282051282051,"player signal"
"668952","Ryan Kreidler","steal_third",21,3,3,0.142857142857143,1,0.0135036339397067,0.853503184713376,0.0620111997837453,0.874431301182894,0.375,"league-shrunk"
"669003","Garrett Mitchell","double_first_scores",7,7,2,0.285714285714286,0.285714285714286,0.41339590443686,0.41339590443686,0.392115634649764,0.377645051194539,0.166666666666667,"league-shrunk"
"669003","Garrett Mitchell","first_to_second_on_out",22,22,12,0.545454545454545,0.545454545454545,0.249688314632211,0.249688314632211,0.363843701967147,0.412359741584495,0.385964912280702,"league-shrunk"
"669003","Garrett Mitchell","ground_ball_double_play",41,41,7,0.170731707317073,0.170731707317073,0.204819277108434,0.204819277108434,0.186429930247305,0.181131304880539,0.539473684210526,"player signal"
"669003","Garrett Mitchell","sac_fly_scores",14,14,9,0.642857142857143,0.642857142857143,0.593270173146031,0.593270173146031,0.607437878777777,0.614964472394642,0.285714285714286,"league-shrunk"
"669003","Garrett Mitchell","second_to_third_on_out",21,21,11,0.523809523809524,0.523809523809524,0.477532255672549,0.477532255672549,0.494886231223915,0.502450784669382,0.375,"league-shrunk"
"669003","Garrett Mitchell","single_first_to_third",29,29,10,0.344827586206897,0.344827586206897,0.344619833714905,0.344619833714905,0.344713971562839,0.34474802142273,0.453125,"player signal"
"669003","Garrett Mitchell","single_second_scores",22,22,12,0.545454545454545,0.545454545454545,0.617619711761971,0.617619711761971,0.589766489678403,0.577928870292887,0.385964912280702,"league-shrunk"
"669003","Garrett Mitchell","steal_second",102,15,12,0.147058823529412,0.8,0.0647077913972589,0.881944444444444,0.126020238678132,0.84469696969697,0.744525547445255,"player signal"
"669003","Garrett Mitchell","steal_third",75,0,0,0,,0.0135036339397067,0.853503184713376,0.00429661079899759,0.853503184713376,0.681818181818182,"player signal"
"669004","MJ Melendez","double_first_scores",1,1,0,0,0,0.41339590443686,0.41339590443686,0.40191268486917,0.391638225255973,0.0277777777777778,"league-shrunk"
"669004","MJ Melendez","first_to_second_on_out",2,2,0,0,0,0.249688314632211,0.249688314632211,0.236191648976416,0.22471948316899,0.0540540540540541,"league-shrunk"
"669004","MJ Melendez","ground_ball_double_play",5,5,3,0.6,0.6,0.204819277108434,0.204819277108434,0.254216867469879,0.290728129910948,0.125,"league-shrunk"
"669004","MJ Melendez","sac_fly_scores",3,3,2,0.666666666666667,0.666666666666667,0.593270173146031,0.593270173146031,0.599064633160818,0.603755386506121,0.0789473684210526,"league-shrunk"
"669004","MJ Melendez","second_to_third_on_out",6,6,1,0.166666666666667,0.166666666666667,0.477532255672549,0.477532255672549,0.432039730452176,0.399815858421079,0.146341463414634,"league-shrunk"
"669004","MJ Melendez","single_first_to_third",8,8,2,0.25,0.25,0.344619833714905,0.344619833714905,0.327016143721435,0.315506038725704,0.186046511627907,"league-shrunk"
"669004","MJ Melendez","single_second_scores",6,6,1,0.166666666666667,0.166666666666667,0.617619711761971,0.617619711761971,0.551626583211439,0.504881450488145,0.146341463414634,"league-shrunk"
"669004","MJ Melendez","steal_second",27,0,0,0,,0.0647077913972589,0.881944444444444,0.0365285919178074,0.881944444444444,0.435483870967742,"player signal"
"669004","MJ Melendez","steal_third",20,0,0,0,,0.0135036339397067,0.853503184713376,0.00859322159799518,0.853503184713376,0.363636363636364,"league-shrunk"
"669016","Brandon Marsh","double_first_scores",8,8,4,0.5,0.5,0.41339590443686,0.41339590443686,0.429508294309072,0.440043318456288,0.186046511627907,"league-shrunk"
"669016","Brandon Marsh","first_to_second_on_out",36,36,8,0.222222222222222,0.222222222222222,0.249688314632211,0.249688314632211,0.235761845241231,0.231377586358885,0.507042253521127,"player signal"
"669016","Brandon Marsh","ground_ball_double_play",56,56,13,0.232142857142857,0.232142857142857,0.204819277108434,0.204819277108434,0.221633787898848,0.225496580918268,0.615384615384615,"player signal"
"669016","Brandon Marsh","sac_fly_scores",7,7,6,0.857142857142857,0.857142857142857,0.593270173146031,0.593270173146031,0.637248953812169,0.667154524665142,0.166666666666667,"league-shrunk"
"669016","Brandon Marsh","second_to_third_on_out",24,24,11,0.458333333333333,0.458333333333333,0.477532255672549,0.477532255672549,0.469722524551512,0.466561442907283,0.406779661016949,"league-shrunk"
"669016","Brandon Marsh","single_first_to_third",28,28,10,0.357142857142857,0.357142857142857,0.344619833714905,0.344619833714905,0.350185621905106,0.352242543627572,0.444444444444444,"player signal"
"669016","Brandon Marsh","single_second_scores",9,9,3,0.333333333333333,0.333333333333333,0.617619711761971,0.617619711761971,0.559470225265204,0.522857585619092,0.204545454545455,"league-shrunk"
"669016","Brandon Marsh","steal_second",138,7,6,0.0507246376811594,0.857142857142857,0.0647077913972589,0.881944444444444,0.0535535994156304,0.875,0.797687861271676,"player signal"
"669016","Brandon Marsh","steal_third",68,0,0,0,,0.0135036339397067,0.853503184713376,0.00458861347465762,0.853503184713376,0.660194174757282,"player signal"
"669065","Kyle Stowers","double_first_scores",7,7,4,0.571428571428571,0.571428571428571,0.41339590443686,0.41339590443686,0.439734682268812,0.457645051194539,0.166666666666667,"league-shrunk"
"669065","Kyle Stowers","first_to_second_on_out",17,17,5,0.294117647058824,0.294117647058824,0.249688314632211,0.249688314632211,0.264213288694758,0.271268276096566,0.326923076923077,"league-shrunk"
"669065","Kyle Stowers","ground_ball_double_play",38,38,10,0.263157894736842,0.263157894736842,0.204819277108434,0.204819277108434,0.23518732464103,0.244406196213425,0.520547945205479,"player signal"
"669065","Kyle Stowers","sac_fly_scores",7,7,2,0.285714285714286,0.285714285714286,0.593270173146031,0.593270173146031,0.542010858574073,0.507154524665142,0.166666666666667,"league-shrunk"
"669065","Kyle Stowers","second_to_third_on_out",17,17,4,0.235294117647059,0.235294117647059,0.477532255672549,0.477532255672549,0.398339018241139,0.35987373148874,0.326923076923077,"league-shrunk"
"669065","Kyle Stowers","single_first_to_third",18,18,4,0.222222222222222,0.222222222222222,0.344619833714905,0.344619833714905,0.303050833585315,0.283421027968564,0.339622641509434,"league-shrunk"
"669065","Kyle Stowers","single_second_scores",7,7,3,0.428571428571429,0.428571428571429,0.617619711761971,0.617619711761971,0.586111664563547,0.564686192468619,0.166666666666667,"league-shrunk"
"669065","Kyle Stowers","steal_second",93,1,1,0.010752688172043,1,0.0647077913972589,0.881944444444444,0.025506036710188,0.888157894736842,0.7265625,"player signal"
"669065","Kyle Stowers","steal_third",64,0,0,0,,0.0135036339397067,0.853503184713376,0.00477401199888621,0.853503184713376,0.646464646464647,"player signal"
"669087","Sam Huff","ground_ball_double_play",2,2,0,0,0,0.204819277108434,0.204819277108434,0.193747964832302,0.18433734939759,0.0540540540540541,"league-shrunk"
"669087","Sam Huff","sac_fly_scores",1,1,0,0,0,0.593270173146031,0.593270173146031,0.576790446114197,0.562045427190976,0.0277777777777778,"league-shrunk"
"669087","Sam Huff","second_to_third_on_out",2,2,0,0,0,0.477532255672549,0.477532255672549,0.451719701311871,0.429779030105294,0.0540540540540541,"league-shrunk"
"669087","Sam Huff","single_first_to_third",2,2,0,0,0,0.344619833714905,0.344619833714905,0.325991734595181,0.310157850343415,0.0540540540540541,"league-shrunk"
"669087","Sam Huff","single_second_scores",1,1,0,0,0,0.617619711761971,0.617619711761971,0.600463608657472,0.58511341114292,0.0277777777777778,"league-shrunk"
"669087","Sam Huff","steal_second",1,0,0,0,,0.0647077913972589,0.881944444444444,0.062910352747335,0.881944444444444,0.0277777777777778,"league-shrunk"
"669087","Sam Huff","steal_third",6,0,0,0,,0.0135036339397067,0.853503184713376,0.0115274923875545,0.853503184713376,0.146341463414634,"league-shrunk"
"669127","Shea Langeliers","double_first_scores",4,4,2,0.5,0.5,0.41339590443686,0.41339590443686,0.422278375776669,0.429142103630158,0.102564102564103,"league-shrunk"
"669127","Shea Langeliers","first_to_second_on_out",16,16,2,0.125,0.125,0.249688314632211,0.249688314632211,0.210570412002498,0.191011460687641,0.313725490196078,"league-shrunk"
"669127","Shea Langeliers","ground_ball_double_play",31,31,8,0.258064516129032,0.258064516129032,0.204819277108434,0.204819277108434,0.2298284045272,0.238505040570445,0.46969696969697,"player signal"
"669127","Shea Langeliers","sac_fly_scores",2,2,0,0,0,0.593270173146031,0.593270173146031,0.561201515138137,0.533943155831428,0.0540540540540541,"league-shrunk"
"669127","Shea Langeliers","second_to_third_on_out",16,16,4,0.25,0.25,0.477532255672549,0.477532255672549,0.406149587226259,0.370458253003114,0.313725490196078,"league-shrunk"
"669127","Shea Langeliers","single_first_to_third",17,17,7,0.411764705882353,0.411764705882353,0.344619833714905,0.344619833714905,0.366571041923494,0.377233057339094,0.326923076923077,"league-shrunk"
"669127","Shea Langeliers","single_second_scores",15,15,8,0.533333333333333,0.533333333333333,0.617619711761971,0.617619711761971,0.59233379823338,0.579307721567136,0.3,"league-shrunk"
"669127","Shea Langeliers","steal_second",88,1,1,0.0113636363636364,1,0.0647077913972589,0.881944444444444,0.0265428674707647,0.888157894736842,0.715447154471545,"player signal"
"669127","Shea Langeliers","steal_third",55,0,0,0,,0.0135036339397067,0.853503184713376,0.00525141319877483,0.853503184713376,0.611111111111111,"player signal"
"669134","Luis Campusano","double_first_scores",4,4,2,0.5,0.5,0.41339590443686,0.41339590443686,0.422278375776669,0.429142103630158,0.102564102564103,"league-shrunk"
"669134","Luis Campusano","first_to_second_on_out",8,8,3,0.375,0.375,0.249688314632211,0.249688314632211,0.273002116561102,0.288245756283839,0.186046511627907,"league-shrunk"
"669134","Luis Campusano","ground_ball_double_play",15,15,4,0.266666666666667,0.266666666666667,0.204819277108434,0.204819277108434,0.223373493975904,0.232931726907631,0.3,"league-shrunk"
"669134","Luis Campusano","sac_fly_scores",3,3,1,0.333333333333333,0.333333333333333,0.593270173146031,0.593270173146031,0.572748843687134,0.556136338887074,0.0789473684210526,"league-shrunk"
"669134","Luis Campusano","second_to_third_on_out",8,8,2,0.25,0.25,0.477532255672549,0.477532255672549,0.435200673221843,0.407522330850226,0.186046511627907,"league-shrunk"
"669134","Luis Campusano","single_first_to_third",13,13,3,0.230769230769231,0.230769230769231,0.344619833714905,0.344619833714905,0.313785295417119,0.296876032479622,0.270833333333333,"league-shrunk"
"669134","Luis Campusano","single_second_scores",6,6,2,0.333333333333333,0.333333333333333,0.617619711761971,0.617619711761971,0.576016827113878,0.546548117154812,0.146341463414634,"league-shrunk"
"669134","Luis Campusano","steal_second",56,0,0,0,,0.0647077913972589,0.881944444444444,0.0248876120758688,0.881944444444444,0.615384615384615,"player signal"
"669134","Luis Campusano","steal_third",31,0,0,0,,0.0135036339397067,0.853503184713376,0.00716101799832931,0.853503184713376,0.46969696969697,"player signal"
"669208","Ryan Bliss","first_to_second_on_out",1,1,0,0,0,0.249688314632211,0.249688314632211,0.24275252811465,0.236546824388411,0.0277777777777778,"league-shrunk"
"669208","Ryan Bliss","ground_ball_double_play",1,1,0,0,0,0.204819277108434,0.204819277108434,0.199129852744311,0.194039315155358,0.0277777777777778,"league-shrunk"
"669208","Ryan Bliss","steal_second",1,0,0,0,,0.0647077913972589,0.881944444444444,0.062910352747335,0.881944444444444,0.0277777777777778,"league-shrunk"
"669221","Sean Murphy","double_first_scores",2,2,0,0,0,0.41339590443686,0.41339590443686,0.391050179872706,0.372056313993174,0.0540540540540541,"league-shrunk"
"669221","Sean Murphy","first_to_second_on_out",4,4,1,0.25,0.25,0.249688314632211,0.249688314632211,0.249720282362241,0.249744984699082,0.102564102564103,"league-shrunk"
"669221","Sean Murphy","ground_ball_double_play",6,6,2,0.333333333333333,0.333333333333333,0.204819277108434,0.204819277108434,0.223626212165736,0.236947791164659,0.146341463414634,"league-shrunk"
"669221","Sean Murphy","sac_fly_scores",1,1,0,0,0,0.593270173146031,0.593270173146031,0.576790446114197,0.562045427190976,0.0277777777777778,"league-shrunk"
"669221","Sean Murphy","second_to_third_on_out",2,2,1,0.5,0.5,0.477532255672549,0.477532255672549,0.478746728338898,0.479779030105294,0.0540540540540541,"league-shrunk"
"669221","Sean Murphy","single_first_to_third",5,5,1,0.2,0.2,0.344619833714905,0.344619833714905,0.326542354500542,0.313180739429056,0.125,"league-shrunk"
"669221","Sean Murphy","single_second_scores",1,1,1,1,1,0.617619711761971,0.617619711761971,0.62824138643525,0.637744990090289,0.0277777777777778,"league-shrunk"
"669221","Sean Murphy","steal_second",16,0,0,0,,0.0647077913972589,0.881944444444444,0.0444073078216483,0.881944444444444,0.313725490196078,"league-shrunk"
"669221","Sean Murphy","steal_third",10,0,0,0,,0.0135036339397067,0.853503184713376,0.0105028263975497,0.853503184713376,0.222222222222222,"league-shrunk"
"669224","Austin Wells","double_first_scores",4,4,1,0.25,0.25,0.41339590443686,0.41339590443686,0.396637350135644,0.383687558175613,0.102564102564103,"league-shrunk"
"669224","Austin Wells","first_to_second_on_out",16,16,3,0.1875,0.1875,0.249688314632211,0.249688314632211,0.230178255139753,0.220423225393524,0.313725490196078,"league-shrunk"
"669224","Austin Wells","ground_ball_double_play",32,32,5,0.15625,0.15625,0.204819277108434,0.204819277108434,0.181622010429779,0.173734939759036,0.477611940298507,"player signal"
"669224","Austin Wells","sac_fly_scores",5,5,3,0.6,0.6,0.593270173146031,0.593270173146031,0.594111401502777,0.59473317898385,0.125,"league-shrunk"
"669224","Austin Wells","second_to_third_on_out",12,12,3,0.25,0.25,0.477532255672549,0.477532255672549,0.419438913798707,0.38651935340353,0.25531914893617,"league-shrunk"
"669224","Austin Wells","single_first_to_third",15,15,0,0,0,0.344619833714905,0.344619833714905,0.241233883600434,0.187974454753585,0.3,"league-shrunk"
"669224","Austin Wells","single_second_scores",8,8,7,0.875,0.875,0.617619711761971,0.617619711761971,0.665504416550442,0.696813646604442,0.186046511627907,"league-shrunk"
"669224","Austin Wells","steal_second",73,2,2,0.0273972602739726,1,0.0647077913972589,0.881944444444444,0.0394886361009635,0.89375,0.675925925925926,"player signal"
"669224","Austin Wells","steal_third",44,0,0,0,,0.0135036339397067,0.853503184713376,0.00598262263151563,0.853503184713376,0.556962025316456,"player signal"
"669236","Jeremiah Jackson","double_first_scores",2,2,0,0,0,0.41339590443686,0.41339590443686,0.391050179872706,0.372056313993174,0.0540540540540541,"league-shrunk"
"669236","Jeremiah Jackson","first_to_second_on_out",8,8,2,0.25,0.25,0.249688314632211,0.249688314632211,0.249746302607614,0.2497842178223,0.186046511627907,"league-shrunk"
"669236","Jeremiah Jackson","ground_ball_double_play",16,16,5,0.3125,0.3125,0.204819277108434,0.204819277108434,0.238601464682258,0.255492558469171,0.313725490196078,"league-shrunk"
"669236","Jeremiah Jackson","sac_fly_scores",5,5,2,0.4,0.4,0.593270173146031,0.593270173146031,0.569111401502777,0.551254918114285,0.125,"league-shrunk"
"669236","Jeremiah Jackson","second_to_third_on_out",10,10,4,0.4,0.4,0.477532255672549,0.477532255672549,0.460302865523094,0.449842164360925,0.222222222222222,"league-shrunk"
"669236","Jeremiah Jackson","single_first_to_third",8,8,4,0.5,0.5,0.344619833714905,0.344619833714905,0.373527771628411,0.392429115648781,0.186046511627907,"league-shrunk"
"669236","Jeremiah Jackson","single_second_scores",7,7,5,0.714285714285714,0.714285714285714,0.617619711761971,0.617619711761971,0.633730712182595,0.644686192468619,0.166666666666667,"league-shrunk"
"669236","Jeremiah Jackson","steal_second",46,2,2,0.0434782608695652,1,0.0647077913972589,0.881944444444444,0.0526515148012847,0.89375,0.567901234567901,"player signal"
"669236","Jeremiah Jackson","steal_third",35,0,0,0,,0.0135036339397067,0.853503184713376,0.00675181696985335,0.853503184713376,0.5,"player signal"
"669242","Tommy Edman","double_first_scores",9,9,4,0.444444444444444,0.444444444444444,0.41339590443686,0.41339590443686,0.419746742165684,0.423745417772722,0.204545454545455,"league-shrunk"
"669242","Tommy Edman","first_to_second_on_out",25,25,8,0.32,0.32,0.249688314632211,0.249688314632211,0.278984850202123,0.290567201473949,0.416666666666667,"player signal"
"669242","Tommy Edman","ground_ball_double_play",36,36,5,0.138888888888889,0.138888888888889,0.204819277108434,0.204819277108434,0.171389784490073,0.16086568496207,0.507042253521127,"player signal"
"669242","Tommy Edman","sac_fly_scores",5,5,4,0.8,0.8,0.593270173146031,0.593270173146031,0.619111401502777,0.638211439853415,0.125,"league-shrunk"
"669242","Tommy Edman","second_to_third_on_out",12,12,4,0.333333333333333,0.333333333333333,0.477532255672549,0.477532255672549,0.440715509543388,0.419852686736863,0.25531914893617,"league-shrunk"
"669242","Tommy Edman","single_first_to_third",15,15,5,0.333333333333333,0.333333333333333,0.344619833714905,0.344619833714905,0.341233883600434,0.339489606268736,0.3,"league-shrunk"
"669242","Tommy Edman","single_second_scores",8,8,6,0.75,0.75,0.617619711761971,0.617619711761971,0.642248602596953,0.658352108142903,0.186046511627907,"league-shrunk"
"669242","Tommy Edman","steal_second",91,5,5,0.0549450549450549,1,0.0647077913972589,0.881944444444444,0.0576569261817783,0.907608695652174,0.722222222222222,"player signal"
"669242","Tommy Edman","steal_third",58,1,1,0.0172413793103448,1,0.0135036339397067,0.853503184713376,0.0158347009450509,0.861213543412672,0.623655913978495,"player signal"
"669256","Nick Solak","first_to_second_on_out",1,1,0,0,0,0.249688314632211,0.249688314632211,0.24275252811465,0.236546824388411,0.0277777777777778,"league-shrunk"
"669256","Nick Solak","ground_ball_double_play",2,2,1,0.5,0.5,0.204819277108434,0.204819277108434,0.220774991859329,0.23433734939759,0.0540540540540541,"league-shrunk"
"669256","Nick Solak","steal_second",4,0,0,0,,0.0647077913972589,0.881944444444444,0.0580710948436939,0.881944444444444,0.102564102564103,"league-shrunk"
"669257","Will Smith","double_first_scores",2,2,0,0,0,0.41339590443686,0.41339590443686,0.391050179872706,0.372056313993174,0.0540540540540541,"league-shrunk"
"669257","Will Smith","first_to_second_on_out",14,14,3,0.214285714285714,0.214285714285714,0.249688314632211,0.249688314632211,0.239573285961784,0.234199676980619,0.285714285714286,"league-shrunk"
"669257","Will Smith","ground_ball_double_play",24,24,6,0.25,0.25,0.204819277108434,0.204819277108434,0.223197876250766,0.230636833046472,0.406779661016949,"league-shrunk"
"669257","Will Smith","sac_fly_scores",5,5,5,1,1,0.593270173146031,0.593270173146031,0.644111401502777,0.681689700722981,0.125,"league-shrunk"
"669257","Will Smith","second_to_third_on_out",8,8,3,0.375,0.375,0.477532255672549,0.477532255672549,0.458456487175331,0.445983869311765,0.186046511627907,"league-shrunk"
"669257","Will Smith","single_first_to_third",17,17,5,0.294117647058824,0.294117647058824,0.344619833714905,0.344619833714905,0.328109503461956,0.320090200196237,0.326923076923077,"league-shrunk"
"669257","Will Smith","single_second_scores",8,8,6,0.75,0.75,0.617619711761971,0.617619711761971,0.642248602596953,0.658352108142903,0.186046511627907,"league-shrunk"
"669257","Will Smith","steal_second",62,0,0,0,,0.0647077913972589,0.881944444444444,0.0233481721536501,0.881944444444444,0.639175257731959,"player signal"
"669257","Will Smith","steal_third",30,0,0,0,,0.0135036339397067,0.853503184713376,0.00727118750599592,0.853503184713376,0.461538461538462,"player signal"
"669288","Daniel Johnson","first_to_second_on_out",1,1,0,0,0,0.249688314632211,0.249688314632211,0.24275252811465,0.236546824388411,0.0277777777777778,"league-shrunk"
"669288","Daniel Johnson","ground_ball_double_play",2,2,1,0.5,0.5,0.204819277108434,0.204819277108434,0.220774991859329,0.23433734939759,0.0540540540540541,"league-shrunk"
"669288","Daniel Johnson","second_to_third_on_out",1,1,0,0,0,0.477532255672549,0.477532255672549,0.464267470792756,0.452398979058205,0.0277777777777778,"league-shrunk"
"669288","Daniel Johnson","single_first_to_third",1,1,0,0,0,0.344619833714905,0.344619833714905,0.335047060556158,0.32648194772991,0.0277777777777778,"league-shrunk"
"669288","Daniel Johnson","steal_second",8,0,0,0,,0.0647077913972589,0.881944444444444,0.0526691325326526,0.881944444444444,0.186046511627907,"league-shrunk"
"669289","Santiago Espinal","ground_ball_double_play",6,6,2,0.333333333333333,0.333333333333333,0.204819277108434,0.204819277108434,0.223626212165736,0.236947791164659,0.146341463414634,"league-shrunk"
"669289","Santiago Espinal","sac_fly_scores",1,1,1,1,1,0.593270173146031,0.593270173146031,0.604568223891974,0.614677006138345,0.0277777777777778,"league-shrunk"
"669289","Santiago Espinal","second_to_third_on_out",3,3,2,0.666666666666667,0.666666666666667,0.477532255672549,0.477532255672549,0.492463919698401,0.504551457243137,0.0789473684210526,"league-shrunk"
"669289","Santiago Espinal","single_first_to_third",1,1,1,1,1,0.344619833714905,0.344619833714905,0.362824838333936,0.379113526677279,0.0277777777777778,"league-shrunk"
"669289","Santiago Espinal","single_second_scores",1,1,0,0,0,0.617619711761971,0.617619711761971,0.600463608657472,0.58511341114292,0.0277777777777778,"league-shrunk"
"669289","Santiago Espinal","steal_second",8,0,0,0,,0.0647077913972589,0.881944444444444,0.0526691325326526,0.881944444444444,0.186046511627907,"league-shrunk"
"669289","Santiago Espinal","steal_third",6,0,0,0,,0.0135036339397067,0.853503184713376,0.0115274923875545,0.853503184713376,0.146341463414634,"league-shrunk"
"669326","Bryce Teodosio","first_to_second_on_out",1,1,1,1,1,0.249688314632211,0.249688314632211,0.270530305892428,0.289178403335779,0.0277777777777778,"league-shrunk"
"669326","Bryce Teodosio","ground_ball_double_play",3,3,1,0.333333333333333,0.333333333333333,0.204819277108434,0.204819277108434,0.214965123652505,0.223178427997705,0.0789473684210526,"league-shrunk"
"669326","Bryce Teodosio","sac_fly_scores",2,2,2,1,1,0.593270173146031,0.593270173146031,0.615255569192191,0.633943155831428,0.0540540540540541,"league-shrunk"
"669326","Bryce Teodosio","second_to_third_on_out",6,6,3,0.5,0.5,0.477532255672549,0.477532255672549,0.480820218257054,0.483149191754412,0.146341463414634,"league-shrunk"
"669326","Bryce Teodosio","single_first_to_third",3,3,0,0,0,0.344619833714905,0.344619833714905,0.317413004737413,0.29538842889849,0.0789473684210526,"league-shrunk"
"669326","Bryce Teodosio","single_second_scores",1,1,0,0,0,0.617619711761971,0.617619711761971,0.600463608657472,0.58511341114292,0.0277777777777778,"league-shrunk"
"669326","Bryce Teodosio","steal_second",8,4,4,0.5,1,0.0647077913972589,0.881944444444444,0.145692388346606,0.903409090909091,0.186046511627907,"league-shrunk"
"669326","Bryce Teodosio","steal_third",11,0,0,0,,0.0135036339397067,0.853503184713376,0.0102745040845594,0.853503184713376,0.239130434782609,"league-shrunk"
"669357","Nolan Gorman","double_first_scores",5,5,0,0,0,0.41339590443686,0.41339590443686,0.361721416382253,0.323527229559282,0.125,"league-shrunk"
"669357","Nolan Gorman","first_to_second_on_out",14,14,2,0.142857142857143,0.142857142857143,0.249688314632211,0.249688314632211,0.219165122696477,0.202949676980619,0.285714285714286,"league-shrunk"
"669357","Nolan Gorman","ground_ball_double_play",22,22,4,0.181818181818182,0.181818181818182,0.204819277108434,0.204819277108434,0.195941661382372,0.192168674698795,0.385964912280702,"league-shrunk"
"669357","Nolan Gorman","sac_fly_scores",4,4,1,0.25,0.25,0.593270173146031,0.593270173146031,0.558062975900284,0.530857414392207,0.102564102564103,"league-shrunk"
"669357","Nolan Gorman","second_to_third_on_out",12,12,7,0.583333333333333,0.583333333333333,0.477532255672549,0.477532255672549,0.50454529677743,0.519852686736863,0.25531914893617,"league-shrunk"
"669357","Nolan Gorman","single_first_to_third",12,12,5,0.416666666666667,0.416666666666667,0.344619833714905,0.344619833714905,0.363014769787696,0.37343856689561,0.25531914893617,"league-shrunk"
"669357","Nolan Gorman","single_second_scores",2,2,1,0.5,0.5,0.617619711761971,0.617619711761971,0.611261889504567,0.605857740585774,0.0540540540540541,"league-shrunk"
"669357","Nolan Gorman","steal_second",55,1,0,0.0181818181818182,0,0.0647077913972589,0.881944444444444,0.0362752522100451,0.835526315789474,0.611111111111111,"player signal"
"669357","Nolan Gorman","steal_third",27,0,0,0,,0.0135036339397067,0.853503184713376,0.00762301915951185,0.853503184713376,0.435483870967742,"player signal"
"669364","Xavier Edwards","double_first_scores",9,9,4,0.444444444444444,0.444444444444444,0.41339590443686,0.41339590443686,0.419746742165684,0.423745417772722,0.204545454545455,"league-shrunk"
"669364","Xavier Edwards","first_to_second_on_out",37,37,12,0.324324324324324,0.324324324324324,0.249688314632211,0.249688314632211,0.288042930723992,0.299897993879633,0.513888888888889,"player signal"
"669364","Xavier Edwards","ground_ball_double_play",66,66,15,0.227272727272727,0.227272727272727,0.204819277108434,0.204819277108434,0.219491828700942,0.222461273666093,0.653465346534653,"player signal"
"669364","Xavier Edwards","sac_fly_scores",12,12,7,0.583333333333333,0.583333333333333,0.593270173146031,0.593270173146031,0.590733107661938,0.589295437220952,0.25531914893617,"league-shrunk"
"669364","Xavier Edwards","second_to_third_on_out",20,20,7,0.35,0.35,0.477532255672549,0.477532255672549,0.43115688997344,0.410410015844892,0.363636363636364,"league-shrunk"
"669364","Xavier Edwards","single_first_to_third",33,33,15,0.454545454545455,0.454545454545455,0.344619833714905,0.344619833714905,0.397966090882672,0.415748176605261,0.485294117647059,"player signal"
"669364","Xavier Edwards","single_second_scores",13,13,8,0.615384615384615,0.615384615384615,0.617619711761971,0.617619711761971,0.617014373159771,0.616682413281144,0.270833333333333,"league-shrunk"
"669364","Xavier Edwards","steal_second",151,20,17,0.132450331125828,0.85,0.0647077913972589,0.881944444444444,0.119703079026366,0.865131578947368,0.811827956989247,"player signal"
"669364","Xavier Edwards","steal_third",79,0,0,0,,0.0135036339397067,0.853503184713376,0.00414585252534855,0.853503184713376,0.692982456140351,"player signal"
"669369","Bryce Johnson","first_to_second_on_out",3,3,1,0.333333333333333,0.333333333333333,0.249688314632211,0.249688314632211,0.256291868740195,0.261637603018086,0.0789473684210526,"league-shrunk"
"669369","Bryce Johnson","ground_ball_double_play",5,5,1,0.2,0.2,0.204819277108434,0.204819277108434,0.204216867469879,0.203771608171818,0.125,"league-shrunk"
"669369","Bryce Johnson","sac_fly_scores",5,5,1,0.2,0.2,0.593270173146031,0.593270173146031,0.544111401502777,0.50777665724472,0.125,"league-shrunk"
"669369","Bryce Johnson","second_to_third_on_out",2,2,2,1,1,0.477532255672549,0.477532255672549,0.505773755365925,0.529779030105294,0.0540540540540541,"league-shrunk"
"669369","Bryce Johnson","single_first_to_third",3,3,2,0.666666666666667,0.666666666666667,0.344619833714905,0.344619833714905,0.370044583684781,0.390626524136586,0.0789473684210526,"league-shrunk"
"669369","Bryce Johnson","steal_second",12,4,4,0.333333333333333,1,0.0647077913972589,0.881944444444444,0.133293036146895,0.903409090909091,0.25531914893617,"league-shrunk"
"669369","Bryce Johnson","steal_third",4,0,0,0,,0.0135036339397067,0.853503184713376,0.0121186458433265,0.853503184713376,0.102564102564103,"league-shrunk"
"669384","Raynel Delgado","first_to_second_on_out",5,5,4,0.8,0.8,0.249688314632211,0.249688314632211,0.318477275303185,0.369321289712165,0.125,"league-shrunk"
"669384","Raynel Delgado","ground_ball_double_play",6,6,1,0.166666666666667,0.166666666666667,0.204819277108434,0.204819277108434,0.199235968263297,0.195281124497992,0.146341463414634,"league-shrunk"
"669384","Raynel Delgado","second_to_third_on_out",3,3,3,1,1,0.477532255672549,0.477532255672549,0.518779709172085,0.552170504862185,0.0789473684210526,"league-shrunk"
"669384","Raynel Delgado","single_first_to_third",1,1,1,1,1,0.344619833714905,0.344619833714905,0.362824838333936,0.379113526677279,0.0277777777777778,"league-shrunk"
"669384","Raynel Delgado","steal_second",10,0,0,0,,0.0647077913972589,0.881944444444444,0.050328282197868,0.881944444444444,0.222222222222222,"league-shrunk"
"669384","Raynel Delgado","steal_third",5,0,0,0,,0.0135036339397067,0.853503184713376,0.0118156796972434,0.853503184713376,0.125,"league-shrunk"
"669392","Samad Taylor","double_first_scores",1,1,1,1,1,0.41339590443686,0.41339590443686,0.429690462646947,0.444269804203341,0.0277777777777778,"league-shrunk"
"669392","Samad Taylor","first_to_second_on_out",12,12,4,0.333333333333333,0.333333333333333,0.249688314632211,0.249688314632211,0.271044489619732,0.28314632211266,0.25531914893617,"league-shrunk"
"669392","Samad Taylor","ground_ball_double_play",18,18,2,0.111111111111111,0.111111111111111,0.204819277108434,0.204819277108434,0.172993862241418,0.157965194109772,0.339622641509434,"league-shrunk"
"669392","Samad Taylor","sac_fly_scores",4,4,3,0.75,0.75,0.593270173146031,0.593270173146031,0.609345027182335,0.621766505301298,0.102564102564103,"league-shrunk"
"669392","Samad Taylor","second_to_third_on_out",8,8,4,0.5,0.5,0.477532255672549,0.477532255672549,0.481712301128819,0.484445407773303,0.186046511627907,"league-shrunk"
"669392","Samad Taylor","single_first_to_third",8,8,6,0.75,0.75,0.344619833714905,0.344619833714905,0.420039399535388,0.469352192571858,0.186046511627907,"league-shrunk"
"669392","Samad Taylor","single_second_scores",2,2,2,1,1,0.617619711761971,0.617619711761971,0.638288916531594,0.655857740585774,0.0540540540540541,"league-shrunk"
"669392","Samad Taylor","steal_second",41,7,7,0.170731707317073,1,0.0647077913972589,0.881944444444444,0.121904903932948,0.915,0.539473684210526,"player signal"
"669392","Samad Taylor","steal_third",17,0,0,0,,0.0135036339397067,0.853503184713376,0.0090889843824949,0.853503184713376,0.326923076923077,"league-shrunk"
"669394","Jake Burger","double_first_scores",1,1,0,0,0,0.41339590443686,0.41339590443686,0.40191268486917,0.391638225255973,0.0277777777777778,"league-shrunk"
"669394","Jake Burger","first_to_second_on_out",31,31,10,0.32258064516129,0.32258064516129,0.249688314632211,0.249688314632211,0.28392562139587,0.29580387068122,0.46969696969697,"player signal"
"669394","Jake Burger","ground_ball_double_play",57,57,10,0.175438596491228,0.175438596491228,0.204819277108434,0.204819277108434,0.18661602933473,0.182489959839357,0.619565217391304,"player signal"
"669394","Jake Burger","sac_fly_scores",5,5,4,0.8,0.8,0.593270173146031,0.593270173146031,0.619111401502777,0.638211439853415,0.125,"league-shrunk"
"669394","Jake Burger","second_to_third_on_out",20,20,12,0.6,0.6,0.477532255672549,0.477532255672549,0.522065980882531,0.541988963213313,0.363636363636364,"league-shrunk"
"669394","Jake Burger","single_first_to_third",25,25,6,0.24,0.24,0.344619833714905,0.344619833714905,0.301028236333695,0.283794348996937,0.416666666666667,"player signal"
"669394","Jake Burger","single_second_scores",14,14,8,0.571428571428571,0.571428571428571,0.617619711761971,0.617619711761971,0.604422243095286,0.597411087866109,0.285714285714286,"league-shrunk"
"669394","Jake Burger","steal_second",115,4,4,0.0347826086956522,1,0.0647077913972589,0.881944444444444,0.0417651513260271,0.903409090909091,0.766666666666667,"player signal"
"669394","Jake Burger","steal_third",63,0,0,0,,0.0135036339397067,0.853503184713376,0.00482272640703811,0.853503184713376,0.642857142857143,"player signal"
"669397","Nick Allen","double_first_scores",4,4,1,0.25,0.25,0.41339590443686,0.41339590443686,0.396637350135644,0.383687558175613,0.102564102564103,"league-shrunk"
"669397","Nick Allen","first_to_second_on_out",6,6,3,0.5,0.5,0.249688314632211,0.249688314632211,0.286319292978717,0.312266235974158,0.146341463414634,"league-shrunk"
"669397","Nick Allen","ground_ball_double_play",14,14,6,0.428571428571429,0.428571428571429,0.204819277108434,0.204819277108434,0.268748463240718,0.302710843373494,0.285714285714286,"league-shrunk"
"669397","Nick Allen","sac_fly_scores",7,7,2,0.285714285714286,0.285714285714286,0.593270173146031,0.593270173146031,0.542010858574073,0.507154524665142,0.166666666666667,"league-shrunk"
"669397","Nick Allen","second_to_third_on_out",7,7,2,0.285714285714286,0.285714285714286,0.477532255672549,0.477532255672549,0.445562594012839,0.423823224084235,0.166666666666667,"league-shrunk"
"669397","Nick Allen","single_first_to_third",12,12,7,0.583333333333333,0.583333333333333,0.344619833714905,0.344619833714905,0.405567961277057,0.440105233562277,0.25531914893617,"league-shrunk"
"669397","Nick Allen","single_second_scores",6,6,5,0.833333333333333,0.833333333333333,0.617619711761971,0.617619711761971,0.649187558821195,0.671548117154812,0.146341463414634,"league-shrunk"
"669397","Nick Allen","steal_second",41,1,1,0.024390243902439,1,0.0647077913972589,0.881944444444444,0.0429575355118955,0.888157894736842,0.539473684210526,"player signal"
"669397","Nick Allen","steal_third",34,0,0,0,,0.0135036339397067,0.853503184713376,0.0068496693897063,0.853503184713376,0.492753623188406,"player signal"
"669398","Gage Workman","first_to_second_on_out",3,3,0,0,0,0.249688314632211,0.249688314632211,0.22997607926651,0.214018555399038,0.0789473684210526,"league-shrunk"
"669398","Gage Workman","ground_ball_double_play",3,3,0,0,0,0.204819277108434,0.204819277108434,0.188649334178821,0.175559380378657,0.0789473684210526,"league-shrunk"
"669398","Gage Workman","second_to_third_on_out",3,3,0,0,0,0.477532255672549,0.477532255672549,0.439832340751032,0.409313362005042,0.0789473684210526,"league-shrunk"
"669398","Gage Workman","single_second_scores",1,1,0,0,0,0.617619711761971,0.617619711761971,0.600463608657472,0.58511341114292,0.0277777777777778,"league-shrunk"
"669398","Gage Workman","steal_second",5,0,0,0,,0.0647077913972589,0.881944444444444,0.0566193174726015,0.881944444444444,0.125,"league-shrunk"
"669398","Gage Workman","steal_third",7,0,0,0,,0.0135036339397067,0.853503184713376,0.0112530282830889,0.853503184713376,0.166666666666667,"league-shrunk"
"669477","Casey Schmitt","double_first_scores",5,5,2,0.4,0.4,0.41339590443686,0.41339590443686,0.411721416382253,0.410483751298412,0.125,"league-shrunk"
"669477","Casey Schmitt","first_to_second_on_out",19,19,6,0.315789473684211,0.315789473684211,0.249688314632211,0.249688314632211,0.272946129854211,0.283632153064319,0.351851851851852,"league-shrunk"
"669477","Casey Schmitt","ground_ball_double_play",32,32,6,0.1875,0.1875,0.204819277108434,0.204819277108434,0.196547383564107,0.193734939759036,0.477611940298507,"player signal"
"669477","Casey Schmitt","sac_fly_scores",6,6,3,0.5,0.5,0.593270173146031,0.593270173146031,0.579620879514904,0.569952629859523,0.146341463414634,"league-shrunk"
"669477","Casey Schmitt","second_to_third_on_out",16,16,6,0.375,0.375,0.477532255672549,0.477532255672549,0.445365273500769,0.429281782414879,0.313725490196078,"league-shrunk"
"669477","Casey Schmitt","single_first_to_third",20,20,8,0.4,0.4,0.344619833714905,0.344619833714905,0.364758076000394,0.373767289654429,0.363636363636364,"league-shrunk"
"669477","Casey Schmitt","single_second_scores",8,8,3,0.375,0.375,0.617619711761971,0.617619711761971,0.572481160736488,0.542967492758288,0.186046511627907,"league-shrunk"
"669477","Casey Schmitt","steal_second",67,8,8,0.119402985074627,1,0.0647077913972589,0.881944444444444,0.100635026459844,0.918269230769231,0.656862745098039,"player signal"
"669477","Casey Schmitt","steal_third",44,0,0,0,,0.0135036339397067,0.853503184713376,0.00598262263151563,0.853503184713376,0.556962025316456,"player signal"
"669699","Braden Shewmake","double_first_scores",1,1,0,0,0,0.41339590443686,0.41339590443686,0.40191268486917,0.391638225255973,0.0277777777777778,"league-shrunk"
"669699","Braden Shewmake","first_to_second_on_out",3,3,1,0.333333333333333,0.333333333333333,0.249688314632211,0.249688314632211,0.256291868740195,0.261637603018086,0.0789473684210526,"league-shrunk"
"669699","Braden Shewmake","ground_ball_double_play",5,5,2,0.4,0.4,0.204819277108434,0.204819277108434,0.229216867469879,0.247249869041383,0.125,"league-shrunk"
"669699","Braden Shewmake","sac_fly_scores",4,4,1,0.25,0.25,0.593270173146031,0.593270173146031,0.558062975900284,0.530857414392207,0.102564102564103,"league-shrunk"
"669699","Braden Shewmake","second_to_third_on_out",6,6,3,0.5,0.5,0.477532255672549,0.477532255672549,0.480820218257054,0.483149191754412,0.146341463414634,"league-shrunk"
"669699","Braden Shewmake","single_first_to_third",5,5,0,0,0,0.344619833714905,0.344619833714905,0.301542354500542,0.269702478559491,0.125,"league-shrunk"
"669699","Braden Shewmake","single_second_scores",1,1,0,0,0,0.617619711761971,0.617619711761971,0.600463608657472,0.58511341114292,0.0277777777777778,"league-shrunk"
"669699","Braden Shewmake","steal_second",16,0,0,0,,0.0647077913972589,0.881944444444444,0.0444073078216483,0.881944444444444,0.313725490196078,"league-shrunk"
"669699","Braden Shewmake","steal_third",16,1,1,0.0625,1,0.0135036339397067,0.853503184713376,0.0288750428997987,0.861213543412672,0.313725490196078,"league-shrunk"
"669701","Josh Smith","double_first_scores",3,3,3,1,1,0.41339590443686,0.41339590443686,0.459706754086582,0.497196489517309,0.0789473684210526,"league-shrunk"
"669701","Josh Smith","first_to_second_on_out",10,10,1,0.1,0.1,0.249688314632211,0.249688314632211,0.216424244713942,0.196228202263564,0.222222222222222,"league-shrunk"
"669701","Josh Smith","ground_ball_double_play",19,19,4,0.210526315789474,0.210526315789474,0.204819277108434,0.204819277108434,0.206827309236948,0.207749918593292,0.351851851851852,"league-shrunk"
"669701","Josh Smith","sac_fly_scores",2,2,1,0.5,0.5,0.593270173146031,0.593270173146031,0.588228542165164,0.583943155831428,0.0540540540540541,"league-shrunk"
"669701","Josh Smith","second_to_third_on_out",7,7,4,0.571428571428571,0.571428571428571,0.477532255672549,0.477532255672549,0.493181641631886,0.503823224084236,0.166666666666667,"league-shrunk"
"669701","Josh Smith","single_first_to_third",8,8,4,0.5,0.5,0.344619833714905,0.344619833714905,0.373527771628411,0.392429115648781,0.186046511627907,"league-shrunk"
"669701","Josh Smith","single_second_scores",3,3,2,0.666666666666667,0.666666666666667,0.617619711761971,0.617619711761971,0.621491839780763,0.624626419605499,0.0789473684210526,"league-shrunk"
"669701","Josh Smith","steal_second",47,5,4,0.106382978723404,0.8,0.0647077913972589,0.881944444444444,0.0885947890110251,0.864130434782609,0.573170731707317,"player signal"
"669701","Josh Smith","steal_third",22,0,0,0,,0.0135036339397067,0.853503184713376,0.0082917050506971,0.853503184713376,0.385964912280702,"league-shrunk"
"669707","Jared Triolo","double_first_scores",5,5,1,0.2,0.2,0.41339590443686,0.41339590443686,0.386721416382253,0.367005490428847,0.125,"league-shrunk"
"669707","Jared Triolo","first_to_second_on_out",22,22,4,0.181818181818182,0.181818181818182,0.249688314632211,0.249688314632211,0.223492824774165,0.212359741584495,0.385964912280702,"league-shrunk"
"669707","Jared Triolo","ground_ball_double_play",42,42,10,0.238095238095238,0.238095238095238,0.204819277108434,0.204819277108434,0.222969801283054,0.228112449799197,0.545454545454545,"player signal"
"669707","Jared Triolo","sac_fly_scores",5,5,4,0.8,0.8,0.593270173146031,0.593270173146031,0.619111401502777,0.638211439853415,0.125,"league-shrunk"
"669707","Jared Triolo","second_to_third_on_out",12,12,5,0.416666666666667,0.416666666666667,0.477532255672549,0.477532255672549,0.461992105288069,0.453186020070196,0.25531914893617,"league-shrunk"
"669707","Jared Triolo","single_first_to_third",16,16,7,0.4375,0.4375,0.344619833714905,0.344619833714905,0.37375870941219,0.388328147260832,0.313725490196078,"league-shrunk"
"669707","Jared Triolo","single_second_scores",7,7,5,0.714285714285714,0.714285714285714,0.617619711761971,0.617619711761971,0.633730712182595,0.644686192468619,0.166666666666667,"league-shrunk"
"669707","Jared Triolo","steal_second",91,9,9,0.0989010989010989,1,0.0647077913972589,0.881944444444444,0.08940295792781,0.921296296296296,0.722222222222222,"player signal"
"669707","Jared Triolo","steal_third",37,1,1,0.027027027027027,1,0.0135036339397067,0.853503184713376,0.0204531553873574,0.861213543412672,0.513888888888889,"player signal"
"669717","Will Wilson","second_to_third_on_out",1,1,1,1,1,0.477532255672549,0.477532255672549,0.492045248570534,0.505030558005573,0.0277777777777778,"league-shrunk"
"669717","Will Wilson","single_first_to_third",1,1,0,0,0,0.344619833714905,0.344619833714905,0.335047060556158,0.32648194772991,0.0277777777777778,"league-shrunk"
"669720","Austin Hays","double_first_scores",1,1,1,1,1,0.41339590443686,0.41339590443686,0.429690462646947,0.444269804203341,0.0277777777777778,"league-shrunk"
"669720","Austin Hays","first_to_second_on_out",4,4,0,0,0,0.249688314632211,0.249688314632211,0.224079256721215,0.204290439244536,0.102564102564103,"league-shrunk"
"669720","Austin Hays","ground_ball_double_play",7,7,1,0.142857142857143,0.142857142857143,0.204819277108434,0.204819277108434,0.194492254733219,0.187469879518072,0.166666666666667,"league-shrunk"
"669720","Austin Hays","sac_fly_scores",2,2,1,0.5,0.5,0.593270173146031,0.593270173146031,0.588228542165164,0.583943155831428,0.0540540540540541,"league-shrunk"
"669720","Austin Hays","second_to_third_on_out",4,4,2,0.5,0.5,0.477532255672549,0.477532255672549,0.479836639706134,0.481617300095722,0.102564102564103,"league-shrunk"
"669720","Austin Hays","single_first_to_third",5,5,2,0.4,0.4,0.344619833714905,0.344619833714905,0.351542354500542,0.356659000298622,0.125,"league-shrunk"
"669720","Austin Hays","single_second_scores",2,2,2,1,1,0.617619711761971,0.617619711761971,0.638288916531594,0.655857740585774,0.0540540540540541,"league-shrunk"
"669720","Austin Hays","steal_second",16,0,0,0,,0.0647077913972589,0.881944444444444,0.0444073078216483,0.881944444444444,0.313725490196078,"league-shrunk"
"669720","Austin Hays","steal_third",13,0,0,0,,0.0135036339397067,0.853503184713376,0.0098463997477028,0.853503184713376,0.270833333333333,"league-shrunk"
"669743","Alex Call","double_first_scores",2,2,0,0,0,0.41339590443686,0.41339590443686,0.391050179872706,0.372056313993174,0.0540540540540541,"league-shrunk"
"669743","Alex Call","first_to_second_on_out",10,10,1,0.1,0.1,0.249688314632211,0.249688314632211,0.216424244713942,0.196228202263564,0.222222222222222,"league-shrunk"
"669743","Alex Call","ground_ball_double_play",20,20,4,0.2,0.2,0.204819277108434,0.204819277108434,0.203066812705367,0.202282815472416,0.363636363636364,"league-shrunk"
"669743","Alex Call","sac_fly_scores",6,6,5,0.833333333333333,0.833333333333333,0.593270173146031,0.593270173146031,0.628401367319782,0.653285963192856,0.146341463414634,"league-shrunk"
"669743","Alex Call","second_to_third_on_out",11,11,6,0.545454545454545,0.545454545454545,0.477532255672549,0.477532255672549,0.493774542359548,0.503295882831237,0.239130434782609,"league-shrunk"
"669743","Alex Call","single_first_to_third",13,13,5,0.384615384615385,0.384615384615385,0.344619833714905,0.344619833714905,0.355451962083785,0.361392161511881,0.270833333333333,"league-shrunk"
"669743","Alex Call","single_second_scores",5,5,5,1,1,0.617619711761971,0.617619711761971,0.665417247791725,0.700745861378934,0.125,"league-shrunk"
"669743","Alex Call","steal_second",51,1,1,0.0196078431372549,1,0.0647077913972589,0.881944444444444,0.0379624732430705,0.888157894736842,0.593023255813954,"player signal"
"669743","Alex Call","steal_third",37,0,0,0,,0.0135036339397067,0.853503184713376,0.00656426649846854,0.853503184713376,0.513888888888889,"player signal"
"669899","Ryan Ward","double_first_scores",1,1,1,1,1,0.41339590443686,0.41339590443686,0.429690462646947,0.444269804203341,0.0277777777777778,"league-shrunk"
"669899","Ryan Ward","first_to_second_on_out",1,1,1,1,1,0.249688314632211,0.249688314632211,0.270530305892428,0.289178403335779,0.0277777777777778,"league-shrunk"
"669899","Ryan Ward","ground_ball_double_play",3,3,0,0,0,0.204819277108434,0.204819277108434,0.188649334178821,0.175559380378657,0.0789473684210526,"league-shrunk"
"669899","Ryan Ward","sac_fly_scores",1,1,1,1,1,0.593270173146031,0.593270173146031,0.604568223891974,0.614677006138345,0.0277777777777778,"league-shrunk"
"669899","Ryan Ward","second_to_third_on_out",1,1,1,1,1,0.477532255672549,0.477532255672549,0.492045248570534,0.505030558005573,0.0277777777777778,"league-shrunk"
"669899","Ryan Ward","single_first_to_third",1,1,1,1,1,0.344619833714905,0.344619833714905,0.362824838333936,0.379113526677279,0.0277777777777778,"league-shrunk"
"669899","Ryan Ward","single_second_scores",1,1,1,1,1,0.617619711761971,0.617619711761971,0.62824138643525,0.637744990090289,0.0277777777777778,"league-shrunk"
"669899","Ryan Ward","steal_second",7,0,0,0,,0.0647077913972589,0.881944444444444,0.0539231594977157,0.881944444444444,0.166666666666667,"league-shrunk"
"669899","Ryan Ward","steal_third",3,0,0,0,,0.0135036339397067,0.853503184713376,0.0124375575760456,0.853503184713376,0.0789473684210526,"league-shrunk"
"669911","Michael Toglia","second_to_third_on_out",3,3,1,0.333333333333333,0.333333333333333,0.477532255672549,0.477532255672549,0.466148130224717,0.45693240962409,0.0789473684210526,"league-shrunk"
"669911","Michael Toglia","single_first_to_third",1,1,0,0,0,0.344619833714905,0.344619833714905,0.335047060556158,0.32648194772991,0.0277777777777778,"league-shrunk"
"669911","Michael Toglia","single_second_scores",1,1,1,1,1,0.617619711761971,0.617619711761971,0.62824138643525,0.637744990090289,0.0277777777777778,"league-shrunk"
"669911","Michael Toglia","steal_third",2,0,0,0,,0.0135036339397067,0.853503184713376,0.0127737077808036,0.853503184713376,0.0540540540540541,"league-shrunk"
"670032","Nicky Lopez","double_first_scores",7,7,5,0.714285714285714,0.714285714285714,0.41339590443686,0.41339590443686,0.463544206078336,0.497645051194539,0.166666666666667,"league-shrunk"
"670032","Nicky Lopez","first_to_second_on_out",13,13,4,0.307692307692308,0.307692307692308,0.249688314632211,0.249688314632211,0.265397729419321,0.274012569786445,0.270833333333333,"league-shrunk"
"670032","Nicky Lopez","ground_ball_double_play",22,22,2,0.0909090909090909,0.0909090909090909,0.204819277108434,0.204819277108434,0.160853942084126,0.142168674698795,0.385964912280702,"league-shrunk"
"670032","Nicky Lopez","sac_fly_scores",5,5,2,0.4,0.4,0.593270173146031,0.593270173146031,0.569111401502777,0.551254918114285,0.125,"league-shrunk"
"670032","Nicky Lopez","second_to_third_on_out",8,8,5,0.625,0.625,0.477532255672549,0.477532255672549,0.504968115082308,0.522906946234842,0.186046511627907,"league-shrunk"
"670032","Nicky Lopez","single_first_to_third",18,18,9,0.5,0.5,0.344619833714905,0.344619833714905,0.397390456226824,0.422309916857453,0.339622641509434,"league-shrunk"
"670032","Nicky Lopez","single_second_scores",4,4,2,0.5,0.5,0.617619711761971,0.617619711761971,0.605556151581256,0.596234309623431,0.102564102564103,"league-shrunk"
"670032","Nicky Lopez","steal_second",60,6,5,0.1,0.833333333333333,0.0647077913972589,0.881944444444444,0.0869976073568848,0.869791666666667,0.631578947368421,"player signal"
"670032","Nicky Lopez","steal_third",29,0,0,0,,0.0135036339397067,0.853503184713376,0.0073847998107771,0.853503184713376,0.453125,"player signal"
"670042","Luke Raley","double_first_scores",5,5,3,0.6,0.6,0.41339590443686,0.41339590443686,0.436721416382253,0.453962012167977,0.125,"league-shrunk"
"670042","Luke Raley","first_to_second_on_out",11,11,0,0,0,0.249688314632211,0.249688314632211,0.189980239394074,0.154978953909648,0.239130434782609,"league-shrunk"
"670042","Luke Raley","ground_ball_double_play",20,20,3,0.15,0.15,0.204819277108434,0.204819277108434,0.184884994523549,0.175967025998732,0.363636363636364,"league-shrunk"
"670042","Luke Raley","sac_fly_scores",3,3,1,0.333333333333333,0.333333333333333,0.593270173146031,0.593270173146031,0.572748843687134,0.556136338887074,0.0789473684210526,"league-shrunk"
"670042","Luke Raley","second_to_third_on_out",16,16,8,0.5,0.5,0.477532255672549,0.477532255672549,0.484580959775279,0.488105311826644,0.313725490196078,"league-shrunk"
"670042","Luke Raley","single_first_to_third",10,10,4,0.4,0.4,0.344619833714905,0.344619833714905,0.356926537333815,0.364398464531011,0.222222222222222,"league-shrunk"
"670042","Luke Raley","single_second_scores",3,3,2,0.666666666666667,0.666666666666667,0.617619711761971,0.617619711761971,0.621491839780763,0.624626419605499,0.0789473684210526,"league-shrunk"
"670042","Luke Raley","steal_second",55,1,1,0.0181818181818182,1,0.0647077913972589,0.881944444444444,0.0362752522100451,0.888157894736842,0.611111111111111,"player signal"
"670042","Luke Raley","steal_third",32,0,0,0,,0.0135036339397067,0.853503184713376,0.00705413713268261,0.853503184713376,0.477611940298507,"player signal"
"670097","Zack Short","double_first_scores",2,2,1,0.5,0.5,0.41339590443686,0.41339590443686,0.418077206899733,0.422056313993174,0.0540540540540541,"league-shrunk"
"670097","Zack Short","first_to_second_on_out",6,6,0,0,0,0.249688314632211,0.249688314632211,0.2131485612714,0.187266235974158,0.146341463414634,"league-shrunk"
"670097","Zack Short","ground_ball_double_play",9,9,0,0,0,0.204819277108434,0.204819277108434,0.162924424972618,0.136546184738956,0.204545454545455,"league-shrunk"
"670097","Zack Short","sac_fly_scores",1,1,0,0,0,0.593270173146031,0.593270173146031,0.576790446114197,0.562045427190976,0.0277777777777778,"league-shrunk"
"670097","Zack Short","second_to_third_on_out",1,1,1,1,1,0.477532255672549,0.477532255672549,0.492045248570534,0.505030558005573,0.0277777777777778,"league-shrunk"
"670097","Zack Short","single_first_to_third",1,1,1,1,1,0.344619833714905,0.344619833714905,0.362824838333936,0.379113526677279,0.0277777777777778,"league-shrunk"
"670097","Zack Short","steal_second",13,0,0,0,,0.0647077913972589,0.881944444444444,0.0471827645605013,0.881944444444444,0.270833333333333,"league-shrunk"
"670097","Zack Short","steal_third",4,0,0,0,,0.0135036339397067,0.853503184713376,0.0121186458433265,0.853503184713376,0.102564102564103,"league-shrunk"
"670156","Miles Mastrobuoni","ground_ball_double_play",1,1,0,0,0,0.204819277108434,0.204819277108434,0.199129852744311,0.194039315155358,0.0277777777777778,"league-shrunk"
"670156","Miles Mastrobuoni","sac_fly_scores",1,1,1,1,1,0.593270173146031,0.593270173146031,0.604568223891974,0.614677006138345,0.0277777777777778,"league-shrunk"
"670156","Miles Mastrobuoni","second_to_third_on_out",2,2,1,0.5,0.5,0.477532255672549,0.477532255672549,0.478746728338898,0.479779030105294,0.0540540540540541,"league-shrunk"
"670156","Miles Mastrobuoni","single_first_to_third",1,1,0,0,0,0.344619833714905,0.344619833714905,0.335047060556158,0.32648194772991,0.0277777777777778,"league-shrunk"
"670156","Miles Mastrobuoni","single_second_scores",2,2,2,1,1,0.617619711761971,0.617619711761971,0.638288916531594,0.655857740585774,0.0540540540540541,"league-shrunk"
"670156","Miles Mastrobuoni","steal_second",6,0,0,0,,0.0647077913972589,0.881944444444444,0.0552383585098552,0.881944444444444,0.146341463414634,"league-shrunk"
"670156","Miles Mastrobuoni","steal_third",6,0,0,0,,0.0135036339397067,0.853503184713376,0.0115274923875545,0.853503184713376,0.146341463414634,"league-shrunk"
"670224","Kameron Misner","first_to_second_on_out",4,4,1,0.25,0.25,0.249688314632211,0.249688314632211,0.249720282362241,0.249744984699082,0.102564102564103,"league-shrunk"
"670224","Kameron Misner","ground_ball_double_play",7,7,3,0.428571428571429,0.428571428571429,0.204819277108434,0.204819277108434,0.242111302352266,0.267469879518072,0.166666666666667,"league-shrunk"
"670224","Kameron Misner","single_first_to_third",1,1,0,0,0,0.344619833714905,0.344619833714905,0.335047060556158,0.32648194772991,0.0277777777777778,"league-shrunk"
"670224","Kameron Misner","steal_second",13,3,3,0.230769230769231,1,0.0647077913972589,0.881944444444444,0.109682764560501,0.898809523809524,0.270833333333333,"league-shrunk"
"670224","Kameron Misner","steal_third",3,0,0,0,,0.0135036339397067,0.853503184713376,0.0124375575760456,0.853503184713376,0.0789473684210526,"league-shrunk"
"670231","John Rave","double_first_scores",1,1,1,1,1,0.41339590443686,0.41339590443686,0.429690462646947,0.444269804203341,0.0277777777777778,"league-shrunk"
"670231","John Rave","first_to_second_on_out",6,6,3,0.5,0.5,0.249688314632211,0.249688314632211,0.286319292978717,0.312266235974158,0.146341463414634,"league-shrunk"
"670231","John Rave","ground_ball_double_play",11,11,0,0,0,0.204819277108434,0.204819277108434,0.155840754321634,0.127129206481097,0.239130434782609,"league-shrunk"
"670231","John Rave","sac_fly_scores",4,4,1,0.25,0.25,0.593270173146031,0.593270173146031,0.558062975900284,0.530857414392207,0.102564102564103,"league-shrunk"
"670231","John Rave","second_to_third_on_out",3,3,2,0.666666666666667,0.666666666666667,0.477532255672549,0.477532255672549,0.492463919698401,0.504551457243137,0.0789473684210526,"league-shrunk"
"670231","John Rave","single_first_to_third",3,3,1,0.333333333333333,0.333333333333333,0.344619833714905,0.344619833714905,0.343728794211097,0.343007476517538,0.0789473684210526,"league-shrunk"
"670231","John Rave","single_second_scores",7,7,6,0.857142857142857,0.857142857142857,0.617619711761971,0.617619711761971,0.657540235992119,0.684686192468619,0.166666666666667,"league-shrunk"
"670231","John Rave","steal_second",24,4,4,0.166666666666667,1,0.0647077913972589,0.881944444444444,0.106182588117018,0.903409090909091,0.406779661016949,"league-shrunk"
"670231","John Rave","steal_third",15,2,2,0.133333333333333,1,0.0135036339397067,0.853503184713376,0.0494525437577947,0.868152866242038,0.3,"league-shrunk"
"670242","Matt Wallner","double_first_scores",1,1,0,0,0,0.41339590443686,0.41339590443686,0.40191268486917,0.391638225255973,0.0277777777777778,"league-shrunk"
"670242","Matt Wallner","first_to_second_on_out",6,6,1,0.166666666666667,0.166666666666667,0.249688314632211,0.249688314632211,0.237538805173839,0.228932902640825,0.146341463414634,"league-shrunk"
"670242","Matt Wallner","ground_ball_double_play",10,10,1,0.1,0.1,0.204819277108434,0.204819277108434,0.181526104417671,0.167383820998279,0.222222222222222,"league-shrunk"
"670242","Matt Wallner","sac_fly_scores",1,1,0,0,0,0.593270173146031,0.593270173146031,0.576790446114197,0.562045427190976,0.0277777777777778,"league-shrunk"
"670242","Matt Wallner","second_to_third_on_out",4,4,2,0.5,0.5,0.477532255672549,0.477532255672549,0.479836639706134,0.481617300095722,0.102564102564103,"league-shrunk"
"670242","Matt Wallner","single_first_to_third",5,5,0,0,0,0.344619833714905,0.344619833714905,0.301542354500542,0.269702478559491,0.125,"league-shrunk"
"670242","Matt Wallner","single_second_scores",4,4,2,0.5,0.5,0.617619711761971,0.617619711761971,0.605556151581256,0.596234309623431,0.102564102564103,"league-shrunk"
"670242","Matt Wallner","steal_second",27,0,0,0,,0.0647077913972589,0.881944444444444,0.0365285919178074,0.881944444444444,0.435483870967742,"player signal"
"670242","Matt Wallner","steal_third",18,0,0,0,,0.0135036339397067,0.853503184713376,0.00891749411112707,0.853503184713376,0.339622641509434,"league-shrunk"
"670541","Yordan Alvarez","double_first_scores",8,8,1,0.125,0.125,0.41339590443686,0.41339590443686,0.359740852448607,0.324658703071672,0.186046511627907,"league-shrunk"
"670541","Yordan Alvarez","first_to_second_on_out",40,40,3,0.075,0.075,0.249688314632211,0.249688314632211,0.156521213495032,0.129213614885859,0.533333333333333,"player signal"
"670541","Yordan Alvarez","ground_ball_double_play",72,72,19,0.263888888888889,0.263888888888889,0.204819277108434,0.204819277108434,0.244567053259768,0.252074966532798,0.672897196261682,"player signal"
"670541","Yordan Alvarez","sac_fly_scores",14,14,7,0.5,0.5,0.593270173146031,0.593270173146031,0.566621552247165,0.552464472394642,0.285714285714286,"league-shrunk"
"670541","Yordan Alvarez","second_to_third_on_out",27,27,12,0.444444444444444,0.444444444444444,0.477532255672549,0.477532255672549,0.463123047557084,0.457679568935686,0.435483870967742,"player signal"
"670541","Yordan Alvarez","single_first_to_third",36,36,6,0.166666666666667,0.166666666666667,0.344619833714905,0.344619833714905,0.254390058873545,0.22598438901608,0.507042253521127,"player signal"
"670541","Yordan Alvarez","single_second_scores",17,17,6,0.352941176470588,0.352941176470588,0.617619711761971,0.617619711761971,0.531090190609019,0.489061566049014,0.326923076923077,"league-shrunk"
"670541","Yordan Alvarez","steal_second",183,0,0,0,,0.0647077913972589,0.881944444444444,0.010388865591303,0.881944444444444,0.839449541284404,"player signal"
"670541","Yordan Alvarez","steal_third",117,0,0,0,,0.0135036339397067,0.853503184713376,0.00310938939401141,0.853503184713376,0.769736842105263,"player signal"
"670623","Isaac Paredes","double_first_scores",9,9,4,0.444444444444444,0.444444444444444,0.41339590443686,0.41339590443686,0.419746742165684,0.423745417772722,0.204545454545455,"league-shrunk"
"670623","Isaac Paredes","first_to_second_on_out",31,31,3,0.0967741935483871,0.0967741935483871,0.249688314632211,0.249688314632211,0.177865015335264,0.152946727824078,0.46969696969697,"player signal"
"670623","Isaac Paredes","ground_ball_double_play",64,64,22,0.34375,0.34375,0.204819277108434,0.204819277108434,0.294633077765608,0.313253012048193,0.646464646464647,"player signal"
"670623","Isaac Paredes","sac_fly_scores",10,10,6,0.6,0.6,0.593270173146031,0.593270173146031,0.594765690224691,0.595673682736734,0.222222222222222,"league-shrunk"
"670623","Isaac Paredes","second_to_third_on_out",24,24,6,0.25,0.25,0.477532255672549,0.477532255672549,0.384976761839648,0.347513823859664,0.406779661016949,"league-shrunk"
"670623","Isaac Paredes","single_first_to_third",29,29,9,0.310344827586207,0.310344827586207,0.344619833714905,0.344619833714905,0.329088971562839,0.323471425678049,0.453125,"player signal"
"670623","Isaac Paredes","single_second_scores",12,12,7,0.583333333333333,0.583333333333333,0.617619711761971,0.617619711761971,0.608865742801468,0.603905160390516,0.25531914893617,"league-shrunk"
"670623","Isaac Paredes","steal_second",154,0,0,0,,0.0647077913972589,0.881944444444444,0.0119829243328257,0.881944444444444,0.814814814814815,"player signal"
"670623","Isaac Paredes","steal_third",72,0,0,0,,0.0135036339397067,0.853503184713376,0.00441707652233397,0.853503184713376,0.672897196261682,"player signal"
"670764","Taylor Walls","double_first_scores",2,2,2,1,1,0.41339590443686,0.41339590443686,0.44510423392676,0.472056313993174,0.0540540540540541,"league-shrunk"
"670764","Taylor Walls","first_to_second_on_out",22,22,11,0.5,0.5,0.249688314632211,0.249688314632211,0.346299842318025,0.387359741584495,0.385964912280702,"league-shrunk"
"670764","Taylor Walls","ground_ball_double_play",40,40,11,0.275,0.275,0.204819277108434,0.204819277108434,0.242248995983936,0.253219775654342,0.533333333333333,"player signal"
"670764","Taylor Walls","sac_fly_scores",11,11,9,0.818181818181818,0.818181818181818,0.593270173146031,0.593270173146031,0.64705339261111,0.678581486780295,0.239130434782609,"league-shrunk"
"670764","Taylor Walls","second_to_third_on_out",11,11,8,0.727272727272727,0.727272727272727,0.477532255672549,0.477532255672549,0.537252803229114,0.572261400072617,0.239130434782609,"league-shrunk"
"670764","Taylor Walls","single_first_to_third",32,32,21,0.65625,0.65625,0.344619833714905,0.344619833714905,0.493458122089876,0.544063140137366,0.477611940298507,"player signal"
"670764","Taylor Walls","single_second_scores",15,15,10,0.666666666666667,0.666666666666667,0.617619711761971,0.617619711761971,0.63233379823338,0.639913782173196,0.3,"league-shrunk"
"670764","Taylor Walls","steal_second",96,16,14,0.166666666666667,0.875,0.0647077913972589,0.881944444444444,0.139425745793161,0.878676470588235,0.732824427480916,"player signal"
"670764","Taylor Walls","steal_third",48,4,4,0.0833333333333333,1,0.0135036339397067,0.853503184713376,0.0538870745528884,0.880138969310944,0.578313253012048,"player signal"
"670770","TJ Friedl","double_first_scores",2,2,0,0,0,0.41339590443686,0.41339590443686,0.391050179872706,0.372056313993174,0.0540540540540541,"league-shrunk"
"670770","TJ Friedl","first_to_second_on_out",6,6,1,0.166666666666667,0.166666666666667,0.249688314632211,0.249688314632211,0.237538805173839,0.228932902640825,0.146341463414634,"league-shrunk"
"670770","TJ Friedl","ground_ball_double_play",13,13,5,0.384615384615385,0.384615384615385,0.204819277108434,0.204819277108434,0.2535140562249,0.280217644772639,0.270833333333333,"league-shrunk"
"670770","TJ Friedl","sac_fly_scores",4,4,4,1,1,0.593270173146031,0.593270173146031,0.634986052823361,0.667221050755843,0.102564102564103,"league-shrunk"
"670770","TJ Friedl","second_to_third_on_out",12,12,4,0.333333333333333,0.333333333333333,0.477532255672549,0.477532255672549,0.440715509543388,0.419852686736863,0.25531914893617,"league-shrunk"
"670770","TJ Friedl","single_first_to_third",8,8,4,0.5,0.5,0.344619833714905,0.344619833714905,0.373527771628411,0.392429115648781,0.186046511627907,"league-shrunk"
"670770","TJ Friedl","single_second_scores",4,4,3,0.75,0.75,0.617619711761971,0.617619711761971,0.631197177222282,0.641688855077976,0.102564102564103,"league-shrunk"
"670770","TJ Friedl","steal_second",61,5,4,0.0819672131147541,0.8,0.0647077913972589,0.881944444444444,0.075674715613584,0.864130434782609,0.635416666666667,"player signal"
"670770","TJ Friedl","steal_third",32,0,0,0,,0.0135036339397067,0.853503184713376,0.00705413713268261,0.853503184713376,0.477611940298507,"player signal"
"671056","Iván Herrera","double_first_scores",17,17,5,0.294117647058824,0.294117647058824,0.41339590443686,0.41339590443686,0.37440108952481,0.355460750853242,0.326923076923077,"league-shrunk"
"671056","Iván Herrera","first_to_second_on_out",42,42,8,0.19047619047619,0.19047619047619,0.249688314632211,0.249688314632211,0.217390792365291,0.208239827722997,0.545454545454545,"player signal"
"671056","Iván Herrera","ground_ball_double_play",83,83,18,0.216867469879518,0.216867469879518,0.204819277108434,0.204819277108434,0.21329385337962,0.214720267207444,0.703389830508475,"player signal"
"671056","Iván Herrera","sac_fly_scores",17,17,14,0.823529411764706,0.823529411764706,0.593270173146031,0.593270173146031,0.668547231925213,0.705110374760816,0.326923076923077,"league-shrunk"
"671056","Iván Herrera","second_to_third_on_out",27,27,12,0.444444444444444,0.444444444444444,0.477532255672549,0.477532255672549,0.463123047557084,0.457679568935686,0.435483870967742,"player signal"
"671056","Iván Herrera","single_first_to_third",49,49,13,0.26530612244898,0.26530612244898,0.344619833714905,0.344619833714905,0.298353502143115,0.286614283684601,0.583333333333333,"player signal"
"671056","Iván Herrera","single_second_scores",13,13,9,0.692307692307692,0.692307692307692,0.617619711761971,0.617619711761971,0.637847706493104,0.648940477797274,0.270833333333333,"league-shrunk"
"671056","Iván Herrera","steal_second",189,6,6,0.0317460317460317,1,0.0647077913972589,0.881944444444444,0.036896306691536,0.911458333333333,0.84375,"player signal"
"671056","Iván Herrera","steal_third",108,1,1,0.00925925925925926,1,0.0135036339397067,0.853503184713376,0.0102980922230051,0.861213543412672,0.755244755244755,"player signal"
"671083","Buddy Kennedy","double_first_scores",1,1,0,0,0,0.41339590443686,0.41339590443686,0.40191268486917,0.391638225255973,0.0277777777777778,"league-shrunk"
"671083","Buddy Kennedy","first_to_second_on_out",1,1,0,0,0,0.249688314632211,0.249688314632211,0.24275252811465,0.236546824388411,0.0277777777777778,"league-shrunk"
"671083","Buddy Kennedy","ground_ball_double_play",3,3,1,0.333333333333333,0.333333333333333,0.204819277108434,0.204819277108434,0.214965123652505,0.223178427997705,0.0789473684210526,"league-shrunk"
"671083","Buddy Kennedy","single_first_to_third",2,2,0,0,0,0.344619833714905,0.344619833714905,0.325991734595181,0.310157850343415,0.0540540540540541,"league-shrunk"
"671083","Buddy Kennedy","single_second_scores",1,1,1,1,1,0.617619711761971,0.617619711761971,0.62824138643525,0.637744990090289,0.0277777777777778,"league-shrunk"
"671083","Buddy Kennedy","steal_second",8,0,0,0,,0.0647077913972589,0.881944444444444,0.0526691325326526,0.881944444444444,0.186046511627907,"league-shrunk"
"671083","Buddy Kennedy","steal_third",4,0,0,0,,0.0135036339397067,0.853503184713376,0.0121186458433265,0.853503184713376,0.102564102564103,"league-shrunk"
"671155","Ivan Johnson","ground_ball_double_play",1,1,0,0,0,0.204819277108434,0.204819277108434,0.199129852744311,0.194039315155358,0.0277777777777778,"league-shrunk"
"671155","Ivan Johnson","second_to_third_on_out",2,2,2,1,1,0.477532255672549,0.477532255672549,0.505773755365925,0.529779030105294,0.0540540540540541,"league-shrunk"
"671155","Ivan Johnson","single_first_to_third",2,2,0,0,0,0.344619833714905,0.344619833714905,0.325991734595181,0.310157850343415,0.0540540540540541,"league-shrunk"
"671155","Ivan Johnson","steal_second",4,1,1,0.25,1,0.0647077913972589,0.881944444444444,0.0837121204847195,0.888157894736842,0.102564102564103,"league-shrunk"
"671155","Ivan Johnson","steal_third",5,1,1,0.2,1,0.0135036339397067,0.853503184713376,0.0368156796972434,0.861213543412672,0.125,"league-shrunk"
"671218","Heliot Ramos","double_first_scores",2,2,1,0.5,0.5,0.41339590443686,0.41339590443686,0.418077206899733,0.422056313993174,0.0540540540540541,"league-shrunk"
"671218","Heliot Ramos","first_to_second_on_out",15,15,1,0.0666666666666667,0.0666666666666667,0.249688314632211,0.249688314632211,0.194781820242548,0.166496656466055,0.3,"league-shrunk"
"671218","Heliot Ramos","ground_ball_double_play",31,31,7,0.225806451612903,0.225806451612903,0.204819277108434,0.204819277108434,0.214676889375685,0.218096877305139,0.46969696969697,"player signal"
"671218","Heliot Ramos","sac_fly_scores",8,8,4,0.5,0.5,0.593270173146031,0.593270173146031,0.575917582793281,0.564571658331867,0.186046511627907,"league-shrunk"
"671218","Heliot Ramos","second_to_third_on_out",12,12,2,0.166666666666667,0.166666666666667,0.477532255672549,0.477532255672549,0.398162318054026,0.353186020070196,0.25531914893617,"league-shrunk"
"671218","Heliot Ramos","single_first_to_third",26,26,10,0.384615384615385,0.384615384615385,0.344619833714905,0.344619833714905,0.361667117705274,0.368253568337916,0.426229508196721,"player signal"
"671218","Heliot Ramos","single_second_scores",8,8,3,0.375,0.375,0.617619711761971,0.617619711761971,0.572481160736488,0.542967492758288,0.186046511627907,"league-shrunk"
"671218","Heliot Ramos","steal_second",92,4,3,0.0434782608695652,0.75,0.0647077913972589,0.881944444444444,0.0493289188890084,0.857954545454545,0.724409448818898,"player signal"
"671218","Heliot Ramos","steal_third",60,1,1,0.0166666666666667,1,0.0135036339397067,0.853503184713376,0.0155013388198919,0.861213543412672,0.631578947368421,"player signal"
"671277","Luis García Jr.","double_first_scores",5,5,1,0.2,0.2,0.41339590443686,0.41339590443686,0.386721416382253,0.367005490428847,0.125,"league-shrunk"
"671277","Luis García Jr.","first_to_second_on_out",34,34,7,0.205882352941176,0.205882352941176,0.249688314632211,0.249688314632211,0.228102768291701,0.221045955064996,0.492753623188406,"player signal"
"671277","Luis García Jr.","ground_ball_double_play",53,53,9,0.169811320754717,0.169811320754717,0.204819277108434,0.204819277108434,0.183734939759036,0.178686577295096,0.602272727272727,"player signal"
"671277","Luis García Jr.","sac_fly_scores",8,8,4,0.5,0.5,0.593270173146031,0.593270173146031,0.575917582793281,0.564571658331867,0.186046511627907,"league-shrunk"
"671277","Luis García Jr.","second_to_third_on_out",31,31,12,0.387096774193548,0.387096774193548,0.477532255672549,0.477532255672549,0.435054984068776,0.420317971471549,0.46969696969697,"player signal"
"671277","Luis García Jr.","single_first_to_third",14,14,4,0.285714285714286,0.285714285714286,0.344619833714905,0.344619833714905,0.3277896771433,0.318848656464634,0.285714285714286,"league-shrunk"
"671277","Luis García Jr.","single_second_scores",5,5,3,0.6,0.6,0.617619711761971,0.617619711761971,0.615417247791725,0.613789339639804,0.125,"league-shrunk"
"671277","Luis García Jr.","steal_second",121,3,2,0.0247933884297521,0.666666666666667,0.0647077913972589,0.881944444444444,0.0337485429416927,0.851190476190476,0.775641025641026,"player signal"
"671277","Luis García Jr.","steal_third",70,3,3,0.0428571428571429,1,0.0135036339397067,0.853503184713376,0.0330726398846641,0.874431301182894,0.666666666666667,"player signal"
"671286","Johnathan Rodríguez","ground_ball_double_play",1,1,1,1,1,0.204819277108434,0.204819277108434,0.226907630522088,0.246670894102727,0.0277777777777778,"league-shrunk"
"671286","Johnathan Rodríguez","single_first_to_third",2,2,0,0,0,0.344619833714905,0.344619833714905,0.325991734595181,0.310157850343415,0.0540540540540541,"league-shrunk"
"671286","Johnathan Rodríguez","steal_second",1,0,0,0,,0.0647077913972589,0.881944444444444,0.062910352747335,0.881944444444444,0.0277777777777778,"league-shrunk"
"671286","Johnathan Rodríguez","steal_third",3,0,0,0,,0.0135036339397067,0.853503184713376,0.0124375575760456,0.853503184713376,0.0789473684210526,"league-shrunk"
"671289","Tyler Freeman","double_first_scores",4,4,0,0,0,0.41339590443686,0.41339590443686,0.370996324494618,0.338233012721067,0.102564102564103,"league-shrunk"
"671289","Tyler Freeman","first_to_second_on_out",29,29,13,0.448275862068966,0.448275862068966,0.249688314632211,0.249688314632211,0.339673297064491,0.372221056667655,0.453125,"player signal"
"671289","Tyler Freeman","ground_ball_double_play",45,45,5,0.111111111111111,0.111111111111111,0.204819277108434,0.204819277108434,0.15210843373494,0.137884872824632,0.5625,"player signal"
"671289","Tyler Freeman","sac_fly_scores",6,6,3,0.5,0.5,0.593270173146031,0.593270173146031,0.579620879514904,0.569952629859523,0.146341463414634,"league-shrunk"
"671289","Tyler Freeman","second_to_third_on_out",14,14,5,0.357142857142857,0.357142857142857,0.477532255672549,0.477532255672549,0.443135284664066,0.424861893815809,0.285714285714286,"league-shrunk"
"671289","Tyler Freeman","single_first_to_third",11,11,2,0.181818181818182,0.181818181818182,0.344619833714905,0.344619833714905,0.305689003913515,0.282867482995458,0.239130434782609,"league-shrunk"
"671289","Tyler Freeman","single_second_scores",9,9,7,0.777777777777778,0.777777777777778,0.617619711761971,0.617619711761971,0.650379316174295,0.67100573376724,0.204545454545455,"league-shrunk"
"671289","Tyler Freeman","steal_second",73,6,5,0.0821917808219178,0.833333333333333,0.0647077913972589,0.881944444444444,0.0765256731380006,0.869791666666667,0.675925925925926,"player signal"
"671289","Tyler Freeman","steal_third",43,0,0,0,,0.0135036339397067,0.853503184713376,0.00605932292166326,0.853503184713376,0.551282051282051,"player signal"
"671655","George Valera","double_first_scores",1,1,0,0,0,0.41339590443686,0.41339590443686,0.40191268486917,0.391638225255973,0.0277777777777778,"league-shrunk"
"671655","George Valera","ground_ball_double_play",1,1,1,1,1,0.204819277108434,0.204819277108434,0.226907630522088,0.246670894102727,0.0277777777777778,"league-shrunk"
"671655","George Valera","second_to_third_on_out",1,1,1,1,1,0.477532255672549,0.477532255672549,0.492045248570534,0.505030558005573,0.0277777777777778,"league-shrunk"
"671655","George Valera","steal_second",4,0,0,0,,0.0647077913972589,0.881944444444444,0.0580710948436939,0.881944444444444,0.102564102564103,"league-shrunk"
"671655","George Valera","steal_third",2,0,0,0,,0.0135036339397067,0.853503184713376,0.0127737077808036,0.853503184713376,0.0540540540540541,"league-shrunk"
"671732","Lawrence Butler","double_first_scores",4,4,3,0.75,0.75,0.41339590443686,0.41339590443686,0.447919401417695,0.474596649084704,0.102564102564103,"league-shrunk"
"671732","Lawrence Butler","first_to_second_on_out",26,26,8,0.307692307692308,0.307692307692308,0.249688314632211,0.249688314632211,0.274411328067662,0.28396340144045,0.426229508196721,"player signal"
"671732","Lawrence Butler","ground_ball_double_play",55,55,12,0.218181818181818,0.218181818181818,0.204819277108434,0.204819277108434,0.212985274431058,0.214886945040436,0.611111111111111,"player signal"
"671732","Lawrence Butler","sac_fly_scores",6,6,5,0.833333333333333,0.833333333333333,0.593270173146031,0.593270173146031,0.628401367319782,0.653285963192856,0.146341463414634,"league-shrunk"
"671732","Lawrence Butler","second_to_third_on_out",14,14,10,0.714285714285714,0.714285714285714,0.477532255672549,0.477532255672549,0.545176100990596,0.581111893815809,0.285714285714286,"league-shrunk"
"671732","Lawrence Butler","single_first_to_third",21,21,9,0.428571428571429,0.428571428571429,0.344619833714905,0.344619833714905,0.376101681786102,0.389824538637649,0.375,"league-shrunk"
"671732","Lawrence Butler","single_second_scores",12,12,7,0.583333333333333,0.583333333333333,0.617619711761971,0.617619711761971,0.608865742801468,0.603905160390516,0.25531914893617,"league-shrunk"
"671732","Lawrence Butler","steal_second",111,7,7,0.0630630630630631,1,0.0647077913972589,0.881944444444444,0.0634573472527675,0.915,0.76027397260274,"player signal"
"671732","Lawrence Butler","steal_third",52,2,2,0.0384615384615385,1,0.0135036339397067,0.853503184713376,0.0284210021596521,0.868152866242038,0.597701149425287,"player signal"
"671739","Michael Harris II","double_first_scores",6,6,4,0.666666666666667,0.666666666666667,0.41339590443686,0.41339590443686,0.45045991842171,0.476713594994312,0.146341463414634,"league-shrunk"
"671739","Michael Harris II","first_to_second_on_out",29,29,7,0.241379310344828,0.241379310344828,0.249688314632211,0.249688314632211,0.245923297064491,0.24456148219957,0.453125,"player signal"
"671739","Michael Harris II","ground_ball_double_play",44,44,9,0.204545454545455,0.204545454545455,0.204819277108434,0.204819277108434,0.204666768339179,0.204624951418578,0.556962025316456,"player signal"
"671739","Michael Harris II","sac_fly_scores",10,10,6,0.6,0.6,0.593270173146031,0.593270173146031,0.594765690224691,0.595673682736734,0.222222222222222,"league-shrunk"
"671739","Michael Harris II","second_to_third_on_out",34,34,16,0.470588235294118,0.470588235294118,0.477532255672549,0.477532255672549,0.474110564471583,0.472991934655882,0.492753623188406,"player signal"
"671739","Michael Harris II","single_first_to_third",22,22,9,0.409090909090909,0.409090909090909,0.344619833714905,0.344619833714905,0.369503406667047,0.380078925171707,0.385964912280702,"league-shrunk"
"671739","Michael Harris II","single_second_scores",13,13,8,0.615384615384615,0.615384615384615,0.617619711761971,0.617619711761971,0.617014373159771,0.616682413281144,0.270833333333333,"league-shrunk"
"671739","Michael Harris II","steal_second",132,11,9,0.0833333333333333,0.818181818181818,0.0647077913972589,0.881944444444444,0.0794297766401441,0.857758620689655,0.790419161676647,"player signal"
"671739","Michael Harris II","steal_third",87,1,1,0.0114942528735632,1,0.0135036339397067,0.853503184713376,0.0120707146548339,0.861213543412672,0.713114754098361,"player signal"
"671976","Tristan Peters","double_first_scores",3,3,2,0.666666666666667,0.666666666666667,0.41339590443686,0.41339590443686,0.433390964612897,0.449577441898261,0.0789473684210526,"league-shrunk"
"671976","Tristan Peters","first_to_second_on_out",29,29,9,0.310344827586207,0.310344827586207,0.249688314632211,0.249688314632211,0.277173297064491,0.287114673688932,0.453125,"player signal"
"671976","Tristan Peters","ground_ball_double_play",46,46,7,0.152173913043478,0.152173913043478,0.204819277108434,0.204819277108434,0.174921909861669,0.166980421686747,0.567901234567901,"player signal"
"671976","Tristan Peters","sac_fly_scores",10,10,7,0.7,0.7,0.593270173146031,0.593270173146031,0.616987912446913,0.63138796845102,0.222222222222222,"league-shrunk"
"671976","Tristan Peters","second_to_third_on_out",16,16,12,0.75,0.75,0.477532255672549,0.477532255672549,0.563012332324299,0.605752370650173,0.313725490196078,"league-shrunk"
"671976","Tristan Peters","single_first_to_third",20,20,8,0.4,0.4,0.344619833714905,0.344619833714905,0.364758076000394,0.373767289654429,0.363636363636364,"league-shrunk"
"671976","Tristan Peters","single_second_scores",10,10,7,0.7,0.7,0.617619711761971,0.617619711761971,0.635926442481533,0.647041243275553,0.222222222222222,"league-shrunk"
"671976","Tristan Peters","steal_second",111,6,6,0.0540540540540541,1,0.0647077913972589,0.881944444444444,0.0566080321842744,0.911458333333333,0.76027397260274,"player signal"
"671976","Tristan Peters","steal_third",69,1,0,0.0144927536231884,0,0.0135036339397067,0.853503184713376,0.0141598768066321,0.808581964465303,0.663461538461538,"player signal"
"672012","Tyler Black","first_to_second_on_out",2,2,2,1,1,0.249688314632211,0.249688314632211,0.29024570303047,0.32471948316899,0.0540540540540541,"league-shrunk"
"672012","Tyler Black","ground_ball_double_play",4,4,0,0,0,0.204819277108434,0.204819277108434,0.183812171763979,0.167579408543264,0.102564102564103,"league-shrunk"
"672012","Tyler Black","sac_fly_scores",3,3,1,0.333333333333333,0.333333333333333,0.593270173146031,0.593270173146031,0.572748843687134,0.556136338887074,0.0789473684210526,"league-shrunk"
"672012","Tyler Black","second_to_third_on_out",3,3,3,1,1,0.477532255672549,0.477532255672549,0.518779709172085,0.552170504862185,0.0789473684210526,"league-shrunk"
"672012","Tyler Black","single_first_to_third",2,2,1,0.5,0.5,0.344619833714905,0.344619833714905,0.353018761622208,0.360157850343415,0.0540540540540541,"league-shrunk"
"672012","Tyler Black","steal_second",5,0,0,0,,0.0647077913972589,0.881944444444444,0.0566193174726015,0.881944444444444,0.125,"league-shrunk"
"672012","Tyler Black","steal_third",5,0,0,0,,0.0135036339397067,0.853503184713376,0.0118156796972434,0.853503184713376,0.125,"league-shrunk"
"672016","Denzel Clarke","double_first_scores",1,1,0,0,0,0.41339590443686,0.41339590443686,0.40191268486917,0.391638225255973,0.0277777777777778,"league-shrunk"
"672016","Denzel Clarke","first_to_second_on_out",3,3,1,0.333333333333333,0.333333333333333,0.249688314632211,0.249688314632211,0.256291868740195,0.261637603018086,0.0789473684210526,"league-shrunk"
"672016","Denzel Clarke","ground_ball_double_play",5,5,1,0.2,0.2,0.204819277108434,0.204819277108434,0.204216867469879,0.203771608171818,0.125,"league-shrunk"
"672016","Denzel Clarke","second_to_third_on_out",1,1,0,0,0,0.477532255672549,0.477532255672549,0.464267470792756,0.452398979058205,0.0277777777777778,"league-shrunk"
"672016","Denzel Clarke","single_first_to_third",2,2,0,0,0,0.344619833714905,0.344619833714905,0.325991734595181,0.310157850343415,0.0540540540540541,"league-shrunk"
"672016","Denzel Clarke","single_second_scores",1,1,1,1,1,0.617619711761971,0.617619711761971,0.62824138643525,0.637744990090289,0.0277777777777778,"league-shrunk"
"672016","Denzel Clarke","steal_second",14,2,2,0.142857142857143,1,0.0647077913972589,0.881944444444444,0.0870361775286543,0.89375,0.285714285714286,"league-shrunk"
"672016","Denzel Clarke","steal_third",8,0,0,0,,0.0135036339397067,0.853503184713376,0.0109913299509241,0.853503184713376,0.186046511627907,"league-shrunk"
"672275","Patrick Bailey","double_first_scores",5,5,1,0.2,0.2,0.41339590443686,0.41339590443686,0.386721416382253,0.367005490428847,0.125,"league-shrunk"
"672275","Patrick Bailey","first_to_second_on_out",15,15,2,0.133333333333333,0.133333333333333,0.249688314632211,0.249688314632211,0.214781820242548,0.196799686769085,0.3,"league-shrunk"
"672275","Patrick Bailey","ground_ball_double_play",24,24,2,0.0833333333333333,0.0833333333333333,0.204819277108434,0.204819277108434,0.155401266081274,0.135398737808376,0.406779661016949,"league-shrunk"
"672275","Patrick Bailey","sac_fly_scores",4,4,2,0.5,0.5,0.593270173146031,0.593270173146031,0.58370400154131,0.576311959846752,0.102564102564103,"league-shrunk"
"672275","Patrick Bailey","second_to_third_on_out",12,12,4,0.333333333333333,0.333333333333333,0.477532255672549,0.477532255672549,0.440715509543388,0.419852686736863,0.25531914893617,"league-shrunk"
"672275","Patrick Bailey","single_first_to_third",15,15,4,0.266666666666667,0.266666666666667,0.344619833714905,0.344619833714905,0.321233883600434,0.309186575965706,0.3,"league-shrunk"
"672275","Patrick Bailey","single_second_scores",3,3,1,0.333333333333333,0.333333333333333,0.617619711761971,0.617619711761971,0.595176050307079,0.577007371986451,0.0789473684210526,"league-shrunk"
"672275","Patrick Bailey","steal_second",67,3,3,0.0447761194029851,1,0.0647077913972589,0.881944444444444,0.0516154186167065,0.898809523809524,0.656862745098039,"player signal"
"672275","Patrick Bailey","steal_third",30,0,0,0,,0.0135036339397067,0.853503184713376,0.00727118750599592,0.853503184713376,0.461538461538462,"player signal"
"672284","Jarred Kelenic","double_first_scores",2,2,1,0.5,0.5,0.41339590443686,0.41339590443686,0.418077206899733,0.422056313993174,0.0540540540540541,"league-shrunk"
"672284","Jarred Kelenic","ground_ball_double_play",4,4,1,0.25,0.25,0.204819277108434,0.204819277108434,0.209453197405005,0.213033953997809,0.102564102564103,"league-shrunk"
"672284","Jarred Kelenic","sac_fly_scores",1,1,0,0,0,0.593270173146031,0.593270173146031,0.576790446114197,0.562045427190976,0.0277777777777778,"league-shrunk"
"672284","Jarred Kelenic","second_to_third_on_out",4,4,3,0.75,0.75,0.477532255672549,0.477532255672549,0.50547766534716,0.527071845550268,0.102564102564103,"league-shrunk"
"672284","Jarred Kelenic","single_first_to_third",2,2,0,0,0,0.344619833714905,0.344619833714905,0.325991734595181,0.310157850343415,0.0540540540540541,"league-shrunk"
"672284","Jarred Kelenic","single_second_scores",1,1,0,0,0,0.617619711761971,0.617619711761971,0.600463608657472,0.58511341114292,0.0277777777777778,"league-shrunk"
"672284","Jarred Kelenic","steal_second",9,0,0,0,,0.0647077913972589,0.881944444444444,0.0514721067932741,0.881944444444444,0.204545454545455,"league-shrunk"
"672284","Jarred Kelenic","steal_third",5,0,0,0,,0.0135036339397067,0.853503184713376,0.0118156796972434,0.853503184713376,0.125,"league-shrunk"
"672356","Gabriel Arias","first_to_second_on_out",9,9,2,0.222222222222222,0.222222222222222,0.249688314632211,0.249688314632211,0.244070250275623,0.240532950495548,0.204545454545455,"league-shrunk"
"672356","Gabriel Arias","ground_ball_double_play",16,16,2,0.125,0.125,0.204819277108434,0.204819277108434,0.179777935270494,0.167257264351524,0.313725490196078,"league-shrunk"
"672356","Gabriel Arias","sac_fly_scores",3,3,3,1,1,0.593270173146031,0.593270173146031,0.625380422634502,0.651374434125169,0.0789473684210526,"league-shrunk"
"672356","Gabriel Arias","second_to_third_on_out",6,6,3,0.5,0.5,0.477532255672549,0.477532255672549,0.480820218257054,0.483149191754412,0.146341463414634,"league-shrunk"
"672356","Gabriel Arias","single_first_to_third",9,9,3,0.333333333333333,0.333333333333333,0.344619833714905,0.344619833714905,0.342311231364129,0.340857666921048,0.204545454545455,"league-shrunk"
"672356","Gabriel Arias","single_second_scores",3,3,0,0,0,0.617619711761971,0.617619711761971,0.568860260833394,0.529388324367404,0.0789473684210526,"league-shrunk"
"672356","Gabriel Arias","steal_second",37,2,2,0.0540540540540541,1,0.0647077913972589,0.881944444444444,0.0592329541514453,0.89375,0.513888888888889,"player signal"
"672356","Gabriel Arias","steal_third",22,1,1,0.0454545454545455,1,0.0135036339397067,0.853503184713376,0.0258355646998199,0.861213543412672,0.385964912280702,"league-shrunk"
"672386","Alejandro Kirk","double_first_scores",3,3,0,0,0,0.41339590443686,0.41339590443686,0.380759385665529,0.354339346660166,0.0789473684210526,"league-shrunk"
"672386","Alejandro Kirk","first_to_second_on_out",15,15,3,0.2,0.2,0.249688314632211,0.249688314632211,0.234781820242548,0.227102717072115,0.3,"league-shrunk"
"672386","Alejandro Kirk","ground_ball_double_play",32,32,11,0.34375,0.34375,0.204819277108434,0.204819277108434,0.271174249235749,0.293734939759036,0.477611940298507,"player signal"
"672386","Alejandro Kirk","sac_fly_scores",1,1,0,0,0,0.593270173146031,0.593270173146031,0.576790446114197,0.562045427190976,0.0277777777777778,"league-shrunk"
"672386","Alejandro Kirk","second_to_third_on_out",8,8,4,0.5,0.5,0.477532255672549,0.477532255672549,0.481712301128819,0.484445407773303,0.186046511627907,"league-shrunk"
"672386","Alejandro Kirk","single_first_to_third",12,12,0,0,0,0.344619833714905,0.344619833714905,0.256631791064291,0.206771900228943,0.25531914893617,"league-shrunk"
"672386","Alejandro Kirk","single_second_scores",3,3,2,0.666666666666667,0.666666666666667,0.617619711761971,0.617619711761971,0.621491839780763,0.624626419605499,0.0789473684210526,"league-shrunk"
"672386","Alejandro Kirk","steal_second",68,1,1,0.0147058823529412,1,0.0647077913972589,0.881944444444444,0.0316968223194569,0.888157894736842,0.660194174757282,"player signal"
"672386","Alejandro Kirk","steal_third",28,0,0,0,,0.0135036339397067,0.853503184713376,0.00750201885539261,0.853503184713376,0.444444444444444,"player signal"
"672515","Gabriel Moreno","double_first_scores",10,10,4,0.4,0.4,0.41339590443686,0.41339590443686,0.410419036784225,0.408611652852267,0.222222222222222,"league-shrunk"
"672515","Gabriel Moreno","first_to_second_on_out",36,36,7,0.194444444444444,0.194444444444444,0.249688314632211,0.249688314632211,0.221677338198977,0.212859067840367,0.507042253521127,"player signal"
"672515","Gabriel Moreno","ground_ball_double_play",61,61,9,0.147540983606557,0.147540983606557,0.204819277108434,0.204819277108434,0.168423694779116,0.160591734024706,0.635416666666667,"player signal"
"672515","Gabriel Moreno","sac_fly_scores",12,12,7,0.583333333333333,0.583333333333333,0.593270173146031,0.593270173146031,0.590733107661938,0.589295437220952,0.25531914893617,"league-shrunk"
"672515","Gabriel Moreno","second_to_third_on_out",28,28,12,0.428571428571429,0.428571428571429,0.477532255672549,0.477532255672549,0.455771888072051,0.447730013089258,0.444444444444444,"player signal"
"672515","Gabriel Moreno","single_first_to_third",27,27,8,0.296296296296296,0.296296296296296,0.344619833714905,0.344619833714905,0.323575712580995,0.31562571126374,0.435483870967742,"player signal"
"672515","Gabriel Moreno","single_second_scores",15,15,8,0.533333333333333,0.533333333333333,0.617619711761971,0.617619711761971,0.59233379823338,0.579307721567136,0.3,"league-shrunk"
"672515","Gabriel Moreno","steal_second",154,5,5,0.0324675324675325,1,0.0647077913972589,0.881944444444444,0.0384379507878522,0.907608695652174,0.814814814814815,"player signal"
"672515","Gabriel Moreno","steal_third",97,0,0,0,,0.0135036339397067,0.853503184713376,0.00358050899916466,0.853503184713376,0.734848484848485,"player signal"
"672569","Gustavo Campero","double_first_scores",1,1,1,1,1,0.41339590443686,0.41339590443686,0.429690462646947,0.444269804203341,0.0277777777777778,"league-shrunk"
"672569","Gustavo Campero","single_second_scores",1,1,0,0,0,0.617619711761971,0.617619711761971,0.600463608657472,0.58511341114292,0.0277777777777778,"league-shrunk"
"672569","Gustavo Campero","steal_second",3,0,0,0,,0.0647077913972589,0.881944444444444,0.0595992815501069,0.881944444444444,0.0789473684210526,"league-shrunk"
"672569","Gustavo Campero","steal_third",1,0,0,0,,0.0135036339397067,0.853503184713376,0.0131285329969371,0.853503184713376,0.0277777777777778,"league-shrunk"
"672580","Maikel Garcia","double_first_scores",7,7,2,0.285714285714286,0.285714285714286,0.41339590443686,0.41339590443686,0.392115634649764,0.377645051194539,0.166666666666667,"league-shrunk"
"672580","Maikel Garcia","first_to_second_on_out",19,19,2,0.105263157894737,0.105263157894737,0.249688314632211,0.249688314632211,0.198872055780137,0.175524044956211,0.351851851851852,"league-shrunk"
"672580","Maikel Garcia","ground_ball_double_play",29,29,6,0.206896551724138,0.206896551724138,0.204819277108434,0.204819277108434,0.205760542168675,0.206100999743655,0.453125,"player signal"
"672580","Maikel Garcia","sac_fly_scores",7,7,6,0.857142857142857,0.857142857142857,0.593270173146031,0.593270173146031,0.637248953812169,0.667154524665142,0.166666666666667,"league-shrunk"
"672580","Maikel Garcia","second_to_third_on_out",15,15,5,0.333333333333333,0.333333333333333,0.477532255672549,0.477532255672549,0.434272578970785,0.411987290972906,0.3,"league-shrunk"
"672580","Maikel Garcia","single_first_to_third",16,16,7,0.4375,0.4375,0.344619833714905,0.344619833714905,0.37375870941219,0.388328147260832,0.313725490196078,"league-shrunk"
"672580","Maikel Garcia","single_second_scores",9,9,5,0.555555555555556,0.555555555555556,0.617619711761971,0.617619711761971,0.60492477071975,0.596931659693166,0.204545454545455,"league-shrunk"
"672580","Maikel Garcia","steal_second",80,5,2,0.0625,0.4,0.0647077913972589,0.881944444444444,0.0631719365122092,0.777173913043478,0.695652173913043,"player signal"
"672580","Maikel Garcia","steal_third",52,2,2,0.0384615384615385,1,0.0135036339397067,0.853503184713376,0.0284210021596521,0.868152866242038,0.597701149425287,"player signal"
"672613","Eliezer Alfonzo","single_first_to_third",1,1,0,0,0,0.344619833714905,0.344619833714905,0.335047060556158,0.32648194772991,0.0277777777777778,"league-shrunk"
"672613","Eliezer Alfonzo","single_second_scores",1,1,0,0,0,0.617619711761971,0.617619711761971,0.600463608657472,0.58511341114292,0.0277777777777778,"league-shrunk"
"672613","Eliezer Alfonzo","steal_second",3,0,0,0,,0.0647077913972589,0.881944444444444,0.0595992815501069,0.881944444444444,0.0789473684210526,"league-shrunk"
"672613","Eliezer Alfonzo","steal_third",5,0,0,0,,0.0135036339397067,0.853503184713376,0.0118156796972434,0.853503184713376,0.125,"league-shrunk"
"672640","Otto Lopez","double_first_scores",11,11,4,0.363636363636364,0.363636363636364,0.41339590443686,0.41339590443686,0.401496883810654,0.394521595857361,0.239130434782609,"league-shrunk"
"672640","Otto Lopez","first_to_second_on_out",33,33,11,0.333333333333333,0.333333333333333,0.249688314632211,0.249688314632211,0.290280750178344,0.303811562027055,0.485294117647059,"player signal"
"672640","Otto Lopez","ground_ball_double_play",62,62,11,0.17741935483871,0.17741935483871,0.204819277108434,0.204819277108434,0.187305924729847,0.183584337349398,0.639175257731959,"player signal"
"672640","Otto Lopez","sac_fly_scores",15,15,10,0.666666666666667,0.666666666666667,0.593270173146031,0.593270173146031,0.615289121202222,0.626632215655411,0.3,"league-shrunk"
"672640","Otto Lopez","second_to_third_on_out",36,36,20,0.555555555555556,0.555555555555556,0.477532255672549,0.477532255672549,0.517093365472383,0.529547788927887,0.507042253521127,"player signal"
"672640","Otto Lopez","single_first_to_third",33,33,9,0.272727272727273,0.272727272727273,0.344619833714905,0.344619833714905,0.309730796765025,0.298101117781731,0.485294117647059,"player signal"
"672640","Otto Lopez","single_second_scores",23,23,16,0.695652173913043,0.695652173913043,0.617619711761971,0.617619711761971,0.648563619166707,0.661394019797939,0.396551724137931,"league-shrunk"
"672640","Otto Lopez","steal_second",175,29,25,0.165714285714286,0.862068965517241,0.0647077913972589,0.881944444444444,0.148879869994781,0.86968085106383,0.833333333333333,"player signal"
"672640","Otto Lopez","steal_third",119,3,3,0.0252100840336134,1,0.0135036339397067,0.853503184713376,0.0225495271940892,0.874431301182894,0.772727272727273,"player signal"
"672642","Steward Berroa","steal_second",1,0,0,0,,0.0647077913972589,0.881944444444444,0.062910352747335,0.881944444444444,0.0277777777777778,"league-shrunk"
"672695","Geraldo Perdomo","double_first_scores",12,12,5,0.416666666666667,0.416666666666667,0.41339590443686,0.41339590443686,0.414230992665747,0.414704209328783,0.25531914893617,"league-shrunk"
"672695","Geraldo Perdomo","first_to_second_on_out",62,62,15,0.241935483870968,0.241935483870968,0.249688314632211,0.249688314632211,0.244732897032241,0.243679870792248,0.639175257731959,"player signal"
"672695","Geraldo Perdomo","ground_ball_double_play",87,87,14,0.160919540229885,0.160919540229885,0.204819277108434,0.204819277108434,0.173513727039305,0.168445209409065,0.713114754098361,"player signal"
"672695","Geraldo Perdomo","sac_fly_scores",14,14,10,0.714285714285714,0.714285714285714,0.593270173146031,0.593270173146031,0.627846042043083,0.646214472394642,0.285714285714286,"league-shrunk"
"672695","Geraldo Perdomo","second_to_third_on_out",22,22,7,0.318181818181818,0.318181818181818,0.477532255672549,0.477532255672549,0.416028578044548,0.389889515052647,0.385964912280702,"league-shrunk"
"672695","Geraldo Perdomo","single_first_to_third",28,28,9,0.321428571428571,0.321428571428571,0.344619833714905,0.344619833714905,0.33431260603209,0.330503413192789,0.444444444444444,"player signal"
"672695","Geraldo Perdomo","single_second_scores",17,17,13,0.764705882352941,0.764705882352941,0.617619711761971,0.617619711761971,0.665705575224404,0.689061566049014,0.326923076923077,"league-shrunk"
"672695","Geraldo Perdomo","steal_second",187,19,15,0.101604278074866,0.789473684210526,0.0647077913972589,0.881944444444444,0.0957872644094778,0.834459459459459,0.842342342342342,"player signal"
"672695","Geraldo Perdomo","steal_third",87,1,0,0.0114942528735632,0,0.0135036339397067,0.853503184713376,0.0120707146548339,0.808581964465303,0.713114754098361,"player signal"
"672724","Oswald Peraza","double_first_scores",3,3,2,0.666666666666667,0.666666666666667,0.41339590443686,0.41339590443686,0.433390964612897,0.449577441898261,0.0789473684210526,"league-shrunk"
"672724","Oswald Peraza","first_to_second_on_out",22,22,10,0.454545454545455,0.454545454545455,0.249688314632211,0.249688314632211,0.328755982668902,0.362359741584495,0.385964912280702,"league-shrunk"
"672724","Oswald Peraza","ground_ball_double_play",34,34,6,0.176470588235294,0.176470588235294,0.204819277108434,0.204819277108434,0.190850357953553,0.18628359592215,0.492753623188406,"player signal"
"672724","Oswald Peraza","sac_fly_scores",4,4,3,0.75,0.75,0.593270173146031,0.593270173146031,0.609345027182335,0.621766505301298,0.102564102564103,"league-shrunk"
"672724","Oswald Peraza","second_to_third_on_out",15,15,10,0.666666666666667,0.666666666666667,0.477532255672549,0.477532255672549,0.534272578970785,0.563502442488057,0.3,"league-shrunk"
"672724","Oswald Peraza","single_first_to_third",16,16,6,0.375,0.375,0.344619833714905,0.344619833714905,0.354150866274935,0.35891638255495,0.313725490196078,"league-shrunk"
"672724","Oswald Peraza","single_second_scores",6,6,1,0.166666666666667,0.166666666666667,0.617619711761971,0.617619711761971,0.551626583211439,0.504881450488145,0.146341463414634,"league-shrunk"
"672724","Oswald Peraza","steal_second",89,8,8,0.0898876404494382,1,0.0647077913972589,0.881944444444444,0.0827804249911618,0.918269230769231,0.717741935483871,"player signal"
"672724","Oswald Peraza","steal_third",48,2,2,0.0416666666666667,1,0.0135036339397067,0.853503184713376,0.0297906890107197,0.868152866242038,0.578313253012048,"player signal"
"672761","Wenceel Pérez","double_first_scores",2,2,0,0,0,0.41339590443686,0.41339590443686,0.391050179872706,0.372056313993174,0.0540540540540541,"league-shrunk"
"672761","Wenceel Pérez","first_to_second_on_out",6,6,0,0,0,0.249688314632211,0.249688314632211,0.2131485612714,0.187266235974158,0.146341463414634,"league-shrunk"
"672761","Wenceel Pérez","ground_ball_double_play",9,9,1,0.111111111111111,0.111111111111111,0.204819277108434,0.204819277108434,0.18565169769989,0.173583221775993,0.204545454545455,"league-shrunk"
"672761","Wenceel Pérez","sac_fly_scores",6,6,4,0.666666666666667,0.666666666666667,0.593270173146031,0.593270173146031,0.604011123417343,0.61161929652619,0.146341463414634,"league-shrunk"
"672761","Wenceel Pérez","second_to_third_on_out",7,7,2,0.285714285714286,0.285714285714286,0.477532255672549,0.477532255672549,0.445562594012839,0.423823224084235,0.166666666666667,"league-shrunk"
"672761","Wenceel Pérez","single_first_to_third",6,6,5,0.833333333333333,0.833333333333333,0.344619833714905,0.344619833714905,0.416138882439553,0.466798208619512,0.146341463414634,"league-shrunk"
"672761","Wenceel Pérez","single_second_scores",5,5,5,1,1,0.617619711761971,0.617619711761971,0.665417247791725,0.700745861378934,0.125,"league-shrunk"
"672761","Wenceel Pérez","steal_second",32,3,3,0.09375,1,0.0647077913972589,0.881944444444444,0.0785786969985681,0.898809523809524,0.477611940298507,"player signal"
"672761","Wenceel Pérez","steal_third",14,1,0,0.0714285714285714,0,0.0135036339397067,0.853503184713376,0.0300536160793823,0.808581964465303,0.285714285714286,"league-shrunk"
"672820","Lenyn Sosa","double_first_scores",1,1,0,0,0,0.41339590443686,0.41339590443686,0.40191268486917,0.391638225255973,0.0277777777777778,"league-shrunk"
"672820","Lenyn Sosa","first_to_second_on_out",6,6,1,0.166666666666667,0.166666666666667,0.249688314632211,0.249688314632211,0.237538805173839,0.228932902640825,0.146341463414634,"league-shrunk"
"672820","Lenyn Sosa","ground_ball_double_play",6,6,0,0,0,0.204819277108434,0.204819277108434,0.174845724360858,0.153614457831325,0.146341463414634,"league-shrunk"
"672820","Lenyn Sosa","sac_fly_scores",3,3,3,1,1,0.593270173146031,0.593270173146031,0.625380422634502,0.651374434125169,0.0789473684210526,"league-shrunk"
"672820","Lenyn Sosa","second_to_third_on_out",6,6,1,0.166666666666667,0.166666666666667,0.477532255672549,0.477532255672549,0.432039730452176,0.399815858421079,0.146341463414634,"league-shrunk"
"672820","Lenyn Sosa","single_first_to_third",6,6,3,0.5,0.5,0.344619833714905,0.344619833714905,0.367358394634675,0.383464875286179,0.146341463414634,"league-shrunk"
"672820","Lenyn Sosa","single_second_scores",3,3,3,1,1,0.617619711761971,0.617619711761971,0.647807629254447,0.672245467224547,0.0789473684210526,"league-shrunk"
"672820","Lenyn Sosa","steal_second",20,0,0,0,,0.0647077913972589,0.881944444444444,0.0411776854346193,0.881944444444444,0.363636363636364,"league-shrunk"
"672820","Lenyn Sosa","steal_third",17,0,0,0,,0.0135036339397067,0.853503184713376,0.0090889843824949,0.853503184713376,0.326923076923077,"league-shrunk"
"672960","Kazuma Okamoto","double_first_scores",8,8,2,0.25,0.25,0.41339590443686,0.41339590443686,0.382996666402095,0.363120241533211,0.186046511627907,"league-shrunk"
"672960","Kazuma Okamoto","first_to_second_on_out",29,29,6,0.206896551724138,0.206896551724138,0.249688314632211,0.249688314632211,0.230298297064491,0.223284886454889,0.453125,"player signal"
"672960","Kazuma Okamoto","ground_ball_double_play",47,47,5,0.106382978723404,0.106382978723404,0.204819277108434,0.204819277108434,0.148398471936527,0.133642261353105,0.573170731707317,"player signal"
"672960","Kazuma Okamoto","sac_fly_scores",8,8,4,0.5,0.5,0.593270173146031,0.593270173146031,0.575917582793281,0.564571658331867,0.186046511627907,"league-shrunk"
"672960","Kazuma Okamoto","second_to_third_on_out",33,33,14,0.424242424242424,0.424242424242424,0.477532255672549,0.477532255672549,0.451671013949106,0.443050600041292,0.485294117647059,"player signal"
"672960","Kazuma Okamoto","single_first_to_third",35,35,9,0.257142857142857,0.257142857142857,0.344619833714905,0.344619833714905,0.300881345428881,0.286852018997515,0.5,"player signal"
"672960","Kazuma Okamoto","single_second_scores",11,11,6,0.545454545454545,0.545454545454545,0.617619711761971,0.617619711761971,0.600362824166717,0.590246717645361,0.239130434782609,"league-shrunk"
"672960","Kazuma Okamoto","steal_second",120,1,1,0.00833333333333333,1,0.0647077913972589,0.881944444444444,0.0210630496703488,0.888157894736842,0.774193548387097,"player signal"
"672960","Kazuma Okamoto","steal_third",83,0,0,0,,0.0135036339397067,0.853503184713376,0.00400531515160792,0.853503184713376,0.703389830508475,"player signal"
"673237","Yainer Diaz","double_first_scores",8,8,2,0.25,0.25,0.41339590443686,0.41339590443686,0.382996666402095,0.363120241533211,0.186046511627907,"league-shrunk"
"673237","Yainer Diaz","first_to_second_on_out",13,13,0,0,0,0.249688314632211,0.249688314632211,0.182064396085987,0.144980311721929,0.270833333333333,"league-shrunk"
"673237","Yainer Diaz","ground_ball_double_play",30,30,9,0.3,0.3,0.204819277108434,0.204819277108434,0.248748841519926,0.264307228915663,0.461538461538462,"player signal"
"673237","Yainer Diaz","sac_fly_scores",7,7,1,0.142857142857143,0.142857142857143,0.593270173146031,0.593270173146031,0.518201334764549,0.467154524665142,0.166666666666667,"league-shrunk"
"673237","Yainer Diaz","second_to_third_on_out",9,9,4,0.444444444444444,0.444444444444444,0.477532255672549,0.477532255672549,0.470764294284982,0.466502985263181,0.204545454545455,"league-shrunk"
"673237","Yainer Diaz","single_first_to_third",11,11,2,0.181818181818182,0.181818181818182,0.344619833714905,0.344619833714905,0.305689003913515,0.282867482995458,0.239130434782609,"league-shrunk"
"673237","Yainer Diaz","single_second_scores",7,7,4,0.571428571428571,0.571428571428571,0.617619711761971,0.617619711761971,0.609921188373071,0.604686192468619,0.166666666666667,"league-shrunk"
"673237","Yainer Diaz","steal_second",74,0,0,0,,0.0647077913972589,0.881944444444444,0.0207777311826061,0.881944444444444,0.678899082568807,"player signal"
"673237","Yainer Diaz","steal_third",33,0,0,0,,0.0135036339397067,0.853503184713376,0.00695039982190786,0.853503184713376,0.485294117647059,"player signal"
"673357","Luis Robert Jr.","double_first_scores",6,6,4,0.666666666666667,0.666666666666667,0.41339590443686,0.41339590443686,0.45045991842171,0.476713594994312,0.146341463414634,"league-shrunk"
"673357","Luis Robert Jr.","first_to_second_on_out",10,10,3,0.3,0.3,0.249688314632211,0.249688314632211,0.260868689158387,0.267656773692136,0.222222222222222,"league-shrunk"
"673357","Luis Robert Jr.","ground_ball_double_play",16,16,3,0.1875,0.1875,0.204819277108434,0.204819277108434,0.199385778407749,0.196669029057406,0.313725490196078,"league-shrunk"
"673357","Luis Robert Jr.","sac_fly_scores",2,2,2,1,1,0.593270173146031,0.593270173146031,0.615255569192191,0.633943155831428,0.0540540540540541,"league-shrunk"
"673357","Luis Robert Jr.","single_first_to_third",15,15,4,0.266666666666667,0.266666666666667,0.344619833714905,0.344619833714905,0.321233883600434,0.309186575965706,0.3,"league-shrunk"
"673357","Luis Robert Jr.","single_second_scores",6,6,2,0.333333333333333,0.333333333333333,0.617619711761971,0.617619711761971,0.576016827113878,0.546548117154812,0.146341463414634,"league-shrunk"
"673357","Luis Robert Jr.","steal_second",52,5,2,0.0961538461538462,0.4,0.0647077913972589,0.881944444444444,0.0835031344701616,0.777173913043478,0.597701149425287,"player signal"
"673357","Luis Robert Jr.","steal_third",23,0,0,0,,0.0135036339397067,0.853503184713376,0.00814874461878853,0.853503184713376,0.396551724137931,"league-shrunk"
"673490","Ha-Seong Kim","double_first_scores",4,4,2,0.5,0.5,0.41339590443686,0.41339590443686,0.422278375776669,0.429142103630158,0.102564102564103,"league-shrunk"
"673490","Ha-Seong Kim","first_to_second_on_out",1,1,0,0,0,0.249688314632211,0.249688314632211,0.24275252811465,0.236546824388411,0.0277777777777778,"league-shrunk"
"673490","Ha-Seong Kim","ground_ball_double_play",7,7,1,0.142857142857143,0.142857142857143,0.204819277108434,0.204819277108434,0.194492254733219,0.187469879518072,0.166666666666667,"league-shrunk"
"673490","Ha-Seong Kim","sac_fly_scores",1,1,0,0,0,0.593270173146031,0.593270173146031,0.576790446114197,0.562045427190976,0.0277777777777778,"league-shrunk"
"673490","Ha-Seong Kim","second_to_third_on_out",1,1,0,0,0,0.477532255672549,0.477532255672549,0.464267470792756,0.452398979058205,0.0277777777777778,"league-shrunk"
"673490","Ha-Seong Kim","single_first_to_third",2,2,1,0.5,0.5,0.344619833714905,0.344619833714905,0.353018761622208,0.360157850343415,0.0540540540540541,"league-shrunk"
"673490","Ha-Seong Kim","single_second_scores",2,2,1,0.5,0.5,0.617619711761971,0.617619711761971,0.611261889504567,0.605857740585774,0.0540540540540541,"league-shrunk"
"673490","Ha-Seong Kim","steal_second",10,2,2,0.2,1,0.0647077913972589,0.881944444444444,0.0947727266423125,0.89375,0.222222222222222,"league-shrunk"
"673490","Ha-Seong Kim","steal_third",7,0,0,0,,0.0135036339397067,0.853503184713376,0.0112530282830889,0.853503184713376,0.166666666666667,"league-shrunk"
"673548","Seiya Suzuki","double_first_scores",8,8,2,0.25,0.25,0.41339590443686,0.41339590443686,0.382996666402095,0.363120241533211,0.186046511627907,"league-shrunk"
"673548","Seiya Suzuki","first_to_second_on_out",26,26,4,0.153846153846154,0.153846153846154,0.249688314632211,0.249688314632211,0.208837557575859,0.193054310531359,0.426229508196721,"player signal"
"673548","Seiya Suzuki","ground_ball_double_play",51,51,14,0.274509803921569,0.274509803921569,0.204819277108434,0.204819277108434,0.246147380218549,0.256329666492055,0.593023255813954,"player signal"
"673548","Seiya Suzuki","sac_fly_scores",7,7,4,0.571428571428571,0.571428571428571,0.593270173146031,0.593270173146031,0.589629906193121,0.587154524665142,0.166666666666667,"league-shrunk"
"673548","Seiya Suzuki","second_to_third_on_out",31,31,15,0.483870967741935,0.483870967741935,0.477532255672549,0.477532255672549,0.480509529523322,0.481542461267467,0.46969696969697,"player signal"
"673548","Seiya Suzuki","single_first_to_third",28,28,7,0.25,0.25,0.344619833714905,0.344619833714905,0.302566574286059,0.287025152323224,0.444444444444444,"player signal"
"673548","Seiya Suzuki","single_second_scores",21,21,13,0.619047619047619,0.619047619047619,0.617619711761971,0.617619711761971,0.618155176994089,0.618388584915782,0.375,"league-shrunk"
"673548","Seiya Suzuki","steal_second",152,2,2,0.0131578947368421,1,0.0647077913972589,0.881944444444444,0.022806271117134,0.89375,0.812834224598931,"player signal"
"673548","Seiya Suzuki","steal_third",91,0,0,0,,0.0135036339397067,0.853503184713376,0.00375100942769631,0.853503184713376,0.722222222222222,"player signal"
"673962","Josh Jung","double_first_scores",13,13,2,0.153846153846154,0.153846153846154,0.41339590443686,0.41339590443686,0.343101180318544,0.304552460640757,0.270833333333333,"league-shrunk"
"673962","Josh Jung","first_to_second_on_out",23,23,1,0.0434782608695652,0.0434782608695652,0.249688314632211,0.249688314632211,0.167915362278059,0.134009503984873,0.396551724137931,"league-shrunk"
"673962","Josh Jung","ground_ball_double_play",40,40,5,0.125,0.125,0.204819277108434,0.204819277108434,0.162248995983936,0.149771499792273,0.533333333333333,"player signal"
"673962","Josh Jung","sac_fly_scores",10,10,5,0.5,0.5,0.593270173146031,0.593270173146031,0.572543468002468,0.559959397022448,0.222222222222222,"league-shrunk"
"673962","Josh Jung","second_to_third_on_out",13,13,4,0.307692307692308,0.307692307692308,0.477532255672549,0.477532255672549,0.431533936427901,0.406309051680835,0.270833333333333,"league-shrunk"
"673962","Josh Jung","single_first_to_third",25,25,7,0.28,0.28,0.344619833714905,0.344619833714905,0.317694903000361,0.307050162950426,0.416666666666667,"player signal"
"673962","Josh Jung","single_second_scores",11,11,8,0.727272727272727,0.727272727272727,0.617619711761971,0.617619711761971,0.643841085036282,0.659212234886741,0.239130434782609,"league-shrunk"
"673962","Josh Jung","steal_second",111,0,0,0,,0.0647077913972589,0.881944444444444,0.0155121417733155,0.881944444444444,0.76027397260274,"player signal"
"673962","Josh Jung","steal_third",64,1,1,0.015625,1,0.0135036339397067,0.853503184713376,0.0148750220998963,0.861213543412672,0.646464646464647,"player signal"
"675659","Greg Jones","steal_second",2,1,1,0.5,1,0.0647077913972589,0.881944444444444,0.08823709997038,0.888157894736842,0.0540540540540541,"league-shrunk"
"675659","Greg Jones","steal_third",1,0,0,0,,0.0135036339397067,0.853503184713376,0.0131285329969371,0.853503184713376,0.0277777777777778,"league-shrunk"
"675961","Alika Williams","double_first_scores",6,6,5,0.833333333333333,0.833333333333333,0.41339590443686,0.41339590443686,0.474850162324149,0.518380261660978,0.146341463414634,"league-shrunk"
"675961","Alika Williams","first_to_second_on_out",6,6,4,0.666666666666667,0.666666666666667,0.249688314632211,0.249688314632211,0.310709536881156,0.353932902640825,0.146341463414634,"league-shrunk"
"675961","Alika Williams","ground_ball_double_play",12,12,0,0,0,0.204819277108434,0.204819277108434,0.152524993591387,0.12289156626506,0.25531914893617,"league-shrunk"
"675961","Alika Williams","sac_fly_scores",3,3,2,0.666666666666667,0.666666666666667,0.593270173146031,0.593270173146031,0.599064633160818,0.603755386506121,0.0789473684210526,"league-shrunk"
"675961","Alika Williams","second_to_third_on_out",13,13,10,0.769230769230769,0.769230769230769,0.477532255672549,0.477532255672549,0.556533936427901,0.599857438777609,0.270833333333333,"league-shrunk"
"675961","Alika Williams","single_first_to_third",6,6,1,0.166666666666667,0.166666666666667,0.344619833714905,0.344619833714905,0.318577906829797,0.300131541952846,0.146341463414634,"league-shrunk"
"675961","Alika Williams","single_second_scores",5,5,3,0.6,0.6,0.617619711761971,0.617619711761971,0.615417247791725,0.613789339639804,0.125,"league-shrunk"
"675961","Alika Williams","steal_second",33,1,1,0.0303030303030303,1,0.0647077913972589,0.881944444444444,0.0480113632191774,0.888157894736842,0.485294117647059,"player signal"
"675961","Alika Williams","steal_third",34,0,0,0,,0.0135036339397067,0.853503184713376,0.0068496693897063,0.853503184713376,0.492753623188406,"player signal"
"676356","Jonny DeLuca","double_first_scores",2,2,1,0.5,0.5,0.41339590443686,0.41339590443686,0.418077206899733,0.422056313993174,0.0540540540540541,"league-shrunk"
"676356","Jonny DeLuca","first_to_second_on_out",15,15,5,0.333333333333333,0.333333333333333,0.249688314632211,0.249688314632211,0.274781820242548,0.287708777678176,0.3,"league-shrunk"
"676356","Jonny DeLuca","ground_ball_double_play",22,22,5,0.227272727272727,0.227272727272727,0.204819277108434,0.204819277108434,0.213485521031494,0.217168674698795,0.385964912280702,"league-shrunk"
"676356","Jonny DeLuca","sac_fly_scores",4,4,3,0.75,0.75,0.593270173146031,0.593270173146031,0.609345027182335,0.621766505301298,0.102564102564103,"league-shrunk"
"676356","Jonny DeLuca","second_to_third_on_out",19,19,9,0.473684210526316,0.473684210526316,0.477532255672549,0.477532255672549,0.476178313861838,0.475556232489348,0.351851851851852,"league-shrunk"
"676356","Jonny DeLuca","single_first_to_third",16,16,7,0.4375,0.4375,0.344619833714905,0.344619833714905,0.37375870941219,0.388328147260832,0.313725490196078,"league-shrunk"
"676356","Jonny DeLuca","single_second_scores",4,4,2,0.5,0.5,0.617619711761971,0.617619711761971,0.605556151581256,0.596234309623431,0.102564102564103,"league-shrunk"
"676356","Jonny DeLuca","steal_second",61,13,11,0.213114754098361,0.846153846153846,0.0647077913972589,0.881944444444444,0.159008048946917,0.866935483870968,0.635416666666667,"player signal"
"676356","Jonny DeLuca","steal_third",47,2,2,0.0425531914893617,1,0.0135036339397067,0.853503184713376,0.0301539900962163,0.868152866242038,0.573170731707317,"player signal"
"676369","Nelson Velázquez","first_to_second_on_out",3,3,1,0.333333333333333,0.333333333333333,0.249688314632211,0.249688314632211,0.256291868740195,0.261637603018086,0.0789473684210526,"league-shrunk"
"676369","Nelson Velázquez","ground_ball_double_play",6,6,1,0.166666666666667,0.166666666666667,0.204819277108434,0.204819277108434,0.199235968263297,0.195281124497992,0.146341463414634,"league-shrunk"
"676369","Nelson Velázquez","sac_fly_scores",1,1,0,0,0,0.593270173146031,0.593270173146031,0.576790446114197,0.562045427190976,0.0277777777777778,"league-shrunk"
"676369","Nelson Velázquez","second_to_third_on_out",3,3,2,0.666666666666667,0.666666666666667,0.477532255672549,0.477532255672549,0.492463919698401,0.504551457243137,0.0789473684210526,"league-shrunk"
"676369","Nelson Velázquez","single_first_to_third",6,6,5,0.833333333333333,0.833333333333333,0.344619833714905,0.344619833714905,0.416138882439553,0.466798208619512,0.146341463414634,"league-shrunk"
"676369","Nelson Velázquez","single_second_scores",1,1,1,1,1,0.617619711761971,0.617619711761971,0.62824138643525,0.637744990090289,0.0277777777777778,"league-shrunk"
"676369","Nelson Velázquez","steal_second",14,0,0,0,,0.0647077913972589,0.881944444444444,0.0462198509980421,0.881944444444444,0.285714285714286,"league-shrunk"
"676369","Nelson Velázquez","steal_third",8,0,0,0,,0.0135036339397067,0.853503184713376,0.0109913299509241,0.853503184713376,0.186046511627907,"league-shrunk"
"676391","Ernie Clement","double_first_scores",13,13,8,0.615384615384615,0.615384615384615,0.41339590443686,0.41339590443686,0.468101180318544,0.498100847737532,0.270833333333333,"league-shrunk"
"676391","Ernie Clement","first_to_second_on_out",33,33,9,0.272727272727273,0.272727272727273,0.249688314632211,0.249688314632211,0.260868985472462,0.264595875752545,0.485294117647059,"player signal"
"676391","Ernie Clement","ground_ball_double_play",50,50,8,0.16,0.16,0.204819277108434,0.204819277108434,0.178454996456414,0.171863926293409,0.588235294117647,"player signal"
"676391","Ernie Clement","sac_fly_scores",12,12,6,0.5,0.5,0.593270173146031,0.593270173146031,0.569456511917257,0.555962103887618,0.25531914893617,"league-shrunk"
"676391","Ernie Clement","second_to_third_on_out",27,27,14,0.518518518518518,0.518518518518518,0.477532255672549,0.477532255672549,0.495381112073213,0.502124013380131,0.435483870967742,"player signal"
"676391","Ernie Clement","single_first_to_third",30,30,8,0.266666666666667,0.266666666666667,0.344619833714905,0.344619833714905,0.308641448923411,0.295899104309756,0.461538461538462,"player signal"
"676391","Ernie Clement","single_second_scores",17,17,11,0.647058823529412,0.647058823529412,0.617619711761971,0.617619711761971,0.627244036762865,0.631918708906157,0.326923076923077,"league-shrunk"
"676391","Ernie Clement","steal_second",160,5,5,0.03125,1,0.0647077913972589,0.881944444444444,0.0372552446097644,0.907608695652174,0.82051282051282,"player signal"
"676391","Ernie Clement","steal_third",91,0,0,0,,0.0135036339397067,0.853503184713376,0.00375100942769631,0.853503184713376,0.722222222222222,"player signal"
"676439","Hunter Feduccia","double_first_scores",5,5,3,0.6,0.6,0.41339590443686,0.41339590443686,0.436721416382253,0.453962012167977,0.125,"league-shrunk"
"676439","Hunter Feduccia","first_to_second_on_out",10,10,2,0.2,0.2,0.249688314632211,0.249688314632211,0.238646466936164,0.23194248797785,0.222222222222222,"league-shrunk"
"676439","Hunter Feduccia","ground_ball_double_play",21,21,6,0.285714285714286,0.285714285714286,0.204819277108434,0.204819277108434,0.235154905335628,0.2483781278962,0.375,"league-shrunk"
"676439","Hunter Feduccia","sac_fly_scores",4,4,2,0.5,0.5,0.593270173146031,0.593270173146031,0.58370400154131,0.576311959846752,0.102564102564103,"league-shrunk"
"676439","Hunter Feduccia","second_to_third_on_out",6,6,4,0.666666666666667,0.666666666666667,0.477532255672549,0.477532255672549,0.505210462159493,0.524815858421079,0.146341463414634,"league-shrunk"
"676439","Hunter Feduccia","single_first_to_third",10,10,1,0.1,0.1,0.344619833714905,0.344619833714905,0.290259870667149,0.257255607388153,0.222222222222222,"league-shrunk"
"676439","Hunter Feduccia","single_second_scores",8,8,3,0.375,0.375,0.617619711761971,0.617619711761971,0.572481160736488,0.542967492758288,0.186046511627907,"league-shrunk"
"676439","Hunter Feduccia","steal_second",48,0,0,0,,0.0647077913972589,0.881944444444444,0.0272864180590851,0.881944444444444,0.578313253012048,"player signal"
"676439","Hunter Feduccia","steal_third",27,0,0,0,,0.0135036339397067,0.853503184713376,0.00762301915951185,0.853503184713376,0.435483870967742,"player signal"
"676475","Alec Burleson","double_first_scores",11,11,6,0.545454545454545,0.545454545454545,0.41339590443686,0.41339590443686,0.44497514468022,0.463487113098741,0.239130434782609,"league-shrunk"
"676475","Alec Burleson","first_to_second_on_out",18,18,5,0.277777777777778,0.277777777777778,0.249688314632211,0.249688314632211,0.25922813230429,0.263733046204994,0.339622641509434,"league-shrunk"
"676475","Alec Burleson","ground_ball_double_play",50,50,13,0.26,0.26,0.204819277108434,0.204819277108434,0.237278525868179,0.245393338058115,0.588235294117647,"player signal"
"676475","Alec Burleson","sac_fly_scores",13,13,6,0.461538461538462,0.461538461538462,0.593270173146031,0.593270173146031,0.557592834585647,0.538027842471889,0.270833333333333,"league-shrunk"
"676475","Alec Burleson","second_to_third_on_out",28,28,10,0.357142857142857,0.357142857142857,0.477532255672549,0.477532255672549,0.424025856326019,0.404251752219693,0.444444444444444,"player signal"
"676475","Alec Burleson","single_first_to_third",23,23,6,0.260869565217391,0.260869565217391,0.344619833714905,0.344619833714905,0.311408520345202,0.297637975777276,0.396551724137931,"league-shrunk"
"676475","Alec Burleson","single_second_scores",19,19,11,0.578947368421053,0.578947368421053,0.617619711761971,0.617619711761971,0.604012776142018,0.597760940857175,0.351851851851852,"league-shrunk"
"676475","Alec Burleson","steal_second",145,2,2,0.0137931034482759,1,0.0647077913972589,0.881944444444444,0.0236931816605781,0.89375,0.805555555555556,"player signal"
"676475","Alec Burleson","steal_third",90,0,0,0,,0.0135036339397067,0.853503184713376,0.00378101750311788,0.853503184713376,0.72,"player signal"
"676551","Brewer Hicklen","double_first_scores",1,1,0,0,0,0.41339590443686,0.41339590443686,0.40191268486917,0.391638225255973,0.0277777777777778,"league-shrunk"
"676551","Brewer Hicklen","first_to_second_on_out",2,2,0,0,0,0.249688314632211,0.249688314632211,0.236191648976416,0.22471948316899,0.0540540540540541,"league-shrunk"
"676551","Brewer Hicklen","ground_ball_double_play",3,3,0,0,0,0.204819277108434,0.204819277108434,0.188649334178821,0.175559380378657,0.0789473684210526,"league-shrunk"
"676551","Brewer Hicklen","sac_fly_scores",2,2,1,0.5,0.5,0.593270173146031,0.593270173146031,0.588228542165164,0.583943155831428,0.0540540540540541,"league-shrunk"
"676551","Brewer Hicklen","second_to_third_on_out",1,1,0,0,0,0.477532255672549,0.477532255672549,0.464267470792756,0.452398979058205,0.0277777777777778,"league-shrunk"
"676551","Brewer Hicklen","single_first_to_third",6,6,2,0.333333333333333,0.333333333333333,0.344619833714905,0.344619833714905,0.342968150732236,0.341798208619512,0.146341463414634,"league-shrunk"
"676551","Brewer Hicklen","single_second_scores",1,1,1,1,1,0.617619711761971,0.617619711761971,0.62824138643525,0.637744990090289,0.0277777777777778,"league-shrunk"
"676551","Brewer Hicklen","steal_second",8,0,0,0,,0.0647077913972589,0.881944444444444,0.0526691325326526,0.881944444444444,0.186046511627907,"league-shrunk"
"676551","Brewer Hicklen","steal_third",8,0,0,0,,0.0135036339397067,0.853503184713376,0.0109913299509241,0.853503184713376,0.186046511627907,"league-shrunk"
"676572","Eric Wagaman","first_to_second_on_out",2,2,0,0,0,0.249688314632211,0.249688314632211,0.236191648976416,0.22471948316899,0.0540540540540541,"league-shrunk"
"676572","Eric Wagaman","ground_ball_double_play",3,3,1,0.333333333333333,0.333333333333333,0.204819277108434,0.204819277108434,0.214965123652505,0.223178427997705,0.0789473684210526,"league-shrunk"
"676572","Eric Wagaman","single_first_to_third",2,2,0,0,0,0.344619833714905,0.344619833714905,0.325991734595181,0.310157850343415,0.0540540540540541,"league-shrunk"
"676572","Eric Wagaman","single_second_scores",1,1,1,1,1,0.617619711761971,0.617619711761971,0.62824138643525,0.637744990090289,0.0277777777777778,"league-shrunk"
"676572","Eric Wagaman","steal_second",11,0,0,0,,0.0647077913972589,0.881944444444444,0.04923418910661,0.881944444444444,0.239130434782609,"league-shrunk"
"676572","Eric Wagaman","steal_third",8,0,0,0,,0.0135036339397067,0.853503184713376,0.0109913299509241,0.853503184713376,0.186046511627907,"league-shrunk"
"676609","José Caballero","double_first_scores",5,5,4,0.8,0.8,0.41339590443686,0.41339590443686,0.461721416382253,0.497440273037543,0.125,"league-shrunk"
"676609","José Caballero","first_to_second_on_out",20,20,8,0.4,0.4,0.249688314632211,0.249688314632211,0.304347109311407,0.328799727983679,0.363636363636364,"league-shrunk"
"676609","José Caballero","ground_ball_double_play",38,38,8,0.210526315789474,0.210526315789474,0.204819277108434,0.204819277108434,0.207790064367057,0.208691910499139,0.520547945205479,"player signal"
"676609","José Caballero","sac_fly_scores",3,3,2,0.666666666666667,0.666666666666667,0.593270173146031,0.593270173146031,0.599064633160818,0.603755386506121,0.0789473684210526,"league-shrunk"
"676609","José Caballero","second_to_third_on_out",13,13,7,0.538461538461538,0.538461538461538,0.477532255672549,0.477532255672549,0.494033936427901,0.503083245229222,0.270833333333333,"league-shrunk"
"676609","José Caballero","single_first_to_third",14,14,5,0.357142857142857,0.357142857142857,0.344619833714905,0.344619833714905,0.348197840408606,0.350098656464634,0.285714285714286,"league-shrunk"
"676609","José Caballero","single_second_scores",15,15,13,0.866666666666667,0.866666666666667,0.617619711761971,0.617619711761971,0.69233379823338,0.730822873082287,0.3,"league-shrunk"
"676609","José Caballero","steal_second",83,25,21,0.301204819277108,0.84,0.0647077913972589,0.881944444444444,0.231057395753424,0.857558139534884,0.703389830508475,"player signal"
"676609","José Caballero","steal_third",45,7,6,0.155555555555556,0.857142857142857,0.0135036339397067,0.853503184713376,0.0934078398486217,0.854522292993631,0.5625,"player signal"
"676694","Jake Meyers","double_first_scores",2,2,1,0.5,0.5,0.41339590443686,0.41339590443686,0.418077206899733,0.422056313993174,0.0540540540540541,"league-shrunk"
"676694","Jake Meyers","first_to_second_on_out",13,13,2,0.153846153846154,0.153846153846154,0.249688314632211,0.249688314632211,0.223731062752654,0.209496440754187,0.270833333333333,"league-shrunk"
"676694","Jake Meyers","ground_ball_double_play",18,18,1,0.0555555555555556,0.0555555555555556,0.204819277108434,0.204819277108434,0.154125937713117,0.130187416331995,0.339622641509434,"league-shrunk"
"676694","Jake Meyers","sac_fly_scores",1,1,0,0,0,0.593270173146031,0.593270173146031,0.576790446114197,0.562045427190976,0.0277777777777778,"league-shrunk"
"676694","Jake Meyers","second_to_third_on_out",3,3,1,0.333333333333333,0.333333333333333,0.477532255672549,0.477532255672549,0.466148130224717,0.45693240962409,0.0789473684210526,"league-shrunk"
"676694","Jake Meyers","single_first_to_third",5,5,1,0.2,0.2,0.344619833714905,0.344619833714905,0.326542354500542,0.313180739429056,0.125,"league-shrunk"
"676694","Jake Meyers","single_second_scores",5,5,3,0.6,0.6,0.617619711761971,0.617619711761971,0.615417247791725,0.613789339639804,0.125,"league-shrunk"
"676694","Jake Meyers","steal_second",45,1,0,0.0222222222222222,0,0.0647077913972589,0.881944444444444,0.0408096587363008,0.835526315789474,0.5625,"player signal"
"676694","Jake Meyers","steal_third",22,1,1,0.0454545454545455,1,0.0135036339397067,0.853503184713376,0.0258355646998199,0.861213543412672,0.385964912280702,"league-shrunk"
"676724","Jared Young","double_first_scores",9,9,5,0.555555555555556,0.555555555555556,0.41339590443686,0.41339590443686,0.442474014892957,0.460782454809759,0.204545454545455,"league-shrunk"
"676724","Jared Young","first_to_second_on_out",22,22,3,0.136363636363636,0.136363636363636,0.249688314632211,0.249688314632211,0.205948965125042,0.187359741584495,0.385964912280702,"league-shrunk"
"676724","Jared Young","ground_ball_double_play",32,32,6,0.1875,0.1875,0.204819277108434,0.204819277108434,0.196547383564107,0.193734939759036,0.477611940298507,"player signal"
"676724","Jared Young","sac_fly_scores",8,8,2,0.25,0.25,0.593270173146031,0.593270173146031,0.529405954886304,0.48764858140879,0.186046511627907,"league-shrunk"
"676724","Jared Young","second_to_third_on_out",22,22,13,0.590909090909091,0.590909090909091,0.477532255672549,0.477532255672549,0.521291735939285,0.539889515052647,0.385964912280702,"league-shrunk"
"676724","Jared Young","single_first_to_third",18,18,5,0.277777777777778,0.277777777777778,0.344619833714905,0.344619833714905,0.321918758113617,0.311198805746342,0.339622641509434,"league-shrunk"
"676724","Jared Young","single_second_scores",8,8,5,0.625,0.625,0.617619711761971,0.617619711761971,0.618992788643465,0.619890569681365,0.186046511627907,"league-shrunk"
"676724","Jared Young","steal_second",99,3,3,0.0303030303030303,1,0.0647077913972589,0.881944444444444,0.039289348499284,0.898809523809524,0.738805970149254,"player signal"
"676724","Jared Young","steal_third",59,0,0,0,,0.0135036339397067,0.853503184713376,0.0050279488073376,0.853503184713376,0.627659574468085,"player signal"
"676914","Davis Schneider","double_first_scores",3,3,2,0.666666666666667,0.666666666666667,0.41339590443686,0.41339590443686,0.433390964612897,0.449577441898261,0.0789473684210526,"league-shrunk"
"676914","Davis Schneider","first_to_second_on_out",11,11,1,0.0909090909090909,0.0909090909090909,0.249688314632211,0.249688314632211,0.211719369828856,0.189461712530338,0.239130434782609,"league-shrunk"
"676914","Davis Schneider","ground_ball_double_play",16,16,2,0.125,0.125,0.204819277108434,0.204819277108434,0.179777935270494,0.167257264351524,0.313725490196078,"league-shrunk"
"676914","Davis Schneider","sac_fly_scores",4,4,3,0.75,0.75,0.593270173146031,0.593270173146031,0.609345027182335,0.621766505301298,0.102564102564103,"league-shrunk"
"676914","Davis Schneider","second_to_third_on_out",5,5,0,0,0,0.477532255672549,0.477532255672549,0.417840723713481,0.373720895743734,0.125,"league-shrunk"
"676914","Davis Schneider","single_first_to_third",10,10,1,0.1,0.1,0.344619833714905,0.344619833714905,0.290259870667149,0.257255607388153,0.222222222222222,"league-shrunk"
"676914","Davis Schneider","single_second_scores",5,5,3,0.6,0.6,0.617619711761971,0.617619711761971,0.615417247791725,0.613789339639804,0.125,"league-shrunk"
"676914","Davis Schneider","steal_second",39,1,1,0.0256410256410256,1,0.0647077913972589,0.881944444444444,0.04411854998519,0.888157894736842,0.527027027027027,"player signal"
"676914","Davis Schneider","steal_third",17,0,0,0,,0.0135036339397067,0.853503184713376,0.0090889843824949,0.853503184713376,0.326923076923077,"league-shrunk"
"677008","Heston Kjerstad","double_first_scores",1,1,0,0,0,0.41339590443686,0.41339590443686,0.40191268486917,0.391638225255973,0.0277777777777778,"league-shrunk"
"677008","Heston Kjerstad","steal_second",1,0,0,0,,0.0647077913972589,0.881944444444444,0.062910352747335,0.881944444444444,0.0277777777777778,"league-shrunk"
"677060","Chad Stevens","first_to_second_on_out",2,2,0,0,0,0.249688314632211,0.249688314632211,0.236191648976416,0.22471948316899,0.0540540540540541,"league-shrunk"
"677060","Chad Stevens","ground_ball_double_play",3,3,0,0,0,0.204819277108434,0.204819277108434,0.188649334178821,0.175559380378657,0.0789473684210526,"league-shrunk"
"677060","Chad Stevens","single_first_to_third",2,2,1,0.5,0.5,0.344619833714905,0.344619833714905,0.353018761622208,0.360157850343415,0.0540540540540541,"league-shrunk"
"677060","Chad Stevens","steal_second",7,0,0,0,,0.0647077913972589,0.881944444444444,0.0539231594977157,0.881944444444444,0.166666666666667,"league-shrunk"
"677060","Chad Stevens","steal_third",2,0,0,0,,0.0135036339397067,0.853503184713376,0.0127737077808036,0.853503184713376,0.0540540540540541,"league-shrunk"
"677347","Kyren Paris","steal_second",2,0,0,0,,0.0647077913972589,0.881944444444444,0.061210072943353,0.881944444444444,0.0540540540540541,"league-shrunk"
"677587","Brayan Rocchio","double_first_scores",7,7,1,0.142857142857143,0.142857142857143,0.41339590443686,0.41339590443686,0.368306110840241,0.337645051194539,0.166666666666667,"league-shrunk"
"677587","Brayan Rocchio","first_to_second_on_out",27,27,12,0.444444444444444,0.444444444444444,0.249688314632211,0.249688314632211,0.334501467937539,0.366541992519551,0.435483870967742,"player signal"
"677587","Brayan Rocchio","ground_ball_double_play",48,48,11,0.229166666666667,0.229166666666667,0.204819277108434,0.204819277108434,0.218899695166207,0.222526469514421,0.578313253012048,"player signal"
"677587","Brayan Rocchio","sac_fly_scores",10,10,7,0.7,0.7,0.593270173146031,0.593270173146031,0.616987912446913,0.63138796845102,0.222222222222222,"league-shrunk"
"677587","Brayan Rocchio","second_to_third_on_out",24,24,10,0.416666666666667,0.416666666666667,0.477532255672549,0.477532255672549,0.452773372009139,0.442751919097759,0.406779661016949,"league-shrunk"
"677587","Brayan Rocchio","single_first_to_third",27,27,10,0.37037037037037,0.37037037037037,0.344619833714905,0.344619833714905,0.355833777097124,0.360070155708184,0.435483870967742,"player signal"
"677587","Brayan Rocchio","single_second_scores",13,13,11,0.846153846153846,0.846153846153846,0.617619711761971,0.617619711761971,0.679514373159771,0.713456606829532,0.270833333333333,"league-shrunk"
"677587","Brayan Rocchio","steal_second",122,16,12,0.131147540983607,0.75,0.0647077913972589,0.881944444444444,0.116336131840153,0.819852941176471,0.777070063694268,"player signal"
"677587","Brayan Rocchio","steal_third",84,2,2,0.0238095238095238,1,0.0135036339397067,0.853503184713376,0.0207783797301658,0.868152866242038,0.705882352941177,"player signal"
"677588","José Tena","double_first_scores",4,4,0,0,0,0.41339590443686,0.41339590443686,0.370996324494618,0.338233012721067,0.102564102564103,"league-shrunk"
"677588","José Tena","first_to_second_on_out",11,11,2,0.181818181818182,0.181818181818182,0.249688314632211,0.249688314632211,0.233458500263639,0.223944471151028,0.239130434782609,"league-shrunk"
"677588","José Tena","ground_ball_double_play",22,22,3,0.136363636363636,0.136363636363636,0.204819277108434,0.204819277108434,0.178397801733249,0.167168674698795,0.385964912280702,"league-shrunk"
"677588","José Tena","sac_fly_scores",6,6,3,0.5,0.5,0.593270173146031,0.593270173146031,0.579620879514904,0.569952629859523,0.146341463414634,"league-shrunk"
"677588","José Tena","second_to_third_on_out",7,7,2,0.285714285714286,0.285714285714286,0.477532255672549,0.477532255672549,0.445562594012839,0.423823224084235,0.166666666666667,"league-shrunk"
"677588","José Tena","single_first_to_third",10,10,5,0.5,0.5,0.344619833714905,0.344619833714905,0.379148759556038,0.400112750245296,0.222222222222222,"league-shrunk"
"677588","José Tena","single_second_scores",8,8,6,0.75,0.75,0.617619711761971,0.617619711761971,0.642248602596953,0.658352108142903,0.186046511627907,"league-shrunk"
"677588","José Tena","steal_second",64,4,4,0.0625,1,0.0647077913972589,0.881944444444444,0.0632805323121622,0.903409090909091,0.646464646464647,"player signal"
"677588","José Tena","steal_third",40,0,0,0,,0.0135036339397067,0.853503184713376,0.00630169583852979,0.853503184713376,0.533333333333333,"player signal"
"677592","Everson Pereira","double_first_scores",1,1,0,0,0,0.41339590443686,0.41339590443686,0.40191268486917,0.391638225255973,0.0277777777777778,"league-shrunk"
"677592","Everson Pereira","first_to_second_on_out",4,4,3,0.75,0.75,0.249688314632211,0.249688314632211,0.301002333644292,0.340654075608173,0.102564102564103,"league-shrunk"
"677592","Everson Pereira","ground_ball_double_play",10,10,2,0.2,0.2,0.204819277108434,0.204819277108434,0.203748326639893,0.203098106712565,0.222222222222222,"league-shrunk"
"677592","Everson Pereira","sac_fly_scores",2,2,0,0,0,0.593270173146031,0.593270173146031,0.561201515138137,0.533943155831428,0.0540540540540541,"league-shrunk"
"677592","Everson Pereira","second_to_third_on_out",6,6,3,0.5,0.5,0.477532255672549,0.477532255672549,0.480820218257054,0.483149191754412,0.146341463414634,"league-shrunk"
"677592","Everson Pereira","single_first_to_third",2,2,0,0,0,0.344619833714905,0.344619833714905,0.325991734595181,0.310157850343415,0.0540540540540541,"league-shrunk"
"677592","Everson Pereira","single_second_scores",2,2,1,0.5,0.5,0.617619711761971,0.617619711761971,0.611261889504567,0.605857740585774,0.0540540540540541,"league-shrunk"
"677592","Everson Pereira","steal_second",25,1,1,0.04,1,0.0647077913972589,0.881944444444444,0.0544128783150677,0.888157894736842,0.416666666666667,"player signal"
"677592","Everson Pereira","steal_third",19,0,0,0,,0.0135036339397067,0.853503184713376,0.00875235533129138,0.853503184713376,0.351851851851852,"league-shrunk"
"677594","Julio Rodríguez","double_first_scores",6,6,4,0.666666666666667,0.666666666666667,0.41339590443686,0.41339590443686,0.45045991842171,0.476713594994312,0.146341463414634,"league-shrunk"
"677594","Julio Rodríguez","first_to_second_on_out",25,25,11,0.44,0.44,0.249688314632211,0.249688314632211,0.328984850202123,0.360334643334414,0.416666666666667,"player signal"
"677594","Julio Rodríguez","ground_ball_double_play",54,54,16,0.296296296296296,0.296296296296296,0.204819277108434,0.204819277108434,0.260322187626912,0.273427041499331,0.606741573033708,"player signal"
"677594","Julio Rodríguez","sac_fly_scores",7,7,6,0.857142857142857,0.857142857142857,0.593270173146031,0.593270173146031,0.637248953812169,0.667154524665142,0.166666666666667,"league-shrunk"
"677594","Julio Rodríguez","second_to_third_on_out",14,14,7,0.5,0.5,0.477532255672549,0.477532255672549,0.483951611194678,0.487361893815809,0.285714285714286,"league-shrunk"
"677594","Julio Rodríguez","single_first_to_third",30,30,15,0.5,0.5,0.344619833714905,0.344619833714905,0.416333756615718,0.44173243764309,0.461538461538462,"player signal"
"677594","Julio Rodríguez","single_second_scores",13,13,12,0.923076923076923,0.923076923076923,0.617619711761971,0.617619711761971,0.700347706493104,0.745714671345661,0.270833333333333,"league-shrunk"
"677594","Julio Rodríguez","steal_second",118,16,16,0.135593220338983,1,0.0647077913972589,0.881944444444444,0.119377599339242,0.9375,0.77124183006536,"player signal"
"677594","Julio Rodríguez","steal_third",68,5,4,0.0735294117647059,0.8,0.0135036339397067,0.853503184713376,0.053132302795046,0.841872057601773,0.660194174757282,"player signal"
"677595","Ronny Mauricio","first_to_second_on_out",1,1,0,0,0,0.249688314632211,0.249688314632211,0.24275252811465,0.236546824388411,0.0277777777777778,"league-shrunk"
"677595","Ronny Mauricio","ground_ball_double_play",5,5,2,0.4,0.4,0.204819277108434,0.204819277108434,0.229216867469879,0.247249869041383,0.125,"league-shrunk"
"677595","Ronny Mauricio","second_to_third_on_out",2,2,1,0.5,0.5,0.477532255672549,0.477532255672549,0.478746728338898,0.479779030105294,0.0540540540540541,"league-shrunk"
"677595","Ronny Mauricio","single_first_to_third",1,1,0,0,0,0.344619833714905,0.344619833714905,0.335047060556158,0.32648194772991,0.0277777777777778,"league-shrunk"
"677595","Ronny Mauricio","single_second_scores",2,2,0,0,0,0.617619711761971,0.617619711761971,0.58423486247754,0.555857740585774,0.0540540540540541,"league-shrunk"
"677595","Ronny Mauricio","steal_second",7,0,0,0,,0.0647077913972589,0.881944444444444,0.0539231594977157,0.881944444444444,0.166666666666667,"league-shrunk"
"677595","Ronny Mauricio","steal_third",4,0,0,0,,0.0135036339397067,0.853503184713376,0.0121186458433265,0.853503184713376,0.102564102564103,"league-shrunk"
"677649","Ezequiel Duran","double_first_scores",9,9,2,0.222222222222222,0.222222222222222,0.41339590443686,0.41339590443686,0.374292196711139,0.349671343698647,0.204545454545455,"league-shrunk"
"677649","Ezequiel Duran","first_to_second_on_out",32,32,12,0.375,0.375,0.249688314632211,0.249688314632211,0.309538671822797,0.329887793267596,0.477611940298507,"player signal"
"677649","Ezequiel Duran","ground_ball_double_play",53,53,11,0.207547169811321,0.207547169811321,0.204819277108434,0.204819277108434,0.206462212486309,0.206855591379603,0.602272727272727,"player signal"
"677649","Ezequiel Duran","sac_fly_scores",11,11,7,0.636363636363636,0.636363636363636,0.593270173146031,0.593270173146031,0.603575131741545,0.609615969538916,0.239130434782609,"league-shrunk"
"677649","Ezequiel Duran","second_to_third_on_out",26,26,12,0.461538461538462,0.461538461538462,0.477532255672549,0.477532255672549,0.470715228664577,0.468081377320588,0.426229508196721,"player signal"
"677649","Ezequiel Duran","single_first_to_third",21,21,8,0.380952380952381,0.380952380952381,0.344619833714905,0.344619833714905,0.358244538928959,0.364183512996623,0.375,"league-shrunk"
"677649","Ezequiel Duran","single_second_scores",15,15,10,0.666666666666667,0.666666666666667,0.617619711761971,0.617619711761971,0.63233379823338,0.639913782173196,0.3,"league-shrunk"
"677649","Ezequiel Duran","steal_second",120,13,11,0.108333333333333,0.846153846153846,0.0647077913972589,0.881944444444444,0.0984824045090585,0.866935483870968,0.774193548387097,"player signal"
"677649","Ezequiel Duran","steal_third",90,0,0,0,,0.0135036339397067,0.853503184713376,0.00378101750311788,0.853503184713376,0.72,"player signal"
"677800","Wilyer Abreu","double_first_scores",11,11,7,0.636363636363636,0.636363636363636,0.41339590443686,0.41339590443686,0.466714275115002,0.49796987171943,0.239130434782609,"league-shrunk"
"677800","Wilyer Abreu","first_to_second_on_out",18,18,3,0.166666666666667,0.166666666666667,0.249688314632211,0.249688314632211,0.221492283247687,0.208177490649439,0.339622641509434,"league-shrunk"
"677800","Wilyer Abreu","ground_ball_double_play",46,46,13,0.282608695652174,0.282608695652174,0.204819277108434,0.204819277108434,0.248995983935743,0.260730421686747,0.567901234567901,"player signal"
"677800","Wilyer Abreu","sac_fly_scores",6,6,4,0.666666666666667,0.666666666666667,0.593270173146031,0.593270173146031,0.604011123417343,0.61161929652619,0.146341463414634,"league-shrunk"
"677800","Wilyer Abreu","second_to_third_on_out",17,17,7,0.411764705882353,0.411764705882353,0.477532255672549,0.477532255672549,0.456031325933447,0.445588017203025,0.326923076923077,"league-shrunk"
"677800","Wilyer Abreu","single_first_to_third",25,25,6,0.24,0.24,0.344619833714905,0.344619833714905,0.301028236333695,0.283794348996937,0.416666666666667,"player signal"
"677800","Wilyer Abreu","single_second_scores",6,6,3,0.5,0.5,0.617619711761971,0.617619711761971,0.600407071016317,0.588214783821478,0.146341463414634,"league-shrunk"
"677800","Wilyer Abreu","steal_second",133,11,8,0.0827067669172932,0.727272727272727,0.0647077913972589,0.881944444444444,0.0789569803506194,0.823275862068966,0.791666666666667,"player signal"
"677800","Wilyer Abreu","steal_third",77,0,0,0,,0.0135036339397067,0.853503184713376,0.00421988560615834,0.853503184713376,0.6875,"player signal"
"677870","Leo Jiménez","double_first_scores",1,1,0,0,0,0.41339590443686,0.41339590443686,0.40191268486917,0.391638225255973,0.0277777777777778,"league-shrunk"
"677870","Leo Jiménez","first_to_second_on_out",10,10,2,0.2,0.2,0.249688314632211,0.249688314632211,0.238646466936164,0.23194248797785,0.222222222222222,"league-shrunk"
"677870","Leo Jiménez","ground_ball_double_play",23,23,4,0.173913043478261,0.173913043478261,0.204819277108434,0.204819277108434,0.192563356875779,0.187481633852483,0.396551724137931,"league-shrunk"
"677870","Leo Jiménez","sac_fly_scores",4,4,3,0.75,0.75,0.593270173146031,0.593270173146031,0.609345027182335,0.621766505301298,0.102564102564103,"league-shrunk"
"677870","Leo Jiménez","second_to_third_on_out",6,6,5,0.833333333333333,0.833333333333333,0.477532255672549,0.477532255672549,0.529600706061932,0.566482525087745,0.146341463414634,"league-shrunk"
"677870","Leo Jiménez","single_first_to_third",10,10,2,0.2,0.2,0.344619833714905,0.344619833714905,0.312482092889371,0.292969893102439,0.222222222222222,"league-shrunk"
"677870","Leo Jiménez","single_second_scores",5,5,3,0.6,0.6,0.617619711761971,0.617619711761971,0.615417247791725,0.613789339639804,0.125,"league-shrunk"
"677870","Leo Jiménez","steal_second",51,1,1,0.0196078431372549,1,0.0647077913972589,0.881944444444444,0.0379624732430705,0.888157894736842,0.593023255813954,"player signal"
"677870","Leo Jiménez","steal_third",22,0,0,0,,0.0135036339397067,0.853503184713376,0.0082917050506971,0.853503184713376,0.385964912280702,"league-shrunk"
"677942","Blaze Alexander","double_first_scores",3,3,3,1,1,0.41339590443686,0.41339590443686,0.459706754086582,0.497196489517309,0.0789473684210526,"league-shrunk"
"677942","Blaze Alexander","first_to_second_on_out",19,19,3,0.157894736842105,0.157894736842105,0.249688314632211,0.249688314632211,0.217390574298655,0.202551071983238,0.351851851851852,"league-shrunk"
"677942","Blaze Alexander","ground_ball_double_play",32,32,5,0.15625,0.15625,0.204819277108434,0.204819277108434,0.181622010429779,0.173734939759036,0.477611940298507,"player signal"
"677942","Blaze Alexander","sac_fly_scores",9,9,5,0.555555555555556,0.555555555555556,0.593270173146031,0.593270173146031,0.585555819547979,0.580698633949206,0.204545454545455,"league-shrunk"
"677942","Blaze Alexander","second_to_third_on_out",14,14,8,0.571428571428571,0.571428571428571,0.477532255672549,0.477532255672549,0.504359774459984,0.518611893815809,0.285714285714286,"league-shrunk"
"677942","Blaze Alexander","single_first_to_third",22,22,7,0.318181818181818,0.318181818181818,0.344619833714905,0.344619833714905,0.334415687368802,0.330078925171707,0.385964912280702,"league-shrunk"
"677942","Blaze Alexander","single_second_scores",7,7,4,0.571428571428571,0.571428571428571,0.617619711761971,0.617619711761971,0.609921188373071,0.604686192468619,0.166666666666667,"league-shrunk"
"677942","Blaze Alexander","steal_second",89,10,9,0.112359550561798,0.9,0.0647077913972589,0.881944444444444,0.0989094572492263,0.888392857142857,0.717741935483871,"player signal"
"677942","Blaze Alexander","steal_third",50,0,0,0,,0.0135036339397067,0.853503184713376,0.00556031985752629,0.853503184713376,0.588235294117647,"player signal"
"677943","Will Banfield","single_first_to_third",1,1,0,0,0,0.344619833714905,0.344619833714905,0.335047060556158,0.32648194772991,0.0277777777777778,"league-shrunk"
"677943","Will Banfield","steal_second",2,0,0,0,,0.0647077913972589,0.881944444444444,0.061210072943353,0.881944444444444,0.0540540540540541,"league-shrunk"
"677943","Will Banfield","steal_third",2,0,0,0,,0.0135036339397067,0.853503184713376,0.0127737077808036,0.853503184713376,0.0540540540540541,"league-shrunk"
"677950","Alek Thomas","double_first_scores",1,1,0,0,0,0.41339590443686,0.41339590443686,0.40191268486917,0.391638225255973,0.0277777777777778,"league-shrunk"
"677950","Alek Thomas","first_to_second_on_out",2,2,0,0,0,0.249688314632211,0.249688314632211,0.236191648976416,0.22471948316899,0.0540540540540541,"league-shrunk"
"677950","Alek Thomas","ground_ball_double_play",6,6,1,0.166666666666667,0.166666666666667,0.204819277108434,0.204819277108434,0.199235968263297,0.195281124497992,0.146341463414634,"league-shrunk"
"677950","Alek Thomas","second_to_third_on_out",5,5,1,0.2,0.2,0.477532255672549,0.477532255672549,0.442840723713481,0.417199156613299,0.125,"league-shrunk"
"677950","Alek Thomas","single_first_to_third",4,4,2,0.5,0.5,0.344619833714905,0.344619833714905,0.360556261026197,0.372870773039468,0.102564102564103,"league-shrunk"
"677950","Alek Thomas","single_second_scores",2,2,2,1,1,0.617619711761971,0.617619711761971,0.638288916531594,0.655857740585774,0.0540540540540541,"league-shrunk"
"677950","Alek Thomas","steal_second",12,4,4,0.333333333333333,1,0.0647077913972589,0.881944444444444,0.133293036146895,0.903409090909091,0.25531914893617,"league-shrunk"
"677950","Alek Thomas","steal_third",16,0,0,0,,0.0135036339397067,0.853503184713376,0.00926719976254382,0.853503184713376,0.313725490196078,"league-shrunk"
"677951","Bobby Witt Jr.","double_first_scores",12,12,7,0.583333333333333,0.583333333333333,0.41339590443686,0.41339590443686,0.456784184155109,0.481370875995449,0.25531914893617,"league-shrunk"
"677951","Bobby Witt Jr.","first_to_second_on_out",36,36,9,0.25,0.25,0.249688314632211,0.249688314632211,0.249846352283484,0.249896104877404,0.507042253521127,"player signal"
"677951","Bobby Witt Jr.","ground_ball_double_play",55,55,11,0.2,0.2,0.204819277108434,0.204819277108434,0.201874163319946,0.201188314903449,0.611111111111111,"player signal"
"677951","Bobby Witt Jr.","sac_fly_scores",17,17,13,0.764705882352941,0.764705882352941,0.593270173146031,0.593270173146031,0.649316462694444,0.676538946189387,0.326923076923077,"league-shrunk"
"677951","Bobby Witt Jr.","second_to_third_on_out",27,27,19,0.703703703703704,0.703703703703704,0.477532255672549,0.477532255672549,0.576026273363536,0.613235124491242,0.435483870967742,"player signal"
"677951","Bobby Witt Jr.","single_first_to_third",40,40,25,0.625,0.625,0.344619833714905,0.344619833714905,0.494155922400289,0.53798546563566,0.533333333333333,"player signal"
"677951","Bobby Witt Jr.","single_second_scores",12,12,10,0.833333333333333,0.833333333333333,0.617619711761971,0.617619711761971,0.67269553003551,0.703905160390516,0.25531914893617,"league-shrunk"
"677951","Bobby Witt Jr.","steal_second",167,36,32,0.215568862275449,0.888888888888889,0.0647077913972589,0.881944444444444,0.189429567816357,0.886574074074074,0.826732673267327,"player signal"
"677951","Bobby Witt Jr.","steal_third",83,4,4,0.0481927710843374,1,0.0135036339397067,0.853503184713376,0.0379036202363537,0.880138969310944,0.703389830508475,"player signal"
"677956","Rece Hinds","double_first_scores",1,1,0,0,0,0.41339590443686,0.41339590443686,0.40191268486917,0.391638225255973,0.0277777777777778,"league-shrunk"
"677956","Rece Hinds","first_to_second_on_out",2,2,1,0.5,0.5,0.249688314632211,0.249688314632211,0.263218676003443,0.27471948316899,0.0540540540540541,"league-shrunk"
"677956","Rece Hinds","ground_ball_double_play",3,3,0,0,0,0.204819277108434,0.204819277108434,0.188649334178821,0.175559380378657,0.0789473684210526,"league-shrunk"
"677956","Rece Hinds","single_second_scores",3,3,1,0.333333333333333,0.333333333333333,0.617619711761971,0.617619711761971,0.595176050307079,0.577007371986451,0.0789473684210526,"league-shrunk"
"677956","Rece Hinds","steal_second",5,0,0,0,,0.0647077913972589,0.881944444444444,0.0566193174726015,0.881944444444444,0.125,"league-shrunk"
"677956","Rece Hinds","steal_third",8,0,0,0,,0.0135036339397067,0.853503184713376,0.0109913299509241,0.853503184713376,0.186046511627907,"league-shrunk"
"678009","Parker Meadows","double_first_scores",1,1,1,1,1,0.41339590443686,0.41339590443686,0.429690462646947,0.444269804203341,0.0277777777777778,"league-shrunk"
"678009","Parker Meadows","first_to_second_on_out",2,2,0,0,0,0.249688314632211,0.249688314632211,0.236191648976416,0.22471948316899,0.0540540540540541,"league-shrunk"
"678009","Parker Meadows","ground_ball_double_play",4,4,1,0.25,0.25,0.204819277108434,0.204819277108434,0.209453197405005,0.213033953997809,0.102564102564103,"league-shrunk"
"678009","Parker Meadows","sac_fly_scores",1,1,1,1,1,0.593270173146031,0.593270173146031,0.604568223891974,0.614677006138345,0.0277777777777778,"league-shrunk"
"678009","Parker Meadows","second_to_third_on_out",2,2,1,0.5,0.5,0.477532255672549,0.477532255672549,0.478746728338898,0.479779030105294,0.0540540540540541,"league-shrunk"
"678009","Parker Meadows","single_first_to_third",3,3,1,0.333333333333333,0.333333333333333,0.344619833714905,0.344619833714905,0.343728794211097,0.343007476517538,0.0789473684210526,"league-shrunk"
"678009","Parker Meadows","steal_second",12,3,3,0.25,1,0.0647077913972589,0.881944444444444,0.112016440402214,0.898809523809524,0.25531914893617,"league-shrunk"
"678009","Parker Meadows","steal_third",5,0,0,0,,0.0135036339397067,0.853503184713376,0.0118156796972434,0.853503184713376,0.125,"league-shrunk"
"678011","Anthony Seigler","double_first_scores",6,6,2,0.333333333333333,0.333333333333333,0.41339590443686,0.41339590443686,0.401679430616832,0.393380261660978,0.146341463414634,"league-shrunk"
"678011","Anthony Seigler","first_to_second_on_out",11,11,2,0.181818181818182,0.181818181818182,0.249688314632211,0.249688314632211,0.233458500263639,0.223944471151028,0.239130434782609,"league-shrunk"
"678011","Anthony Seigler","ground_ball_double_play",17,17,3,0.176470588235294,0.176470588235294,0.204819277108434,0.204819277108434,0.195551436515292,0.19104991394148,0.326923076923077,"league-shrunk"
"678011","Anthony Seigler","sac_fly_scores",3,3,1,0.333333333333333,0.333333333333333,0.593270173146031,0.593270173146031,0.572748843687134,0.556136338887074,0.0789473684210526,"league-shrunk"
"678011","Anthony Seigler","second_to_third_on_out",11,11,6,0.545454545454545,0.545454545454545,0.477532255672549,0.477532255672549,0.493774542359548,0.503295882831237,0.239130434782609,"league-shrunk"
"678011","Anthony Seigler","single_first_to_third",5,5,0,0,0,0.344619833714905,0.344619833714905,0.301542354500542,0.269702478559491,0.125,"league-shrunk"
"678011","Anthony Seigler","single_second_scores",1,1,0,0,0,0.617619711761971,0.617619711761971,0.600463608657472,0.58511341114292,0.0277777777777778,"league-shrunk"
"678011","Anthony Seigler","steal_second",45,0,0,0,,0.0647077913972589,0.881944444444444,0.0283096587363008,0.881944444444444,0.5625,"player signal"
"678011","Anthony Seigler","steal_third",29,2,2,0.0689655172413793,1,0.0135036339397067,0.853503184713376,0.0386347998107771,0.868152866242038,0.453125,"player signal"
"678218","Brandon Valenzuela","double_first_scores",5,5,1,0.2,0.2,0.41339590443686,0.41339590443686,0.386721416382253,0.367005490428847,0.125,"league-shrunk"
"678218","Brandon Valenzuela","first_to_second_on_out",21,21,4,0.19047619047619,0.19047619047619,0.249688314632211,0.249688314632211,0.227483768073703,0.217804863163585,0.375,"league-shrunk"
"678218","Brandon Valenzuela","ground_ball_double_play",35,35,9,0.257142857142857,0.257142857142857,0.204819277108434,0.204819277108434,0.230981067125645,0.239372584678336,0.5,"player signal"
"678218","Brandon Valenzuela","sac_fly_scores",8,8,4,0.5,0.5,0.593270173146031,0.593270173146031,0.575917582793281,0.564571658331867,0.186046511627907,"league-shrunk"
"678218","Brandon Valenzuela","second_to_third_on_out",12,12,7,0.583333333333333,0.583333333333333,0.477532255672549,0.477532255672549,0.50454529677743,0.519852686736863,0.25531914893617,"league-shrunk"
"678218","Brandon Valenzuela","single_first_to_third",15,15,3,0.2,0.2,0.344619833714905,0.344619833714905,0.301233883600434,0.278883545662676,0.3,"league-shrunk"
"678218","Brandon Valenzuela","single_second_scores",8,8,4,0.5,0.5,0.617619711761971,0.617619711761971,0.595736974689977,0.581429031219826,0.186046511627907,"league-shrunk"
"678218","Brandon Valenzuela","steal_second",72,1,1,0.0138888888888889,1,0.0647077913972589,0.881944444444444,0.0305118943822809,0.888157894736842,0.672897196261682,"player signal"
"678218","Brandon Valenzuela","steal_third",41,0,0,0,,0.0135036339397067,0.853503184713376,0.00621877878802282,0.853503184713376,0.539473684210526,"player signal"
"678225","Jihwan Bae","first_to_second_on_out",1,1,1,1,1,0.249688314632211,0.249688314632211,0.270530305892428,0.289178403335779,0.0277777777777778,"league-shrunk"
"678225","Jihwan Bae","ground_ball_double_play",2,2,0,0,0,0.204819277108434,0.204819277108434,0.193747964832302,0.18433734939759,0.0540540540540541,"league-shrunk"
"678225","Jihwan Bae","second_to_third_on_out",2,2,2,1,1,0.477532255672549,0.477532255672549,0.505773755365925,0.529779030105294,0.0540540540540541,"league-shrunk"
"678225","Jihwan Bae","steal_second",1,0,0,0,,0.0647077913972589,0.881944444444444,0.062910352747335,0.881944444444444,0.0277777777777778,"league-shrunk"
"678225","Jihwan Bae","steal_third",4,0,0,0,,0.0135036339397067,0.853503184713376,0.0121186458433265,0.853503184713376,0.102564102564103,"league-shrunk"
"678246","Miguel Vargas","double_first_scores",9,9,6,0.666666666666667,0.666666666666667,0.41339590443686,0.41339590443686,0.46520128762023,0.497819491846796,0.204545454545455,"league-shrunk"
"678246","Miguel Vargas","first_to_second_on_out",27,27,4,0.148148148148148,0.148148148148148,0.249688314632211,0.249688314632211,0.205469209873023,0.188764214741773,0.435483870967742,"player signal"
"678246","Miguel Vargas","ground_ball_double_play",52,52,7,0.134615384615385,0.134615384615385,0.204819277108434,0.204819277108434,0.162858329871209,0.152667814113597,0.597701149425287,"player signal"
"678246","Miguel Vargas","sac_fly_scores",15,15,10,0.666666666666667,0.666666666666667,0.593270173146031,0.593270173146031,0.615289121202222,0.626632215655411,0.3,"league-shrunk"
"678246","Miguel Vargas","second_to_third_on_out",24,24,14,0.583333333333333,0.583333333333333,0.477532255672549,0.477532255672549,0.520569982178631,0.537990014335854,0.406779661016949,"league-shrunk"
"678246","Miguel Vargas","single_first_to_third",31,31,16,0.516129032258065,0.516129032258065,0.344619833714905,0.344619833714905,0.425177184545783,0.453125653201394,0.46969696969697,"player signal"
"678246","Miguel Vargas","single_second_scores",19,19,13,0.684210526315789,0.684210526315789,0.617619711761971,0.617619711761971,0.641049813179055,0.651814994911229,0.351851851851852,"league-shrunk"
"678246","Miguel Vargas","steal_second",141,14,13,0.099290780141844,0.928571428571429,0.0647077913972589,0.881944444444444,0.0924134812437731,0.90234375,0.801136363636364,"player signal"
"678246","Miguel Vargas","steal_third",82,2,2,0.024390243902439,1,0.0135036339397067,0.853503184713376,0.0211335657084593,0.868152866242038,0.700854700854701,"player signal"
"678391","Jorbit Vivas","double_first_scores",7,7,2,0.285714285714286,0.285714285714286,0.41339590443686,0.41339590443686,0.392115634649764,0.377645051194539,0.166666666666667,"league-shrunk"
"678391","Jorbit Vivas","first_to_second_on_out",25,25,6,0.24,0.24,0.249688314632211,0.249688314632211,0.24565151686879,0.244055573566972,0.416666666666667,"player signal"
"678391","Jorbit Vivas","ground_ball_double_play",47,47,7,0.148936170212766,0.148936170212766,0.204819277108434,0.204819277108434,0.172788715838966,0.164411492122335,0.573170731707317,"player signal"
"678391","Jorbit Vivas","sac_fly_scores",10,10,6,0.6,0.6,0.593270173146031,0.593270173146031,0.594765690224691,0.595673682736734,0.222222222222222,"league-shrunk"
"678391","Jorbit Vivas","second_to_third_on_out",17,17,8,0.470588235294118,0.470588235294118,0.477532255672549,0.477532255672549,0.475262095164216,0.474159445774454,0.326923076923077,"league-shrunk"
"678391","Jorbit Vivas","single_first_to_third",19,19,10,0.526315789473684,0.526315789473684,0.344619833714905,0.344619833714905,0.408549892222624,0.437923162347792,0.351851851851852,"league-shrunk"
"678391","Jorbit Vivas","single_second_scores",7,7,6,0.857142857142857,0.857142857142857,0.617619711761971,0.617619711761971,0.657540235992119,0.684686192468619,0.166666666666667,"league-shrunk"
"678391","Jorbit Vivas","steal_second",88,2,2,0.0227272727272727,1,0.0647077913972589,0.881944444444444,0.0346729487715777,0.89375,0.715447154471545,"player signal"
"678391","Jorbit Vivas","steal_third",58,0,0,0,,0.0135036339397067,0.853503184713376,0.0050820127730079,0.853503184713376,0.623655913978495,"player signal"
"678489","Jorge Barrosa","double_first_scores",1,1,1,1,1,0.41339590443686,0.41339590443686,0.429690462646947,0.444269804203341,0.0277777777777778,"league-shrunk"
"678489","Jorge Barrosa","first_to_second_on_out",6,6,2,0.333333333333333,0.333333333333333,0.249688314632211,0.249688314632211,0.261929049076278,0.270599569307492,0.146341463414634,"league-shrunk"
"678489","Jorge Barrosa","ground_ball_double_play",12,12,3,0.25,0.25,0.204819277108434,0.204819277108434,0.216354780825429,0.22289156626506,0.25531914893617,"league-shrunk"
"678489","Jorge Barrosa","sac_fly_scores",5,5,4,0.8,0.8,0.593270173146031,0.593270173146031,0.619111401502777,0.638211439853415,0.125,"league-shrunk"
"678489","Jorge Barrosa","second_to_third_on_out",7,7,3,0.428571428571429,0.428571428571429,0.477532255672549,0.477532255672549,0.469372117822363,0.463823224084235,0.166666666666667,"league-shrunk"
"678489","Jorge Barrosa","single_first_to_third",8,8,3,0.375,0.375,0.344619833714905,0.344619833714905,0.350271957674923,0.353967577187242,0.186046511627907,"league-shrunk"
"678489","Jorge Barrosa","single_second_scores",5,5,3,0.6,0.6,0.617619711761971,0.617619711761971,0.615417247791725,0.613789339639804,0.125,"league-shrunk"
"678489","Jorge Barrosa","steal_second",34,3,3,0.0882352941176471,1,0.0647077913972589,0.881944444444444,0.0763010536073052,0.898809523809524,0.492753623188406,"player signal"
"678489","Jorge Barrosa","steal_third",29,0,0,0,,0.0135036339397067,0.853503184713376,0.0073847998107771,0.853503184713376,0.453125,"player signal"
"678545","Osleivis Basabe","double_first_scores",3,3,0,0,0,0.41339590443686,0.41339590443686,0.380759385665529,0.354339346660166,0.0789473684210526,"league-shrunk"
"678545","Osleivis Basabe","first_to_second_on_out",5,5,1,0.2,0.2,0.249688314632211,0.249688314632211,0.243477275303185,0.23888650710347,0.125,"league-shrunk"
"678545","Osleivis Basabe","ground_ball_double_play",12,12,1,0.0833333333333333,0.0833333333333333,0.204819277108434,0.204819277108434,0.173801589336068,0.156224899598394,0.25531914893617,"league-shrunk"
"678545","Osleivis Basabe","sac_fly_scores",1,1,0,0,0,0.593270173146031,0.593270173146031,0.576790446114197,0.562045427190976,0.0277777777777778,"league-shrunk"
"678545","Osleivis Basabe","second_to_third_on_out",4,4,2,0.5,0.5,0.477532255672549,0.477532255672549,0.479836639706134,0.481617300095722,0.102564102564103,"league-shrunk"
"678545","Osleivis Basabe","single_first_to_third",4,4,2,0.5,0.5,0.344619833714905,0.344619833714905,0.360556261026197,0.372870773039468,0.102564102564103,"league-shrunk"
"678545","Osleivis Basabe","single_second_scores",3,3,2,0.666666666666667,0.666666666666667,0.617619711761971,0.617619711761971,0.621491839780763,0.624626419605499,0.0789473684210526,"league-shrunk"
"678545","Osleivis Basabe","steal_second",21,3,2,0.142857142857143,0.666666666666667,0.0647077913972589,0.881944444444444,0.0940137981947154,0.851190476190476,0.375,"league-shrunk"
"678545","Osleivis Basabe","steal_third",8,0,0,0,,0.0135036339397067,0.853503184713376,0.0109913299509241,0.853503184713376,0.186046511627907,"league-shrunk"
"678554","Curtis Mead","double_first_scores",6,6,1,0.166666666666667,0.166666666666667,0.41339590443686,0.41339590443686,0.377289186714393,0.351713594994312,0.146341463414634,"league-shrunk"
"678554","Curtis Mead","first_to_second_on_out",14,14,2,0.142857142857143,0.142857142857143,0.249688314632211,0.249688314632211,0.219165122696477,0.202949676980619,0.285714285714286,"league-shrunk"
"678554","Curtis Mead","ground_ball_double_play",31,31,7,0.225806451612903,0.225806451612903,0.204819277108434,0.204819277108434,0.214676889375685,0.218096877305139,0.46969696969697,"player signal"
"678554","Curtis Mead","sac_fly_scores",8,8,4,0.5,0.5,0.593270173146031,0.593270173146031,0.575917582793281,0.564571658331867,0.186046511627907,"league-shrunk"
"678554","Curtis Mead","second_to_third_on_out",13,13,4,0.307692307692308,0.307692307692308,0.477532255672549,0.477532255672549,0.431533936427901,0.406309051680835,0.270833333333333,"league-shrunk"
"678554","Curtis Mead","single_first_to_third",14,14,7,0.5,0.5,0.344619833714905,0.344619833714905,0.389014166939218,0.412598656464634,0.285714285714286,"league-shrunk"
"678554","Curtis Mead","single_second_scores",9,9,6,0.666666666666667,0.666666666666667,0.617619711761971,0.617619711761971,0.627652043447023,0.633968696730203,0.204545454545455,"league-shrunk"
"678554","Curtis Mead","steal_second",72,4,4,0.0555555555555556,1,0.0647077913972589,0.881944444444444,0.058549277559851,0.903409090909091,0.672897196261682,"player signal"
"678554","Curtis Mead","steal_third",44,0,0,0,,0.0135036339397067,0.853503184713376,0.00598262263151563,0.853503184713376,0.556962025316456,"player signal"
"678577","Junior Perez","first_to_second_on_out",1,1,1,1,1,0.249688314632211,0.249688314632211,0.270530305892428,0.289178403335779,0.0277777777777778,"league-shrunk"
"678577","Junior Perez","ground_ball_double_play",2,2,0,0,0,0.204819277108434,0.204819277108434,0.193747964832302,0.18433734939759,0.0540540540540541,"league-shrunk"
"678577","Junior Perez","single_first_to_third",1,1,1,1,1,0.344619833714905,0.344619833714905,0.362824838333936,0.379113526677279,0.0277777777777778,"league-shrunk"
"678577","Junior Perez","steal_second",3,0,0,0,,0.0647077913972589,0.881944444444444,0.0595992815501069,0.881944444444444,0.0789473684210526,"league-shrunk"
"678577","Junior Perez","steal_third",2,0,0,0,,0.0135036339397067,0.853503184713376,0.0127737077808036,0.853503184713376,0.0540540540540541,"league-shrunk"
"678662","Ezequiel Tovar","double_first_scores",5,5,3,0.6,0.6,0.41339590443686,0.41339590443686,0.436721416382253,0.453962012167977,0.125,"league-shrunk"
"678662","Ezequiel Tovar","first_to_second_on_out",17,17,5,0.294117647058824,0.294117647058824,0.249688314632211,0.249688314632211,0.264213288694758,0.271268276096566,0.326923076923077,"league-shrunk"
"678662","Ezequiel Tovar","ground_ball_double_play",39,39,11,0.282051282051282,0.282051282051282,0.204819277108434,0.204819277108434,0.2455226310648,0.257662227858804,0.527027027027027,"player signal"
"678662","Ezequiel Tovar","sac_fly_scores",6,6,3,0.5,0.5,0.593270173146031,0.593270173146031,0.579620879514904,0.569952629859523,0.146341463414634,"league-shrunk"
"678662","Ezequiel Tovar","second_to_third_on_out",21,21,8,0.380952380952381,0.380952380952381,0.477532255672549,0.477532255672549,0.441314802652486,0.425527707746305,0.375,"league-shrunk"
"678662","Ezequiel Tovar","single_first_to_third",17,17,7,0.411764705882353,0.411764705882353,0.344619833714905,0.344619833714905,0.366571041923494,0.377233057339094,0.326923076923077,"league-shrunk"
"678662","Ezequiel Tovar","single_second_scores",12,12,6,0.5,0.5,0.617619711761971,0.617619711761971,0.587589147056787,0.570571827057183,0.25531914893617,"league-shrunk"
"678662","Ezequiel Tovar","steal_second",80,4,4,0.05,1,0.0647077913972589,0.881944444444444,0.0544762843382962,0.903409090909091,0.695652173913043,"player signal"
"678662","Ezequiel Tovar","steal_third",64,0,0,0,,0.0135036339397067,0.853503184713376,0.00477401199888621,0.853503184713376,0.646464646464647,"player signal"
"678760","Eddys Leonard","steal_second",1,0,0,0,,0.0647077913972589,0.881944444444444,0.062910352747335,0.881944444444444,0.0277777777777778,"league-shrunk"
"678760","Eddys Leonard","steal_third",1,0,0,0,,0.0135036339397067,0.853503184713376,0.0131285329969371,0.853503184713376,0.0277777777777778,"league-shrunk"
"678882","Ceddanne Rafaela","double_first_scores",10,10,5,0.5,0.5,0.41339590443686,0.41339590443686,0.432641259006447,0.444325938566553,0.222222222222222,"league-shrunk"
"678882","Ceddanne Rafaela","first_to_second_on_out",33,33,10,0.303030303030303,0.303030303030303,0.249688314632211,0.249688314632211,0.275574867825403,0.2842037188898,0.485294117647059,"player signal"
"678882","Ceddanne Rafaela","ground_ball_double_play",56,56,4,0.0714285714285714,0.0714285714285714,0.204819277108434,0.204819277108434,0.122732688997749,0.103874959296646,0.615384615384615,"player signal"
"678882","Ceddanne Rafaela","sac_fly_scores",10,10,6,0.6,0.6,0.593270173146031,0.593270173146031,0.594765690224691,0.595673682736734,0.222222222222222,"league-shrunk"
"678882","Ceddanne Rafaela","second_to_third_on_out",24,24,10,0.416666666666667,0.416666666666667,0.477532255672549,0.477532255672549,0.452773372009139,0.442751919097759,0.406779661016949,"league-shrunk"
"678882","Ceddanne Rafaela","single_first_to_third",21,21,8,0.380952380952381,0.380952380952381,0.344619833714905,0.344619833714905,0.358244538928959,0.364183512996623,0.375,"league-shrunk"
"678882","Ceddanne Rafaela","single_second_scores",18,18,12,0.666666666666667,0.666666666666667,0.617619711761971,0.617619711761971,0.634277168144698,0.642143189214319,0.339622641509434,"league-shrunk"
"678882","Ceddanne Rafaela","steal_second",138,19,15,0.13768115942029,0.789473684210526,0.0647077913972589,0.881944444444444,0.122917761265341,0.834459459459459,0.797687861271676,"player signal"
"678882","Ceddanne Rafaela","steal_third",84,2,1,0.0238095238095238,0.5,0.0135036339397067,0.853503184713376,0.0207783797301658,0.818152866242038,0.705882352941177,"player signal"
"679529","Spencer Torkelson","double_first_scores",10,10,2,0.2,0.2,0.41339590443686,0.41339590443686,0.36597459233978,0.337183081423696,0.222222222222222,"league-shrunk"
"679529","Spencer Torkelson","first_to_second_on_out",27,27,10,0.37037037037037,0.37037037037037,0.249688314632211,0.249688314632211,0.30224340342141,0.322097548075107,0.435483870967742,"player signal"
"679529","Spencer Torkelson","ground_ball_double_play",47,47,7,0.148936170212766,0.148936170212766,0.204819277108434,0.204819277108434,0.172788715838966,0.164411492122335,0.573170731707317,"player signal"
"679529","Spencer Torkelson","sac_fly_scores",8,8,5,0.625,0.625,0.593270173146031,0.593270173146031,0.599173396746769,0.603033196793406,0.186046511627907,"league-shrunk"
"679529","Spencer Torkelson","second_to_third_on_out",24,24,10,0.416666666666667,0.416666666666667,0.477532255672549,0.477532255672549,0.452773372009139,0.442751919097759,0.406779661016949,"league-shrunk"
"679529","Spencer Torkelson","single_first_to_third",21,21,5,0.238095238095238,0.238095238095238,0.344619833714905,0.344619833714905,0.30467311035753,0.287260436073546,0.375,"league-shrunk"
"679529","Spencer Torkelson","single_second_scores",11,11,9,0.818181818181818,0.818181818181818,0.617619711761971,0.617619711761971,0.665580215471065,0.69369499350743,0.239130434782609,"league-shrunk"
"679529","Spencer Torkelson","steal_second",110,0,0,0,,0.0647077913972589,0.881944444444444,0.0156191220614073,0.881944444444444,0.758620689655172,"player signal"
"679529","Spencer Torkelson","steal_third",78,0,0,0,,0.0135036339397067,0.853503184713376,0.00418254148574986,0.853503184713376,0.690265486725664,"player signal"
"679822","Justin Foscue","double_first_scores",1,1,1,1,1,0.41339590443686,0.41339590443686,0.429690462646947,0.444269804203341,0.0277777777777778,"league-shrunk"
"679822","Justin Foscue","first_to_second_on_out",4,4,1,0.25,0.25,0.249688314632211,0.249688314632211,0.249720282362241,0.249744984699082,0.102564102564103,"league-shrunk"
"679822","Justin Foscue","ground_ball_double_play",17,17,6,0.352941176470588,0.352941176470588,0.204819277108434,0.204819277108434,0.2532437442076,0.276764199655766,0.326923076923077,"league-shrunk"
"679822","Justin Foscue","sac_fly_scores",1,1,0,0,0,0.593270173146031,0.593270173146031,0.576790446114197,0.562045427190976,0.0277777777777778,"league-shrunk"
"679822","Justin Foscue","second_to_third_on_out",9,9,4,0.444444444444444,0.444444444444444,0.477532255672549,0.477532255672549,0.470764294284982,0.466502985263181,0.204545454545455,"league-shrunk"
"679822","Justin Foscue","single_first_to_third",12,12,1,0.0833333333333333,0.0833333333333333,0.344619833714905,0.344619833714905,0.277908386808972,0.240105233562277,0.25531914893617,"league-shrunk"
"679822","Justin Foscue","single_second_scores",4,4,2,0.5,0.5,0.617619711761971,0.617619711761971,0.605556151581256,0.596234309623431,0.102564102564103,"league-shrunk"
"679822","Justin Foscue","steal_second",40,0,0,0,,0.0647077913972589,0.881944444444444,0.0301969693187208,0.881944444444444,0.533333333333333,"player signal"
"679822","Justin Foscue","steal_third",36,0,0,0,,0.0135036339397067,0.853503184713376,0.00665672095619345,0.853503184713376,0.507042253521127,"player signal"
"679845","Nick Loftin","double_first_scores",6,6,3,0.5,0.5,0.41339590443686,0.41339590443686,0.426069674519271,0.435046928327645,0.146341463414634,"league-shrunk"
"679845","Nick Loftin","first_to_second_on_out",26,26,9,0.346153846153846,0.346153846153846,0.249688314632211,0.249688314632211,0.290804770690613,0.306690674167723,0.426229508196721,"player signal"
"679845","Nick Loftin","ground_ball_double_play",43,43,10,0.232558139534884,0.232558139534884,0.204819277108434,0.204819277108434,0.220111214087118,0.224372901441833,0.551282051282051,"player signal"
"679845","Nick Loftin","sac_fly_scores",4,4,1,0.25,0.25,0.593270173146031,0.593270173146031,0.558062975900284,0.530857414392207,0.102564102564103,"league-shrunk"
"679845","Nick Loftin","second_to_third_on_out",27,27,9,0.333333333333333,0.333333333333333,0.477532255672549,0.477532255672549,0.414735950782891,0.39101290226902,0.435483870967742,"player signal"
"679845","Nick Loftin","single_first_to_third",16,16,8,0.5,0.5,0.344619833714905,0.344619833714905,0.393366552549445,0.417739911966715,0.313725490196078,"league-shrunk"
"679845","Nick Loftin","single_second_scores",19,19,12,0.631578947368421,0.631578947368421,0.617619711761971,0.617619711761971,0.622531294660537,0.624787967884202,0.351851851851852,"league-shrunk"
"679845","Nick Loftin","steal_second",85,3,3,0.0352941176470588,1,0.0647077913972589,0.881944444444444,0.0438731058242005,0.898809523809524,0.708333333333333,"player signal"
"679845","Nick Loftin","steal_third",82,0,0,0,,0.0135036339397067,0.853503184713376,0.00403954861444218,0.853503184713376,0.700854700854701,"player signal"
"680474","Max Schuemann","double_first_scores",3,3,2,0.666666666666667,0.666666666666667,0.41339590443686,0.41339590443686,0.433390964612897,0.449577441898261,0.0789473684210526,"league-shrunk"
"680474","Max Schuemann","first_to_second_on_out",4,4,1,0.25,0.25,0.249688314632211,0.249688314632211,0.249720282362241,0.249744984699082,0.102564102564103,"league-shrunk"
"680474","Max Schuemann","ground_ball_double_play",5,5,1,0.2,0.2,0.204819277108434,0.204819277108434,0.204216867469879,0.203771608171818,0.125,"league-shrunk"
"680474","Max Schuemann","sac_fly_scores",1,1,1,1,1,0.593270173146031,0.593270173146031,0.604568223891974,0.614677006138345,0.0277777777777778,"league-shrunk"
"680474","Max Schuemann","second_to_third_on_out",6,6,2,0.333333333333333,0.333333333333333,0.477532255672549,0.477532255672549,0.456429974354615,0.441482525087745,0.146341463414634,"league-shrunk"
"680474","Max Schuemann","single_first_to_third",2,2,1,0.5,0.5,0.344619833714905,0.344619833714905,0.353018761622208,0.360157850343415,0.0540540540540541,"league-shrunk"
"680474","Max Schuemann","single_second_scores",4,4,3,0.75,0.75,0.617619711761971,0.617619711761971,0.631197177222282,0.641688855077976,0.102564102564103,"league-shrunk"
"680474","Max Schuemann","steal_second",23,4,3,0.173913043478261,0.75,0.0647077913972589,0.881944444444444,0.108013322394898,0.857954545454545,0.396551724137931,"league-shrunk"
"680474","Max Schuemann","steal_third",19,0,0,0,,0.0135036339397067,0.853503184713376,0.00875235533129138,0.853503184713376,0.351851851851852,"league-shrunk"
"680574","Matt McLain","double_first_scores",2,2,2,1,1,0.41339590443686,0.41339590443686,0.44510423392676,0.472056313993174,0.0540540540540541,"league-shrunk"
"680574","Matt McLain","first_to_second_on_out",28,28,9,0.321428571428571,0.321428571428571,0.249688314632211,0.249688314632211,0.281572873208371,0.293356297029996,0.444444444444444,"player signal"
"680574","Matt McLain","ground_ball_double_play",46,46,7,0.152173913043478,0.152173913043478,0.204819277108434,0.204819277108434,0.174921909861669,0.166980421686747,0.567901234567901,"player signal"
"680574","Matt McLain","sac_fly_scores",4,4,2,0.5,0.5,0.593270173146031,0.593270173146031,0.58370400154131,0.576311959846752,0.102564102564103,"league-shrunk"
"680574","Matt McLain","second_to_third_on_out",21,21,10,0.476190476190476,0.476190476190476,0.477532255672549,0.477532255672549,0.477029088366772,0.476809759028356,0.375,"league-shrunk"
"680574","Matt McLain","single_first_to_third",30,30,11,0.366666666666667,0.366666666666667,0.344619833714905,0.344619833714905,0.354795295077257,0.358399104309756,0.461538461538462,"player signal"
"680574","Matt McLain","single_second_scores",15,15,8,0.533333333333333,0.533333333333333,0.617619711761971,0.617619711761971,0.59233379823338,0.579307721567136,0.3,"league-shrunk"
"680574","Matt McLain","steal_second",114,13,13,0.114035087719298,1,0.0647077913972589,0.881944444444444,0.102448138918819,0.931451612903226,0.76510067114094,"player signal"
"680574","Matt McLain","steal_third",64,3,3,0.046875,1,0.0135036339397067,0.853503184713376,0.0350770423019165,0.874431301182894,0.646464646464647,"player signal"
"680577","DaShawn Keirsey Jr.","double_first_scores",1,1,0,0,0,0.41339590443686,0.41339590443686,0.40191268486917,0.391638225255973,0.0277777777777778,"league-shrunk"
"680577","DaShawn Keirsey Jr.","first_to_second_on_out",1,1,0,0,0,0.249688314632211,0.249688314632211,0.24275252811465,0.236546824388411,0.0277777777777778,"league-shrunk"
"680577","DaShawn Keirsey Jr.","ground_ball_double_play",1,1,0,0,0,0.204819277108434,0.204819277108434,0.199129852744311,0.194039315155358,0.0277777777777778,"league-shrunk"
"680577","DaShawn Keirsey Jr.","steal_second",2,0,0,0,,0.0647077913972589,0.881944444444444,0.061210072943353,0.881944444444444,0.0540540540540541,"league-shrunk"
"680664","Eduardo Valencia","double_first_scores",2,2,0,0,0,0.41339590443686,0.41339590443686,0.391050179872706,0.372056313993174,0.0540540540540541,"league-shrunk"
"680664","Eduardo Valencia","first_to_second_on_out",7,7,1,0.142857142857143,0.142857142857143,0.249688314632211,0.249688314632211,0.231883119336367,0.219775586535192,0.166666666666667,"league-shrunk"
"680664","Eduardo Valencia","ground_ball_double_play",10,10,1,0.1,0.1,0.204819277108434,0.204819277108434,0.181526104417671,0.167383820998279,0.222222222222222,"league-shrunk"
"680664","Eduardo Valencia","sac_fly_scores",2,2,1,0.5,0.5,0.593270173146031,0.593270173146031,0.588228542165164,0.583943155831428,0.0540540540540541,"league-shrunk"
"680664","Eduardo Valencia","second_to_third_on_out",6,6,0,0,0,0.477532255672549,0.477532255672549,0.407649486549737,0.358149191754412,0.146341463414634,"league-shrunk"
"680664","Eduardo Valencia","single_first_to_third",5,5,2,0.4,0.4,0.344619833714905,0.344619833714905,0.351542354500542,0.356659000298622,0.125,"league-shrunk"
"680664","Eduardo Valencia","single_second_scores",3,3,0,0,0,0.617619711761971,0.617619711761971,0.568860260833394,0.529388324367404,0.0789473684210526,"league-shrunk"
"680664","Eduardo Valencia","steal_second",26,0,0,0,,0.0647077913972589,0.881944444444444,0.0371274212935092,0.881944444444444,0.426229508196721,"player signal"
"680664","Eduardo Valencia","steal_third",20,0,0,0,,0.0135036339397067,0.853503184713376,0.00859322159799518,0.853503184713376,0.363636363636364,"league-shrunk"
"680700","Richie Palacios","double_first_scores",5,5,3,0.6,0.6,0.41339590443686,0.41339590443686,0.436721416382253,0.453962012167977,0.125,"league-shrunk"
"680700","Richie Palacios","first_to_second_on_out",21,21,8,0.380952380952381,0.380952380952381,0.249688314632211,0.249688314632211,0.298912339502275,0.320368965727687,0.375,"league-shrunk"
"680700","Richie Palacios","ground_ball_double_play",32,32,3,0.09375,0.09375,0.204819277108434,0.204819277108434,0.151771264161122,0.133734939759036,0.477611940298507,"player signal"
"680700","Richie Palacios","sac_fly_scores",6,6,4,0.666666666666667,0.666666666666667,0.593270173146031,0.593270173146031,0.604011123417343,0.61161929652619,0.146341463414634,"league-shrunk"
"680700","Richie Palacios","second_to_third_on_out",11,11,6,0.545454545454545,0.545454545454545,0.477532255672549,0.477532255672549,0.493774542359548,0.503295882831237,0.239130434782609,"league-shrunk"
"680700","Richie Palacios","single_first_to_third",18,18,8,0.444444444444444,0.444444444444444,0.344619833714905,0.344619833714905,0.378522531698522,0.394532139079675,0.339622641509434,"league-shrunk"
"680700","Richie Palacios","single_second_scores",10,10,4,0.4,0.4,0.617619711761971,0.617619711761971,0.569259775814867,0.539898386132696,0.222222222222222,"league-shrunk"
"680700","Richie Palacios","steal_second",92,13,11,0.141304347826087,0.846153846153846,0.0647077913972589,0.881944444444444,0.120195060621292,0.866935483870968,0.724409448818898,"player signal"
"680700","Richie Palacios","steal_third",39,0,0,0,,0.0135036339397067,0.853503184713376,0.00638685389040182,0.853503184713376,0.527027027027027,"player signal"
"680716","Jonathan Ornelas","first_to_second_on_out",1,1,1,1,1,0.249688314632211,0.249688314632211,0.270530305892428,0.289178403335779,0.0277777777777778,"league-shrunk"
"680716","Jonathan Ornelas","ground_ball_double_play",1,1,0,0,0,0.204819277108434,0.204819277108434,0.199129852744311,0.194039315155358,0.0277777777777778,"league-shrunk"
"680716","Jonathan Ornelas","second_to_third_on_out",1,1,1,1,1,0.477532255672549,0.477532255672549,0.492045248570534,0.505030558005573,0.0277777777777778,"league-shrunk"
"680716","Jonathan Ornelas","steal_second",5,0,0,0,,0.0647077913972589,0.881944444444444,0.0566193174726015,0.881944444444444,0.125,"league-shrunk"
"680718","Addison Barger","first_to_second_on_out",1,1,0,0,0,0.249688314632211,0.249688314632211,0.24275252811465,0.236546824388411,0.0277777777777778,"league-shrunk"
"680718","Addison Barger","ground_ball_double_play",3,3,1,0.333333333333333,0.333333333333333,0.204819277108434,0.204819277108434,0.214965123652505,0.223178427997705,0.0789473684210526,"league-shrunk"
"680718","Addison Barger","single_first_to_third",2,2,0,0,0,0.344619833714905,0.344619833714905,0.325991734595181,0.310157850343415,0.0540540540540541,"league-shrunk"
"680718","Addison Barger","single_second_scores",1,1,1,1,1,0.617619711761971,0.617619711761971,0.62824138643525,0.637744990090289,0.0277777777777778,"league-shrunk"
"680718","Addison Barger","steal_second",3,0,0,0,,0.0647077913972589,0.881944444444444,0.0595992815501069,0.881944444444444,0.0789473684210526,"league-shrunk"
"680718","Addison Barger","steal_third",3,0,0,0,,0.0135036339397067,0.853503184713376,0.0124375575760456,0.853503184713376,0.0789473684210526,"league-shrunk"
"680728","Adrian Del Castillo","double_first_scores",2,2,0,0,0,0.41339590443686,0.41339590443686,0.391050179872706,0.372056313993174,0.0540540540540541,"league-shrunk"
"680728","Adrian Del Castillo","first_to_second_on_out",5,5,0,0,0,0.249688314632211,0.249688314632211,0.218477275303185,0.195408246233904,0.125,"league-shrunk"
"680728","Adrian Del Castillo","ground_ball_double_play",10,10,2,0.2,0.2,0.204819277108434,0.204819277108434,0.203748326639893,0.203098106712565,0.222222222222222,"league-shrunk"
"680728","Adrian Del Castillo","sac_fly_scores",2,2,0,0,0,0.593270173146031,0.593270173146031,0.561201515138137,0.533943155831428,0.0540540540540541,"league-shrunk"
"680728","Adrian Del Castillo","second_to_third_on_out",10,10,5,0.5,0.5,0.477532255672549,0.477532255672549,0.482525087745316,0.48555645007521,0.222222222222222,"league-shrunk"
"680728","Adrian Del Castillo","single_first_to_third",9,9,2,0.222222222222222,0.222222222222222,0.344619833714905,0.344619833714905,0.319583958636857,0.303820629884011,0.204545454545455,"league-shrunk"
"680728","Adrian Del Castillo","single_second_scores",3,3,1,0.333333333333333,0.333333333333333,0.617619711761971,0.617619711761971,0.595176050307079,0.577007371986451,0.0789473684210526,"league-shrunk"
"680728","Adrian Del Castillo","steal_second",47,1,1,0.0212765957446809,1,0.0647077913972589,0.881944444444444,0.0398143012061471,0.888157894736842,0.573170731707317,"player signal"
"680728","Adrian Del Castillo","steal_third",25,0,0,0,,0.0135036339397067,0.853503184713376,0.00787711979816224,0.853503184713376,0.416666666666667,"player signal"
"680737","Michael Helman","ground_ball_double_play",3,3,1,0.333333333333333,0.333333333333333,0.204819277108434,0.204819277108434,0.214965123652505,0.223178427997705,0.0789473684210526,"league-shrunk"
"680737","Michael Helman","single_first_to_third",2,2,0,0,0,0.344619833714905,0.344619833714905,0.325991734595181,0.310157850343415,0.0540540540540541,"league-shrunk"
"680737","Michael Helman","single_second_scores",1,1,1,1,1,0.617619711761971,0.617619711761971,0.62824138643525,0.637744990090289,0.0277777777777778,"league-shrunk"
"680737","Michael Helman","steal_second",4,0,0,0,,0.0647077913972589,0.881944444444444,0.0580710948436939,0.881944444444444,0.102564102564103,"league-shrunk"
"680737","Michael Helman","steal_third",3,0,0,0,,0.0135036339397067,0.853503184713376,0.0124375575760456,0.853503184713376,0.0789473684210526,"league-shrunk"
"680757","Steven Kwan","double_first_scores",12,12,4,0.333333333333333,0.333333333333333,0.41339590443686,0.41339590443686,0.392954396921066,0.381370875995449,0.25531914893617,"league-shrunk"
"680757","Steven Kwan","first_to_second_on_out",45,45,11,0.244444444444444,0.244444444444444,0.249688314632211,0.249688314632211,0.246738637651592,0.245942693069521,0.5625,"player signal"
"680757","Steven Kwan","ground_ball_double_play",76,76,14,0.184210526315789,0.184210526315789,0.204819277108434,0.204819277108434,0.190708781070227,0.188156882850551,0.684684684684685,"player signal"
"680757","Steven Kwan","sac_fly_scores",15,15,9,0.6,0.6,0.593270173146031,0.593270173146031,0.595289121202222,0.59632918535238,0.3,"league-shrunk"
"680757","Steven Kwan","second_to_third_on_out",30,30,21,0.7,0.7,0.477532255672549,0.477532255672549,0.580209676131373,0.616574595877206,0.461538461538462,"player signal"
"680757","Steven Kwan","single_first_to_third",39,39,17,0.435897435897436,0.435897435897436,0.344619833714905,0.344619833714905,0.39272559702732,0.407072929945058,0.527027027027027,"player signal"
"680757","Steven Kwan","single_second_scores",10,10,7,0.7,0.7,0.617619711761971,0.617619711761971,0.635926442481533,0.647041243275553,0.222222222222222,"league-shrunk"
"680757","Steven Kwan","steal_second",195,10,8,0.0512820512820513,0.8,0.0647077913972589,0.881944444444444,0.0533250986908872,0.852678571428571,0.847826086956522,"player signal"
"680757","Steven Kwan","steal_third",90,0,0,0,,0.0135036339397067,0.853503184713376,0.00378101750311788,0.853503184713376,0.72,"player signal"
"680776","Jarren Duran","double_first_scores",9,9,6,0.666666666666667,0.666666666666667,0.41339590443686,0.41339590443686,0.46520128762023,0.497819491846796,0.204545454545455,"league-shrunk"
"680776","Jarren Duran","first_to_second_on_out",35,35,12,0.342857142857143,0.342857142857143,0.249688314632211,0.249688314632211,0.296272728744677,0.311214899309053,0.5,"player signal"
"680776","Jarren Duran","ground_ball_double_play",50,50,11,0.22,0.22,0.204819277108434,0.204819277108434,0.213749114103473,0.215981573352232,0.588235294117647,"player signal"
"680776","Jarren Duran","sac_fly_scores",7,7,4,0.571428571428571,0.571428571428571,0.593270173146031,0.593270173146031,0.589629906193121,0.587154524665142,0.166666666666667,"league-shrunk"
"680776","Jarren Duran","second_to_third_on_out",16,16,12,0.75,0.75,0.477532255672549,0.477532255672549,0.563012332324299,0.605752370650173,0.313725490196078,"league-shrunk"
"680776","Jarren Duran","single_first_to_third",20,20,11,0.55,0.55,0.344619833714905,0.344619833714905,0.419303530545849,0.452714658075481,0.363636363636364,"league-shrunk"
"680776","Jarren Duran","single_second_scores",10,10,9,0.9,0.9,0.617619711761971,0.617619711761971,0.680370886925978,0.718469814704124,0.222222222222222,"league-shrunk"
"680776","Jarren Duran","steal_second",126,19,19,0.150793650793651,1,0.0647077913972589,0.881944444444444,0.132079333533566,0.942567567567568,0.782608695652174,"player signal"
"680776","Jarren Duran","steal_third",52,0,0,0,,0.0135036339397067,0.853503184713376,0.00543249641252569,0.853503184713376,0.597701149425287,"player signal"
"680777","Ryan Jeffers","double_first_scores",7,7,1,0.142857142857143,0.142857142857143,0.41339590443686,0.41339590443686,0.368306110840241,0.337645051194539,0.166666666666667,"league-shrunk"
"680777","Ryan Jeffers","first_to_second_on_out",18,18,4,0.222222222222222,0.222222222222222,0.249688314632211,0.249688314632211,0.240360207775989,0.235955268427217,0.339622641509434,"league-shrunk"
"680777","Ryan Jeffers","ground_ball_double_play",34,34,11,0.323529411764706,0.323529411764706,0.204819277108434,0.204819277108434,0.263314126069495,0.282437442075996,0.492753623188406,"player signal"
"680777","Ryan Jeffers","sac_fly_scores",4,4,2,0.5,0.5,0.593270173146031,0.593270173146031,0.58370400154131,0.576311959846752,0.102564102564103,"league-shrunk"
"680777","Ryan Jeffers","second_to_third_on_out",11,11,4,0.363636363636364,0.363636363636364,0.477532255672549,0.477532255672549,0.450296281489983,0.434330365589858,0.239130434782609,"league-shrunk"
"680777","Ryan Jeffers","single_first_to_third",20,20,8,0.4,0.4,0.344619833714905,0.344619833714905,0.364758076000394,0.373767289654429,0.363636363636364,"league-shrunk"
"680777","Ryan Jeffers","single_second_scores",12,12,5,0.416666666666667,0.416666666666667,0.617619711761971,0.617619711761971,0.566312551312106,0.537238493723849,0.25531914893617,"league-shrunk"
"680777","Ryan Jeffers","steal_second",78,1,1,0.0128205128205128,1,0.0647077913972589,0.881944444444444,0.0288917937956112,0.888157894736842,0.690265486725664,"player signal"
"680777","Ryan Jeffers","steal_third",54,0,0,0,,0.0135036339397067,0.853503184713376,0.00531041784145769,0.853503184713376,0.606741573033708,"player signal"
"680779","Henry Davis","double_first_scores",1,1,1,1,1,0.41339590443686,0.41339590443686,0.429690462646947,0.444269804203341,0.0277777777777778,"league-shrunk"
"680779","Henry Davis","first_to_second_on_out",14,14,3,0.214285714285714,0.214285714285714,0.249688314632211,0.249688314632211,0.239573285961784,0.234199676980619,0.285714285714286,"league-shrunk"
"680779","Henry Davis","ground_ball_double_play",26,26,9,0.346153846153846,0.346153846153846,0.204819277108434,0.204819277108434,0.265060240963855,0.288335158817087,0.426229508196721,"player signal"
"680779","Henry Davis","sac_fly_scores",4,4,3,0.75,0.75,0.593270173146031,0.593270173146031,0.609345027182335,0.621766505301298,0.102564102564103,"league-shrunk"
"680779","Henry Davis","second_to_third_on_out",9,9,3,0.333333333333333,0.333333333333333,0.477532255672549,0.477532255672549,0.44803702155771,0.429465948226144,0.204545454545455,"league-shrunk"
"680779","Henry Davis","single_first_to_third",15,15,5,0.333333333333333,0.333333333333333,0.344619833714905,0.344619833714905,0.341233883600434,0.339489606268736,0.3,"league-shrunk"
"680779","Henry Davis","single_second_scores",11,11,5,0.454545454545455,0.454545454545455,0.617619711761971,0.617619711761971,0.578623693731935,0.555763959024672,0.239130434782609,"league-shrunk"
"680779","Henry Davis","steal_second",57,2,2,0.0350877192982456,1,0.0647077913972589,0.881944444444444,0.0463562249880876,0.89375,0.619565217391304,"player signal"
"680779","Henry Davis","steal_third",33,1,1,0.0303030303030303,1,0.0135036339397067,0.853503184713376,0.021656282174849,0.861213543412672,0.485294117647059,"player signal"
"680869","Zack Gelof","double_first_scores",11,11,7,0.636363636363636,0.636363636363636,0.41339590443686,0.41339590443686,0.466714275115002,0.49796987171943,0.239130434782609,"league-shrunk"
"680869","Zack Gelof","first_to_second_on_out",19,19,10,0.526315789473684,0.526315789473684,0.249688314632211,0.249688314632211,0.347020203928285,0.391740261172427,0.351851851851852,"league-shrunk"
"680869","Zack Gelof","ground_ball_double_play",33,33,5,0.151515151515152,0.151515151515152,0.204819277108434,0.204819277108434,0.178951098511694,0.170328372312781,0.485294117647059,"player signal"
"680869","Zack Gelof","sac_fly_scores",3,3,0,0,0,0.593270173146031,0.593270173146031,0.546433054213449,0.508517291268026,0.0789473684210526,"league-shrunk"
"680869","Zack Gelof","second_to_third_on_out",15,15,5,0.333333333333333,0.333333333333333,0.477532255672549,0.477532255672549,0.434272578970785,0.411987290972906,0.3,"league-shrunk"
"680869","Zack Gelof","single_first_to_third",12,12,6,0.5,0.5,0.344619833714905,0.344619833714905,0.384291365532376,0.406771900228943,0.25531914893617,"league-shrunk"
"680869","Zack Gelof","single_second_scores",11,11,10,0.909090909090909,0.909090909090909,0.617619711761971,0.617619711761971,0.687319345905848,0.72817775212812,0.239130434782609,"league-shrunk"
"680869","Zack Gelof","steal_second",74,10,10,0.135135135135135,1,0.0647077913972589,0.881944444444444,0.112520850448661,0.924107142857143,0.678899082568807,"player signal"
"680869","Zack Gelof","steal_third",49,1,0,0.0204081632653061,0,0.0135036339397067,0.853503184713376,0.0175312760463064,0.808581964465303,0.583333333333333,"player signal"
"680977","Brendan Donovan","double_first_scores",2,2,2,1,1,0.41339590443686,0.41339590443686,0.44510423392676,0.472056313993174,0.0540540540540541,"league-shrunk"
"680977","Brendan Donovan","first_to_second_on_out",11,11,1,0.0909090909090909,0.0909090909090909,0.249688314632211,0.249688314632211,0.211719369828856,0.189461712530338,0.239130434782609,"league-shrunk"
"680977","Brendan Donovan","ground_ball_double_play",17,17,3,0.176470588235294,0.176470588235294,0.204819277108434,0.204819277108434,0.195551436515292,0.19104991394148,0.326923076923077,"league-shrunk"
"680977","Brendan Donovan","sac_fly_scores",1,1,1,1,1,0.593270173146031,0.593270173146031,0.604568223891974,0.614677006138345,0.0277777777777778,"league-shrunk"
"680977","Brendan Donovan","second_to_third_on_out",9,9,2,0.222222222222222,0.222222222222222,0.477532255672549,0.477532255672549,0.425309748830437,0.392428911189107,0.204545454545455,"league-shrunk"
"680977","Brendan Donovan","single_first_to_third",11,11,3,0.272727272727273,0.272727272727273,0.344619833714905,0.344619833714905,0.327428134348298,0.317350241616148,0.239130434782609,"league-shrunk"
"680977","Brendan Donovan","single_second_scores",4,4,1,0.25,0.25,0.617619711761971,0.617619711761971,0.579915125940231,0.550779764168886,0.102564102564103,"league-shrunk"
"680977","Brendan Donovan","steal_second",62,1,0,0.0161290322580645,0,0.0647077913972589,0.881944444444444,0.0336574505041656,0.835526315789474,0.639175257731959,"player signal"
"680977","Brendan Donovan","steal_third",40,1,1,0.025,1,0.0135036339397067,0.853503184713376,0.0196350291718631,0.861213543412672,0.533333333333333,"player signal"
"681047","Christian Franklin","ground_ball_double_play",3,3,2,0.666666666666667,0.666666666666667,0.204819277108434,0.204819277108434,0.241280913126189,0.270797475616753,0.0789473684210526,"league-shrunk"
"681047","Christian Franklin","sac_fly_scores",1,1,0,0,0,0.593270173146031,0.593270173146031,0.576790446114197,0.562045427190976,0.0277777777777778,"league-shrunk"
"681047","Christian Franklin","single_first_to_third",4,4,2,0.5,0.5,0.344619833714905,0.344619833714905,0.360556261026197,0.372870773039468,0.102564102564103,"league-shrunk"
"681047","Christian Franklin","single_second_scores",1,1,1,1,1,0.617619711761971,0.617619711761971,0.62824138643525,0.637744990090289,0.0277777777777778,"league-shrunk"
"681047","Christian Franklin","steal_second",7,2,2,0.285714285714286,1,0.0647077913972589,0.881944444444444,0.101542207116763,0.89375,0.166666666666667,"league-shrunk"
"681047","Christian Franklin","steal_third",5,0,0,0,,0.0135036339397067,0.853503184713376,0.0118156796972434,0.853503184713376,0.125,"league-shrunk"
"681082","Bryson Stott","double_first_scores",10,10,5,0.5,0.5,0.41339590443686,0.41339590443686,0.432641259006447,0.444325938566553,0.222222222222222,"league-shrunk"
"681082","Bryson Stott","first_to_second_on_out",31,31,9,0.290322580645161,0.290322580645161,0.249688314632211,0.249688314632211,0.268774106244354,0.275395707415914,0.46969696969697,"player signal"
"681082","Bryson Stott","ground_ball_double_play",53,53,10,0.188679245283019,0.188679245283019,0.204819277108434,0.204819277108434,0.195098576122672,0.192771084337349,0.602272727272727,"player signal"
"681082","Bryson Stott","sac_fly_scores",8,8,6,0.75,0.75,0.593270173146031,0.593270173146031,0.622429210700258,0.641494735254944,0.186046511627907,"league-shrunk"
"681082","Bryson Stott","second_to_third_on_out",20,20,9,0.45,0.45,0.477532255672549,0.477532255672549,0.467520526337077,0.46304159479226,0.363636363636364,"league-shrunk"
"681082","Bryson Stott","single_first_to_third",31,31,15,0.483870967741935,0.483870967741935,0.344619833714905,0.344619833714905,0.410025669394268,0.432717489936088,0.46969696969697,"player signal"
"681082","Bryson Stott","single_second_scores",10,10,9,0.9,0.9,0.617619711761971,0.617619711761971,0.680370886925978,0.718469814704124,0.222222222222222,"league-shrunk"
"681082","Bryson Stott","steal_second",139,19,19,0.136690647482014,1,0.0647077913972589,0.881944444444444,0.122211337350023,0.942567567567568,0.798850574712644,"player signal"
"681082","Bryson Stott","steal_third",74,2,2,0.027027027027027,1,0.0135036339397067,0.853503184713376,0.0226846530999058,0.868152866242038,0.678899082568807,"player signal"
"681146","Jonah Bride","first_to_second_on_out",1,1,1,1,1,0.249688314632211,0.249688314632211,0.270530305892428,0.289178403335779,0.0277777777777778,"league-shrunk"
"681146","Jonah Bride","ground_ball_double_play",1,1,0,0,0,0.204819277108434,0.204819277108434,0.199129852744311,0.194039315155358,0.0277777777777778,"league-shrunk"
"681146","Jonah Bride","second_to_third_on_out",1,1,0,0,0,0.477532255672549,0.477532255672549,0.464267470792756,0.452398979058205,0.0277777777777778,"league-shrunk"
"681146","Jonah Bride","single_first_to_third",1,1,0,0,0,0.344619833714905,0.344619833714905,0.335047060556158,0.32648194772991,0.0277777777777778,"league-shrunk"
"681146","Jonah Bride","steal_second",2,0,0,0,,0.0647077913972589,0.881944444444444,0.061210072943353,0.881944444444444,0.0540540540540541,"league-shrunk"
"681146","Jonah Bride","steal_third",4,0,0,0,,0.0135036339397067,0.853503184713376,0.0121186458433265,0.853503184713376,0.102564102564103,"league-shrunk"
"681198","TJ Rumfield","double_first_scores",15,15,2,0.133333333333333,0.133333333333333,0.41339590443686,0.41339590443686,0.329377133105802,0.286094735753439,0.3,"league-shrunk"
"681198","TJ Rumfield","first_to_second_on_out",36,36,8,0.222222222222222,0.222222222222222,0.249688314632211,0.249688314632211,0.235761845241231,0.231377586358885,0.507042253521127,"player signal"
"681198","TJ Rumfield","ground_ball_double_play",66,66,17,0.257575757575758,0.257575757575758,0.204819277108434,0.204819277108434,0.239293808898962,0.246270797475617,0.653465346534653,"player signal"
"681198","TJ Rumfield","sac_fly_scores",15,15,9,0.6,0.6,0.593270173146031,0.593270173146031,0.595289121202222,0.59632918535238,0.3,"league-shrunk"
"681198","TJ Rumfield","second_to_third_on_out",28,28,12,0.428571428571429,0.428571428571429,0.477532255672549,0.477532255672549,0.455771888072051,0.447730013089258,0.444444444444444,"player signal"
"681198","TJ Rumfield","single_first_to_third",34,34,3,0.0882352941176471,0.0882352941176471,0.344619833714905,0.344619833714905,0.218285422898865,0.176983788593621,0.492753623188406,"player signal"
"681198","TJ Rumfield","single_second_scores",19,19,9,0.473684210526316,0.473684210526316,0.617619711761971,0.617619711761971,0.566975739104981,0.543706886803121,0.351851851851852,"league-shrunk"
"681198","TJ Rumfield","steal_second",178,0,0,0,,0.0647077913972589,0.881944444444444,0.0106327356756059,0.881944444444444,0.835680751173709,"player signal"
"681198","TJ Rumfield","steal_third",111,0,0,0,,0.0135036339397067,0.853503184713376,0.0032371725197927,0.853503184713376,0.76027397260274,"player signal"
"681297","Colton Cowser","double_first_scores",6,6,4,0.666666666666667,0.666666666666667,0.41339590443686,0.41339590443686,0.45045991842171,0.476713594994312,0.146341463414634,"league-shrunk"
"681297","Colton Cowser","first_to_second_on_out",24,24,10,0.416666666666667,0.416666666666667,0.249688314632211,0.249688314632211,0.317611712069956,0.345104515794757,0.406779661016949,"league-shrunk"
"681297","Colton Cowser","ground_ball_double_play",30,30,2,0.0666666666666667,0.0666666666666667,0.204819277108434,0.204819277108434,0.141056533827618,0.118473895582329,0.461538461538462,"player signal"
"681297","Colton Cowser","sac_fly_scores",5,5,4,0.8,0.8,0.593270173146031,0.593270173146031,0.619111401502777,0.638211439853415,0.125,"league-shrunk"
"681297","Colton Cowser","second_to_third_on_out",9,9,4,0.444444444444444,0.444444444444444,0.477532255672549,0.477532255672549,0.470764294284982,0.466502985263181,0.204545454545455,"league-shrunk"
"681297","Colton Cowser","single_first_to_third",13,13,4,0.307692307692308,0.307692307692308,0.344619833714905,0.344619833714905,0.334618628750452,0.329134096995752,0.270833333333333,"league-shrunk"
"681297","Colton Cowser","single_second_scores",4,4,4,1,1,0.617619711761971,0.617619711761971,0.656838202863308,0.687143400532522,0.102564102564103,"league-shrunk"
"681297","Colton Cowser","steal_second",87,9,7,0.103448275862069,0.777777777777778,0.0647077913972589,0.881944444444444,0.0923342024500333,0.847222222222222,0.713114754098361,"player signal"
"681297","Colton Cowser","steal_third",36,1,0,0.0277777777777778,0,0.0135036339397067,0.853503184713376,0.020741227998447,0.808581964465303,0.507042253521127,"player signal"
"681351","Logan O'Hoppe","double_first_scores",3,3,1,0.333333333333333,0.333333333333333,0.41339590443686,0.41339590443686,0.407075175139213,0.401958394279213,0.0789473684210526,"league-shrunk"
"681351","Logan O'Hoppe","first_to_second_on_out",6,6,1,0.166666666666667,0.166666666666667,0.249688314632211,0.249688314632211,0.237538805173839,0.228932902640825,0.146341463414634,"league-shrunk"
"681351","Logan O'Hoppe","ground_ball_double_play",20,20,6,0.3,0.3,0.204819277108434,0.204819277108434,0.239430449069003,0.254914394419784,0.363636363636364,"league-shrunk"
"681351","Logan O'Hoppe","sac_fly_scores",3,3,1,0.333333333333333,0.333333333333333,0.593270173146031,0.593270173146031,0.572748843687134,0.556136338887074,0.0789473684210526,"league-shrunk"
"681351","Logan O'Hoppe","second_to_third_on_out",6,6,4,0.666666666666667,0.666666666666667,0.477532255672549,0.477532255672549,0.505210462159493,0.524815858421079,0.146341463414634,"league-shrunk"
"681351","Logan O'Hoppe","single_first_to_third",13,13,1,0.0769230769230769,0.0769230769230769,0.344619833714905,0.344619833714905,0.272118628750452,0.232359903447364,0.270833333333333,"league-shrunk"
"681351","Logan O'Hoppe","single_second_scores",11,11,6,0.545454545454545,0.545454545454545,0.617619711761971,0.617619711761971,0.600362824166717,0.590246717645361,0.239130434782609,"league-shrunk"
"681351","Logan O'Hoppe","steal_second",56,0,0,0,,0.0647077913972589,0.881944444444444,0.0248876120758688,0.881944444444444,0.615384615384615,"player signal"
"681351","Logan O'Hoppe","steal_third",33,0,0,0,,0.0135036339397067,0.853503184713376,0.00695039982190786,0.853503184713376,0.485294117647059,"player signal"
"681393","Connor Norby","double_first_scores",5,5,2,0.4,0.4,0.41339590443686,0.41339590443686,0.411721416382253,0.410483751298412,0.125,"league-shrunk"
"681393","Connor Norby","first_to_second_on_out",14,14,6,0.428571428571429,0.428571428571429,0.249688314632211,0.249688314632211,0.300797775757702,0.327949676980619,0.285714285714286,"league-shrunk"
"681393","Connor Norby","ground_ball_double_play",29,29,8,0.275862068965517,0.275862068965517,0.204819277108434,0.204819277108434,0.237010542168675,0.248654191233017,0.453125,"player signal"
"681393","Connor Norby","sac_fly_scores",6,6,2,0.333333333333333,0.333333333333333,0.593270173146031,0.593270173146031,0.555230635612465,0.528285963192856,0.146341463414634,"league-shrunk"
"681393","Connor Norby","second_to_third_on_out",9,9,7,0.777777777777778,0.777777777777778,0.477532255672549,0.477532255672549,0.538946112466801,0.577614096374292,0.204545454545455,"league-shrunk"
"681393","Connor Norby","single_first_to_third",12,12,4,0.333333333333333,0.333333333333333,0.344619833714905,0.344619833714905,0.341738174043015,0.340105233562277,0.25531914893617,"league-shrunk"
"681393","Connor Norby","single_second_scores",4,4,2,0.5,0.5,0.617619711761971,0.617619711761971,0.605556151581256,0.596234309623431,0.102564102564103,"league-shrunk"
"681393","Connor Norby","steal_second",70,9,6,0.128571428571429,0.666666666666667,0.0647077913972589,0.881944444444444,0.107283549513372,0.810185185185185,0.666666666666667,"player signal"
"681393","Connor Norby","steal_third",41,0,0,0,,0.0135036339397067,0.853503184713376,0.00621877878802282,0.853503184713376,0.539473684210526,"player signal"
"681481","Kerry Carpenter","double_first_scores",1,1,0,0,0,0.41339590443686,0.41339590443686,0.40191268486917,0.391638225255973,0.0277777777777778,"league-shrunk"
"681481","Kerry Carpenter","first_to_second_on_out",14,14,2,0.142857142857143,0.142857142857143,0.249688314632211,0.249688314632211,0.219165122696477,0.202949676980619,0.285714285714286,"league-shrunk"
"681481","Kerry Carpenter","ground_ball_double_play",19,19,3,0.157894736842105,0.157894736842105,0.204819277108434,0.204819277108434,0.188308790718429,0.180722891566265,0.351851851851852,"league-shrunk"
"681481","Kerry Carpenter","sac_fly_scores",3,3,2,0.666666666666667,0.666666666666667,0.593270173146031,0.593270173146031,0.599064633160818,0.603755386506121,0.0789473684210526,"league-shrunk"
"681481","Kerry Carpenter","second_to_third_on_out",11,11,3,0.272727272727273,0.272727272727273,0.477532255672549,0.477532255672549,0.428557151055201,0.399847606969168,0.239130434782609,"league-shrunk"
"681481","Kerry Carpenter","single_first_to_third",13,13,3,0.230769230769231,0.230769230769231,0.344619833714905,0.344619833714905,0.313785295417119,0.296876032479622,0.270833333333333,"league-shrunk"
"681481","Kerry Carpenter","single_second_scores",3,3,2,0.666666666666667,0.666666666666667,0.617619711761971,0.617619711761971,0.621491839780763,0.624626419605499,0.0789473684210526,"league-shrunk"
"681481","Kerry Carpenter","steal_second",61,0,0,0,,0.0647077913972589,0.881944444444444,0.0235913822802506,0.881944444444444,0.635416666666667,"player signal"
"681481","Kerry Carpenter","steal_third",31,0,0,0,,0.0135036339397067,0.853503184713376,0.00716101799832931,0.853503184713376,0.46969696969697,"player signal"
"681508","Mickey Gasper","double_first_scores",3,3,1,0.333333333333333,0.333333333333333,0.41339590443686,0.41339590443686,0.407075175139213,0.401958394279213,0.0789473684210526,"league-shrunk"
"681508","Mickey Gasper","first_to_second_on_out",18,18,4,0.222222222222222,0.222222222222222,0.249688314632211,0.249688314632211,0.240360207775989,0.235955268427217,0.339622641509434,"league-shrunk"
"681508","Mickey Gasper","ground_ball_double_play",25,25,3,0.12,0.12,0.204819277108434,0.204819277108434,0.169477911646586,0.155505743905856,0.416666666666667,"player signal"
"681508","Mickey Gasper","sac_fly_scores",3,3,2,0.666666666666667,0.666666666666667,0.593270173146031,0.593270173146031,0.599064633160818,0.603755386506121,0.0789473684210526,"league-shrunk"
"681508","Mickey Gasper","second_to_third_on_out",7,7,2,0.285714285714286,0.285714285714286,0.477532255672549,0.477532255672549,0.445562594012839,0.423823224084235,0.166666666666667,"league-shrunk"
"681508","Mickey Gasper","single_first_to_third",13,13,1,0.0769230769230769,0.0769230769230769,0.344619833714905,0.344619833714905,0.272118628750452,0.232359903447364,0.270833333333333,"league-shrunk"
"681508","Mickey Gasper","single_second_scores",6,6,4,0.666666666666667,0.666666666666667,0.617619711761971,0.617619711761971,0.624797314918756,0.629881450488145,0.146341463414634,"league-shrunk"
"681508","Mickey Gasper","steal_second",70,1,0,0.0142857142857143,0,0.0647077913972589,0.881944444444444,0.0310930733228958,0.835526315789474,0.666666666666667,"player signal"
"681508","Mickey Gasper","steal_third",36,0,0,0,,0.0135036339397067,0.853503184713376,0.00665672095619345,0.853503184713376,0.507042253521127,"player signal"
"681546","James Outman","double_first_scores",1,1,0,0,0,0.41339590443686,0.41339590443686,0.40191268486917,0.391638225255973,0.0277777777777778,"league-shrunk"
"681546","James Outman","first_to_second_on_out",9,9,2,0.222222222222222,0.222222222222222,0.249688314632211,0.249688314632211,0.244070250275623,0.240532950495548,0.204545454545455,"league-shrunk"
"681546","James Outman","ground_ball_double_play",10,10,0,0,0,0.204819277108434,0.204819277108434,0.159303882195448,0.131669535283993,0.222222222222222,"league-shrunk"
"681546","James Outman","sac_fly_scores",6,6,4,0.666666666666667,0.666666666666667,0.593270173146031,0.593270173146031,0.604011123417343,0.61161929652619,0.146341463414634,"league-shrunk"
"681546","James Outman","second_to_third_on_out",8,8,3,0.375,0.375,0.477532255672549,0.477532255672549,0.458456487175331,0.445983869311765,0.186046511627907,"league-shrunk"
"681546","James Outman","single_first_to_third",9,9,5,0.555555555555556,0.555555555555556,0.344619833714905,0.344619833714905,0.387765776818675,0.414931740995122,0.204545454545455,"league-shrunk"
"681546","James Outman","single_second_scores",4,4,3,0.75,0.75,0.617619711761971,0.617619711761971,0.631197177222282,0.641688855077976,0.102564102564103,"league-shrunk"
"681546","James Outman","steal_second",31,3,3,0.0967741935483871,1,0.0647077913972589,0.881944444444444,0.0797692833167282,0.898809523809524,0.46969696969697,"player signal"
"681546","James Outman","steal_third",27,1,0,0.037037037037037,0,0.0135036339397067,0.853503184713376,0.0237520514175764,0.808581964465303,0.435483870967742,"player signal"
"681624","Andy Pages","double_first_scores",6,6,4,0.666666666666667,0.666666666666667,0.41339590443686,0.41339590443686,0.45045991842171,0.476713594994312,0.146341463414634,"league-shrunk"
"681624","Andy Pages","first_to_second_on_out",27,27,7,0.259259259259259,0.259259259259259,0.249688314632211,0.249688314632211,0.253856306647216,0.25543088140844,0.435483870967742,"player signal"
"681624","Andy Pages","ground_ball_double_play",57,57,16,0.280701754385965,0.280701754385965,0.204819277108434,0.204819277108434,0.251833420639078,0.262489959839357,0.619565217391304,"player signal"
"681624","Andy Pages","sac_fly_scores",15,15,10,0.666666666666667,0.666666666666667,0.593270173146031,0.593270173146031,0.615289121202222,0.626632215655411,0.3,"league-shrunk"
"681624","Andy Pages","second_to_third_on_out",22,22,12,0.545454545454545,0.545454545454545,0.477532255672549,0.477532255672549,0.503747876290162,0.514889515052647,0.385964912280702,"league-shrunk"
"681624","Andy Pages","single_first_to_third",28,28,13,0.464285714285714,0.464285714285714,0.344619833714905,0.344619833714905,0.397804669524154,0.417459934931919,0.444444444444444,"player signal"
"681624","Andy Pages","single_second_scores",16,16,10,0.625,0.625,0.617619711761971,0.617619711761971,0.619935096307235,0.621092788579867,0.313725490196078,"league-shrunk"
"681624","Andy Pages","steal_second",138,14,9,0.101449275362319,0.642857142857143,0.0647077913972589,0.881944444444444,0.0940160271612951,0.77734375,0.797687861271676,"player signal"
"681624","Andy Pages","steal_third",69,2,2,0.0289855072463768,1,0.0135036339397067,0.853503184713376,0.0237752614220167,0.868152866242038,0.663461538461538,"player signal"
"681715","Heriberto Hernández","double_first_scores",6,6,2,0.333333333333333,0.333333333333333,0.41339590443686,0.41339590443686,0.401679430616832,0.393380261660978,0.146341463414634,"league-shrunk"
"681715","Heriberto Hernández","first_to_second_on_out",25,25,5,0.2,0.2,0.249688314632211,0.249688314632211,0.228984850202123,0.220799759613484,0.416666666666667,"player signal"
"681715","Heriberto Hernández","ground_ball_double_play",43,43,9,0.209302325581395,0.209302325581395,0.204819277108434,0.204819277108434,0.207290701266605,0.207979458818882,0.551282051282051,"player signal"
"681715","Heriberto Hernández","sac_fly_scores",5,5,1,0.2,0.2,0.593270173146031,0.593270173146031,0.544111401502777,0.50777665724472,0.125,"league-shrunk"
"681715","Heriberto Hernández","second_to_third_on_out",15,15,9,0.6,0.6,0.477532255672549,0.477532255672549,0.514272578970785,0.533199412185027,0.3,"league-shrunk"
"681715","Heriberto Hernández","single_first_to_third",15,15,4,0.266666666666667,0.266666666666667,0.344619833714905,0.344619833714905,0.321233883600434,0.309186575965706,0.3,"league-shrunk"
"681715","Heriberto Hernández","single_second_scores",6,6,2,0.333333333333333,0.333333333333333,0.617619711761971,0.617619711761971,0.576016827113878,0.546548117154812,0.146341463414634,"league-shrunk"
"681715","Heriberto Hernández","steal_second",94,7,7,0.074468085106383,1,0.0647077913972589,0.881944444444444,0.0718199434023571,0.915,0.728682170542636,"player signal"
"681715","Heriberto Hernández","steal_third",43,0,0,0,,0.0135036339397067,0.853503184713376,0.00605932292166326,0.853503184713376,0.551282051282051,"player signal"
"681807","David Fry","double_first_scores",3,3,1,0.333333333333333,0.333333333333333,0.41339590443686,0.41339590443686,0.407075175139213,0.401958394279213,0.0789473684210526,"league-shrunk"
"681807","David Fry","first_to_second_on_out",10,10,0,0,0,0.249688314632211,0.249688314632211,0.19420202249172,0.160513916549279,0.222222222222222,"league-shrunk"
"681807","David Fry","ground_ball_double_play",15,15,2,0.133333333333333,0.133333333333333,0.204819277108434,0.204819277108434,0.183373493975904,0.17232566630157,0.3,"league-shrunk"
"681807","David Fry","sac_fly_scores",6,6,3,0.5,0.5,0.593270173146031,0.593270173146031,0.579620879514904,0.569952629859523,0.146341463414634,"league-shrunk"
"681807","David Fry","second_to_third_on_out",7,7,3,0.428571428571429,0.428571428571429,0.477532255672549,0.477532255672549,0.469372117822363,0.463823224084235,0.166666666666667,"league-shrunk"
"681807","David Fry","single_first_to_third",12,12,4,0.333333333333333,0.333333333333333,0.344619833714905,0.344619833714905,0.341738174043015,0.340105233562277,0.25531914893617,"league-shrunk"
"681807","David Fry","single_second_scores",3,3,3,1,1,0.617619711761971,0.617619711761971,0.647807629254447,0.672245467224547,0.0789473684210526,"league-shrunk"
"681807","David Fry","steal_second",45,0,0,0,,0.0647077913972589,0.881944444444444,0.0283096587363008,0.881944444444444,0.5625,"player signal"
"681807","David Fry","steal_third",20,0,0,0,,0.0135036339397067,0.853503184713376,0.00859322159799518,0.853503184713376,0.363636363636364,"league-shrunk"
"681909","Justin Dean","single_first_to_third",3,3,1,0.333333333333333,0.333333333333333,0.344619833714905,0.344619833714905,0.343728794211097,0.343007476517538,0.0789473684210526,"league-shrunk"
"681909","Justin Dean","single_second_scores",2,2,0,0,0,0.617619711761971,0.617619711761971,0.58423486247754,0.555857740585774,0.0540540540540541,"league-shrunk"
"681909","Justin Dean","steal_second",4,0,0,0,,0.0647077913972589,0.881944444444444,0.0580710948436939,0.881944444444444,0.102564102564103,"league-shrunk"
"681909","Justin Dean","steal_third",2,0,0,0,,0.0135036339397067,0.853503184713376,0.0127737077808036,0.853503184713376,0.0540540540540541,"league-shrunk"
"681987","Nate Eaton","double_first_scores",1,1,0,0,0,0.41339590443686,0.41339590443686,0.40191268486917,0.391638225255973,0.0277777777777778,"league-shrunk"
"681987","Nate Eaton","ground_ball_double_play",3,3,1,0.333333333333333,0.333333333333333,0.204819277108434,0.204819277108434,0.214965123652505,0.223178427997705,0.0789473684210526,"league-shrunk"
"681987","Nate Eaton","sac_fly_scores",1,1,0,0,0,0.593270173146031,0.593270173146031,0.576790446114197,0.562045427190976,0.0277777777777778,"league-shrunk"
"681987","Nate Eaton","single_first_to_third",1,1,0,0,0,0.344619833714905,0.344619833714905,0.335047060556158,0.32648194772991,0.0277777777777778,"league-shrunk"
"681987","Nate Eaton","single_second_scores",1,1,1,1,1,0.617619711761971,0.617619711761971,0.62824138643525,0.637744990090289,0.0277777777777778,"league-shrunk"
"681987","Nate Eaton","steal_second",7,1,1,0.142857142857143,1,0.0647077913972589,0.881944444444444,0.0777326833072396,0.888157894736842,0.166666666666667,"league-shrunk"
"681987","Nate Eaton","steal_third",3,0,0,0,,0.0135036339397067,0.853503184713376,0.0124375575760456,0.853503184713376,0.0789473684210526,"league-shrunk"
"682177","Daniel Schneemann","double_first_scores",5,5,4,0.8,0.8,0.41339590443686,0.41339590443686,0.461721416382253,0.497440273037543,0.125,"league-shrunk"
"682177","Daniel Schneemann","first_to_second_on_out",12,12,5,0.416666666666667,0.416666666666667,0.249688314632211,0.249688314632211,0.292321085364413,0.316479655445993,0.25531914893617,"league-shrunk"
"682177","Daniel Schneemann","ground_ball_double_play",21,21,2,0.0952380952380952,0.0952380952380952,0.204819277108434,0.204819277108434,0.163726333907057,0.145814025332098,0.375,"league-shrunk"
"682177","Daniel Schneemann","sac_fly_scores",5,5,2,0.4,0.4,0.593270173146031,0.593270173146031,0.569111401502777,0.551254918114285,0.125,"league-shrunk"
"682177","Daniel Schneemann","second_to_third_on_out",11,11,5,0.454545454545455,0.454545454545455,0.477532255672549,0.477532255672549,0.472035411924766,0.468813124210548,0.239130434782609,"league-shrunk"
"682177","Daniel Schneemann","single_first_to_third",11,11,3,0.272727272727273,0.272727272727273,0.344619833714905,0.344619833714905,0.327428134348298,0.317350241616148,0.239130434782609,"league-shrunk"
"682177","Daniel Schneemann","single_second_scores",6,6,6,1,1,0.617619711761971,0.617619711761971,0.673577802723634,0.713214783821478,0.146341463414634,"league-shrunk"
"682177","Daniel Schneemann","steal_second",56,5,5,0.0892857142857143,1,0.0647077913972589,0.881944444444444,0.0798326670209238,0.907608695652174,0.615384615384615,"player signal"
"682177","Daniel Schneemann","steal_third",30,1,1,0.0333333333333333,1,0.0135036339397067,0.853503184713376,0.0226558028906113,0.861213543412672,0.461538461538462,"player signal"
"682515","Logan Porter","first_to_second_on_out",2,2,1,0.5,0.5,0.249688314632211,0.249688314632211,0.263218676003443,0.27471948316899,0.0540540540540541,"league-shrunk"
"682515","Logan Porter","ground_ball_double_play",3,3,0,0,0,0.204819277108434,0.204819277108434,0.188649334178821,0.175559380378657,0.0789473684210526,"league-shrunk"
"682515","Logan Porter","second_to_third_on_out",1,1,0,0,0,0.477532255672549,0.477532255672549,0.464267470792756,0.452398979058205,0.0277777777777778,"league-shrunk"
"682515","Logan Porter","single_second_scores",1,1,1,1,1,0.617619711761971,0.617619711761971,0.62824138643525,0.637744990090289,0.0277777777777778,"league-shrunk"
"682515","Logan Porter","steal_second",3,0,0,0,,0.0647077913972589,0.881944444444444,0.0595992815501069,0.881944444444444,0.0789473684210526,"league-shrunk"
"682515","Logan Porter","steal_third",5,0,0,0,,0.0135036339397067,0.853503184713376,0.0118156796972434,0.853503184713376,0.125,"league-shrunk"
"682622","Noelvi Marte","double_first_scores",1,1,1,1,1,0.41339590443686,0.41339590443686,0.429690462646947,0.444269804203341,0.0277777777777778,"league-shrunk"
"682622","Noelvi Marte","first_to_second_on_out",15,15,5,0.333333333333333,0.333333333333333,0.249688314632211,0.249688314632211,0.274781820242548,0.287708777678176,0.3,"league-shrunk"
"682622","Noelvi Marte","ground_ball_double_play",18,18,0,0,0,0.204819277108434,0.204819277108434,0.135258013184815,0.102409638554217,0.339622641509434,"league-shrunk"
"682622","Noelvi Marte","sac_fly_scores",1,1,1,1,1,0.593270173146031,0.593270173146031,0.604568223891974,0.614677006138345,0.0277777777777778,"league-shrunk"
"682622","Noelvi Marte","second_to_third_on_out",6,6,2,0.333333333333333,0.333333333333333,0.477532255672549,0.477532255672549,0.456429974354615,0.441482525087745,0.146341463414634,"league-shrunk"
"682622","Noelvi Marte","single_first_to_third",6,6,3,0.5,0.5,0.344619833714905,0.344619833714905,0.367358394634675,0.383464875286179,0.146341463414634,"league-shrunk"
"682622","Noelvi Marte","single_second_scores",5,5,3,0.6,0.6,0.617619711761971,0.617619711761971,0.615417247791725,0.613789339639804,0.125,"league-shrunk"
"682622","Noelvi Marte","steal_second",35,4,4,0.114285714285714,1,0.0647077913972589,0.881944444444444,0.0894967528414866,0.903409090909091,0.5,"player signal"
"682622","Noelvi Marte","steal_third",32,2,2,0.0625,1,0.0135036339397067,0.853503184713376,0.0369048834013393,0.868152866242038,0.477611940298507,"player signal"
"682626","Francisco Alvarez","double_first_scores",6,6,2,0.333333333333333,0.333333333333333,0.41339590443686,0.41339590443686,0.401679430616832,0.393380261660978,0.146341463414634,"league-shrunk"
"682626","Francisco Alvarez","first_to_second_on_out",10,10,2,0.2,0.2,0.249688314632211,0.249688314632211,0.238646466936164,0.23194248797785,0.222222222222222,"league-shrunk"
"682626","Francisco Alvarez","ground_ball_double_play",23,23,6,0.260869565217391,0.260869565217391,0.204819277108434,0.204819277108434,0.227046115496469,0.236262121657361,0.396551724137931,"league-shrunk"
"682626","Francisco Alvarez","sac_fly_scores",2,2,0,0,0,0.593270173146031,0.593270173146031,0.561201515138137,0.533943155831428,0.0540540540540541,"league-shrunk"
"682626","Francisco Alvarez","second_to_third_on_out",10,10,1,0.1,0.1,0.477532255672549,0.477532255672549,0.393636198856427,0.342699307218067,0.222222222222222,"league-shrunk"
"682626","Francisco Alvarez","single_first_to_third",13,13,3,0.230769230769231,0.230769230769231,0.344619833714905,0.344619833714905,0.313785295417119,0.296876032479622,0.270833333333333,"league-shrunk"
"682626","Francisco Alvarez","single_second_scores",7,7,4,0.571428571428571,0.571428571428571,0.617619711761971,0.617619711761971,0.609921188373071,0.604686192468619,0.166666666666667,"league-shrunk"
"682626","Francisco Alvarez","steal_second",77,0,0,0,,0.0647077913972589,0.881944444444444,0.0202211848116434,0.881944444444444,0.6875,"player signal"
"682626","Francisco Alvarez","steal_third",40,0,0,0,,0.0135036339397067,0.853503184713376,0.00630169583852979,0.853503184713376,0.533333333333333,"player signal"
"682634","Kevin Alcántara","first_to_second_on_out",3,3,0,0,0,0.249688314632211,0.249688314632211,0.22997607926651,0.214018555399038,0.0789473684210526,"league-shrunk"
"682634","Kevin Alcántara","ground_ball_double_play",3,3,0,0,0,0.204819277108434,0.204819277108434,0.188649334178821,0.175559380378657,0.0789473684210526,"league-shrunk"
"682634","Kevin Alcántara","sac_fly_scores",1,1,1,1,1,0.593270173146031,0.593270173146031,0.604568223891974,0.614677006138345,0.0277777777777778,"league-shrunk"
"682634","Kevin Alcántara","second_to_third_on_out",1,1,0,0,0,0.477532255672549,0.477532255672549,0.464267470792756,0.452398979058205,0.0277777777777778,"league-shrunk"
"682634","Kevin Alcántara","single_first_to_third",2,2,0,0,0,0.344619833714905,0.344619833714905,0.325991734595181,0.310157850343415,0.0540540540540541,"league-shrunk"
"682634","Kevin Alcántara","single_second_scores",4,4,2,0.5,0.5,0.617619711761971,0.617619711761971,0.605556151581256,0.596234309623431,0.102564102564103,"league-shrunk"
"682634","Kevin Alcántara","steal_second",11,0,0,0,,0.0647077913972589,0.881944444444444,0.04923418910661,0.881944444444444,0.239130434782609,"league-shrunk"
"682634","Kevin Alcántara","steal_third",9,0,0,0,,0.0135036339397067,0.853503184713376,0.010741526997494,0.853503184713376,0.204545454545455,"league-shrunk"
"682641","Luis Matos","double_first_scores",1,1,1,1,1,0.41339590443686,0.41339590443686,0.429690462646947,0.444269804203341,0.0277777777777778,"league-shrunk"
"682641","Luis Matos","first_to_second_on_out",3,3,1,0.333333333333333,0.333333333333333,0.249688314632211,0.249688314632211,0.256291868740195,0.261637603018086,0.0789473684210526,"league-shrunk"
"682641","Luis Matos","ground_ball_double_play",4,4,0,0,0,0.204819277108434,0.204819277108434,0.183812171763979,0.167579408543264,0.102564102564103,"league-shrunk"
"682641","Luis Matos","second_to_third_on_out",1,1,0,0,0,0.477532255672549,0.477532255672549,0.464267470792756,0.452398979058205,0.0277777777777778,"league-shrunk"
"682641","Luis Matos","steal_second",4,0,0,0,,0.0647077913972589,0.881944444444444,0.0580710948436939,0.881944444444444,0.102564102564103,"league-shrunk"
"682641","Luis Matos","steal_third",2,0,0,0,,0.0135036339397067,0.853503184713376,0.0127737077808036,0.853503184713376,0.0540540540540541,"league-shrunk"
"682657","Angel Martínez","double_first_scores",4,4,1,0.25,0.25,0.41339590443686,0.41339590443686,0.396637350135644,0.383687558175613,0.102564102564103,"league-shrunk"
"682657","Angel Martínez","first_to_second_on_out",18,18,5,0.277777777777778,0.277777777777778,0.249688314632211,0.249688314632211,0.25922813230429,0.263733046204994,0.339622641509434,"league-shrunk"
"682657","Angel Martínez","ground_ball_double_play",25,25,3,0.12,0.12,0.204819277108434,0.204819277108434,0.169477911646586,0.155505743905856,0.416666666666667,"player signal"
"682657","Angel Martínez","sac_fly_scores",11,11,9,0.818181818181818,0.818181818181818,0.593270173146031,0.593270173146031,0.64705339261111,0.678581486780295,0.239130434782609,"league-shrunk"
"682657","Angel Martínez","second_to_third_on_out",10,10,6,0.6,0.6,0.477532255672549,0.477532255672549,0.504747309967538,0.521270735789496,0.222222222222222,"league-shrunk"
"682657","Angel Martínez","single_first_to_third",20,20,8,0.4,0.4,0.344619833714905,0.344619833714905,0.364758076000394,0.373767289654429,0.363636363636364,"league-shrunk"
"682657","Angel Martínez","single_second_scores",9,9,6,0.666666666666667,0.666666666666667,0.617619711761971,0.617619711761971,0.627652043447023,0.633968696730203,0.204545454545455,"league-shrunk"
"682657","Angel Martínez","steal_second",69,10,9,0.144927536231884,0.9,0.0647077913972589,0.881944444444444,0.117930506720231,0.888392857142857,0.663461538461538,"player signal"
"682657","Angel Martínez","steal_third",39,1,1,0.0256410256410256,1,0.0135036339397067,0.853503184713376,0.0199003674039153,0.861213543412672,0.527027027027027,"player signal"
"682663","Agustín Ramírez","double_first_scores",4,4,2,0.5,0.5,0.41339590443686,0.41339590443686,0.422278375776669,0.429142103630158,0.102564102564103,"league-shrunk"
"682663","Agustín Ramírez","first_to_second_on_out",12,12,2,0.166666666666667,0.166666666666667,0.249688314632211,0.249688314632211,0.22849129813037,0.216479655445993,0.25531914893617,"league-shrunk"
"682663","Agustín Ramírez","ground_ball_double_play",22,22,3,0.136363636363636,0.136363636363636,0.204819277108434,0.204819277108434,0.178397801733249,0.167168674698795,0.385964912280702,"league-shrunk"
"682663","Agustín Ramírez","sac_fly_scores",2,2,2,1,1,0.593270173146031,0.593270173146031,0.615255569192191,0.633943155831428,0.0540540540540541,"league-shrunk"
"682663","Agustín Ramírez","second_to_third_on_out",11,11,3,0.272727272727273,0.272727272727273,0.477532255672549,0.477532255672549,0.428557151055201,0.399847606969168,0.239130434782609,"league-shrunk"
"682663","Agustín Ramírez","single_first_to_third",16,16,3,0.1875,0.1875,0.344619833714905,0.344619833714905,0.29532733686317,0.270681088437303,0.313725490196078,"league-shrunk"
"682663","Agustín Ramírez","single_second_scores",11,11,8,0.727272727272727,0.727272727272727,0.617619711761971,0.617619711761971,0.643841085036282,0.659212234886741,0.239130434782609,"league-shrunk"
"682663","Agustín Ramírez","steal_second",50,3,3,0.06,1,0.0647077913972589,0.881944444444444,0.0619385023400478,0.898809523809524,0.588235294117647,"player signal"
"682663","Agustín Ramírez","steal_third",33,2,1,0.0606060606060606,0.5,0.0135036339397067,0.853503184713376,0.0363621645277902,0.818152866242038,0.485294117647059,"player signal"
"682668","Luisangel Acuña","double_first_scores",1,1,0,0,0,0.41339590443686,0.41339590443686,0.40191268486917,0.391638225255973,0.0277777777777778,"league-shrunk"
"682668","Luisangel Acuña","first_to_second_on_out",10,10,5,0.5,0.5,0.249688314632211,0.249688314632211,0.305313133602831,0.339085345120707,0.222222222222222,"league-shrunk"
"682668","Luisangel Acuña","ground_ball_double_play",12,12,1,0.0833333333333333,0.0833333333333333,0.204819277108434,0.204819277108434,0.173801589336068,0.156224899598394,0.25531914893617,"league-shrunk"
"682668","Luisangel Acuña","sac_fly_scores",2,2,2,1,1,0.593270173146031,0.593270173146031,0.615255569192191,0.633943155831428,0.0540540540540541,"league-shrunk"
"682668","Luisangel Acuña","second_to_third_on_out",5,5,1,0.2,0.2,0.477532255672549,0.477532255672549,0.442840723713481,0.417199156613299,0.125,"league-shrunk"
"682668","Luisangel Acuña","single_first_to_third",13,13,6,0.461538461538462,0.461538461538462,0.344619833714905,0.344619833714905,0.376285295417119,0.39365022602801,0.270833333333333,"league-shrunk"
"682668","Luisangel Acuña","single_second_scores",6,6,3,0.5,0.5,0.617619711761971,0.617619711761971,0.600407071016317,0.588214783821478,0.146341463414634,"league-shrunk"
"682668","Luisangel Acuña","steal_second",58,11,10,0.189655172413793,0.909090909090909,0.0647077913972589,0.881944444444444,0.142631964504345,0.892241379310345,0.623655913978495,"player signal"
"682668","Luisangel Acuña","steal_third",34,3,2,0.0882352941176471,0.666666666666667,0.0135036339397067,0.853503184713376,0.0503279302592715,0.826812253563846,0.492753623188406,"player signal"
"682674","Victor Bericoto","double_first_scores",1,1,0,0,0,0.41339590443686,0.41339590443686,0.40191268486917,0.391638225255973,0.0277777777777778,"league-shrunk"
"682674","Victor Bericoto","first_to_second_on_out",2,2,1,0.5,0.5,0.249688314632211,0.249688314632211,0.263218676003443,0.27471948316899,0.0540540540540541,"league-shrunk"
"682674","Victor Bericoto","ground_ball_double_play",8,8,1,0.125,0.125,0.204819277108434,0.204819277108434,0.189969179041748,0.180259499536608,0.186046511627907,"league-shrunk"
"682674","Victor Bericoto","second_to_third_on_out",3,3,2,0.666666666666667,0.666666666666667,0.477532255672549,0.477532255672549,0.492463919698401,0.504551457243137,0.0789473684210526,"league-shrunk"
"682674","Victor Bericoto","single_first_to_third",1,1,1,1,1,0.344619833714905,0.344619833714905,0.362824838333936,0.379113526677279,0.0277777777777778,"league-shrunk"
"682674","Victor Bericoto","steal_second",11,0,0,0,,0.0647077913972589,0.881944444444444,0.04923418910661,0.881944444444444,0.239130434782609,"league-shrunk"
"682674","Victor Bericoto","steal_third",6,0,0,0,,0.0135036339397067,0.853503184713376,0.0115274923875545,0.853503184713376,0.146341463414634,"league-shrunk"
"682729","Jonatan Clase","first_to_second_on_out",1,1,0,0,0,0.249688314632211,0.249688314632211,0.24275252811465,0.236546824388411,0.0277777777777778,"league-shrunk"
"682729","Jonatan Clase","ground_ball_double_play",3,3,0,0,0,0.204819277108434,0.204819277108434,0.188649334178821,0.175559380378657,0.0789473684210526,"league-shrunk"
"682729","Jonatan Clase","sac_fly_scores",1,1,1,1,1,0.593270173146031,0.593270173146031,0.604568223891974,0.614677006138345,0.0277777777777778,"league-shrunk"
"682729","Jonatan Clase","single_first_to_third",2,2,2,1,1,0.344619833714905,0.344619833714905,0.380045788649235,0.410157850343415,0.0540540540540541,"league-shrunk"
"682729","Jonatan Clase","steal_second",5,0,0,0,,0.0647077913972589,0.881944444444444,0.0566193174726015,0.881944444444444,0.125,"league-shrunk"
"682729","Jonatan Clase","steal_third",1,0,0,0,,0.0135036339397067,0.853503184713376,0.0131285329969371,0.853503184713376,0.0277777777777778,"league-shrunk"
"682818","Yohendrick Piñango","double_first_scores",1,1,0,0,0,0.41339590443686,0.41339590443686,0.40191268486917,0.391638225255973,0.0277777777777778,"league-shrunk"
"682818","Yohendrick Piñango","first_to_second_on_out",9,9,1,0.111111111111111,0.111111111111111,0.249688314632211,0.249688314632211,0.22134297754835,0.203495913458511,0.204545454545455,"league-shrunk"
"682818","Yohendrick Piñango","ground_ball_double_play",15,15,4,0.266666666666667,0.266666666666667,0.204819277108434,0.204819277108434,0.223373493975904,0.232931726907631,0.3,"league-shrunk"
"682818","Yohendrick Piñango","second_to_third_on_out",6,6,1,0.166666666666667,0.166666666666667,0.477532255672549,0.477532255672549,0.432039730452176,0.399815858421079,0.146341463414634,"league-shrunk"
"682818","Yohendrick Piñango","single_first_to_third",7,7,2,0.285714285714286,0.285714285714286,0.344619833714905,0.344619833714905,0.334802242381469,0.328126280274732,0.166666666666667,"league-shrunk"
"682818","Yohendrick Piñango","single_second_scores",3,3,3,1,1,0.617619711761971,0.617619711761971,0.647807629254447,0.672245467224547,0.0789473684210526,"league-shrunk"
"682818","Yohendrick Piñango","steal_second",35,0,0,0,,0.0647077913972589,0.881944444444444,0.0323538956986295,0.881944444444444,0.5,"player signal"
"682818","Yohendrick Piñango","steal_third",24,0,0,0,,0.0135036339397067,0.853503184713376,0.00801063030321584,0.853503184713376,0.406779661016949,"league-shrunk"
"682829","Elly De La Cruz","double_first_scores",6,6,3,0.5,0.5,0.41339590443686,0.41339590443686,0.426069674519271,0.435046928327645,0.146341463414634,"league-shrunk"
"682829","Elly De La Cruz","first_to_second_on_out",35,35,12,0.342857142857143,0.342857142857143,0.249688314632211,0.249688314632211,0.296272728744677,0.311214899309053,0.5,"player signal"
"682829","Elly De La Cruz","ground_ball_double_play",69,69,16,0.231884057971014,0.231884057971014,0.204819277108434,0.204819277108434,0.222775718257646,0.226284448137377,0.663461538461538,"player signal"
"682829","Elly De La Cruz","sac_fly_scores",15,15,9,0.6,0.6,0.593270173146031,0.593270173146031,0.595289121202222,0.59632918535238,0.3,"league-shrunk"
"682829","Elly De La Cruz","second_to_third_on_out",18,18,9,0.5,0.5,0.477532255672549,0.477532255672549,0.485162810349797,0.488766127836275,0.339622641509434,"league-shrunk"
"682829","Elly De La Cruz","single_first_to_third",25,25,15,0.6,0.6,0.344619833714905,0.344619833714905,0.451028236333695,0.493096674578332,0.416666666666667,"player signal"
"682829","Elly De La Cruz","single_second_scores",11,11,6,0.545454545454545,0.545454545454545,0.617619711761971,0.617619711761971,0.600362824166717,0.590246717645361,0.239130434782609,"league-shrunk"
"682829","Elly De La Cruz","steal_second",149,25,19,0.167785234899329,0.76,0.0647077913972589,0.881944444444444,0.148178112494044,0.811046511627907,0.809782608695652,"player signal"
"682829","Elly De La Cruz","steal_third",83,2,2,0.0240963855421687,1,0.0135036339397067,0.853503184713376,0.0209544676939808,0.868152866242038,0.703389830508475,"player signal"
"682848","Endy Rodríguez","first_to_second_on_out",9,9,2,0.222222222222222,0.222222222222222,0.249688314632211,0.249688314632211,0.244070250275623,0.240532950495548,0.204545454545455,"league-shrunk"
"682848","Endy Rodríguez","ground_ball_double_play",17,17,3,0.176470588235294,0.176470588235294,0.204819277108434,0.204819277108434,0.195551436515292,0.19104991394148,0.326923076923077,"league-shrunk"
"682848","Endy Rodríguez","sac_fly_scores",1,1,0,0,0,0.593270173146031,0.593270173146031,0.576790446114197,0.562045427190976,0.0277777777777778,"league-shrunk"
"682848","Endy Rodríguez","second_to_third_on_out",9,9,5,0.555555555555556,0.555555555555556,0.477532255672549,0.477532255672549,0.493491567012255,0.503540022300218,0.204545454545455,"league-shrunk"
"682848","Endy Rodríguez","single_first_to_third",17,17,4,0.235294117647059,0.235294117647059,0.344619833714905,0.344619833714905,0.308878734231186,0.291518771624808,0.326923076923077,"league-shrunk"
"682848","Endy Rodríguez","single_second_scores",6,6,4,0.666666666666667,0.666666666666667,0.617619711761971,0.617619711761971,0.624797314918756,0.629881450488145,0.146341463414634,"league-shrunk"
"682848","Endy Rodríguez","steal_second",47,5,5,0.106382978723404,1,0.0647077913972589,0.881944444444444,0.0885947890110251,0.907608695652174,0.573170731707317,"player signal"
"682848","Endy Rodríguez","steal_third",23,1,1,0.0434782608695652,1,0.0135036339397067,0.853503184713376,0.0253901239291334,0.861213543412672,0.396551724137931,"league-shrunk"
"682877","Juan Brito","first_to_second_on_out",1,1,0,0,0,0.249688314632211,0.249688314632211,0.24275252811465,0.236546824388411,0.0277777777777778,"league-shrunk"
"682877","Juan Brito","ground_ball_double_play",3,3,0,0,0,0.204819277108434,0.204819277108434,0.188649334178821,0.175559380378657,0.0789473684210526,"league-shrunk"
"682877","Juan Brito","sac_fly_scores",2,2,2,1,1,0.593270173146031,0.593270173146031,0.615255569192191,0.633943155831428,0.0540540540540541,"league-shrunk"
"682877","Juan Brito","second_to_third_on_out",2,2,1,0.5,0.5,0.477532255672549,0.477532255672549,0.478746728338898,0.479779030105294,0.0540540540540541,"league-shrunk"
"682877","Juan Brito","single_first_to_third",7,7,3,0.428571428571429,0.428571428571429,0.344619833714905,0.344619833714905,0.358611766190993,0.368126280274732,0.166666666666667,"league-shrunk"
"682877","Juan Brito","single_second_scores",4,4,3,0.75,0.75,0.617619711761971,0.617619711761971,0.631197177222282,0.641688855077976,0.102564102564103,"league-shrunk"
"682877","Juan Brito","steal_second",9,1,1,0.111111111111111,1,0.0647077913972589,0.881944444444444,0.0741993795205469,0.888157894736842,0.204545454545455,"league-shrunk"
"682877","Juan Brito","steal_third",9,0,0,0,,0.0135036339397067,0.853503184713376,0.010741526997494,0.853503184713376,0.204545454545455,"league-shrunk"
"682927","Ronny Simon","double_first_scores",1,1,0,0,0,0.41339590443686,0.41339590443686,0.40191268486917,0.391638225255973,0.0277777777777778,"league-shrunk"
"682927","Ronny Simon","first_to_second_on_out",3,3,1,0.333333333333333,0.333333333333333,0.249688314632211,0.249688314632211,0.256291868740195,0.261637603018086,0.0789473684210526,"league-shrunk"
"682927","Ronny Simon","ground_ball_double_play",4,4,1,0.25,0.25,0.204819277108434,0.204819277108434,0.209453197405005,0.213033953997809,0.102564102564103,"league-shrunk"
"682927","Ronny Simon","sac_fly_scores",1,1,1,1,1,0.593270173146031,0.593270173146031,0.604568223891974,0.614677006138345,0.0277777777777778,"league-shrunk"
"682927","Ronny Simon","single_first_to_third",2,2,1,0.5,0.5,0.344619833714905,0.344619833714905,0.353018761622208,0.360157850343415,0.0540540540540541,"league-shrunk"
"682927","Ronny Simon","single_second_scores",2,2,2,1,1,0.617619711761971,0.617619711761971,0.638288916531594,0.655857740585774,0.0540540540540541,"league-shrunk"
"682927","Ronny Simon","steal_second",11,2,2,0.181818181818182,1,0.0647077913972589,0.881944444444444,0.0927124499761753,0.89375,0.239130434782609,"league-shrunk"
"682927","Ronny Simon","steal_third",5,0,0,0,,0.0135036339397067,0.853503184713376,0.0118156796972434,0.853503184713376,0.125,"league-shrunk"
"682928","CJ Abrams","double_first_scores",5,5,3,0.6,0.6,0.41339590443686,0.41339590443686,0.436721416382253,0.453962012167977,0.125,"league-shrunk"
"682928","CJ Abrams","first_to_second_on_out",31,31,10,0.32258064516129,0.32258064516129,0.249688314632211,0.249688314632211,0.28392562139587,0.29580387068122,0.46969696969697,"player signal"
"682928","CJ Abrams","ground_ball_double_play",50,50,8,0.16,0.16,0.204819277108434,0.204819277108434,0.178454996456414,0.171863926293409,0.588235294117647,"player signal"
"682928","CJ Abrams","sac_fly_scores",19,19,11,0.578947368421053,0.578947368421053,0.593270173146031,0.593270173146031,0.588230667779835,0.585915219368339,0.351851851851852,"league-shrunk"
"682928","CJ Abrams","second_to_third_on_out",32,32,15,0.46875,0.46875,0.477532255672549,0.477532255672549,0.473337745500585,0.471911612042118,0.477611940298507,"player signal"
"682928","CJ Abrams","single_first_to_third",26,26,13,0.5,0.5,0.344619833714905,0.344619833714905,0.410847445574126,0.436435386519734,0.426229508196721,"player signal"
"682928","CJ Abrams","single_second_scores",15,15,7,0.466666666666667,0.466666666666667,0.617619711761971,0.617619711761971,0.57233379823338,0.549004691264105,0.3,"league-shrunk"
"682928","CJ Abrams","steal_second",133,24,22,0.180451127819549,0.916666666666667,0.0647077913972589,0.881944444444444,0.156337932731572,0.901785714285714,0.791666666666667,"player signal"
"682928","CJ Abrams","steal_third",91,4,3,0.043956043956044,0.75,0.0135036339397067,0.853503184713376,0.0354970411737281,0.834684423856399,0.722222222222222,"player signal"
"682985","Riley Greene","double_first_scores",8,8,5,0.625,0.625,0.41339590443686,0.41339590443686,0.452764108262561,0.478504856917826,0.186046511627907,"league-shrunk"
"682985","Riley Greene","first_to_second_on_out",36,36,5,0.138888888888889,0.138888888888889,0.249688314632211,0.249688314632211,0.19350832411447,0.17582203080333,0.507042253521127,"player signal"
"682985","Riley Greene","ground_ball_double_play",59,59,8,0.135593220338983,0.135593220338983,0.204819277108434,0.204819277108434,0.161368879774417,0.151775934908465,0.627659574468085,"player signal"
"682985","Riley Greene","sac_fly_scores",3,3,0,0,0,0.593270173146031,0.593270173146031,0.546433054213449,0.508517291268026,0.0789473684210526,"league-shrunk"
"682985","Riley Greene","second_to_third_on_out",13,13,4,0.307692307692308,0.307692307692308,0.477532255672549,0.477532255672549,0.431533936427901,0.406309051680835,0.270833333333333,"league-shrunk"
"682985","Riley Greene","single_first_to_third",21,21,11,0.523809523809524,0.523809523809524,0.344619833714905,0.344619833714905,0.411815967500387,0.4411065899197,0.375,"league-shrunk"
"682985","Riley Greene","single_second_scores",20,20,12,0.6,0.6,0.617619711761971,0.617619711761971,0.611212543848527,0.60834617925567,0.363636363636364,"league-shrunk"
"682985","Riley Greene","steal_second",148,1,1,0.00675675675675676,1,0.0647077913972589,0.881944444444444,0.0178402879721533,0.888157894736842,0.808743169398907,"player signal"
"682985","Riley Greene","steal_third",78,0,0,0,,0.0135036339397067,0.853503184713376,0.00418254148574986,0.853503184713376,0.690265486725664,"player signal"
"682987","Spencer Jones","double_first_scores",2,2,0,0,0,0.41339590443686,0.41339590443686,0.391050179872706,0.372056313993174,0.0540540540540541,"league-shrunk"
"682987","Spencer Jones","first_to_second_on_out",16,16,3,0.1875,0.1875,0.249688314632211,0.249688314632211,0.230178255139753,0.220423225393524,0.313725490196078,"league-shrunk"
"682987","Spencer Jones","ground_ball_double_play",24,24,4,0.166666666666667,0.166666666666667,0.204819277108434,0.204819277108434,0.18929957116602,0.183017785427424,0.406779661016949,"league-shrunk"
"682987","Spencer Jones","sac_fly_scores",7,7,2,0.285714285714286,0.285714285714286,0.593270173146031,0.593270173146031,0.542010858574073,0.507154524665142,0.166666666666667,"league-shrunk"
"682987","Spencer Jones","second_to_third_on_out",15,15,4,0.266666666666667,0.266666666666667,0.477532255672549,0.477532255672549,0.414272578970785,0.381684260669875,0.3,"league-shrunk"
"682987","Spencer Jones","single_first_to_third",17,17,5,0.294117647058824,0.294117647058824,0.344619833714905,0.344619833714905,0.328109503461956,0.320090200196237,0.326923076923077,"league-shrunk"
"682987","Spencer Jones","single_second_scores",9,9,4,0.444444444444444,0.444444444444444,0.617619711761971,0.617619711761971,0.582197497992477,0.559894622656129,0.204545454545455,"league-shrunk"
"682987","Spencer Jones","steal_second",69,7,7,0.101449275362319,1,0.0647077913972589,0.881944444444444,0.0890843528740775,0.915,0.663461538461538,"player signal"
"682987","Spencer Jones","steal_third",49,0,0,0,,0.0135036339397067,0.853503184713376,0.00562651414154446,0.853503184713376,0.583333333333333,"player signal"
"682988","Tyler Locklear","ground_ball_double_play",1,1,0,0,0,0.204819277108434,0.204819277108434,0.199129852744311,0.194039315155358,0.0277777777777778,"league-shrunk"
"682988","Tyler Locklear","sac_fly_scores",1,1,1,1,1,0.593270173146031,0.593270173146031,0.604568223891974,0.614677006138345,0.0277777777777778,"league-shrunk"
"682988","Tyler Locklear","second_to_third_on_out",1,1,0,0,0,0.477532255672549,0.477532255672549,0.464267470792756,0.452398979058205,0.0277777777777778,"league-shrunk"
"682988","Tyler Locklear","single_first_to_third",3,3,0,0,0,0.344619833714905,0.344619833714905,0.317413004737413,0.29538842889849,0.0789473684210526,"league-shrunk"
"682988","Tyler Locklear","single_second_scores",2,2,0,0,0,0.617619711761971,0.617619711761971,0.58423486247754,0.555857740585774,0.0540540540540541,"league-shrunk"
"682988","Tyler Locklear","steal_second",6,1,1,0.166666666666667,1,0.0647077913972589,0.881944444444444,0.0796286024122942,0.888157894736842,0.146341463414634,"league-shrunk"
"682988","Tyler Locklear","steal_third",9,0,0,0,,0.0135036339397067,0.853503184713376,0.010741526997494,0.853503184713376,0.204545454545455,"league-shrunk"
"682989","Victor Mederos","steal_second",1,0,0,0,,0.0647077913972589,0.881944444444444,0.062910352747335,0.881944444444444,0.0277777777777778,"league-shrunk"
"682997","Tyler Callihan","double_first_scores",1,1,1,1,1,0.41339590443686,0.41339590443686,0.429690462646947,0.444269804203341,0.0277777777777778,"league-shrunk"
"682997","Tyler Callihan","first_to_second_on_out",3,3,3,1,1,0.249688314632211,0.249688314632211,0.308923447687563,0.356875698256181,0.0789473684210526,"league-shrunk"
"682997","Tyler Callihan","ground_ball_double_play",9,9,3,0.333333333333333,0.333333333333333,0.204819277108434,0.204819277108434,0.231106243154436,0.247657295850067,0.204545454545455,"league-shrunk"
"682997","Tyler Callihan","sac_fly_scores",1,1,0,0,0,0.593270173146031,0.593270173146031,0.576790446114197,0.562045427190976,0.0277777777777778,"league-shrunk"
"682997","Tyler Callihan","second_to_third_on_out",4,4,1,0.25,0.25,0.477532255672549,0.477532255672549,0.454195614065108,0.436162754641177,0.102564102564103,"league-shrunk"
"682997","Tyler Callihan","single_first_to_third",5,5,2,0.4,0.4,0.344619833714905,0.344619833714905,0.351542354500542,0.356659000298622,0.125,"league-shrunk"
"682997","Tyler Callihan","single_second_scores",2,2,1,0.5,0.5,0.617619711761971,0.617619711761971,0.611261889504567,0.605857740585774,0.0540540540540541,"league-shrunk"
"682997","Tyler Callihan","steal_second",17,1,1,0.0588235294117647,1,0.0647077913972589,0.881944444444444,0.0627840903635396,0.888157894736842,0.326923076923077,"league-shrunk"
"682997","Tyler Callihan","steal_third",13,0,0,0,,0.0135036339397067,0.853503184713376,0.0098463997477028,0.853503184713376,0.270833333333333,"league-shrunk"
"682998","Corbin Carroll","double_first_scores",6,6,4,0.666666666666667,0.666666666666667,0.41339590443686,0.41339590443686,0.45045991842171,0.476713594994312,0.146341463414634,"league-shrunk"
"682998","Corbin Carroll","first_to_second_on_out",26,26,14,0.538461538461538,0.538461538461538,0.249688314632211,0.249688314632211,0.372771983805367,0.420327037804086,0.426229508196721,"player signal"
"682998","Corbin Carroll","ground_ball_double_play",58,58,16,0.275862068965517,0.275862068965517,0.204819277108434,0.204819277108434,0.249125534395647,0.259036144578313,0.623655913978495,"player signal"
"682998","Corbin Carroll","sac_fly_scores",27,27,15,0.555555555555556,0.555555555555556,0.593270173146031,0.593270173146031,0.576846065485662,0.570641402591746,0.435483870967742,"player signal"
"682998","Corbin Carroll","second_to_third_on_out",27,27,15,0.555555555555556,0.555555555555556,0.477532255672549,0.477532255672549,0.511510144331278,0.524346235602353,0.435483870967742,"player signal"
"682998","Corbin Carroll","single_first_to_third",29,29,18,0.620689655172414,0.620689655172414,0.344619833714905,0.344619833714905,0.469713971562839,0.514960787380176,0.453125,"player signal"
"682998","Corbin Carroll","single_second_scores",14,14,7,0.5,0.5,0.617619711761971,0.617619711761971,0.584014079829979,0.566161087866109,0.285714285714286,"league-shrunk"
"682998","Corbin Carroll","steal_second",106,16,14,0.150943396226415,0.875,0.0647077913972589,0.881944444444444,0.129537395027688,0.878676470588235,0.75177304964539,"player signal"
"682998","Corbin Carroll","steal_third",73,3,3,0.0410958904109589,1,0.0135036339397067,0.853503184713376,0.0321539554434235,0.874431301182894,0.675925925925926,"player signal"
"683002","Gunnar Henderson","double_first_scores",8,8,6,0.75,0.75,0.41339590443686,0.41339590443686,0.476019922216049,0.516966395379365,0.186046511627907,"league-shrunk"
"683002","Gunnar Henderson","first_to_second_on_out",30,30,12,0.4,0.4,0.249688314632211,0.249688314632211,0.319062938648114,0.343633117987079,0.461538461538462,"player signal"
"683002","Gunnar Henderson","ground_ball_double_play",58,58,14,0.241379310344828,0.241379310344828,0.204819277108434,0.204819277108434,0.227620158051561,0.232720355104629,0.623655913978495,"player signal"
"683002","Gunnar Henderson","sac_fly_scores",7,7,4,0.571428571428571,0.571428571428571,0.593270173146031,0.593270173146031,0.589629906193121,0.587154524665142,0.166666666666667,"league-shrunk"
"683002","Gunnar Henderson","second_to_third_on_out",20,20,10,0.5,0.5,0.477532255672549,0.477532255672549,0.485702344518895,0.489357384265944,0.363636363636364,"league-shrunk"
"683002","Gunnar Henderson","single_first_to_third",24,24,11,0.458333333333333,0.458333333333333,0.344619833714905,0.344619833714905,0.39087617254274,0.409598976354007,0.406779661016949,"league-shrunk"
"683002","Gunnar Henderson","single_second_scores",18,18,13,0.722222222222222,0.722222222222222,0.617619711761971,0.617619711761971,0.653145092673,0.669920966992097,0.339622641509434,"league-shrunk"
"683002","Gunnar Henderson","steal_second",135,7,6,0.0518518518518519,0.857142857142857,0.0647077913972589,0.881944444444444,0.0544986629347298,0.875,0.794117647058823,"player signal"
"683002","Gunnar Henderson","steal_third",77,0,0,0,,0.0135036339397067,0.853503184713376,0.00421988560615834,0.853503184713376,0.6875,"player signal"
"683011","Anthony Volpe","double_first_scores",2,2,2,1,1,0.41339590443686,0.41339590443686,0.44510423392676,0.472056313993174,0.0540540540540541,"league-shrunk"
"683011","Anthony Volpe","first_to_second_on_out",9,9,4,0.444444444444444,0.444444444444444,0.249688314632211,0.249688314632211,0.289524795730168,0.314607024569622,0.204545454545455,"league-shrunk"
"683011","Anthony Volpe","ground_ball_double_play",19,19,4,0.210526315789474,0.210526315789474,0.204819277108434,0.204819277108434,0.206827309236948,0.207749918593292,0.351851851851852,"league-shrunk"
"683011","Anthony Volpe","sac_fly_scores",4,4,2,0.5,0.5,0.593270173146031,0.593270173146031,0.58370400154131,0.576311959846752,0.102564102564103,"league-shrunk"
"683011","Anthony Volpe","second_to_third_on_out",9,9,5,0.555555555555556,0.555555555555556,0.477532255672549,0.477532255672549,0.493491567012255,0.503540022300218,0.204545454545455,"league-shrunk"
"683011","Anthony Volpe","single_first_to_third",13,13,6,0.461538461538462,0.461538461538462,0.344619833714905,0.344619833714905,0.376285295417119,0.39365022602801,0.270833333333333,"league-shrunk"
"683011","Anthony Volpe","single_second_scores",3,3,3,1,1,0.617619711761971,0.617619711761971,0.647807629254447,0.672245467224547,0.0789473684210526,"league-shrunk"
"683011","Anthony Volpe","steal_second",48,8,6,0.166666666666667,0.75,0.0647077913972589,0.881944444444444,0.12367196022776,0.841346153846154,0.578313253012048,"player signal"
"683011","Anthony Volpe","steal_third",25,2,2,0.08,1,0.0135036339397067,0.853503184713376,0.0412104531314956,0.868152866242038,0.416666666666667,"player signal"
"683021","Michael Stefanic","first_to_second_on_out",1,1,0,0,0,0.249688314632211,0.249688314632211,0.24275252811465,0.236546824388411,0.0277777777777778,"league-shrunk"
"683021","Michael Stefanic","ground_ball_double_play",2,2,1,0.5,0.5,0.204819277108434,0.204819277108434,0.220774991859329,0.23433734939759,0.0540540540540541,"league-shrunk"
"683021","Michael Stefanic","second_to_third_on_out",1,1,0,0,0,0.477532255672549,0.477532255672549,0.464267470792756,0.452398979058205,0.0277777777777778,"league-shrunk"
"683021","Michael Stefanic","single_first_to_third",1,1,0,0,0,0.344619833714905,0.344619833714905,0.335047060556158,0.32648194772991,0.0277777777777778,"league-shrunk"
"683021","Michael Stefanic","steal_second",7,0,0,0,,0.0647077913972589,0.881944444444444,0.0539231594977157,0.881944444444444,0.166666666666667,"league-shrunk"
"683021","Michael Stefanic","steal_third",3,0,0,0,,0.0135036339397067,0.853503184713376,0.0124375575760456,0.853503184713376,0.0789473684210526,"league-shrunk"
"683079","Omar Martinez","single_first_to_third",1,1,0,0,0,0.344619833714905,0.344619833714905,0.335047060556158,0.32648194772991,0.0277777777777778,"league-shrunk"
"683079","Omar Martinez","steal_second",1,0,0,0,,0.0647077913972589,0.881944444444444,0.062910352747335,0.881944444444444,0.0277777777777778,"league-shrunk"
"683079","Omar Martinez","steal_third",1,0,0,0,,0.0135036339397067,0.853503184713376,0.0131285329969371,0.853503184713376,0.0277777777777778,"league-shrunk"
"683083","Nasim Nuñez","double_first_scores",13,13,8,0.615384615384615,0.615384615384615,0.41339590443686,0.41339590443686,0.468101180318544,0.498100847737532,0.270833333333333,"league-shrunk"
"683083","Nasim Nuñez","first_to_second_on_out",25,25,15,0.6,0.6,0.249688314632211,0.249688314632211,0.39565151686879,0.453357899148367,0.416666666666667,"player signal"
"683083","Nasim Nuñez","ground_ball_double_play",44,44,9,0.204545454545455,0.204545454545455,0.204819277108434,0.204819277108434,0.204666768339179,0.204624951418578,0.556962025316456,"player signal"
"683083","Nasim Nuñez","sac_fly_scores",6,6,1,0.166666666666667,0.166666666666667,0.593270173146031,0.593270173146031,0.530840391710026,0.48661929652619,0.146341463414634,"league-shrunk"
"683083","Nasim Nuñez","second_to_third_on_out",15,15,6,0.4,0.4,0.477532255672549,0.477532255672549,0.454272578970785,0.442290321275936,0.3,"league-shrunk"
"683083","Nasim Nuñez","single_first_to_third",20,20,11,0.55,0.55,0.344619833714905,0.344619833714905,0.419303530545849,0.452714658075481,0.363636363636364,"league-shrunk"
"683083","Nasim Nuñez","single_second_scores",4,4,2,0.5,0.5,0.617619711761971,0.617619711761971,0.605556151581256,0.596234309623431,0.102564102564103,"league-shrunk"
"683083","Nasim Nuñez","steal_second",120,38,38,0.316666666666667,1,0.0647077913972589,0.881944444444444,0.259772727089704,0.962053571428571,0.774193548387097,"player signal"
"683083","Nasim Nuñez","steal_third",49,8,7,0.163265306122449,0.875,0.0135036339397067,0.853503184713376,0.10086460937964,0.860117589416953,0.583333333333333,"player signal"
"683090","Matthew Lugo","first_to_second_on_out",2,2,0,0,0,0.249688314632211,0.249688314632211,0.236191648976416,0.22471948316899,0.0540540540540541,"league-shrunk"
"683090","Matthew Lugo","ground_ball_double_play",3,3,1,0.333333333333333,0.333333333333333,0.204819277108434,0.204819277108434,0.214965123652505,0.223178427997705,0.0789473684210526,"league-shrunk"
"683090","Matthew Lugo","steal_second",4,0,0,0,,0.0647077913972589,0.881944444444444,0.0580710948436939,0.881944444444444,0.102564102564103,"league-shrunk"
"683146","Brett Baty","double_first_scores",6,6,3,0.5,0.5,0.41339590443686,0.41339590443686,0.426069674519271,0.435046928327645,0.146341463414634,"league-shrunk"
"683146","Brett Baty","first_to_second_on_out",23,23,4,0.173913043478261,0.173913043478261,0.249688314632211,0.249688314632211,0.219639500209093,0.20718023569219,0.396551724137931,"league-shrunk"
"683146","Brett Baty","ground_ball_double_play",35,35,9,0.257142857142857,0.257142857142857,0.204819277108434,0.204819277108434,0.230981067125645,0.239372584678336,0.5,"player signal"
"683146","Brett Baty","sac_fly_scores",10,10,6,0.6,0.6,0.593270173146031,0.593270173146031,0.594765690224691,0.595673682736734,0.222222222222222,"league-shrunk"
"683146","Brett Baty","second_to_third_on_out",16,16,9,0.5625,0.5625,0.477532255672549,0.477532255672549,0.504188802912534,0.517517076532526,0.313725490196078,"league-shrunk"
"683146","Brett Baty","single_first_to_third",21,21,9,0.428571428571429,0.428571428571429,0.344619833714905,0.344619833714905,0.376101681786102,0.389824538637649,0.375,"league-shrunk"
"683146","Brett Baty","single_second_scores",15,15,7,0.466666666666667,0.466666666666667,0.617619711761971,0.617619711761971,0.57233379823338,0.549004691264105,0.3,"league-shrunk"
"683146","Brett Baty","steal_second",98,5,5,0.0510204081632653,1,0.0647077913972589,0.881944444444444,0.0546223511195794,0.907608695652174,0.736842105263158,"player signal"
"683146","Brett Baty","steal_third",56,0,0,0,,0.0135036339397067,0.853503184713376,0.00519370536142565,0.853503184713376,0.615384615384615,"player signal"
"683227","Cody Freeman","double_first_scores",1,1,1,1,1,0.41339590443686,0.41339590443686,0.429690462646947,0.444269804203341,0.0277777777777778,"league-shrunk"
"683227","Cody Freeman","first_to_second_on_out",5,5,2,0.4,0.4,0.249688314632211,0.249688314632211,0.268477275303185,0.282364767973035,0.125,"league-shrunk"
"683227","Cody Freeman","ground_ball_double_play",10,10,2,0.2,0.2,0.204819277108434,0.204819277108434,0.203748326639893,0.203098106712565,0.222222222222222,"league-shrunk"
"683227","Cody Freeman","sac_fly_scores",2,2,1,0.5,0.5,0.593270173146031,0.593270173146031,0.588228542165164,0.583943155831428,0.0540540540540541,"league-shrunk"
"683227","Cody Freeman","second_to_third_on_out",4,4,0,0,0,0.477532255672549,0.477532255672549,0.428554588424083,0.390708209186631,0.102564102564103,"league-shrunk"
"683227","Cody Freeman","single_first_to_third",3,3,0,0,0,0.344619833714905,0.344619833714905,0.317413004737413,0.29538842889849,0.0789473684210526,"league-shrunk"
"683227","Cody Freeman","single_second_scores",2,2,0,0,0,0.617619711761971,0.617619711761971,0.58423486247754,0.555857740585774,0.0540540540540541,"league-shrunk"
"683227","Cody Freeman","steal_second",25,2,1,0.08,0.5,0.0647077913972589,0.881944444444444,0.0710795449817344,0.84375,0.416666666666667,"player signal"
"683227","Cody Freeman","steal_third",13,0,0,0,,0.0135036339397067,0.853503184713376,0.0098463997477028,0.853503184713376,0.270833333333333,"league-shrunk"
"683357","Owen Caissie","double_first_scores",3,3,0,0,0,0.41339590443686,0.41339590443686,0.380759385665529,0.354339346660166,0.0789473684210526,"league-shrunk"
"683357","Owen Caissie","first_to_second_on_out",15,15,5,0.333333333333333,0.333333333333333,0.249688314632211,0.249688314632211,0.274781820242548,0.287708777678176,0.3,"league-shrunk"
"683357","Owen Caissie","ground_ball_double_play",23,23,5,0.217391304347826,0.217391304347826,0.204819277108434,0.204819277108434,0.209804736186124,0.211871877754922,0.396551724137931,"league-shrunk"
"683357","Owen Caissie","sac_fly_scores",3,3,2,0.666666666666667,0.666666666666667,0.593270173146031,0.593270173146031,0.599064633160818,0.603755386506121,0.0789473684210526,"league-shrunk"
"683357","Owen Caissie","second_to_third_on_out",13,13,8,0.615384615384615,0.615384615384615,0.477532255672549,0.477532255672549,0.514867269761234,0.535341309745351,0.270833333333333,"league-shrunk"
"683357","Owen Caissie","single_first_to_third",15,15,7,0.466666666666667,0.466666666666667,0.344619833714905,0.344619833714905,0.381233883600434,0.400095666874797,0.3,"league-shrunk"
"683357","Owen Caissie","single_second_scores",9,9,8,0.888888888888889,0.888888888888889,0.617619711761971,0.617619711761971,0.673106588901568,0.708042770804277,0.204545454545455,"league-shrunk"
"683357","Owen Caissie","steal_second",73,4,4,0.0547945205479452,1,0.0647077913972589,0.881944444444444,0.0580071546194821,0.903409090909091,0.675925925925926,"player signal"
"683357","Owen Caissie","steal_third",46,0,0,0,,0.0135036339397067,0.853503184713376,0.00583490355419425,0.853503184713376,0.567901234567901,"player signal"
"683679","Jesus Rodriguez","double_first_scores",1,1,0,0,0,0.41339590443686,0.41339590443686,0.40191268486917,0.391638225255973,0.0277777777777778,"league-shrunk"
"683679","Jesus Rodriguez","first_to_second_on_out",4,4,1,0.25,0.25,0.249688314632211,0.249688314632211,0.249720282362241,0.249744984699082,0.102564102564103,"league-shrunk"
"683679","Jesus Rodriguez","ground_ball_double_play",5,5,0,0,0,0.204819277108434,0.204819277108434,0.179216867469879,0.160293347302252,0.125,"league-shrunk"
"683679","Jesus Rodriguez","sac_fly_scores",4,4,1,0.25,0.25,0.593270173146031,0.593270173146031,0.558062975900284,0.530857414392207,0.102564102564103,"league-shrunk"
"683679","Jesus Rodriguez","second_to_third_on_out",1,1,0,0,0,0.477532255672549,0.477532255672549,0.464267470792756,0.452398979058205,0.0277777777777778,"league-shrunk"
"683679","Jesus Rodriguez","single_first_to_third",3,3,1,0.333333333333333,0.333333333333333,0.344619833714905,0.344619833714905,0.343728794211097,0.343007476517538,0.0789473684210526,"league-shrunk"
"683679","Jesus Rodriguez","single_second_scores",4,4,2,0.5,0.5,0.617619711761971,0.617619711761971,0.605556151581256,0.596234309623431,0.102564102564103,"league-shrunk"
"683679","Jesus Rodriguez","steal_second",11,1,0,0.0909090909090909,0,0.0647077913972589,0.881944444444444,0.0709733195413926,0.835526315789474,0.239130434782609,"league-shrunk"
"683679","Jesus Rodriguez","steal_third",6,0,0,0,,0.0135036339397067,0.853503184713376,0.0115274923875545,0.853503184713376,0.146341463414634,"league-shrunk"
"683734","Andrew Vaughn","double_first_scores",3,3,1,0.333333333333333,0.333333333333333,0.41339590443686,0.41339590443686,0.407075175139213,0.401958394279213,0.0789473684210526,"league-shrunk"
"683734","Andrew Vaughn","first_to_second_on_out",18,18,4,0.222222222222222,0.222222222222222,0.249688314632211,0.249688314632211,0.240360207775989,0.235955268427217,0.339622641509434,"league-shrunk"
"683734","Andrew Vaughn","ground_ball_double_play",31,31,7,0.225806451612903,0.225806451612903,0.204819277108434,0.204819277108434,0.214676889375685,0.218096877305139,0.46969696969697,"player signal"
"683734","Andrew Vaughn","sac_fly_scores",6,6,2,0.333333333333333,0.333333333333333,0.593270173146031,0.593270173146031,0.555230635612465,0.528285963192856,0.146341463414634,"league-shrunk"
"683734","Andrew Vaughn","second_to_third_on_out",15,15,4,0.266666666666667,0.266666666666667,0.477532255672549,0.477532255672549,0.414272578970785,0.381684260669875,0.3,"league-shrunk"
"683734","Andrew Vaughn","single_first_to_third",23,23,2,0.0869565217391304,0.0869565217391304,0.344619833714905,0.344619833714905,0.242443003103822,0.200077000167519,0.396551724137931,"league-shrunk"
"683734","Andrew Vaughn","single_second_scores",14,14,8,0.571428571428571,0.571428571428571,0.617619711761971,0.617619711761971,0.604422243095286,0.597411087866109,0.285714285714286,"league-shrunk"
"683734","Andrew Vaughn","steal_second",99,0,0,0,,0.0647077913972589,0.881944444444444,0.0169012887977915,0.881944444444444,0.738805970149254,"player signal"
"683734","Andrew Vaughn","steal_third",64,0,0,0,,0.0135036339397067,0.853503184713376,0.00477401199888621,0.853503184713376,0.646464646464647,"player signal"
"683737","Michael Busch","double_first_scores",10,10,3,0.3,0.3,0.41339590443686,0.41339590443686,0.388196814562002,0.372897367137981,0.222222222222222,"league-shrunk"
"683737","Michael Busch","first_to_second_on_out",30,30,3,0.1,0.1,0.249688314632211,0.249688314632211,0.180601400186575,0.156133117987079,0.461538461538462,"player signal"
"683737","Michael Busch","ground_ball_double_play",65,65,19,0.292307692307692,0.292307692307692,0.204819277108434,0.204819277108434,0.261686746987952,0.27333430105966,0.65,"player signal"
"683737","Michael Busch","sac_fly_scores",12,12,6,0.5,0.5,0.593270173146031,0.593270173146031,0.569456511917257,0.555962103887618,0.25531914893617,"league-shrunk"
"683737","Michael Busch","second_to_third_on_out",23,23,8,0.347826086956522,0.347826086956522,0.477532255672549,0.477532255672549,0.426097050836883,0.404770258587948,0.396551724137931,"league-shrunk"
"683737","Michael Busch","single_first_to_third",35,35,7,0.2,0.2,0.344619833714905,0.344619833714905,0.272309916857453,0.249116169940911,0.5,"player signal"
"683737","Michael Busch","single_second_scores",18,18,9,0.5,0.5,0.617619711761971,0.617619711761971,0.577673394559792,0.558809855880986,0.339622641509434,"league-shrunk"
"683737","Michael Busch","steal_second",152,1,1,0.00657894736842105,1,0.0647077913972589,0.881944444444444,0.0174586775342463,0.888157894736842,0.812834224598931,"player signal"
"683737","Michael Busch","steal_third",94,0,0,0,,0.0135036339397067,0.853503184713376,0.00366377665030802,0.853503184713376,0.728682170542636,"player signal"
"683748","Victor Mesa Jr.","double_first_scores",2,2,0,0,0,0.41339590443686,0.41339590443686,0.391050179872706,0.372056313993174,0.0540540540540541,"league-shrunk"
"683748","Victor Mesa Jr.","first_to_second_on_out",7,7,4,0.571428571428571,0.571428571428571,0.249688314632211,0.249688314632211,0.303311690764938,0.339775586535192,0.166666666666667,"league-shrunk"
"683748","Victor Mesa Jr.","ground_ball_double_play",12,12,1,0.0833333333333333,0.0833333333333333,0.204819277108434,0.204819277108434,0.173801589336068,0.156224899598394,0.25531914893617,"league-shrunk"
"683748","Victor Mesa Jr.","sac_fly_scores",5,5,2,0.4,0.4,0.593270173146031,0.593270173146031,0.569111401502777,0.551254918114285,0.125,"league-shrunk"
"683748","Victor Mesa Jr.","second_to_third_on_out",2,2,2,1,1,0.477532255672549,0.477532255672549,0.505773755365925,0.529779030105294,0.0540540540540541,"league-shrunk"
"683748","Victor Mesa Jr.","single_first_to_third",11,11,4,0.363636363636364,0.363636363636364,0.344619833714905,0.344619833714905,0.34916726478308,0.351833000236838,0.239130434782609,"league-shrunk"
"683748","Victor Mesa Jr.","single_second_scores",6,6,4,0.666666666666667,0.666666666666667,0.617619711761971,0.617619711761971,0.624797314918756,0.629881450488145,0.146341463414634,"league-shrunk"
"683748","Victor Mesa Jr.","steal_second",42,7,7,0.166666666666667,1,0.0647077913972589,0.881944444444444,0.12032172336239,0.915,0.545454545454545,"player signal"
"683748","Victor Mesa Jr.","steal_third",23,1,1,0.0434782608695652,1,0.0135036339397067,0.853503184713376,0.0253901239291334,0.861213543412672,0.396551724137931,"league-shrunk"
"683766","Christian Koss","double_first_scores",1,1,0,0,0,0.41339590443686,0.41339590443686,0.40191268486917,0.391638225255973,0.0277777777777778,"league-shrunk"
"683766","Christian Koss","first_to_second_on_out",4,4,1,0.25,0.25,0.249688314632211,0.249688314632211,0.249720282362241,0.249744984699082,0.102564102564103,"league-shrunk"
"683766","Christian Koss","ground_ball_double_play",14,14,6,0.428571428571429,0.428571428571429,0.204819277108434,0.204819277108434,0.268748463240718,0.302710843373494,0.285714285714286,"league-shrunk"
"683766","Christian Koss","sac_fly_scores",4,4,4,1,1,0.593270173146031,0.593270173146031,0.634986052823361,0.667221050755843,0.102564102564103,"league-shrunk"
"683766","Christian Koss","second_to_third_on_out",6,6,1,0.166666666666667,0.166666666666667,0.477532255672549,0.477532255672549,0.432039730452176,0.399815858421079,0.146341463414634,"league-shrunk"
"683766","Christian Koss","single_first_to_third",9,9,4,0.444444444444444,0.444444444444444,0.344619833714905,0.344619833714905,0.365038504091402,0.377894703958085,0.204545454545455,"league-shrunk"
"683766","Christian Koss","single_second_scores",4,4,3,0.75,0.75,0.617619711761971,0.617619711761971,0.631197177222282,0.641688855077976,0.102564102564103,"league-shrunk"
"683766","Christian Koss","steal_second",39,2,2,0.0512820512820513,1,0.0647077913972589,0.881944444444444,0.0576320634987035,0.89375,0.527027027027027,"player signal"
"683766","Christian Koss","steal_third",29,0,0,0,,0.0135036339397067,0.853503184713376,0.0073847998107771,0.853503184713376,0.453125,"player signal"
"683953","Travis Bazzana","double_first_scores",5,5,2,0.4,0.4,0.41339590443686,0.41339590443686,0.411721416382253,0.410483751298412,0.125,"league-shrunk"
"683953","Travis Bazzana","first_to_second_on_out",30,30,8,0.266666666666667,0.266666666666667,0.249688314632211,0.249688314632211,0.257524477109652,0.260299784653746,0.461538461538462,"player signal"
"683953","Travis Bazzana","ground_ball_double_play",53,53,7,0.132075471698113,0.132075471698113,0.204819277108434,0.204819277108434,0.161007667031763,0.150517563210589,0.602272727272727,"player signal"
"683953","Travis Bazzana","sac_fly_scores",9,9,4,0.444444444444444,0.444444444444444,0.593270173146031,0.593270173146031,0.562828546820706,0.543661596912169,0.204545454545455,"league-shrunk"
"683953","Travis Bazzana","second_to_third_on_out",29,29,15,0.517241379310345,0.517241379310345,0.477532255672549,0.477532255672549,0.495525452320925,0.50203362983204,0.453125,"player signal"
"683953","Travis Bazzana","single_first_to_third",23,23,9,0.391304347826087,0.391304347826087,0.344619833714905,0.344619833714905,0.363132658276236,0.370808707484593,0.396551724137931,"league-shrunk"
"683953","Travis Bazzana","single_second_scores",4,4,4,1,1,0.617619711761971,0.617619711761971,0.656838202863308,0.687143400532522,0.102564102564103,"league-shrunk"
"683953","Travis Bazzana","steal_second",124,15,10,0.120967741935484,0.666666666666667,0.0647077913972589,0.881944444444444,0.108583476093736,0.784090909090909,0.779874213836478,"player signal"
"683953","Travis Bazzana","steal_third",70,6,6,0.0857142857142857,1,0.0135036339397067,0.853503184713376,0.0616440684560927,0.890127388535032,0.666666666666667,"player signal"
"685133","Wade Meckler","double_first_scores",4,4,3,0.75,0.75,0.41339590443686,0.41339590443686,0.447919401417695,0.474596649084704,0.102564102564103,"league-shrunk"
"685133","Wade Meckler","first_to_second_on_out",16,16,2,0.125,0.125,0.249688314632211,0.249688314632211,0.210570412002498,0.191011460687641,0.313725490196078,"league-shrunk"
"685133","Wade Meckler","ground_ball_double_play",27,27,6,0.222222222222222,0.222222222222222,0.204819277108434,0.204819277108434,0.212397979012825,0.215261044176707,0.435483870967742,"player signal"
"685133","Wade Meckler","sac_fly_scores",6,6,4,0.666666666666667,0.666666666666667,0.593270173146031,0.593270173146031,0.604011123417343,0.61161929652619,0.146341463414634,"league-shrunk"
"685133","Wade Meckler","second_to_third_on_out",20,20,9,0.45,0.45,0.477532255672549,0.477532255672549,0.467520526337077,0.46304159479226,0.363636363636364,"league-shrunk"
"685133","Wade Meckler","single_first_to_third",21,21,10,0.476190476190476,0.476190476190476,0.344619833714905,0.344619833714905,0.393958824643244,0.415465564278674,0.375,"league-shrunk"
"685133","Wade Meckler","single_second_scores",7,7,4,0.571428571428571,0.571428571428571,0.617619711761971,0.617619711761971,0.609921188373071,0.604686192468619,0.166666666666667,"league-shrunk"
"685133","Wade Meckler","steal_second",91,5,5,0.0549450549450549,1,0.0647077913972589,0.881944444444444,0.0576569261817783,0.907608695652174,0.722222222222222,"player signal"
"685133","Wade Meckler","steal_third",56,0,0,0,,0.0135036339397067,0.853503184713376,0.00519370536142565,0.853503184713376,0.615384615384615,"player signal"
"686217","Sal Frelick","double_first_scores",3,3,1,0.333333333333333,0.333333333333333,0.41339590443686,0.41339590443686,0.407075175139213,0.401958394279213,0.0789473684210526,"league-shrunk"
"686217","Sal Frelick","first_to_second_on_out",22,22,7,0.318181818181818,0.318181818181818,0.249688314632211,0.249688314632211,0.276124403721533,0.287359741584495,0.385964912280702,"league-shrunk"
"686217","Sal Frelick","ground_ball_double_play",40,40,7,0.175,0.175,0.204819277108434,0.204819277108434,0.188915662650602,0.184254258412962,0.533333333333333,"player signal"
"686217","Sal Frelick","sac_fly_scores",9,9,5,0.555555555555556,0.555555555555556,0.593270173146031,0.593270173146031,0.585555819547979,0.580698633949206,0.204545454545455,"league-shrunk"
"686217","Sal Frelick","second_to_third_on_out",17,17,9,0.529411764705882,0.529411764705882,0.477532255672549,0.477532255672549,0.494492864394985,0.502730874345882,0.326923076923077,"league-shrunk"
"686217","Sal Frelick","single_first_to_third",27,27,6,0.222222222222222,0.222222222222222,0.344619833714905,0.344619833714905,0.291317648064866,0.271181266819295,0.435483870967742,"player signal"
"686217","Sal Frelick","single_second_scores",11,11,8,0.727272727272727,0.727272727272727,0.617619711761971,0.617619711761971,0.643841085036282,0.659212234886741,0.239130434782609,"league-shrunk"
"686217","Sal Frelick","steal_second",83,6,5,0.072289156626506,0.833333333333333,0.0647077913972589,0.881944444444444,0.0700404466008819,0.869791666666667,0.703389830508475,"player signal"
"686217","Sal Frelick","steal_third",66,0,0,0,,0.0135036339397067,0.853503184713376,0.00467947710781916,0.853503184713376,0.653465346534653,"player signal"
"686452","Drew Millas","double_first_scores",5,5,1,0.2,0.2,0.41339590443686,0.41339590443686,0.386721416382253,0.367005490428847,0.125,"league-shrunk"
"686452","Drew Millas","first_to_second_on_out",6,6,1,0.166666666666667,0.166666666666667,0.249688314632211,0.249688314632211,0.237538805173839,0.228932902640825,0.146341463414634,"league-shrunk"
"686452","Drew Millas","ground_ball_double_play",11,11,5,0.454545454545455,0.454545454545455,0.204819277108434,0.204819277108434,0.264536406495547,0.299542999584545,0.239130434782609,"league-shrunk"
"686452","Drew Millas","sac_fly_scores",3,3,2,0.666666666666667,0.666666666666667,0.593270173146031,0.593270173146031,0.599064633160818,0.603755386506121,0.0789473684210526,"league-shrunk"
"686452","Drew Millas","second_to_third_on_out",5,5,3,0.6,0.6,0.477532255672549,0.477532255672549,0.492840723713481,0.50415567835243,0.125,"league-shrunk"
"686452","Drew Millas","single_first_to_third",9,9,1,0.111111111111111,0.111111111111111,0.344619833714905,0.344619833714905,0.296856685909584,0.266783592846974,0.204545454545455,"league-shrunk"
"686452","Drew Millas","single_second_scores",5,5,3,0.6,0.6,0.617619711761971,0.617619711761971,0.615417247791725,0.613789339639804,0.125,"league-shrunk"
"686452","Drew Millas","steal_second",37,1,0,0.027027027027027,0,0.0647077913972589,0.881944444444444,0.0453440652625564,0.835526315789474,0.513888888888889,"player signal"
"686452","Drew Millas","steal_third",17,0,0,0,,0.0135036339397067,0.853503184713376,0.0090889843824949,0.853503184713376,0.326923076923077,"league-shrunk"
"686469","Vinnie Pasquantino","double_first_scores",3,3,1,0.333333333333333,0.333333333333333,0.41339590443686,0.41339590443686,0.407075175139213,0.401958394279213,0.0789473684210526,"league-shrunk"
"686469","Vinnie Pasquantino","first_to_second_on_out",31,31,5,0.161290322580645,0.161290322580645,0.249688314632211,0.249688314632211,0.208168045638294,0.19376305435469,0.46969696969697,"player signal"
"686469","Vinnie Pasquantino","ground_ball_double_play",47,47,9,0.191489361702128,0.191489361702128,0.204819277108434,0.204819277108434,0.197178959741405,0.195180722891566,0.573170731707317,"player signal"
"686469","Vinnie Pasquantino","sac_fly_scores",8,8,4,0.5,0.5,0.593270173146031,0.593270173146031,0.575917582793281,0.564571658331867,0.186046511627907,"league-shrunk"
"686469","Vinnie Pasquantino","second_to_third_on_out",18,18,3,0.166666666666667,0.166666666666667,0.477532255672549,0.477532255672549,0.371955263179985,0.322099461169608,0.339622641509434,"league-shrunk"
"686469","Vinnie Pasquantino","single_first_to_third",22,22,6,0.272727272727273,0.272727272727273,0.344619833714905,0.344619833714905,0.316871827719679,0.305078925171707,0.385964912280702,"league-shrunk"
"686469","Vinnie Pasquantino","single_second_scores",14,14,8,0.571428571428571,0.571428571428571,0.617619711761971,0.617619711761971,0.604422243095286,0.597411087866109,0.285714285714286,"league-shrunk"
"686469","Vinnie Pasquantino","steal_second",121,3,3,0.0247933884297521,1,0.0647077913972589,0.881944444444444,0.0337485429416927,0.898809523809524,0.775641025641026,"player signal"
"686469","Vinnie Pasquantino","steal_third",68,0,0,0,,0.0135036339397067,0.853503184713376,0.00458861347465762,0.853503184713376,0.660194174757282,"player signal"
"686475","Tyler Tolbert","double_first_scores",4,4,3,0.75,0.75,0.41339590443686,0.41339590443686,0.447919401417695,0.474596649084704,0.102564102564103,"league-shrunk"
"686475","Tyler Tolbert","first_to_second_on_out",7,7,5,0.714285714285714,0.714285714285714,0.249688314632211,0.249688314632211,0.327121214574462,0.379775586535192,0.166666666666667,"league-shrunk"
"686475","Tyler Tolbert","ground_ball_double_play",13,13,1,0.0769230769230769,0.0769230769230769,0.204819277108434,0.204819277108434,0.170180722891566,0.151185386708123,0.270833333333333,"league-shrunk"
"686475","Tyler Tolbert","sac_fly_scores",6,6,1,0.166666666666667,0.166666666666667,0.593270173146031,0.593270173146031,0.530840391710026,0.48661929652619,0.146341463414634,"league-shrunk"
"686475","Tyler Tolbert","second_to_third_on_out",15,15,11,0.733333333333333,0.733333333333333,0.477532255672549,0.477532255672549,0.554272578970785,0.593805472791088,0.3,"league-shrunk"
"686475","Tyler Tolbert","single_first_to_third",10,10,4,0.4,0.4,0.344619833714905,0.344619833714905,0.356926537333815,0.364398464531011,0.222222222222222,"league-shrunk"
"686475","Tyler Tolbert","single_second_scores",3,3,3,1,1,0.617619711761971,0.617619711761971,0.647807629254447,0.672245467224547,0.0789473684210526,"league-shrunk"
"686475","Tyler Tolbert","steal_second",39,9,9,0.230769230769231,1,0.0647077913972589,0.881944444444444,0.152226658093298,0.921296296296296,0.527027027027027,"player signal"
"686475","Tyler Tolbert","steal_third",32,4,3,0.125,0.75,0.0135036339397067,0.853503184713376,0.066755629669996,0.834684423856399,0.477611940298507,"player signal"
"686527","Dominic Canzone","double_first_scores",3,3,0,0,0,0.41339590443686,0.41339590443686,0.380759385665529,0.354339346660166,0.0789473684210526,"league-shrunk"
"686527","Dominic Canzone","first_to_second_on_out",26,26,3,0.115384615384615,0.115384615384615,0.249688314632211,0.249688314632211,0.192444114952908,0.170327037804086,0.426229508196721,"player signal"
"686527","Dominic Canzone","ground_ball_double_play",42,42,6,0.142857142857143,0.142857142857143,0.204819277108434,0.204819277108434,0.171021749335002,0.16144578313253,0.545454545454545,"player signal"
"686527","Dominic Canzone","sac_fly_scores",8,8,3,0.375,0.375,0.593270173146031,0.593270173146031,0.552661768839792,0.526110119870329,0.186046511627907,"league-shrunk"
"686527","Dominic Canzone","second_to_third_on_out",21,21,8,0.380952380952381,0.380952380952381,0.477532255672549,0.477532255672549,0.441314802652486,0.425527707746305,0.375,"league-shrunk"
"686527","Dominic Canzone","single_first_to_third",17,17,4,0.235294117647059,0.235294117647059,0.344619833714905,0.344619833714905,0.308878734231186,0.291518771624808,0.326923076923077,"league-shrunk"
"686527","Dominic Canzone","single_second_scores",7,7,5,0.714285714285714,0.714285714285714,0.617619711761971,0.617619711761971,0.633730712182595,0.644686192468619,0.166666666666667,"league-shrunk"
"686527","Dominic Canzone","steal_second",111,2,2,0.018018018018018,1,0.0647077913972589,0.881944444444444,0.0292107719103018,0.89375,0.76027397260274,"player signal"
"686527","Dominic Canzone","steal_third",51,0,0,0,,0.0135036339397067,0.853503184713376,0.00549566497546203,0.853503184713376,0.593023255813954,"player signal"
"686554","Oliver Dunn","single_second_scores",1,1,0,0,0,0.617619711761971,0.617619711761971,0.600463608657472,0.58511341114292,0.0277777777777778,"league-shrunk"
"686554","Oliver Dunn","steal_third",2,0,0,0,,0.0135036339397067,0.853503184713376,0.0127737077808036,0.853503184713376,0.0540540540540541,"league-shrunk"
"686555","Isaac Collins","double_first_scores",6,6,3,0.5,0.5,0.41339590443686,0.41339590443686,0.426069674519271,0.435046928327645,0.146341463414634,"league-shrunk"
"686555","Isaac Collins","first_to_second_on_out",32,32,10,0.3125,0.3125,0.249688314632211,0.249688314632211,0.27968792555414,0.289887793267596,0.477611940298507,"player signal"
"686555","Isaac Collins","ground_ball_double_play",50,50,4,0.08,0.08,0.204819277108434,0.204819277108434,0.131396172927002,0.113040396881644,0.588235294117647,"player signal"
"686555","Isaac Collins","sac_fly_scores",9,9,6,0.666666666666667,0.666666666666667,0.593270173146031,0.593270173146031,0.608283092275252,0.617735670986243,0.204545454545455,"league-shrunk"
"686555","Isaac Collins","second_to_third_on_out",20,20,11,0.55,0.55,0.477532255672549,0.477532255672549,0.503884162700713,0.515673173739629,0.363636363636364,"league-shrunk"
"686555","Isaac Collins","single_first_to_third",22,22,8,0.363636363636364,0.363636363636364,0.344619833714905,0.344619833714905,0.351959547017924,0.355078925171707,0.385964912280702,"league-shrunk"
"686555","Isaac Collins","single_second_scores",13,13,7,0.538461538461538,0.538461538461538,0.617619711761971,0.617619711761971,0.596181039826437,0.584424348765015,0.270833333333333,"league-shrunk"
"686555","Isaac Collins","steal_second",109,10,6,0.0917431192660551,0.6,0.0647077913972589,0.881944444444444,0.0851720326312782,0.78125,0.756944444444444,"player signal"
"686555","Isaac Collins","steal_third",63,0,0,0,,0.0135036339397067,0.853503184713376,0.00482272640703811,0.853503184713376,0.642857142857143,"player signal"
"686611","Dylan Crews","double_first_scores",5,5,3,0.6,0.6,0.41339590443686,0.41339590443686,0.436721416382253,0.453962012167977,0.125,"league-shrunk"
"686611","Dylan Crews","first_to_second_on_out",18,18,3,0.166666666666667,0.166666666666667,0.249688314632211,0.249688314632211,0.221492283247687,0.208177490649439,0.339622641509434,"league-shrunk"
"686611","Dylan Crews","ground_ball_double_play",39,39,8,0.205128205128205,0.205128205128205,0.204819277108434,0.204819277108434,0.204982090524259,0.205030648911435,0.527027027027027,"player signal"
"686611","Dylan Crews","sac_fly_scores",7,7,5,0.714285714285714,0.714285714285714,0.593270173146031,0.593270173146031,0.613439430002645,0.627154524665142,0.166666666666667,"league-shrunk"
"686611","Dylan Crews","second_to_third_on_out",19,19,9,0.473684210526316,0.473684210526316,0.477532255672549,0.477532255672549,0.476178313861838,0.475556232489348,0.351851851851852,"league-shrunk"
"686611","Dylan Crews","single_first_to_third",17,17,10,0.588235294117647,0.588235294117647,0.344619833714905,0.344619833714905,0.424263349615802,0.46294734305338,0.326923076923077,"league-shrunk"
"686611","Dylan Crews","single_second_scores",8,8,5,0.625,0.625,0.617619711761971,0.617619711761971,0.618992788643465,0.619890569681365,0.186046511627907,"league-shrunk"
"686611","Dylan Crews","steal_second",83,8,8,0.0963855421686747,1,0.0647077913972589,0.881944444444444,0.0869895991432548,0.918269230769231,0.703389830508475,"player signal"
"686611","Dylan Crews","steal_third",45,1,1,0.0222222222222222,1,0.0135036339397067,0.853503184713376,0.0184078398486217,0.861213543412672,0.5625,"player signal"
"686668","Brenton Doyle","double_first_scores",3,3,2,0.666666666666667,0.666666666666667,0.41339590443686,0.41339590443686,0.433390964612897,0.449577441898261,0.0789473684210526,"league-shrunk"
"686668","Brenton Doyle","first_to_second_on_out",8,8,3,0.375,0.375,0.249688314632211,0.249688314632211,0.273002116561102,0.288245756283839,0.186046511627907,"league-shrunk"
"686668","Brenton Doyle","ground_ball_double_play",12,12,2,0.166666666666667,0.166666666666667,0.204819277108434,0.204819277108434,0.195078185080749,0.189558232931727,0.25531914893617,"league-shrunk"
"686668","Brenton Doyle","sac_fly_scores",3,3,2,0.666666666666667,0.666666666666667,0.593270173146031,0.593270173146031,0.599064633160818,0.603755386506121,0.0789473684210526,"league-shrunk"
"686668","Brenton Doyle","second_to_third_on_out",4,4,3,0.75,0.75,0.477532255672549,0.477532255672549,0.50547766534716,0.527071845550268,0.102564102564103,"league-shrunk"
"686668","Brenton Doyle","single_first_to_third",8,8,2,0.25,0.25,0.344619833714905,0.344619833714905,0.327016143721435,0.315506038725704,0.186046511627907,"league-shrunk"
"686668","Brenton Doyle","single_second_scores",5,5,2,0.4,0.4,0.617619711761971,0.617619711761971,0.590417247791725,0.570311078770238,0.125,"league-shrunk"
"686668","Brenton Doyle","steal_second",47,14,13,0.297872340425532,0.928571428571429,0.0647077913972589,0.881944444444444,0.198350886572001,0.90234375,0.573170731707317,"player signal"
"686668","Brenton Doyle","steal_third",19,0,0,0,,0.0135036339397067,0.853503184713376,0.00875235533129138,0.853503184713376,0.351851851851852,"league-shrunk"
"686681","Michael Massey","double_first_scores",4,4,2,0.5,0.5,0.41339590443686,0.41339590443686,0.422278375776669,0.429142103630158,0.102564102564103,"league-shrunk"
"686681","Michael Massey","first_to_second_on_out",18,18,6,0.333333333333333,0.333333333333333,0.249688314632211,0.249688314632211,0.278096056832592,0.291510823982772,0.339622641509434,"league-shrunk"
"686681","Michael Massey","ground_ball_double_play",31,31,11,0.354838709677419,0.354838709677419,0.204819277108434,0.204819277108434,0.275282949981745,0.299729530366363,0.46969696969697,"player signal"
"686681","Michael Massey","sac_fly_scores",12,12,6,0.5,0.5,0.593270173146031,0.593270173146031,0.569456511917257,0.555962103887618,0.25531914893617,"league-shrunk"
"686681","Michael Massey","second_to_third_on_out",20,20,11,0.55,0.55,0.477532255672549,0.477532255672549,0.503884162700713,0.515673173739629,0.363636363636364,"league-shrunk"
"686681","Michael Massey","single_first_to_third",13,13,2,0.153846153846154,0.153846153846154,0.344619833714905,0.344619833714905,0.292951962083785,0.264617967963493,0.270833333333333,"league-shrunk"
"686681","Michael Massey","single_second_scores",14,14,7,0.5,0.5,0.617619711761971,0.617619711761971,0.584014079829979,0.566161087866109,0.285714285714286,"league-shrunk"
"686681","Michael Massey","steal_second",84,1,1,0.0119047619047619,1,0.0647077913972589,0.881944444444444,0.0274350646966728,0.888157894736842,0.705882352941177,"player signal"
"686681","Michael Massey","steal_third",60,1,1,0.0166666666666667,1,0.0135036339397067,0.853503184713376,0.0155013388198919,0.861213543412672,0.631578947368421,"player signal"
"686765","Nick Sogard","double_first_scores",3,3,2,0.666666666666667,0.666666666666667,0.41339590443686,0.41339590443686,0.433390964612897,0.449577441898261,0.0789473684210526,"league-shrunk"
"686765","Nick Sogard","first_to_second_on_out",20,20,3,0.15,0.15,0.249688314632211,0.249688314632211,0.213438018402316,0.197220780615258,0.363636363636364,"league-shrunk"
"686765","Nick Sogard","ground_ball_double_play",31,31,4,0.129032258064516,0.129032258064516,0.204819277108434,0.204819277108434,0.169222343921139,0.156872387509221,0.46969696969697,"player signal"
"686765","Nick Sogard","sac_fly_scores",4,4,2,0.5,0.5,0.593270173146031,0.593270173146031,0.58370400154131,0.576311959846752,0.102564102564103,"league-shrunk"
"686765","Nick Sogard","second_to_third_on_out",11,11,8,0.727272727272727,0.727272727272727,0.477532255672549,0.477532255672549,0.537252803229114,0.572261400072617,0.239130434782609,"league-shrunk"
"686765","Nick Sogard","single_first_to_third",14,14,5,0.357142857142857,0.357142857142857,0.344619833714905,0.344619833714905,0.348197840408606,0.350098656464634,0.285714285714286,"league-shrunk"
"686765","Nick Sogard","single_second_scores",5,5,4,0.8,0.8,0.617619711761971,0.617619711761971,0.640417247791725,0.657267600509369,0.125,"league-shrunk"
"686765","Nick Sogard","steal_second",66,0,0,0,,0.0647077913972589,0.881944444444444,0.022423492068357,0.881944444444444,0.653465346534653,"player signal"
"686765","Nick Sogard","steal_third",39,0,0,0,,0.0135036339397067,0.853503184713376,0.00638685389040182,0.853503184713376,0.527027027027027,"player signal"
"686780","Pedro Pagés","first_to_second_on_out",9,9,3,0.333333333333333,0.333333333333333,0.249688314632211,0.249688314632211,0.266797523002895,0.277569987532585,0.204545454545455,"league-shrunk"
"686780","Pedro Pagés","ground_ball_double_play",16,16,2,0.125,0.125,0.204819277108434,0.204819277108434,0.179777935270494,0.167257264351524,0.313725490196078,"league-shrunk"
"686780","Pedro Pagés","sac_fly_scores",6,6,4,0.666666666666667,0.666666666666667,0.593270173146031,0.593270173146031,0.604011123417343,0.61161929652619,0.146341463414634,"league-shrunk"
"686780","Pedro Pagés","second_to_third_on_out",6,6,2,0.333333333333333,0.333333333333333,0.477532255672549,0.477532255672549,0.456429974354615,0.441482525087745,0.146341463414634,"league-shrunk"
"686780","Pedro Pagés","single_first_to_third",4,4,1,0.25,0.25,0.344619833714905,0.344619833714905,0.334915235385172,0.327416227584923,0.102564102564103,"league-shrunk"
"686780","Pedro Pagés","single_second_scores",3,3,1,0.333333333333333,0.333333333333333,0.617619711761971,0.617619711761971,0.595176050307079,0.577007371986451,0.0789473684210526,"league-shrunk"
"686780","Pedro Pagés","steal_second",34,1,1,0.0294117647058824,1,0.0647077913972589,0.881944444444444,0.0473155463609284,0.888157894736842,0.492753623188406,"player signal"
"686780","Pedro Pagés","steal_third",24,0,0,0,,0.0135036339397067,0.853503184713376,0.00801063030321584,0.853503184713376,0.406779661016949,"league-shrunk"
"686797","Brooks Lee","double_first_scores",5,5,2,0.4,0.4,0.41339590443686,0.41339590443686,0.411721416382253,0.410483751298412,0.125,"league-shrunk"
"686797","Brooks Lee","first_to_second_on_out",31,31,6,0.193548387096774,0.193548387096774,0.249688314632211,0.249688314632211,0.223319560789809,0.214171217619996,0.46969696969697,"player signal"
"686797","Brooks Lee","ground_ball_double_play",53,53,11,0.207547169811321,0.207547169811321,0.204819277108434,0.204819277108434,0.206462212486309,0.206855591379603,0.602272727272727,"player signal"
"686797","Brooks Lee","sac_fly_scores",10,10,6,0.6,0.6,0.593270173146031,0.593270173146031,0.594765690224691,0.595673682736734,0.222222222222222,"league-shrunk"
"686797","Brooks Lee","second_to_third_on_out",17,17,3,0.176470588235294,0.176470588235294,0.477532255672549,0.477532255672549,0.37910824901037,0.331302302917311,0.326923076923077,"league-shrunk"
"686797","Brooks Lee","single_first_to_third",20,20,4,0.2,0.2,0.344619833714905,0.344619833714905,0.292030803273122,0.268504131759692,0.363636363636364,"league-shrunk"
"686797","Brooks Lee","single_second_scores",18,18,12,0.666666666666667,0.666666666666667,0.617619711761971,0.617619711761971,0.634277168144698,0.642143189214319,0.339622641509434,"league-shrunk"
"686797","Brooks Lee","steal_second",134,8,7,0.0597014925373134,0.875,0.0647077913972589,0.881944444444444,0.0607382999935152,0.879807692307692,0.792899408284024,"player signal"
"686797","Brooks Lee","steal_third",75,0,0,0,,0.0135036339397067,0.853503184713376,0.00429661079899759,0.853503184713376,0.681818181818182,"player signal"
"686823","Will Brennan","single_first_to_third",1,1,0,0,0,0.344619833714905,0.344619833714905,0.335047060556158,0.32648194772991,0.0277777777777778,"league-shrunk"
"686823","Will Brennan","steal_second",6,0,0,0,,0.0647077913972589,0.881944444444444,0.0552383585098552,0.881944444444444,0.146341463414634,"league-shrunk"
"686823","Will Brennan","steal_third",1,0,0,0,,0.0135036339397067,0.853503184713376,0.0131285329969371,0.853503184713376,0.0277777777777778,"league-shrunk"
"686894","Joey Wiemer","first_to_second_on_out",7,7,1,0.142857142857143,0.142857142857143,0.249688314632211,0.249688314632211,0.231883119336367,0.219775586535192,0.166666666666667,"league-shrunk"
"686894","Joey Wiemer","ground_ball_double_play",7,7,0,0,0,0.204819277108434,0.204819277108434,0.170682730923695,0.147469879518072,0.166666666666667,"league-shrunk"
"686894","Joey Wiemer","sac_fly_scores",3,3,2,0.666666666666667,0.666666666666667,0.593270173146031,0.593270173146031,0.599064633160818,0.603755386506121,0.0789473684210526,"league-shrunk"
"686894","Joey Wiemer","second_to_third_on_out",5,5,2,0.4,0.4,0.477532255672549,0.477532255672549,0.467840723713481,0.460677417482865,0.125,"league-shrunk"
"686894","Joey Wiemer","single_first_to_third",5,5,4,0.8,0.8,0.344619833714905,0.344619833714905,0.401542354500542,0.443615522037752,0.125,"league-shrunk"
"686894","Joey Wiemer","single_second_scores",1,1,1,1,1,0.617619711761971,0.617619711761971,0.62824138643525,0.637744990090289,0.0277777777777778,"league-shrunk"
"686894","Joey Wiemer","steal_second",18,1,1,0.0555555555555556,1,0.0647077913972589,0.881944444444444,0.0615994848849823,0.888157894736842,0.339622641509434,"league-shrunk"
"686894","Joey Wiemer","steal_third",15,0,0,0,,0.0135036339397067,0.853503184713376,0.00945254375779469,0.853503184713376,0.3,"league-shrunk"
"686948","Drake Baldwin","double_first_scores",8,8,1,0.125,0.125,0.41339590443686,0.41339590443686,0.359740852448607,0.324658703071672,0.186046511627907,"league-shrunk"
"686948","Drake Baldwin","first_to_second_on_out",33,33,3,0.0909090909090909,0.0909090909090909,0.249688314632211,0.249688314632211,0.172633691354815,0.146948816929016,0.485294117647059,"player signal"
"686948","Drake Baldwin","ground_ball_double_play",57,57,10,0.175438596491228,0.175438596491228,0.204819277108434,0.204819277108434,0.18661602933473,0.182489959839357,0.619565217391304,"player signal"
"686948","Drake Baldwin","sac_fly_scores",19,19,10,0.526315789473684,0.526315789473684,0.593270173146031,0.593270173146031,0.569712149261316,0.558888192341312,0.351851851851852,"league-shrunk"
"686948","Drake Baldwin","second_to_third_on_out",17,17,11,0.647058823529412,0.647058823529412,0.477532255672549,0.477532255672549,0.532954402856524,0.55987373148874,0.326923076923077,"league-shrunk"
"686948","Drake Baldwin","single_first_to_third",30,30,12,0.4,0.4,0.344619833714905,0.344619833714905,0.370179910461872,0.37923243764309,0.461538461538462,"player signal"
"686948","Drake Baldwin","single_second_scores",12,12,7,0.583333333333333,0.583333333333333,0.617619711761971,0.617619711761971,0.608865742801468,0.603905160390516,0.25531914893617,"league-shrunk"
"686948","Drake Baldwin","steal_second",162,2,2,0.0123456790123457,1,0.0647077913972589,0.881944444444444,0.0216485923802237,0.89375,0.822335025380711,"player signal"
"686948","Drake Baldwin","steal_third",56,0,0,0,,0.0135036339397067,0.853503184713376,0.00519370536142565,0.853503184713376,0.615384615384615,"player signal"
"687093","Vaughn Grissom","double_first_scores",1,1,1,1,1,0.41339590443686,0.41339590443686,0.429690462646947,0.444269804203341,0.0277777777777778,"league-shrunk"
"687093","Vaughn Grissom","first_to_second_on_out",24,24,2,0.0833333333333333,0.0833333333333333,0.249688314632211,0.249688314632211,0.182018491730973,0.154628325318567,0.406779661016949,"league-shrunk"
"687093","Vaughn Grissom","ground_ball_double_play",35,35,8,0.228571428571429,0.228571428571429,0.204819277108434,0.204819277108434,0.216695352839931,0.220504660150034,0.5,"player signal"
"687093","Vaughn Grissom","sac_fly_scores",8,8,4,0.5,0.5,0.593270173146031,0.593270173146031,0.575917582793281,0.564571658331867,0.186046511627907,"league-shrunk"
"687093","Vaughn Grissom","second_to_third_on_out",14,14,8,0.571428571428571,0.571428571428571,0.477532255672549,0.477532255672549,0.504359774459984,0.518611893815809,0.285714285714286,"league-shrunk"
"687093","Vaughn Grissom","single_first_to_third",13,13,8,0.615384615384615,0.615384615384615,0.344619833714905,0.344619833714905,0.417951962083785,0.458166355060268,0.270833333333333,"league-shrunk"
"687093","Vaughn Grissom","single_second_scores",13,13,7,0.538461538461538,0.538461538461538,0.617619711761971,0.617619711761971,0.596181039826437,0.584424348765015,0.270833333333333,"league-shrunk"
"687093","Vaughn Grissom","steal_second",108,1,1,0.00925925925925926,1,0.0647077913972589,0.881944444444444,0.0228305783140144,0.888157894736842,0.755244755244755,"player signal"
"687093","Vaughn Grissom","steal_third",38,0,0,0,,0.0135036339397067,0.853503184713376,0.00647434503958541,0.853503184713376,0.520547945205479,"player signal"
"687221","Dalton Rushing","double_first_scores",4,4,2,0.5,0.5,0.41339590443686,0.41339590443686,0.422278375776669,0.429142103630158,0.102564102564103,"league-shrunk"
"687221","Dalton Rushing","first_to_second_on_out",5,5,2,0.4,0.4,0.249688314632211,0.249688314632211,0.268477275303185,0.282364767973035,0.125,"league-shrunk"
"687221","Dalton Rushing","ground_ball_double_play",20,20,9,0.45,0.45,0.204819277108434,0.204819277108434,0.293975903614458,0.333861762840837,0.363636363636364,"league-shrunk"
"687221","Dalton Rushing","sac_fly_scores",8,8,5,0.625,0.625,0.593270173146031,0.593270173146031,0.599173396746769,0.603033196793406,0.186046511627907,"league-shrunk"
"687221","Dalton Rushing","second_to_third_on_out",11,11,8,0.727272727272727,0.727272727272727,0.477532255672549,0.477532255672549,0.537252803229114,0.572261400072617,0.239130434782609,"league-shrunk"
"687221","Dalton Rushing","single_first_to_third",15,15,6,0.4,0.4,0.344619833714905,0.344619833714905,0.361233883600434,0.369792636571767,0.3,"league-shrunk"
"687221","Dalton Rushing","single_second_scores",5,5,3,0.6,0.6,0.617619711761971,0.617619711761971,0.615417247791725,0.613789339639804,0.125,"league-shrunk"
"687221","Dalton Rushing","steal_second",47,0,0,0,,0.0647077913972589,0.881944444444444,0.0276191792549276,0.881944444444444,0.573170731707317,"player signal"
"687221","Dalton Rushing","steal_third",33,0,0,0,,0.0135036339397067,0.853503184713376,0.00695039982190786,0.853503184713376,0.485294117647059,"player signal"
"687231","Darell Hernaiz","double_first_scores",3,3,2,0.666666666666667,0.666666666666667,0.41339590443686,0.41339590443686,0.433390964612897,0.449577441898261,0.0789473684210526,"league-shrunk"
"687231","Darell Hernaiz","first_to_second_on_out",5,5,2,0.4,0.4,0.249688314632211,0.249688314632211,0.268477275303185,0.282364767973035,0.125,"league-shrunk"
"687231","Darell Hernaiz","ground_ball_double_play",13,13,6,0.461538461538462,0.461538461538462,0.204819277108434,0.204819277108434,0.274347389558233,0.312475709288768,0.270833333333333,"league-shrunk"
"687231","Darell Hernaiz","sac_fly_scores",3,3,0,0,0,0.593270173146031,0.593270173146031,0.546433054213449,0.508517291268026,0.0789473684210526,"league-shrunk"
"687231","Darell Hernaiz","second_to_third_on_out",7,7,4,0.571428571428571,0.571428571428571,0.477532255672549,0.477532255672549,0.493181641631886,0.503823224084236,0.166666666666667,"league-shrunk"
"687231","Darell Hernaiz","single_first_to_third",6,6,2,0.333333333333333,0.333333333333333,0.344619833714905,0.344619833714905,0.342968150732236,0.341798208619512,0.146341463414634,"league-shrunk"
"687231","Darell Hernaiz","single_second_scores",3,3,3,1,1,0.617619711761971,0.617619711761971,0.647807629254447,0.672245467224547,0.0789473684210526,"league-shrunk"
"687231","Darell Hernaiz","steal_second",36,3,3,0.0833333333333333,1,0.0647077913972589,0.881944444444444,0.0741517281535783,0.898809523809524,0.507042253521127,"player signal"
"687231","Darell Hernaiz","steal_third",17,0,0,0,,0.0135036339397067,0.853503184713376,0.0090889843824949,0.853503184713376,0.326923076923077,"league-shrunk"
"687263","Zach Neto","double_first_scores",7,7,3,0.428571428571429,0.428571428571429,0.41339590443686,0.41339590443686,0.415925158459288,0.417645051194539,0.166666666666667,"league-shrunk"
"687263","Zach Neto","first_to_second_on_out",31,31,4,0.129032258064516,0.129032258064516,0.249688314632211,0.249688314632211,0.193016530486779,0.173354891089384,0.46969696969697,"player signal"
"687263","Zach Neto","ground_ball_double_play",52,52,12,0.230769230769231,0.230769230769231,0.204819277108434,0.204819277108434,0.220329594239025,0.224096385542169,0.597701149425287,"player signal"
"687263","Zach Neto","sac_fly_scores",11,11,3,0.272727272727273,0.272727272727273,0.593270173146031,0.593270173146031,0.516618610002415,0.471684935056157,0.239130434782609,"league-shrunk"
"687263","Zach Neto","second_to_third_on_out",34,34,17,0.5,0.5,0.477532255672549,0.477532255672549,0.488603318094771,0.492222703886652,0.492753623188406,"player signal"
"687263","Zach Neto","single_first_to_third",32,32,12,0.375,0.375,0.344619833714905,0.344619833714905,0.359129763880921,0.364063140137366,0.477611940298507,"player signal"
"687263","Zach Neto","single_second_scores",16,16,13,0.8125,0.8125,0.617619711761971,0.617619711761971,0.678758625719,0.709328082697514,0.313725490196078,"league-shrunk"
"687263","Zach Neto","steal_second",159,17,14,0.106918238993711,0.823529411764706,0.0647077913972589,0.881944444444444,0.0993029520562065,0.853571428571429,0.819587628865979,"player signal"
"687263","Zach Neto","steal_third",98,5,5,0.0510204081632653,1,0.0135036339397067,0.853503184713376,0.0411475728412762,0.885350318471338,0.736842105263158,"player signal"
"687282","Gabriel Rincones Jr.","double_first_scores",1,1,1,1,1,0.41339590443686,0.41339590443686,0.429690462646947,0.444269804203341,0.0277777777777778,"league-shrunk"
"687282","Gabriel Rincones Jr.","first_to_second_on_out",4,4,1,0.25,0.25,0.249688314632211,0.249688314632211,0.249720282362241,0.249744984699082,0.102564102564103,"league-shrunk"
"687282","Gabriel Rincones Jr.","ground_ball_double_play",4,4,0,0,0,0.204819277108434,0.204819277108434,0.183812171763979,0.167579408543264,0.102564102564103,"league-shrunk"
"687282","Gabriel Rincones Jr.","second_to_third_on_out",2,2,2,1,1,0.477532255672549,0.477532255672549,0.505773755365925,0.529779030105294,0.0540540540540541,"league-shrunk"
"687282","Gabriel Rincones Jr.","single_first_to_third",5,5,1,0.2,0.2,0.344619833714905,0.344619833714905,0.326542354500542,0.313180739429056,0.125,"league-shrunk"
"687282","Gabriel Rincones Jr.","steal_second",10,0,0,0,,0.0647077913972589,0.881944444444444,0.050328282197868,0.881944444444444,0.222222222222222,"league-shrunk"
"687282","Gabriel Rincones Jr.","steal_third",8,0,0,0,,0.0135036339397067,0.853503184713376,0.0109913299509241,0.853503184713376,0.186046511627907,"league-shrunk"
"687363","Victor Scott II","double_first_scores",1,1,1,1,1,0.41339590443686,0.41339590443686,0.429690462646947,0.444269804203341,0.0277777777777778,"league-shrunk"
"687363","Victor Scott II","first_to_second_on_out",14,14,4,0.285714285714286,0.285714285714286,0.249688314632211,0.249688314632211,0.25998144922709,0.265449676980619,0.285714285714286,"league-shrunk"
"687363","Victor Scott II","ground_ball_double_play",19,19,0,0,0,0.204819277108434,0.204819277108434,0.132753235162874,0.099641810485184,0.351851851851852,"league-shrunk"
"687363","Victor Scott II","sac_fly_scores",3,3,2,0.666666666666667,0.666666666666667,0.593270173146031,0.593270173146031,0.599064633160818,0.603755386506121,0.0789473684210526,"league-shrunk"
"687363","Victor Scott II","second_to_third_on_out",5,5,3,0.6,0.6,0.477532255672549,0.477532255672549,0.492840723713481,0.50415567835243,0.125,"league-shrunk"
"687363","Victor Scott II","single_first_to_third",12,12,8,0.666666666666667,0.666666666666667,0.344619833714905,0.344619833714905,0.426844557021738,0.47343856689561,0.25531914893617,"league-shrunk"
"687363","Victor Scott II","single_second_scores",8,8,7,0.875,0.875,0.617619711761971,0.617619711761971,0.665504416550442,0.696813646604442,0.186046511627907,"league-shrunk"
"687363","Victor Scott II","steal_second",49,9,7,0.183673469387755,0.777777777777778,0.0647077913972589,0.881944444444444,0.134104436891715,0.847222222222222,0.583333333333333,"player signal"
"687363","Victor Scott II","steal_third",18,1,1,0.0555555555555556,1,0.0135036339397067,0.853503184713376,0.027785418639429,0.861213543412672,0.339622641509434,"league-shrunk"
"687401","Joey Ortiz","double_first_scores",3,3,2,0.666666666666667,0.666666666666667,0.41339590443686,0.41339590443686,0.433390964612897,0.449577441898261,0.0789473684210526,"league-shrunk"
"687401","Joey Ortiz","first_to_second_on_out",21,21,11,0.523809523809524,0.523809523809524,0.249688314632211,0.249688314632211,0.352483768073704,0.397292042650764,0.375,"league-shrunk"
"687401","Joey Ortiz","ground_ball_double_play",34,34,5,0.147058823529412,0.147058823529412,0.204819277108434,0.204819277108434,0.176357604330365,0.167052826691381,0.492753623188406,"player signal"
"687401","Joey Ortiz","sac_fly_scores",7,7,4,0.571428571428571,0.571428571428571,0.593270173146031,0.593270173146031,0.589629906193121,0.587154524665142,0.166666666666667,"league-shrunk"
"687401","Joey Ortiz","second_to_third_on_out",17,17,12,0.705882352941177,0.705882352941177,0.477532255672549,0.477532255672549,0.552185172087293,0.588445160060168,0.326923076923077,"league-shrunk"
"687401","Joey Ortiz","single_first_to_third",21,21,7,0.333333333333333,0.333333333333333,0.344619833714905,0.344619833714905,0.340387396071816,0.338542487355597,0.375,"league-shrunk"
"687401","Joey Ortiz","single_second_scores",15,15,7,0.466666666666667,0.466666666666667,0.617619711761971,0.617619711761971,0.57233379823338,0.549004691264105,0.3,"league-shrunk"
"687401","Joey Ortiz","steal_second",85,8,7,0.0941176470588235,0.875,0.0647077913972589,0.881944444444444,0.0855397724908672,0.879807692307692,0.708333333333333,"player signal"
"687401","Joey Ortiz","steal_third",59,0,0,0,,0.0135036339397067,0.853503184713376,0.0050279488073376,0.853503184713376,0.627659574468085,"player signal"
"687462","Spencer Horwitz","double_first_scores",6,6,2,0.333333333333333,0.333333333333333,0.41339590443686,0.41339590443686,0.401679430616832,0.393380261660978,0.146341463414634,"league-shrunk"
"687462","Spencer Horwitz","first_to_second_on_out",28,28,2,0.0714285714285714,0.0714285714285714,0.249688314632211,0.249688314632211,0.17046176209726,0.141182383986517,0.444444444444444,"player signal"
"687462","Spencer Horwitz","ground_ball_double_play",43,43,8,0.186046511627907,0.186046511627907,0.204819277108434,0.204819277108434,0.194470188446092,0.191586016195931,0.551282051282051,"player signal"
"687462","Spencer Horwitz","sac_fly_scores",8,8,1,0.125,0.125,0.593270173146031,0.593270173146031,0.506150140932816,0.449187042947252,0.186046511627907,"league-shrunk"
"687462","Spencer Horwitz","second_to_third_on_out",11,11,6,0.545454545454545,0.545454545454545,0.477532255672549,0.477532255672549,0.493774542359548,0.503295882831237,0.239130434782609,"league-shrunk"
"687462","Spencer Horwitz","single_first_to_third",21,21,6,0.285714285714286,0.285714285714286,0.344619833714905,0.344619833714905,0.322530253214673,0.312901461714572,0.375,"league-shrunk"
"687462","Spencer Horwitz","single_second_scores",13,13,8,0.615384615384615,0.615384615384615,0.617619711761971,0.617619711761971,0.617014373159771,0.616682413281144,0.270833333333333,"league-shrunk"
"687462","Spencer Horwitz","steal_second",129,0,0,0,,0.0647077913972589,0.881944444444444,0.0138095896274638,0.881944444444444,0.786585365853659,"player signal"
"687462","Spencer Horwitz","steal_third",56,0,0,0,,0.0135036339397067,0.853503184713376,0.00519370536142565,0.853503184713376,0.615384615384615,"player signal"
"687515","Colby Thomas","first_to_second_on_out",3,3,1,0.333333333333333,0.333333333333333,0.249688314632211,0.249688314632211,0.256291868740195,0.261637603018086,0.0789473684210526,"league-shrunk"
"687515","Colby Thomas","ground_ball_double_play",6,6,1,0.166666666666667,0.166666666666667,0.204819277108434,0.204819277108434,0.199235968263297,0.195281124497992,0.146341463414634,"league-shrunk"
"687515","Colby Thomas","second_to_third_on_out",3,3,3,1,1,0.477532255672549,0.477532255672549,0.518779709172085,0.552170504862185,0.0789473684210526,"league-shrunk"
"687515","Colby Thomas","single_first_to_third",5,5,1,0.2,0.2,0.344619833714905,0.344619833714905,0.326542354500542,0.313180739429056,0.125,"league-shrunk"
"687515","Colby Thomas","single_second_scores",5,5,5,1,1,0.617619711761971,0.617619711761971,0.665417247791725,0.700745861378934,0.125,"league-shrunk"
"687515","Colby Thomas","steal_second",20,1,1,0.05,1,0.0647077913972589,0.881944444444444,0.0593595036164375,0.888157894736842,0.363636363636364,"league-shrunk"
"687515","Colby Thomas","steal_third",14,0,0,0,,0.0135036339397067,0.853503184713376,0.00964545281407622,0.853503184713376,0.285714285714286,"league-shrunk"
"687529","Grant McCray","double_first_scores",1,1,1,1,1,0.41339590443686,0.41339590443686,0.429690462646947,0.444269804203341,0.0277777777777778,"league-shrunk"
"687529","Grant McCray","first_to_second_on_out",1,1,0,0,0,0.249688314632211,0.249688314632211,0.24275252811465,0.236546824388411,0.0277777777777778,"league-shrunk"
"687529","Grant McCray","ground_ball_double_play",3,3,2,0.666666666666667,0.666666666666667,0.204819277108434,0.204819277108434,0.241280913126189,0.270797475616753,0.0789473684210526,"league-shrunk"
"687529","Grant McCray","sac_fly_scores",2,2,2,1,1,0.593270173146031,0.593270173146031,0.615255569192191,0.633943155831428,0.0540540540540541,"league-shrunk"
"687529","Grant McCray","second_to_third_on_out",2,2,2,1,1,0.477532255672549,0.477532255672549,0.505773755365925,0.529779030105294,0.0540540540540541,"league-shrunk"
"687529","Grant McCray","single_first_to_third",4,4,1,0.25,0.25,0.344619833714905,0.344619833714905,0.334915235385172,0.327416227584923,0.102564102564103,"league-shrunk"
"687529","Grant McCray","single_second_scores",1,1,0,0,0,0.617619711761971,0.617619711761971,0.600463608657472,0.58511341114292,0.0277777777777778,"league-shrunk"
"687529","Grant McCray","steal_second",15,3,3,0.2,1,0.0647077913972589,0.881944444444444,0.105295453978081,0.898809523809524,0.3,"league-shrunk"
"687529","Grant McCray","steal_third",6,0,0,0,,0.0135036339397067,0.853503184713376,0.0115274923875545,0.853503184713376,0.146341463414634,"league-shrunk"
"687551","Drew Gilbert","double_first_scores",7,7,3,0.428571428571429,0.428571428571429,0.41339590443686,0.41339590443686,0.415925158459288,0.417645051194539,0.166666666666667,"league-shrunk"
"687551","Drew Gilbert","first_to_second_on_out",19,19,4,0.210526315789474,0.210526315789474,0.249688314632211,0.249688314632211,0.235909092817174,0.229578099010265,0.351851851851852,"league-shrunk"
"687551","Drew Gilbert","ground_ball_double_play",33,33,8,0.242424242424242,0.242424242424242,0.204819277108434,0.204819277108434,0.223068745570517,0.229151901724545,0.485294117647059,"player signal"
"687551","Drew Gilbert","sac_fly_scores",9,9,6,0.666666666666667,0.666666666666667,0.593270173146031,0.593270173146031,0.608283092275252,0.617735670986243,0.204545454545455,"league-shrunk"
"687551","Drew Gilbert","second_to_third_on_out",14,14,9,0.642857142857143,0.642857142857143,0.477532255672549,0.477532255672549,0.52476793772529,0.549861893815809,0.285714285714286,"league-shrunk"
"687551","Drew Gilbert","single_first_to_third",17,17,4,0.235294117647059,0.235294117647059,0.344619833714905,0.344619833714905,0.308878734231186,0.291518771624808,0.326923076923077,"league-shrunk"
"687551","Drew Gilbert","single_second_scores",15,15,12,0.8,0.8,0.617619711761971,0.617619711761971,0.67233379823338,0.700519842779257,0.3,"league-shrunk"
"687551","Drew Gilbert","steal_second",105,3,1,0.0285714285714286,0.333333333333333,0.0647077913972589,0.881944444444444,0.0376055192778862,0.803571428571429,0.75,"player signal"
"687551","Drew Gilbert","steal_third",40,0,0,0,,0.0135036339397067,0.853503184713376,0.00630169583852979,0.853503184713376,0.533333333333333,"player signal"
"687597","Jordan Beck","double_first_scores",2,2,1,0.5,0.5,0.41339590443686,0.41339590443686,0.418077206899733,0.422056313993174,0.0540540540540541,"league-shrunk"
"687597","Jordan Beck","first_to_second_on_out",7,7,2,0.285714285714286,0.285714285714286,0.249688314632211,0.249688314632211,0.25569264314589,0.259775586535192,0.166666666666667,"league-shrunk"
"687597","Jordan Beck","ground_ball_double_play",11,11,2,0.181818181818182,0.181818181818182,0.204819277108434,0.204819277108434,0.1993190151912,0.196094723722476,0.239130434782609,"league-shrunk"
"687597","Jordan Beck","sac_fly_scores",1,1,1,1,1,0.593270173146031,0.593270173146031,0.604568223891974,0.614677006138345,0.0277777777777778,"league-shrunk"
"687597","Jordan Beck","second_to_third_on_out",4,4,2,0.5,0.5,0.477532255672549,0.477532255672549,0.479836639706134,0.481617300095722,0.102564102564103,"league-shrunk"
"687597","Jordan Beck","single_first_to_third",7,7,2,0.285714285714286,0.285714285714286,0.344619833714905,0.344619833714905,0.334802242381469,0.328126280274732,0.166666666666667,"league-shrunk"
"687597","Jordan Beck","single_second_scores",1,1,0,0,0,0.617619711761971,0.617619711761971,0.600463608657472,0.58511341114292,0.0277777777777778,"league-shrunk"
"687597","Jordan Beck","steal_second",37,3,2,0.0810810810810811,0.666666666666667,0.0647077913972589,0.881944444444444,0.0731218430403342,0.851190476190476,0.513888888888889,"player signal"
"687597","Jordan Beck","steal_third",21,0,0,0,,0.0135036339397067,0.853503184713376,0.00843977121231669,0.853503184713376,0.375,"league-shrunk"
"687605","Andrew Pinckney","first_to_second_on_out",2,2,0,0,0,0.249688314632211,0.249688314632211,0.236191648976416,0.22471948316899,0.0540540540540541,"league-shrunk"
"687605","Andrew Pinckney","ground_ball_double_play",2,2,0,0,0,0.204819277108434,0.204819277108434,0.193747964832302,0.18433734939759,0.0540540540540541,"league-shrunk"
"687605","Andrew Pinckney","sac_fly_scores",1,1,1,1,1,0.593270173146031,0.593270173146031,0.604568223891974,0.614677006138345,0.0277777777777778,"league-shrunk"
"687605","Andrew Pinckney","second_to_third_on_out",1,1,0,0,0,0.477532255672549,0.477532255672549,0.464267470792756,0.452398979058205,0.0277777777777778,"league-shrunk"
"687605","Andrew Pinckney","single_first_to_third",1,1,0,0,0,0.344619833714905,0.344619833714905,0.335047060556158,0.32648194772991,0.0277777777777778,"league-shrunk"
"687605","Andrew Pinckney","single_second_scores",2,2,1,0.5,0.5,0.617619711761971,0.617619711761971,0.611261889504567,0.605857740585774,0.0540540540540541,"league-shrunk"
"687605","Andrew Pinckney","steal_second",5,0,0,0,,0.0647077913972589,0.881944444444444,0.0566193174726015,0.881944444444444,0.125,"league-shrunk"
"687605","Andrew Pinckney","steal_third",4,0,0,0,,0.0135036339397067,0.853503184713376,0.0121186458433265,0.853503184713376,0.102564102564103,"league-shrunk"
"687637","Dylan Beavers","double_first_scores",4,4,3,0.75,0.75,0.41339590443686,0.41339590443686,0.447919401417695,0.474596649084704,0.102564102564103,"league-shrunk"
"687637","Dylan Beavers","first_to_second_on_out",11,11,0,0,0,0.249688314632211,0.249688314632211,0.189980239394074,0.154978953909648,0.239130434782609,"league-shrunk"
"687637","Dylan Beavers","ground_ball_double_play",25,25,7,0.28,0.28,0.204819277108434,0.204819277108434,0.236144578313253,0.248528999719809,0.416666666666667,"player signal"
"687637","Dylan Beavers","sac_fly_scores",3,3,3,1,1,0.593270173146031,0.593270173146031,0.625380422634502,0.651374434125169,0.0789473684210526,"league-shrunk"
"687637","Dylan Beavers","second_to_third_on_out",15,15,6,0.4,0.4,0.477532255672549,0.477532255672549,0.454272578970785,0.442290321275936,0.3,"league-shrunk"
"687637","Dylan Beavers","single_first_to_third",15,15,5,0.333333333333333,0.333333333333333,0.344619833714905,0.344619833714905,0.341233883600434,0.339489606268736,0.3,"league-shrunk"
"687637","Dylan Beavers","single_second_scores",11,11,5,0.454545454545455,0.454545454545455,0.617619711761971,0.617619711761971,0.578623693731935,0.555763959024672,0.239130434782609,"league-shrunk"
"687637","Dylan Beavers","steal_second",65,8,4,0.123076923076923,0.5,0.0647077913972589,0.881944444444444,0.102647726989041,0.764423076923077,0.65,"player signal"
"687637","Dylan Beavers","steal_third",41,1,1,0.024390243902439,1,0.0135036339397067,0.853503184713376,0.0193766735248649,0.861213543412672,0.539473684210526,"player signal"
"687749","Jase Bowen","double_first_scores",1,1,0,0,0,0.41339590443686,0.41339590443686,0.40191268486917,0.391638225255973,0.0277777777777778,"league-shrunk"
"687749","Jase Bowen","ground_ball_double_play",5,5,3,0.6,0.6,0.204819277108434,0.204819277108434,0.254216867469879,0.290728129910948,0.125,"league-shrunk"
"687749","Jase Bowen","sac_fly_scores",4,4,0,0,0,0.593270173146031,0.593270173146031,0.532421950259258,0.485402868937661,0.102564102564103,"league-shrunk"
"687749","Jase Bowen","second_to_third_on_out",2,2,0,0,0,0.477532255672549,0.477532255672549,0.451719701311871,0.429779030105294,0.0540540540540541,"league-shrunk"
"687749","Jase Bowen","single_first_to_third",2,2,1,0.5,0.5,0.344619833714905,0.344619833714905,0.353018761622208,0.360157850343415,0.0540540540540541,"league-shrunk"
"687749","Jase Bowen","single_second_scores",5,5,5,1,1,0.617619711761971,0.617619711761971,0.665417247791725,0.700745861378934,0.125,"league-shrunk"
"687749","Jase Bowen","steal_second",11,3,3,0.272727272727273,1,0.0647077913972589,0.881944444444444,0.114451580410958,0.898809523809524,0.239130434782609,"league-shrunk"
"687749","Jase Bowen","steal_third",17,2,1,0.117647058823529,0.5,0.0135036339397067,0.853503184713376,0.0475505228440334,0.818152866242038,0.326923076923077,"league-shrunk"
"687859","Troy Johnston","double_first_scores",1,1,1,1,1,0.41339590443686,0.41339590443686,0.429690462646947,0.444269804203341,0.0277777777777778,"league-shrunk"
"687859","Troy Johnston","first_to_second_on_out",22,22,7,0.318181818181818,0.318181818181818,0.249688314632211,0.249688314632211,0.276124403721533,0.287359741584495,0.385964912280702,"league-shrunk"
"687859","Troy Johnston","ground_ball_double_play",43,43,8,0.186046511627907,0.186046511627907,0.204819277108434,0.204819277108434,0.194470188446092,0.191586016195931,0.551282051282051,"player signal"
"687859","Troy Johnston","sac_fly_scores",10,10,8,0.8,0.8,0.593270173146031,0.593270173146031,0.639210134669135,0.667102254165305,0.222222222222222,"league-shrunk"
"687859","Troy Johnston","second_to_third_on_out",19,19,10,0.526315789473684,0.526315789473684,0.477532255672549,0.477532255672549,0.494696832380356,0.502583259516375,0.351851851851852,"league-shrunk"
"687859","Troy Johnston","single_first_to_third",21,21,6,0.285714285714286,0.285714285714286,0.344619833714905,0.344619833714905,0.322530253214673,0.312901461714572,0.375,"league-shrunk"
"687859","Troy Johnston","single_second_scores",11,11,7,0.636363636363636,0.636363636363636,0.617619711761971,0.617619711761971,0.6221019546015,0.624729476266051,0.239130434782609,"league-shrunk"
"687859","Troy Johnston","steal_second",94,4,2,0.0425531914893617,0.5,0.0647077913972589,0.881944444444444,0.0485641294488687,0.8125,0.728682170542636,"player signal"
"687859","Troy Johnston","steal_third",65,1,1,0.0153846153846154,1,0.0135036339397067,0.853503184713376,0.0147262718788973,0.861213543412672,0.65,"player signal"
"687952","Christian Encarnacion-Strand","double_first_scores",2,2,0,0,0,0.41339590443686,0.41339590443686,0.391050179872706,0.372056313993174,0.0540540540540541,"league-shrunk"
"687952","Christian Encarnacion-Strand","first_to_second_on_out",5,5,2,0.4,0.4,0.249688314632211,0.249688314632211,0.268477275303185,0.282364767973035,0.125,"league-shrunk"
"687952","Christian Encarnacion-Strand","ground_ball_double_play",8,8,2,0.25,0.25,0.204819277108434,0.204819277108434,0.213224992995237,0.218721037998146,0.186046511627907,"league-shrunk"
"687952","Christian Encarnacion-Strand","sac_fly_scores",3,3,2,0.666666666666667,0.666666666666667,0.593270173146031,0.593270173146031,0.599064633160818,0.603755386506121,0.0789473684210526,"league-shrunk"
"687952","Christian Encarnacion-Strand","second_to_third_on_out",7,7,4,0.571428571428571,0.571428571428571,0.477532255672549,0.477532255672549,0.493181641631886,0.503823224084236,0.166666666666667,"league-shrunk"
"687952","Christian Encarnacion-Strand","single_first_to_third",6,6,0,0,0,0.344619833714905,0.344619833714905,0.294187662927358,0.258464875286179,0.146341463414634,"league-shrunk"
"687952","Christian Encarnacion-Strand","single_second_scores",2,2,0,0,0,0.617619711761971,0.617619711761971,0.58423486247754,0.555857740585774,0.0540540540540541,"league-shrunk"
"687952","Christian Encarnacion-Strand","steal_second",34,2,1,0.0588235294117647,0.5,0.0647077913972589,0.881944444444444,0.0618082999841168,0.84375,0.492753623188406,"player signal"
"687952","Christian Encarnacion-Strand","steal_third",30,0,0,0,,0.0135036339397067,0.853503184713376,0.00727118750599592,0.853503184713376,0.461538461538462,"player signal"
"687957","Dustin Harris","double_first_scores",3,3,2,0.666666666666667,0.666666666666667,0.41339590443686,0.41339590443686,0.433390964612897,0.449577441898261,0.0789473684210526,"league-shrunk"
"687957","Dustin Harris","first_to_second_on_out",4,4,1,0.25,0.25,0.249688314632211,0.249688314632211,0.249720282362241,0.249744984699082,0.102564102564103,"league-shrunk"
"687957","Dustin Harris","ground_ball_double_play",7,7,1,0.142857142857143,0.142857142857143,0.204819277108434,0.204819277108434,0.194492254733219,0.187469879518072,0.166666666666667,"league-shrunk"
"687957","Dustin Harris","sac_fly_scores",2,2,0,0,0,0.593270173146031,0.593270173146031,0.561201515138137,0.533943155831428,0.0540540540540541,"league-shrunk"
"687957","Dustin Harris","second_to_third_on_out",5,5,3,0.6,0.6,0.477532255672549,0.477532255672549,0.492840723713481,0.50415567835243,0.125,"league-shrunk"
"687957","Dustin Harris","single_first_to_third",5,5,1,0.2,0.2,0.344619833714905,0.344619833714905,0.326542354500542,0.313180739429056,0.125,"league-shrunk"
"687957","Dustin Harris","single_second_scores",2,2,2,1,1,0.617619711761971,0.617619711761971,0.638288916531594,0.655857740585774,0.0540540540540541,"league-shrunk"
"687957","Dustin Harris","steal_second",28,6,6,0.214285714285714,1,0.0647077913972589,0.881944444444444,0.131186868236572,0.911458333333333,0.444444444444444,"player signal"
"687957","Dustin Harris","steal_third",16,0,0,0,,0.0135036339397067,0.853503184713376,0.00926719976254382,0.853503184713376,0.313725490196078,"league-shrunk"
"688363","Graham Pauley","first_to_second_on_out",4,4,1,0.25,0.25,0.249688314632211,0.249688314632211,0.249720282362241,0.249744984699082,0.102564102564103,"league-shrunk"
"688363","Graham Pauley","ground_ball_double_play",8,8,4,0.5,0.5,0.204819277108434,0.204819277108434,0.259736620902213,0.295644114921223,0.186046511627907,"league-shrunk"
"688363","Graham Pauley","sac_fly_scores",2,2,1,0.5,0.5,0.593270173146031,0.593270173146031,0.588228542165164,0.583943155831428,0.0540540540540541,"league-shrunk"
"688363","Graham Pauley","second_to_third_on_out",7,7,2,0.285714285714286,0.285714285714286,0.477532255672549,0.477532255672549,0.445562594012839,0.423823224084235,0.166666666666667,"league-shrunk"
"688363","Graham Pauley","single_first_to_third",7,7,0,0,0,0.344619833714905,0.344619833714905,0.287183194762421,0.248126280274732,0.166666666666667,"league-shrunk"
"688363","Graham Pauley","single_second_scores",6,6,4,0.666666666666667,0.666666666666667,0.617619711761971,0.617619711761971,0.624797314918756,0.629881450488145,0.146341463414634,"league-shrunk"
"688363","Graham Pauley","steal_second",27,0,0,0,,0.0647077913972589,0.881944444444444,0.0365285919178074,0.881944444444444,0.435483870967742,"player signal"
"688363","Graham Pauley","steal_third",26,1,1,0.0384615384615385,1,0.0135036339397067,0.853503184713376,0.0241414293096678,0.861213543412672,0.426229508196721,"player signal"
"689414","Liam Hicks","double_first_scores",13,13,1,0.0769230769230769,0.0769230769230769,0.41339590443686,0.41339590443686,0.32226784698521,0.272294396124628,0.270833333333333,"league-shrunk"
"689414","Liam Hicks","first_to_second_on_out",34,34,7,0.205882352941176,0.205882352941176,0.249688314632211,0.249688314632211,0.228102768291701,0.221045955064996,0.492753623188406,"player signal"
"689414","Liam Hicks","ground_ball_double_play",44,44,3,0.0681818181818182,0.0681818181818182,0.204819277108434,0.204819277108434,0.128717401250572,0.10785075787019,0.556962025316456,"player signal"
"689414","Liam Hicks","sac_fly_scores",12,12,9,0.75,0.75,0.593270173146031,0.593270173146031,0.6332862991513,0.655962103887618,0.25531914893617,"league-shrunk"
"689414","Liam Hicks","second_to_third_on_out",24,24,8,0.333333333333333,0.333333333333333,0.477532255672549,0.477532255672549,0.418875066924394,0.395132871478712,0.406779661016949,"league-shrunk"
"689414","Liam Hicks","single_first_to_third",36,36,8,0.222222222222222,0.222222222222222,0.344619833714905,0.344619833714905,0.282559072958052,0.263021426053117,0.507042253521127,"player signal"
"689414","Liam Hicks","single_second_scores",16,16,5,0.3125,0.3125,0.617619711761971,0.617619711761971,0.521895880620961,0.474033965050455,0.313725490196078,"league-shrunk"
"689414","Liam Hicks","steal_second",162,1,1,0.00617283950617284,1,0.0647077913972589,0.881944444444444,0.016572450248244,0.888157894736842,0.822335025380711,"player signal"
"689414","Liam Hicks","steal_third",66,1,1,0.0151515151515152,1,0.0135036339397067,0.853503184713376,0.0145804672068291,0.861213543412672,0.653465346534653,"player signal"
"690022","Ryan Ritter","double_first_scores",1,1,0,0,0,0.41339590443686,0.41339590443686,0.40191268486917,0.391638225255973,0.0277777777777778,"league-shrunk"
"690022","Ryan Ritter","first_to_second_on_out",1,1,0,0,0,0.249688314632211,0.249688314632211,0.24275252811465,0.236546824388411,0.0277777777777778,"league-shrunk"
"690022","Ryan Ritter","ground_ball_double_play",1,1,0,0,0,0.204819277108434,0.204819277108434,0.199129852744311,0.194039315155358,0.0277777777777778,"league-shrunk"
"690022","Ryan Ritter","single_second_scores",1,1,1,1,1,0.617619711761971,0.617619711761971,0.62824138643525,0.637744990090289,0.0277777777777778,"league-shrunk"
"690022","Ryan Ritter","steal_second",4,0,0,0,,0.0647077913972589,0.881944444444444,0.0580710948436939,0.881944444444444,0.102564102564103,"league-shrunk"
"690022","Ryan Ritter","steal_third",2,0,0,0,,0.0135036339397067,0.853503184713376,0.0127737077808036,0.853503184713376,0.0540540540540541,"league-shrunk"
"690291","Jace Jung","ground_ball_double_play",1,1,0,0,0,0.204819277108434,0.204819277108434,0.199129852744311,0.194039315155358,0.0277777777777778,"league-shrunk"
"690291","Jace Jung","single_first_to_third",1,1,1,1,1,0.344619833714905,0.344619833714905,0.362824838333936,0.379113526677279,0.0277777777777778,"league-shrunk"
"690291","Jace Jung","steal_second",1,0,0,0,,0.0647077913972589,0.881944444444444,0.062910352747335,0.881944444444444,0.0277777777777778,"league-shrunk"
"690924","Braxton Fulford","double_first_scores",3,3,2,0.666666666666667,0.666666666666667,0.41339590443686,0.41339590443686,0.433390964612897,0.449577441898261,0.0789473684210526,"league-shrunk"
"690924","Braxton Fulford","first_to_second_on_out",3,3,0,0,0,0.249688314632211,0.249688314632211,0.22997607926651,0.214018555399038,0.0789473684210526,"league-shrunk"
"690924","Braxton Fulford","ground_ball_double_play",3,3,0,0,0,0.204819277108434,0.204819277108434,0.188649334178821,0.175559380378657,0.0789473684210526,"league-shrunk"
"690924","Braxton Fulford","sac_fly_scores",3,3,3,1,1,0.593270173146031,0.593270173146031,0.625380422634502,0.651374434125169,0.0789473684210526,"league-shrunk"
"690924","Braxton Fulford","second_to_third_on_out",1,1,1,1,1,0.477532255672549,0.477532255672549,0.492045248570534,0.505030558005573,0.0277777777777778,"league-shrunk"
"690924","Braxton Fulford","single_first_to_third",4,4,0,0,0,0.344619833714905,0.344619833714905,0.309274209744146,0.281961682130377,0.102564102564103,"league-shrunk"
"690924","Braxton Fulford","single_second_scores",2,2,1,0.5,0.5,0.617619711761971,0.617619711761971,0.611261889504567,0.605857740585774,0.0540540540540541,"league-shrunk"
"690924","Braxton Fulford","steal_second",21,4,4,0.19047619047619,1,0.0647077913972589,0.881944444444444,0.111870941051858,0.903409090909091,0.375,"league-shrunk"
"690924","Braxton Fulford","steal_third",13,0,0,0,,0.0135036339397067,0.853503184713376,0.0098463997477028,0.853503184713376,0.270833333333333,"league-shrunk"
"690976","Alex Freeland","double_first_scores",5,5,4,0.8,0.8,0.41339590443686,0.41339590443686,0.461721416382253,0.497440273037543,0.125,"league-shrunk"
"690976","Alex Freeland","first_to_second_on_out",21,21,5,0.238095238095238,0.238095238095238,0.249688314632211,0.249688314632211,0.245340910930846,0.24344588880461,0.375,"league-shrunk"
"690976","Alex Freeland","ground_ball_double_play",28,28,4,0.142857142857143,0.142857142857143,0.204819277108434,0.204819277108434,0.177280550774527,0.167103195390257,0.444444444444444,"player signal"
"690976","Alex Freeland","sac_fly_scores",4,4,4,1,1,0.593270173146031,0.593270173146031,0.634986052823361,0.667221050755843,0.102564102564103,"league-shrunk"
"690976","Alex Freeland","second_to_third_on_out",9,9,5,0.555555555555556,0.555555555555556,0.477532255672549,0.477532255672549,0.493491567012255,0.503540022300218,0.204545454545455,"league-shrunk"
"690976","Alex Freeland","single_first_to_third",15,15,5,0.333333333333333,0.333333333333333,0.344619833714905,0.344619833714905,0.341233883600434,0.339489606268736,0.3,"league-shrunk"
"690976","Alex Freeland","single_second_scores",6,6,4,0.666666666666667,0.666666666666667,0.617619711761971,0.617619711761971,0.624797314918756,0.629881450488145,0.146341463414634,"league-shrunk"
"690976","Alex Freeland","steal_second",73,3,3,0.0410958904109589,1,0.0647077913972589,0.881944444444444,0.0487478953602228,0.898809523809524,0.675925925925926,"player signal"
"690976","Alex Freeland","steal_third",35,0,0,0,,0.0135036339397067,0.853503184713376,0.00675181696985335,0.853503184713376,0.5,"player signal"
"690984","Petey Halpin","double_first_scores",1,1,1,1,1,0.41339590443686,0.41339590443686,0.429690462646947,0.444269804203341,0.0277777777777778,"league-shrunk"
"690984","Petey Halpin","first_to_second_on_out",10,10,7,0.7,0.7,0.249688314632211,0.249688314632211,0.349757578047275,0.410513916549279,0.222222222222222,"league-shrunk"
"690984","Petey Halpin","ground_ball_double_play",13,13,1,0.0769230769230769,0.0769230769230769,0.204819277108434,0.204819277108434,0.170180722891566,0.151185386708123,0.270833333333333,"league-shrunk"
"690984","Petey Halpin","sac_fly_scores",6,6,3,0.5,0.5,0.593270173146031,0.593270173146031,0.579620879514904,0.569952629859523,0.146341463414634,"league-shrunk"
"690984","Petey Halpin","second_to_third_on_out",8,8,4,0.5,0.5,0.477532255672549,0.477532255672549,0.481712301128819,0.484445407773303,0.186046511627907,"league-shrunk"
"690984","Petey Halpin","single_first_to_third",11,11,6,0.545454545454545,0.545454545454545,0.344619833714905,0.344619833714905,0.392645525652645,0.420798517478217,0.239130434782609,"league-shrunk"
"690984","Petey Halpin","single_second_scores",6,6,5,0.833333333333333,0.833333333333333,0.617619711761971,0.617619711761971,0.649187558821195,0.671548117154812,0.146341463414634,"league-shrunk"
"690984","Petey Halpin","steal_second",32,8,8,0.25,1,0.0647077913972589,0.881944444444444,0.15320556267021,0.918269230769231,0.477611940298507,"player signal"
"690984","Petey Halpin","steal_third",29,0,0,0,,0.0135036339397067,0.853503184713376,0.0073847998107771,0.853503184713376,0.453125,"player signal"
"690993","Colt Keith","double_first_scores",1,1,1,1,1,0.41339590443686,0.41339590443686,0.429690462646947,0.444269804203341,0.0277777777777778,"league-shrunk"
"690993","Colt Keith","first_to_second_on_out",19,19,3,0.157894736842105,0.157894736842105,0.249688314632211,0.249688314632211,0.217390574298655,0.202551071983238,0.351851851851852,"league-shrunk"
"690993","Colt Keith","ground_ball_double_play",31,31,7,0.225806451612903,0.225806451612903,0.204819277108434,0.204819277108434,0.214676889375685,0.218096877305139,0.46969696969697,"player signal"
"690993","Colt Keith","sac_fly_scores",8,8,4,0.5,0.5,0.593270173146031,0.593270173146031,0.575917582793281,0.564571658331867,0.186046511627907,"league-shrunk"
"690993","Colt Keith","second_to_third_on_out",16,16,8,0.5,0.5,0.477532255672549,0.477532255672549,0.484580959775279,0.488105311826644,0.313725490196078,"league-shrunk"
"690993","Colt Keith","single_first_to_third",30,30,14,0.466666666666667,0.466666666666667,0.344619833714905,0.344619833714905,0.400949141231103,0.420899104309756,0.461538461538462,"player signal"
"690993","Colt Keith","single_second_scores",9,9,5,0.555555555555556,0.555555555555556,0.617619711761971,0.617619711761971,0.60492477071975,0.596931659693166,0.204545454545455,"league-shrunk"
"690993","Colt Keith","steal_second",106,6,6,0.0566037735849057,1,0.0647077913972589,0.881944444444444,0.0586154092120855,0.911458333333333,0.75177304964539,"player signal"
"690993","Colt Keith","steal_third",52,0,0,0,,0.0135036339397067,0.853503184713376,0.00543249641252569,0.853503184713376,0.597701149425287,"player signal"
"691002","Yohandy Morales","double_first_scores",1,1,1,1,1,0.41339590443686,0.41339590443686,0.429690462646947,0.444269804203341,0.0277777777777778,"league-shrunk"
"691002","Yohandy Morales","ground_ball_double_play",1,1,0,0,0,0.204819277108434,0.204819277108434,0.199129852744311,0.194039315155358,0.0277777777777778,"league-shrunk"
"691002","Yohandy Morales","second_to_third_on_out",2,2,1,0.5,0.5,0.477532255672549,0.477532255672549,0.478746728338898,0.479779030105294,0.0540540540540541,"league-shrunk"
"691002","Yohandy Morales","single_first_to_third",1,1,1,1,1,0.344619833714905,0.344619833714905,0.362824838333936,0.379113526677279,0.0277777777777778,"league-shrunk"
"691002","Yohandy Morales","steal_second",4,1,1,0.25,1,0.0647077913972589,0.881944444444444,0.0837121204847195,0.888157894736842,0.102564102564103,"league-shrunk"
"691002","Yohandy Morales","steal_third",5,0,0,0,,0.0135036339397067,0.853503184713376,0.0118156796972434,0.853503184713376,0.125,"league-shrunk"
"691011","Drew Romo","double_first_scores",1,1,0,0,0,0.41339590443686,0.41339590443686,0.40191268486917,0.391638225255973,0.0277777777777778,"league-shrunk"
"691011","Drew Romo","first_to_second_on_out",11,11,3,0.272727272727273,0.272727272727273,0.249688314632211,0.249688314632211,0.255197630698422,0.258427229771717,0.239130434782609,"league-shrunk"
"691011","Drew Romo","ground_ball_double_play",15,15,3,0.2,0.2,0.204819277108434,0.204819277108434,0.203373493975904,0.2026286966046,0.3,"league-shrunk"
"691011","Drew Romo","sac_fly_scores",4,4,3,0.75,0.75,0.593270173146031,0.593270173146031,0.609345027182335,0.621766505301298,0.102564102564103,"league-shrunk"
"691011","Drew Romo","second_to_third_on_out",8,8,3,0.375,0.375,0.477532255672549,0.477532255672549,0.458456487175331,0.445983869311765,0.186046511627907,"league-shrunk"
"691011","Drew Romo","single_first_to_third",8,8,2,0.25,0.25,0.344619833714905,0.344619833714905,0.327016143721435,0.315506038725704,0.186046511627907,"league-shrunk"
"691011","Drew Romo","single_second_scores",2,2,1,0.5,0.5,0.617619711761971,0.617619711761971,0.611261889504567,0.605857740585774,0.0540540540540541,"league-shrunk"
"691011","Drew Romo","steal_second",39,1,1,0.0256410256410256,1,0.0647077913972589,0.881944444444444,0.04411854998519,0.888157894736842,0.527027027027027,"player signal"
"691011","Drew Romo","steal_third",25,0,0,0,,0.0135036339397067,0.853503184713376,0.00787711979816224,0.853503184713376,0.416666666666667,"player signal"
"691016","Tyler Soderstrom","double_first_scores",6,6,3,0.5,0.5,0.41339590443686,0.41339590443686,0.426069674519271,0.435046928327645,0.146341463414634,"league-shrunk"
"691016","Tyler Soderstrom","first_to_second_on_out",17,17,3,0.176470588235294,0.176470588235294,0.249688314632211,0.249688314632211,0.225751750233219,0.214125418953709,0.326923076923077,"league-shrunk"
"691016","Tyler Soderstrom","ground_ball_double_play",41,41,12,0.292682926829268,0.292682926829268,0.204819277108434,0.204819277108434,0.252219403931516,0.265877067592403,0.539473684210526,"player signal"
"691016","Tyler Soderstrom","sac_fly_scores",7,7,6,0.857142857142857,0.857142857142857,0.593270173146031,0.593270173146031,0.637248953812169,0.667154524665142,0.166666666666667,"league-shrunk"
"691016","Tyler Soderstrom","second_to_third_on_out",15,15,3,0.2,0.2,0.477532255672549,0.477532255672549,0.394272578970785,0.351381230366845,0.3,"league-shrunk"
"691016","Tyler Soderstrom","single_first_to_third",17,17,3,0.176470588235294,0.176470588235294,0.344619833714905,0.344619833714905,0.289647965000417,0.26294734305338,0.326923076923077,"league-shrunk"
"691016","Tyler Soderstrom","single_second_scores",16,16,10,0.625,0.625,0.617619711761971,0.617619711761971,0.619935096307235,0.621092788579867,0.313725490196078,"league-shrunk"
"691016","Tyler Soderstrom","steal_second",99,1,1,0.0101010101010101,1,0.0647077913972589,0.881944444444444,0.0243639753649557,0.888157894736842,0.738805970149254,"player signal"
"691016","Tyler Soderstrom","steal_third",69,0,0,0,,0.0135036339397067,0.853503184713376,0.00454449219124745,0.853503184713376,0.663461538461538,"player signal"
"691019","Kyle Teel","double_first_scores",3,3,1,0.333333333333333,0.333333333333333,0.41339590443686,0.41339590443686,0.407075175139213,0.401958394279213,0.0789473684210526,"league-shrunk"
"691019","Kyle Teel","first_to_second_on_out",4,4,2,0.5,0.5,0.249688314632211,0.249688314632211,0.275361308003267,0.295199530153627,0.102564102564103,"league-shrunk"
"691019","Kyle Teel","ground_ball_double_play",5,5,0,0,0,0.204819277108434,0.204819277108434,0.179216867469879,0.160293347302252,0.125,"league-shrunk"
"691019","Kyle Teel","sac_fly_scores",1,1,1,1,1,0.593270173146031,0.593270173146031,0.604568223891974,0.614677006138345,0.0277777777777778,"league-shrunk"
"691019","Kyle Teel","second_to_third_on_out",5,5,4,0.8,0.8,0.477532255672549,0.477532255672549,0.517840723713481,0.547633939221995,0.125,"league-shrunk"
"691019","Kyle Teel","single_first_to_third",6,6,1,0.166666666666667,0.166666666666667,0.344619833714905,0.344619833714905,0.318577906829797,0.300131541952846,0.146341463414634,"league-shrunk"
"691019","Kyle Teel","single_second_scores",1,1,1,1,1,0.617619711761971,0.617619711761971,0.62824138643525,0.637744990090289,0.0277777777777778,"league-shrunk"
"691019","Kyle Teel","steal_second",20,0,0,0,,0.0647077913972589,0.881944444444444,0.0411776854346193,0.881944444444444,0.363636363636364,"league-shrunk"
"691019","Kyle Teel","steal_third",5,0,0,0,,0.0135036339397067,0.853503184713376,0.0118156796972434,0.853503184713376,0.125,"league-shrunk"
"691023","Jordan Walker","double_first_scores",10,10,4,0.4,0.4,0.41339590443686,0.41339590443686,0.410419036784225,0.408611652852267,0.222222222222222,"league-shrunk"
"691023","Jordan Walker","first_to_second_on_out",33,33,11,0.333333333333333,0.333333333333333,0.249688314632211,0.249688314632211,0.290280750178344,0.303811562027055,0.485294117647059,"player signal"
"691023","Jordan Walker","ground_ball_double_play",54,54,5,0.0925925925925926,0.0925925925925926,0.204819277108434,0.204819277108434,0.136726682008935,0.120649263721553,0.606741573033708,"player signal"
"691023","Jordan Walker","sac_fly_scores",11,11,6,0.545454545454545,0.545454545454545,0.593270173146031,0.593270173146031,0.581836001306762,0.575133210918226,0.239130434782609,"league-shrunk"
"691023","Jordan Walker","second_to_third_on_out",26,26,12,0.461538461538462,0.461538461538462,0.477532255672549,0.477532255672549,0.470715228664577,0.468081377320588,0.426229508196721,"player signal"
"691023","Jordan Walker","single_first_to_third",31,31,11,0.354838709677419,0.354838709677419,0.344619833714905,0.344619833714905,0.349419608788207,0.351084836874863,0.46969696969697,"player signal"
"691023","Jordan Walker","single_second_scores",24,24,19,0.791666666666667,0.791666666666667,0.617619711761971,0.617619711761971,0.688418473079136,0.717075114564654,0.406779661016949,"league-shrunk"
"691023","Jordan Walker","steal_second",145,19,17,0.131034482758621,0.894736842105263,0.0647077913972589,0.881944444444444,0.118137626105023,0.888513513513513,0.805555555555556,"player signal"
"691023","Jordan Walker","steal_third",97,2,1,0.0206185567010309,0.5,0.0135036339397067,0.853503184713376,0.0187320241506798,0.818152866242038,0.734848484848485,"player signal"
"691026","Masyn Winn","double_first_scores",6,6,4,0.666666666666667,0.666666666666667,0.41339590443686,0.41339590443686,0.45045991842171,0.476713594994312,0.146341463414634,"league-shrunk"
"691026","Masyn Winn","first_to_second_on_out",35,35,11,0.314285714285714,0.314285714285714,0.249688314632211,0.249688314632211,0.281987014458963,0.292346974780751,0.5,"player signal"
"691026","Masyn Winn","ground_ball_double_play",61,61,12,0.19672131147541,0.19672131147541,0.204819277108434,0.204819277108434,0.199673694779116,0.19856641756901,0.635416666666667,"player signal"
"691026","Masyn Winn","sac_fly_scores",7,7,5,0.714285714285714,0.714285714285714,0.593270173146031,0.593270173146031,0.613439430002645,0.627154524665142,0.166666666666667,"league-shrunk"
"691026","Masyn Winn","second_to_third_on_out",27,27,13,0.481481481481481,0.481481481481481,0.477532255672549,0.477532255672549,0.479252079815149,0.479901791157909,0.435483870967742,"player signal"
"691026","Masyn Winn","single_first_to_third",23,23,8,0.347826086956522,0.347826086956522,0.344619833714905,0.344619833714905,0.345891278965891,0.346418463582154,0.396551724137931,"league-shrunk"
"691026","Masyn Winn","single_second_scores",12,12,6,0.5,0.5,0.617619711761971,0.617619711761971,0.587589147056787,0.570571827057183,0.25531914893617,"league-shrunk"
"691026","Masyn Winn","steal_second",125,6,6,0.048,1,0.0647077913972589,0.881944444444444,0.0516548293681504,0.911458333333333,0.78125,"player signal"
"691026","Masyn Winn","steal_third",74,2,2,0.027027027027027,1,0.0135036339397067,0.853503184713376,0.0226846530999058,0.868152866242038,0.678899082568807,"player signal"
"691176","Jasson Domínguez","double_first_scores",2,2,0,0,0,0.41339590443686,0.41339590443686,0.391050179872706,0.372056313993174,0.0540540540540541,"league-shrunk"
"691176","Jasson Domínguez","first_to_second_on_out",11,11,2,0.181818181818182,0.181818181818182,0.249688314632211,0.249688314632211,0.233458500263639,0.223944471151028,0.239130434782609,"league-shrunk"
"691176","Jasson Domínguez","ground_ball_double_play",18,18,2,0.111111111111111,0.111111111111111,0.204819277108434,0.204819277108434,0.172993862241418,0.157965194109772,0.339622641509434,"league-shrunk"
"691176","Jasson Domínguez","sac_fly_scores",4,4,0,0,0,0.593270173146031,0.593270173146031,0.532421950259258,0.485402868937661,0.102564102564103,"league-shrunk"
"691176","Jasson Domínguez","second_to_third_on_out",8,8,3,0.375,0.375,0.477532255672549,0.477532255672549,0.458456487175331,0.445983869311765,0.186046511627907,"league-shrunk"
"691176","Jasson Domínguez","single_first_to_third",9,9,5,0.555555555555556,0.555555555555556,0.344619833714905,0.344619833714905,0.387765776818675,0.414931740995122,0.204545454545455,"league-shrunk"
"691176","Jasson Domínguez","single_second_scores",5,5,4,0.8,0.8,0.617619711761971,0.617619711761971,0.640417247791725,0.657267600509369,0.125,"league-shrunk"
"691176","Jasson Domínguez","steal_second",46,6,5,0.130434782608696,0.833333333333333,0.0647077913972589,0.881944444444444,0.102034230850667,0.869791666666667,0.567901234567901,"player signal"
"691176","Jasson Domínguez","steal_third",31,2,2,0.0645161290322581,1,0.0135036339397067,0.853503184713376,0.0374640483013596,0.868152866242038,0.46969696969697,"player signal"
"691182","Adael Amador","first_to_second_on_out",3,3,1,0.333333333333333,0.333333333333333,0.249688314632211,0.249688314632211,0.256291868740195,0.261637603018086,0.0789473684210526,"league-shrunk"
"691182","Adael Amador","ground_ball_double_play",5,5,0,0,0,0.204819277108434,0.204819277108434,0.179216867469879,0.160293347302252,0.125,"league-shrunk"
"691182","Adael Amador","sac_fly_scores",1,1,1,1,1,0.593270173146031,0.593270173146031,0.604568223891974,0.614677006138345,0.0277777777777778,"league-shrunk"
"691182","Adael Amador","second_to_third_on_out",4,4,2,0.5,0.5,0.477532255672549,0.477532255672549,0.479836639706134,0.481617300095722,0.102564102564103,"league-shrunk"
"691182","Adael Amador","single_first_to_third",2,2,0,0,0,0.344619833714905,0.344619833714905,0.325991734595181,0.310157850343415,0.0540540540540541,"league-shrunk"
"691182","Adael Amador","single_second_scores",2,2,2,1,1,0.617619711761971,0.617619711761971,0.638288916531594,0.655857740585774,0.0540540540540541,"league-shrunk"
"691182","Adael Amador","steal_second",14,0,0,0,,0.0647077913972589,0.881944444444444,0.0462198509980421,0.881944444444444,0.285714285714286,"league-shrunk"
"691182","Adael Amador","steal_third",11,0,0,0,,0.0135036339397067,0.853503184713376,0.0102745040845594,0.853503184713376,0.239130434782609,"league-shrunk"
"691277","Deyvison De Los Santos","second_to_third_on_out",3,3,1,0.333333333333333,0.333333333333333,0.477532255672549,0.477532255672549,0.466148130224717,0.45693240962409,0.0789473684210526,"league-shrunk"
"691277","Deyvison De Los Santos","steal_second",2,0,0,0,,0.0647077913972589,0.881944444444444,0.061210072943353,0.881944444444444,0.0540540540540541,"league-shrunk"
"691277","Deyvison De Los Santos","steal_third",1,0,0,0,,0.0135036339397067,0.853503184713376,0.0131285329969371,0.853503184713376,0.0277777777777778,"league-shrunk"
"691373","Jhostynxon Garcia","double_first_scores",1,1,1,1,1,0.41339590443686,0.41339590443686,0.429690462646947,0.444269804203341,0.0277777777777778,"league-shrunk"
"691373","Jhostynxon Garcia","first_to_second_on_out",1,1,1,1,1,0.249688314632211,0.249688314632211,0.270530305892428,0.289178403335779,0.0277777777777778,"league-shrunk"
"691373","Jhostynxon Garcia","ground_ball_double_play",4,4,0,0,0,0.204819277108434,0.204819277108434,0.183812171763979,0.167579408543264,0.102564102564103,"league-shrunk"
"691373","Jhostynxon Garcia","sac_fly_scores",2,2,0,0,0,0.593270173146031,0.593270173146031,0.561201515138137,0.533943155831428,0.0540540540540541,"league-shrunk"
"691373","Jhostynxon Garcia","single_first_to_third",2,2,1,0.5,0.5,0.344619833714905,0.344619833714905,0.353018761622208,0.360157850343415,0.0540540540540541,"league-shrunk"
"691373","Jhostynxon Garcia","steal_second",11,0,0,0,,0.0647077913972589,0.881944444444444,0.04923418910661,0.881944444444444,0.239130434782609,"league-shrunk"
"691373","Jhostynxon Garcia","steal_third",3,0,0,0,,0.0135036339397067,0.853503184713376,0.0124375575760456,0.853503184713376,0.0789473684210526,"league-shrunk"
"691406","Junior Caminero","double_first_scores",11,11,1,0.0909090909090909,0.0909090909090909,0.41339590443686,0.41339590443686,0.336279492506307,0.291073319995293,0.239130434782609,"league-shrunk"
"691406","Junior Caminero","first_to_second_on_out",36,36,6,0.166666666666667,0.166666666666667,0.249688314632211,0.249688314632211,0.207592831156724,0.194340549321848,0.507042253521127,"player signal"
"691406","Junior Caminero","ground_ball_double_play",62,62,13,0.209677419354839,0.209677419354839,0.204819277108434,0.204819277108434,0.207924481430878,0.208584337349398,0.639175257731959,"player signal"
"691406","Junior Caminero","sac_fly_scores",6,6,1,0.166666666666667,0.166666666666667,0.593270173146031,0.593270173146031,0.530840391710026,0.48661929652619,0.146341463414634,"league-shrunk"
"691406","Junior Caminero","second_to_third_on_out",22,22,8,0.363636363636364,0.363636363636364,0.477532255672549,0.477532255672549,0.433572437693671,0.414889515052647,0.385964912280702,"league-shrunk"
"691406","Junior Caminero","single_first_to_third",39,39,13,0.333333333333333,0.333333333333333,0.344619833714905,0.344619833714905,0.338671542973266,0.336897491348567,0.527027027027027,"player signal"
"691406","Junior Caminero","single_second_scores",15,15,12,0.8,0.8,0.617619711761971,0.617619711761971,0.67233379823338,0.700519842779257,0.3,"league-shrunk"
"691406","Junior Caminero","steal_second",165,0,0,0,,0.0647077913972589,0.881944444444444,0.0113238634945203,0.881944444444444,0.825,"player signal"
"691406","Junior Caminero","steal_third",74,1,0,0.0135135135135135,0,0.0135036339397067,0.853503184713376,0.0135103411733003,0.808581964465303,0.678899082568807,"player signal"
"691458","Blaze Jordan","double_first_scores",3,3,0,0,0,0.41339590443686,0.41339590443686,0.380759385665529,0.354339346660166,0.0789473684210526,"league-shrunk"
"691458","Blaze Jordan","first_to_second_on_out",8,8,2,0.25,0.25,0.249688314632211,0.249688314632211,0.249746302607614,0.2497842178223,0.186046511627907,"league-shrunk"
"691458","Blaze Jordan","ground_ball_double_play",10,10,1,0.1,0.1,0.204819277108434,0.204819277108434,0.181526104417671,0.167383820998279,0.222222222222222,"league-shrunk"
"691458","Blaze Jordan","sac_fly_scores",8,8,2,0.25,0.25,0.593270173146031,0.593270173146031,0.529405954886304,0.48764858140879,0.186046511627907,"league-shrunk"
"691458","Blaze Jordan","second_to_third_on_out",8,8,4,0.5,0.5,0.477532255672549,0.477532255672549,0.481712301128819,0.484445407773303,0.186046511627907,"league-shrunk"
"691458","Blaze Jordan","single_first_to_third",11,11,5,0.454545454545455,0.454545454545455,0.344619833714905,0.344619833714905,0.370906395217863,0.386315758857528,0.239130434782609,"league-shrunk"
"691458","Blaze Jordan","single_second_scores",3,3,2,0.666666666666667,0.666666666666667,0.617619711761971,0.617619711761971,0.621491839780763,0.624626419605499,0.0789473684210526,"league-shrunk"
"691458","Blaze Jordan","steal_second",42,0,0,0,,0.0647077913972589,0.881944444444444,0.0294126324532995,0.881944444444444,0.545454545454545,"player signal"
"691458","Blaze Jordan","steal_third",21,0,0,0,,0.0135036339397067,0.853503184713376,0.00843977121231669,0.853503184713376,0.375,"league-shrunk"
"691594","Javier Sanoja","double_first_scores",4,4,1,0.25,0.25,0.41339590443686,0.41339590443686,0.396637350135644,0.383687558175613,0.102564102564103,"league-shrunk"
"691594","Javier Sanoja","first_to_second_on_out",25,25,7,0.28,0.28,0.249688314632211,0.249688314632211,0.262318183535457,0.267311387520461,0.416666666666667,"player signal"
"691594","Javier Sanoja","ground_ball_double_play",41,41,10,0.24390243902439,0.24390243902439,0.204819277108434,0.204819277108434,0.225903614457831,0.231978762507658,0.539473684210526,"player signal"
"691594","Javier Sanoja","sac_fly_scores",5,5,4,0.8,0.8,0.593270173146031,0.593270173146031,0.619111401502777,0.638211439853415,0.125,"league-shrunk"
"691594","Javier Sanoja","second_to_third_on_out",32,32,11,0.34375,0.34375,0.477532255672549,0.477532255672549,0.413636252963272,0.391911612042118,0.477611940298507,"player signal"
"691594","Javier Sanoja","single_first_to_third",17,17,12,0.705882352941177,0.705882352941177,0.344619833714905,0.344619833714905,0.46272488807734,0.520090200196237,0.326923076923077,"league-shrunk"
"691594","Javier Sanoja","single_second_scores",12,12,9,0.75,0.75,0.617619711761971,0.617619711761971,0.65141893429083,0.670571827057183,0.25531914893617,"league-shrunk"
"691594","Javier Sanoja","steal_second",102,9,7,0.0882352941176471,0.777777777777778,0.0647077913972589,0.881944444444444,0.0822246182401756,0.847222222222222,0.744525547445255,"player signal"
"691594","Javier Sanoja","steal_third",76,2,2,0.0263157894736842,1,0.0135036339397067,0.853503184713376,0.0222759206116192,0.868152866242038,0.684684684684685,"player signal"
"691620","Jeferson Quero","ground_ball_double_play",1,1,0,0,0,0.204819277108434,0.204819277108434,0.199129852744311,0.194039315155358,0.0277777777777778,"league-shrunk"
"691718","Pete Crow-Armstrong","double_first_scores",8,8,3,0.375,0.375,0.41339590443686,0.41339590443686,0.406252480355584,0.401581779994749,0.186046511627907,"league-shrunk"
"691718","Pete Crow-Armstrong","first_to_second_on_out",34,34,16,0.470588235294118,0.470588235294118,0.249688314632211,0.249688314632211,0.358537550900397,0.394122878141919,0.492753623188406,"player signal"
"691718","Pete Crow-Armstrong","ground_ball_double_play",61,61,13,0.213114754098361,0.213114754098361,0.204819277108434,0.204819277108434,0.210090361445783,0.211224645417111,0.635416666666667,"player signal"
"691718","Pete Crow-Armstrong","sac_fly_scores",18,18,10,0.555555555555556,0.555555555555556,0.593270173146031,0.593270173146031,0.580461435096435,0.574412864350793,0.339622641509434,"league-shrunk"
"691718","Pete Crow-Armstrong","second_to_third_on_out",29,29,17,0.586206896551724,0.586206896551724,0.477532255672549,0.477532255672549,0.526775452320925,0.544586821321402,0.453125,"player signal"
"691718","Pete Crow-Armstrong","single_first_to_third",28,28,12,0.428571428571429,0.428571428571429,0.344619833714905,0.344619833714905,0.381931653651138,0.395720804497137,0.444444444444444,"player signal"
"691718","Pete Crow-Armstrong","single_second_scores",13,13,10,0.769230769230769,0.769230769230769,0.617619711761971,0.617619711761971,0.658681039826437,0.681198542313403,0.270833333333333,"league-shrunk"
"691718","Pete Crow-Armstrong","steal_second",139,34,31,0.244604316546763,0.911764705882353,0.0647077913972589,0.881944444444444,0.208418233901747,0.901442307692308,0.798850574712644,"player signal"
"691718","Pete Crow-Armstrong","steal_third",86,4,3,0.0465116279069767,0.75,0.0135036339397067,0.853503184713376,0.03696386105694,0.834684423856399,0.710743801652893,"player signal"
"691720","Kyle Karros","double_first_scores",10,10,3,0.3,0.3,0.41339590443686,0.41339590443686,0.388196814562002,0.372897367137981,0.222222222222222,"league-shrunk"
"691720","Kyle Karros","first_to_second_on_out",24,24,3,0.125,0.125,0.249688314632211,0.249688314632211,0.198967644273346,0.178437849128091,0.406779661016949,"league-shrunk"
"691720","Kyle Karros","ground_ball_double_play",41,41,7,0.170731707317073,0.170731707317073,0.204819277108434,0.204819277108434,0.186429930247305,0.181131304880539,0.539473684210526,"player signal"
"691720","Kyle Karros","sac_fly_scores",14,14,10,0.714285714285714,0.714285714285714,0.593270173146031,0.593270173146031,0.627846042043083,0.646214472394642,0.285714285714286,"league-shrunk"
"691720","Kyle Karros","second_to_third_on_out",17,17,7,0.411764705882353,0.411764705882353,0.477532255672549,0.477532255672549,0.456031325933447,0.445588017203025,0.326923076923077,"league-shrunk"
"691720","Kyle Karros","single_first_to_third",33,33,11,0.333333333333333,0.333333333333333,0.344619833714905,0.344619833714905,0.339142561470907,0.337316804056241,0.485294117647059,"player signal"
"691720","Kyle Karros","single_second_scores",11,11,8,0.727272727272727,0.727272727272727,0.617619711761971,0.617619711761971,0.643841085036282,0.659212234886741,0.239130434782609,"league-shrunk"
"691720","Kyle Karros","steal_second",107,3,3,0.0280373831775701,1,0.0647077913972589,0.881944444444444,0.0370758640767892,0.898809523809524,0.753521126760563,"player signal"
"691720","Kyle Karros","steal_third",63,1,1,0.0158730158730159,1,0.0135036339397067,0.853503184713376,0.0150268080396912,0.861213543412672,0.642857142857143,"player signal"
"691723","Coby Mayo","double_first_scores",5,5,2,0.4,0.4,0.41339590443686,0.41339590443686,0.411721416382253,0.410483751298412,0.125,"league-shrunk"
"691723","Coby Mayo","first_to_second_on_out",14,14,5,0.357142857142857,0.357142857142857,0.249688314632211,0.249688314632211,0.280389612492396,0.296699676980619,0.285714285714286,"league-shrunk"
"691723","Coby Mayo","ground_ball_double_play",29,29,7,0.241379310344828,0.241379310344828,0.204819277108434,0.204819277108434,0.221385542168675,0.227377595488336,0.453125,"player signal"
"691723","Coby Mayo","sac_fly_scores",8,8,6,0.75,0.75,0.593270173146031,0.593270173146031,0.622429210700258,0.641494735254944,0.186046511627907,"league-shrunk"
"691723","Coby Mayo","second_to_third_on_out",12,12,5,0.416666666666667,0.416666666666667,0.477532255672549,0.477532255672549,0.461992105288069,0.453186020070196,0.25531914893617,"league-shrunk"
"691723","Coby Mayo","single_first_to_third",17,17,3,0.176470588235294,0.176470588235294,0.344619833714905,0.344619833714905,0.289647965000417,0.26294734305338,0.326923076923077,"league-shrunk"
"691723","Coby Mayo","single_second_scores",11,11,9,0.818181818181818,0.818181818181818,0.617619711761971,0.617619711761971,0.665580215471065,0.69369499350743,0.239130434782609,"league-shrunk"
"691723","Coby Mayo","steal_second",80,3,3,0.0375,1,0.0647077913972589,0.881944444444444,0.0457806321643831,0.898809523809524,0.695652173913043,"player signal"
"691723","Coby Mayo","steal_third",51,0,0,0,,0.0135036339397067,0.853503184713376,0.00549566497546203,0.853503184713376,0.593023255813954,"player signal"
"691728","Zac Veen","first_to_second_on_out",2,2,0,0,0,0.249688314632211,0.249688314632211,0.236191648976416,0.22471948316899,0.0540540540540541,"league-shrunk"
"691728","Zac Veen","ground_ball_double_play",6,6,2,0.333333333333333,0.333333333333333,0.204819277108434,0.204819277108434,0.223626212165736,0.236947791164659,0.146341463414634,"league-shrunk"
"691728","Zac Veen","sac_fly_scores",1,1,1,1,1,0.593270173146031,0.593270173146031,0.604568223891974,0.614677006138345,0.0277777777777778,"league-shrunk"
"691728","Zac Veen","second_to_third_on_out",1,1,1,1,1,0.477532255672549,0.477532255672549,0.492045248570534,0.505030558005573,0.0277777777777778,"league-shrunk"
"691728","Zac Veen","single_first_to_third",6,6,5,0.833333333333333,0.833333333333333,0.344619833714905,0.344619833714905,0.416138882439553,0.466798208619512,0.146341463414634,"league-shrunk"
"691728","Zac Veen","steal_second",13,1,1,0.0769230769230769,1,0.0647077913972589,0.881944444444444,0.0680160978938346,0.888157894736842,0.270833333333333,"league-shrunk"
"691728","Zac Veen","steal_third",4,0,0,0,,0.0135036339397067,0.853503184713376,0.0121186458433265,0.853503184713376,0.102564102564103,"league-shrunk"
"691740","Daniel Susac","double_first_scores",2,2,0,0,0,0.41339590443686,0.41339590443686,0.391050179872706,0.372056313993174,0.0540540540540541,"league-shrunk"
"691740","Daniel Susac","first_to_second_on_out",2,2,0,0,0,0.249688314632211,0.249688314632211,0.236191648976416,0.22471948316899,0.0540540540540541,"league-shrunk"
"691740","Daniel Susac","ground_ball_double_play",6,6,2,0.333333333333333,0.333333333333333,0.204819277108434,0.204819277108434,0.223626212165736,0.236947791164659,0.146341463414634,"league-shrunk"
"691740","Daniel Susac","sac_fly_scores",1,1,1,1,1,0.593270173146031,0.593270173146031,0.604568223891974,0.614677006138345,0.0277777777777778,"league-shrunk"
"691740","Daniel Susac","second_to_third_on_out",11,11,7,0.636363636363636,0.636363636363636,0.477532255672549,0.477532255672549,0.515513672794331,0.537778641451927,0.239130434782609,"league-shrunk"
"691740","Daniel Susac","single_first_to_third",11,11,1,0.0909090909090909,0.0909090909090909,0.344619833714905,0.344619833714905,0.283949873478732,0.248384724374769,0.239130434782609,"league-shrunk"
"691740","Daniel Susac","single_second_scores",5,5,2,0.4,0.4,0.617619711761971,0.617619711761971,0.590417247791725,0.570311078770238,0.125,"league-shrunk"
"691740","Daniel Susac","steal_second",26,4,2,0.153846153846154,0.5,0.0647077913972589,0.881944444444444,0.102701191785312,0.8125,0.426229508196721,"player signal"
"691740","Daniel Susac","steal_third",29,0,0,0,,0.0135036339397067,0.853503184713376,0.0073847998107771,0.853503184713376,0.453125,"player signal"
"691777","Max Muncy","double_first_scores",2,2,1,0.5,0.5,0.41339590443686,0.41339590443686,0.418077206899733,0.422056313993174,0.0540540540540541,"league-shrunk"
"691777","Max Muncy","first_to_second_on_out",12,12,5,0.416666666666667,0.416666666666667,0.249688314632211,0.249688314632211,0.292321085364413,0.316479655445993,0.25531914893617,"league-shrunk"
"691777","Max Muncy","ground_ball_double_play",20,20,6,0.3,0.3,0.204819277108434,0.204819277108434,0.239430449069003,0.254914394419784,0.363636363636364,"league-shrunk"
"691777","Max Muncy","sac_fly_scores",5,5,2,0.4,0.4,0.593270173146031,0.593270173146031,0.569111401502777,0.551254918114285,0.125,"league-shrunk"
"691777","Max Muncy","second_to_third_on_out",8,8,4,0.5,0.5,0.477532255672549,0.477532255672549,0.481712301128819,0.484445407773303,0.186046511627907,"league-shrunk"
"691777","Max Muncy","single_first_to_third",16,16,5,0.3125,0.3125,0.344619833714905,0.344619833714905,0.33454302313768,0.329504617849068,0.313725490196078,"league-shrunk"
"691777","Max Muncy","single_second_scores",11,11,6,0.545454545454545,0.545454545454545,0.617619711761971,0.617619711761971,0.600362824166717,0.590246717645361,0.239130434782609,"league-shrunk"
"691777","Max Muncy","steal_second",60,2,2,0.0333333333333333,1,0.0647077913972589,0.881944444444444,0.0448923441989901,0.89375,0.631578947368421,"player signal"
"691777","Max Muncy","steal_third",33,0,0,0,,0.0135036339397067,0.853503184713376,0.00695039982190786,0.853503184713376,0.485294117647059,"player signal"
"691781","Brady House","double_first_scores",3,3,1,0.333333333333333,0.333333333333333,0.41339590443686,0.41339590443686,0.407075175139213,0.401958394279213,0.0789473684210526,"league-shrunk"
"691781","Brady House","first_to_second_on_out",12,12,4,0.333333333333333,0.333333333333333,0.249688314632211,0.249688314632211,0.271044489619732,0.28314632211266,0.25531914893617,"league-shrunk"
"691781","Brady House","ground_ball_double_play",30,30,9,0.3,0.3,0.204819277108434,0.204819277108434,0.248748841519926,0.264307228915663,0.461538461538462,"player signal"
"691781","Brady House","sac_fly_scores",5,5,2,0.4,0.4,0.593270173146031,0.593270173146031,0.569111401502777,0.551254918114285,0.125,"league-shrunk"
"691781","Brady House","second_to_third_on_out",10,10,6,0.6,0.6,0.477532255672549,0.477532255672549,0.504747309967538,0.521270735789496,0.222222222222222,"league-shrunk"
"691781","Brady House","single_first_to_third",18,18,7,0.388888888888889,0.388888888888889,0.344619833714905,0.344619833714905,0.359654607170221,0.366754361301897,0.339622641509434,"league-shrunk"
"691781","Brady House","single_second_scores",10,10,6,0.6,0.6,0.617619711761971,0.617619711761971,0.613704220259311,0.611326957561267,0.222222222222222,"league-shrunk"
"691781","Brady House","steal_second",72,1,1,0.0138888888888889,1,0.0647077913972589,0.881944444444444,0.0305118943822809,0.888157894736842,0.672897196261682,"player signal"
"691781","Brady House","steal_third",52,0,0,0,,0.0135036339397067,0.853503184713376,0.00543249641252569,0.853503184713376,0.597701149425287,"player signal"
"691783","Jordan Lawlar","double_first_scores",1,1,1,1,1,0.41339590443686,0.41339590443686,0.429690462646947,0.444269804203341,0.0277777777777778,"league-shrunk"
"691783","Jordan Lawlar","first_to_second_on_out",1,1,1,1,1,0.249688314632211,0.249688314632211,0.270530305892428,0.289178403335779,0.0277777777777778,"league-shrunk"
"691783","Jordan Lawlar","ground_ball_double_play",6,6,1,0.166666666666667,0.166666666666667,0.204819277108434,0.204819277108434,0.199235968263297,0.195281124497992,0.146341463414634,"league-shrunk"
"691783","Jordan Lawlar","second_to_third_on_out",4,4,3,0.75,0.75,0.477532255672549,0.477532255672549,0.50547766534716,0.527071845550268,0.102564102564103,"league-shrunk"
"691783","Jordan Lawlar","single_first_to_third",3,3,2,0.666666666666667,0.666666666666667,0.344619833714905,0.344619833714905,0.370044583684781,0.390626524136586,0.0789473684210526,"league-shrunk"
"691783","Jordan Lawlar","single_second_scores",1,1,0,0,0,0.617619711761971,0.617619711761971,0.600463608657472,0.58511341114292,0.0277777777777778,"league-shrunk"
"691783","Jordan Lawlar","steal_second",16,4,4,0.25,1,0.0647077913972589,0.881944444444444,0.122838680370668,0.903409090909091,0.313725490196078,"league-shrunk"
"691783","Jordan Lawlar","steal_third",13,0,0,0,,0.0135036339397067,0.853503184713376,0.0098463997477028,0.853503184713376,0.270833333333333,"league-shrunk"
"691785","Marcelo Mayer","double_first_scores",3,3,1,0.333333333333333,0.333333333333333,0.41339590443686,0.41339590443686,0.407075175139213,0.401958394279213,0.0789473684210526,"league-shrunk"
"691785","Marcelo Mayer","first_to_second_on_out",8,8,4,0.5,0.5,0.249688314632211,0.249688314632211,0.296257930514591,0.326707294745377,0.186046511627907,"league-shrunk"
"691785","Marcelo Mayer","ground_ball_double_play",18,18,7,0.388888888888889,0.388888888888889,0.204819277108434,0.204819277108434,0.267333484882928,0.296854082998661,0.339622641509434,"league-shrunk"
"691785","Marcelo Mayer","sac_fly_scores",6,6,2,0.333333333333333,0.333333333333333,0.593270173146031,0.593270173146031,0.555230635612465,0.528285963192856,0.146341463414634,"league-shrunk"
"691785","Marcelo Mayer","second_to_third_on_out",9,9,5,0.555555555555556,0.555555555555556,0.477532255672549,0.477532255672549,0.493491567012255,0.503540022300218,0.204545454545455,"league-shrunk"
"691785","Marcelo Mayer","single_first_to_third",7,7,1,0.142857142857143,0.142857142857143,0.344619833714905,0.344619833714905,0.310992718571945,0.288126280274732,0.166666666666667,"league-shrunk"
"691785","Marcelo Mayer","single_second_scores",5,5,4,0.8,0.8,0.617619711761971,0.617619711761971,0.640417247791725,0.657267600509369,0.125,"league-shrunk"
"691785","Marcelo Mayer","steal_second",54,1,1,0.0185185185185185,1,0.0647077913972589,0.881944444444444,0.0366828393135288,0.888157894736842,0.606741573033708,"player signal"
"691785","Marcelo Mayer","steal_third",31,0,0,0,,0.0135036339397067,0.853503184713376,0.00716101799832931,0.853503184713376,0.46969696969697,"player signal"
"691788","Joe Mack","double_first_scores",4,4,1,0.25,0.25,0.41339590443686,0.41339590443686,0.396637350135644,0.383687558175613,0.102564102564103,"league-shrunk"
"691788","Joe Mack","first_to_second_on_out",18,18,4,0.222222222222222,0.222222222222222,0.249688314632211,0.249688314632211,0.240360207775989,0.235955268427217,0.339622641509434,"league-shrunk"
"691788","Joe Mack","ground_ball_double_play",26,26,2,0.0769230769230769,0.0769230769230769,0.204819277108434,0.204819277108434,0.1503061426032,0.129244249726177,0.426229508196721,"player signal"
"691788","Joe Mack","sac_fly_scores",3,3,1,0.333333333333333,0.333333333333333,0.593270173146031,0.593270173146031,0.572748843687134,0.556136338887074,0.0789473684210526,"league-shrunk"
"691788","Joe Mack","second_to_third_on_out",16,16,6,0.375,0.375,0.477532255672549,0.477532255672549,0.445365273500769,0.429281782414879,0.313725490196078,"league-shrunk"
"691788","Joe Mack","single_first_to_third",12,12,1,0.0833333333333333,0.0833333333333333,0.344619833714905,0.344619833714905,0.277908386808972,0.240105233562277,0.25531914893617,"league-shrunk"
"691788","Joe Mack","single_second_scores",8,8,5,0.625,0.625,0.617619711761971,0.617619711761971,0.618992788643465,0.619890569681365,0.186046511627907,"league-shrunk"
"691788","Joe Mack","steal_second",79,0,0,0,,0.0647077913972589,0.881944444444444,0.019866427183369,0.881944444444444,0.692982456140351,"player signal"
"691788","Joe Mack","steal_third",41,0,0,0,,0.0135036339397067,0.853503184713376,0.00621877878802282,0.853503184713376,0.539473684210526,"player signal"
"691858","Jared Serna","ground_ball_double_play",2,2,0,0,0,0.204819277108434,0.204819277108434,0.193747964832302,0.18433734939759,0.0540540540540541,"league-shrunk"
"691858","Jared Serna","single_first_to_third",1,1,0,0,0,0.344619833714905,0.344619833714905,0.335047060556158,0.32648194772991,0.0277777777777778,"league-shrunk"
"691858","Jared Serna","steal_second",3,0,0,0,,0.0647077913972589,0.881944444444444,0.0595992815501069,0.881944444444444,0.0789473684210526,"league-shrunk"
"691858","Jared Serna","steal_third",2,0,0,0,,0.0135036339397067,0.853503184713376,0.0127737077808036,0.853503184713376,0.0540540540540541,"league-shrunk"
"691907","Tsung-Che Cheng","double_first_scores",1,1,1,1,1,0.41339590443686,0.41339590443686,0.429690462646947,0.444269804203341,0.0277777777777778,"league-shrunk"
"691907","Tsung-Che Cheng","first_to_second_on_out",7,7,2,0.285714285714286,0.285714285714286,0.249688314632211,0.249688314632211,0.25569264314589,0.259775586535192,0.166666666666667,"league-shrunk"
"691907","Tsung-Che Cheng","ground_ball_double_play",9,9,1,0.111111111111111,0.111111111111111,0.204819277108434,0.204819277108434,0.18565169769989,0.173583221775993,0.204545454545455,"league-shrunk"
"691907","Tsung-Che Cheng","sac_fly_scores",1,1,1,1,1,0.593270173146031,0.593270173146031,0.604568223891974,0.614677006138345,0.0277777777777778,"league-shrunk"
"691907","Tsung-Che Cheng","single_first_to_third",1,1,0,0,0,0.344619833714905,0.344619833714905,0.335047060556158,0.32648194772991,0.0277777777777778,"league-shrunk"
"691907","Tsung-Che Cheng","single_second_scores",2,2,1,0.5,0.5,0.617619711761971,0.617619711761971,0.611261889504567,0.605857740585774,0.0540540540540541,"league-shrunk"
"691907","Tsung-Che Cheng","steal_second",14,1,0,0.0714285714285714,0,0.0647077913972589,0.881944444444444,0.0666280142633482,0.835526315789474,0.285714285714286,"league-shrunk"
"691907","Tsung-Che Cheng","steal_third",5,0,0,0,,0.0135036339397067,0.853503184713376,0.0118156796972434,0.853503184713376,0.125,"league-shrunk"
"692216","CJ Kayfus","first_to_second_on_out",1,1,0,0,0,0.249688314632211,0.249688314632211,0.24275252811465,0.236546824388411,0.0277777777777778,"league-shrunk"
"692216","CJ Kayfus","ground_ball_double_play",3,3,1,0.333333333333333,0.333333333333333,0.204819277108434,0.204819277108434,0.214965123652505,0.223178427997705,0.0789473684210526,"league-shrunk"
"692216","CJ Kayfus","sac_fly_scores",1,1,0,0,0,0.593270173146031,0.593270173146031,0.576790446114197,0.562045427190976,0.0277777777777778,"league-shrunk"
"692216","CJ Kayfus","second_to_third_on_out",1,1,1,1,1,0.477532255672549,0.477532255672549,0.492045248570534,0.505030558005573,0.0277777777777778,"league-shrunk"
"692216","CJ Kayfus","single_second_scores",3,3,3,1,1,0.617619711761971,0.617619711761971,0.647807629254447,0.672245467224547,0.0789473684210526,"league-shrunk"
"692216","CJ Kayfus","steal_second",6,0,0,0,,0.0647077913972589,0.881944444444444,0.0552383585098552,0.881944444444444,0.146341463414634,"league-shrunk"
"692216","CJ Kayfus","steal_third",4,0,0,0,,0.0135036339397067,0.853503184713376,0.0121186458433265,0.853503184713376,0.102564102564103,"league-shrunk"
"693304","Nick Gonzales","double_first_scores",7,7,3,0.428571428571429,0.428571428571429,0.41339590443686,0.41339590443686,0.415925158459288,0.417645051194539,0.166666666666667,"league-shrunk"
"693304","Nick Gonzales","first_to_second_on_out",27,27,7,0.259259259259259,0.259259259259259,0.249688314632211,0.249688314632211,0.253856306647216,0.25543088140844,0.435483870967742,"player signal"
"693304","Nick Gonzales","ground_ball_double_play",58,58,17,0.293103448275862,0.293103448275862,0.204819277108434,0.204819277108434,0.25987822256769,0.272194039315155,0.623655913978495,"player signal"
"693304","Nick Gonzales","sac_fly_scores",8,8,6,0.75,0.75,0.593270173146031,0.593270173146031,0.622429210700258,0.641494735254944,0.186046511627907,"league-shrunk"
"693304","Nick Gonzales","second_to_third_on_out",31,31,13,0.419354838709677,0.419354838709677,0.477532255672549,0.477532255672549,0.450206499220291,0.440726134736855,0.46969696969697,"player signal"
"693304","Nick Gonzales","single_first_to_third",31,31,14,0.451612903225806,0.451612903225806,0.344619833714905,0.344619833714905,0.394874154242753,0.412309326670782,0.46969696969697,"player signal"
"693304","Nick Gonzales","single_second_scores",15,15,8,0.533333333333333,0.533333333333333,0.617619711761971,0.617619711761971,0.59233379823338,0.579307721567136,0.3,"league-shrunk"
"693304","Nick Gonzales","steal_second",161,8,7,0.0496894409937888,0.875,0.0647077913972589,0.881944444444444,0.0523712892801228,0.879807692307692,0.821428571428571,"player signal"
"693304","Nick Gonzales","steal_third",83,0,0,0,,0.0135036339397067,0.853503184713376,0.00400531515160792,0.853503184713376,0.703389830508475,"player signal"
"693307","Dillon Dingler","double_first_scores",7,7,5,0.714285714285714,0.714285714285714,0.41339590443686,0.41339590443686,0.463544206078336,0.497645051194539,0.166666666666667,"league-shrunk"
"693307","Dillon Dingler","first_to_second_on_out",38,38,5,0.131578947368421,0.131578947368421,0.249688314632211,0.249688314632211,0.188206726193526,0.169542672560354,0.520547945205479,"player signal"
"693307","Dillon Dingler","ground_ball_double_play",57,57,7,0.12280701754386,0.12280701754386,0.204819277108434,0.204819277108434,0.154007333682556,0.142489959839357,0.619565217391304,"player signal"
"693307","Dillon Dingler","sac_fly_scores",7,7,5,0.714285714285714,0.714285714285714,0.593270173146031,0.593270173146031,0.613439430002645,0.627154524665142,0.166666666666667,"league-shrunk"
"693307","Dillon Dingler","second_to_third_on_out",19,19,7,0.368421052631579,0.368421052631579,0.477532255672549,0.477532255672549,0.439141276824801,0.421502178435294,0.351851851851852,"league-shrunk"
"693307","Dillon Dingler","single_first_to_third",22,22,19,0.863636363636364,0.863636363636364,0.344619833714905,0.344619833714905,0.544942003158275,0.630078925171707,0.385964912280702,"league-shrunk"
"693307","Dillon Dingler","single_second_scores",11,11,6,0.545454545454545,0.545454545454545,0.617619711761971,0.617619711761971,0.600362824166717,0.590246717645361,0.239130434782609,"league-shrunk"
"693307","Dillon Dingler","steal_second",147,0,0,0,,0.0647077913972589,0.881944444444444,0.0124438060379344,0.881944444444444,0.807692307692308,"player signal"
"693307","Dillon Dingler","steal_third",56,0,0,0,,0.0135036339397067,0.853503184713376,0.00519370536142565,0.853503184713376,0.615384615384615,"player signal"
"693409","César Prieto","first_to_second_on_out",1,1,0,0,0,0.249688314632211,0.249688314632211,0.24275252811465,0.236546824388411,0.0277777777777778,"league-shrunk"
"693409","César Prieto","ground_ball_double_play",1,1,0,0,0,0.204819277108434,0.204819277108434,0.199129852744311,0.194039315155358,0.0277777777777778,"league-shrunk"
"693409","César Prieto","single_first_to_third",1,1,1,1,1,0.344619833714905,0.344619833714905,0.362824838333936,0.379113526677279,0.0277777777777778,"league-shrunk"
"693409","César Prieto","steal_second",7,1,1,0.142857142857143,1,0.0647077913972589,0.881944444444444,0.0777326833072396,0.888157894736842,0.166666666666667,"league-shrunk"
"693409","César Prieto","steal_third",1,0,0,0,,0.0135036339397067,0.853503184713376,0.0131285329969371,0.853503184713376,0.0277777777777778,"league-shrunk"
"693459","Kyler Fedko","steal_second",1,0,0,0,,0.0647077913972589,0.881944444444444,0.062910352747335,0.881944444444444,0.0277777777777778,"league-shrunk"
"694025","Felix Reyes","single_first_to_third",2,2,0,0,0,0.344619833714905,0.344619833714905,0.325991734595181,0.310157850343415,0.0540540540540541,"league-shrunk"
"694025","Felix Reyes","single_second_scores",1,1,0,0,0,0.617619711761971,0.617619711761971,0.600463608657472,0.58511341114292,0.0277777777777778,"league-shrunk"
"694025","Felix Reyes","steal_second",5,0,0,0,,0.0647077913972589,0.881944444444444,0.0566193174726015,0.881944444444444,0.125,"league-shrunk"
"694025","Felix Reyes","steal_third",2,0,0,0,,0.0135036339397067,0.853503184713376,0.0127737077808036,0.853503184713376,0.0540540540540541,"league-shrunk"
"694192","Jackson Chourio","double_first_scores",9,9,6,0.666666666666667,0.666666666666667,0.41339590443686,0.41339590443686,0.46520128762023,0.497819491846796,0.204545454545455,"league-shrunk"
"694192","Jackson Chourio","first_to_second_on_out",33,33,9,0.272727272727273,0.272727272727273,0.249688314632211,0.249688314632211,0.260868985472462,0.264595875752545,0.485294117647059,"player signal"
"694192","Jackson Chourio","ground_ball_double_play",52,52,8,0.153846153846154,0.153846153846154,0.204819277108434,0.204819277108434,0.174352582744772,0.166953528399312,0.597701149425287,"player signal"
"694192","Jackson Chourio","sac_fly_scores",16,16,12,0.75,0.75,0.593270173146031,0.593270173146031,0.642440314904139,0.667025385783193,0.313725490196078,"league-shrunk"
"694192","Jackson Chourio","second_to_third_on_out",15,15,10,0.666666666666667,0.666666666666667,0.477532255672549,0.477532255672549,0.534272578970785,0.563502442488057,0.3,"league-shrunk"
"694192","Jackson Chourio","single_first_to_third",31,31,8,0.258064516129032,0.258064516129032,0.344619833714905,0.344619833714905,0.303965063333662,0.289860347078945,0.46969696969697,"player signal"
"694192","Jackson Chourio","single_second_scores",20,20,13,0.65,0.65,0.617619711761971,0.617619711761971,0.629394362030345,0.634661968729355,0.363636363636364,"league-shrunk"
"694192","Jackson Chourio","steal_second",132,13,13,0.0984848484848485,1,0.0647077913972589,0.881944444444444,0.0914058245443357,0.931451612903226,0.790419161676647,"player signal"
"694192","Jackson Chourio","steal_third",92,2,1,0.0217391304347826,0.5,0.0135036339397067,0.853503184713376,0.0194695054164546,0.818152866242038,0.724409448818898,"player signal"
"694197","Angel Genao","double_first_scores",3,3,3,1,1,0.41339590443686,0.41339590443686,0.459706754086582,0.497196489517309,0.0789473684210526,"league-shrunk"
"694197","Angel Genao","first_to_second_on_out",9,9,2,0.222222222222222,0.222222222222222,0.249688314632211,0.249688314632211,0.244070250275623,0.240532950495548,0.204545454545455,"league-shrunk"
"694197","Angel Genao","ground_ball_double_play",16,16,2,0.125,0.125,0.204819277108434,0.204819277108434,0.179777935270494,0.167257264351524,0.313725490196078,"league-shrunk"
"694197","Angel Genao","second_to_third_on_out",4,4,1,0.25,0.25,0.477532255672549,0.477532255672549,0.454195614065108,0.436162754641177,0.102564102564103,"league-shrunk"
"694197","Angel Genao","single_first_to_third",4,4,2,0.5,0.5,0.344619833714905,0.344619833714905,0.360556261026197,0.372870773039468,0.102564102564103,"league-shrunk"
"694197","Angel Genao","single_second_scores",4,4,3,0.75,0.75,0.617619711761971,0.617619711761971,0.631197177222282,0.641688855077976,0.102564102564103,"league-shrunk"
"694197","Angel Genao","steal_second",33,1,1,0.0303030303030303,1,0.0647077913972589,0.881944444444444,0.0480113632191774,0.888157894736842,0.485294117647059,"player signal"
"694197","Angel Genao","steal_third",14,0,0,0,,0.0135036339397067,0.853503184713376,0.00964545281407622,0.853503184713376,0.285714285714286,"league-shrunk"
"694203","Denzer Guzman","double_first_scores",4,4,1,0.25,0.25,0.41339590443686,0.41339590443686,0.396637350135644,0.383687558175613,0.102564102564103,"league-shrunk"
"694203","Denzer Guzman","first_to_second_on_out",12,12,5,0.416666666666667,0.416666666666667,0.249688314632211,0.249688314632211,0.292321085364413,0.316479655445993,0.25531914893617,"league-shrunk"
"694203","Denzer Guzman","ground_ball_double_play",23,23,5,0.217391304347826,0.217391304347826,0.204819277108434,0.204819277108434,0.209804736186124,0.211871877754922,0.396551724137931,"league-shrunk"
"694203","Denzer Guzman","sac_fly_scores",3,3,3,1,1,0.593270173146031,0.593270173146031,0.625380422634502,0.651374434125169,0.0789473684210526,"league-shrunk"
"694203","Denzer Guzman","second_to_third_on_out",11,11,5,0.454545454545455,0.454545454545455,0.477532255672549,0.477532255672549,0.472035411924766,0.468813124210548,0.239130434782609,"league-shrunk"
"694203","Denzer Guzman","single_first_to_third",8,8,2,0.25,0.25,0.344619833714905,0.344619833714905,0.327016143721435,0.315506038725704,0.186046511627907,"league-shrunk"
"694203","Denzer Guzman","single_second_scores",7,7,6,0.857142857142857,0.857142857142857,0.617619711761971,0.617619711761971,0.657540235992119,0.684686192468619,0.166666666666667,"league-shrunk"
"694203","Denzer Guzman","steal_second",60,3,2,0.05,0.666666666666667,0.0647077913972589,0.881944444444444,0.0554186599884638,0.851190476190476,0.631578947368421,"player signal"
"694203","Denzer Guzman","steal_third",42,0,0,0,,0.0135036339397067,0.853503184713376,0.00613801542713941,0.853503184713376,0.545454545454545,"player signal"
"694208","Moisés Ballesteros","double_first_scores",2,2,0,0,0,0.41339590443686,0.41339590443686,0.391050179872706,0.372056313993174,0.0540540540540541,"league-shrunk"
"694208","Moisés Ballesteros","first_to_second_on_out",15,15,2,0.133333333333333,0.133333333333333,0.249688314632211,0.249688314632211,0.214781820242548,0.196799686769085,0.3,"league-shrunk"
"694208","Moisés Ballesteros","ground_ball_double_play",32,32,13,0.40625,0.40625,0.204819277108434,0.204819277108434,0.301024995504406,0.333734939759036,0.477611940298507,"player signal"
"694208","Moisés Ballesteros","sac_fly_scores",3,3,2,0.666666666666667,0.666666666666667,0.593270173146031,0.593270173146031,0.599064633160818,0.603755386506121,0.0789473684210526,"league-shrunk"
"694208","Moisés Ballesteros","second_to_third_on_out",4,4,2,0.5,0.5,0.477532255672549,0.477532255672549,0.479836639706134,0.481617300095722,0.102564102564103,"league-shrunk"
"694208","Moisés Ballesteros","single_first_to_third",12,12,4,0.333333333333333,0.333333333333333,0.344619833714905,0.344619833714905,0.341738174043015,0.340105233562277,0.25531914893617,"league-shrunk"
"694208","Moisés Ballesteros","single_second_scores",2,2,1,0.5,0.5,0.617619711761971,0.617619711761971,0.611261889504567,0.605857740585774,0.0540540540540541,"league-shrunk"
"694208","Moisés Ballesteros","steal_second",71,1,1,0.0140845070422535,1,0.0647077913972589,0.881944444444444,0.0307997424424911,0.888157894736842,0.669811320754717,"player signal"
"694208","Moisés Ballesteros","steal_third",31,1,0,0.032258064516129,0,0.0135036339397067,0.853503184713376,0.0223125331498445,0.808581964465303,0.46969696969697,"player signal"
"694212","Samuel Basallo","double_first_scores",4,4,2,0.5,0.5,0.41339590443686,0.41339590443686,0.422278375776669,0.429142103630158,0.102564102564103,"league-shrunk"
"694212","Samuel Basallo","first_to_second_on_out",16,16,4,0.25,0.25,0.249688314632211,0.249688314632211,0.249786098277008,0.249834990099406,0.313725490196078,"league-shrunk"
"694212","Samuel Basallo","ground_ball_double_play",27,27,7,0.259259259259259,0.259259259259259,0.204819277108434,0.204819277108434,0.22852701127089,0.237483266398929,0.435483870967742,"player signal"
"694212","Samuel Basallo","sac_fly_scores",7,7,4,0.571428571428571,0.571428571428571,0.593270173146031,0.593270173146031,0.589629906193121,0.587154524665142,0.166666666666667,"league-shrunk"
"694212","Samuel Basallo","second_to_third_on_out",15,15,11,0.733333333333333,0.733333333333333,0.477532255672549,0.477532255672549,0.554272578970785,0.593805472791088,0.3,"league-shrunk"
"694212","Samuel Basallo","single_first_to_third",18,18,4,0.222222222222222,0.222222222222222,0.344619833714905,0.344619833714905,0.303050833585315,0.283421027968564,0.339622641509434,"league-shrunk"
"694212","Samuel Basallo","single_second_scores",5,5,1,0.2,0.2,0.617619711761971,0.617619711761971,0.565417247791725,0.526832817900673,0.125,"league-shrunk"
"694212","Samuel Basallo","steal_second",74,0,0,0,,0.0647077913972589,0.881944444444444,0.0207777311826061,0.881944444444444,0.678899082568807,"player signal"
"694212","Samuel Basallo","steal_third",47,0,0,0,,0.0135036339397067,0.853503184713376,0.00576374619377725,0.853503184713376,0.573170731707317,"player signal"
"694224","Gabriel Gonzalez","double_first_scores",1,1,0,0,0,0.41339590443686,0.41339590443686,0.40191268486917,0.391638225255973,0.0277777777777778,"league-shrunk"
"694224","Gabriel Gonzalez","first_to_second_on_out",2,2,0,0,0,0.249688314632211,0.249688314632211,0.236191648976416,0.22471948316899,0.0540540540540541,"league-shrunk"
"694224","Gabriel Gonzalez","ground_ball_double_play",2,2,0,0,0,0.204819277108434,0.204819277108434,0.193747964832302,0.18433734939759,0.0540540540540541,"league-shrunk"
"694224","Gabriel Gonzalez","single_first_to_third",1,1,0,0,0,0.344619833714905,0.344619833714905,0.335047060556158,0.32648194772991,0.0277777777777778,"league-shrunk"
"694224","Gabriel Gonzalez","single_second_scores",1,1,1,1,1,0.617619711761971,0.617619711761971,0.62824138643525,0.637744990090289,0.0277777777777778,"league-shrunk"
"694224","Gabriel Gonzalez","steal_second",7,0,0,0,,0.0647077913972589,0.881944444444444,0.0539231594977157,0.881944444444444,0.166666666666667,"league-shrunk"
"694224","Gabriel Gonzalez","steal_third",1,0,0,0,,0.0135036339397067,0.853503184713376,0.0131285329969371,0.853503184713376,0.0277777777777778,"league-shrunk"
"694249","Cole Carrigg","double_first_scores",4,4,4,1,1,0.41339590443686,0.41339590443686,0.473560427058721,0.520051194539249,0.102564102564103,"league-shrunk"
"694249","Cole Carrigg","first_to_second_on_out",9,9,4,0.444444444444444,0.444444444444444,0.249688314632211,0.249688314632211,0.289524795730168,0.314607024569622,0.204545454545455,"league-shrunk"
"694249","Cole Carrigg","ground_ball_double_play",23,23,7,0.304347826086957,0.304347826086957,0.204819277108434,0.204819277108434,0.244287494806813,0.2606523655598,0.396551724137931,"league-shrunk"
"694249","Cole Carrigg","sac_fly_scores",13,13,7,0.538461538461538,0.538461538461538,0.593270173146031,0.593270173146031,0.578426167918981,0.570285906988018,0.270833333333333,"league-shrunk"
"694249","Cole Carrigg","second_to_third_on_out",11,11,4,0.363636363636364,0.363636363636364,0.477532255672549,0.477532255672549,0.450296281489983,0.434330365589858,0.239130434782609,"league-shrunk"
"694249","Cole Carrigg","single_first_to_third",16,16,8,0.5,0.5,0.344619833714905,0.344619833714905,0.393366552549445,0.417739911966715,0.313725490196078,"league-shrunk"
"694249","Cole Carrigg","single_second_scores",8,8,6,0.75,0.75,0.617619711761971,0.617619711761971,0.642248602596953,0.658352108142903,0.186046511627907,"league-shrunk"
"694249","Cole Carrigg","steal_second",64,8,6,0.125,0.75,0.0647077913972589,0.881944444444444,0.103684572716203,0.841346153846154,0.646464646464647,"player signal"
"694249","Cole Carrigg","steal_third",43,1,1,0.0232558139534884,1,0.0135036339397067,0.853503184713376,0.0188798357421761,0.861213543412672,0.551282051282051,"player signal"
"694362","Blake Dunn","double_first_scores",4,4,2,0.5,0.5,0.41339590443686,0.41339590443686,0.422278375776669,0.429142103630158,0.102564102564103,"league-shrunk"
"694362","Blake Dunn","first_to_second_on_out",12,12,3,0.25,0.25,0.249688314632211,0.249688314632211,0.249767893875051,0.249812988779327,0.25531914893617,"league-shrunk"
"694362","Blake Dunn","ground_ball_double_play",16,16,3,0.1875,0.1875,0.204819277108434,0.204819277108434,0.199385778407749,0.196669029057406,0.313725490196078,"league-shrunk"
"694362","Blake Dunn","sac_fly_scores",3,3,2,0.666666666666667,0.666666666666667,0.593270173146031,0.593270173146031,0.599064633160818,0.603755386506121,0.0789473684210526,"league-shrunk"
"694362","Blake Dunn","second_to_third_on_out",9,9,5,0.555555555555556,0.555555555555556,0.477532255672549,0.477532255672549,0.493491567012255,0.503540022300218,0.204545454545455,"league-shrunk"
"694362","Blake Dunn","single_first_to_third",5,5,2,0.4,0.4,0.344619833714905,0.344619833714905,0.351542354500542,0.356659000298622,0.125,"league-shrunk"
"694362","Blake Dunn","single_second_scores",2,2,1,0.5,0.5,0.617619711761971,0.617619711761971,0.611261889504567,0.605857740585774,0.0540540540540541,"league-shrunk"
"694362","Blake Dunn","steal_second",48,5,3,0.104166666666667,0.6,0.0647077913972589,0.881944444444444,0.0875273819145068,0.820652173913043,0.578313253012048,"player signal"
"694362","Blake Dunn","steal_third",23,1,1,0.0434782608695652,1,0.0135036339397067,0.853503184713376,0.0253901239291334,0.861213543412672,0.396551724137931,"league-shrunk"
"694371","Tommy Troy","double_first_scores",4,4,3,0.75,0.75,0.41339590443686,0.41339590443686,0.447919401417695,0.474596649084704,0.102564102564103,"league-shrunk"
"694371","Tommy Troy","first_to_second_on_out",8,8,2,0.25,0.25,0.249688314632211,0.249688314632211,0.249746302607614,0.2497842178223,0.186046511627907,"league-shrunk"
"694371","Tommy Troy","ground_ball_double_play",12,12,0,0,0,0.204819277108434,0.204819277108434,0.152524993591387,0.12289156626506,0.25531914893617,"league-shrunk"
"694371","Tommy Troy","sac_fly_scores",4,4,3,0.75,0.75,0.593270173146031,0.593270173146031,0.609345027182335,0.621766505301298,0.102564102564103,"league-shrunk"
"694371","Tommy Troy","second_to_third_on_out",4,4,1,0.25,0.25,0.477532255672549,0.477532255672549,0.454195614065108,0.436162754641177,0.102564102564103,"league-shrunk"
"694371","Tommy Troy","single_first_to_third",8,8,3,0.375,0.375,0.344619833714905,0.344619833714905,0.350271957674923,0.353967577187242,0.186046511627907,"league-shrunk"
"694371","Tommy Troy","single_second_scores",3,3,2,0.666666666666667,0.666666666666667,0.617619711761971,0.617619711761971,0.621491839780763,0.624626419605499,0.0789473684210526,"league-shrunk"
"694371","Tommy Troy","steal_second",35,1,1,0.0285714285714286,1,0.0647077913972589,0.881944444444444,0.0466396099843437,0.888157894736842,0.5,"player signal"
"694371","Tommy Troy","steal_third",19,0,0,0,,0.0135036339397067,0.853503184713376,0.00875235533129138,0.853503184713376,0.351851851851852,"league-shrunk"
"694374","Tim Tawa","double_first_scores",4,4,0,0,0,0.41339590443686,0.41339590443686,0.370996324494618,0.338233012721067,0.102564102564103,"league-shrunk"
"694374","Tim Tawa","first_to_second_on_out",24,24,5,0.208333333333333,0.208333333333333,0.249688314632211,0.249688314632211,0.232865949358091,0.226056896747138,0.406779661016949,"league-shrunk"
"694374","Tim Tawa","ground_ball_double_play",32,32,4,0.125,0.125,0.204819277108434,0.204819277108434,0.16669663729545,0.153734939759036,0.477611940298507,"player signal"
"694374","Tim Tawa","sac_fly_scores",9,9,5,0.555555555555556,0.555555555555556,0.593270173146031,0.593270173146031,0.585555819547979,0.580698633949206,0.204545454545455,"league-shrunk"
"694374","Tim Tawa","second_to_third_on_out",15,15,6,0.4,0.4,0.477532255672549,0.477532255672549,0.454272578970785,0.442290321275936,0.3,"league-shrunk"
"694374","Tim Tawa","single_first_to_third",17,17,0,0,0,0.344619833714905,0.344619833714905,0.231955657308109,0.177233057339094,0.326923076923077,"league-shrunk"
"694374","Tim Tawa","single_second_scores",9,9,5,0.555555555555556,0.555555555555556,0.617619711761971,0.617619711761971,0.60492477071975,0.596931659693166,0.204545454545455,"league-shrunk"
"694374","Tim Tawa","steal_second",82,8,8,0.0975609756097561,1,0.0647077913972589,0.881944444444444,0.087733099990633,0.918269230769231,0.700854700854701,"player signal"
"694374","Tim Tawa","steal_third",42,0,0,0,,0.0135036339397067,0.853503184713376,0.00613801542713941,0.853503184713376,0.545454545454545,"player signal"
"694376","Shay Whitcomb","first_to_second_on_out",1,1,1,1,1,0.249688314632211,0.249688314632211,0.270530305892428,0.289178403335779,0.0277777777777778,"league-shrunk"
"694376","Shay Whitcomb","ground_ball_double_play",4,4,2,0.5,0.5,0.204819277108434,0.204819277108434,0.23509422304603,0.258488499452355,0.102564102564103,"league-shrunk"
"694376","Shay Whitcomb","second_to_third_on_out",1,1,0,0,0,0.477532255672549,0.477532255672549,0.464267470792756,0.452398979058205,0.0277777777777778,"league-shrunk"
"694376","Shay Whitcomb","single_first_to_third",1,1,1,1,1,0.344619833714905,0.344619833714905,0.362824838333936,0.379113526677279,0.0277777777777778,"league-shrunk"
"694376","Shay Whitcomb","steal_second",8,0,0,0,,0.0647077913972589,0.881944444444444,0.0526691325326526,0.881944444444444,0.186046511627907,"league-shrunk"
"694376","Shay Whitcomb","steal_third",3,0,0,0,,0.0135036339397067,0.853503184713376,0.0124375575760456,0.853503184713376,0.0789473684210526,"league-shrunk"
"694377","Nick Yorke","double_first_scores",1,1,0,0,0,0.41339590443686,0.41339590443686,0.40191268486917,0.391638225255973,0.0277777777777778,"league-shrunk"
"694377","Nick Yorke","first_to_second_on_out",2,2,1,0.5,0.5,0.249688314632211,0.249688314632211,0.263218676003443,0.27471948316899,0.0540540540540541,"league-shrunk"
"694377","Nick Yorke","ground_ball_double_play",8,8,4,0.5,0.5,0.204819277108434,0.204819277108434,0.259736620902213,0.295644114921223,0.186046511627907,"league-shrunk"
"694377","Nick Yorke","sac_fly_scores",1,1,1,1,1,0.593270173146031,0.593270173146031,0.604568223891974,0.614677006138345,0.0277777777777778,"league-shrunk"
"694377","Nick Yorke","second_to_third_on_out",6,6,4,0.666666666666667,0.666666666666667,0.477532255672549,0.477532255672549,0.505210462159493,0.524815858421079,0.146341463414634,"league-shrunk"
"694377","Nick Yorke","single_first_to_third",5,5,2,0.4,0.4,0.344619833714905,0.344619833714905,0.351542354500542,0.356659000298622,0.125,"league-shrunk"
"694377","Nick Yorke","single_second_scores",1,1,1,1,1,0.617619711761971,0.617619711761971,0.62824138643525,0.637744990090289,0.0277777777777778,"league-shrunk"
"694377","Nick Yorke","steal_second",19,1,1,0.0526315789473684,1,0.0647077913972589,0.881944444444444,0.0604587536834085,0.888157894736842,0.351851851851852,"league-shrunk"
"694377","Nick Yorke","steal_third",11,0,0,0,,0.0135036339397067,0.853503184713376,0.0102745040845594,0.853503184713376,0.239130434782609,"league-shrunk"
"694378","Jacob Gonzalez","double_first_scores",2,2,0,0,0,0.41339590443686,0.41339590443686,0.391050179872706,0.372056313993174,0.0540540540540541,"league-shrunk"
"694378","Jacob Gonzalez","first_to_second_on_out",5,5,2,0.4,0.4,0.249688314632211,0.249688314632211,0.268477275303185,0.282364767973035,0.125,"league-shrunk"
"694378","Jacob Gonzalez","ground_ball_double_play",9,9,4,0.444444444444444,0.444444444444444,0.204819277108434,0.204819277108434,0.253833515881709,0.284694332887104,0.204545454545455,"league-shrunk"
"694378","Jacob Gonzalez","sac_fly_scores",4,4,2,0.5,0.5,0.593270173146031,0.593270173146031,0.58370400154131,0.576311959846752,0.102564102564103,"league-shrunk"
"694378","Jacob Gonzalez","second_to_third_on_out",10,10,7,0.7,0.7,0.477532255672549,0.477532255672549,0.526969532189761,0.556985021503782,0.222222222222222,"league-shrunk"
"694378","Jacob Gonzalez","single_first_to_third",6,6,2,0.333333333333333,0.333333333333333,0.344619833714905,0.344619833714905,0.342968150732236,0.341798208619512,0.146341463414634,"league-shrunk"
"694378","Jacob Gonzalez","single_second_scores",6,6,5,0.833333333333333,0.833333333333333,0.617619711761971,0.617619711761971,0.649187558821195,0.671548117154812,0.146341463414634,"league-shrunk"
"694378","Jacob Gonzalez","steal_second",40,1,1,0.025,1,0.0647077913972589,0.881944444444444,0.0435303026520542,0.888157894736842,0.533333333333333,"player signal"
"694378","Jacob Gonzalez","steal_third",25,1,1,0.04,1,0.0135036339397067,0.853503184713376,0.0245437864648289,0.861213543412672,0.416666666666667,"player signal"
"694384","Nolan Schanuel","double_first_scores",11,11,6,0.545454545454545,0.545454545454545,0.41339590443686,0.41339590443686,0.44497514468022,0.463487113098741,0.239130434782609,"league-shrunk"
"694384","Nolan Schanuel","first_to_second_on_out",25,25,5,0.2,0.2,0.249688314632211,0.249688314632211,0.228984850202123,0.220799759613484,0.416666666666667,"player signal"
"694384","Nolan Schanuel","ground_ball_double_play",52,52,15,0.288461538461538,0.288461538461538,0.204819277108434,0.204819277108434,0.254812352859715,0.266953528399312,0.597701149425287,"player signal"
"694384","Nolan Schanuel","sac_fly_scores",5,5,4,0.8,0.8,0.593270173146031,0.593270173146031,0.619111401502777,0.638211439853415,0.125,"league-shrunk"
"694384","Nolan Schanuel","second_to_third_on_out",18,18,7,0.388888888888889,0.388888888888889,0.477532255672549,0.477532255672549,0.447426961293193,0.433210572280719,0.339622641509434,"league-shrunk"
"694384","Nolan Schanuel","single_first_to_third",19,19,6,0.315789473684211,0.315789473684211,0.344619833714905,0.344619833714905,0.33447581814855,0.329815054239684,0.351851851851852,"league-shrunk"
"694384","Nolan Schanuel","single_second_scores",11,11,8,0.727272727272727,0.727272727272727,0.617619711761971,0.617619711761971,0.643841085036282,0.659212234886741,0.239130434782609,"league-shrunk"
"694384","Nolan Schanuel","steal_second",126,2,1,0.0158730158730159,0.5,0.0647077913972589,0.881944444444444,0.0264892714217644,0.84375,0.782608695652174,"player signal"
"694384","Nolan Schanuel","steal_third",65,0,0,0,,0.0135036339397067,0.853503184713376,0.00472627187889735,0.853503184713376,0.65,"player signal"
"694388","Joey Loperfido","first_to_second_on_out",5,5,1,0.2,0.2,0.249688314632211,0.249688314632211,0.243477275303185,0.23888650710347,0.125,"league-shrunk"
"694388","Joey Loperfido","ground_ball_double_play",8,8,1,0.125,0.125,0.204819277108434,0.204819277108434,0.189969179041748,0.180259499536608,0.186046511627907,"league-shrunk"
"694388","Joey Loperfido","sac_fly_scores",2,2,2,1,1,0.593270173146031,0.593270173146031,0.615255569192191,0.633943155831428,0.0540540540540541,"league-shrunk"
"694388","Joey Loperfido","second_to_third_on_out",3,3,0,0,0,0.477532255672549,0.477532255672549,0.439832340751032,0.409313362005042,0.0789473684210526,"league-shrunk"
"694388","Joey Loperfido","single_first_to_third",9,9,4,0.444444444444444,0.444444444444444,0.344619833714905,0.344619833714905,0.365038504091402,0.377894703958085,0.204545454545455,"league-shrunk"
"694388","Joey Loperfido","single_second_scores",2,2,2,1,1,0.617619711761971,0.617619711761971,0.638288916531594,0.655857740585774,0.0540540540540541,"league-shrunk"
"694388","Joey Loperfido","steal_second",31,1,1,0.032258064516129,1,0.0647077913972589,0.881944444444444,0.0494662530136979,0.888157894736842,0.46969696969697,"player signal"
"694388","Joey Loperfido","steal_third",20,0,0,0,,0.0135036339397067,0.853503184713376,0.00859322159799518,0.853503184713376,0.363636363636364,"league-shrunk"
"694410","LuJames Groover","first_to_second_on_out",3,3,1,0.333333333333333,0.333333333333333,0.249688314632211,0.249688314632211,0.256291868740195,0.261637603018086,0.0789473684210526,"league-shrunk"
"694410","LuJames Groover","ground_ball_double_play",4,4,0,0,0,0.204819277108434,0.204819277108434,0.183812171763979,0.167579408543264,0.102564102564103,"league-shrunk"
"694410","LuJames Groover","sac_fly_scores",1,1,1,1,1,0.593270173146031,0.593270173146031,0.604568223891974,0.614677006138345,0.0277777777777778,"league-shrunk"
"694410","LuJames Groover","second_to_third_on_out",2,2,1,0.5,0.5,0.477532255672549,0.477532255672549,0.478746728338898,0.479779030105294,0.0540540540540541,"league-shrunk"
"694410","LuJames Groover","single_first_to_third",1,1,0,0,0,0.344619833714905,0.344619833714905,0.335047060556158,0.32648194772991,0.0277777777777778,"league-shrunk"
"694410","LuJames Groover","single_second_scores",2,2,2,1,1,0.617619711761971,0.617619711761971,0.638288916531594,0.655857740585774,0.0540540540540541,"league-shrunk"
"694410","LuJames Groover","steal_second",7,0,0,0,,0.0647077913972589,0.881944444444444,0.0539231594977157,0.881944444444444,0.166666666666667,"league-shrunk"
"694410","LuJames Groover","steal_third",6,0,0,0,,0.0135036339397067,0.853503184713376,0.0115274923875545,0.853503184713376,0.146341463414634,"league-shrunk"
"694497","Evan Carter","double_first_scores",6,6,4,0.666666666666667,0.666666666666667,0.41339590443686,0.41339590443686,0.45045991842171,0.476713594994312,0.146341463414634,"league-shrunk"
"694497","Evan Carter","first_to_second_on_out",20,20,6,0.3,0.3,0.249688314632211,0.249688314632211,0.267983472947771,0.276168149036311,0.363636363636364,"league-shrunk"
"694497","Evan Carter","ground_ball_double_play",33,33,5,0.151515151515152,0.151515151515152,0.204819277108434,0.204819277108434,0.178951098511694,0.170328372312781,0.485294117647059,"player signal"
"694497","Evan Carter","sac_fly_scores",7,7,7,1,1,0.593270173146031,0.593270173146031,0.661058477621692,0.707154524665142,0.166666666666667,"league-shrunk"
"694497","Evan Carter","second_to_third_on_out",10,10,6,0.6,0.6,0.477532255672549,0.477532255672549,0.504747309967538,0.521270735789496,0.222222222222222,"league-shrunk"
"694497","Evan Carter","single_first_to_third",27,27,12,0.444444444444444,0.444444444444444,0.344619833714905,0.344619833714905,0.388091841613253,0.404514600152629,0.435483870967742,"player signal"
"694497","Evan Carter","single_second_scores",12,12,7,0.583333333333333,0.583333333333333,0.617619711761971,0.617619711761971,0.608865742801468,0.603905160390516,0.25531914893617,"league-shrunk"
"694497","Evan Carter","steal_second",99,14,13,0.141414141414141,0.928571428571429,0.0647077913972589,0.881944444444444,0.12137890073809,0.90234375,0.738805970149254,"player signal"
"694497","Evan Carter","steal_third",61,2,2,0.0327868852459016,1,0.0135036339397067,0.853503184713376,0.0257565332071847,0.868152866242038,0.635416666666667,"player signal"
"694514","Sterlin Thompson","first_to_second_on_out",5,5,0,0,0,0.249688314632211,0.249688314632211,0.218477275303185,0.195408246233904,0.125,"league-shrunk"
"694514","Sterlin Thompson","ground_ball_double_play",8,8,2,0.25,0.25,0.204819277108434,0.204819277108434,0.213224992995237,0.218721037998146,0.186046511627907,"league-shrunk"
"694514","Sterlin Thompson","second_to_third_on_out",2,2,0,0,0,0.477532255672549,0.477532255672549,0.451719701311871,0.429779030105294,0.0540540540540541,"league-shrunk"
"694514","Sterlin Thompson","single_first_to_third",3,3,0,0,0,0.344619833714905,0.344619833714905,0.317413004737413,0.29538842889849,0.0789473684210526,"league-shrunk"
"694514","Sterlin Thompson","single_second_scores",5,5,2,0.4,0.4,0.617619711761971,0.617619711761971,0.590417247791725,0.570311078770238,0.125,"league-shrunk"
"694514","Sterlin Thompson","steal_second",21,0,0,0,,0.0647077913972589,0.881944444444444,0.0404423696232868,0.881944444444444,0.375,"league-shrunk"
"694514","Sterlin Thompson","steal_third",10,0,0,0,,0.0135036339397067,0.853503184713376,0.0105028263975497,0.853503184713376,0.222222222222222,"league-shrunk"
"694671","Wyatt Langford","double_first_scores",4,4,0,0,0,0.41339590443686,0.41339590443686,0.370996324494618,0.338233012721067,0.102564102564103,"league-shrunk"
"694671","Wyatt Langford","first_to_second_on_out",24,24,10,0.416666666666667,0.416666666666667,0.249688314632211,0.249688314632211,0.317611712069956,0.345104515794757,0.406779661016949,"league-shrunk"
"694671","Wyatt Langford","ground_ball_double_play",39,39,8,0.205128205128205,0.205128205128205,0.204819277108434,0.204819277108434,0.204982090524259,0.205030648911435,0.527027027027027,"player signal"
"694671","Wyatt Langford","sac_fly_scores",7,7,6,0.857142857142857,0.857142857142857,0.593270173146031,0.593270173146031,0.637248953812169,0.667154524665142,0.166666666666667,"league-shrunk"
"694671","Wyatt Langford","second_to_third_on_out",12,12,9,0.75,0.75,0.477532255672549,0.477532255672549,0.547098488266792,0.58651935340353,0.25531914893617,"league-shrunk"
"694671","Wyatt Langford","single_first_to_third",20,20,6,0.3,0.3,0.344619833714905,0.344619833714905,0.328394439636758,0.32113571070706,0.363636363636364,"league-shrunk"
"694671","Wyatt Langford","single_second_scores",14,14,7,0.5,0.5,0.617619711761971,0.617619711761971,0.584014079829979,0.566161087866109,0.285714285714286,"league-shrunk"
"694671","Wyatt Langford","steal_second",101,13,13,0.128712871287129,1,0.0647077913972589,0.881944444444444,0.112240975727236,0.931451612903226,0.742647058823529,"player signal"
"694671","Wyatt Langford","steal_third",50,1,0,0.02,0,0.0135036339397067,0.853503184713376,0.0173250257398792,0.808581964465303,0.588235294117647,"player signal"
"694673","Abimelec Ortiz","double_first_scores",3,3,2,0.666666666666667,0.666666666666667,0.41339590443686,0.41339590443686,0.433390964612897,0.449577441898261,0.0789473684210526,"league-shrunk"
"694673","Abimelec Ortiz","first_to_second_on_out",7,7,2,0.285714285714286,0.285714285714286,0.249688314632211,0.249688314632211,0.25569264314589,0.259775586535192,0.166666666666667,"league-shrunk"
"694673","Abimelec Ortiz","ground_ball_double_play",7,7,0,0,0,0.204819277108434,0.204819277108434,0.170682730923695,0.147469879518072,0.166666666666667,"league-shrunk"
"694673","Abimelec Ortiz","sac_fly_scores",1,1,1,1,1,0.593270173146031,0.593270173146031,0.604568223891974,0.614677006138345,0.0277777777777778,"league-shrunk"
"694673","Abimelec Ortiz","second_to_third_on_out",4,4,2,0.5,0.5,0.477532255672549,0.477532255672549,0.479836639706134,0.481617300095722,0.102564102564103,"league-shrunk"
"694673","Abimelec Ortiz","single_first_to_third",6,6,3,0.5,0.5,0.344619833714905,0.344619833714905,0.367358394634675,0.383464875286179,0.146341463414634,"league-shrunk"
"694673","Abimelec Ortiz","single_second_scores",3,3,2,0.666666666666667,0.666666666666667,0.617619711761971,0.617619711761971,0.621491839780763,0.624626419605499,0.0789473684210526,"league-shrunk"
"694673","Abimelec Ortiz","steal_second",27,0,0,0,,0.0647077913972589,0.881944444444444,0.0365285919178074,0.881944444444444,0.435483870967742,"player signal"
"694673","Abimelec Ortiz","steal_third",18,0,0,0,,0.0135036339397067,0.853503184713376,0.00891749411112707,0.853503184713376,0.339622641509434,"league-shrunk"
"694728","Brice Matthews","first_to_second_on_out",7,7,1,0.142857142857143,0.142857142857143,0.249688314632211,0.249688314632211,0.231883119336367,0.219775586535192,0.166666666666667,"league-shrunk"
"694728","Brice Matthews","ground_ball_double_play",12,12,4,0.333333333333333,0.333333333333333,0.204819277108434,0.204819277108434,0.23763137657011,0.256224899598394,0.25531914893617,"league-shrunk"
"694728","Brice Matthews","sac_fly_scores",3,3,2,0.666666666666667,0.666666666666667,0.593270173146031,0.593270173146031,0.599064633160818,0.603755386506121,0.0789473684210526,"league-shrunk"
"694728","Brice Matthews","second_to_third_on_out",11,11,5,0.454545454545455,0.454545454545455,0.477532255672549,0.477532255672549,0.472035411924766,0.468813124210548,0.239130434782609,"league-shrunk"
"694728","Brice Matthews","single_first_to_third",12,12,4,0.333333333333333,0.333333333333333,0.344619833714905,0.344619833714905,0.341738174043015,0.340105233562277,0.25531914893617,"league-shrunk"
"694728","Brice Matthews","single_second_scores",6,6,4,0.666666666666667,0.666666666666667,0.617619711761971,0.617619711761971,0.624797314918756,0.629881450488145,0.146341463414634,"league-shrunk"
"694728","Brice Matthews","steal_second",47,4,3,0.0851063829787234,0.75,0.0647077913972589,0.881944444444444,0.0763996670598056,0.857954545454545,0.573170731707317,"player signal"
"694728","Brice Matthews","steal_third",23,1,1,0.0434782608695652,1,0.0135036339397067,0.853503184713376,0.0253901239291334,0.861213543412672,0.396551724137931,"league-shrunk"
"694876","Cooper Ingle","double_first_scores",1,1,0,0,0,0.41339590443686,0.41339590443686,0.40191268486917,0.391638225255973,0.0277777777777778,"league-shrunk"
"694876","Cooper Ingle","sac_fly_scores",1,1,0,0,0,0.593270173146031,0.593270173146031,0.576790446114197,0.562045427190976,0.0277777777777778,"league-shrunk"
"694876","Cooper Ingle","second_to_third_on_out",1,1,1,1,1,0.477532255672549,0.477532255672549,0.492045248570534,0.505030558005573,0.0277777777777778,"league-shrunk"
"694876","Cooper Ingle","single_first_to_third",2,2,0,0,0,0.344619833714905,0.344619833714905,0.325991734595181,0.310157850343415,0.0540540540540541,"league-shrunk"
"694876","Cooper Ingle","steal_second",5,0,0,0,,0.0647077913972589,0.881944444444444,0.0566193174726015,0.881944444444444,0.125,"league-shrunk"
"694876","Cooper Ingle","steal_third",2,0,0,0,,0.0135036339397067,0.853503184713376,0.0127737077808036,0.853503184713376,0.0540540540540541,"league-shrunk"
"695020","Tanner Murray","first_to_second_on_out",5,5,1,0.2,0.2,0.249688314632211,0.249688314632211,0.243477275303185,0.23888650710347,0.125,"league-shrunk"
"695020","Tanner Murray","ground_ball_double_play",5,5,0,0,0,0.204819277108434,0.204819277108434,0.179216867469879,0.160293347302252,0.125,"league-shrunk"
"695020","Tanner Murray","single_first_to_third",3,3,1,0.333333333333333,0.333333333333333,0.344619833714905,0.344619833714905,0.343728794211097,0.343007476517538,0.0789473684210526,"league-shrunk"
"695020","Tanner Murray","single_second_scores",1,1,1,1,1,0.617619711761971,0.617619711761971,0.62824138643525,0.637744990090289,0.0277777777777778,"league-shrunk"
"695020","Tanner Murray","steal_second",10,0,0,0,,0.0647077913972589,0.881944444444444,0.050328282197868,0.881944444444444,0.222222222222222,"league-shrunk"
"695020","Tanner Murray","steal_third",2,0,0,0,,0.0135036339397067,0.853503184713376,0.0127737077808036,0.853503184713376,0.0540540540540541,"league-shrunk"
"695238","Will Wagner","double_first_scores",1,1,0,0,0,0.41339590443686,0.41339590443686,0.40191268486917,0.391638225255973,0.0277777777777778,"league-shrunk"
"695238","Will Wagner","ground_ball_double_play",2,2,1,0.5,0.5,0.204819277108434,0.204819277108434,0.220774991859329,0.23433734939759,0.0540540540540541,"league-shrunk"
"695238","Will Wagner","sac_fly_scores",1,1,1,1,1,0.593270173146031,0.593270173146031,0.604568223891974,0.614677006138345,0.0277777777777778,"league-shrunk"
"695238","Will Wagner","second_to_third_on_out",2,2,2,1,1,0.477532255672549,0.477532255672549,0.505773755365925,0.529779030105294,0.0540540540540541,"league-shrunk"
"695238","Will Wagner","single_first_to_third",2,2,0,0,0,0.344619833714905,0.344619833714905,0.325991734595181,0.310157850343415,0.0540540540540541,"league-shrunk"
"695238","Will Wagner","single_second_scores",2,2,2,1,1,0.617619711761971,0.617619711761971,0.638288916531594,0.655857740585774,0.0540540540540541,"league-shrunk"
"695238","Will Wagner","steal_second",18,0,0,0,,0.0647077913972589,0.881944444444444,0.0427315603566804,0.881944444444444,0.339622641509434,"league-shrunk"
"695238","Will Wagner","steal_third",6,0,0,0,,0.0135036339397067,0.853503184713376,0.0115274923875545,0.853503184713376,0.146341463414634,"league-shrunk"
"695257","Billy Cook","first_to_second_on_out",3,3,2,0.666666666666667,0.666666666666667,0.249688314632211,0.249688314632211,0.282607658213879,0.309256650637133,0.0789473684210526,"league-shrunk"
"695257","Billy Cook","ground_ball_double_play",7,7,3,0.428571428571429,0.428571428571429,0.204819277108434,0.204819277108434,0.242111302352266,0.267469879518072,0.166666666666667,"league-shrunk"
"695257","Billy Cook","sac_fly_scores",2,2,0,0,0,0.593270173146031,0.593270173146031,0.561201515138137,0.533943155831428,0.0540540540540541,"league-shrunk"
"695257","Billy Cook","second_to_third_on_out",4,4,2,0.5,0.5,0.477532255672549,0.477532255672549,0.479836639706134,0.481617300095722,0.102564102564103,"league-shrunk"
"695257","Billy Cook","single_first_to_third",4,4,2,0.5,0.5,0.344619833714905,0.344619833714905,0.360556261026197,0.372870773039468,0.102564102564103,"league-shrunk"
"695257","Billy Cook","single_second_scores",5,5,3,0.6,0.6,0.617619711761971,0.617619711761971,0.615417247791725,0.613789339639804,0.125,"league-shrunk"
"695257","Billy Cook","steal_second",12,4,4,0.333333333333333,1,0.0647077913972589,0.881944444444444,0.133293036146895,0.903409090909091,0.25531914893617,"league-shrunk"
"695257","Billy Cook","steal_third",18,0,0,0,,0.0135036339397067,0.853503184713376,0.00891749411112707,0.853503184713376,0.339622641509434,"league-shrunk"
"695336","Thomas Saggese","double_first_scores",5,5,4,0.8,0.8,0.41339590443686,0.41339590443686,0.461721416382253,0.497440273037543,0.125,"league-shrunk"
"695336","Thomas Saggese","first_to_second_on_out",10,10,4,0.4,0.4,0.249688314632211,0.249688314632211,0.283090911380609,0.303371059406422,0.222222222222222,"league-shrunk"
"695336","Thomas Saggese","ground_ball_double_play",17,17,2,0.117647058823529,0.117647058823529,0.204819277108434,0.204819277108434,0.176320667284523,0.162478485370052,0.326923076923077,"league-shrunk"
"695336","Thomas Saggese","sac_fly_scores",5,5,3,0.6,0.6,0.593270173146031,0.593270173146031,0.594111401502777,0.59473317898385,0.125,"league-shrunk"
"695336","Thomas Saggese","second_to_third_on_out",8,8,4,0.5,0.5,0.477532255672549,0.477532255672549,0.481712301128819,0.484445407773303,0.186046511627907,"league-shrunk"
"695336","Thomas Saggese","single_first_to_third",6,6,2,0.333333333333333,0.333333333333333,0.344619833714905,0.344619833714905,0.342968150732236,0.341798208619512,0.146341463414634,"league-shrunk"
"695336","Thomas Saggese","single_second_scores",4,4,3,0.75,0.75,0.617619711761971,0.617619711761971,0.631197177222282,0.641688855077976,0.102564102564103,"league-shrunk"
"695336","Thomas Saggese","steal_second",35,4,3,0.114285714285714,0.75,0.0647077913972589,0.881944444444444,0.0894967528414866,0.857954545454545,0.5,"player signal"
"695336","Thomas Saggese","steal_third",22,0,0,0,,0.0135036339397067,0.853503184713376,0.0082917050506971,0.853503184713376,0.385964912280702,"league-shrunk"
"695391","Brett Harris","first_to_second_on_out",1,1,1,1,1,0.249688314632211,0.249688314632211,0.270530305892428,0.289178403335779,0.0277777777777778,"league-shrunk"
"695391","Brett Harris","ground_ball_double_play",1,1,0,0,0,0.204819277108434,0.204819277108434,0.199129852744311,0.194039315155358,0.0277777777777778,"league-shrunk"
"695391","Brett Harris","sac_fly_scores",1,1,0,0,0,0.593270173146031,0.593270173146031,0.576790446114197,0.562045427190976,0.0277777777777778,"league-shrunk"
"695391","Brett Harris","second_to_third_on_out",2,2,1,0.5,0.5,0.477532255672549,0.477532255672549,0.478746728338898,0.479779030105294,0.0540540540540541,"league-shrunk"
"695391","Brett Harris","single_first_to_third",2,2,1,0.5,0.5,0.344619833714905,0.344619833714905,0.353018761622208,0.360157850343415,0.0540540540540541,"league-shrunk"
"695391","Brett Harris","single_second_scores",1,1,1,1,1,0.617619711761971,0.617619711761971,0.62824138643525,0.637744990090289,0.0277777777777778,"league-shrunk"
"695391","Brett Harris","steal_second",3,0,0,0,,0.0647077913972589,0.881944444444444,0.0595992815501069,0.881944444444444,0.0789473684210526,"league-shrunk"
"695391","Brett Harris","steal_third",3,0,0,0,,0.0135036339397067,0.853503184713376,0.0124375575760456,0.853503184713376,0.0789473684210526,"league-shrunk"
"695490","Edwin Arroyo","double_first_scores",1,1,1,1,1,0.41339590443686,0.41339590443686,0.429690462646947,0.444269804203341,0.0277777777777778,"league-shrunk"
"695490","Edwin Arroyo","first_to_second_on_out",9,9,3,0.333333333333333,0.333333333333333,0.249688314632211,0.249688314632211,0.266797523002895,0.277569987532585,0.204545454545455,"league-shrunk"
"695490","Edwin Arroyo","ground_ball_double_play",16,16,4,0.25,0.25,0.204819277108434,0.204819277108434,0.218993621545004,0.226080793763288,0.313725490196078,"league-shrunk"
"695490","Edwin Arroyo","sac_fly_scores",2,2,1,0.5,0.5,0.593270173146031,0.593270173146031,0.588228542165164,0.583943155831428,0.0540540540540541,"league-shrunk"
"695490","Edwin Arroyo","second_to_third_on_out",8,8,5,0.625,0.625,0.477532255672549,0.477532255672549,0.504968115082308,0.522906946234842,0.186046511627907,"league-shrunk"
"695490","Edwin Arroyo","single_first_to_third",10,10,2,0.2,0.2,0.344619833714905,0.344619833714905,0.312482092889371,0.292969893102439,0.222222222222222,"league-shrunk"
"695490","Edwin Arroyo","single_second_scores",4,4,2,0.5,0.5,0.617619711761971,0.617619711761971,0.605556151581256,0.596234309623431,0.102564102564103,"league-shrunk"
"695490","Edwin Arroyo","steal_second",39,2,1,0.0512820512820513,0.5,0.0647077913972589,0.881944444444444,0.0576320634987035,0.84375,0.527027027027027,"player signal"
"695490","Edwin Arroyo","steal_third",25,0,0,0,,0.0135036339397067,0.853503184713376,0.00787711979816224,0.853503184713376,0.416666666666667,"player signal"
"695491","Joshua Báez","double_first_scores",1,1,0,0,0,0.41339590443686,0.41339590443686,0.40191268486917,0.391638225255973,0.0277777777777778,"league-shrunk"
"695491","Joshua Báez","first_to_second_on_out",2,2,1,0.5,0.5,0.249688314632211,0.249688314632211,0.263218676003443,0.27471948316899,0.0540540540540541,"league-shrunk"
"695491","Joshua Báez","ground_ball_double_play",4,4,2,0.5,0.5,0.204819277108434,0.204819277108434,0.23509422304603,0.258488499452355,0.102564102564103,"league-shrunk"
"695491","Joshua Báez","sac_fly_scores",6,6,4,0.666666666666667,0.666666666666667,0.593270173146031,0.593270173146031,0.604011123417343,0.61161929652619,0.146341463414634,"league-shrunk"
"695491","Joshua Báez","second_to_third_on_out",4,4,2,0.5,0.5,0.477532255672549,0.477532255672549,0.479836639706134,0.481617300095722,0.102564102564103,"league-shrunk"
"695491","Joshua Báez","single_first_to_third",5,5,1,0.2,0.2,0.344619833714905,0.344619833714905,0.326542354500542,0.313180739429056,0.125,"league-shrunk"
"695491","Joshua Báez","single_second_scores",3,3,3,1,1,0.617619711761971,0.617619711761971,0.647807629254447,0.672245467224547,0.0789473684210526,"league-shrunk"
"695491","Joshua Báez","steal_second",14,2,2,0.142857142857143,1,0.0647077913972589,0.881944444444444,0.0870361775286543,0.89375,0.285714285714286,"league-shrunk"
"695491","Joshua Báez","steal_third",16,0,0,0,,0.0135036339397067,0.853503184713376,0.00926719976254382,0.853503184713376,0.313725490196078,"league-shrunk"
"695506","Jac Caglianone","double_first_scores",7,7,5,0.714285714285714,0.714285714285714,0.41339590443686,0.41339590443686,0.463544206078336,0.497645051194539,0.166666666666667,"league-shrunk"
"695506","Jac Caglianone","first_to_second_on_out",23,23,5,0.217391304347826,0.217391304347826,0.249688314632211,0.249688314632211,0.236880879519438,0.231570479594629,0.396551724137931,"league-shrunk"
"695506","Jac Caglianone","ground_ball_double_play",37,37,9,0.243243243243243,0.243243243243243,0.204819277108434,0.204819277108434,0.224564926372155,0.230668127053669,0.513888888888889,"player signal"
"695506","Jac Caglianone","sac_fly_scores",12,12,3,0.25,0.25,0.593270173146031,0.593270173146031,0.505626724683214,0.455962103887618,0.25531914893617,"league-shrunk"
"695506","Jac Caglianone","second_to_third_on_out",15,15,7,0.466666666666667,0.466666666666667,0.477532255672549,0.477532255672549,0.474272578970785,0.472593351578966,0.3,"league-shrunk"
"695506","Jac Caglianone","single_first_to_third",21,21,8,0.380952380952381,0.380952380952381,0.344619833714905,0.344619833714905,0.358244538928959,0.364183512996623,0.375,"league-shrunk"
"695506","Jac Caglianone","single_second_scores",17,17,13,0.764705882352941,0.764705882352941,0.617619711761971,0.617619711761971,0.665705575224404,0.689061566049014,0.326923076923077,"league-shrunk"
"695506","Jac Caglianone","steal_second",127,7,6,0.0551181102362205,0.857142857142857,0.0647077913972589,0.881944444444444,0.0571899549315065,0.875,0.783950617283951,"player signal"
"695506","Jac Caglianone","steal_third",66,0,0,0,,0.0135036339397067,0.853503184713376,0.00467947710781916,0.853503184713376,0.653465346534653,"player signal"
"695508","Cam Cauley","first_to_second_on_out",5,5,2,0.4,0.4,0.249688314632211,0.249688314632211,0.268477275303185,0.282364767973035,0.125,"league-shrunk"
"695508","Cam Cauley","ground_ball_double_play",8,8,1,0.125,0.125,0.204819277108434,0.204819277108434,0.189969179041748,0.180259499536608,0.186046511627907,"league-shrunk"
"695508","Cam Cauley","second_to_third_on_out",2,2,2,1,1,0.477532255672549,0.477532255672549,0.505773755365925,0.529779030105294,0.0540540540540541,"league-shrunk"
"695508","Cam Cauley","single_first_to_third",2,2,0,0,0,0.344619833714905,0.344619833714905,0.325991734595181,0.310157850343415,0.0540540540540541,"league-shrunk"
"695508","Cam Cauley","single_second_scores",1,1,1,1,1,0.617619711761971,0.617619711761971,0.62824138643525,0.637744990090289,0.0277777777777778,"league-shrunk"
"695508","Cam Cauley","steal_second",15,0,0,0,,0.0647077913972589,0.881944444444444,0.0452954539780812,0.881944444444444,0.3,"league-shrunk"
"695508","Cam Cauley","steal_third",13,0,0,0,,0.0135036339397067,0.853503184713376,0.0098463997477028,0.853503184713376,0.270833333333333,"league-shrunk"
"695578","James Wood","double_first_scores",14,14,4,0.285714285714286,0.285714285714286,0.41339590443686,0.41339590443686,0.376915441944696,0.357535196245734,0.285714285714286,"league-shrunk"
"695578","James Wood","first_to_second_on_out",47,47,7,0.148936170212766,0.148936170212766,0.249688314632211,0.249688314632211,0.191940134294237,0.176836764051997,0.573170731707317,"player signal"
"695578","James Wood","ground_ball_double_play",65,65,13,0.2,0.2,0.204819277108434,0.204819277108434,0.201686746987952,0.201045144433154,0.65,"player signal"
"695578","James Wood","sac_fly_scores",18,18,9,0.5,0.5,0.593270173146031,0.593270173146031,0.561593510568134,0.546635086573015,0.339622641509434,"league-shrunk"
"695578","James Wood","second_to_third_on_out",29,29,19,0.655172413793103,0.655172413793103,0.477532255672549,0.477532255672549,0.558025452320925,0.587140012810764,0.453125,"player signal"
"695578","James Wood","single_first_to_third",31,31,16,0.516129032258065,0.516129032258065,0.344619833714905,0.344619833714905,0.425177184545783,0.453125653201394,0.46969696969697,"player signal"
"695578","James Wood","single_second_scores",18,18,8,0.444444444444444,0.444444444444444,0.617619711761971,0.617619711761971,0.55880547003149,0.531032078103208,0.339622641509434,"league-shrunk"
"695578","James Wood","steal_second",171,17,16,0.0994152046783626,0.941176470588235,0.0647077913972589,0.881944444444444,0.0935183140723498,0.910714285714286,0.830097087378641,"player signal"
"695578","James Wood","steal_third",78,1,1,0.0128205128205128,1,0.0135036339397067,0.853503184713376,0.0130320990078738,0.861213543412672,0.690265486725664,"player signal"
"695600","Carter Jensen","double_first_scores",9,9,5,0.555555555555556,0.555555555555556,0.41339590443686,0.41339590443686,0.442474014892957,0.460782454809759,0.204545454545455,"league-shrunk"
"695600","Carter Jensen","first_to_second_on_out",37,37,6,0.162162162162162,0.162162162162162,0.249688314632211,0.249688314632211,0.204709597390658,0.190807084788724,0.513888888888889,"player signal"
"695600","Carter Jensen","ground_ball_double_play",53,53,5,0.0943396226415094,0.0943396226415094,0.204819277108434,0.204819277108434,0.138280394304491,0.122348549126082,0.602272727272727,"player signal"
"695600","Carter Jensen","sac_fly_scores",5,5,2,0.4,0.4,0.593270173146031,0.593270173146031,0.569111401502777,0.551254918114285,0.125,"league-shrunk"
"695600","Carter Jensen","second_to_third_on_out",21,21,14,0.666666666666667,0.666666666666667,0.477532255672549,0.477532255672549,0.548457659795343,0.579373861592459,0.375,"league-shrunk"
"695600","Carter Jensen","single_first_to_third",26,26,10,0.384615384615385,0.384615384615385,0.344619833714905,0.344619833714905,0.361667117705274,0.368253568337916,0.426229508196721,"player signal"
"695600","Carter Jensen","single_second_scores",12,12,10,0.833333333333333,0.833333333333333,0.617619711761971,0.617619711761971,0.67269553003551,0.703905160390516,0.25531914893617,"league-shrunk"
"695600","Carter Jensen","steal_second",129,1,0,0.00775193798449612,0,0.0647077913972589,0.881944444444444,0.0199071506030735,0.835526315789474,0.786585365853659,"player signal"
"695600","Carter Jensen","steal_third",72,1,1,0.0138888888888889,1,0.0135036339397067,0.853503184713376,0.0137628709148573,0.861213543412672,0.672897196261682,"player signal"
"695657","Colson Montgomery","double_first_scores",7,7,2,0.285714285714286,0.285714285714286,0.41339590443686,0.41339590443686,0.392115634649764,0.377645051194539,0.166666666666667,"league-shrunk"
"695657","Colson Montgomery","first_to_second_on_out",26,26,7,0.269230769230769,0.269230769230769,0.249688314632211,0.249688314632211,0.258017885444711,0.261236128713177,0.426229508196721,"player signal"
"695657","Colson Montgomery","ground_ball_double_play",47,47,9,0.191489361702128,0.191489361702128,0.204819277108434,0.204819277108434,0.197178959741405,0.195180722891566,0.573170731707317,"player signal"
"695657","Colson Montgomery","sac_fly_scores",5,5,4,0.8,0.8,0.593270173146031,0.593270173146031,0.619111401502777,0.638211439853415,0.125,"league-shrunk"
"695657","Colson Montgomery","second_to_third_on_out",24,24,14,0.583333333333333,0.583333333333333,0.477532255672549,0.477532255672549,0.520569982178631,0.537990014335854,0.406779661016949,"league-shrunk"
"695657","Colson Montgomery","single_first_to_third",21,21,7,0.333333333333333,0.333333333333333,0.344619833714905,0.344619833714905,0.340387396071816,0.338542487355597,0.375,"league-shrunk"
"695657","Colson Montgomery","single_second_scores",12,12,6,0.5,0.5,0.617619711761971,0.617619711761971,0.587589147056787,0.570571827057183,0.25531914893617,"league-shrunk"
"695657","Colson Montgomery","steal_second",116,1,0,0.00862068965517241,0,0.0647077913972589,0.881944444444444,0.0216210112510203,0.835526315789474,0.768211920529801,"player signal"
"695657","Colson Montgomery","steal_third",68,0,0,0,,0.0135036339397067,0.853503184713376,0.00458861347465762,0.853503184713376,0.660194174757282,"player signal"
"695670","Harry Ford","double_first_scores",2,2,0,0,0,0.41339590443686,0.41339590443686,0.391050179872706,0.372056313993174,0.0540540540540541,"league-shrunk"
"695670","Harry Ford","first_to_second_on_out",4,4,2,0.5,0.5,0.249688314632211,0.249688314632211,0.275361308003267,0.295199530153627,0.102564102564103,"league-shrunk"
"695670","Harry Ford","ground_ball_double_play",6,6,0,0,0,0.204819277108434,0.204819277108434,0.174845724360858,0.153614457831325,0.146341463414634,"league-shrunk"
"695670","Harry Ford","sac_fly_scores",1,1,1,1,1,0.593270173146031,0.593270173146031,0.604568223891974,0.614677006138345,0.0277777777777778,"league-shrunk"
"695670","Harry Ford","second_to_third_on_out",4,4,1,0.25,0.25,0.477532255672549,0.477532255672549,0.454195614065108,0.436162754641177,0.102564102564103,"league-shrunk"
"695670","Harry Ford","single_first_to_third",3,3,0,0,0,0.344619833714905,0.344619833714905,0.317413004737413,0.29538842889849,0.0789473684210526,"league-shrunk"
"695670","Harry Ford","single_second_scores",6,6,4,0.666666666666667,0.666666666666667,0.617619711761971,0.617619711761971,0.624797314918756,0.629881450488145,0.146341463414634,"league-shrunk"
"695670","Harry Ford","steal_second",19,3,3,0.157894736842105,1,0.0647077913972589,0.881944444444444,0.0974957907204456,0.898809523809524,0.351851851851852,"league-shrunk"
"695670","Harry Ford","steal_third",20,0,0,0,,0.0135036339397067,0.853503184713376,0.00859322159799518,0.853503184713376,0.363636363636364,"league-shrunk"
"695681","Christian Moore","first_to_second_on_out",4,4,1,0.25,0.25,0.249688314632211,0.249688314632211,0.249720282362241,0.249744984699082,0.102564102564103,"league-shrunk"
"695681","Christian Moore","ground_ball_double_play",8,8,2,0.25,0.25,0.204819277108434,0.204819277108434,0.213224992995237,0.218721037998146,0.186046511627907,"league-shrunk"
"695681","Christian Moore","sac_fly_scores",1,1,0,0,0,0.593270173146031,0.593270173146031,0.576790446114197,0.562045427190976,0.0277777777777778,"league-shrunk"
"695681","Christian Moore","second_to_third_on_out",2,2,1,0.5,0.5,0.477532255672549,0.477532255672549,0.478746728338898,0.479779030105294,0.0540540540540541,"league-shrunk"
"695681","Christian Moore","single_second_scores",1,1,1,1,1,0.617619711761971,0.617619711761971,0.62824138643525,0.637744990090289,0.0277777777777778,"league-shrunk"
"695681","Christian Moore","steal_second",21,2,1,0.0952380952380952,0.5,0.0647077913972589,0.881944444444444,0.0761566553375725,0.84375,0.375,"league-shrunk"
"695681","Christian Moore","steal_third",11,1,0,0.0909090909090909,0,0.0135036339397067,0.853503184713376,0.0320136345193421,0.808581964465303,0.239130434782609,"league-shrunk"
"695720","Tommy White","double_first_scores",3,3,1,0.333333333333333,0.333333333333333,0.41339590443686,0.41339590443686,0.407075175139213,0.401958394279213,0.0789473684210526,"league-shrunk"
"695720","Tommy White","first_to_second_on_out",6,6,2,0.333333333333333,0.333333333333333,0.249688314632211,0.249688314632211,0.261929049076278,0.270599569307492,0.146341463414634,"league-shrunk"
"695720","Tommy White","ground_ball_double_play",13,13,4,0.307692307692308,0.307692307692308,0.204819277108434,0.204819277108434,0.232680722891566,0.24795958025651,0.270833333333333,"league-shrunk"
"695720","Tommy White","sac_fly_scores",6,6,4,0.666666666666667,0.666666666666667,0.593270173146031,0.593270173146031,0.604011123417343,0.61161929652619,0.146341463414634,"league-shrunk"
"695720","Tommy White","second_to_third_on_out",6,6,5,0.833333333333333,0.833333333333333,0.477532255672549,0.477532255672549,0.529600706061932,0.566482525087745,0.146341463414634,"league-shrunk"
"695720","Tommy White","single_first_to_third",9,9,5,0.555555555555556,0.555555555555556,0.344619833714905,0.344619833714905,0.387765776818675,0.414931740995122,0.204545454545455,"league-shrunk"
"695720","Tommy White","single_second_scores",4,4,3,0.75,0.75,0.617619711761971,0.617619711761971,0.631197177222282,0.641688855077976,0.102564102564103,"league-shrunk"
"695720","Tommy White","steal_second",34,1,0,0.0294117647058824,0,0.0647077913972589,0.881944444444444,0.0473155463609284,0.835526315789474,0.492753623188406,"player signal"
"695720","Tommy White","steal_third",16,0,0,0,,0.0135036339397067,0.853503184713376,0.00926719976254382,0.853503184713376,0.313725490196078,"league-shrunk"
"695731","Braden Montgomery","double_first_scores",3,3,0,0,0,0.41339590443686,0.41339590443686,0.380759385665529,0.354339346660166,0.0789473684210526,"league-shrunk"
"695731","Braden Montgomery","first_to_second_on_out",20,20,5,0.25,0.25,0.249688314632211,0.249688314632211,0.249801654765953,0.249852359562626,0.363636363636364,"league-shrunk"
"695731","Braden Montgomery","ground_ball_double_play",29,29,3,0.103448275862069,0.103448275862069,0.204819277108434,0.204819277108434,0.158885542168675,0.142271212509613,0.453125,"player signal"
"695731","Braden Montgomery","sac_fly_scores",4,4,2,0.5,0.5,0.593270173146031,0.593270173146031,0.58370400154131,0.576311959846752,0.102564102564103,"league-shrunk"
"695731","Braden Montgomery","second_to_third_on_out",12,12,6,0.5,0.5,0.477532255672549,0.477532255672549,0.48326870103275,0.48651935340353,0.25531914893617,"league-shrunk"
"695731","Braden Montgomery","single_first_to_third",19,19,9,0.473684210526316,0.473684210526316,0.344619833714905,0.344619833714905,0.390031373704105,0.410896135320765,0.351851851851852,"league-shrunk"
"695731","Braden Montgomery","single_second_scores",7,7,4,0.571428571428571,0.571428571428571,0.617619711761971,0.617619711761971,0.609921188373071,0.604686192468619,0.166666666666667,"league-shrunk"
"695731","Braden Montgomery","steal_second",79,1,1,0.0126582278481013,1,0.0647077913972589,0.881944444444444,0.0286383570079304,0.888157894736842,0.692982456140351,"player signal"
"695731","Braden Montgomery","steal_third",39,0,0,0,,0.0135036339397067,0.853503184713376,0.00638685389040182,0.853503184713376,0.527027027027027,"player signal"
"695734","Daylen Lile","double_first_scores",9,9,4,0.444444444444444,0.444444444444444,0.41339590443686,0.41339590443686,0.419746742165684,0.423745417772722,0.204545454545455,"league-shrunk"
"695734","Daylen Lile","first_to_second_on_out",37,37,12,0.324324324324324,0.324324324324324,0.249688314632211,0.249688314632211,0.288042930723992,0.299897993879633,0.513888888888889,"player signal"
"695734","Daylen Lile","ground_ball_double_play",54,54,7,0.12962962962963,0.12962962962963,0.204819277108434,0.204819277108434,0.159198592121294,0.148427041499331,0.606741573033708,"player signal"
"695734","Daylen Lile","sac_fly_scores",11,11,8,0.727272727272727,0.727272727272727,0.593270173146031,0.593270173146031,0.625314262176328,0.644098728159605,0.239130434782609,"league-shrunk"
"695734","Daylen Lile","second_to_third_on_out",28,28,15,0.535714285714286,0.535714285714286,0.477532255672549,0.477532255672549,0.503390935691099,0.512947404393606,0.444444444444444,"player signal"
"695734","Daylen Lile","single_first_to_third",28,28,11,0.392857142857143,0.392857142857143,0.344619833714905,0.344619833714905,0.366058637778122,0.373981674062354,0.444444444444444,"player signal"
"695734","Daylen Lile","single_second_scores",17,17,14,0.823529411764706,0.823529411764706,0.617619711761971,0.617619711761971,0.684936344455173,0.717632994620442,0.326923076923077,"league-shrunk"
"695734","Daylen Lile","steal_second",144,15,12,0.104166666666667,0.8,0.0647077913972589,0.881944444444444,0.0964512441279557,0.84469696969697,0.804469273743017,"player signal"
"695734","Daylen Lile","steal_third",84,1,1,0.0119047619047619,1,0.0135036339397067,0.853503184713376,0.012375018385628,0.861213543412672,0.705882352941177,"player signal"
"696030","Alejandro Osuna","double_first_scores",6,6,4,0.666666666666667,0.666666666666667,0.41339590443686,0.41339590443686,0.45045991842171,0.476713594994312,0.146341463414634,"league-shrunk"
"696030","Alejandro Osuna","first_to_second_on_out",18,18,8,0.444444444444444,0.444444444444444,0.249688314632211,0.249688314632211,0.315831905889196,0.347066379538328,0.339622641509434,"league-shrunk"
"696030","Alejandro Osuna","ground_ball_double_play",26,26,4,0.153846153846154,0.153846153846154,0.204819277108434,0.204819277108434,0.183093027849101,0.174698795180723,0.426229508196721,"player signal"
"696030","Alejandro Osuna","sac_fly_scores",4,4,3,0.75,0.75,0.593270173146031,0.593270173146031,0.609345027182335,0.621766505301298,0.102564102564103,"league-shrunk"
"696030","Alejandro Osuna","second_to_third_on_out",5,5,3,0.6,0.6,0.477532255672549,0.477532255672549,0.492840723713481,0.50415567835243,0.125,"league-shrunk"
"696030","Alejandro Osuna","single_first_to_third",16,16,6,0.375,0.375,0.344619833714905,0.344619833714905,0.354150866274935,0.35891638255495,0.313725490196078,"league-shrunk"
"696030","Alejandro Osuna","single_second_scores",7,7,3,0.428571428571429,0.428571428571429,0.617619711761971,0.617619711761971,0.586111664563547,0.564686192468619,0.166666666666667,"league-shrunk"
"696030","Alejandro Osuna","steal_second",68,5,4,0.0735294117647059,0.8,0.0647077913972589,0.881944444444444,0.0705317737757676,0.864130434782609,0.660194174757282,"player signal"
"696030","Alejandro Osuna","steal_third",30,1,1,0.0333333333333333,1,0.0135036339397067,0.853503184713376,0.0226558028906113,0.861213543412672,0.461538461538462,"player signal"
"696100","Hunter Goodman","double_first_scores",6,6,1,0.166666666666667,0.166666666666667,0.41339590443686,0.41339590443686,0.377289186714393,0.351713594994312,0.146341463414634,"league-shrunk"
"696100","Hunter Goodman","first_to_second_on_out",28,28,3,0.107142857142857,0.107142857142857,0.249688314632211,0.249688314632211,0.186334777970276,0.1629215144213,0.444444444444444,"player signal"
"696100","Hunter Goodman","ground_ball_double_play",39,39,3,0.0769230769230769,0.0769230769230769,0.204819277108434,0.204819277108434,0.137414522956692,0.117311350665821,0.527027027027027,"player signal"
"696100","Hunter Goodman","sac_fly_scores",3,3,3,1,1,0.593270173146031,0.593270173146031,0.625380422634502,0.651374434125169,0.0789473684210526,"league-shrunk"
"696100","Hunter Goodman","second_to_third_on_out",21,21,9,0.428571428571429,0.428571428571429,0.477532255672549,0.477532255672549,0.459171945509629,0.45116873338733,0.375,"league-shrunk"
"696100","Hunter Goodman","single_first_to_third",28,28,7,0.25,0.25,0.344619833714905,0.344619833714905,0.302566574286059,0.287025152323224,0.444444444444444,"player signal"
"696100","Hunter Goodman","single_second_scores",12,12,6,0.5,0.5,0.617619711761971,0.617619711761971,0.587589147056787,0.570571827057183,0.25531914893617,"league-shrunk"
"696100","Hunter Goodman","steal_second",114,6,5,0.0526315789473684,0.833333333333333,0.0647077913972589,0.881944444444444,0.0554682731470071,0.869791666666667,0.76510067114094,"player signal"
"696100","Hunter Goodman","steal_third",67,0,0,0,,0.0135036339397067,0.853503184713376,0.00463359988127191,0.853503184713376,0.656862745098039,"player signal"
"696135","Kahlil Watson","first_to_second_on_out",1,1,0,0,0,0.249688314632211,0.249688314632211,0.24275252811465,0.236546824388411,0.0277777777777778,"league-shrunk"
"696135","Kahlil Watson","ground_ball_double_play",6,6,3,0.5,0.5,0.204819277108434,0.204819277108434,0.248016456068175,0.278614457831325,0.146341463414634,"league-shrunk"
"696135","Kahlil Watson","sac_fly_scores",2,2,1,0.5,0.5,0.593270173146031,0.593270173146031,0.588228542165164,0.583943155831428,0.0540540540540541,"league-shrunk"
"696135","Kahlil Watson","single_second_scores",4,4,2,0.5,0.5,0.617619711761971,0.617619711761971,0.605556151581256,0.596234309623431,0.102564102564103,"league-shrunk"
"696135","Kahlil Watson","steal_second",12,6,6,0.5,1,0.0647077913972589,0.881944444444444,0.175846227636257,0.911458333333333,0.25531914893617,"league-shrunk"
"696135","Kahlil Watson","steal_third",8,1,1,0.125,1,0.0135036339397067,0.853503184713376,0.0342471439044124,0.861213543412672,0.186046511627907,"league-shrunk"
"696285","Jacob Young","double_first_scores",9,9,7,0.777777777777778,0.777777777777778,0.41339590443686,0.41339590443686,0.487928560347502,0.534856528883833,0.204545454545455,"league-shrunk"
"696285","Jacob Young","first_to_second_on_out",15,15,4,0.266666666666667,0.266666666666667,0.249688314632211,0.249688314632211,0.254781820242548,0.257405747375146,0.3,"league-shrunk"
"696285","Jacob Young","ground_ball_double_play",31,31,6,0.193548387096774,0.193548387096774,0.204819277108434,0.204819277108434,0.199525374224169,0.197688714039833,0.46969696969697,"player signal"
"696285","Jacob Young","sac_fly_scores",10,10,5,0.5,0.5,0.593270173146031,0.593270173146031,0.572543468002468,0.559959397022448,0.222222222222222,"league-shrunk"
"696285","Jacob Young","second_to_third_on_out",13,13,7,0.538461538461538,0.538461538461538,0.477532255672549,0.477532255672549,0.494033936427901,0.503083245229222,0.270833333333333,"league-shrunk"
"696285","Jacob Young","single_first_to_third",17,17,9,0.529411764705882,0.529411764705882,0.344619833714905,0.344619833714905,0.405032580385032,0.434375914481951,0.326923076923077,"league-shrunk"
"696285","Jacob Young","single_second_scores",11,11,7,0.636363636363636,0.636363636363636,0.617619711761971,0.617619711761971,0.6221019546015,0.624729476266051,0.239130434782609,"league-shrunk"
"696285","Jacob Young","steal_second",92,14,13,0.152173913043478,0.928571428571429,0.0647077913972589,0.881944444444444,0.128069076369323,0.90234375,0.724409448818898,"player signal"
"696285","Jacob Young","steal_third",48,2,2,0.0416666666666667,1,0.0135036339397067,0.853503184713376,0.0297906890107197,0.868152866242038,0.578313253012048,"player signal"
"699013","Esmerlyn Valdez","double_first_scores",1,1,1,1,1,0.41339590443686,0.41339590443686,0.429690462646947,0.444269804203341,0.0277777777777778,"league-shrunk"
"699013","Esmerlyn Valdez","first_to_second_on_out",10,10,2,0.2,0.2,0.249688314632211,0.249688314632211,0.238646466936164,0.23194248797785,0.222222222222222,"league-shrunk"
"699013","Esmerlyn Valdez","ground_ball_double_play",25,25,10,0.4,0.4,0.204819277108434,0.204819277108434,0.286144578313253,0.318296441580275,0.416666666666667,"player signal"
"699013","Esmerlyn Valdez","sac_fly_scores",1,1,0,0,0,0.593270173146031,0.593270173146031,0.576790446114197,0.562045427190976,0.0277777777777778,"league-shrunk"
"699013","Esmerlyn Valdez","second_to_third_on_out",9,9,6,0.666666666666667,0.666666666666667,0.477532255672549,0.477532255672549,0.516218839739528,0.540577059337255,0.204545454545455,"league-shrunk"
"699013","Esmerlyn Valdez","single_first_to_third",9,9,2,0.222222222222222,0.222222222222222,0.344619833714905,0.344619833714905,0.319583958636857,0.303820629884011,0.204545454545455,"league-shrunk"
"699013","Esmerlyn Valdez","single_second_scores",7,7,4,0.571428571428571,0.571428571428571,0.617619711761971,0.617619711761971,0.609921188373071,0.604686192468619,0.166666666666667,"league-shrunk"
"699013","Esmerlyn Valdez","steal_second",49,0,0,0,,0.0647077913972589,0.881944444444444,0.0269615797488579,0.881944444444444,0.583333333333333,"player signal"
"699013","Esmerlyn Valdez","steal_third",31,0,0,0,,0.0135036339397067,0.853503184713376,0.00716101799832931,0.853503184713376,0.46969696969697,"player signal"
"699024","Leo Bernal","first_to_second_on_out",5,5,0,0,0,0.249688314632211,0.249688314632211,0.218477275303185,0.195408246233904,0.125,"league-shrunk"
"699024","Leo Bernal","ground_ball_double_play",8,8,2,0.25,0.25,0.204819277108434,0.204819277108434,0.213224992995237,0.218721037998146,0.186046511627907,"league-shrunk"
"699024","Leo Bernal","sac_fly_scores",1,1,1,1,1,0.593270173146031,0.593270173146031,0.604568223891974,0.614677006138345,0.0277777777777778,"league-shrunk"
"699024","Leo Bernal","second_to_third_on_out",1,1,0,0,0,0.477532255672549,0.477532255672549,0.464267470792756,0.452398979058205,0.0277777777777778,"league-shrunk"
"699024","Leo Bernal","single_first_to_third",3,3,1,0.333333333333333,0.333333333333333,0.344619833714905,0.344619833714905,0.343728794211097,0.343007476517538,0.0789473684210526,"league-shrunk"
"699024","Leo Bernal","single_second_scores",3,3,2,0.666666666666667,0.666666666666667,0.617619711761971,0.617619711761971,0.621491839780763,0.624626419605499,0.0789473684210526,"league-shrunk"
"699024","Leo Bernal","steal_second",19,0,0,0,,0.0647077913972589,0.881944444444444,0.04194023516489,0.881944444444444,0.351851851851852,"league-shrunk"
"699024","Leo Bernal","steal_third",7,0,0,0,,0.0135036339397067,0.853503184713376,0.0112530282830889,0.853503184713376,0.166666666666667,"league-shrunk"
"699115","Carlos Jorge","single_first_to_third",1,1,1,1,1,0.344619833714905,0.344619833714905,0.362824838333936,0.379113526677279,0.0277777777777778,"league-shrunk"
"699115","Carlos Jorge","steal_second",4,0,0,0,,0.0647077913972589,0.881944444444444,0.0580710948436939,0.881944444444444,0.102564102564103,"league-shrunk"
"699115","Carlos Jorge","steal_third",1,0,0,0,,0.0135036339397067,0.853503184713376,0.0131285329969371,0.853503184713376,0.0277777777777778,"league-shrunk"
"699302","Héctor Rodríguez","double_first_scores",2,2,0,0,0,0.41339590443686,0.41339590443686,0.391050179872706,0.372056313993174,0.0540540540540541,"league-shrunk"
"699302","Héctor Rodríguez","first_to_second_on_out",5,5,0,0,0,0.249688314632211,0.249688314632211,0.218477275303185,0.195408246233904,0.125,"league-shrunk"
"699302","Héctor Rodríguez","ground_ball_double_play",6,6,1,0.166666666666667,0.166666666666667,0.204819277108434,0.204819277108434,0.199235968263297,0.195281124497992,0.146341463414634,"league-shrunk"
"699302","Héctor Rodríguez","sac_fly_scores",2,2,1,0.5,0.5,0.593270173146031,0.593270173146031,0.588228542165164,0.583943155831428,0.0540540540540541,"league-shrunk"
"699302","Héctor Rodríguez","second_to_third_on_out",2,2,2,1,1,0.477532255672549,0.477532255672549,0.505773755365925,0.529779030105294,0.0540540540540541,"league-shrunk"
"699302","Héctor Rodríguez","single_first_to_third",5,5,3,0.6,0.6,0.344619833714905,0.344619833714905,0.376542354500542,0.400137261168187,0.125,"league-shrunk"
"699302","Héctor Rodríguez","single_second_scores",2,2,2,1,1,0.617619711761971,0.617619711761971,0.638288916531594,0.655857740585774,0.0540540540540541,"league-shrunk"
"699302","Héctor Rodríguez","steal_second",25,0,0,0,,0.0647077913972589,0.881944444444444,0.037746211648401,0.881944444444444,0.416666666666667,"player signal"
"699302","Héctor Rodríguez","steal_third",9,0,0,0,,0.0135036339397067,0.853503184713376,0.010741526997494,0.853503184713376,0.204545454545455,"league-shrunk"
"699393","Pedro Ramírez","double_first_scores",4,4,2,0.5,0.5,0.41339590443686,0.41339590443686,0.422278375776669,0.429142103630158,0.102564102564103,"league-shrunk"
"699393","Pedro Ramírez","first_to_second_on_out",11,11,4,0.363636363636364,0.363636363636364,0.249688314632211,0.249688314632211,0.276936761133204,0.292909988392407,0.239130434782609,"league-shrunk"
"699393","Pedro Ramírez","ground_ball_double_play",21,21,4,0.19047619047619,0.19047619047619,0.204819277108434,0.204819277108434,0.199440619621342,0.197096076614149,0.375,"league-shrunk"
"699393","Pedro Ramírez","sac_fly_scores",1,1,0,0,0,0.593270173146031,0.593270173146031,0.576790446114197,0.562045427190976,0.0277777777777778,"league-shrunk"
"699393","Pedro Ramírez","second_to_third_on_out",8,8,3,0.375,0.375,0.477532255672549,0.477532255672549,0.458456487175331,0.445983869311765,0.186046511627907,"league-shrunk"
"699393","Pedro Ramírez","single_first_to_third",13,13,7,0.538461538461538,0.538461538461538,0.344619833714905,0.344619833714905,0.397118628750452,0.425908290544139,0.270833333333333,"league-shrunk"
"699393","Pedro Ramírez","single_second_scores",6,6,4,0.666666666666667,0.666666666666667,0.617619711761971,0.617619711761971,0.624797314918756,0.629881450488145,0.146341463414634,"league-shrunk"
"699393","Pedro Ramírez","steal_second",48,7,6,0.145833333333333,0.857142857142857,0.0647077913972589,0.881944444444444,0.111623767456675,0.875,0.578313253012048,"player signal"
"699393","Pedro Ramírez","steal_third",33,0,0,0,,0.0135036339397067,0.853503184713376,0.00695039982190786,0.853503184713376,0.485294117647059,"player signal"
"699625","Jimmy Crooks","double_first_scores",2,2,1,0.5,0.5,0.41339590443686,0.41339590443686,0.418077206899733,0.422056313993174,0.0540540540540541,"league-shrunk"
"699625","Jimmy Crooks","first_to_second_on_out",5,5,2,0.4,0.4,0.249688314632211,0.249688314632211,0.268477275303185,0.282364767973035,0.125,"league-shrunk"
"699625","Jimmy Crooks","ground_ball_double_play",12,12,7,0.583333333333333,0.583333333333333,0.204819277108434,0.204819277108434,0.301461163804153,0.356224899598394,0.25531914893617,"league-shrunk"
"699625","Jimmy Crooks","sac_fly_scores",2,2,2,1,1,0.593270173146031,0.593270173146031,0.615255569192191,0.633943155831428,0.0540540540540541,"league-shrunk"
"699625","Jimmy Crooks","second_to_third_on_out",5,5,0,0,0,0.477532255672549,0.477532255672549,0.417840723713481,0.373720895743734,0.125,"league-shrunk"
"699625","Jimmy Crooks","single_first_to_third",4,4,0,0,0,0.344619833714905,0.344619833714905,0.309274209744146,0.281961682130377,0.102564102564103,"league-shrunk"
"699625","Jimmy Crooks","single_second_scores",3,3,1,0.333333333333333,0.333333333333333,0.617619711761971,0.617619711761971,0.595176050307079,0.577007371986451,0.0789473684210526,"league-shrunk"
"699625","Jimmy Crooks","steal_second",26,0,0,0,,0.0647077913972589,0.881944444444444,0.0371274212935092,0.881944444444444,0.426229508196721,"player signal"
"699625","Jimmy Crooks","steal_third",12,0,0,0,,0.0135036339397067,0.853503184713376,0.0100558976146752,0.853503184713376,0.25531914893617,"league-shrunk"
"699912","Jose Fernandez","double_first_scores",2,2,0,0,0,0.41339590443686,0.41339590443686,0.391050179872706,0.372056313993174,0.0540540540540541,"league-shrunk"
"699912","Jose Fernandez","first_to_second_on_out",12,12,7,0.583333333333333,0.583333333333333,0.249688314632211,0.249688314632211,0.334874276853774,0.38314632211266,0.25531914893617,"league-shrunk"
"699912","Jose Fernandez","ground_ball_double_play",22,22,4,0.181818181818182,0.181818181818182,0.204819277108434,0.204819277108434,0.195941661382372,0.192168674698795,0.385964912280702,"league-shrunk"
"699912","Jose Fernandez","sac_fly_scores",4,4,1,0.25,0.25,0.593270173146031,0.593270173146031,0.558062975900284,0.530857414392207,0.102564102564103,"league-shrunk"
"699912","Jose Fernandez","second_to_third_on_out",7,7,1,0.142857142857143,0.142857142857143,0.477532255672549,0.477532255672549,0.421753070203315,0.383823224084235,0.166666666666667,"league-shrunk"
"699912","Jose Fernandez","single_first_to_third",10,10,7,0.7,0.7,0.344619833714905,0.344619833714905,0.423593204000482,0.471541321673868,0.222222222222222,"league-shrunk"
"699912","Jose Fernandez","single_second_scores",10,10,4,0.4,0.4,0.617619711761971,0.617619711761971,0.569259775814867,0.539898386132696,0.222222222222222,"league-shrunk"
"699912","Jose Fernandez","steal_second",46,10,9,0.217391304347826,0.9,0.0647077913972589,0.881944444444444,0.15141694690005,0.888392857142857,0.567901234567901,"player signal"
"699912","Jose Fernandez","steal_third",34,0,0,0,,0.0135036339397067,0.853503184713376,0.0068496693897063,0.853503184713376,0.492753623188406,"player signal"
"700246","Carson Williams","ground_ball_double_play",2,2,1,0.5,0.5,0.204819277108434,0.204819277108434,0.220774991859329,0.23433734939759,0.0540540540540541,"league-shrunk"
"700246","Carson Williams","sac_fly_scores",2,2,1,0.5,0.5,0.593270173146031,0.593270173146031,0.588228542165164,0.583943155831428,0.0540540540540541,"league-shrunk"
"700246","Carson Williams","single_first_to_third",4,4,2,0.5,0.5,0.344619833714905,0.344619833714905,0.360556261026197,0.372870773039468,0.102564102564103,"league-shrunk"
"700246","Carson Williams","single_second_scores",4,4,0,0,0,0.617619711761971,0.617619711761971,0.554274100299205,0.50532521871434,0.102564102564103,"league-shrunk"
"700246","Carson Williams","steal_second",4,0,0,0,,0.0647077913972589,0.881944444444444,0.0580710948436939,0.881944444444444,0.102564102564103,"league-shrunk"
"700246","Carson Williams","steal_third",1,0,0,0,,0.0135036339397067,0.853503184713376,0.0131285329969371,0.853503184713376,0.0277777777777778,"league-shrunk"
"700250","Ben Rice","double_first_scores",10,10,3,0.3,0.3,0.41339590443686,0.41339590443686,0.388196814562002,0.372897367137981,0.222222222222222,"league-shrunk"
"700250","Ben Rice","first_to_second_on_out",26,26,4,0.153846153846154,0.153846153846154,0.249688314632211,0.249688314632211,0.208837557575859,0.193054310531359,0.426229508196721,"player signal"
"700250","Ben Rice","ground_ball_double_play",47,47,12,0.25531914893617,0.25531914893617,0.204819277108434,0.204819277108434,0.233764325595063,0.241334569045412,0.573170731707317,"player signal"
"700250","Ben Rice","sac_fly_scores",13,13,8,0.615384615384615,0.615384615384615,0.593270173146031,0.593270173146031,0.599259501252314,0.602543971504147,0.270833333333333,"league-shrunk"
"700250","Ben Rice","second_to_third_on_out",16,16,9,0.5625,0.5625,0.477532255672549,0.477532255672549,0.504188802912534,0.517517076532526,0.313725490196078,"league-shrunk"
"700250","Ben Rice","single_first_to_third",22,22,8,0.363636363636364,0.363636363636364,0.344619833714905,0.344619833714905,0.351959547017924,0.355078925171707,0.385964912280702,"league-shrunk"
"700250","Ben Rice","single_second_scores",14,14,8,0.571428571428571,0.571428571428571,0.617619711761971,0.617619711761971,0.604422243095286,0.597411087866109,0.285714285714286,"league-shrunk"
"700250","Ben Rice","steal_second",143,1,1,0.00699300699300699,1,0.0647077913972589,0.881944444444444,0.0183414196567644,0.888157894736842,0.803370786516854,"player signal"
"700250","Ben Rice","steal_third",66,1,1,0.0151515151515152,1,0.0135036339397067,0.853503184713376,0.0145804672068291,0.861213543412672,0.653465346534653,"player signal"
"700337","Edgar Quero","double_first_scores",3,3,0,0,0,0.41339590443686,0.41339590443686,0.380759385665529,0.354339346660166,0.0789473684210526,"league-shrunk"
"700337","Edgar Quero","first_to_second_on_out",11,11,3,0.272727272727273,0.272727272727273,0.249688314632211,0.249688314632211,0.255197630698422,0.258427229771717,0.239130434782609,"league-shrunk"
"700337","Edgar Quero","ground_ball_double_play",24,24,5,0.208333333333333,0.208333333333333,0.204819277108434,0.204819277108434,0.206248723708393,0.206827309236948,0.406779661016949,"league-shrunk"
"700337","Edgar Quero","sac_fly_scores",1,1,1,1,1,0.593270173146031,0.593270173146031,0.604568223891974,0.614677006138345,0.0277777777777778,"league-shrunk"
"700337","Edgar Quero","second_to_third_on_out",4,4,2,0.5,0.5,0.477532255672549,0.477532255672549,0.479836639706134,0.481617300095722,0.102564102564103,"league-shrunk"
"700337","Edgar Quero","single_first_to_third",7,7,0,0,0,0.344619833714905,0.344619833714905,0.287183194762421,0.248126280274732,0.166666666666667,"league-shrunk"
"700337","Edgar Quero","single_second_scores",3,3,2,0.666666666666667,0.666666666666667,0.617619711761971,0.617619711761971,0.621491839780763,0.624626419605499,0.0789473684210526,"league-shrunk"
"700337","Edgar Quero","steal_second",49,1,1,0.0204081632653061,1,0.0647077913972589,0.881944444444444,0.0388663416536198,0.888157894736842,0.583333333333333,"player signal"
"700337","Edgar Quero","steal_third",19,0,0,0,,0.0135036339397067,0.853503184713376,0.00875235533129138,0.853503184713376,0.351851851851852,"league-shrunk"
"700652","Kenny Piper","sac_fly_scores",2,2,2,1,1,0.593270173146031,0.593270173146031,0.615255569192191,0.633943155831428,0.0540540540540541,"league-shrunk"
"700652","Kenny Piper","second_to_third_on_out",1,1,1,1,1,0.477532255672549,0.477532255672549,0.492045248570534,0.505030558005573,0.0277777777777778,"league-shrunk"
"700652","Kenny Piper","single_first_to_third",1,1,1,1,1,0.344619833714905,0.344619833714905,0.362824838333936,0.379113526677279,0.0277777777777778,"league-shrunk"
"700652","Kenny Piper","steal_second",2,0,0,0,,0.0647077913972589,0.881944444444444,0.061210072943353,0.881944444444444,0.0540540540540541,"league-shrunk"
"700652","Kenny Piper","steal_third",2,0,0,0,,0.0135036339397067,0.853503184713376,0.0127737077808036,0.853503184713376,0.0540540540540541,"league-shrunk"
"700932","Kyle Manzardo","double_first_scores",9,9,2,0.222222222222222,0.222222222222222,0.41339590443686,0.41339590443686,0.374292196711139,0.349671343698647,0.204545454545455,"league-shrunk"
"700932","Kyle Manzardo","first_to_second_on_out",14,14,4,0.285714285714286,0.285714285714286,0.249688314632211,0.249688314632211,0.25998144922709,0.265449676980619,0.285714285714286,"league-shrunk"
"700932","Kyle Manzardo","ground_ball_double_play",33,33,16,0.484848484848485,0.484848484848485,0.204819277108434,0.204819277108434,0.340715804394047,0.386014646822584,0.485294117647059,"player signal"
"700932","Kyle Manzardo","sac_fly_scores",7,7,5,0.714285714285714,0.714285714285714,0.593270173146031,0.593270173146031,0.613439430002645,0.627154524665142,0.166666666666667,"league-shrunk"
"700932","Kyle Manzardo","second_to_third_on_out",9,9,6,0.666666666666667,0.666666666666667,0.477532255672549,0.477532255672549,0.516218839739528,0.540577059337255,0.204545454545455,"league-shrunk"
"700932","Kyle Manzardo","single_first_to_third",17,17,6,0.352941176470588,0.352941176470588,0.344619833714905,0.344619833714905,0.347340272692725,0.348661628767666,0.326923076923077,"league-shrunk"
"700932","Kyle Manzardo","single_second_scores",9,9,5,0.555555555555556,0.555555555555556,0.617619711761971,0.617619711761971,0.60492477071975,0.596931659693166,0.204545454545455,"league-shrunk"
"700932","Kyle Manzardo","steal_second",88,0,0,0,,0.0647077913972589,0.881944444444444,0.0184127861699517,0.881944444444444,0.715447154471545,"player signal"
"700932","Kyle Manzardo","steal_third",36,0,0,0,,0.0135036339397067,0.853503184713376,0.00665672095619345,0.853503184713376,0.507042253521127,"player signal"
"701162","Ben Malgeri","first_to_second_on_out",10,10,3,0.3,0.3,0.249688314632211,0.249688314632211,0.260868689158387,0.267656773692136,0.222222222222222,"league-shrunk"
"701162","Ben Malgeri","ground_ball_double_play",18,18,1,0.0555555555555556,0.0555555555555556,0.204819277108434,0.204819277108434,0.154125937713117,0.130187416331995,0.339622641509434,"league-shrunk"
"701162","Ben Malgeri","sac_fly_scores",1,1,1,1,1,0.593270173146031,0.593270173146031,0.604568223891974,0.614677006138345,0.0277777777777778,"league-shrunk"
"701162","Ben Malgeri","second_to_third_on_out",6,6,3,0.5,0.5,0.477532255672549,0.477532255672549,0.480820218257054,0.483149191754412,0.146341463414634,"league-shrunk"
"701162","Ben Malgeri","single_first_to_third",5,5,1,0.2,0.2,0.344619833714905,0.344619833714905,0.326542354500542,0.313180739429056,0.125,"league-shrunk"
"701162","Ben Malgeri","single_second_scores",3,3,3,1,1,0.617619711761971,0.617619711761971,0.647807629254447,0.672245467224547,0.0789473684210526,"league-shrunk"
"701162","Ben Malgeri","steal_second",38,4,4,0.105263157894737,1,0.0647077913972589,0.881944444444444,0.0858188040945762,0.903409090909091,0.520547945205479,"player signal"
"701162","Ben Malgeri","steal_third",18,1,1,0.0555555555555556,1,0.0135036339397067,0.853503184713376,0.027785418639429,0.861213543412672,0.339622641509434,"league-shrunk"
"701305","Zach Dezenzo","first_to_second_on_out",4,4,2,0.5,0.5,0.249688314632211,0.249688314632211,0.275361308003267,0.295199530153627,0.102564102564103,"league-shrunk"
"701305","Zach Dezenzo","ground_ball_double_play",5,5,0,0,0,0.204819277108434,0.204819277108434,0.179216867469879,0.160293347302252,0.125,"league-shrunk"
"701305","Zach Dezenzo","sac_fly_scores",1,1,1,1,1,0.593270173146031,0.593270173146031,0.604568223891974,0.614677006138345,0.0277777777777778,"league-shrunk"
"701305","Zach Dezenzo","second_to_third_on_out",5,5,1,0.2,0.2,0.477532255672549,0.477532255672549,0.442840723713481,0.417199156613299,0.125,"league-shrunk"
"701305","Zach Dezenzo","single_first_to_third",6,6,4,0.666666666666667,0.666666666666667,0.344619833714905,0.344619833714905,0.391748638537114,0.425131541952846,0.146341463414634,"league-shrunk"
"701305","Zach Dezenzo","single_second_scores",5,5,5,1,1,0.617619711761971,0.617619711761971,0.665417247791725,0.700745861378934,0.125,"league-shrunk"
"701305","Zach Dezenzo","steal_second",21,1,1,0.0476190476190476,1,0.0647077913972589,0.881944444444444,0.0582995124804297,0.888157894736842,0.375,"league-shrunk"
"701305","Zach Dezenzo","steal_third",14,0,0,0,,0.0135036339397067,0.853503184713376,0.00964545281407622,0.853503184713376,0.285714285714286,"league-shrunk"
"701350","Roman Anthony","double_first_scores",1,1,0,0,0,0.41339590443686,0.41339590443686,0.40191268486917,0.391638225255973,0.0277777777777778,"league-shrunk"
"701350","Roman Anthony","first_to_second_on_out",14,14,3,0.214285714285714,0.214285714285714,0.249688314632211,0.249688314632211,0.239573285961784,0.234199676980619,0.285714285714286,"league-shrunk"
"701350","Roman Anthony","ground_ball_double_play",30,30,7,0.233333333333333,0.233333333333333,0.204819277108434,0.204819277108434,0.217979610750695,0.222640562248996,0.461538461538462,"player signal"
"701350","Roman Anthony","sac_fly_scores",3,3,2,0.666666666666667,0.666666666666667,0.593270173146031,0.593270173146031,0.599064633160818,0.603755386506121,0.0789473684210526,"league-shrunk"
"701350","Roman Anthony","second_to_third_on_out",10,10,5,0.5,0.5,0.477532255672549,0.477532255672549,0.482525087745316,0.48555645007521,0.222222222222222,"league-shrunk"
"701350","Roman Anthony","single_first_to_third",9,9,2,0.222222222222222,0.222222222222222,0.344619833714905,0.344619833714905,0.319583958636857,0.303820629884011,0.204545454545455,"league-shrunk"
"701350","Roman Anthony","single_second_scores",5,5,5,1,1,0.617619711761971,0.617619711761971,0.665417247791725,0.700745861378934,0.125,"league-shrunk"
"701350","Roman Anthony","steal_second",48,2,2,0.0416666666666667,1,0.0647077913972589,0.881944444444444,0.0513828036012538,0.89375,0.578313253012048,"player signal"
"701350","Roman Anthony","steal_third",29,0,0,0,,0.0135036339397067,0.853503184713376,0.0073847998107771,0.853503184713376,0.453125,"player signal"
"701358","Cam Smith","double_first_scores",7,7,4,0.571428571428571,0.571428571428571,0.41339590443686,0.41339590443686,0.439734682268812,0.457645051194539,0.166666666666667,"league-shrunk"
"701358","Cam Smith","first_to_second_on_out",26,26,10,0.384615384615385,0.384615384615385,0.249688314632211,0.249688314632211,0.307198213313564,0.329417946894996,0.426229508196721,"player signal"
"701358","Cam Smith","ground_ball_double_play",38,38,5,0.131578947368421,0.131578947368421,0.204819277108434,0.204819277108434,0.166694173956098,0.155120481927711,0.520547945205479,"player signal"
"701358","Cam Smith","sac_fly_scores",5,5,3,0.6,0.6,0.593270173146031,0.593270173146031,0.594111401502777,0.59473317898385,0.125,"league-shrunk"
"701358","Cam Smith","second_to_third_on_out",16,16,10,0.625,0.625,0.477532255672549,0.477532255672549,0.523796646049789,0.546928841238408,0.313725490196078,"league-shrunk"
"701358","Cam Smith","single_first_to_third",21,21,14,0.666666666666667,0.666666666666667,0.344619833714905,0.344619833714905,0.465387396071816,0.518029666842777,0.375,"league-shrunk"
"701358","Cam Smith","single_second_scores",8,8,4,0.5,0.5,0.617619711761971,0.617619711761971,0.595736974689977,0.581429031219826,0.186046511627907,"league-shrunk"
"701358","Cam Smith","steal_second",93,10,9,0.10752688172043,0.9,0.0647077913972589,0.881944444444444,0.095818536710188,0.888392857142857,0.7265625,"player signal"
"701358","Cam Smith","steal_third",48,0,0,0,,0.0135036339397067,0.853503184713376,0.00569430346855102,0.853503184713376,0.578313253012048,"player signal"
"701398","Sal Stewart","double_first_scores",9,9,3,0.333333333333333,0.333333333333333,0.41339590443686,0.41339590443686,0.397019469438411,0.386708380735685,0.204545454545455,"league-shrunk"
"701398","Sal Stewart","first_to_second_on_out",32,32,9,0.28125,0.28125,0.249688314632211,0.249688314632211,0.264762552419812,0.269887793267596,0.477611940298507,"player signal"
"701398","Sal Stewart","ground_ball_double_play",48,48,4,0.0833333333333333,0.0833333333333333,0.204819277108434,0.204819277108434,0.134562345768617,0.116465863453815,0.578313253012048,"player signal"
"701398","Sal Stewart","sac_fly_scores",10,10,7,0.7,0.7,0.593270173146031,0.593270173146031,0.616987912446913,0.63138796845102,0.222222222222222,"league-shrunk"
"701398","Sal Stewart","second_to_third_on_out",33,33,15,0.454545454545455,0.454545454545455,0.477532255672549,0.477532255672549,0.466376896302047,0.462658443178547,0.485294117647059,"player signal"
"701398","Sal Stewart","single_first_to_third",32,32,7,0.21875,0.21875,0.344619833714905,0.344619833714905,0.284502898209279,0.264063140137366,0.477611940298507,"player signal"
"701398","Sal Stewart","single_second_scores",10,10,5,0.5,0.5,0.617619711761971,0.617619711761971,0.591481998037089,0.575612671846981,0.222222222222222,"league-shrunk"
"701398","Sal Stewart","steal_second",157,11,10,0.0700636942675159,0.909090909090909,0.0647077913972589,0.881944444444444,0.069087357806792,0.892241379310345,0.817708333333333,"player signal"
"701398","Sal Stewart","steal_third",86,5,4,0.0581395348837209,0.8,0.0135036339397067,0.853503184713376,0.0452283238668573,0.841872057601773,0.710743801652893,"player signal"
"701538","Jackson Merrill","double_first_scores",9,9,6,0.666666666666667,0.666666666666667,0.41339590443686,0.41339590443686,0.46520128762023,0.497819491846796,0.204545454545455,"league-shrunk"
"701538","Jackson Merrill","first_to_second_on_out",32,32,9,0.28125,0.28125,0.249688314632211,0.249688314632211,0.264762552419812,0.269887793267596,0.477611940298507,"player signal"
"701538","Jackson Merrill","ground_ball_double_play",53,53,12,0.226415094339623,0.226415094339623,0.204819277108434,0.204819277108434,0.217825848849945,0.220940098421856,0.602272727272727,"player signal"
"701538","Jackson Merrill","sac_fly_scores",11,11,6,0.545454545454545,0.545454545454545,0.593270173146031,0.593270173146031,0.581836001306762,0.575133210918226,0.239130434782609,"league-shrunk"
"701538","Jackson Merrill","second_to_third_on_out",25,25,11,0.44,0.44,0.477532255672549,0.477532255672549,0.461893815808987,0.45571117679316,0.416666666666667,"player signal"
"701538","Jackson Merrill","single_first_to_third",18,18,8,0.444444444444444,0.444444444444444,0.344619833714905,0.344619833714905,0.378522531698522,0.394532139079675,0.339622641509434,"league-shrunk"
"701538","Jackson Merrill","single_second_scores",17,17,12,0.705882352941177,0.705882352941177,0.617619711761971,0.617619711761971,0.646474805993634,0.660490137477585,0.326923076923077,"league-shrunk"
"701538","Jackson Merrill","steal_second",134,24,23,0.17910447761194,0.958333333333333,0.0647077913972589,0.881944444444444,0.155412856206533,0.925595238095238,0.792899408284024,"player signal"
"701538","Jackson Merrill","steal_third",79,0,0,0,,0.0135036339397067,0.853503184713376,0.00414585252534855,0.853503184713376,0.692982456140351,"player signal"
"701649","James Triantos","double_first_scores",1,1,1,1,1,0.41339590443686,0.41339590443686,0.429690462646947,0.444269804203341,0.0277777777777778,"league-shrunk"
"701649","James Triantos","first_to_second_on_out",1,1,0,0,0,0.249688314632211,0.249688314632211,0.24275252811465,0.236546824388411,0.0277777777777778,"league-shrunk"
"701649","James Triantos","ground_ball_double_play",1,1,0,0,0,0.204819277108434,0.204819277108434,0.199129852744311,0.194039315155358,0.0277777777777778,"league-shrunk"
"701649","James Triantos","steal_second",5,0,0,0,,0.0647077913972589,0.881944444444444,0.0566193174726015,0.881944444444444,0.125,"league-shrunk"
"701675","Nathan Church","double_first_scores",3,3,3,1,1,0.41339590443686,0.41339590443686,0.459706754086582,0.497196489517309,0.0789473684210526,"league-shrunk"
"701675","Nathan Church","first_to_second_on_out",20,20,8,0.4,0.4,0.249688314632211,0.249688314632211,0.304347109311407,0.328799727983679,0.363636363636364,"league-shrunk"
"701675","Nathan Church","ground_ball_double_play",34,34,9,0.264705882352941,0.264705882352941,0.204819277108434,0.204819277108434,0.234328618823119,0.243975903614458,0.492753623188406,"player signal"
"701675","Nathan Church","sac_fly_scores",7,7,4,0.571428571428571,0.571428571428571,0.593270173146031,0.593270173146031,0.589629906193121,0.587154524665142,0.166666666666667,"league-shrunk"
"701675","Nathan Church","second_to_third_on_out",17,17,12,0.705882352941177,0.705882352941177,0.477532255672549,0.477532255672549,0.552185172087293,0.588445160060168,0.326923076923077,"league-shrunk"
"701675","Nathan Church","single_first_to_third",17,17,8,0.470588235294118,0.470588235294118,0.344619833714905,0.344619833714905,0.385801811154263,0.405804485910523,0.326923076923077,"league-shrunk"
"701675","Nathan Church","single_second_scores",11,11,9,0.818181818181818,0.818181818181818,0.617619711761971,0.617619711761971,0.665580215471065,0.69369499350743,0.239130434782609,"league-shrunk"
"701675","Nathan Church","steal_second",108,8,7,0.0740740740740741,0.875,0.0647077913972589,0.881944444444444,0.0717816272650634,0.879807692307692,0.755244755244755,"player signal"
"701675","Nathan Church","steal_third",54,1,1,0.0185185185185185,1,0.0135036339397067,0.853503184713376,0.0165463728976375,0.861213543412672,0.606741573033708,"player signal"
"701678","Hao-Yu Lee","double_first_scores",6,6,2,0.333333333333333,0.333333333333333,0.41339590443686,0.41339590443686,0.401679430616832,0.393380261660978,0.146341463414634,"league-shrunk"
"701678","Hao-Yu Lee","first_to_second_on_out",10,10,2,0.2,0.2,0.249688314632211,0.249688314632211,0.238646466936164,0.23194248797785,0.222222222222222,"league-shrunk"
"701678","Hao-Yu Lee","ground_ball_double_play",19,19,5,0.263157894736842,0.263157894736842,0.204819277108434,0.204819277108434,0.225345827755466,0.234776945620319,0.351851851851852,"league-shrunk"
"701678","Hao-Yu Lee","sac_fly_scores",8,8,4,0.5,0.5,0.593270173146031,0.593270173146031,0.575917582793281,0.564571658331867,0.186046511627907,"league-shrunk"
"701678","Hao-Yu Lee","second_to_third_on_out",14,14,5,0.357142857142857,0.357142857142857,0.477532255672549,0.477532255672549,0.443135284664066,0.424861893815809,0.285714285714286,"league-shrunk"
"701678","Hao-Yu Lee","single_first_to_third",14,14,5,0.357142857142857,0.357142857142857,0.344619833714905,0.344619833714905,0.348197840408606,0.350098656464634,0.285714285714286,"league-shrunk"
"701678","Hao-Yu Lee","single_second_scores",5,5,3,0.6,0.6,0.617619711761971,0.617619711761971,0.615417247791725,0.613789339639804,0.125,"league-shrunk"
"701678","Hao-Yu Lee","steal_second",63,1,1,0.0158730158730159,1,0.0647077913972589,0.881944444444444,0.0333140071316741,0.888157894736842,0.642857142857143,"player signal"
"701678","Hao-Yu Lee","steal_third",45,0,0,0,,0.0135036339397067,0.853503184713376,0.00590783984862168,0.853503184713376,0.5625,"player signal"
"701762","Nick Kurtz","double_first_scores",7,7,3,0.428571428571429,0.428571428571429,0.41339590443686,0.41339590443686,0.415925158459288,0.417645051194539,0.166666666666667,"league-shrunk"
"701762","Nick Kurtz","first_to_second_on_out",27,27,6,0.222222222222222,0.222222222222222,0.249688314632211,0.249688314632211,0.237727274389152,0.233208659186218,0.435483870967742,"player signal"
"701762","Nick Kurtz","ground_ball_double_play",43,43,7,0.162790697674419,0.162790697674419,0.204819277108434,0.204819277108434,0.181649675625579,0.17519257357298,0.551282051282051,"player signal"
"701762","Nick Kurtz","sac_fly_scores",8,8,7,0.875,0.875,0.593270173146031,0.593270173146031,0.645685024653746,0.679956273716483,0.186046511627907,"league-shrunk"
"701762","Nick Kurtz","second_to_third_on_out",18,18,9,0.5,0.5,0.477532255672549,0.477532255672549,0.485162810349797,0.488766127836275,0.339622641509434,"league-shrunk"
"701762","Nick Kurtz","single_first_to_third",32,32,7,0.21875,0.21875,0.344619833714905,0.344619833714905,0.284502898209279,0.264063140137366,0.477611940298507,"player signal"
"701762","Nick Kurtz","single_second_scores",10,10,5,0.5,0.5,0.617619711761971,0.617619711761971,0.591481998037089,0.575612671846981,0.222222222222222,"league-shrunk"
"701762","Nick Kurtz","steal_second",130,6,6,0.0461538461538462,1,0.0647077913972589,0.881944444444444,0.0500895315085095,0.911458333333333,0.787878787878788,"player signal"
"701762","Nick Kurtz","steal_third",77,1,1,0.012987012987013,1,0.0135036339397067,0.853503184713376,0.0131484570347298,0.861213543412672,0.6875,"player signal"
"701785","Kaelen Culpepper","double_first_scores",2,2,1,0.5,0.5,0.41339590443686,0.41339590443686,0.418077206899733,0.422056313993174,0.0540540540540541,"league-shrunk"
"701785","Kaelen Culpepper","first_to_second_on_out",7,7,1,0.142857142857143,0.142857142857143,0.249688314632211,0.249688314632211,0.231883119336367,0.219775586535192,0.166666666666667,"league-shrunk"
"701785","Kaelen Culpepper","ground_ball_double_play",14,14,2,0.142857142857143,0.142857142857143,0.204819277108434,0.204819277108434,0.187115810179493,0.177710843373494,0.285714285714286,"league-shrunk"
"701785","Kaelen Culpepper","sac_fly_scores",3,3,3,1,1,0.593270173146031,0.593270173146031,0.625380422634502,0.651374434125169,0.0789473684210526,"league-shrunk"
"701785","Kaelen Culpepper","second_to_third_on_out",9,9,1,0.111111111111111,0.111111111111111,0.477532255672549,0.477532255672549,0.402582476103164,0.35539187415207,0.204545454545455,"league-shrunk"
"701785","Kaelen Culpepper","single_first_to_third",8,8,2,0.25,0.25,0.344619833714905,0.344619833714905,0.327016143721435,0.315506038725704,0.186046511627907,"league-shrunk"
"701785","Kaelen Culpepper","single_second_scores",2,2,1,0.5,0.5,0.617619711761971,0.617619711761971,0.611261889504567,0.605857740585774,0.0540540540540541,"league-shrunk"
"701785","Kaelen Culpepper","steal_second",31,1,1,0.032258064516129,1,0.0647077913972589,0.881944444444444,0.0494662530136979,0.888157894736842,0.46969696969697,"player signal"
"701785","Kaelen Culpepper","steal_third",20,0,0,0,,0.0135036339397067,0.853503184713376,0.00859322159799518,0.853503184713376,0.363636363636364,"league-shrunk"
"701807","Carson Benge","double_first_scores",7,7,4,0.571428571428571,0.571428571428571,0.41339590443686,0.41339590443686,0.439734682268812,0.457645051194539,0.166666666666667,"league-shrunk"
"701807","Carson Benge","first_to_second_on_out",44,44,8,0.181818181818182,0.181818181818182,0.249688314632211,0.249688314632211,0.211887228001613,0.201522413925481,0.556962025316456,"player signal"
"701807","Carson Benge","ground_ball_double_play",64,64,12,0.1875,0.1875,0.204819277108434,0.204819277108434,0.193622976755507,0.191301792535998,0.646464646464647,"player signal"
"701807","Carson Benge","sac_fly_scores",14,14,10,0.714285714285714,0.714285714285714,0.593270173146031,0.593270173146031,0.627846042043083,0.646214472394642,0.285714285714286,"league-shrunk"
"701807","Carson Benge","second_to_third_on_out",15,15,11,0.733333333333333,0.733333333333333,0.477532255672549,0.477532255672549,0.554272578970785,0.593805472791088,0.3,"league-shrunk"
"701807","Carson Benge","single_first_to_third",34,34,15,0.441176470588235,0.441176470588235,0.344619833714905,0.344619833714905,0.392198466377126,0.407753019362852,0.492753623188406,"player signal"
"701807","Carson Benge","single_second_scores",10,10,5,0.5,0.5,0.617619711761971,0.617619711761971,0.591481998037089,0.575612671846981,0.222222222222222,"league-shrunk"
"701807","Carson Benge","steal_second",186,20,19,0.10752688172043,0.95,0.0647077913972589,0.881944444444444,0.100745577823095,0.917763157894737,0.841628959276018,"player signal"
"701807","Carson Benge","steal_third",79,0,0,0,,0.0135036339397067,0.853503184713376,0.00414585252534855,0.853503184713376,0.692982456140351,"player signal"
"701852","Drew Cavanaugh","double_first_scores",2,2,2,1,1,0.41339590443686,0.41339590443686,0.44510423392676,0.472056313993174,0.0540540540540541,"league-shrunk"
"701852","Drew Cavanaugh","first_to_second_on_out",12,12,2,0.166666666666667,0.166666666666667,0.249688314632211,0.249688314632211,0.22849129813037,0.216479655445993,0.25531914893617,"league-shrunk"
"701852","Drew Cavanaugh","ground_ball_double_play",16,16,0,0,0,0.204819277108434,0.204819277108434,0.140562248995984,0.108433734939759,0.313725490196078,"league-shrunk"
"701852","Drew Cavanaugh","sac_fly_scores",2,2,0,0,0,0.593270173146031,0.593270173146031,0.561201515138137,0.533943155831428,0.0540540540540541,"league-shrunk"
"701852","Drew Cavanaugh","second_to_third_on_out",9,9,4,0.444444444444444,0.444444444444444,0.477532255672549,0.477532255672549,0.470764294284982,0.466502985263181,0.204545454545455,"league-shrunk"
"701852","Drew Cavanaugh","single_first_to_third",8,8,1,0.125,0.125,0.344619833714905,0.344619833714905,0.303760329767946,0.277044500264165,0.186046511627907,"league-shrunk"
"701852","Drew Cavanaugh","single_second_scores",2,2,1,0.5,0.5,0.617619711761971,0.617619711761971,0.611261889504567,0.605857740585774,0.0540540540540541,"league-shrunk"
"701852","Drew Cavanaugh","steal_second",46,1,1,0.0217391304347826,1,0.0647077913972589,0.881944444444444,0.040305835788939,0.888157894736842,0.567901234567901,"player signal"
"701852","Drew Cavanaugh","steal_third",25,0,0,0,,0.0135036339397067,0.853503184713376,0.00787711979816224,0.853503184713376,0.416666666666667,"player signal"
"702176","Alan Roden","double_first_scores",1,1,1,1,1,0.41339590443686,0.41339590443686,0.429690462646947,0.444269804203341,0.0277777777777778,"league-shrunk"
"702176","Alan Roden","first_to_second_on_out",7,7,1,0.142857142857143,0.142857142857143,0.249688314632211,0.249688314632211,0.231883119336367,0.219775586535192,0.166666666666667,"league-shrunk"
"702176","Alan Roden","ground_ball_double_play",13,13,4,0.307692307692308,0.307692307692308,0.204819277108434,0.204819277108434,0.232680722891566,0.24795958025651,0.270833333333333,"league-shrunk"
"702176","Alan Roden","sac_fly_scores",2,2,0,0,0,0.593270173146031,0.593270173146031,0.561201515138137,0.533943155831428,0.0540540540540541,"league-shrunk"
"702176","Alan Roden","second_to_third_on_out",3,3,2,0.666666666666667,0.666666666666667,0.477532255672549,0.477532255672549,0.492463919698401,0.504551457243137,0.0789473684210526,"league-shrunk"
"702176","Alan Roden","single_first_to_third",3,3,3,1,1,0.344619833714905,0.344619833714905,0.396360373158466,0.438245571755633,0.0789473684210526,"league-shrunk"
"702176","Alan Roden","single_second_scores",2,2,1,0.5,0.5,0.617619711761971,0.617619711761971,0.611261889504567,0.605857740585774,0.0540540540540541,"league-shrunk"
"702176","Alan Roden","steal_second",29,0,0,0,,0.0647077913972589,0.881944444444444,0.035387073420376,0.881944444444444,0.453125,"player signal"
"702176","Alan Roden","steal_third",5,0,0,0,,0.0135036339397067,0.853503184713376,0.0118156796972434,0.853503184713376,0.125,"league-shrunk"
"702222","Justin Crawford","double_first_scores",7,7,2,0.285714285714286,0.285714285714286,0.41339590443686,0.41339590443686,0.392115634649764,0.377645051194539,0.166666666666667,"league-shrunk"
"702222","Justin Crawford","first_to_second_on_out",26,26,12,0.461538461538462,0.461538461538462,0.249688314632211,0.249688314632211,0.339985098559466,0.374872492349541,0.426229508196721,"player signal"
"702222","Justin Crawford","ground_ball_double_play",35,35,4,0.114285714285714,0.114285714285714,0.204819277108434,0.204819277108434,0.159552495697074,0.145032962036827,0.5,"player signal"
"702222","Justin Crawford","sac_fly_scores",4,4,3,0.75,0.75,0.593270173146031,0.593270173146031,0.609345027182335,0.621766505301298,0.102564102564103,"league-shrunk"
"702222","Justin Crawford","second_to_third_on_out",8,8,4,0.5,0.5,0.477532255672549,0.477532255672549,0.481712301128819,0.484445407773303,0.186046511627907,"league-shrunk"
"702222","Justin Crawford","single_first_to_third",14,14,4,0.285714285714286,0.285714285714286,0.344619833714905,0.344619833714905,0.3277896771433,0.318848656464634,0.285714285714286,"league-shrunk"
"702222","Justin Crawford","single_second_scores",12,12,7,0.583333333333333,0.583333333333333,0.617619711761971,0.617619711761971,0.608865742801468,0.603905160390516,0.25531914893617,"league-shrunk"
"702222","Justin Crawford","steal_second",96,16,14,0.166666666666667,0.875,0.0647077913972589,0.881944444444444,0.139425745793161,0.878676470588235,0.732824427480916,"player signal"
"702222","Justin Crawford","steal_third",52,0,0,0,,0.0135036339397067,0.853503184713376,0.00543249641252569,0.853503184713376,0.597701149425287,"player signal"
"702284","Cole Young","double_first_scores",4,4,2,0.5,0.5,0.41339590443686,0.41339590443686,0.422278375776669,0.429142103630158,0.102564102564103,"league-shrunk"
"702284","Cole Young","first_to_second_on_out",32,32,2,0.0625,0.0625,0.249688314632211,0.249688314632211,0.160284940479513,0.129887793267596,0.477611940298507,"player signal"
"702284","Cole Young","ground_ball_double_play",49,49,9,0.183673469387755,0.183673469387755,0.204819277108434,0.204819277108434,0.192484222604705,0.189354432655997,0.583333333333333,"player signal"
"702284","Cole Young","sac_fly_scores",6,6,2,0.333333333333333,0.333333333333333,0.593270173146031,0.593270173146031,0.555230635612465,0.528285963192856,0.146341463414634,"league-shrunk"
"702284","Cole Young","second_to_third_on_out",21,21,8,0.380952380952381,0.380952380952381,0.477532255672549,0.477532255672549,0.441314802652486,0.425527707746305,0.375,"league-shrunk"
"702284","Cole Young","single_first_to_third",30,30,9,0.3,0.3,0.344619833714905,0.344619833714905,0.324026064308026,0.31673243764309,0.461538461538462,"player signal"
"702284","Cole Young","single_second_scores",21,21,16,0.761904761904762,0.761904761904762,0.617619711761971,0.617619711761971,0.671726605565518,0.695311661838859,0.375,"league-shrunk"
"702284","Cole Young","steal_second",175,6,2,0.0342857142857143,0.333333333333333,0.0647077913972589,0.881944444444444,0.0393560604709717,0.744791666666667,0.833333333333333,"player signal"
"702284","Cole Young","steal_third",71,0,0,0,,0.0135036339397067,0.853503184713376,0.00445874705556353,0.853503184713376,0.669811320754717,"player signal"
"702332","Caleb Durbin","double_first_scores",8,8,3,0.375,0.375,0.41339590443686,0.41339590443686,0.406252480355584,0.401581779994749,0.186046511627907,"league-shrunk"
"702332","Caleb Durbin","first_to_second_on_out",30,30,13,0.433333333333333,0.433333333333333,0.249688314632211,0.249688314632211,0.334447554032729,0.364466451320413,0.461538461538462,"player signal"
"702332","Caleb Durbin","ground_ball_double_play",51,51,11,0.215686274509804,0.215686274509804,0.204819277108434,0.204819277108434,0.211263659288316,0.21285140562249,0.593023255813954,"player signal"
"702332","Caleb Durbin","sac_fly_scores",12,12,11,0.916666666666667,0.916666666666667,0.593270173146031,0.593270173146031,0.675839490640661,0.722628770554285,0.25531914893617,"league-shrunk"
"702332","Caleb Durbin","second_to_third_on_out",27,27,16,0.592592592592593,0.592592592592593,0.477532255672549,0.477532255672549,0.527639176589342,0.546568457824575,0.435483870967742,"player signal"
"702332","Caleb Durbin","single_first_to_third",30,30,14,0.466666666666667,0.466666666666667,0.344619833714905,0.344619833714905,0.400949141231103,0.420899104309756,0.461538461538462,"player signal"
"702332","Caleb Durbin","single_second_scores",13,13,9,0.692307692307692,0.692307692307692,0.617619711761971,0.617619711761971,0.637847706493104,0.648940477797274,0.270833333333333,"league-shrunk"
"702332","Caleb Durbin","steal_second",122,10,9,0.0819672131147541,0.9,0.0647077913972589,0.881944444444444,0.0781195713305991,0.888392857142857,0.777070063694268,"player signal"
"702332","Caleb Durbin","steal_third",71,5,5,0.0704225352112676,1,0.0135036339397067,0.853503184713376,0.0516285583763183,0.885350318471338,0.669811320754717,"player signal"
"702616","Jackson Holliday","double_first_scores",6,6,3,0.5,0.5,0.41339590443686,0.41339590443686,0.426069674519271,0.435046928327645,0.146341463414634,"league-shrunk"
"702616","Jackson Holliday","first_to_second_on_out",14,14,1,0.0714285714285714,0.0714285714285714,0.249688314632211,0.249688314632211,0.198756959431171,0.171699676980619,0.285714285714286,"league-shrunk"
"702616","Jackson Holliday","ground_ball_double_play",30,30,8,0.266666666666667,0.266666666666667,0.204819277108434,0.204819277108434,0.23336422613531,0.243473895582329,0.461538461538462,"player signal"
"702616","Jackson Holliday","sac_fly_scores",4,4,2,0.5,0.5,0.593270173146031,0.593270173146031,0.58370400154131,0.576311959846752,0.102564102564103,"league-shrunk"
"702616","Jackson Holliday","second_to_third_on_out",14,14,4,0.285714285714286,0.285714285714286,0.477532255672549,0.477532255672549,0.42272712139876,0.393611893815809,0.285714285714286,"league-shrunk"
"702616","Jackson Holliday","single_first_to_third",18,18,8,0.444444444444444,0.444444444444444,0.344619833714905,0.344619833714905,0.378522531698522,0.394532139079675,0.339622641509434,"league-shrunk"
"702616","Jackson Holliday","single_second_scores",8,8,2,0.25,0.25,0.617619711761971,0.617619711761971,0.549225346783,0.504505954296749,0.186046511627907,"league-shrunk"
"702616","Jackson Holliday","steal_second",95,7,6,0.0736842105263158,0.857142857142857,0.0647077913972589,0.881944444444444,0.071267482299262,0.875,0.730769230769231,"player signal"
"702616","Jackson Holliday","steal_third",48,1,1,0.0208333333333333,1,0.0135036339397067,0.853503184713376,0.0177424962396354,0.861213543412672,0.578313253012048,"player signal"
"703155","Lazaro Montes","ground_ball_double_play",1,1,0,0,0,0.204819277108434,0.204819277108434,0.199129852744311,0.194039315155358,0.0277777777777778,"league-shrunk"
"703155","Lazaro Montes","single_first_to_third",1,1,0,0,0,0.344619833714905,0.344619833714905,0.335047060556158,0.32648194772991,0.0277777777777778,"league-shrunk"
"703155","Lazaro Montes","steal_second",1,0,0,0,,0.0647077913972589,0.881944444444444,0.062910352747335,0.881944444444444,0.0277777777777778,"league-shrunk"
"703155","Lazaro Montes","steal_third",3,0,0,0,,0.0135036339397067,0.853503184713376,0.0124375575760456,0.853503184713376,0.0789473684210526,"league-shrunk"
"703197","Michael Arroyo","second_to_third_on_out",1,1,0,0,0,0.477532255672549,0.477532255672549,0.464267470792756,0.452398979058205,0.0277777777777778,"league-shrunk"
"703197","Michael Arroyo","single_first_to_third",1,1,0,0,0,0.344619833714905,0.344619833714905,0.335047060556158,0.32648194772991,0.0277777777777778,"league-shrunk"
"703197","Michael Arroyo","single_second_scores",1,1,1,1,1,0.617619711761971,0.617619711761971,0.62824138643525,0.637744990090289,0.0277777777777778,"league-shrunk"
"703197","Michael Arroyo","steal_second",2,0,0,0,,0.0647077913972589,0.881944444444444,0.061210072943353,0.881944444444444,0.0540540540540541,"league-shrunk"
"703197","Michael Arroyo","steal_third",1,0,0,0,,0.0135036339397067,0.853503184713376,0.0131285329969371,0.853503184713376,0.0277777777777778,"league-shrunk"
"703492","Nick Morabito","first_to_second_on_out",2,2,1,0.5,0.5,0.249688314632211,0.249688314632211,0.263218676003443,0.27471948316899,0.0540540540540541,"league-shrunk"
"703492","Nick Morabito","ground_ball_double_play",2,2,0,0,0,0.204819277108434,0.204819277108434,0.193747964832302,0.18433734939759,0.0540540540540541,"league-shrunk"
"703492","Nick Morabito","sac_fly_scores",1,1,1,1,1,0.593270173146031,0.593270173146031,0.604568223891974,0.614677006138345,0.0277777777777778,"league-shrunk"
"703492","Nick Morabito","single_first_to_third",2,2,0,0,0,0.344619833714905,0.344619833714905,0.325991734595181,0.310157850343415,0.0540540540540541,"league-shrunk"
"703492","Nick Morabito","steal_second",9,1,1,0.111111111111111,1,0.0647077913972589,0.881944444444444,0.0741993795205469,0.888157894736842,0.204545454545455,"league-shrunk"
"703492","Nick Morabito","steal_third",7,0,0,0,,0.0135036339397067,0.853503184713376,0.0112530282830889,0.853503184713376,0.166666666666667,"league-shrunk"
"703520","Brett Bateman","double_first_scores",4,4,2,0.5,0.5,0.41339590443686,0.41339590443686,0.422278375776669,0.429142103630158,0.102564102564103,"league-shrunk"
"703520","Brett Bateman","first_to_second_on_out",17,17,6,0.352941176470588,0.352941176470588,0.249688314632211,0.249688314632211,0.283444057925527,0.299839704667994,0.326923076923077,"league-shrunk"
"703520","Brett Bateman","ground_ball_double_play",27,27,8,0.296296296296296,0.296296296296296,0.204819277108434,0.204819277108434,0.244656043528955,0.259705488621151,0.435483870967742,"player signal"
"703520","Brett Bateman","sac_fly_scores",4,4,4,1,1,0.593270173146031,0.593270173146031,0.634986052823361,0.667221050755843,0.102564102564103,"league-shrunk"
"703520","Brett Bateman","second_to_third_on_out",7,7,3,0.428571428571429,0.428571428571429,0.477532255672549,0.477532255672549,0.469372117822363,0.463823224084235,0.166666666666667,"league-shrunk"
"703520","Brett Bateman","single_first_to_third",14,14,6,0.428571428571429,0.428571428571429,0.344619833714905,0.344619833714905,0.368606003673912,0.381348656464634,0.285714285714286,"league-shrunk"
"703520","Brett Bateman","single_second_scores",5,5,2,0.4,0.4,0.617619711761971,0.617619711761971,0.590417247791725,0.570311078770238,0.125,"league-shrunk"
"703520","Brett Bateman","steal_second",45,3,3,0.0666666666666667,1,0.0647077913972589,0.881944444444444,0.0658096587363008,0.898809523809524,0.5625,"player signal"
"703520","Brett Bateman","steal_third",21,0,0,0,,0.0135036339397067,0.853503184713376,0.00843977121231669,0.853503184713376,0.375,"league-shrunk"
"703601","Max Clark","double_first_scores",2,2,0,0,0,0.41339590443686,0.41339590443686,0.391050179872706,0.372056313993174,0.0540540540540541,"league-shrunk"
"703601","Max Clark","first_to_second_on_out",7,7,4,0.571428571428571,0.571428571428571,0.249688314632211,0.249688314632211,0.303311690764938,0.339775586535192,0.166666666666667,"league-shrunk"
"703601","Max Clark","ground_ball_double_play",16,16,5,0.3125,0.3125,0.204819277108434,0.204819277108434,0.238601464682258,0.255492558469171,0.313725490196078,"league-shrunk"
"703601","Max Clark","sac_fly_scores",5,5,3,0.6,0.6,0.593270173146031,0.593270173146031,0.594111401502777,0.59473317898385,0.125,"league-shrunk"
"703601","Max Clark","second_to_third_on_out",7,7,0,0,0,0.477532255672549,0.477532255672549,0.397943546393791,0.343823224084235,0.166666666666667,"league-shrunk"
"703601","Max Clark","single_first_to_third",5,5,0,0,0,0.344619833714905,0.344619833714905,0.301542354500542,0.269702478559491,0.125,"league-shrunk"
"703601","Max Clark","single_second_scores",5,5,3,0.6,0.6,0.617619711761971,0.617619711761971,0.615417247791725,0.613789339639804,0.125,"league-shrunk"
"703601","Max Clark","steal_second",31,3,3,0.0967741935483871,1,0.0647077913972589,0.881944444444444,0.0797692833167282,0.898809523809524,0.46969696969697,"player signal"
"703601","Max Clark","steal_third",25,0,0,0,,0.0135036339397067,0.853503184713376,0.00787711979816224,0.853503184713376,0.416666666666667,"player signal"
"703607","Henry Bolte","double_first_scores",6,6,4,0.666666666666667,0.666666666666667,0.41339590443686,0.41339590443686,0.45045991842171,0.476713594994312,0.146341463414634,"league-shrunk"
"703607","Henry Bolte","first_to_second_on_out",28,28,11,0.392857142857143,0.392857142857143,0.249688314632211,0.249688314632211,0.313318904954403,0.336834557899561,0.444444444444444,"player signal"
"703607","Henry Bolte","ground_ball_double_play",52,52,17,0.326923076923077,0.326923076923077,0.204819277108434,0.204819277108434,0.277800858606841,0.29552495697074,0.597701149425287,"player signal"
"703607","Henry Bolte","sac_fly_scores",6,6,6,1,1,0.593270173146031,0.593270173146031,0.652791611222221,0.694952629859523,0.146341463414634,"league-shrunk"
"703607","Henry Bolte","second_to_third_on_out",14,14,5,0.357142857142857,0.357142857142857,0.477532255672549,0.477532255672549,0.443135284664066,0.424861893815809,0.285714285714286,"league-shrunk"
"703607","Henry Bolte","single_first_to_third",25,25,8,0.32,0.32,0.344619833714905,0.344619833714905,0.334361569667028,0.330305976903914,0.416666666666667,"player signal"
"703607","Henry Bolte","single_second_scores",10,10,9,0.9,0.9,0.617619711761971,0.617619711761971,0.680370886925978,0.718469814704124,0.222222222222222,"league-shrunk"
"703607","Henry Bolte","steal_second",127,22,17,0.173228346456693,0.772727272727273,0.0647077913972589,0.881944444444444,0.149782547524099,0.821875,0.783950617283951,"player signal"
"703607","Henry Bolte","steal_third",74,2,1,0.027027027027027,0.5,0.0135036339397067,0.853503184713376,0.0226846530999058,0.818152866242038,0.678899082568807,"player signal"
"800050","Chase DeLauter","double_first_scores",10,10,6,0.6,0.6,0.41339590443686,0.41339590443686,0.454863481228669,0.480040224280839,0.222222222222222,"league-shrunk"
"800050","Chase DeLauter","first_to_second_on_out",35,35,6,0.171428571428571,0.171428571428571,0.249688314632211,0.249688314632211,0.210558443030391,0.198007352139242,0.5,"player signal"
"800050","Chase DeLauter","ground_ball_double_play",51,51,5,0.0980392156862745,0.0980392156862745,0.204819277108434,0.204819277108434,0.141496217427851,0.12589488388336,0.593023255813954,"player signal"
"800050","Chase DeLauter","sac_fly_scores",6,6,4,0.666666666666667,0.666666666666667,0.593270173146031,0.593270173146031,0.604011123417343,0.61161929652619,0.146341463414634,"league-shrunk"
"800050","Chase DeLauter","second_to_third_on_out",19,19,5,0.263157894736842,0.263157894736842,0.477532255672549,0.477532255672549,0.402104239787763,0.36744812438124,0.351851851851852,"league-shrunk"
"800050","Chase DeLauter","single_first_to_third",24,24,13,0.541666666666667,0.541666666666667,0.344619833714905,0.344619833714905,0.424774477627486,0.457218023973055,0.406779661016949,"league-shrunk"
"800050","Chase DeLauter","single_second_scores",10,10,5,0.5,0.5,0.617619711761971,0.617619711761971,0.591481998037089,0.575612671846981,0.222222222222222,"league-shrunk"
"800050","Chase DeLauter","steal_second",165,9,9,0.0545454545454545,1,0.0647077913972589,0.881944444444444,0.0563238634945203,0.921296296296296,0.825,"player signal"
"800050","Chase DeLauter","steal_third",80,2,1,0.025,0.5,0.0135036339397067,0.853503184713376,0.0215011059816499,0.818152866242038,0.695652173913043,"player signal"
"800325","Luis Lara","double_first_scores",3,3,1,0.333333333333333,0.333333333333333,0.41339590443686,0.41339590443686,0.407075175139213,0.401958394279213,0.0789473684210526,"league-shrunk"
"800325","Luis Lara","first_to_second_on_out",11,11,5,0.454545454545455,0.454545454545455,0.249688314632211,0.249688314632211,0.298675891567987,0.327392747013097,0.239130434782609,"league-shrunk"
"800325","Luis Lara","ground_ball_double_play",20,20,4,0.2,0.2,0.204819277108434,0.204819277108434,0.203066812705367,0.202282815472416,0.363636363636364,"league-shrunk"
"800325","Luis Lara","sac_fly_scores",3,3,3,1,1,0.593270173146031,0.593270173146031,0.625380422634502,0.651374434125169,0.0789473684210526,"league-shrunk"
"800325","Luis Lara","second_to_third_on_out",7,7,3,0.428571428571429,0.428571428571429,0.477532255672549,0.477532255672549,0.469372117822363,0.463823224084235,0.166666666666667,"league-shrunk"
"800325","Luis Lara","single_first_to_third",13,13,7,0.538461538461538,0.538461538461538,0.344619833714905,0.344619833714905,0.397118628750452,0.425908290544139,0.270833333333333,"league-shrunk"
"800325","Luis Lara","single_second_scores",6,6,3,0.5,0.5,0.617619711761971,0.617619711761971,0.600407071016317,0.588214783821478,0.146341463414634,"league-shrunk"
"800325","Luis Lara","steal_second",36,3,3,0.0833333333333333,1,0.0647077913972589,0.881944444444444,0.0741517281535783,0.898809523809524,0.507042253521127,"player signal"
"800325","Luis Lara","steal_third",28,0,0,0,,0.0135036339397067,0.853503184713376,0.00750201885539261,0.853503184713376,0.444444444444444,"player signal"
"800543","Josue De Paula","second_to_third_on_out",1,1,1,1,1,0.477532255672549,0.477532255672549,0.492045248570534,0.505030558005573,0.0277777777777778,"league-shrunk"
"800543","Josue De Paula","single_first_to_third",1,1,1,1,1,0.344619833714905,0.344619833714905,0.362824838333936,0.379113526677279,0.0277777777777778,"league-shrunk"
"800543","Josue De Paula","steal_second",4,0,0,0,,0.0647077913972589,0.881944444444444,0.0580710948436939,0.881944444444444,0.102564102564103,"league-shrunk"
"800543","Josue De Paula","steal_third",1,0,0,0,,0.0135036339397067,0.853503184713376,0.0131285329969371,0.853503184713376,0.0277777777777778,"league-shrunk"
"801126","Brock Rodden","double_first_scores",1,1,1,1,1,0.41339590443686,0.41339590443686,0.429690462646947,0.444269804203341,0.0277777777777778,"league-shrunk"
"801126","Brock Rodden","first_to_second_on_out",1,1,1,1,1,0.249688314632211,0.249688314632211,0.270530305892428,0.289178403335779,0.0277777777777778,"league-shrunk"
"801126","Brock Rodden","ground_ball_double_play",4,4,1,0.25,0.25,0.204819277108434,0.204819277108434,0.209453197405005,0.213033953997809,0.102564102564103,"league-shrunk"
"801126","Brock Rodden","sac_fly_scores",2,2,2,1,1,0.593270173146031,0.593270173146031,0.615255569192191,0.633943155831428,0.0540540540540541,"league-shrunk"
"801126","Brock Rodden","second_to_third_on_out",2,2,2,1,1,0.477532255672549,0.477532255672549,0.505773755365925,0.529779030105294,0.0540540540540541,"league-shrunk"
"801126","Brock Rodden","single_first_to_third",2,2,2,1,1,0.344619833714905,0.344619833714905,0.380045788649235,0.410157850343415,0.0540540540540541,"league-shrunk"
"801126","Brock Rodden","single_second_scores",1,1,1,1,1,0.617619711761971,0.617619711761971,0.62824138643525,0.637744990090289,0.0277777777777778,"league-shrunk"
"801126","Brock Rodden","steal_second",7,0,0,0,,0.0647077913972589,0.881944444444444,0.0539231594977157,0.881944444444444,0.166666666666667,"league-shrunk"
"801126","Brock Rodden","steal_third",6,0,0,0,,0.0135036339397067,0.853503184713376,0.0115274923875545,0.853503184713376,0.146341463414634,"league-shrunk"
"801501","Nate Furman","ground_ball_double_play",3,3,1,0.333333333333333,0.333333333333333,0.204819277108434,0.204819277108434,0.214965123652505,0.223178427997705,0.0789473684210526,"league-shrunk"
"801501","Nate Furman","single_first_to_third",1,1,0,0,0,0.344619833714905,0.344619833714905,0.335047060556158,0.32648194772991,0.0277777777777778,"league-shrunk"
"801501","Nate Furman","steal_second",5,0,0,0,,0.0647077913972589,0.881944444444444,0.0566193174726015,0.881944444444444,0.125,"league-shrunk"
"801501","Nate Furman","steal_third",1,0,0,0,,0.0135036339397067,0.853503184713376,0.0131285329969371,0.853503184713376,0.0277777777777778,"league-shrunk"
"802139","JJ Wetherholt","double_first_scores",5,5,2,0.4,0.4,0.41339590443686,0.41339590443686,0.411721416382253,0.410483751298412,0.125,"league-shrunk"
"802139","JJ Wetherholt","first_to_second_on_out",41,41,16,0.390243902439024,0.390243902439024,0.249688314632211,0.249688314632211,0.325514355422729,0.347362536667454,0.539473684210526,"player signal"
"802139","JJ Wetherholt","ground_ball_double_play",65,65,14,0.215384615384615,0.215384615384615,0.204819277108434,0.204819277108434,0.211686746987952,0.213093337204239,0.65,"player signal"
"802139","JJ Wetherholt","sac_fly_scores",8,8,4,0.5,0.5,0.593270173146031,0.593270173146031,0.575917582793281,0.564571658331867,0.186046511627907,"league-shrunk"
"802139","JJ Wetherholt","second_to_third_on_out",39,39,20,0.512820512820513,0.512820512820513,0.477532255672549,0.477532255672549,0.496130120926206,0.501676852668524,0.527027027027027,"player signal"
"802139","JJ Wetherholt","single_first_to_third",37,37,17,0.459459459459459,0.459459459459459,0.344619833714905,0.344619833714905,0.40363464138919,0.42187558194306,0.513888888888889,"player signal"
"802139","JJ Wetherholt","single_second_scores",17,17,15,0.882352941176471,0.882352941176471,0.617619711761971,0.617619711761971,0.704167113685942,0.746204423191871,0.326923076923077,"league-shrunk"
"802139","JJ Wetherholt","steal_second",177,14,13,0.0790960451977401,0.928571428571429,0.0647077913972589,0.881944444444444,0.0767206259382267,0.90234375,0.834905660377358,"player signal"
"802139","JJ Wetherholt","steal_third",114,0,0,0,,0.0135036339397067,0.853503184713376,0.00317199454959553,0.853503184713376,0.76510067114094,"player signal"
"802415","Chandler Simpson","double_first_scores",7,7,6,0.857142857142857,0.857142857142857,0.41339590443686,0.41339590443686,0.48735372988786,0.537645051194539,0.166666666666667,"league-shrunk"
"802415","Chandler Simpson","first_to_second_on_out",36,36,18,0.5,0.5,0.249688314632211,0.249688314632211,0.376606915663766,0.41656277154407,0.507042253521127,"player signal"
"802415","Chandler Simpson","ground_ball_double_play",64,64,15,0.234375,0.234375,0.204819277108434,0.204819277108434,0.223926007058537,0.227887158389656,0.646464646464647,"player signal"
"802415","Chandler Simpson","sac_fly_scores",11,11,5,0.454545454545455,0.454545454545455,0.593270173146031,0.593270173146031,0.56009687087198,0.540650452297536,0.239130434782609,"league-shrunk"
"802415","Chandler Simpson","second_to_third_on_out",17,17,8,0.470588235294118,0.470588235294118,0.477532255672549,0.477532255672549,0.475262095164216,0.474159445774454,0.326923076923077,"league-shrunk"
"802415","Chandler Simpson","single_first_to_third",42,42,20,0.476190476190476,0.476190476190476,0.344619833714905,0.344619833714905,0.41638563870158,0.436719283447805,0.545454545454545,"player signal"
"802415","Chandler Simpson","single_second_scores",17,17,12,0.705882352941177,0.705882352941177,0.617619711761971,0.617619711761971,0.646474805993634,0.660490137477585,0.326923076923077,"league-shrunk"
"802415","Chandler Simpson","steal_second",152,37,33,0.243421052631579,0.891891891891892,0.0647077913972589,0.881944444444444,0.209972046518204,0.888636363636364,0.812834224598931,"player signal"
"802415","Chandler Simpson","steal_third",87,6,5,0.0689655172413793,0.833333333333333,0.0135036339397067,0.853503184713376,0.0530543212122109,0.848460721868365,0.713114754098361,"player signal"
"803011","Sam Antonacci","double_first_scores",14,14,8,0.571428571428571,0.571428571428571,0.41339590443686,0.41339590443686,0.45854809500592,0.482535196245734,0.285714285714286,"league-shrunk"
"803011","Sam Antonacci","first_to_second_on_out",31,31,5,0.161290322580645,0.161290322580645,0.249688314632211,0.249688314632211,0.208168045638294,0.19376305435469,0.46969696969697,"player signal"
"803011","Sam Antonacci","ground_ball_double_play",54,54,8,0.148148148148148,0.148148148148148,0.204819277108434,0.204819277108434,0.170434547177474,0.16231593038822,0.606741573033708,"player signal"
"803011","Sam Antonacci","sac_fly_scores",9,9,4,0.444444444444444,0.444444444444444,0.593270173146031,0.593270173146031,0.562828546820706,0.543661596912169,0.204545454545455,"league-shrunk"
"803011","Sam Antonacci","second_to_third_on_out",30,30,14,0.466666666666667,0.466666666666667,0.477532255672549,0.477532255672549,0.472517368439065,0.470741262543873,0.461538461538462,"player signal"
"803011","Sam Antonacci","single_first_to_third",20,20,9,0.45,0.45,0.344619833714905,0.344619833714905,0.382939894182213,0.400083079128113,0.363636363636364,"league-shrunk"
"803011","Sam Antonacci","single_second_scores",24,24,15,0.625,0.625,0.617619711761971,0.617619711761971,0.620621862909644,0.621837019326559,0.406779661016949,"league-shrunk"
"803011","Sam Antonacci","steal_second",158,16,13,0.10126582278481,0.8125,0.0647077913972589,0.881944444444444,0.0946361279735962,0.849264705882353,0.818652849740933,"player signal"
"803011","Sam Antonacci","steal_third",99,0,0,0,,0.0135036339397067,0.853503184713376,0.0035270685663413,0.853503184713376,0.738805970149254,"player signal"
"804606","Konnor Griffin","double_first_scores",2,2,2,1,1,0.41339590443686,0.41339590443686,0.44510423392676,0.472056313993174,0.0540540540540541,"league-shrunk"
"804606","Konnor Griffin","first_to_second_on_out",16,16,8,0.5,0.5,0.249688314632211,0.249688314632211,0.328217470826027,0.367482048922935,0.313725490196078,"league-shrunk"
"804606","Konnor Griffin","ground_ball_double_play",27,27,5,0.185185185185185,0.185185185185185,0.204819277108434,0.204819277108434,0.196268946754761,0.193038821954485,0.435483870967742,"player signal"
"804606","Konnor Griffin","sac_fly_scores",7,7,2,0.285714285714286,0.285714285714286,0.593270173146031,0.593270173146031,0.542010858574073,0.507154524665142,0.166666666666667,"league-shrunk"
"804606","Konnor Griffin","second_to_third_on_out",9,9,5,0.555555555555556,0.555555555555556,0.477532255672549,0.477532255672549,0.493491567012255,0.503540022300218,0.204545454545455,"league-shrunk"
"804606","Konnor Griffin","single_first_to_third",12,12,6,0.5,0.5,0.344619833714905,0.344619833714905,0.384291365532376,0.406771900228943,0.25531914893617,"league-shrunk"
"804606","Konnor Griffin","single_second_scores",12,12,9,0.75,0.75,0.617619711761971,0.617619711761971,0.65141893429083,0.670571827057183,0.25531914893617,"league-shrunk"
"804606","Konnor Griffin","steal_second",77,21,20,0.272727272727273,0.952380952380952,0.0647077913972589,0.881944444444444,0.207721184811643,0.919871794871795,0.6875,"player signal"
"804606","Konnor Griffin","steal_third",41,0,0,0,,0.0135036339397067,0.853503184713376,0.00621877878802282,0.853503184713376,0.539473684210526,"player signal"
"804668","Rafael Flores Jr.","double_first_scores",1,1,0,0,0,0.41339590443686,0.41339590443686,0.40191268486917,0.391638225255973,0.0277777777777778,"league-shrunk"
"804668","Rafael Flores Jr.","first_to_second_on_out",12,12,1,0.0833333333333333,0.0833333333333333,0.249688314632211,0.249688314632211,0.207214702385689,0.18314632211266,0.25531914893617,"league-shrunk"
"804668","Rafael Flores Jr.","ground_ball_double_play",17,17,1,0.0588235294117647,0.0588235294117647,0.204819277108434,0.204819277108434,0.157089898053753,0.133907056798623,0.326923076923077,"league-shrunk"
"804668","Rafael Flores Jr.","sac_fly_scores",1,1,1,1,1,0.593270173146031,0.593270173146031,0.604568223891974,0.614677006138345,0.0277777777777778,"league-shrunk"
"804668","Rafael Flores Jr.","second_to_third_on_out",8,8,3,0.375,0.375,0.477532255672549,0.477532255672549,0.458456487175331,0.445983869311765,0.186046511627907,"league-shrunk"
"804668","Rafael Flores Jr.","single_first_to_third",4,4,0,0,0,0.344619833714905,0.344619833714905,0.309274209744146,0.281961682130377,0.102564102564103,"league-shrunk"
"804668","Rafael Flores Jr.","single_second_scores",1,1,1,1,1,0.617619711761971,0.617619711761971,0.62824138643525,0.637744990090289,0.0277777777777778,"league-shrunk"
"804668","Rafael Flores Jr.","steal_second",29,0,0,0,,0.0647077913972589,0.881944444444444,0.035387073420376,0.881944444444444,0.453125,"player signal"
"804668","Rafael Flores Jr.","steal_third",16,0,0,0,,0.0135036339397067,0.853503184713376,0.00926719976254382,0.853503184713376,0.313725490196078,"league-shrunk"
"805249","Otto Kemp","ground_ball_double_play",1,1,0,0,0,0.204819277108434,0.204819277108434,0.199129852744311,0.194039315155358,0.0277777777777778,"league-shrunk"
"805249","Otto Kemp","single_first_to_third",2,2,2,1,1,0.344619833714905,0.344619833714905,0.380045788649235,0.410157850343415,0.0540540540540541,"league-shrunk"
"805249","Otto Kemp","steal_second",3,0,0,0,,0.0647077913972589,0.881944444444444,0.0595992815501069,0.881944444444444,0.0789473684210526,"league-shrunk"
"805249","Otto Kemp","steal_third",2,0,0,0,,0.0135036339397067,0.853503184713376,0.0127737077808036,0.853503184713376,0.0540540540540541,"league-shrunk"
"805300","Jakob Marsee","double_first_scores",11,11,5,0.454545454545455,0.454545454545455,0.41339590443686,0.41339590443686,0.423236014245437,0.429004354478051,0.239130434782609,"league-shrunk"
"805300","Jakob Marsee","first_to_second_on_out",38,38,14,0.368421052631579,0.368421052631579,0.249688314632211,0.249688314632211,0.311494397426403,0.330256958274639,0.520547945205479,"player signal"
"805300","Jakob Marsee","ground_ball_double_play",66,66,17,0.257575757575758,0.257575757575758,0.204819277108434,0.204819277108434,0.239293808898962,0.246270797475617,0.653465346534653,"player signal"
"805300","Jakob Marsee","sac_fly_scores",16,16,11,0.6875,0.6875,0.593270173146031,0.593270173146031,0.622832471766884,0.63761362107731,0.313725490196078,"league-shrunk"
"805300","Jakob Marsee","second_to_third_on_out",21,21,12,0.571428571428571,0.571428571428571,0.477532255672549,0.477532255672549,0.512743374081058,0.528091810310407,0.375,"league-shrunk"
"805300","Jakob Marsee","single_first_to_third",27,27,11,0.407407407407407,0.407407407407407,0.344619833714905,0.344619833714905,0.371962809355189,0.382292377930407,0.435483870967742,"player signal"
"805300","Jakob Marsee","single_second_scores",12,12,8,0.666666666666667,0.666666666666667,0.617619711761971,0.617619711761971,0.630142338546149,0.637238493723849,0.25531914893617,"league-shrunk"
"805300","Jakob Marsee","steal_second",151,13,12,0.0860927152317881,0.923076923076923,0.0647077913972589,0.881944444444444,0.0820686704242154,0.899193548387097,0.811827956989247,"player signal"
"805300","Jakob Marsee","steal_third",67,6,4,0.0895522388059701,0.666666666666667,0.0135036339397067,0.853503184713376,0.0634571292930366,0.806794055201699,0.656862745098039,"player signal"
"805346","Ben Ross","single_second_scores",1,1,1,1,1,0.617619711761971,0.617619711761971,0.62824138643525,0.637744990090289,0.0277777777777778,"league-shrunk"
"805347","Jim Jarvis","double_first_scores",1,1,0,0,0,0.41339590443686,0.41339590443686,0.40191268486917,0.391638225255973,0.0277777777777778,"league-shrunk"
"805347","Jim Jarvis","first_to_second_on_out",3,3,0,0,0,0.249688314632211,0.249688314632211,0.22997607926651,0.214018555399038,0.0789473684210526,"league-shrunk"
"805347","Jim Jarvis","ground_ball_double_play",8,8,2,0.25,0.25,0.204819277108434,0.204819277108434,0.213224992995237,0.218721037998146,0.186046511627907,"league-shrunk"
"805347","Jim Jarvis","sac_fly_scores",1,1,1,1,1,0.593270173146031,0.593270173146031,0.604568223891974,0.614677006138345,0.0277777777777778,"league-shrunk"
"805347","Jim Jarvis","second_to_third_on_out",3,3,2,0.666666666666667,0.666666666666667,0.477532255672549,0.477532255672549,0.492463919698401,0.504551457243137,0.0789473684210526,"league-shrunk"
"805347","Jim Jarvis","single_first_to_third",8,8,5,0.625,0.625,0.344619833714905,0.344619833714905,0.3967835855819,0.430890654110319,0.186046511627907,"league-shrunk"
"805347","Jim Jarvis","single_second_scores",2,2,1,0.5,0.5,0.617619711761971,0.617619711761971,0.611261889504567,0.605857740585774,0.0540540540540541,"league-shrunk"
"805347","Jim Jarvis","steal_second",28,0,0,0,,0.0647077913972589,0.881944444444444,0.0359487729984772,0.881944444444444,0.444444444444444,"player signal"
"805347","Jim Jarvis","steal_third",14,0,0,0,,0.0135036339397067,0.853503184713376,0.00964545281407622,0.853503184713376,0.285714285714286,"league-shrunk"
"805367","Chase Meidroth","double_first_scores",11,11,6,0.545454545454545,0.545454545454545,0.41339590443686,0.41339590443686,0.44497514468022,0.463487113098741,0.239130434782609,"league-shrunk"
"805367","Chase Meidroth","first_to_second_on_out",30,30,7,0.233333333333333,0.233333333333333,0.249688314632211,0.249688314632211,0.242139861725037,0.239466451320413,0.461538461538462,"player signal"
"805367","Chase Meidroth","ground_ball_double_play",40,40,6,0.15,0.15,0.204819277108434,0.204819277108434,0.175582329317269,0.167012879102617,0.533333333333333,"player signal"
"805367","Chase Meidroth","sac_fly_scores",14,14,9,0.642857142857143,0.642857142857143,0.593270173146031,0.593270173146031,0.607437878777777,0.614964472394642,0.285714285714286,"league-shrunk"
"805367","Chase Meidroth","second_to_third_on_out",32,32,18,0.5625,0.5625,0.477532255672549,0.477532255672549,0.51811386490357,0.531911612042118,0.477611940298507,"player signal"
"805367","Chase Meidroth","single_first_to_third",31,31,9,0.290322580645161,0.290322580645161,0.344619833714905,0.344619833714905,0.319116578485177,0.310268510344251,0.46969696969697,"player signal"
"805367","Chase Meidroth","single_second_scores",19,19,9,0.473684210526316,0.473684210526316,0.617619711761971,0.617619711761971,0.566975739104981,0.543706886803121,0.351851851851852,"league-shrunk"
"805367","Chase Meidroth","steal_second",165,3,3,0.0181818181818182,1,0.0647077913972589,0.881944444444444,0.0263238634945203,0.898809523809524,0.825,"player signal"
"805367","Chase Meidroth","steal_third",103,0,0,0,,0.0135036339397067,0.853503184713376,0.00342483469485315,0.853503184713376,0.746376811594203,"player signal"
"805672","Collin Price","second_to_third_on_out",1,1,1,1,1,0.477532255672549,0.477532255672549,0.492045248570534,0.505030558005573,0.0277777777777778,"league-shrunk"
"805672","Collin Price","single_second_scores",1,1,1,1,1,0.617619711761971,0.617619711761971,0.62824138643525,0.637744990090289,0.0277777777777778,"league-shrunk"
"805672","Collin Price","steal_second",2,0,0,0,,0.0647077913972589,0.881944444444444,0.061210072943353,0.881944444444444,0.0540540540540541,"league-shrunk"
"805672","Collin Price","steal_third",2,0,0,0,,0.0135036339397067,0.853503184713376,0.0127737077808036,0.853503184713376,0.0540540540540541,"league-shrunk"
"805779","Jacob Wilson","double_first_scores",3,3,1,0.333333333333333,0.333333333333333,0.41339590443686,0.41339590443686,0.407075175139213,0.401958394279213,0.0789473684210526,"league-shrunk"
"805779","Jacob Wilson","first_to_second_on_out",16,16,4,0.25,0.25,0.249688314632211,0.249688314632211,0.249786098277008,0.249834990099406,0.313725490196078,"league-shrunk"
"805779","Jacob Wilson","ground_ball_double_play",30,30,11,0.366666666666667,0.366666666666667,0.204819277108434,0.204819277108434,0.279518072289157,0.305973895582329,0.461538461538462,"player signal"
"805779","Jacob Wilson","sac_fly_scores",6,6,4,0.666666666666667,0.666666666666667,0.593270173146031,0.593270173146031,0.604011123417343,0.61161929652619,0.146341463414634,"league-shrunk"
"805779","Jacob Wilson","second_to_third_on_out",15,15,11,0.733333333333333,0.733333333333333,0.477532255672549,0.477532255672549,0.554272578970785,0.593805472791088,0.3,"league-shrunk"
"805779","Jacob Wilson","single_first_to_third",16,16,3,0.1875,0.1875,0.344619833714905,0.344619833714905,0.29532733686317,0.270681088437303,0.313725490196078,"league-shrunk"
"805779","Jacob Wilson","single_second_scores",8,8,4,0.5,0.5,0.617619711761971,0.617619711761971,0.595736974689977,0.581429031219826,0.186046511627907,"league-shrunk"
"805779","Jacob Wilson","steal_second",79,2,2,0.0253164556962025,1,0.0647077913972589,0.881944444444444,0.0374102868324918,0.89375,0.692982456140351,"player signal"
"805779","Jacob Wilson","steal_third",57,2,2,0.0350877192982456,1,0.0135036339397067,0.853503184713376,0.0268763824770623,0.868152866242038,0.619565217391304,"player signal"
"805805","Walker Jenkins","first_to_second_on_out",1,1,0,0,0,0.249688314632211,0.249688314632211,0.24275252811465,0.236546824388411,0.0277777777777778,"league-shrunk"
"805805","Walker Jenkins","ground_ball_double_play",4,4,1,0.25,0.25,0.204819277108434,0.204819277108434,0.209453197405005,0.213033953997809,0.102564102564103,"league-shrunk"
"805805","Walker Jenkins","sac_fly_scores",1,1,1,1,1,0.593270173146031,0.593270173146031,0.604568223891974,0.614677006138345,0.0277777777777778,"league-shrunk"
"805805","Walker Jenkins","second_to_third_on_out",1,1,1,1,1,0.477532255672549,0.477532255672549,0.492045248570534,0.505030558005573,0.0277777777777778,"league-shrunk"
"805805","Walker Jenkins","single_first_to_third",2,2,2,1,1,0.344619833714905,0.344619833714905,0.380045788649235,0.410157850343415,0.0540540540540541,"league-shrunk"
"805805","Walker Jenkins","single_second_scores",1,1,1,1,1,0.617619711761971,0.617619711761971,0.62824138643525,0.637744990090289,0.0277777777777778,"league-shrunk"
"805805","Walker Jenkins","steal_second",7,2,1,0.285714285714286,0.5,0.0647077913972589,0.881944444444444,0.101542207116763,0.84375,0.166666666666667,"league-shrunk"
"805805","Walker Jenkins","steal_third",4,0,0,0,,0.0135036339397067,0.853503184713376,0.0121186458433265,0.853503184713376,0.102564102564103,"league-shrunk"
"805808","Kevin McGonigle","double_first_scores",18,18,11,0.611111111111111,0.611111111111111,0.41339590443686,0.41339590443686,0.480544465194153,0.512253507773986,0.339622641509434,"league-shrunk"
"805808","Kevin McGonigle","first_to_second_on_out",45,45,9,0.2,0.2,0.249688314632211,0.249688314632211,0.221738637651592,0.214196661323489,0.5625,"player signal"
"805808","Kevin McGonigle","ground_ball_double_play",72,72,19,0.263888888888889,0.263888888888889,0.204819277108434,0.204819277108434,0.244567053259768,0.252074966532798,0.672897196261682,"player signal"
"805808","Kevin McGonigle","sac_fly_scores",16,16,11,0.6875,0.6875,0.593270173146031,0.593270173146031,0.622832471766884,0.63761362107731,0.313725490196078,"league-shrunk"
"805808","Kevin McGonigle","second_to_third_on_out",33,33,18,0.545454545454545,0.545454545454545,0.477532255672549,0.477532255672549,0.510494543360871,0.521481972590311,0.485294117647059,"player signal"
"805808","Kevin McGonigle","single_first_to_third",36,36,19,0.527777777777778,0.527777777777778,0.344619833714905,0.344619833714905,0.437488650422841,0.46672512975682,0.507042253521127,"player signal"
"805808","Kevin McGonigle","single_second_scores",17,17,10,0.588235294117647,0.588235294117647,0.617619711761971,0.617619711761971,0.608013267532096,0.603347280334728,0.326923076923077,"league-shrunk"
"805808","Kevin McGonigle","steal_second",217,12,10,0.0552995391705069,0.833333333333333,0.0647077913972589,0.881944444444444,0.0566062408686669,0.8625,0.861111111111111,"player signal"
"805808","Kevin McGonigle","steal_third",97,0,0,0,,0.0135036339397067,0.853503184713376,0.00358050899916466,0.853503184713376,0.734848484848485,"player signal"
"805811","Bryce Eldridge","double_first_scores",5,5,0,0,0,0.41339590443686,0.41339590443686,0.361721416382253,0.323527229559282,0.125,"league-shrunk"
"805811","Bryce Eldridge","first_to_second_on_out",32,32,6,0.1875,0.1875,0.249688314632211,0.249688314632211,0.219986433016827,0.209887793267596,0.477611940298507,"player signal"
"805811","Bryce Eldridge","ground_ball_double_play",46,46,7,0.152173913043478,0.152173913043478,0.204819277108434,0.204819277108434,0.174921909861669,0.166980421686747,0.567901234567901,"player signal"
"805811","Bryce Eldridge","sac_fly_scores",8,8,6,0.75,0.75,0.593270173146031,0.593270173146031,0.622429210700258,0.641494735254944,0.186046511627907,"league-shrunk"
"805811","Bryce Eldridge","second_to_third_on_out",16,16,10,0.625,0.625,0.477532255672549,0.477532255672549,0.523796646049789,0.546928841238408,0.313725490196078,"league-shrunk"
"805811","Bryce Eldridge","single_first_to_third",35,35,9,0.257142857142857,0.257142857142857,0.344619833714905,0.344619833714905,0.300881345428881,0.286852018997515,0.5,"player signal"
"805811","Bryce Eldridge","single_second_scores",10,10,4,0.4,0.4,0.617619711761971,0.617619711761971,0.569259775814867,0.539898386132696,0.222222222222222,"league-shrunk"
"805811","Bryce Eldridge","steal_second",112,1,1,0.00892857142857143,1,0.0647077913972589,0.881944444444444,0.0222093380877827,0.888157894736842,0.761904761904762,"player signal"
"805811","Bryce Eldridge","steal_third",72,0,0,0,,0.0135036339397067,0.853503184713376,0.00441707652233397,0.853503184713376,0.672897196261682,"player signal"
"805904","Zach Cole","ground_ball_double_play",3,3,0,0,0,0.204819277108434,0.204819277108434,0.188649334178821,0.175559380378657,0.0789473684210526,"league-shrunk"
"805904","Zach Cole","second_to_third_on_out",1,1,1,1,1,0.477532255672549,0.477532255672549,0.492045248570534,0.505030558005573,0.0277777777777778,"league-shrunk"
"805904","Zach Cole","single_first_to_third",1,1,1,1,1,0.344619833714905,0.344619833714905,0.362824838333936,0.379113526677279,0.0277777777777778,"league-shrunk"
"805904","Zach Cole","steal_second",3,0,0,0,,0.0647077913972589,0.881944444444444,0.0595992815501069,0.881944444444444,0.0789473684210526,"league-shrunk"
"805904","Zach Cole","steal_third",1,0,0,0,,0.0135036339397067,0.853503184713376,0.0131285329969371,0.853503184713376,0.0277777777777778,"league-shrunk"
"805999","A.J. Ewing","double_first_scores",4,4,3,0.75,0.75,0.41339590443686,0.41339590443686,0.447919401417695,0.474596649084704,0.102564102564103,"league-shrunk"
"805999","A.J. Ewing","first_to_second_on_out",31,31,12,0.387096774193548,0.387096774193548,0.249688314632211,0.249688314632211,0.3142286516989,0.336620197211833,0.46969696969697,"player signal"
"805999","A.J. Ewing","ground_ball_double_play",48,48,6,0.125,0.125,0.204819277108434,0.204819277108434,0.158658731310785,0.146768893756846,0.578313253012048,"player signal"
"805999","A.J. Ewing","sac_fly_scores",4,4,1,0.25,0.25,0.593270173146031,0.593270173146031,0.558062975900284,0.530857414392207,0.102564102564103,"league-shrunk"
"805999","A.J. Ewing","second_to_third_on_out",11,11,5,0.454545454545455,0.454545454545455,0.477532255672549,0.477532255672549,0.472035411924766,0.468813124210548,0.239130434782609,"league-shrunk"
"805999","A.J. Ewing","single_first_to_third",17,17,9,0.529411764705882,0.529411764705882,0.344619833714905,0.344619833714905,0.405032580385032,0.434375914481951,0.326923076923077,"league-shrunk"
"805999","A.J. Ewing","single_second_scores",11,11,7,0.636363636363636,0.636363636363636,0.617619711761971,0.617619711761971,0.6221019546015,0.624729476266051,0.239130434782609,"league-shrunk"
"805999","A.J. Ewing","steal_second",122,23,21,0.188524590163934,0.91304347826087,0.0647077913972589,0.881944444444444,0.1609221191013,0.899390243902439,0.777070063694268,"player signal"
"805999","A.J. Ewing","steal_third",59,0,0,0,,0.0135036339397067,0.853503184713376,0.0050279488073376,0.853503184713376,0.627659574468085,"player signal"
"806068","Colt Emerson","double_first_scores",1,1,0,0,0,0.41339590443686,0.41339590443686,0.40191268486917,0.391638225255973,0.0277777777777778,"league-shrunk"
"806068","Colt Emerson","first_to_second_on_out",8,8,0,0,0,0.249688314632211,0.249688314632211,0.203234674700637,0.172861140899223,0.186046511627907,"league-shrunk"
"806068","Colt Emerson","ground_ball_double_play",10,10,0,0,0,0.204819277108434,0.204819277108434,0.159303882195448,0.131669535283993,0.222222222222222,"league-shrunk"
"806068","Colt Emerson","sac_fly_scores",5,5,3,0.6,0.6,0.593270173146031,0.593270173146031,0.594111401502777,0.59473317898385,0.125,"league-shrunk"
"806068","Colt Emerson","second_to_third_on_out",6,6,3,0.5,0.5,0.477532255672549,0.477532255672549,0.480820218257054,0.483149191754412,0.146341463414634,"league-shrunk"
"806068","Colt Emerson","single_first_to_third",14,14,7,0.5,0.5,0.344619833714905,0.344619833714905,0.389014166939218,0.412598656464634,0.285714285714286,"league-shrunk"
"806068","Colt Emerson","single_second_scores",5,5,4,0.8,0.8,0.617619711761971,0.617619711761971,0.640417247791725,0.657267600509369,0.125,"league-shrunk"
"806068","Colt Emerson","steal_second",47,4,3,0.0851063829787234,0.75,0.0647077913972589,0.881944444444444,0.0763996670598056,0.857954545454545,0.573170731707317,"player signal"
"806068","Colt Emerson","steal_third",21,0,0,0,,0.0135036339397067,0.853503184713376,0.00843977121231669,0.853503184713376,0.375,"league-shrunk"
"806146","George Lombard Jr.","double_first_scores",3,3,3,1,1,0.41339590443686,0.41339590443686,0.459706754086582,0.497196489517309,0.0789473684210526,"league-shrunk"
"806146","George Lombard Jr.","first_to_second_on_out",6,6,2,0.333333333333333,0.333333333333333,0.249688314632211,0.249688314632211,0.261929049076278,0.270599569307492,0.146341463414634,"league-shrunk"
"806146","George Lombard Jr.","ground_ball_double_play",11,11,4,0.363636363636364,0.363636363636364,0.204819277108434,0.204819277108434,0.242797276060765,0.265060240963855,0.239130434782609,"league-shrunk"
"806146","George Lombard Jr.","sac_fly_scores",3,3,1,0.333333333333333,0.333333333333333,0.593270173146031,0.593270173146031,0.572748843687134,0.556136338887074,0.0789473684210526,"league-shrunk"
"806146","George Lombard Jr.","second_to_third_on_out",7,7,3,0.428571428571429,0.428571428571429,0.477532255672549,0.477532255672549,0.469372117822363,0.463823224084235,0.166666666666667,"league-shrunk"
"806146","George Lombard Jr.","single_first_to_third",4,4,1,0.25,0.25,0.344619833714905,0.344619833714905,0.334915235385172,0.327416227584923,0.102564102564103,"league-shrunk"
"806146","George Lombard Jr.","single_second_scores",4,4,3,0.75,0.75,0.617619711761971,0.617619711761971,0.631197177222282,0.641688855077976,0.102564102564103,"league-shrunk"
"806146","George Lombard Jr.","steal_second",28,0,0,0,,0.0647077913972589,0.881944444444444,0.0359487729984772,0.881944444444444,0.444444444444444,"player signal"
"806146","George Lombard Jr.","steal_third",17,0,0,0,,0.0135036339397067,0.853503184713376,0.0090889843824949,0.853503184713376,0.326923076923077,"league-shrunk"
"806198","Cooper Pratt","double_first_scores",4,4,2,0.5,0.5,0.41339590443686,0.41339590443686,0.422278375776669,0.429142103630158,0.102564102564103,"league-shrunk"
"806198","Cooper Pratt","first_to_second_on_out",12,12,5,0.416666666666667,0.416666666666667,0.249688314632211,0.249688314632211,0.292321085364413,0.316479655445993,0.25531914893617,"league-shrunk"
"806198","Cooper Pratt","ground_ball_double_play",24,24,8,0.333333333333333,0.333333333333333,0.204819277108434,0.204819277108434,0.257096181335511,0.278255880665519,0.406779661016949,"league-shrunk"
"806198","Cooper Pratt","sac_fly_scores",5,5,4,0.8,0.8,0.593270173146031,0.593270173146031,0.619111401502777,0.638211439853415,0.125,"league-shrunk"
"806198","Cooper Pratt","second_to_third_on_out",14,14,9,0.642857142857143,0.642857142857143,0.477532255672549,0.477532255672549,0.52476793772529,0.549861893815809,0.285714285714286,"league-shrunk"
"806198","Cooper Pratt","single_first_to_third",16,16,4,0.25,0.25,0.344619833714905,0.344619833714905,0.314935180000425,0.300092853143185,0.313725490196078,"league-shrunk"
"806198","Cooper Pratt","single_second_scores",9,9,7,0.777777777777778,0.777777777777778,0.617619711761971,0.617619711761971,0.650379316174295,0.67100573376724,0.204545454545455,"league-shrunk"
"806198","Cooper Pratt","steal_second",58,14,13,0.241379310344828,0.928571428571429,0.0647077913972589,0.881944444444444,0.174890029020474,0.90234375,0.623655913978495,"player signal"
"806198","Cooper Pratt","steal_third",35,0,0,0,,0.0135036339397067,0.853503184713376,0.00675181696985335,0.853503184713376,0.5,"player signal"
"806367","Turner Hill","double_first_scores",2,2,1,0.5,0.5,0.41339590443686,0.41339590443686,0.418077206899733,0.422056313993174,0.0540540540540541,"league-shrunk"
"806367","Turner Hill","first_to_second_on_out",2,2,1,0.5,0.5,0.249688314632211,0.249688314632211,0.263218676003443,0.27471948316899,0.0540540540540541,"league-shrunk"
"806367","Turner Hill","ground_ball_double_play",6,6,3,0.5,0.5,0.204819277108434,0.204819277108434,0.248016456068175,0.278614457831325,0.146341463414634,"league-shrunk"
"806367","Turner Hill","sac_fly_scores",2,2,2,1,1,0.593270173146031,0.593270173146031,0.615255569192191,0.633943155831428,0.0540540540540541,"league-shrunk"
"806367","Turner Hill","second_to_third_on_out",4,4,1,0.25,0.25,0.477532255672549,0.477532255672549,0.454195614065108,0.436162754641177,0.102564102564103,"league-shrunk"
"806367","Turner Hill","single_first_to_third",2,2,1,0.5,0.5,0.344619833714905,0.344619833714905,0.353018761622208,0.360157850343415,0.0540540540540541,"league-shrunk"
"806367","Turner Hill","single_second_scores",4,4,3,0.75,0.75,0.617619711761971,0.617619711761971,0.631197177222282,0.641688855077976,0.102564102564103,"league-shrunk"
"806367","Turner Hill","steal_second",18,2,1,0.111111111111111,0.5,0.0647077913972589,0.881944444444444,0.0804674094132842,0.84375,0.339622641509434,"league-shrunk"
"806367","Turner Hill","steal_third",17,0,0,0,,0.0135036339397067,0.853503184713376,0.0090889843824949,0.853503184713376,0.326923076923077,"league-shrunk"
"806956","Ethan Salas","single_first_to_third",1,1,1,1,1,0.344619833714905,0.344619833714905,0.362824838333936,0.379113526677279,0.0277777777777778,"league-shrunk"
"806956","Ethan Salas","steal_second",1,0,0,0,,0.0647077913972589,0.881944444444444,0.062910352747335,0.881944444444444,0.0277777777777778,"league-shrunk"
"807712","Luke Keaschall","double_first_scores",8,8,6,0.75,0.75,0.41339590443686,0.41339590443686,0.476019922216049,0.516966395379365,0.186046511627907,"league-shrunk"
"807712","Luke Keaschall","first_to_second_on_out",44,44,9,0.204545454545455,0.204545454545455,0.249688314632211,0.249688314632211,0.224545455849714,0.217651446183545,0.556962025316456,"player signal"
"807712","Luke Keaschall","ground_ball_double_play",70,70,12,0.171428571428571,0.171428571428571,0.204819277108434,0.204819277108434,0.182558806655192,0.178258488499452,0.666666666666667,"player signal"
"807712","Luke Keaschall","sac_fly_scores",10,10,7,0.7,0.7,0.593270173146031,0.593270173146031,0.616987912446913,0.63138796845102,0.222222222222222,"league-shrunk"
"807712","Luke Keaschall","second_to_third_on_out",27,27,11,0.407407407407407,0.407407407407407,0.477532255672549,0.477532255672549,0.44699401529902,0.435457346713464,0.435483870967742,"player signal"
"807712","Luke Keaschall","single_first_to_third",35,35,13,0.371428571428571,0.371428571428571,0.344619833714905,0.344619833714905,0.358024202571738,0.362323717110723,0.5,"player signal"
"807712","Luke Keaschall","single_second_scores",17,17,13,0.764705882352941,0.764705882352941,0.617619711761971,0.617619711761971,0.665705575224404,0.689061566049014,0.326923076923077,"league-shrunk"
"807712","Luke Keaschall","steal_second",158,16,14,0.10126582278481,0.875,0.0647077913972589,0.881944444444444,0.0946361279735962,0.878676470588235,0.818652849740933,"player signal"
"807712","Luke Keaschall","steal_third",102,2,2,0.0196078431372549,1,0.0135036339397067,0.853503184713376,0.0180483736342316,0.868152866242038,0.744525547445255,"player signal"
"807713","Matt Shaw","double_first_scores",4,4,0,0,0,0.41339590443686,0.41339590443686,0.370996324494618,0.338233012721067,0.102564102564103,"league-shrunk"
"807713","Matt Shaw","first_to_second_on_out",6,6,1,0.166666666666667,0.166666666666667,0.249688314632211,0.249688314632211,0.237538805173839,0.228932902640825,0.146341463414634,"league-shrunk"
"807713","Matt Shaw","ground_ball_double_play",12,12,2,0.166666666666667,0.166666666666667,0.204819277108434,0.204819277108434,0.195078185080749,0.189558232931727,0.25531914893617,"league-shrunk"
"807713","Matt Shaw","sac_fly_scores",8,8,4,0.5,0.5,0.593270173146031,0.593270173146031,0.575917582793281,0.564571658331867,0.186046511627907,"league-shrunk"
"807713","Matt Shaw","second_to_third_on_out",10,10,6,0.6,0.6,0.477532255672549,0.477532255672549,0.504747309967538,0.521270735789496,0.222222222222222,"league-shrunk"
"807713","Matt Shaw","single_first_to_third",8,8,2,0.25,0.25,0.344619833714905,0.344619833714905,0.327016143721435,0.315506038725704,0.186046511627907,"league-shrunk"
"807713","Matt Shaw","single_second_scores",7,7,2,0.285714285714286,0.285714285714286,0.617619711761971,0.617619711761971,0.562302140754024,0.524686192468619,0.166666666666667,"league-shrunk"
"807713","Matt Shaw","steal_second",41,4,4,0.0975609756097561,1,0.0647077913972589,0.881944444444444,0.0824312197224219,0.903409090909091,0.539473684210526,"player signal"
"807713","Matt Shaw","steal_third",24,0,0,0,,0.0135036339397067,0.853503184713376,0.00801063030321584,0.853503184713376,0.406779661016949,"league-shrunk"
"807726","John Peck","double_first_scores",2,2,1,0.5,0.5,0.41339590443686,0.41339590443686,0.418077206899733,0.422056313993174,0.0540540540540541,"league-shrunk"
"807726","John Peck","first_to_second_on_out",4,4,1,0.25,0.25,0.249688314632211,0.249688314632211,0.249720282362241,0.249744984699082,0.102564102564103,"league-shrunk"
"807726","John Peck","ground_ball_double_play",4,4,0,0,0,0.204819277108434,0.204819277108434,0.183812171763979,0.167579408543264,0.102564102564103,"league-shrunk"
"807726","John Peck","second_to_third_on_out",2,2,2,1,1,0.477532255672549,0.477532255672549,0.505773755365925,0.529779030105294,0.0540540540540541,"league-shrunk"
"807726","John Peck","steal_second",10,3,3,0.3,1,0.0647077913972589,0.881944444444444,0.116994948864535,0.898809523809524,0.222222222222222,"league-shrunk"
"807726","John Peck","steal_third",5,0,0,0,,0.0135036339397067,0.853503184713376,0.0118156796972434,0.853503184713376,0.125,"league-shrunk"
"807727","Charles McAdoo","double_first_scores",3,3,1,0.333333333333333,0.333333333333333,0.41339590443686,0.41339590443686,0.407075175139213,0.401958394279213,0.0789473684210526,"league-shrunk"
"807727","Charles McAdoo","first_to_second_on_out",8,8,1,0.125,0.125,0.249688314632211,0.249688314632211,0.226490488654125,0.211322679360762,0.186046511627907,"league-shrunk"
"807727","Charles McAdoo","ground_ball_double_play",12,12,1,0.0833333333333333,0.0833333333333333,0.204819277108434,0.204819277108434,0.173801589336068,0.156224899598394,0.25531914893617,"league-shrunk"
"807727","Charles McAdoo","sac_fly_scores",2,2,1,0.5,0.5,0.593270173146031,0.593270173146031,0.588228542165164,0.583943155831428,0.0540540540540541,"league-shrunk"
"807727","Charles McAdoo","second_to_third_on_out",3,3,1,0.333333333333333,0.333333333333333,0.477532255672549,0.477532255672549,0.466148130224717,0.45693240962409,0.0789473684210526,"league-shrunk"
"807727","Charles McAdoo","single_first_to_third",7,7,1,0.142857142857143,0.142857142857143,0.344619833714905,0.344619833714905,0.310992718571945,0.288126280274732,0.166666666666667,"league-shrunk"
"807727","Charles McAdoo","single_second_scores",4,4,3,0.75,0.75,0.617619711761971,0.617619711761971,0.631197177222282,0.641688855077976,0.102564102564103,"league-shrunk"
"807727","Charles McAdoo","steal_second",27,1,1,0.037037037037037,1,0.0647077913972589,0.881944444444444,0.052657624175872,0.888157894736842,0.435483870967742,"player signal"
"807727","Charles McAdoo","steal_third",16,0,0,0,,0.0135036339397067,0.853503184713376,0.00926719976254382,0.853503184713376,0.313725490196078,"league-shrunk"
"807747","Rikuu Nishida","first_to_second_on_out",2,2,0,0,0,0.249688314632211,0.249688314632211,0.236191648976416,0.22471948316899,0.0540540540540541,"league-shrunk"
"807747","Rikuu Nishida","ground_ball_double_play",2,2,0,0,0,0.204819277108434,0.204819277108434,0.193747964832302,0.18433734939759,0.0540540540540541,"league-shrunk"
"807747","Rikuu Nishida","second_to_third_on_out",1,1,0,0,0,0.477532255672549,0.477532255672549,0.464267470792756,0.452398979058205,0.0277777777777778,"league-shrunk"
"807747","Rikuu Nishida","single_first_to_third",1,1,0,0,0,0.344619833714905,0.344619833714905,0.335047060556158,0.32648194772991,0.0277777777777778,"league-shrunk"
"807747","Rikuu Nishida","steal_second",12,0,0,0,,0.0647077913972589,0.881944444444444,0.0481866531681715,0.881944444444444,0.25531914893617,"league-shrunk"
"807747","Rikuu Nishida","steal_third",3,0,0,0,,0.0135036339397067,0.853503184713376,0.0124375575760456,0.853503184713376,0.0789473684210526,"league-shrunk"
"807799","Masataka Yoshida","double_first_scores",5,5,0,0,0,0.41339590443686,0.41339590443686,0.361721416382253,0.323527229559282,0.125,"league-shrunk"
"807799","Masataka Yoshida","first_to_second_on_out",16,16,3,0.1875,0.1875,0.249688314632211,0.249688314632211,0.230178255139753,0.220423225393524,0.313725490196078,"league-shrunk"
"807799","Masataka Yoshida","ground_ball_double_play",27,27,3,0.111111111111111,0.111111111111111,0.204819277108434,0.204819277108434,0.164010882238632,0.14859437751004,0.435483870967742,"player signal"
"807799","Masataka Yoshida","sac_fly_scores",9,9,5,0.555555555555556,0.555555555555556,0.593270173146031,0.593270173146031,0.585555819547979,0.580698633949206,0.204545454545455,"league-shrunk"
"807799","Masataka Yoshida","second_to_third_on_out",18,18,5,0.277777777777778,0.277777777777778,0.477532255672549,0.477532255672549,0.409691112236589,0.377655016725164,0.339622641509434,"league-shrunk"
"807799","Masataka Yoshida","single_first_to_third",20,20,3,0.15,0.15,0.344619833714905,0.344619833714905,0.273848985091303,0.242188342286008,0.363636363636364,"league-shrunk"
"807799","Masataka Yoshida","single_second_scores",11,11,7,0.636363636363636,0.636363636363636,0.617619711761971,0.617619711761971,0.6221019546015,0.624729476266051,0.239130434782609,"league-shrunk"
"807799","Masataka Yoshida","steal_second",83,2,2,0.0240963855421687,1,0.0647077913972589,0.881944444444444,0.0361421415161361,0.89375,0.703389830508475,"player signal"
"807799","Masataka Yoshida","steal_third",60,0,0,0,,0.0135036339397067,0.853503184713376,0.00497502303041826,0.853503184713376,0.631578947368421,"player signal"
"808959","Munetaka Murakami","double_first_scores",6,6,4,0.666666666666667,0.666666666666667,0.41339590443686,0.41339590443686,0.45045991842171,0.476713594994312,0.146341463414634,"league-shrunk"
"808959","Munetaka Murakami","first_to_second_on_out",34,34,1,0.0294117647058824,0.0294117647058824,0.249688314632211,0.249688314632211,0.141146246552571,0.105661339680381,0.492753623188406,"player signal"
"808959","Munetaka Murakami","ground_ball_double_play",54,54,11,0.203703703703704,0.203703703703704,0.204819277108434,0.204819277108434,0.204142412346013,0.203982597054886,0.606741573033708,"player signal"
"808959","Munetaka Murakami","sac_fly_scores",7,7,3,0.428571428571429,0.428571428571429,0.593270173146031,0.593270173146031,0.565820382383597,0.547154524665142,0.166666666666667,"league-shrunk"
"808959","Munetaka Murakami","second_to_third_on_out",24,24,9,0.375,0.375,0.477532255672549,0.477532255672549,0.435824219466767,0.418942395288235,0.406779661016949,"league-shrunk"
"808959","Munetaka Murakami","single_first_to_third",30,30,7,0.233333333333333,0.233333333333333,0.344619833714905,0.344619833714905,0.293256833538795,0.275065770976423,0.461538461538462,"player signal"
"808959","Munetaka Murakami","single_second_scores",10,10,7,0.7,0.7,0.617619711761971,0.617619711761971,0.635926442481533,0.647041243275553,0.222222222222222,"league-shrunk"
"808959","Munetaka Murakami","steal_second",122,1,1,0.00819672131147541,1,0.0647077913972589,0.881944444444444,0.0207947305662679,0.888157894736842,0.777070063694268,"player signal"
"808959","Munetaka Murakami","steal_third",77,0,0,0,,0.0135036339397067,0.853503184713376,0.00421988560615834,0.853503184713376,0.6875,"player signal"
"808975","Hyeseong Kim","double_first_scores",4,4,3,0.75,0.75,0.41339590443686,0.41339590443686,0.447919401417695,0.474596649084704,0.102564102564103,"league-shrunk"
"808975","Hyeseong Kim","first_to_second_on_out",4,4,2,0.5,0.5,0.249688314632211,0.249688314632211,0.275361308003267,0.295199530153627,0.102564102564103,"league-shrunk"
"808975","Hyeseong Kim","ground_ball_double_play",12,12,3,0.25,0.25,0.204819277108434,0.204819277108434,0.216354780825429,0.22289156626506,0.25531914893617,"league-shrunk"
"808975","Hyeseong Kim","sac_fly_scores",1,1,1,1,1,0.593270173146031,0.593270173146031,0.604568223891974,0.614677006138345,0.0277777777777778,"league-shrunk"
"808975","Hyeseong Kim","second_to_third_on_out",7,7,5,0.714285714285714,0.714285714285714,0.477532255672549,0.477532255672549,0.51699116544141,0.543823224084235,0.166666666666667,"league-shrunk"
"808975","Hyeseong Kim","single_first_to_third",7,7,5,0.714285714285714,0.714285714285714,0.344619833714905,0.344619833714905,0.40623081381004,0.448126280274732,0.166666666666667,"league-shrunk"
"808975","Hyeseong Kim","single_second_scores",2,2,2,1,1,0.617619711761971,0.617619711761971,0.638288916531594,0.655857740585774,0.0540540540540541,"league-shrunk"
"808975","Hyeseong Kim","steal_second",34,5,5,0.147058823529412,1,0.0647077913972589,0.881944444444444,0.105286560853682,0.907608695652174,0.492753623188406,"player signal"
"808975","Hyeseong Kim","steal_third",17,0,0,0,,0.0135036339397067,0.853503184713376,0.0090889843824949,0.853503184713376,0.326923076923077,"league-shrunk"
"808982","Jung Hoo Lee","double_first_scores",6,6,3,0.5,0.5,0.41339590443686,0.41339590443686,0.426069674519271,0.435046928327645,0.146341463414634,"league-shrunk"
"808982","Jung Hoo Lee","first_to_second_on_out",27,27,11,0.407407407407407,0.407407407407407,0.249688314632211,0.249688314632211,0.318372435679474,0.344319770297329,0.435483870967742,"player signal"
"808982","Jung Hoo Lee","ground_ball_double_play",43,43,9,0.209302325581395,0.209302325581395,0.204819277108434,0.204819277108434,0.207290701266605,0.207979458818882,0.551282051282051,"player signal"
"808982","Jung Hoo Lee","sac_fly_scores",7,7,5,0.714285714285714,0.714285714285714,0.593270173146031,0.593270173146031,0.613439430002645,0.627154524665142,0.166666666666667,"league-shrunk"
"808982","Jung Hoo Lee","second_to_third_on_out",18,18,10,0.555555555555556,0.555555555555556,0.477532255672549,0.477532255672549,0.504030734878099,0.516543905614052,0.339622641509434,"league-shrunk"
"808982","Jung Hoo Lee","single_first_to_third",23,23,8,0.347826086956522,0.347826086956522,0.344619833714905,0.344619833714905,0.345891278965891,0.346418463582154,0.396551724137931,"league-shrunk"
"808982","Jung Hoo Lee","single_second_scores",15,15,10,0.666666666666667,0.666666666666667,0.617619711761971,0.617619711761971,0.63233379823338,0.639913782173196,0.3,"league-shrunk"
"808982","Jung Hoo Lee","steal_second",136,11,11,0.0808823529411765,1,0.0647077913972589,0.881944444444444,0.0775717701690296,0.926724137931034,0.795321637426901,"player signal"
"808982","Jung Hoo Lee","steal_third",89,0,0,0,,0.0135036339397067,0.853503184713376,0.00381150957975592,0.853503184713376,0.717741935483871,"player signal"
"810938","Ben Williamson","double_first_scores",1,1,0,0,0,0.41339590443686,0.41339590443686,0.40191268486917,0.391638225255973,0.0277777777777778,"league-shrunk"
"810938","Ben Williamson","first_to_second_on_out",18,18,8,0.444444444444444,0.444444444444444,0.249688314632211,0.249688314632211,0.315831905889196,0.347066379538328,0.339622641509434,"league-shrunk"
"810938","Ben Williamson","ground_ball_double_play",29,29,3,0.103448275862069,0.103448275862069,0.204819277108434,0.204819277108434,0.158885542168675,0.142271212509613,0.453125,"player signal"
"810938","Ben Williamson","sac_fly_scores",3,3,1,0.333333333333333,0.333333333333333,0.593270173146031,0.593270173146031,0.572748843687134,0.556136338887074,0.0789473684210526,"league-shrunk"
"810938","Ben Williamson","second_to_third_on_out",11,11,7,0.636363636363636,0.636363636363636,0.477532255672549,0.477532255672549,0.515513672794331,0.537778641451927,0.239130434782609,"league-shrunk"
"810938","Ben Williamson","single_first_to_third",14,14,7,0.5,0.5,0.344619833714905,0.344619833714905,0.389014166939218,0.412598656464634,0.285714285714286,"league-shrunk"
"810938","Ben Williamson","single_second_scores",8,8,7,0.875,0.875,0.617619711761971,0.617619711761971,0.665504416550442,0.696813646604442,0.186046511627907,"league-shrunk"
"810938","Ben Williamson","steal_second",58,7,7,0.120689655172414,1,0.0647077913972589,0.881944444444444,0.0996212118161727,0.915,0.623655913978495,"player signal"
"810938","Ben Williamson","steal_third",36,0,0,0,,0.0135036339397067,0.853503184713376,0.00665672095619345,0.853503184713376,0.507042253521127,"player signal"
"811965","Joshua Kuroda-Grauer","double_first_scores",1,1,0,0,0,0.41339590443686,0.41339590443686,0.40191268486917,0.391638225255973,0.0277777777777778,"league-shrunk"
"811965","Joshua Kuroda-Grauer","first_to_second_on_out",5,5,3,0.6,0.6,0.249688314632211,0.249688314632211,0.293477275303185,0.3258430288426,0.125,"league-shrunk"
"811965","Joshua Kuroda-Grauer","ground_ball_double_play",7,7,2,0.285714285714286,0.285714285714286,0.204819277108434,0.204819277108434,0.218301778542742,0.227469879518072,0.166666666666667,"league-shrunk"
"811965","Joshua Kuroda-Grauer","second_to_third_on_out",7,7,2,0.285714285714286,0.285714285714286,0.477532255672549,0.477532255672549,0.445562594012839,0.423823224084235,0.166666666666667,"league-shrunk"
"811965","Joshua Kuroda-Grauer","single_first_to_third",2,2,1,0.5,0.5,0.344619833714905,0.344619833714905,0.353018761622208,0.360157850343415,0.0540540540540541,"league-shrunk"
"811965","Joshua Kuroda-Grauer","single_second_scores",3,3,2,0.666666666666667,0.666666666666667,0.617619711761971,0.617619711761971,0.621491839780763,0.624626419605499,0.0789473684210526,"league-shrunk"
"811965","Joshua Kuroda-Grauer","steal_second",21,0,0,0,,0.0647077913972589,0.881944444444444,0.0404423696232868,0.881944444444444,0.375,"league-shrunk"
"811965","Joshua Kuroda-Grauer","steal_third",21,0,0,0,,0.0135036339397067,0.853503184713376,0.00843977121231669,0.853503184713376,0.375,"league-shrunk"
"813841","Jonah Cox","double_first_scores",1,1,1,1,1,0.41339590443686,0.41339590443686,0.429690462646947,0.444269804203341,0.0277777777777778,"league-shrunk"
"813841","Jonah Cox","first_to_second_on_out",7,7,3,0.428571428571429,0.428571428571429,0.249688314632211,0.249688314632211,0.279502166955414,0.299775586535192,0.166666666666667,"league-shrunk"
"813841","Jonah Cox","ground_ball_double_play",13,13,4,0.307692307692308,0.307692307692308,0.204819277108434,0.204819277108434,0.232680722891566,0.24795958025651,0.270833333333333,"league-shrunk"
"813841","Jonah Cox","sac_fly_scores",1,1,1,1,1,0.593270173146031,0.593270173146031,0.604568223891974,0.614677006138345,0.0277777777777778,"league-shrunk"
"813841","Jonah Cox","second_to_third_on_out",1,1,1,1,1,0.477532255672549,0.477532255672549,0.492045248570534,0.505030558005573,0.0277777777777778,"league-shrunk"
"813841","Jonah Cox","single_first_to_third",3,3,1,0.333333333333333,0.333333333333333,0.344619833714905,0.344619833714905,0.343728794211097,0.343007476517538,0.0789473684210526,"league-shrunk"
"813841","Jonah Cox","single_second_scores",4,4,4,1,1,0.617619711761971,0.617619711761971,0.656838202863308,0.687143400532522,0.102564102564103,"league-shrunk"
"813841","Jonah Cox","steal_second",25,6,6,0.24,1,0.0647077913972589,0.881944444444444,0.137746211648401,0.911458333333333,0.416666666666667,"player signal"
"813841","Jonah Cox","steal_third",11,1,1,0.0909090909090909,1,0.0135036339397067,0.853503184713376,0.0320136345193421,0.861213543412672,0.239130434782609,"league-shrunk"
"814430","Brett Callahan","first_to_second_on_out",3,3,1,0.333333333333333,0.333333333333333,0.249688314632211,0.249688314632211,0.256291868740195,0.261637603018086,0.0789473684210526,"league-shrunk"
"814430","Brett Callahan","ground_ball_double_play",6,6,2,0.333333333333333,0.333333333333333,0.204819277108434,0.204819277108434,0.223626212165736,0.236947791164659,0.146341463414634,"league-shrunk"
"814430","Brett Callahan","sac_fly_scores",1,1,0,0,0,0.593270173146031,0.593270173146031,0.576790446114197,0.562045427190976,0.0277777777777778,"league-shrunk"
"814430","Brett Callahan","second_to_third_on_out",2,2,0,0,0,0.477532255672549,0.477532255672549,0.451719701311871,0.429779030105294,0.0540540540540541,"league-shrunk"
"814430","Brett Callahan","single_first_to_third",1,1,1,1,1,0.344619833714905,0.344619833714905,0.362824838333936,0.379113526677279,0.0277777777777778,"league-shrunk"
"814430","Brett Callahan","steal_second",10,0,0,0,,0.0647077913972589,0.881944444444444,0.050328282197868,0.881944444444444,0.222222222222222,"league-shrunk"
"814430","Brett Callahan","steal_third",10,0,0,0,,0.0135036339397067,0.853503184713376,0.0105028263975497,0.853503184713376,0.222222222222222,"league-shrunk"
"814439","Ryan Waldschmidt","double_first_scores",3,3,1,0.333333333333333,0.333333333333333,0.41339590443686,0.41339590443686,0.407075175139213,0.401958394279213,0.0789473684210526,"league-shrunk"
"814439","Ryan Waldschmidt","first_to_second_on_out",17,17,6,0.352941176470588,0.352941176470588,0.249688314632211,0.249688314632211,0.283444057925527,0.299839704667994,0.326923076923077,"league-shrunk"
"814439","Ryan Waldschmidt","ground_ball_double_play",26,26,3,0.115384615384615,0.115384615384615,0.204819277108434,0.204819277108434,0.16669958522615,0.15197152245345,0.426229508196721,"player signal"
"814439","Ryan Waldschmidt","sac_fly_scores",8,8,3,0.375,0.375,0.593270173146031,0.593270173146031,0.552661768839792,0.526110119870329,0.186046511627907,"league-shrunk"
"814439","Ryan Waldschmidt","second_to_third_on_out",13,13,6,0.461538461538462,0.461538461538462,0.477532255672549,0.477532255672549,0.473200603094567,0.470825180713093,0.270833333333333,"league-shrunk"
"814439","Ryan Waldschmidt","single_first_to_third",16,16,7,0.4375,0.4375,0.344619833714905,0.344619833714905,0.37375870941219,0.388328147260832,0.313725490196078,"league-shrunk"
"814439","Ryan Waldschmidt","single_second_scores",9,9,7,0.777777777777778,0.777777777777778,0.617619711761971,0.617619711761971,0.650379316174295,0.67100573376724,0.204545454545455,"league-shrunk"
"814439","Ryan Waldschmidt","steal_second",70,7,6,0.1,0.857142857142857,0.0647077913972589,0.881944444444444,0.088235930465753,0.875,0.666666666666667,"player signal"
"814439","Ryan Waldschmidt","steal_third",46,1,1,0.0217391304347826,1,0.0135036339397067,0.853503184713376,0.0181805825665399,0.861213543412672,0.567901234567901,"player signal"
"815873","Sean Keys","double_first_scores",1,1,1,1,1,0.41339590443686,0.41339590443686,0.429690462646947,0.444269804203341,0.0277777777777778,"league-shrunk"
"815873","Sean Keys","first_to_second_on_out",1,1,1,1,1,0.249688314632211,0.249688314632211,0.270530305892428,0.289178403335779,0.0277777777777778,"league-shrunk"
"815873","Sean Keys","ground_ball_double_play",2,2,0,0,0,0.204819277108434,0.204819277108434,0.193747964832302,0.18433734939759,0.0540540540540541,"league-shrunk"
"815873","Sean Keys","second_to_third_on_out",1,1,0,0,0,0.477532255672549,0.477532255672549,0.464267470792756,0.452398979058205,0.0277777777777778,"league-shrunk"
"815873","Sean Keys","single_first_to_third",2,2,1,0.5,0.5,0.344619833714905,0.344619833714905,0.353018761622208,0.360157850343415,0.0540540540540541,"league-shrunk"
"815873","Sean Keys","single_second_scores",1,1,0,0,0,0.617619711761971,0.617619711761971,0.600463608657472,0.58511341114292,0.0277777777777778,"league-shrunk"
"815873","Sean Keys","steal_second",7,0,0,0,,0.0647077913972589,0.881944444444444,0.0539231594977157,0.881944444444444,0.166666666666667,"league-shrunk"
"815873","Sean Keys","steal_third",6,0,0,0,,0.0135036339397067,0.853503184713376,0.0115274923875545,0.853503184713376,0.146341463414634,"league-shrunk"
"823550","Sung-Mun Song","double_first_scores",2,2,1,0.5,0.5,0.41339590443686,0.41339590443686,0.418077206899733,0.422056313993174,0.0540540540540541,"league-shrunk"
"823550","Sung-Mun Song","first_to_second_on_out",8,8,5,0.625,0.625,0.249688314632211,0.249688314632211,0.319513744468079,0.365168833206916,0.186046511627907,"league-shrunk"
"823550","Sung-Mun Song","ground_ball_double_play",10,10,1,0.1,0.1,0.204819277108434,0.204819277108434,0.181526104417671,0.167383820998279,0.222222222222222,"league-shrunk"
"823550","Sung-Mun Song","sac_fly_scores",3,3,1,0.333333333333333,0.333333333333333,0.593270173146031,0.593270173146031,0.572748843687134,0.556136338887074,0.0789473684210526,"league-shrunk"
"823550","Sung-Mun Song","second_to_third_on_out",8,8,4,0.5,0.5,0.477532255672549,0.477532255672549,0.481712301128819,0.484445407773303,0.186046511627907,"league-shrunk"
"823550","Sung-Mun Song","single_first_to_third",8,8,4,0.5,0.5,0.344619833714905,0.344619833714905,0.373527771628411,0.392429115648781,0.186046511627907,"league-shrunk"
"823550","Sung-Mun Song","single_second_scores",5,5,3,0.6,0.6,0.617619711761971,0.617619711761971,0.615417247791725,0.613789339639804,0.125,"league-shrunk"
"823550","Sung-Mun Song","steal_second",34,9,9,0.264705882352941,1,0.0647077913972589,0.881944444444444,0.163257575346436,0.921296296296296,0.492753623188406,"player signal"
"823550","Sung-Mun Song","steal_third",25,2,1,0.08,0.5,0.0135036339397067,0.853503184713376,0.0412104531314956,0.818152866242038,0.416666666666667,"player signal"
"828599","Lucas Spence","first_to_second_on_out",5,5,3,0.6,0.6,0.249688314632211,0.249688314632211,0.293477275303185,0.3258430288426,0.125,"league-shrunk"
"828599","Lucas Spence","ground_ball_double_play",5,5,0,0,0,0.204819277108434,0.204819277108434,0.179216867469879,0.160293347302252,0.125,"league-shrunk"
"828599","Lucas Spence","sac_fly_scores",1,1,0,0,0,0.593270173146031,0.593270173146031,0.576790446114197,0.562045427190976,0.0277777777777778,"league-shrunk"
"828599","Lucas Spence","single_first_to_third",3,3,1,0.333333333333333,0.333333333333333,0.344619833714905,0.344619833714905,0.343728794211097,0.343007476517538,0.0789473684210526,"league-shrunk"
"828599","Lucas Spence","steal_second",11,0,0,0,,0.0647077913972589,0.881944444444444,0.04923418910661,0.881944444444444,0.239130434782609,"league-shrunk"
"828599","Lucas Spence","steal_third",7,0,0,0,,0.0135036339397067,0.853503184713376,0.0112530282830889,0.853503184713376,0.166666666666667,"league-shrunk"
