"player_id","player_name","team","hand","recent_pa","recent_ops","recent_woba_estimate","recent_strikeout_rate","recent_walk_rate","recent_hard_hit_rate","recent_run_value_per_pa","recent_pa_reliability","baseline_pa","baseline_ops","baseline_woba_estimate","baseline_strikeout_rate","baseline_walk_rate","baseline_hard_hit_rate","baseline_run_value_per_pa","baseline_pa_reliability","ops_delta","woba_estimate_delta","strikeout_rate_delta","walk_rate_delta","hard_hit_rate_delta","run_value_per_pa_delta","form_score","form_score_confidence","form_label","recent_start","as_of_date","perspective","form_method","source_through","generated_at_utc"
"682877","Juan Brito","Cincinnati Reds","L",28,1.12087912087912,0.47,0.142857142857143,0.0714285714285714,0.318181818181818,0.20325858685147,0.219,60,0.474074074074074,0.214,0.3,0.0666666666666667,0.297297297297297,-0.111435994679422,0.375,0.646805046805047,0.256,-0.157142857142857,0.00476190476190476,0.0208845208845209,0.314694581530892,86.2,0.219,"surging",2026-09-02,2026-09-15,"batter","sabrhood_recent_vs_prior_zscore_v1","2026-09-15","2026-09-16 14:38:46 UTC"
"606192","Teoscar Hernández","Los Angeles Dodgers","R",48,1.29583333333333,0.533958333333333,0.166666666666667,0.166666666666667,0.5625,0.273388416653115,0.324,395,0.701618419660802,0.304962025316456,0.283544303797468,0.0759493670886076,0.44,-0.00492969745504656,0.798,0.594214913672532,0.228996308016877,-0.116877637130802,0.0907172995780591,0.1225,0.278318114108161,85.7,0.324,"surging",2026-09-02,2026-09-15,"batter","sabrhood_recent_vs_prior_zscore_v1","2026-09-15","2026-09-16 14:38:46 UTC"
"683146","Brett Baty","New York Mets","L",26,1.24125874125874,0.492692307692308,0.0769230769230769,0.115384615384615,0.428571428571429,0.255737501115482,0.206,415,0.629197755120643,0.277777777777778,0.279518072289157,0.0867469879518072,0.413127413127413,-0.0168873090544883,0.806,0.612060986138099,0.21491452991453,-0.20259499536608,0.0286376274328082,0.0154440154440154,0.27262481016997,83.9,0.206,"surging",2026-09-02,2026-09-15,"batter","sabrhood_recent_vs_prior_zscore_v1","2026-09-15","2026-09-16 14:38:46 UTC"
"683953","Travis Bazzana","Cleveland Guardians","L",45,1.35730994152047,0.551555555555556,0.111111111111111,0.111111111111111,0.424242424242424,0.250612957290965,0.31,434,0.694826420890937,0.306443418013857,0.214285714285714,0.112903225806452,0.358885017421603,-0.00675085012760785,0.813,0.662483520629531,0.245112137541699,-0.103174603174603,-0.0017921146953405,0.0653574068208215,0.257363807418572,83.2,0.31,"surging",2026-09-02,2026-09-15,"batter","sabrhood_recent_vs_prior_zscore_v1","2026-09-15","2026-09-16 14:38:46 UTC"
"646240","Rafael Devers","San Francisco Giants","L",39,1.43589743589744,0.566842105263158,0.256410256410256,0.128205128205128,0.666666666666667,0.292775495808875,0.281,590,0.823088368482339,0.348384353741497,0.255932203389831,0.101694915254237,0.506631299734748,0.0173082961911999,0.855,0.612809067415097,0.218457751521661,0.000478053020425862,0.0265102129508909,0.160035366931919,0.275467199617675,81.9,0.281,"surging",2026-09-02,2026-09-15,"batter","sabrhood_recent_vs_prior_zscore_v1","2026-09-15","2026-09-16 14:38:46 UTC"
"682829","Elly De La Cruz","Cincinnati Reds","R",52,1.3974358974359,0.573461538461538,0.307692307692308,0.0769230769230769,0.8125,0.241249917646671,0.342,538,0.825984659545433,0.354200743494424,0.271375464684015,0.109665427509294,0.509090909090909,0.0321361105958759,0.843,0.571451237890464,0.219260794967115,0.0363168430082929,-0.0327423505862168,0.303409090909091,0.209113807050795,79,0.342,"surging",2026-09-02,2026-09-15,"batter","sabrhood_recent_vs_prior_zscore_v1","2026-09-15","2026-09-16 14:38:46 UTC"
"695600","Carter Jensen","Kansas City Royals","L",46,1.31304347826087,0.523913043478261,0.260869565217391,0.108695652173913,0.535714285714286,0.22447151347459,0.315,517,0.720982181065028,0.310988372093023,0.284332688588008,0.110251450676983,0.441935483870968,-0.00385097147885742,0.838,0.592061297195842,0.212924671385238,-0.0234631233706165,-0.00155579850306956,0.0937788018433179,0.228322484953448,78.4,0.315,"surging",2026-09-02,2026-09-15,"batter","sabrhood_recent_vs_prior_zscore_v1","2026-09-15","2026-09-16 14:38:46 UTC"
"680700","Richie Palacios","Tampa Bay Rays","L",34,1.18235294117647,0.481176470588235,0.0882352941176471,0.0882352941176471,0.481481481481481,0.162662631434801,0.254,338,0.653620352250489,0.293095238095238,0.180473372781065,0.115384615384615,0.272340425531915,0.00394376865728931,0.772,0.528732588925981,0.188081232492997,-0.092238078663418,-0.0271493212669683,0.209141055949567,0.158718862777512,76.6,0.254,"surging",2026-09-02,2026-09-15,"batter","sabrhood_recent_vs_prior_zscore_v1","2026-09-15","2026-09-16 14:38:46 UTC"
"683766","Christian Koss","San Francisco Giants","R",47,0.962394854032657,0.411702127659574,0.106382978723404,0.0851063829787234,0.236842105263158,0.11715722545738,0.32,139,0.510069444444444,0.227407407407407,0.273381294964029,0.0359712230215827,0.308510638297872,-0.099226256483632,0.582,0.452325409588213,0.184294720252167,-0.166998316240625,0.0491351599571407,-0.0716685330347145,0.216383481941012,76.2,0.32,"surging",2026-09-02,2026-09-15,"batter","sabrhood_recent_vs_prior_zscore_v1","2026-09-15","2026-09-16 14:38:46 UTC"
"668930","Brice Turang","Milwaukee Brewers","L",54,1.1881954523464,0.501698113207547,0.185185185185185,0.240740740740741,0.357142857142857,0.269225793941924,0.351,584,0.768890702577705,0.334827586206897,0.248287671232877,0.121575342465753,0.414835164835165,0.0397356190705133,0.854,0.419304749768691,0.166870527000651,-0.0631024860476915,0.119165398274987,-0.0576923076923077,0.22949017487141,75,0.351,"surging",2026-09-02,2026-09-15,"batter","sabrhood_recent_vs_prior_zscore_v1","2026-09-15","2026-09-16 14:38:46 UTC"
"805999","A.J. Ewing","New York Mets","L",46,1.09331919406151,0.455434782608696,0.130434782608696,0.0869565217391304,0.457142857142857,0.166440262802752,0.315,404,0.657416347710112,0.290473815461347,0.264851485148515,0.0915841584158416,0.414728682170543,-0.0267270944975985,0.802,0.435902846351394,0.164960967147349,-0.134416702539819,-0.00462763667671115,0.0424141749723145,0.193167357300351,74.3,0.315,"surging",2026-09-02,2026-09-15,"batter","sabrhood_recent_vs_prior_zscore_v1","2026-09-15","2026-09-16 14:38:46 UTC"
"694208","Moisés Ballesteros","Los Angeles Angels","L",35,1.1,0.442857142857143,0.228571428571429,0.0857142857142857,0.583333333333333,0.121793712248076,0.259,278,0.582037137088748,0.25773381294964,0.23021582733813,0.0827338129496403,0.452631578947368,-0.0358628508500668,0.735,0.517962862911252,0.185123329907503,-0.00164439876670094,0.00298047276464543,0.130701754385965,0.157656563098143,73.6,0.259,"surging",2026-09-02,2026-09-15,"batter","sabrhood_recent_vs_prior_zscore_v1","2026-09-15","2026-09-16 14:38:46 UTC"
"682985","Riley Greene","Detroit Tigers","L",53,1.24874855602618,0.51622641509434,0.226415094339623,0.0754716981132075,0.486486486486487,0.216660960111862,0.346,494,0.79655633408869,0.344685598377282,0.273279352226721,0.117408906882591,0.47972972972973,0.00993723441996468,0.832,0.452192221937495,0.171540816717058,-0.046864257887098,-0.0419372087693835,0.0067567567567568,0.206723725691897,71.8,0.346,"surging",2026-09-02,2026-09-15,"batter","sabrhood_recent_vs_prior_zscore_v1","2026-09-15","2026-09-16 14:38:46 UTC"
"701538","Jackson Merrill","San Diego Padres","L",51,1.03957446808511,0.4298,0.0980392156862745,0.0392156862745098,0.681818181818182,0.137139940460578,0.338,571,0.709360882274781,0.304718309859155,0.246935201401051,0.0595446584938704,0.468030690537084,0.00105301056857904,0.851,0.330213585810325,0.125081690140845,-0.148895985714776,-0.0203289722193606,0.213787491281097,0.136086929891999,71.7,0.338,"surging",2026-09-02,2026-09-15,"batter","sabrhood_recent_vs_prior_zscore_v1","2026-09-15","2026-09-16 14:38:46 UTC"
"703601","Max Clark","Detroit Tigers","L",51,1.05198358413133,0.4446,0.176470588235294,0.137254901960784,0.441176470588235,0.16649859486211,0.338,112,0.696039603960396,0.301181818181818,0.223214285714286,0.0625,0.384615384615385,-0.00379302818868304,0.528,0.355943980170931,0.143418181818182,-0.0467436974789916,0.0747549019607843,0.0565610859728506,0.170291623050793,71.3,0.338,"surging",2026-09-02,2026-09-15,"batter","sabrhood_recent_vs_prior_zscore_v1","2026-09-15","2026-09-16 14:38:46 UTC"
"683748","Victor Mesa Jr.","Tampa Bay Rays","L",43,1.11091234347048,0.462093023255814,0.0930232558139535,0.0930232558139535,0.428571428571429,0.109899737996134,0.301,183,0.752330271497814,0.320773480662983,0.218579234972678,0.087431693989071,0.396825396825397,-0.0177274487906752,0.647,0.358582071972669,0.141319542592831,-0.125555979158724,0.00559156182488245,0.0317460317460317,0.127627186786809,69.4,0.301,"surging",2026-09-02,2026-09-15,"batter","sabrhood_recent_vs_prior_zscore_v1","2026-09-15","2026-09-16 14:38:46 UTC"
"669003","Garrett Mitchell","Milwaukee Brewers","L",40,1.09166666666667,0.45025641025641,0.275,0.075,0.68,0.21048036958188,0.286,454,0.758588314192304,0.33212389380531,0.312775330396476,0.114537444933921,0.515873015873016,0.0331932950302685,0.819,0.333078352474362,0.118132516451101,-0.0377753303964757,-0.0395374449339207,0.164126984126984,0.177287074551612,69.2,0.286,"surging",2026-09-02,2026-09-15,"batter","sabrhood_recent_vs_prior_zscore_v1","2026-09-15","2026-09-16 14:38:46 UTC"
"688363","Graham Pauley","Miami Marlins","L",25,0.883809523809524,0.378,0.24,0.12,0.266666666666667,0.17098609374663,0.2,119,0.594430992736077,0.253135593220339,0.235294117647059,0.0420168067226891,0.255813953488372,-0.0395652111797314,0.543,0.289378531073446,0.124864406779661,0.00470588235294117,0.0779831932773109,0.0108527131782946,0.210551304926362,69.2,0.2,"surging",2026-09-02,2026-09-15,"batter","sabrhood_recent_vs_prior_zscore_v1","2026-09-15","2026-09-16 14:38:46 UTC"
"694376","Shay Whitcomb","San Francisco Giants","R",37,0.752895752895753,0.325135135135135,0.135135135135135,0.0540540540540541,0.266666666666667,-0.0214380813982697,0.27,56,0.43151642208246,0.18,0.375,0.0178571428571429,0.352941176470588,-0.106802828047371,0.359,0.321379330813293,0.145135135135135,-0.239864864864865,0.0361969111969112,-0.0862745098039216,0.085364746649101,68.7,0.27,"surging",2026-09-02,2026-09-15,"batter","sabrhood_recent_vs_prior_zscore_v1","2026-09-15","2026-09-16 14:38:46 UTC"
"805300","Jakob Marsee","Miami Marlins","L",54,1.03978671041838,0.443584905660377,0.148148148148148,0.0925925925925926,0.384615384615385,0.105174975469541,0.351,531,0.643480707258436,0.292832699619772,0.210922787193974,0.126177024482109,0.347305389221557,-0.0238316086602756,0.842,0.39630600315994,0.150752206040605,-0.0627746390458255,-0.0335844318895167,0.0373099953938277,0.129006584129817,68.2,0.351,"surging",2026-09-02,2026-09-15,"batter","sabrhood_recent_vs_prior_zscore_v1","2026-09-15","2026-09-16 14:38:46 UTC"
"521692","Salvador Perez","Kansas City Royals","R",48,0.918560606060606,0.388936170212766,0.104166666666667,0.0625,0.487179487179487,0.111432251924843,0.324,542,0.630228432024839,0.270092936802974,0.195571955719557,0.03690036900369,0.418546365914787,-0.0278948011098329,0.844,0.288332174035767,0.118843233409792,-0.0914052890528905,0.02559963099631,0.0686331212647002,0.139327053034676,68.2,0.324,"surging",2026-09-02,2026-09-15,"batter","sabrhood_recent_vs_prior_zscore_v1","2026-09-15","2026-09-16 14:38:46 UTC"
"553993","Eugenio Suárez","Cincinnati Reds","R",40,1.02205882352941,0.4235,0.225,0.15,0.44,0.0703998101320162,0.286,425,0.706658255795616,0.306141176470588,0.350588235294118,0.101176470588235,0.348017621145374,0.00247126724879207,0.81,0.315400567733796,0.117358823529412,-0.125588235294118,0.0488235294117647,0.0919823788546256,0.0679285428832241,67.5,0.286,"surging",2026-09-02,2026-09-15,"batter","sabrhood_recent_vs_prior_zscore_v1","2026-09-15","2026-09-16 14:38:46 UTC"
"673237","Yainer Diaz","Houston Astros","R",38,0.990225563909774,0.428157894736842,0.157894736842105,0.0526315789473684,0.586206896551724,0.0840919298069926,0.275,280,0.695488721804511,0.298,0.160714285714286,0.0357142857142857,0.357466063348416,-0.0106025007320465,0.737,0.294736842105263,0.130157894736842,-0.00281954887218047,0.0169172932330827,0.228740833203308,0.0946944305390392,67.5,0.275,"surging",2026-09-02,2026-09-15,"batter","sabrhood_recent_vs_prior_zscore_v1","2026-09-15","2026-09-16 14:38:46 UTC"
"691777","Max Muncy","Athletics","R",31,0.953763440860215,0.40741935483871,0.290322580645161,0.032258064516129,0.523809523809524,0.130335474833692,0.237,254,0.644698047105345,0.281220472440945,0.318897637795276,0.078740157480315,0.424657534246575,-0.0342350357693473,0.718,0.30906539375487,0.126198882397765,-0.0285750571501143,-0.0464820929641859,0.0991519895629485,0.164570510603039,67.2,0.237,"surging",2026-09-02,2026-09-15,"batter","sabrhood_recent_vs_prior_zscore_v1","2026-09-15","2026-09-16 14:38:46 UTC"
"703607","Henry Bolte","Athletics","R",54,1.09086993970715,0.460185185185185,0.314814814814815,0.166666666666667,0.5,0.0940067443127949,0.351,371,0.706205055971532,0.313821138211382,0.277628032345013,0.0700808625336927,0.473684210526316,0.00380855679825301,0.788,0.384664883735617,0.146364046973803,0.0371867824698013,0.0965858041329739,0.0263157894736842,0.0901981875145419,66.8,0.351,"surging",2026-09-02,2026-09-15,"batter","sabrhood_recent_vs_prior_zscore_v1","2026-09-15","2026-09-16 14:38:46 UTC"
"691019","Kyle Teel","Chicago White Sox","L",34,0.911764705882353,0.394705882352941,0.352941176470588,0.235294117647059,0.428571428571429,0.102585748564786,0.254,70,0.588888888888889,0.262857142857143,0.385714285714286,0.0857142857142857,0.5,0.017588532602758,0.412,0.322875816993464,0.131848739495798,-0.0327731092436975,0.149579831932773,-0.0714285714285715,0.0849972159620277,66.3,0.254,"surging",2026-09-02,2026-09-15,"batter","sabrhood_recent_vs_prior_zscore_v1","2026-09-15","2026-09-16 14:38:46 UTC"
"672960","Kazuma Okamoto","Toronto Blue Jays","R",50,1.09111111111111,0.45,0.24,0.1,0.515151515151515,0.0749120099870594,0.333,547,0.750199604521882,0.321901279707495,0.296160877513711,0.0877513711151737,0.436363636363636,-0.00249601853766348,0.845,0.340911506589229,0.128098720292505,-0.0561608775137112,0.0122486288848263,0.0787878787878788,0.0774080285247229,66,0.333,"surging",2026-09-02,2026-09-15,"batter","sabrhood_recent_vs_prior_zscore_v1","2026-09-15","2026-09-16 14:38:46 UTC"
"669701","Josh Smith","Toronto Blue Jays","L",28,1.05952380952381,0.427142857142857,0.321428571428571,0.178571428571429,0.307692307692308,0.0190948556412794,0.219,187,0.6003276003276,0.270108108108108,0.213903743315508,0.0962566844919786,0.291338582677165,-0.0486195494417906,0.652,0.459196209196209,0.157034749034749,0.107524828113063,0.08231474407945,0.0163537250151424,0.0677144050830699,65.5,0.219,"surging",2026-09-02,2026-09-15,"batter","sabrhood_recent_vs_prior_zscore_v1","2026-09-15","2026-09-16 14:38:46 UTC"
"695336","Thomas Saggese","St. Louis Cardinals","R",52,0.852700490998363,0.366346153846154,0.173076923076923,0.0769230769230769,0.487179487179487,0.0705315371128255,0.342,92,0.663561076604555,0.286304347826087,0.293478260869565,0.0760869565217391,0.379310344827586,-0.0345237934074134,0.479,0.189139414393809,0.0800418060200668,-0.120401337792642,0.000836120401337792,0.107869142351901,0.105055330520239,64.5,0.342,"improving",2026-09-02,2026-09-15,"batter","sabrhood_recent_vs_prior_zscore_v1","2026-09-15","2026-09-16 14:38:46 UTC"
"681393","Connor Norby","Colorado Rockies","R",39,0.939668174962293,0.403333333333333,0.256410256410256,0.102564102564103,0.416666666666667,0.112410764270464,0.281,308,0.678058783321941,0.303084415584416,0.295454545454545,0.107142857142857,0.365714285714286,-0.0178876127623259,0.755,0.261609391640351,0.100248917748918,-0.0390442890442891,-0.00457875457875458,0.050952380952381,0.130298377032789,64.5,0.281,"improving",2026-09-02,2026-09-15,"batter","sabrhood_recent_vs_prior_zscore_v1","2026-09-15","2026-09-16 14:38:46 UTC"
"545341","Randal Grichuk","Chicago White Sox","R",30,1.13703703703704,0.468,0.266666666666667,0.0666666666666667,0.6,0.0812013431162151,0.231,215,0.834086057746321,0.347953488372093,0.232558139534884,0.027906976744186,0.477707006369427,0.023906035496111,0.683,0.302950979290716,0.120046511627907,0.0341085271317829,0.0387596899224806,0.122292993630573,0.0572953076201041,63.6,0.231,"improving",2026-09-02,2026-09-15,"batter","sabrhood_recent_vs_prior_zscore_v1","2026-09-15","2026-09-16 14:38:46 UTC"
"691594","Javier Sanoja","Miami Marlins","R",56,1.04166666666667,0.433035714285714,0.0535714285714286,0.0357142857142857,0.42,0.079789245217707,0.359,393,0.738772744870306,0.318673469387755,0.0814249363867685,0.0559796437659033,0.304733727810651,0.0196279635656608,0.797,0.302893921796361,0.114362244897959,-0.0278535078153399,-0.0202653580516176,0.115266272189349,0.0601612816520462,63.5,0.359,"improving",2026-09-02,2026-09-15,"batter","sabrhood_recent_vs_prior_zscore_v1","2026-09-15","2026-09-16 14:38:46 UTC"
"605141","Mookie Betts","Los Angeles Dodgers","R",55,0.926136363636364,0.391090909090909,0.127272727272727,0.127272727272727,0.463414634146341,0.094609865800918,0.355,426,0.711183769282361,0.306588235294118,0.110328638497653,0.0727699530516432,0.369942196531792,-0.00862168561665576,0.81,0.214952594354003,0.0845026737967914,0.0169440887750747,0.0545027742210841,0.0934724376145496,0.103231551417574,62.9,0.355,"improving",2026-09-02,2026-09-15,"batter","sabrhood_recent_vs_prior_zscore_v1","2026-09-15","2026-09-16 14:38:46 UTC"
"571448","Nolan Arenado","Arizona Diamondbacks","R",48,1.06666666666667,0.444791666666667,0.1875,0.145833333333333,0.32258064516129,0.0116237256062477,0.324,507,0.733410527415507,0.315762376237624,0.205128205128205,0.0828402366863905,0.308781869688385,-0.00192027809494203,0.835,0.333256139251159,0.129029290429043,-0.0176282051282051,0.0629930966469428,0.013798775472905,0.0135440037011898,62.7,0.324,"improving",2026-09-02,2026-09-15,"batter","sabrhood_recent_vs_prior_zscore_v1","2026-09-15","2026-09-16 14:38:46 UTC"
"664983","Jake McCarthy","Colorado Rockies","L",55,0.998181818181818,0.422545454545455,0.109090909090909,0.0545454545454545,0.386363636363636,0.119452686521881,0.355,495,0.805337519623234,0.342244897959184,0.163636363636364,0.0484848484848485,0.276762402088773,0.0330565717142258,0.832,0.192844298558584,0.0803005565862709,-0.0545454545454545,0.00606060606060606,0.109601234274864,0.0863961148076552,62.5,0.355,"improving",2026-09-02,2026-09-15,"batter","sabrhood_recent_vs_prior_zscore_v1","2026-09-15","2026-09-16 14:38:46 UTC"
"665487","Fernando Tatis Jr.","San Diego Padres","R",53,1.06092767295597,0.445471698113208,0.169811320754717,0.0943396226415094,0.564102564102564,0.118693010550341,0.346,602,0.795069442086319,0.341302170283806,0.186046511627907,0.0847176079734219,0.539170506912442,0.0343755464833214,0.858,0.265858230869656,0.104169527829401,-0.01623519087319,0.00962201466808751,0.0249320571901217,0.0843174640670199,62.3,0.346,"improving",2026-09-02,2026-09-15,"batter","sabrhood_recent_vs_prior_zscore_v1","2026-09-15","2026-09-16 14:38:46 UTC"
"690976","Alex Freeland","Los Angeles Dodgers","L",33,0.858225108225108,0.373939393939394,0.181818181818182,0.151515151515152,0.545454545454545,-0.072165577300814,0.248,228,0.61319932998325,0.276,0.298245614035088,0.100877192982456,0.37037037037037,-0.0228049618291555,0.695,0.245025778241859,0.0979393939393939,-0.116427432216906,0.0506379585326954,0.175084175084175,-0.0493606154716585,62.3,0.248,"improving",2026-09-02,2026-09-15,"batter","sabrhood_recent_vs_prior_zscore_v1","2026-09-15","2026-09-16 14:38:46 UTC"
"592518","Manny Machado","San Diego Padres","R",48,0.95,0.4,0.125,0.166666666666667,0.382352941176471,0.0529657247909772,0.324,581,0.705815139767394,0.304922279792746,0.216867469879518,0.110154905335628,0.447300771208226,-0.00283126947287504,0.853,0.244184860232606,0.0950777202072539,-0.0918674698795181,0.0565117613310384,-0.0649478300317556,0.0557969942638523,61.8,0.324,"improving",2026-09-02,2026-09-15,"batter","sabrhood_recent_vs_prior_zscore_v1","2026-09-15","2026-09-16 14:38:46 UTC"
"663656","Kyle Tucker","Los Angeles Dodgers","L",51,0.938307030129125,0.386078431372549,0.137254901960784,0.176470588235294,0.371428571428571,0.0648485346695537,0.338,533,0.677049514642304,0.300562851782364,0.178236397748593,0.121951219512195,0.368563685636856,0.00672304455087681,0.842,0.261257515486821,0.085515579590185,-0.0409814957878085,0.054519368723099,0.00286488579171507,0.0581254901186769,61.7,0.338,"improving",2026-09-02,2026-09-15,"batter","sabrhood_recent_vs_prior_zscore_v1","2026-09-15","2026-09-16 14:38:46 UTC"
"660670","Ronald Acuña Jr.","Atlanta Braves","R",59,1.06379044684129,0.43864406779661,0.135593220338983,0.0508474576271186,0.425531914893617,0.070356503800346,0.371,376,0.742086945101129,0.325691489361702,0.236702127659574,0.11968085106383,0.451476793248945,0.0181111168868165,0.79,0.321703501740165,0.112952578434908,-0.101108907320591,-0.0688333934367111,-0.0259448783553281,0.0522453869135295,61.6,0.371,"improving",2026-09-02,2026-09-15,"batter","sabrhood_recent_vs_prior_zscore_v1","2026-09-15","2026-09-16 14:38:46 UTC"
"700250","Ben Rice","New York Yankees","L",50,1.0752380952381,0.4604,0.14,0.14,0.428571428571429,0.114510055943032,0.333,570,0.857384945329255,0.363631578947368,0.252631578947368,0.112280701754386,0.487323943661972,0.0534776871890811,0.851,0.21785314990884,0.0967684210526315,-0.112631578947368,0.027719298245614,-0.0587525150905433,0.0610323687539513,61.6,0.333,"improving",2026-09-02,2026-09-15,"batter","sabrhood_recent_vs_prior_zscore_v1","2026-09-15","2026-09-16 14:38:46 UTC"
"679529","Spencer Torkelson","Detroit Tigers","R",43,0.989862850327967,0.411162790697674,0.325581395348837,0.0930232558139535,0.52,0.0622772734241729,0.301,528,0.718920643338333,0.313434535104364,0.3125,0.109848484848485,0.407407407407407,-0.00305681958752946,0.841,0.270942206989634,0.0977282555933101,0.0130813953488372,-0.0168252290345314,0.112592592592593,0.0653340930117023,61.6,0.301,"improving",2026-09-02,2026-09-15,"batter","sabrhood_recent_vs_prior_zscore_v1","2026-09-15","2026-09-16 14:38:46 UTC"
"687401","Joey Ortiz","Milwaukee Brewers","R",33,0.986742424242424,0.423636363636364,0.181818181818182,0.0303030303030303,0.423076923076923,0.0668368301594719,0.248,349,0.710426340227944,0.308144927536232,0.183381088825215,0.0888252148997135,0.366141732283465,-0.0143204614863986,0.777,0.27631608401448,0.115491436100132,-0.00156290700703307,-0.0585221845966832,0.0569351907934585,0.0811572916458705,61.4,0.248,"improving",2026-09-02,2026-09-15,"batter","sabrhood_recent_vs_prior_zscore_v1","2026-09-15","2026-09-16 14:38:46 UTC"
"677587","Brayan Rocchio","Cleveland Guardians","L",49,0.912306201550388,0.38625,0.142857142857143,0.0612244897959184,0.297297297297297,0.0840971312460081,0.329,513,0.6644324571506,0.291512770137525,0.144249512670565,0.0623781676413255,0.307304785894207,-0.0212360382761555,0.837,0.247873744399788,0.0947372298624755,-0.00139236981342244,-0.00115367784540717,-0.0100074885969093,0.105333169522164,61.3,0.329,"improving",2026-09-02,2026-09-15,"batter","sabrhood_recent_vs_prior_zscore_v1","2026-09-15","2026-09-16 14:38:46 UTC"
"673490","Ha-Seong Kim","Atlanta Braves","R",26,0.534965034965035,0.255384615384615,0.230769230769231,0.153846153846154,0.1875,0.000877447068252289,0.206,99,0.314379752582,0.158888888888889,0.262626262626263,0.0909090909090909,0.26984126984127,-0.084995719139952,0.497,0.220585282383035,0.0964957264957265,-0.0318570318570319,0.0629370629370629,-0.0823412698412698,0.0858731662082043,61.1,0.206,"improving",2026-09-02,2026-09-15,"batter","sabrhood_recent_vs_prior_zscore_v1","2026-09-15","2026-09-16 14:38:46 UTC"
"667472","Dane Myers","Cincinnati Reds","R",34,0.811764705882353,0.361176470588235,0.205882352941176,0.117647058823529,0.478260869565217,0.109586615089013,0.254,278,0.710468969222962,0.316330935251799,0.241007194244604,0.115107913669065,0.348571428571429,-0.0149106511255912,0.735,0.101295736659391,0.0448455353364368,-0.0351248413034279,0.00253914515446466,0.129689440993789,0.124497266214604,61,0.254,"improving",2026-09-02,2026-09-15,"batter","sabrhood_recent_vs_prior_zscore_v1","2026-09-15","2026-09-16 14:38:46 UTC"
"641355","Cody Bellinger","New York Yankees","L",51,1.00600240096038,0.416666666666667,0.156862745098039,0.0196078431372549,0.547619047619048,0.120236023848531,0.338,477,0.762779419565053,0.331404612159329,0.157232704402516,0.117400419287212,0.359420289855072,0.0425334232706713,0.827,0.243222981395331,0.0852620545073375,-0.000369959304476503,-0.0977925761499568,0.188198757763975,0.0777026005778602,60.9,0.338,"improving",2026-09-02,2026-09-15,"batter","sabrhood_recent_vs_prior_zscore_v1","2026-09-15","2026-09-16 14:38:46 UTC"
"691723","Coby Mayo","Baltimore Orioles","R",50,0.970434782608696,0.4042,0.22,0.08,0.428571428571429,0.065601355301527,0.333,366,0.730260789895619,0.311393442622951,0.322404371584699,0.0710382513661202,0.488479262672811,0.0105516346500978,0.785,0.240173992713077,0.0928065573770492,-0.102404371584699,0.00896174863387979,-0.0599078341013825,0.0550497206514292,60.8,0.333,"improving",2026-09-02,2026-09-15,"batter","sabrhood_recent_vs_prior_zscore_v1","2026-09-15","2026-09-16 14:38:46 UTC"
"670231","John Rave","Kansas City Royals","L",34,0.863834422657952,0.374411764705882,0.264705882352941,0.205882352941176,0.444444444444444,0.0287921927248887,0.254,94,0.687370600414079,0.295978260869565,0.202127659574468,0.0851063829787234,0.333333333333333,-0.0166473107675591,0.485,0.176463822243873,0.0784335038363172,0.0625782227784731,0.120775969962453,0.111111111111111,0.0454395034924478,60.6,0.254,"improving",2026-09-02,2026-09-15,"batter","sabrhood_recent_vs_prior_zscore_v1","2026-09-15","2026-09-16 14:38:46 UTC"
"664761","Alec Bohm","Philadelphia Phillies","R",40,0.85,0.36225,0.175,0.1,0.620689655172414,0.0628934287912767,0.286,547,0.681743109479546,0.297221206581353,0.140767824497258,0.0658135283363803,0.426190476190476,0.00505178734427455,0.845,0.168256890520454,0.0650287934186472,0.0342321755027422,0.0341864716636198,0.194499178981938,0.0578416414470022,60.5,0.286,"improving",2026-09-02,2026-09-15,"batter","sabrhood_recent_vs_prior_zscore_v1","2026-09-15","2026-09-16 14:38:46 UTC"
"543807","George Springer","Toronto Blue Jays","R",45,0.780555555555556,0.340888888888889,0.111111111111111,0.111111111111111,0.514285714285714,0.127118101344041,0.31,444,0.742774267067233,0.322630385487528,0.184684684684685,0.0945945945945946,0.371428571428571,0.00639134873077226,0.816,0.0377812884883225,0.0182585034013605,-0.0735735735735736,0.0165165165165165,0.142857142857143,0.120726752613269,60.2,0.31,"improving",2026-09-02,2026-09-15,"batter","sabrhood_recent_vs_prior_zscore_v1","2026-09-15","2026-09-16 14:38:46 UTC"
"701675","Nathan Church","St. Louis Cardinals","L",49,0.817254174397032,0.362448979591837,0.102040816326531,0.0816326530612245,0.333333333333333,-0.00604237330365577,0.329,389,0.644056326671658,0.278530927835052,0.179948586118252,0.0539845758354756,0.296928327645051,-0.0248407447283211,0.796,0.173197847725373,0.0839180517567851,-0.0779077697917213,0.0276480772257489,0.0364050056882821,0.0187983714246654,59.5,0.329,"improving",2026-09-02,2026-09-15,"batter","sabrhood_recent_vs_prior_zscore_v1","2026-09-15","2026-09-16 14:38:46 UTC"
"703520","Brett Bateman","Toronto Blue Jays","L",61,0.923392181588903,0.405409836065574,0.163934426229508,0.114754098360656,0.238095238095238,0.0455039293387458,0.379,92,0.756910569105691,0.331444444444444,0.228260869565217,0.0760869565217391,0.171875,0.0292845636727154,0.479,0.166481612483212,0.0739653916211293,-0.0643264433357092,0.0386671418389166,0.0662202380952381,0.0162193656660304,59.4,0.379,"improving",2026-09-02,2026-09-15,"batter","sabrhood_recent_vs_prior_zscore_v1","2026-09-15","2026-09-16 14:38:46 UTC"
"805811","Bryce Eldridge","San Francisco Giants","L",58,0.997126436781609,0.414137931034483,0.293103448275862,0.137931034482759,0.545454545454545,0.121193486530359,0.367,385,0.803605349874007,0.347994791666667,0.262337662337662,0.127272727272727,0.523404255319149,0.0188846414582899,0.794,0.193521086907603,0.0661431393678161,0.0307657859381997,0.0106583072100314,0.0220502901353965,0.102308845072069,59.3,0.367,"improving",2026-09-02,2026-09-15,"batter","sabrhood_recent_vs_prior_zscore_v1","2026-09-15","2026-09-16 14:38:46 UTC"
"670623","Isaac Paredes","Houston Astros","R",50,0.938139534883721,0.3984,0.2,0.1,0.454545454545455,0.12243318884265,0.333,563,0.772550724851308,0.338348134991119,0.129662522202487,0.104795737122558,0.281553398058252,0.0358695609005056,0.849,0.165588810032413,0.060051865008881,0.0703374777975133,-0.00479573712255772,0.172992056487202,0.0865636279421445,59.3,0.333,"improving",2026-09-02,2026-09-15,"batter","sabrhood_recent_vs_prior_zscore_v1","2026-09-15","2026-09-16 14:38:46 UTC"
"608324","Alex Bregman","Chicago Cubs","R",53,0.968845985081176,0.417547169811321,0.0566037735849057,0.132075471698113,0.275,0.0638011535343652,0.346,623,0.779394060995185,0.337447833065811,0.15569823434992,0.102728731942215,0.376106194690265,0.00982837330705325,0.862,0.189451924085991,0.0800993367455102,-0.0990944607650141,0.0293467397558981,-0.101106194690265,0.053972780227312,59.2,0.346,"improving",2026-09-02,2026-09-15,"batter","sabrhood_recent_vs_prior_zscore_v1","2026-09-15","2026-09-16 14:38:46 UTC"
"664702","Myles Straw","Toronto Blue Jays","R",28,0.725589225589226,0.336666666666667,0.0714285714285714,0.178571428571429,0.333333333333333,-0.0249341382844424,0.219,275,0.626845677542272,0.274558823529412,0.138181818181818,0.0763636363636364,0.255813953488372,-0.029965756507739,0.733,0.0987435480469536,0.0621078431372549,-0.0667532467532468,0.102207792207792,0.0775193798449612,0.00503161822329663,59.1,0.219,"improving",2026-09-02,2026-09-15,"batter","sabrhood_recent_vs_prior_zscore_v1","2026-09-15","2026-09-16 14:38:46 UTC"
"805808","Kevin McGonigle","Detroit Tigers","L",57,0.917879805897723,0.390350877192982,0.12280701754386,0.175438596491228,0.4,0.131321401800683,0.363,604,0.782057838349229,0.344271523178808,0.135761589403974,0.132450331125828,0.367816091954023,0.0440086216567822,0.858,0.135821967548494,0.0460793540141745,-0.0129545718601139,0.0429882653654002,0.032183908045977,0.0873127801439011,58.9,0.363,"improving",2026-09-02,2026-09-15,"batter","sabrhood_recent_vs_prior_zscore_v1","2026-09-15","2026-09-16 14:38:46 UTC"
"661388","William Contreras","Milwaukee Brewers","R",47,0.914387031408308,0.369347826086957,0.234042553191489,0.0851063829787234,0.59375,0.128701624171946,0.32,551,0.744678255791174,0.323509090909091,0.137931034482759,0.088929219600726,0.436018957345972,0.0182374028327264,0.846,0.169708775617134,0.0458387351778656,0.0961115187087307,-0.00382283662200256,0.157731042654028,0.110464221339219,58.9,0.32,"improving",2026-09-02,2026-09-15,"batter","sabrhood_recent_vs_prior_zscore_v1","2026-09-15","2026-09-16 14:38:46 UTC"
"679822","Justin Foscue","Texas Rangers","R",29,0.897828863346105,0.38448275862069,0.310344827586207,0.0689655172413793,0.555555555555556,0.126323288318927,0.225,202,0.808120976032029,0.343811881188119,0.242574257425743,0.0742574257425743,0.402985074626866,0.00567501106646871,0.669,0.0897078873140753,0.0406708774325708,0.0677705701604643,-0.00529190850119494,0.15257048092869,0.120648277252459,58.3,0.225,"improving",2026-09-02,2026-09-15,"batter","sabrhood_recent_vs_prior_zscore_v1","2026-09-15","2026-09-16 14:38:46 UTC"
"543760","Marcus Semien","New York Mets","R",49,0.659863945578231,0.294081632653061,0.0612244897959184,0.102040816326531,0.435897435897436,-0.00675240390366442,0.329,464,0.623035762839685,0.273066954643629,0.209051724137931,0.0797413793103448,0.327217125382263,-0.0379843696468116,0.823,0.0368281827385458,0.0210146780094327,-0.147827234342013,0.0222994370161858,0.108680310515173,0.0312319657431472,58.1,0.329,"improving",2026-09-02,2026-09-15,"batter","sabrhood_recent_vs_prior_zscore_v1","2026-09-15","2026-09-16 14:38:46 UTC"
"664034","Ty France","San Diego Padres","R",38,0.979876160990712,0.418157894736842,0.210526315789474,0.105263157894737,0.6,0.0618550708619509,0.275,417,0.848244147157191,0.360576923076923,0.215827338129496,0.0695443645083933,0.480427046263345,0.0366294785931342,0.807,0.131632013833521,0.057580971659919,-0.00530102234002272,0.0357187933863436,0.119572953736655,0.0252255922688167,58,0.275,"improving",2026-09-02,2026-09-15,"batter","sabrhood_recent_vs_prior_zscore_v1","2026-09-15","2026-09-16 14:38:46 UTC"
"666182","Bo Bichette","New York Mets","R",57,0.762641898864809,0.334736842105263,0.157894736842105,0.105263157894737,0.476190476190476,0.0913970660311849,0.363,589,0.698297195196061,0.302342954159593,0.181663837011885,0.0645161290322581,0.412698412698413,0.00447147333046989,0.855,0.0643447036687484,0.0323938879456706,-0.0237691001697793,0.0407470288624788,0.0634920634920635,0.0869255927007151,57.9,0.363,"improving",2026-09-02,2026-09-15,"batter","sabrhood_recent_vs_prior_zscore_v1","2026-09-15","2026-09-16 14:38:46 UTC"
"666018","Jonathan Aranda","Tampa Bay Rays","L",51,1.00891265597148,0.416470588235294,0.313725490196078,0.0784313725490196,0.448275862068966,0.118334404727612,0.338,583,0.776636522645231,0.33815834767642,0.229845626072041,0.102915951972556,0.453825857519789,0.0215155613753383,0.854,0.232276133326248,0.0783122405588742,0.0838798641240373,-0.0244845794235361,-0.00554999545082341,0.096818843352274,57.7,0.338,"improving",2026-09-02,2026-09-15,"batter","sabrhood_recent_vs_prior_zscore_v1","2026-09-15","2026-09-16 14:38:46 UTC"
"573262","Mike Yastrzemski","Atlanta Braves","L",31,0.86857825567503,0.375806451612903,0.161290322580645,0.129032258064516,0.272727272727273,0.0305127694150785,0.237,346,0.675639427254524,0.297080924855491,0.245664739884393,0.0982658959537572,0.439461883408072,-0.00928342812635292,0.776,0.192938828420506,0.0787255267574119,-0.0843744173037479,0.0307663621107589,-0.166734610680799,0.0397961975414314,57.2,0.237,"improving",2026-09-02,2026-09-15,"batter","sabrhood_recent_vs_prior_zscore_v1","2026-09-15","2026-09-16 14:38:46 UTC"
"663728","Cal Raleigh","Seattle Mariners","L",53,0.774405250205086,0.336792452830189,0.30188679245283,0.132075471698113,0.4,0.0420655590368031,0.346,438,0.643676897907357,0.284703196347032,0.312785388127854,0.132420091324201,0.384937238493724,-0.0241604566718861,0.814,0.130728352297729,0.0520892564831567,-0.0108985956750237,-0.0003446196260877,0.0150627615062762,0.0662260157086892,56.9,0.346,"improving",2026-09-02,2026-09-15,"batter","sabrhood_recent_vs_prior_zscore_v1","2026-09-15","2026-09-16 14:38:46 UTC"
"681198","TJ Rumfield","Colorado Rockies","L",51,1.0483660130719,0.449019607843137,0.0980392156862745,0.0980392156862745,0.179487179487179,0.0896077614737965,0.338,548,0.825072143948396,0.360839416058394,0.138686131386861,0.116788321167883,0.281407035175879,0.0547205221390605,0.846,0.223293869123499,0.0881801917847431,-0.0406469157005868,-0.0187491054816087,-0.1019198556887,0.0348872393347359,56.9,0.338,"improving",2026-09-02,2026-09-15,"batter","sabrhood_recent_vs_prior_zscore_v1","2026-09-15","2026-09-16 14:38:46 UTC"
"694249","Cole Carrigg","Colorado Rockies","L",52,1.03294117647059,0.43,0.326923076923077,0.0192307692307692,0.441176470588235,0.0601321520269678,0.342,274,0.758836996336996,0.326410256410256,0.218978102189781,0.0912408759124088,0.342391304347826,0.0309843473182054,0.733,0.274104180133592,0.103589743589744,0.107944974733296,-0.0720101066816395,0.0987851662404092,0.0291478047087624,56.8,0.342,"improving",2026-09-02,2026-09-15,"batter","sabrhood_recent_vs_prior_zscore_v1","2026-09-15","2026-09-16 14:38:46 UTC"
"663457","Lars Nootbaar","Arizona Diamondbacks","L",38,0.857018308631212,0.371351351351351,0.236842105263158,0.131578947368421,0.583333333333333,0.0469766081887229,0.275,256,0.707596860859729,0.311490196078431,0.1953125,0.1328125,0.494186046511628,0.00366814639006465,0.719,0.149421447771483,0.0598611552729199,0.0415296052631579,-0.00123355263157895,0.0891472868217055,0.0433084617986583,56.7,0.275,"improving",2026-09-02,2026-09-15,"batter","sabrhood_recent_vs_prior_zscore_v1","2026-09-15","2026-09-16 14:38:46 UTC"
"642201","Eli White","Boston Red Sox","R",25,0.84,0.3556,0.2,0,0.25,0.0815079885542426,0.2,179,0.664434273406475,0.287597765363128,0.223463687150838,0.0614525139664804,0.299212598425197,0.00239938713724332,0.642,0.175565726593525,0.0680022346368716,-0.023463687150838,-0.0614525139664804,-0.0492125984251969,0.0791086014169993,56.6,0.2,"improving",2026-09-02,2026-09-15,"batter","sabrhood_recent_vs_prior_zscore_v1","2026-09-15","2026-09-16 14:38:46 UTC"
"665489","Vladimir Guerrero Jr.","Toronto Blue Jays","R",58,0.832657200811359,0.357068965517241,0.189655172413793,0.0862068965517241,0.585365853658537,0.00377822228282973,0.367,520,0.672113325646516,0.297442307692308,0.126923076923077,0.0846153846153846,0.42962962962963,-0.0115690113287776,0.839,0.160543875164843,0.0596266578249337,0.0627320954907162,0.00159151193633952,0.155736224028907,0.0153472336116073,56.4,0.367,"improving",2026-09-02,2026-09-15,"batter","sabrhood_recent_vs_prior_zscore_v1","2026-09-15","2026-09-16 14:38:46 UTC"
"664023","Ian Happ","Chicago Cubs","L",40,0.600806451612903,0.29625,0.25,0.225,0.571428571428571,0.0862571456872958,0.286,560,0.738771370082806,0.321735241502683,0.303571428571429,0.117857142857143,0.407643312101911,-0.000232439002856514,0.848,-0.137964918469903,-0.0254852415026833,-0.0535714285714285,0.107142857142857,0.163785259326661,0.0864895846901523,56.4,0.286,"improving",2026-09-02,2026-09-15,"batter","sabrhood_recent_vs_prior_zscore_v1","2026-09-15","2026-09-16 14:38:46 UTC"
"641487","J.P. Crawford","Seattle Mariners","L",58,0.846584546472564,0.377894736842105,0.103448275862069,0.137931034482759,0.238095238095238,0.0156794240890851,0.367,390,0.672232645403377,0.302846153846154,0.21025641025641,0.135897435897436,0.357429718875502,0.00574900090608575,0.796,0.174351901069187,0.0750485829959514,-0.106808134394341,0.00203359858532273,-0.119334480780264,0.00993042318299934,56.3,0.367,"improving",2026-09-02,2026-09-15,"batter","sabrhood_recent_vs_prior_zscore_v1","2026-09-15","2026-09-16 14:38:46 UTC"
"553869","Elias Díaz","Texas Rangers","R",29,0.757834757834758,0.315925925925926,0.344827586206897,0,0.578947368421053,0.0621098290653526,0.225,192,0.65980593942958,0.281315789473684,0.234375,0.0364583333333333,0.391304347826087,-0.0361901166471018,0.658,0.0980288184051783,0.0346101364522417,0.110452586206897,-0.0364583333333333,0.187643020594966,0.0982999457124544,56.3,0.225,"improving",2026-09-02,2026-09-15,"batter","sabrhood_recent_vs_prior_zscore_v1","2026-09-15","2026-09-16 14:38:46 UTC"
"695491","Joshua Báez","St. Louis Cardinals","R",41,0.904315196998124,0.384878048780488,0.24390243902439,0.024390243902439,0.413793103448276,0.0530063573046022,0.291,63,0.764411027568922,0.314444444444444,0.365079365079365,0.0476190476190476,0.542857142857143,0.0356934762291929,0.387,0.139904169429202,0.0704336043360434,-0.121176926054975,-0.0232288037166086,-0.129064039408867,0.0173128810754093,55.4,0.291,"improving",2026-09-02,2026-09-15,"batter","sabrhood_recent_vs_prior_zscore_v1","2026-09-15","2026-09-16 14:38:46 UTC"
"608369","Corey Seager","Texas Rangers","L",53,0.890122086570477,0.37188679245283,0.150943396226415,0.0377358490566038,0.452380952380952,0.0284604429246711,0.346,333,0.731043543543544,0.317198795180723,0.243243243243243,0.117117117117117,0.49047619047619,-0.00365788852640507,0.769,0.159078543026934,0.0546879972721073,-0.0922998470168282,-0.0793812680605133,-0.0380952380952381,0.0321183314510762,55.3,0.346,"improving",2026-09-02,2026-09-15,"batter","sabrhood_recent_vs_prior_zscore_v1","2026-09-15","2026-09-16 14:38:46 UTC"
"669221","Sean Murphy","Atlanta Braves","R",31,0.554360812425329,0.250645161290323,0.290322580645161,0.129032258064516,0.444444444444444,0.0333712975649916,0.237,61,0.641605426794799,0.276229508196721,0.360655737704918,0.0491803278688525,0.361111111111111,-0.0456753796755753,0.379,-0.0872446143694707,-0.0255843469063987,-0.0703331570597567,0.0798519301956637,0.0833333333333333,0.0790466772405669,55.3,0.237,"improving",2026-09-02,2026-09-15,"batter","sabrhood_recent_vs_prior_zscore_v1","2026-09-15","2026-09-16 14:38:46 UTC"
"672515","Gabriel Moreno","Arizona Diamondbacks","R",53,0.980311730926989,0.418301886792453,0.150943396226415,0.113207547169811,0.368421052631579,0.0972565860857212,0.346,461,0.833709436828273,0.358915401301518,0.149674620390456,0.110629067245119,0.426426426426426,0.0538339576522693,0.822,0.146602294098717,0.0593864854909343,0.00126877583595955,0.00257847992469201,-0.0580053737948475,0.0434226284334518,55.1,0.346,"improving",2026-09-02,2026-09-15,"batter","sabrhood_recent_vs_prior_zscore_v1","2026-09-15","2026-09-16 14:38:46 UTC"
"694192","Jackson Chourio","Milwaukee Brewers","R",59,0.954699537750385,0.400338983050847,0.186440677966102,0.0508474576271186,0.422222222222222,0.0499044828421316,0.371,468,0.812025442258,0.346716738197425,0.239316239316239,0.0747863247863248,0.471698113207547,0.0241190417100558,0.824,0.142674095492385,0.0536222448534225,-0.0528755613501376,-0.0239388671592061,-0.049475890985325,0.0257854411320758,54.9,0.371,"stable",2026-09-02,2026-09-15,"batter","sabrhood_recent_vs_prior_zscore_v1","2026-09-15","2026-09-16 14:38:46 UTC"
"663586","Austin Riley","Atlanta Braves","R",48,0.731104651162791,0.317083333333333,0.3125,0.0833333333333333,0.464285714285714,0.03018731551945,0.324,546,0.649660929701663,0.285201465201465,0.316849816849817,0.0750915750915751,0.445482866043614,-0.0210157080971905,0.845,0.0814437214611279,0.0318818681318681,-0.00434981684981683,0.00824175824175824,0.0188028482421006,0.0512030236166405,54.9,0.324,"stable",2026-09-02,2026-09-15,"batter","sabrhood_recent_vs_prior_zscore_v1","2026-09-15","2026-09-16 14:38:46 UTC"
"668804","Bryan Reynolds","Pittsburgh Pirates","R",51,0.864052287581699,0.364509803921569,0.176470588235294,0.0980392156862745,0.594594594594595,0.0325116585809988,0.338,606,0.784131604649827,0.344247933884298,0.237623762376238,0.127062706270627,0.473262032085562,0.0303994101647221,0.858,0.0799206829318727,0.0202618700372711,-0.0611531741409435,-0.0290234905843526,0.121332562509033,0.00211224841627672,54.7,0.338,"stable",2026-09-02,2026-09-15,"batter","sabrhood_recent_vs_prior_zscore_v1","2026-09-15","2026-09-16 14:38:46 UTC"
"664770","Nathan Lukes","Toronto Blue Jays","L",48,0.800531914893617,0.348541666666667,0.125,0.0208333333333333,0.292682926829268,0.0295350909619238,0.324,369,0.695276365425619,0.303928571428571,0.151761517615176,0.0569105691056911,0.27719298245614,-0.00792263034563287,0.787,0.105255549467998,0.0446130952380953,-0.0267615176151761,-0.0360772357723577,0.015489944373128,0.0374577213075567,54.7,0.324,"stable",2026-09-02,2026-09-15,"batter","sabrhood_recent_vs_prior_zscore_v1","2026-09-15","2026-09-16 14:38:46 UTC"
"676724","Jared Young","New York Mets","L",42,0.746031746031746,0.327142857142857,0.142857142857143,0.119047619047619,0.580645161290323,0.0383143943157205,0.296,295,0.761990892992664,0.327966101694915,0.193220338983051,0.0644067796610169,0.44811320754717,0.0215023051797848,0.747,-0.0159591469609177,-0.000823244552058067,-0.050363196125908,0.0546408393866021,0.132531953743153,0.0168120891359357,54.7,0.296,"stable",2026-09-02,2026-09-15,"batter","sabrhood_recent_vs_prior_zscore_v1","2026-09-15","2026-09-16 14:38:46 UTC"
"642215","Weston Wilson","Seattle Mariners","R",28,0.727513227513227,0.320357142857143,0.25,0.0357142857142857,0.3,0.0137428455336144,0.219,138,0.617723924922784,0.276449275362319,0.326086956521739,0.108695652173913,0.355263157894737,-0.0461831848384607,0.58,0.109789302590443,0.0439078674948241,-0.0760869565217391,-0.0729813664596273,-0.0552631578947368,0.0599260303720752,54.7,0.219,"stable",2026-09-02,2026-09-15,"batter","sabrhood_recent_vs_prior_zscore_v1","2026-09-15","2026-09-16 14:38:46 UTC"
"702332","Caleb Durbin","Boston Red Sox","R",43,0.803571428571429,0.370238095238095,0.162790697674419,0.13953488372093,0.28,0.0127412684628841,0.301,505,0.704049354314009,0.308517034068136,0.136633663366337,0.0772277227722772,0.255208333333333,0.0221991150753542,0.835,0.0995220742574194,0.061721061169959,0.026157034308082,0.062307160948653,0.0247916666666667,-0.00945784661247007,54.6,0.301,"stable",2026-09-02,2026-09-15,"batter","sabrhood_recent_vs_prior_zscore_v1","2026-09-15","2026-09-16 14:38:46 UTC"
"642350","Jose Siri","Los Angeles Angels","R",28,0.73015873015873,0.310714285714286,0.321428571428571,0.0357142857142857,0.5,0.0287904427027143,0.219,189,0.68260705527259,0.29494623655914,0.322751322751323,0.0582010582010582,0.403508771929825,-0.0311373316889206,0.654,0.0475516748861401,0.0157680491551459,-0.00132275132275128,-0.0224867724867725,0.0964912280701755,0.0599277743916349,54.6,0.219,"stable",2026-09-02,2026-09-15,"batter","sabrhood_recent_vs_prior_zscore_v1","2026-09-15","2026-09-16 14:38:46 UTC"
"672640","Otto Lopez","Miami Marlins","R",59,0.831892078865444,0.371864406779661,0.135593220338983,0.101694915254237,0.365853658536585,0.0751883945410513,0.371,588,0.777199016278838,0.332156196943973,0.129251700680272,0.0510204081632653,0.409663865546218,0.0249357740303493,0.855,0.0546930625866069,0.0397082098356882,0.00634151965871094,0.050674507090972,-0.0438102070096331,0.050252620510702,54.4,0.371,"stable",2026-09-02,2026-09-15,"batter","sabrhood_recent_vs_prior_zscore_v1","2026-09-15","2026-09-16 14:38:46 UTC"
"669224","Austin Wells","New York Yankees","L",36,0.650383141762452,0.294722222222222,0.277777777777778,0.194444444444444,0.473684210526316,-0.0668966871519028,0.265,330,0.579795067840692,0.258231707317073,0.26969696969697,0.1,0.425742574257426,-0.0488186648099678,0.767,0.0705880739217603,0.0364905149051491,0.00808080808080808,0.0944444444444444,0.04794163626889,-0.018078022341935,54.4,0.265,"stable",2026-09-02,2026-09-15,"batter","sabrhood_recent_vs_prior_zscore_v1","2026-09-15","2026-09-16 14:38:46 UTC"
"665926","Andrés Giménez","Toronto Blue Jays","L",46,0.713438735177866,0.307608695652174,0.130434782608696,0.0434782608695652,0.263157894736842,-0.0255700020436697,0.315,438,0.635196511496206,0.276697247706422,0.194063926940639,0.0273972602739726,0.245398773006135,-0.0250879230631984,0.814,0.07824222368166,0.0309114479457519,-0.0636291443319436,0.0160810005955926,0.0177591217307071,-0.000482078980471347,54.3,0.315,"stable",2026-09-02,2026-09-15,"batter","sabrhood_recent_vs_prior_zscore_v1","2026-09-15","2026-09-16 14:38:46 UTC"
"675961","Alika Williams","Athletics","R",41,0.792682926829268,0.33390243902439,0.146341463414634,0.0731707317073171,0.28125,-0.0400582823038817,0.291,170,0.704464488744031,0.30251497005988,0.241176470588235,0.0352941176470588,0.330578512396694,-0.0346274261855865,0.63,0.0882184380852374,0.03138746896451,-0.0948350071736012,0.0378766140602582,-0.0493285123966942,-0.00543085611829521,54.3,0.291,"stable",2026-09-02,2026-09-15,"batter","sabrhood_recent_vs_prior_zscore_v1","2026-09-15","2026-09-16 14:38:46 UTC"
"663616","Trevor Larnach","Minnesota Twins","L",25,1.01217391304348,0.4208,0.28,0.08,0.3125,0.0663178838417378,0.2,411,0.767513270174024,0.334987775061125,0.175182481751825,0.104622871046229,0.370242214532872,0.0330853083545629,0.804,0.244660642869454,0.0858122249388754,0.104817518248175,-0.0246228710462287,-0.057742214532872,0.0332325754871749,54.3,0.2,"stable",2026-09-02,2026-09-15,"batter","sabrhood_recent_vs_prior_zscore_v1","2026-09-15","2026-09-16 14:38:46 UTC"
"687263","Zach Neto","Los Angeles Angels","R",53,0.860455974842767,0.36622641509434,0.30188679245283,0.0377358490566038,0.34375,0.0987122605591216,0.346,598,0.752182681347312,0.324899665551839,0.306020066889632,0.0903010033444816,0.411931818181818,0.0131900671308776,0.857,0.108273293495455,0.0413267495425002,-0.00413327443680195,-0.0525651542878778,-0.0681818181818182,0.085522193428244,54.1,0.346,"stable",2026-09-02,2026-09-15,"batter","sabrhood_recent_vs_prior_zscore_v1","2026-09-15","2026-09-16 14:38:46 UTC"
"806198","Cooper Pratt","Milwaukee Brewers","R",41,0.73040293040293,0.323076923076923,0.121951219512195,0.0975609756097561,0.15625,0.0951064871084916,0.291,191,0.70494026477236,0.307631578947368,0.193717277486911,0.0942408376963351,0.291044776119403,-0.00277270280013101,0.656,0.0254626656305701,0.0154453441295547,-0.0717660579747159,0.00332013791342102,-0.134794776119403,0.0978791899086226,54,0.291,"stable",2026-09-02,2026-09-15,"batter","sabrhood_recent_vs_prior_zscore_v1","2026-09-15","2026-09-16 14:38:46 UTC"
"668227","Randy Arozarena","Seattle Mariners","R",59,0.938850116317714,0.397796610169492,0.203389830508475,0.0677966101694915,0.461538461538462,0.0610293694558423,0.371,567,0.835819816694134,0.362151675485009,0.215167548500882,0.0987654320987654,0.418478260869565,0.0413307280666808,0.85,0.10303029962358,0.0356449346844827,-0.0117777179924072,-0.0309688219292739,0.0430602006688963,0.0196986413891615,53.8,0.371,"stable",2026-09-02,2026-09-15,"batter","sabrhood_recent_vs_prior_zscore_v1","2026-09-15","2026-09-16 14:38:46 UTC"
"643289","Mauricio Dubón","Atlanta Braves","R",49,0.806359753203607,0.353469387755102,0.0816326530612245,0.0612244897959184,0.3,-0.00180746480845711,0.329,533,0.692609996709091,0.301342155009452,0.120075046904315,0.0581613508442777,0.295612009237875,0.0182785550383339,0.842,0.113749756494516,0.0521272327456503,-0.0384423938430907,0.00306313895164069,0.0043879907621247,-0.020086019846791,53.8,0.329,"stable",2026-09-02,2026-09-15,"batter","sabrhood_recent_vs_prior_zscore_v1","2026-09-15","2026-09-16 14:38:46 UTC"
"702284","Cole Young","Seattle Mariners","L",47,0.750967117988395,0.323829787234043,0.170212765957447,0.0212765957446809,0.416666666666667,0.0505053076395087,0.32,559,0.684580758050405,0.299014336917563,0.168157423971377,0.0661896243291592,0.3743961352657,-0.00939925527764459,0.848,0.0663863599379896,0.0248154503164798,0.00205534198606935,-0.0449130285844784,0.0422705314009662,0.0599045629171533,53.7,0.32,"stable",2026-09-02,2026-09-15,"batter","sabrhood_recent_vs_prior_zscore_v1","2026-09-15","2026-09-16 14:38:46 UTC"
"682987","Spencer Jones","New York Yankees","L",49,0.829545454545455,0.360208333333333,0.346938775510204,0.0816326530612245,0.444444444444444,0.14123460890218,0.329,206,0.764182629231173,0.327766990291262,0.349514563106796,0.0922330097087379,0.557522123893805,0.0477708526826548,0.673,0.0653628253142816,0.0324413430420711,-0.00257578759659205,-0.0106003566475134,-0.113077679449361,0.0934637562195256,53.6,0.329,"stable",2026-09-02,2026-09-15,"batter","sabrhood_recent_vs_prior_zscore_v1","2026-09-15","2026-09-16 14:38:46 UTC"
"622268","Donovan Walton","Athletics","L",38,0.917862838915471,0.384210526315789,0.157894736842105,0.131578947368421,0.296296296296296,0.0487671942810177,0.275,198,0.806122448979592,0.354744897959184,0.161616161616162,0.106060606060606,0.340579710144928,0.0217683499655806,0.664,0.111740389935879,0.0294656283566058,-0.00372142477405638,0.025518341307815,-0.0442834138486313,0.0269988443154371,53.6,0.275,"stable",2026-09-02,2026-09-15,"batter","sabrhood_recent_vs_prior_zscore_v1","2026-09-15","2026-09-16 14:38:46 UTC"
"680757","Steven Kwan","Cleveland Guardians","L",62,0.799539170506912,0.349516129032258,0.0967741935483871,0.0967741935483871,0.183673469387755,0.0137781971387367,0.383,535,0.702823941022117,0.319169811320755,0.0990654205607477,0.130841121495327,0.091358024691358,0.00920934748148421,0.843,0.0967152294847957,0.0303463177115034,-0.00229122701236056,-0.03406692794694,0.0923154446963971,0.00456884965725247,53.5,0.383,"stable",2026-09-02,2026-09-15,"batter","sabrhood_recent_vs_prior_zscore_v1","2026-09-15","2026-09-16 14:38:46 UTC"
"804668","Rafael Flores Jr.","Pittsburgh Pirates","R",39,0.91025641025641,0.394358974358974,0.179487179487179,0.0256410256410256,0.516129032258065,-0.00956979465114565,0.281,91,0.808898418654516,0.341098901098901,0.318681318681319,0.0989010989010989,0.452830188679245,0.0600328666657316,0.476,0.101357991601894,0.0532600732600733,-0.139194139194139,-0.0732600732600732,0.0632988435788192,-0.0696026613168772,53.3,0.281,"stable",2026-09-02,2026-09-15,"batter","sabrhood_recent_vs_prior_zscore_v1","2026-09-15","2026-09-16 14:38:46 UTC"
"607208","Trea Turner","Philadelphia Phillies","R",51,0.723489395758303,0.306666666666667,0.196078431372549,0.0392156862745098,0.358974358974359,0.0400449854209509,0.338,597,0.671755516714005,0.291976549413735,0.214405360134003,0.0636515912897822,0.39344262295082,-0.0293746314986537,0.857,0.0517338790442985,0.0146901172529314,-0.0183269287614543,-0.0244359050152724,-0.0344682639764607,0.0694196169196046,53.1,0.338,"stable",2026-09-02,2026-09-15,"batter","sabrhood_recent_vs_prior_zscore_v1","2026-09-15","2026-09-16 14:38:46 UTC"
"680664","Eduardo Valencia","Detroit Tigers","R",26,0.878260869565217,0.38,0.0769230769230769,0.0769230769230769,0.428571428571429,0.0661555598961665,0.206,79,0.965477560414269,0.402911392405063,0.30379746835443,0.0126582278481013,0.452830188679245,0.0832435902090795,0.441,-0.0872166908490518,-0.0229113924050633,-0.226874391431353,0.0642648490749757,-0.0242587601078167,-0.017088030312913,53,0.206,"stable",2026-09-02,2026-09-15,"batter","sabrhood_recent_vs_prior_zscore_v1","2026-09-15","2026-09-16 14:38:46 UTC"
"643446","Jeff McNeil","Athletics","L",49,0.689101172383847,0.299387755102041,0.102040816326531,0.0408163265306122,0.285714285714286,0.074176307730677,0.329,431,0.681773922280251,0.298368298368298,0.111368909512761,0.0580046403712297,0.303977272727273,-0.0142007243279418,0.812,0.00732725010359569,0.00101945673374243,-0.0093280931862304,-0.0171883138406175,-0.018262987012987,0.0883770320586188,52.8,0.329,"stable",2026-09-02,2026-09-15,"batter","sabrhood_recent_vs_prior_zscore_v1","2026-09-15","2026-09-16 14:38:46 UTC"
"683737","Michael Busch","Chicago Cubs","L",50,0.768571428571429,0.3322,0.22,0.14,0.40625,0.0588433742092737,0.333,618,0.736754507628294,0.3257928802589,0.229773462783172,0.124595469255663,0.397402597402597,0.0238182600548342,0.861,0.0318169209431346,0.00640711974110031,-0.00977346278317151,0.0154045307443366,0.00884740259740258,0.0350251141544395,52.6,0.333,"stable",2026-09-02,2026-09-15,"batter","sabrhood_recent_vs_prior_zscore_v1","2026-09-15","2026-09-16 14:38:46 UTC"
"672386","Alejandro Kirk","Toronto Blue Jays","R",45,0.818970189701897,0.354222222222222,0.133333333333333,0.0888888888888889,0.4,0.0536216499139062,0.31,237,0.755393118202888,0.32746835443038,0.122362869198312,0.0886075949367089,0.406417112299465,0.024643867558388,0.703,0.0635770714990089,0.0267538677918425,0.0109704641350211,0.000281293952180031,-0.00641711229946523,0.0289777823555182,52.6,0.31,"stable",2026-09-02,2026-09-15,"batter","sabrhood_recent_vs_prior_zscore_v1","2026-09-15","2026-09-16 14:38:46 UTC"
"800050","Chase DeLauter","Cleveland Guardians","L",38,0.853269537480064,0.366842105263158,0.0789473684210526,0.131578947368421,0.533333333333333,-0.0162794582927443,0.275,484,0.811686257214627,0.350971074380165,0.150826446280992,0.103305785123967,0.457063711911357,0.0352966759070093,0.829,0.041583280265437,0.0158710308829926,-0.0718790778599391,0.0282731622444541,0.076269621421976,-0.0515761341997535,52.6,0.275,"stable",2026-09-02,2026-09-15,"batter","sabrhood_recent_vs_prior_zscore_v1","2026-09-15","2026-09-16 14:38:46 UTC"
"665052","Griffin Conine","Miami Marlins","L",51,0.892156862745098,0.385490196078431,0.254901960784314,0.0784313725490196,0.454545454545455,0.0782036319140783,0.338,235,0.838340004213187,0.361148936170213,0.306382978723404,0.123404255319149,0.507692307692308,0.0340886211782159,0.701,0.0538168585319108,0.0243412599082187,-0.0514810179390905,-0.0449728827701293,-0.0531468531468531,0.0441150107358624,52.5,0.338,"stable",2026-09-02,2026-09-15,"batter","sabrhood_recent_vs_prior_zscore_v1","2026-09-15","2026-09-16 14:38:46 UTC"
"571970","Max Muncy","Los Angeles Dodgers","L",49,0.875559980089597,0.379591836734694,0.306122448979592,0.122448979591837,0.615384615384615,0.0234757396463415,0.329,472,0.829321215098665,0.354555084745763,0.252118644067797,0.11228813559322,0.456081081081081,0.0401622784723292,0.825,0.0462387649909315,0.0250367519889311,0.0540038049117952,0.0101608439986164,0.159303534303534,-0.0166865388259877,52.5,0.329,"stable",2026-09-02,2026-09-15,"batter","sabrhood_recent_vs_prior_zscore_v1","2026-09-15","2026-09-16 14:38:46 UTC"
"701358","Cam Smith","Houston Astros","R",41,0.818998716302952,0.342926829268293,0.317073170731707,0.0731707317073171,0.4,-0.0218010623553715,0.291,489,0.663002980625931,0.285594262295082,0.245398773006135,0.0736196319018405,0.441358024691358,-0.033127228694483,0.83,0.155995735677021,0.0573325669732107,0.0716743977255724,-0.000448900194523427,-0.041358024691358,0.0113261663391115,52.5,0.291,"stable",2026-09-02,2026-09-15,"batter","sabrhood_recent_vs_prior_zscore_v1","2026-09-15","2026-09-16 14:38:46 UTC"
"680869","Zack Gelof","Athletics","R",51,0.837009803921569,0.346470588235294,0.254901960784314,0.0588235294117647,0.457142857142857,0.015270669716436,0.338,340,0.758383274180097,0.327833827893175,0.25,0.0764705882352941,0.414414414414414,0.00823833290520968,0.773,0.0786265297414713,0.018636760342119,0.00490196078431371,-0.0176470588235294,0.0427284427284427,0.00703233681122636,52.2,0.338,"stable",2026-09-02,2026-09-15,"batter","sabrhood_recent_vs_prior_zscore_v1","2026-09-15","2026-09-16 14:38:46 UTC"
"605137","Josh Bell","Minnesota Twins","R",44,0.831002331002331,0.347954545454545,0.181818181818182,0.0909090909090909,0.5625,-0.0642302338313086,0.306,545,0.730810616929699,0.316121323529412,0.201834862385321,0.0807339449541284,0.411458333333333,0.0314082858289391,0.845,0.100191714072632,0.0318332219251337,-0.0200166805671393,0.0101751459549625,0.151041666666667,-0.0956385196602477,52.1,0.306,"stable",2026-09-02,2026-09-15,"batter","sabrhood_recent_vs_prior_zscore_v1","2026-09-15","2026-09-16 14:38:46 UTC"
"686611","Dylan Crews","Washington Nationals","R",44,0.734478935698448,0.314318181818182,0.227272727272727,0.0454545454545455,0.433333333333333,-0.0164051061745821,0.306,358,0.646605202728176,0.284329608938547,0.245810055865922,0.0698324022346369,0.428571428571429,-0.010711462672041,0.782,0.0878737329702716,0.0299885728796344,-0.0185373285931945,-0.0243778567800914,0.0047619047619048,-0.00569364350254113,52,0.306,"stable",2026-09-02,2026-09-15,"batter","sabrhood_recent_vs_prior_zscore_v1","2026-09-15","2026-09-16 14:38:46 UTC"
"803011","Sam Antonacci","Chicago White Sox","L",50,0.802222222222222,0.3518,0.12,0.06,0.333333333333333,0.0392859358377237,0.333,475,0.748037521342606,0.333368644067797,0.157894736842105,0.0821052631578947,0.323353293413174,0.0407775943954334,0.826,0.0541847008796161,0.0184313559322034,-0.0378947368421053,-0.0221052631578947,0.00998003992015967,-0.00149165855770973,51.8,0.333,"stable",2026-09-02,2026-09-15,"batter","sabrhood_recent_vs_prior_zscore_v1","2026-09-15","2026-09-16 14:38:46 UTC"
"624413","Pete Alonso","Baltimore Orioles","R",59,0.872881355932203,0.373050847457627,0.220338983050847,0.152542372881356,0.472222222222222,0.0710046175449119,0.371,598,0.852599341354964,0.364464882943144,0.244147157190635,0.105351170568562,0.567282321899736,0.0382714485512239,0.857,0.0202820145772399,0.00858596451448329,-0.023808174139788,0.0471912023127941,-0.0950600996775139,0.032733168993688,51.7,0.371,"stable",2026-09-02,2026-09-15,"batter","sabrhood_recent_vs_prior_zscore_v1","2026-09-15","2026-09-16 14:38:46 UTC"
"687952","Christian Encarnacion-Strand","Baltimore Orioles","R",48,0.842538759689923,0.362708333333333,0.291666666666667,0.0625,0.344827586206897,0.0541759574305319,0.324,135,0.782634446813551,0.330820895522388,0.266666666666667,0.0444444444444444,0.41304347826087,0.0266804849984659,0.574,0.0599043128763712,0.0318874378109453,0.025,0.0180555555555556,-0.068215892053973,0.027495472432066,51.7,0.324,"stable",2026-09-02,2026-09-15,"batter","sabrhood_recent_vs_prior_zscore_v1","2026-09-15","2026-09-16 14:38:46 UTC"
"665019","Kody Clemens","Minnesota Twins","L",51,0.777777777777778,0.336274509803922,0.176470588235294,0.0980392156862745,0.416666666666667,0.0135875706174163,0.338,492,0.760725623582766,0.321938775510204,0.227642276422764,0.0630081300813008,0.470760233918129,0.0206327945352657,0.831,0.0170521541950113,0.0143357342937175,-0.0511716881874701,0.0350310856049737,-0.054093567251462,-0.00704522391784944,51.4,0.338,"stable",2026-09-02,2026-09-15,"batter","sabrhood_recent_vs_prior_zscore_v1","2026-09-15","2026-09-16 14:38:46 UTC"
"641343","Jake Bauers","Milwaukee Brewers","L",42,0.904761904761905,0.391666666666667,0.285714285714286,0.238095238095238,0.45,0.0869429705909337,0.296,496,0.88428198535141,0.379696356275304,0.258064516129032,0.153225806451613,0.53125,0.0664250654272099,0.832,0.0204799194104944,0.011970310391363,0.0276497695852534,0.0848694316436252,-0.08125,0.0205179051637238,51.3,0.296,"stable",2026-09-02,2026-09-15,"batter","sabrhood_recent_vs_prior_zscore_v1","2026-09-15","2026-09-16 14:38:46 UTC"
"665877","José Fermín","St. Louis Cardinals","R",34,0.656862745098039,0.284411764705882,0.147058823529412,0.0882352941176471,0.32,0.036814869187924,0.254,314,0.656797235023042,0.288516129032258,0.130573248407643,0.0828025477707006,0.316872427983539,-0.0132081135314904,0.758,6.55100749976656e-05,-0.00410436432637568,0.0164855751217685,0.00543274634694643,0.00312757201646091,0.0500229827194144,51.3,0.254,"stable",2026-09-02,2026-09-15,"batter","sabrhood_recent_vs_prior_zscore_v1","2026-09-15","2026-09-16 14:38:46 UTC"
"677649","Ezequiel Duran","Texas Rangers","R",50,0.711304347826087,0.3122,0.16,0.06,0.473684210526316,0.028902817137488,0.333,504,0.776941872991128,0.333499005964215,0.238095238095238,0.0793650793650794,0.377581120943953,0.0260613126520328,0.834,-0.0656375251650412,-0.0212990059642148,-0.0780952380952381,-0.0193650793650794,0.096103089582363,0.00284150448545523,51,0.333,"stable",2026-09-02,2026-09-15,"batter","sabrhood_recent_vs_prior_zscore_v1","2026-09-15","2026-09-16 14:38:46 UTC"
"671976","Tristan Peters","Chicago White Sox","L",48,0.789634146341463,0.348958333333333,0.208333333333333,0.0625,0.483870967741935,0.0302350257270538,0.324,418,0.804121174444056,0.345531400966184,0.179425837320574,0.0789473684210526,0.325657894736842,0.0404746956151657,0.807,-0.0144870281025926,0.00342693236714969,0.0289074960127592,-0.0164473684210526,0.158213073005093,-0.010239669888112,50.9,0.324,"stable",2026-09-02,2026-09-15,"batter","sabrhood_recent_vs_prior_zscore_v1","2026-09-15","2026-09-16 14:38:46 UTC"
"678662","Ezequiel Tovar","Colorado Rockies","R",27,0.762820512820513,0.333461538461538,0.296296296296296,0.0740740740740741,0.117647058823529,-0.0870076275237589,0.213,451,0.587274683884853,0.254688888888889,0.250554323725055,0.0598669623059867,0.339869281045752,-0.0747337895725182,0.819,0.175545828935659,0.0787726495726496,0.0457419725712409,0.0142071117680874,-0.222222222222222,-0.0122738379512407,50.7,0.213,"stable",2026-09-02,2026-09-15,"batter","sabrhood_recent_vs_prior_zscore_v1","2026-09-15","2026-09-16 14:38:46 UTC"
"677594","Julio Rodríguez","Seattle Mariners","R",58,0.609195402298851,0.267758620689655,0.224137931034483,0.0689655172413793,0.609756097560976,-0.00601092733721537,0.367,556,0.699966011442814,0.303147482014389,0.226618705035971,0.0701438848920863,0.4296875,-0.0185174178092379,0.848,-0.0907706091439637,-0.0353888613247333,-0.00248077400148847,-0.00117836765070702,0.180068597560976,0.0125064904720225,50.5,0.367,"stable",2026-09-02,2026-09-15,"batter","sabrhood_recent_vs_prior_zscore_v1","2026-09-15","2026-09-16 14:38:46 UTC"
"676475","Alec Burleson","St. Louis Cardinals","L",55,0.831721470019342,0.356545454545455,0.236363636363636,0.127272727272727,0.470588235294118,0.0951095873616059,0.355,580,0.821659892487216,0.352072538860104,0.167241379310345,0.0775862068965517,0.5,0.0631222162598129,0.853,0.0100615775321259,0.00447291568535096,0.0691222570532915,0.0496865203761755,-0.0294117647058824,0.0319873711017929,50.4,0.355,"stable",2026-09-02,2026-09-15,"batter","sabrhood_recent_vs_prior_zscore_v1","2026-09-15","2026-09-16 14:38:46 UTC"
"668939","Adley Rutschman","Boston Red Sox","R",32,0.88125,0.3640625,0.1875,0.0625,0.291666666666667,0.000273681604039258,0.242,343,0.717784256559767,0.311399416909621,0.160349854227405,0.104956268221574,0.408,0.0113138594435158,0.774,0.163465743440233,0.052663083090379,0.0271501457725948,-0.0424562682215743,-0.116333333333333,-0.0110401778394765,50.4,0.242,"stable",2026-09-02,2026-09-15,"batter","sabrhood_recent_vs_prior_zscore_v1","2026-09-15","2026-09-16 14:38:46 UTC"
"624424","Michael Conforto","Chicago Cubs","L",37,0.792171481826654,0.339166666666667,0.135135135135135,0.135135135135135,0.291666666666667,1.13199656783435e-05,0.27,247,0.794256661331325,0.336382113821138,0.283400809716599,0.109311740890688,0.424657534246575,0.0339277923133805,0.712,-0.00208517950467046,0.00278455284552842,-0.148265674581464,0.0258233942444469,-0.132990867579909,-0.0339164723477021,50.2,0.27,"stable",2026-09-02,2026-09-15,"batter","sabrhood_recent_vs_prior_zscore_v1","2026-09-15","2026-09-16 14:38:46 UTC"
"687957","Dustin Harris","San Diego Padres","L",31,0.647465437788018,0.276774193548387,0.129032258064516,0.0645161290322581,0.24,0.0754974592547063,0.237,72,0.732084309133489,0.325571428571429,0.125,0.0972222222222222,0.185185185185185,-0.0184667419838831,0.419,-0.084618871345471,-0.0487972350230415,0.00403225806451613,-0.0327060931899642,0.0548148148148148,0.0939642012385894,50.2,0.237,"stable",2026-09-02,2026-09-15,"batter","sabrhood_recent_vs_prior_zscore_v1","2026-09-15","2026-09-16 14:38:46 UTC"
"596019","Francisco Lindor","New York Mets","L",62,0.790322580645161,0.335,0.241935483870968,0.0645161290322581,0.463414634146341,0.0536472157078803,0.383,355,0.746881287726358,0.323492957746479,0.191549295774648,0.104225352112676,0.473684210526316,0.0165405315624559,0.78,0.0434412929188031,0.0115070422535212,0.0503861880963199,-0.039709223080418,-0.0102695763799743,0.0371066841454244,50.1,0.383,"stable",2026-09-02,2026-09-15,"batter","sabrhood_recent_vs_prior_zscore_v1","2026-09-15","2026-09-16 14:38:46 UTC"
"702222","Justin Crawford","Philadelphia Phillies","L",27,0.643874643874644,0.276296296296296,0.185185185185185,0.037037037037037,0.476190476190476,0.00443947722903455,0.213,405,0.66980352303523,0.294075,0.172839506172839,0.0617283950617284,0.355048859934853,-0.000248546431596876,0.802,-0.0259288791605865,-0.0177787037037037,0.0123456790123457,-0.0246913580246914,0.121141616255623,0.00468802366063143,50,0.213,"stable",2026-09-02,2026-09-15,"batter","sabrhood_recent_vs_prior_zscore_v1","2026-09-15","2026-09-16 14:38:46 UTC"
"669394","Jake Burger","Texas Rangers","R",50,0.75025641025641,0.329,0.32,0.2,0.333333333333333,0.00953628501109751,0.333,524,0.724304513079306,0.311965648854962,0.265267175572519,0.0763358778625954,0.469208211143695,0.0168797202516638,0.84,0.0259518971771039,0.0170343511450382,0.0547328244274809,0.123664122137405,-0.135874877810362,-0.00734343524056624,49.8,0.333,"stable",2026-09-02,2026-09-15,"batter","sabrhood_recent_vs_prior_zscore_v1","2026-09-15","2026-09-16 14:38:46 UTC"
"685133","Wade Meckler","Los Angeles Angels","L",38,0.695046439628483,0.309473684210526,0.0789473684210526,0.105263157894737,0.387096774193548,-0.00687086662593667,0.275,251,0.769401932052534,0.34136546184739,0.207171314741036,0.099601593625498,0.331395348837209,0.0329127308191037,0.715,-0.0743554924240515,-0.0318917776368633,-0.128223946319983,0.00566156426923883,0.0557014253563391,-0.0397835974450403,49.8,0.275,"stable",2026-09-02,2026-09-15,"batter","sabrhood_recent_vs_prior_zscore_v1","2026-09-15","2026-09-16 14:38:46 UTC"
"694374","Tim Tawa","Arizona Diamondbacks","R",38,0.78328173374613,0.338157894736842,0.263157894736842,0.105263157894737,0.333333333333333,-0.0165527050554126,0.275,273,0.698802422897304,0.301647940074906,0.238095238095238,0.0769230769230769,0.449197860962567,0.0079919357367579,0.732,0.0844793108488257,0.0365099546619357,0.025062656641604,0.0283400809716599,-0.115864527629234,-0.0245446407921705,49.7,0.275,"stable",2026-09-02,2026-09-15,"batter","sabrhood_recent_vs_prior_zscore_v1","2026-09-15","2026-09-16 14:38:46 UTC"
"643217","Andrew Benintendi","Chicago White Sox","L",33,0.636363636363636,0.282121212121212,0.151515151515152,0.0909090909090909,0.56,-0.0020563893935695,0.248,414,0.735313539899781,0.314029126213592,0.234299516908213,0.0797101449275362,0.436170212765957,0.0348570048269239,0.805,-0.0989499035361449,-0.0319079140923801,-0.0827843653930611,0.0111989459815547,0.123829787234043,-0.0369133942204934,49.7,0.248,"stable",2026-09-02,2026-09-15,"batter","sabrhood_recent_vs_prior_zscore_v1","2026-09-15","2026-09-16 14:38:46 UTC"
"694497","Evan Carter","Texas Rangers","L",34,0.66078431372549,0.290588235294118,0.352941176470588,0.0882352941176471,0.388888888888889,-0.0246907659377593,0.254,393,0.605449150256272,0.272285714285714,0.241730279898219,0.10941475826972,0.354581673306773,-0.0430098843157823,0.797,0.0553351634692183,0.0183025210084033,0.111210896572369,-0.021179464152073,0.034307215582116,0.018319118378023,49.6,0.254,"stable",2026-09-02,2026-09-15,"batter","sabrhood_recent_vs_prior_zscore_v1","2026-09-15","2026-09-16 14:38:46 UTC"
"677800","Wilyer Abreu","Boston Red Sox","L",45,0.758333333333333,0.329333333333333,0.2,0.111111111111111,0.419354838709677,0.0233818896011491,0.31,596,0.79941268825958,0.340135363790186,0.203020134228188,0.102348993288591,0.438725490196078,0.000823114901451294,0.856,-0.0410793549262469,-0.0108020304568528,-0.00302013422818792,0.0087621178225205,-0.019370651486401,0.0225587746996978,49.5,0.31,"stable",2026-09-02,2026-09-15,"batter","sabrhood_recent_vs_prior_zscore_v1","2026-09-15","2026-09-16 14:38:46 UTC"
"592885","Christian Yelich","Milwaukee Brewers","L",44,0.677156177156177,0.296590909090909,0.318181818181818,0.0909090909090909,0.461538461538462,0.0362793763788983,0.306,423,0.698434506403146,0.304038004750594,0.260047281323877,0.0921985815602837,0.432835820895522,0.00734341134406527,0.809,-0.0212783292469689,-0.00744709565968471,0.0581345368579411,-0.00128949065119277,0.0287026406429392,0.0289359650348331,49.4,0.306,"stable",2026-09-02,2026-09-15,"batter","sabrhood_recent_vs_prior_zscore_v1","2026-09-15","2026-09-16 14:38:46 UTC"
"669357","Nolan Gorman","St. Louis Cardinals","L",37,0.557528957528957,0.244054054054054,0.324324324324324,0.0540540540540541,0.409090909090909,0.0186929611478751,0.27,251,0.58224758623165,0.254939759036145,0.322709163346614,0.103585657370518,0.433566433566434,-0.0343983293474166,0.715,-0.0247186287026925,-0.0108857049820905,0.00161516097771081,-0.0495316033164639,-0.0244755244755244,0.0530912904952918,49.4,0.27,"stable",2026-09-02,2026-09-15,"batter","sabrhood_recent_vs_prior_zscore_v1","2026-09-15","2026-09-16 14:38:46 UTC"
"691781","Brady House","Washington Nationals","R",35,0.598214285714286,0.266,0.114285714285714,0.0857142857142857,0.464285714285714,0.00069843245757021,0.259,292,0.710097550850975,0.306986301369863,0.273972602739726,0.0753424657534247,0.481283422459893,0.0151031679325741,0.745,-0.11188326513669,-0.040986301369863,-0.159686888454012,0.0103718199608611,-0.0169977081741787,-0.0144047354750039,49.4,0.259,"stable",2026-09-02,2026-09-15,"batter","sabrhood_recent_vs_prior_zscore_v1","2026-09-15","2026-09-16 14:38:46 UTC"
"671056","Iván Herrera","St. Louis Cardinals","R",60,0.682051282051282,0.301166666666667,0.183333333333333,0.0833333333333333,0.476190476190476,0.0315497686360289,0.375,612,0.731023039846569,0.326486928104575,0.184640522875817,0.102941176470588,0.398533007334963,0.0194240753130383,0.86,-0.0489717577952873,-0.0253202614379084,-0.00130718954248368,-0.0196078431372549,0.0776574688555128,0.0121256933229907,49.3,0.375,"stable",2026-09-02,2026-09-15,"batter","sabrhood_recent_vs_prior_zscore_v1","2026-09-15","2026-09-16 14:38:46 UTC"
"656941","Kyle Schwarber","Philadelphia Phillies","L",53,0.833801686069851,0.350754716981132,0.264150943396226,0.113207547169811,0.515151515151515,0.0367688077721809,0.346,592,0.87033412839174,0.368544839255499,0.331081081081081,0.136824324324324,0.495114006514658,0.0543625175382467,0.855,-0.0365324423218882,-0.0177901222743671,-0.0669301376848547,-0.023616777154513,0.0200375086368572,-0.0175937097660658,49.1,0.346,"stable",2026-09-02,2026-09-15,"batter","sabrhood_recent_vs_prior_zscore_v1","2026-09-15","2026-09-16 14:38:46 UTC"
"691718","Pete Crow-Armstrong","Chicago Cubs","L",60,0.888461538461538,0.373666666666667,0.216666666666667,0.1,0.525,0.0509170966192953,0.375,618,0.938559834538813,0.39380487804878,0.26537216828479,0.108414239482201,0.486702127659574,0.069407717083774,0.861,-0.0500982960772749,-0.0201382113821138,-0.048705501618123,-0.00841423948220064,0.0382978723404255,-0.0184906204644786,49,0.375,"stable",2026-09-02,2026-09-15,"batter","sabrhood_recent_vs_prior_zscore_v1","2026-09-15","2026-09-16 14:38:46 UTC"
"686527","Dominic Canzone","Seattle Mariners","L",58,0.764890282131661,0.324827586206897,0.206896551724138,0.0517241379310345,0.441860465116279,0.0515037980574424,0.367,429,0.804882456045247,0.342657342657343,0.219114219114219,0.0815850815850816,0.450511945392491,0.0232461404118933,0.811,-0.0399921739135853,-0.017829756450446,-0.0122176673900812,-0.0298609436540471,-0.00865148027621238,0.028257657645549,49,0.367,"stable",2026-09-02,2026-09-15,"batter","sabrhood_recent_vs_prior_zscore_v1","2026-09-15","2026-09-16 14:38:46 UTC"
"691788","Joe Mack","Miami Marlins","L",37,0.641698841698842,0.272972972972973,0.27027027027027,0.027027027027027,0.423076923076923,0.0262643493913472,0.27,275,0.690507343320445,0.29760147601476,0.250909090909091,0.0618181818181818,0.385869565217391,-0.00864795110287011,0.733,-0.0488085016216034,-0.0246285030417872,0.0193611793611794,-0.0347911547911548,0.0372073578595318,0.0349123004942173,48.8,0.27,"stable",2026-09-02,2026-09-15,"batter","sabrhood_recent_vs_prior_zscore_v1","2026-09-15","2026-09-16 14:38:46 UTC"
"593428","Xander Bogaerts","San Diego Padres","R",50,0.693333333333333,0.3122,0.2,0.1,0.411764705882353,-0.0562384301807215,0.333,523,0.635487571701721,0.285785440613027,0.177820267686424,0.122370936902486,0.415512465373961,-0.00619389301871914,0.839,0.0578457616316126,0.0264145593869731,0.0221797323135755,-0.0223709369024856,-0.00374775949160827,-0.0500445371620023,48.7,0.333,"stable",2026-09-02,2026-09-15,"batter","sabrhood_recent_vs_prior_zscore_v1","2026-09-15","2026-09-16 14:38:46 UTC"
"683002","Gunnar Henderson","Baltimore Orioles","L",51,0.701778385772914,0.317058823529412,0.294117647058824,0.156862745098039,0.357142857142857,-0.00389189775670652,0.338,619,0.701931307276801,0.3042071197411,0.213247172859451,0.0888529886914378,0.438095238095238,0.000610550110700231,0.861,-0.000152921503887349,0.0128517037883115,0.0808704741993728,0.0680097564066014,-0.0809523809523809,-0.00450244786740675,48.4,0.338,"stable",2026-09-02,2026-09-15,"batter","sabrhood_recent_vs_prior_zscore_v1","2026-09-15","2026-09-16 14:38:46 UTC"
"596115","Trevor Story","Boston Red Sox","R",45,0.697474747474747,0.292727272727273,0.311111111111111,0.0222222222222222,0.233333333333333,-0.059002072056836,0.31,188,0.593971631205674,0.257606382978723,0.319148936170213,0.0425531914893617,0.411764705882353,-0.0330094653840295,0.653,0.103503116269074,0.0351208897485493,-0.00803782505910167,-0.0203309692671395,-0.17843137254902,-0.0259926066728065,48.4,0.31,"stable",2026-09-02,2026-09-15,"batter","sabrhood_recent_vs_prior_zscore_v1","2026-09-15","2026-09-16 14:38:46 UTC"
"663993","Nathaniel Lowe","Cleveland Guardians","L",44,0.739234449760765,0.318636363636364,0.227272727272727,0.0909090909090909,0.448275862068966,0.00869630336547941,0.306,365,0.773735270849815,0.330164383561644,0.238356164383562,0.0876712328767123,0.409836065573771,0.0490669382791199,0.785,-0.0345008210890493,-0.0115280199252802,-0.0110834371108344,0.00323785803237858,0.038439796495195,-0.0403706349136405,48.2,0.306,"stable",2026-09-02,2026-09-15,"batter","sabrhood_recent_vs_prior_zscore_v1","2026-09-15","2026-09-16 14:38:46 UTC"
"694203","Denzer Guzman","Los Angeles Angels","R",33,0.586174242424242,0.252727272727273,0.333333333333333,0.0303030303030303,0.428571428571429,-0.0225222099997257,0.248,228,0.601844863731656,0.262844444444444,0.258771929824561,0.0526315789473684,0.331168831168831,-0.0140880176981902,0.695,-0.0156706213074138,-0.0101171717171717,0.0745614035087719,-0.0223285486443381,0.0974025974025974,-0.00843419230153551,48.2,0.248,"stable",2026-09-02,2026-09-15,"batter","sabrhood_recent_vs_prior_zscore_v1","2026-09-15","2026-09-16 14:38:46 UTC"
"701678","Hao-Yu Lee","Detroit Tigers","R",49,0.685504971219257,0.304081632653061,0.306122448979592,0.183673469387755,0.36,-0.00185423042227987,0.329,268,0.742026096411743,0.317293233082707,0.23134328358209,0.0634328358208955,0.412698412698413,0.0110210498070802,0.728,-0.0565211251924864,-0.0132116004296456,0.0747791653975023,0.12024063356686,-0.0526984126984127,-0.0128752802293601,48,0.329,"stable",2026-09-02,2026-09-15,"batter","sabrhood_recent_vs_prior_zscore_v1","2026-09-15","2026-09-16 14:38:46 UTC"
"682657","Angel Martínez","Cleveland Guardians","R",40,0.722368421052632,0.3055,0.3,0.025,0.269230769230769,0.0424046678631379,0.286,346,0.726287906466935,0.309676470588235,0.213872832369942,0.0317919075144509,0.358267716535433,-0.011078412811072,0.776,-0.00391948541430298,-0.00417647058823534,0.0861271676300578,-0.00679190751445086,-0.0890369473046638,0.0534830806742098,48,0.286,"stable",2026-09-02,2026-09-15,"batter","sabrhood_recent_vs_prior_zscore_v1","2026-09-15","2026-09-16 14:38:46 UTC"
"545361","Mike Trout","Los Angeles Angels","R",51,0.864145658263305,0.380392156862745,0.333333333333333,0.137254901960784,0.4,-0.0233160788098041,0.338,530,0.787213748694444,0.344600760456274,0.258490566037736,0.152830188679245,0.458471760797342,0.0269624285913484,0.841,0.0769319095688616,0.0357913964064714,0.0748427672955975,-0.015575286718461,-0.0584717607973422,-0.0502785074011525,47.4,0.338,"stable",2026-09-02,2026-09-15,"batter","sabrhood_recent_vs_prior_zscore_v1","2026-09-15","2026-09-16 14:38:46 UTC"
"681508","Mickey Gasper","Boston Red Sox","L",40,0.8125,0.359,0.175,0.15,0.4,0.0123400437673516,0.286,166,0.872211476466796,0.374242424242424,0.144578313253012,0.120481927710843,0.38135593220339,0.0480235307707382,0.624,-0.0597114764667956,-0.0152424242424243,0.0304216867469879,0.0295180722891566,0.0186440677966102,-0.0356834870033866,47.1,0.286,"stable",2026-09-02,2026-09-15,"batter","sabrhood_recent_vs_prior_zscore_v1","2026-09-15","2026-09-16 14:38:46 UTC"
"690993","Colt Keith","Detroit Tigers","L",26,0.724358974358974,0.314615384615385,0.269230769230769,0.0384615384615385,0.529411764705882,-0.0511658199181661,0.206,389,0.719896010340871,0.312647814910026,0.19280205655527,0.0745501285347044,0.419928825622776,0.00335284571884285,0.796,0.00446296401810331,0.00196756970535888,0.0764287126754993,-0.0360885900731659,0.109482939083107,-0.0545186656370089,47.1,0.206,"stable",2026-09-02,2026-09-15,"batter","sabrhood_recent_vs_prior_zscore_v1","2026-09-15","2026-09-16 14:38:46 UTC"
"672275","Patrick Bailey","Cleveland Guardians","L",35,0.613851992409867,0.279411764705882,0.285714285714286,0.0571428571428571,0.363636363636364,-0.0695761995908794,0.259,289,0.596478011112157,0.26219512195122,0.245674740484429,0.0865051903114187,0.419689119170984,-0.0384036723733865,0.743,0.0173739812977097,0.0172166427546628,0.0400395452298566,-0.0293623331685615,-0.0560527555346208,-0.0311725272174929,47,0.259,"stable",2026-09-02,2026-09-15,"batter","sabrhood_recent_vs_prior_zscore_v1","2026-09-15","2026-09-16 14:38:46 UTC"
"606466","Ketel Marte","Arizona Diamondbacks","L",52,0.725961538461538,0.306153846153846,0.0769230769230769,0.0576923076923077,0.377777777777778,-0.0332372055204072,0.342,525,0.758496240601504,0.324427480916031,0.148571428571429,0.0761904761904762,0.42643391521197,0.0187722666925925,0.84,-0.0325347021399653,-0.0182736347621844,-0.0716483516483516,-0.0184981684981685,-0.0486561374341923,-0.0520094722129998,46.9,0.342,"stable",2026-09-02,2026-09-15,"batter","sabrhood_recent_vs_prior_zscore_v1","2026-09-15","2026-09-16 14:38:46 UTC"
"630105","Jake Cronenworth","San Diego Padres","L",43,0.525062656641604,0.239285714285714,0.162790697674419,0.0930232558139535,0.21875,-0.0520406701889259,0.301,340,0.590207296524158,0.268254437869822,0.232352941176471,0.0911764705882353,0.292792792792793,-0.0245288032855967,0.773,-0.0651446398825545,-0.0289687235841082,-0.069562243502052,0.0018467852257182,-0.0740427927927928,-0.0275118669033293,46.9,0.301,"stable",2026-09-02,2026-09-15,"batter","sabrhood_recent_vs_prior_zscore_v1","2026-09-15","2026-09-16 14:38:46 UTC"
"663538","Nico Hoerner","Chicago Cubs","R",53,0.609579100145138,0.269433962264151,0.0754716981132075,0,0.354166666666667,-0.0216815677529942,0.346,597,0.678701579369429,0.297705192629816,0.0871021775544389,0.0686767169179229,0.282258064516129,-0.00567124718468401,0.857,-0.069122479224291,-0.0282712303656648,-0.0116304794412313,-0.0686767169179229,0.0719086021505376,-0.0160103205683101,46.8,0.346,"stable",2026-09-02,2026-09-15,"batter","sabrhood_recent_vs_prior_zscore_v1","2026-09-15","2026-09-16 14:38:46 UTC"
"686765","Nick Sogard","Boston Red Sox","R",45,0.754079254079254,0.326818181818182,0.244444444444444,0.0888888888888889,0.379310344827586,-0.0343926013097045,0.31,191,0.767363071710898,0.337540106951872,0.183246073298429,0.130890052356021,0.28125,0.00898166910553345,0.656,-0.0132838176316438,-0.0107219251336899,0.0611983711460151,-0.042001163467132,0.0980603448275862,-0.0433742704152379,46.7,0.31,"stable",2026-09-02,2026-09-15,"batter","sabrhood_recent_vs_prior_zscore_v1","2026-09-15","2026-09-16 14:38:46 UTC"
"669257","Will Smith","Los Angeles Dodgers","R",38,0.649122807017544,0.292368421052632,0.157894736842105,0.157894736842105,0.36,-0.0268407812380687,0.275,206,0.716973928220792,0.315388349514563,0.16504854368932,0.111650485436893,0.401360544217687,0.0138178923772079,0.673,-0.0678511212032481,-0.0230199284619316,-0.00715380684721514,0.046244251405212,-0.0413605442176871,-0.0406586736152766,46.7,0.275,"stable",2026-09-02,2026-09-15,"batter","sabrhood_recent_vs_prior_zscore_v1","2026-09-15","2026-09-16 14:38:46 UTC"
"678545","Osleivis Basabe","San Francisco Giants","R",28,0.592592592592593,0.262222222222222,0.25,0.107142857142857,0.166666666666667,-0.00210590770481239,0.219,103,0.620030659172202,0.269514563106796,0.174757281553398,0.0388349514563107,0.371794871794872,-0.0354647278770139,0.507,-0.0274380665796098,-0.00729234088457387,0.0752427184466019,0.0683079056865465,-0.205128205128205,0.0333588201722015,46.7,0.219,"stable",2026-09-02,2026-09-15,"batter","sabrhood_recent_vs_prior_zscore_v1","2026-09-15","2026-09-16 14:38:46 UTC"
"807712","Luke Keaschall","Minnesota Twins","R",53,0.6752961825362,0.32188679245283,0.0754716981132075,0.113207547169811,0.153846153846154,0.000160511059359075,0.346,521,0.761357769747032,0.335884615384615,0.149712092130518,0.0940499040307102,0.297872340425532,0.0247533779895668,0.839,-0.0860615872108315,-0.0139978229317853,-0.0742403940173107,0.0191576431391011,-0.144026186579378,-0.0245928669302078,46.6,0.346,"stable",2026-09-02,2026-09-15,"batter","sabrhood_recent_vs_prior_zscore_v1","2026-09-15","2026-09-16 14:38:46 UTC"
"663968","Jake Mangum","Pittsburgh Pirates","L",39,0.603759398496241,0.268947368421053,0.0769230769230769,0.0512820512820513,0.242424242424242,-0.0462378823108845,0.281,413,0.712130081300813,0.313471882640587,0.198547215496368,0.0532687651331719,0.276094276094276,0.00261193752665026,0.805,-0.108370682804572,-0.0445245142195342,-0.121624138573291,-0.00198671385112063,-0.0336700336700337,-0.0488498198375348,46.6,0.281,"stable",2026-09-02,2026-09-15,"batter","sabrhood_recent_vs_prior_zscore_v1","2026-09-15","2026-09-16 14:38:46 UTC"
"802415","Chandler Simpson","Tampa Bay Rays","L",50,0.6325,0.2812,0.06,0.04,0.177777777777778,-0.0743220224126326,0.333,529,0.700337358440411,0.305288461538462,0.0812854442344045,0.0453686200378072,0.12636165577342,-0.0113592481302926,0.841,-0.0678373584404111,-0.0240884615384616,-0.0212854442344045,-0.00536862003780719,0.0514161220043573,-0.06296277428234,46.5,0.333,"stable",2026-09-02,2026-09-15,"batter","sabrhood_recent_vs_prior_zscore_v1","2026-09-15","2026-09-16 14:38:46 UTC"
"676356","Jonny DeLuca","Tampa Bay Rays","R",25,0.53,0.2388,0.12,0.04,0.238095238095238,0.0302962877551146,0.2,301,0.723372188861415,0.309865771812081,0.20265780730897,0.0431893687707641,0.29646017699115,-0.0154967977410993,0.751,-0.193372188861415,-0.0710657718120805,-0.0826578073089701,-0.00318936877076412,-0.0583649388959124,0.0457930854962139,46.5,0.2,"stable",2026-09-02,2026-09-15,"batter","sabrhood_recent_vs_prior_zscore_v1","2026-09-15","2026-09-16 14:38:46 UTC"
"686948","Drake Baldwin","Atlanta Braves","L",60,0.787878787878788,0.336833333333333,0.25,0.05,0.414634146341463,0.0614402639402088,0.375,513,0.809918060407523,0.35056640625,0.214424951267057,0.0935672514619883,0.515850144092219,0.0339564820196387,0.837,-0.0220392725287347,-0.0137330729166668,0.0355750487329435,-0.0435672514619883,-0.101215997750756,0.0274837819205701,46.4,0.375,"stable",2026-09-02,2026-09-15,"batter","sabrhood_recent_vs_prior_zscore_v1","2026-09-15","2026-09-16 14:38:46 UTC"
"687093","Vaughn Grissom","Los Angeles Angels","R",50,0.695348837209302,0.3014,0.22,0.1,0.181818181818182,0.0202221832284937,0.333,376,0.700692972186185,0.304812834224599,0.180851063829787,0.0611702127659574,0.384057971014493,0.0118268452380379,0.79,-0.00534413497688258,-0.00341283422459893,0.0391489361702128,0.0388297872340426,-0.202239789196311,0.00839533799045581,46.4,0.333,"stable",2026-09-02,2026-09-15,"batter","sabrhood_recent_vs_prior_zscore_v1","2026-09-15","2026-09-16 14:38:46 UTC"
"647304","Josh Naylor","Seattle Mariners","L",55,0.642424242424242,0.281636363636364,0.109090909090909,0.0181818181818182,0.333333333333333,-0.0424409893553126,0.355,552,0.689220319491114,0.3032,0.128623188405797,0.0706521739130435,0.361751152073733,-0.0267622514110096,0.847,-0.0467960770668718,-0.0215636363636363,-0.019532279314888,-0.0524703557312253,-0.0284178187403994,-0.015678737944303,46.3,0.355,"stable",2026-09-02,2026-09-15,"batter","sabrhood_recent_vs_prior_zscore_v1","2026-09-15","2026-09-16 14:38:46 UTC"
"686469","Vinnie Pasquantino","Kansas City Royals","L",49,0.742578849721707,0.309183673469388,0.163265306122449,0.0816326530612245,0.459459459459459,-0.0930952009617742,0.329,394,0.706042533039322,0.308954081632653,0.15989847715736,0.111675126903553,0.412811387900356,0.0122669191230352,0.798,0.0365363166823853,0.000229591836734655,0.00336682896508855,-0.0300424738423288,0.0466480715591036,-0.105362120084809,46.3,0.329,"stable",2026-09-02,2026-09-15,"batter","sabrhood_recent_vs_prior_zscore_v1","2026-09-15","2026-09-16 14:38:46 UTC"
"693304","Nick Gonzales","Pittsburgh Pirates","R",41,0.67479674796748,0.304390243902439,0.0731707317073171,0.0975609756097561,0.3125,-0.0506652368380513,0.291,536,0.769625946244139,0.339682835820896,0.166044776119403,0.0690298507462687,0.343358395989975,0.0213788031652152,0.843,-0.0948291982766589,-0.0352925919184566,-0.0928740444120859,0.0285311248634874,-0.0308583959899749,-0.0720440400032666,46.3,0.291,"stable",2026-09-02,2026-09-15,"batter","sabrhood_recent_vs_prior_zscore_v1","2026-09-15","2026-09-16 14:38:46 UTC"
"672695","Geraldo Perdomo","Arizona Diamondbacks","L",51,0.664473684210526,0.306458333333333,0.117647058823529,0.137254901960784,0.216216216216216,-0.00705696306492979,0.338,585,0.728092528101022,0.324248704663212,0.124786324786325,0.138461538461538,0.309859154929577,0.00334131079148444,0.854,-0.0636188438904959,-0.0177903713298791,-0.00713926596279538,-0.00120663650075414,-0.0936429387133612,-0.0103982738564142,46.2,0.338,"stable",2026-09-02,2026-09-15,"batter","sabrhood_recent_vs_prior_zscore_v1","2026-09-15","2026-09-16 14:38:46 UTC"
"671732","Lawrence Butler","Athletics","L",51,0.73406862745098,0.309411764705882,0.313725490196078,0.0392156862745098,0.375,0.00898966353996532,0.338,443,0.692360580595875,0.305510204081633,0.257336343115124,0.121896162528217,0.463235294117647,0.00047838097765304,0.816,0.0417080468551057,0.00390156062424962,0.0563891470809543,-0.0826804762537069,-0.0882352941176471,0.00851128256231228,46.2,0.338,"stable",2026-09-02,2026-09-15,"batter","sabrhood_recent_vs_prior_zscore_v1","2026-09-15","2026-09-16 14:38:46 UTC"
"701162","Ben Malgeri","Detroit Tigers","R",30,0.674358974358974,0.309333333333333,0.366666666666667,0.133333333333333,0.4,0.072080157575412,0.231,88,0.719287469287469,0.318977272727273,0.25,0.136363636363636,0.433962264150943,0.0533530697142287,0.468,-0.0449284949284949,-0.00964393939393943,0.116666666666667,-0.00303030303030302,-0.0339622641509434,0.0187270878611833,46.1,0.231,"stable",2026-09-02,2026-09-15,"batter","sabrhood_recent_vs_prior_zscore_v1","2026-09-15","2026-09-16 14:38:46 UTC"
"677951","Bobby Witt Jr.","Kansas City Royals","R",51,0.713725490196078,0.312745098039216,0.176470588235294,0.0980392156862745,0.472222222222222,0.00936523958423523,0.338,527,0.801877346683354,0.343690248565966,0.174573055028463,0.0967741935483871,0.510471204188482,0.0251340790529239,0.841,-0.0881518564872757,-0.0309451505267499,0.00189753320683114,0.00126502213788741,-0.0382489819662595,-0.0157688394686886,45.9,0.338,"stable",2026-09-02,2026-09-15,"batter","sabrhood_recent_vs_prior_zscore_v1","2026-09-15","2026-09-16 14:38:46 UTC"
"701807","Carson Benge","New York Mets","L",56,0.714285714285714,0.31875,0.25,0.125,0.264705882352941,-0.0261438461281325,0.359,548,0.753424707231066,0.327481751824818,0.218978102189781,0.0693430656934307,0.395833333333333,0.00840535961307524,0.846,-0.0391389929453519,-0.0087317518248175,0.031021897810219,0.0556569343065693,-0.131127450980392,-0.0345492057412077,45.8,0.359,"stable",2026-09-02,2026-09-15,"batter","sabrhood_recent_vs_prior_zscore_v1","2026-09-15","2026-09-16 14:38:46 UTC"
"686681","Michael Massey","Kansas City Royals","L",43,0.667044809982984,0.294418604651163,0.13953488372093,0.0465116279069767,0.485714285714286,-0.11373984254382,0.301,366,0.748868778280543,0.318626373626374,0.169398907103825,0.0519125683060109,0.396491228070175,-0.0151059549523735,0.785,-0.0818239682975594,-0.0242077689752108,-0.0298640233828949,-0.00540094039903419,0.0892230576441103,-0.0986338875914468,45.8,0.301,"stable",2026-09-02,2026-09-15,"batter","sabrhood_recent_vs_prior_zscore_v1","2026-09-15","2026-09-16 14:38:46 UTC"
"665833","Oneil Cruz","Pittsburgh Pirates","L",50,0.765853658536585,0.3476,0.3,0.18,0.461538461538462,-0.0382443806813534,0.333,331,0.838588765425777,0.360060422960725,0.347432024169184,0.0996978851963746,0.561111111111111,0.0553344804814481,0.768,-0.0727351068891917,-0.0124604229607251,-0.0474320241691843,0.0803021148036254,-0.0995726495726496,-0.0935788611628014,45.7,0.333,"stable",2026-09-02,2026-09-15,"batter","sabrhood_recent_vs_prior_zscore_v1","2026-09-15","2026-09-16 14:38:46 UTC"
"664040","Brandon Lowe","Pittsburgh Pirates","L",43,0.73345259391771,0.323953488372093,0.232558139534884,0.0930232558139535,0.310344827586207,0.0140090024659162,0.301,569,0.80762630945297,0.342513181019332,0.293497363796134,0.0913884007029877,0.461095100864553,0.0398561496007818,0.851,-0.0741737155352601,-0.0185596926472391,-0.0609392242612498,0.00163485511096578,-0.150750273278346,-0.0258471471348657,45.7,0.301,"stable",2026-09-02,2026-09-15,"batter","sabrhood_recent_vs_prior_zscore_v1","2026-09-15","2026-09-16 14:38:46 UTC"
"682626","Francisco Alvarez","New York Mets","R",33,0.629521016617791,0.27030303030303,0.333333333333333,0.0606060606060606,0.65,-0.104659607071319,0.248,358,0.707011804864173,0.309775280898876,0.307262569832402,0.0977653631284916,0.449275362318841,-0.0172651298062329,0.782,-0.0774907882463821,-0.039472250595846,0.0260707635009311,-0.037159302522431,0.200724637681159,-0.0873944772650859,45.5,0.248,"stable",2026-09-02,2026-09-15,"batter","sabrhood_recent_vs_prior_zscore_v1","2026-09-15","2026-09-16 14:38:46 UTC"
"695578","James Wood","Washington Nationals","L",45,0.768421052631579,0.346444444444444,0.288888888888889,0.155555555555556,0.64,0.0327932515746936,0.31,531,0.917210403716716,0.387859848484849,0.288135593220339,0.15819209039548,0.576388888888889,0.0684310285302496,0.842,-0.148789351085137,-0.0414154040404041,0.000753295668549869,-0.00263653483992468,0.0636111111111112,-0.035637776955556,45.4,0.31,"stable",2026-09-02,2026-09-15,"batter","sabrhood_recent_vs_prior_zscore_v1","2026-09-15","2026-09-16 14:38:46 UTC"
"669242","Tommy Edman","Los Angeles Dodgers","L",54,0.594168636721828,0.272037037037037,0.203703703703704,0.0740740740740741,0.305555555555556,0.0498756005207905,0.351,236,0.748067721751932,0.329401709401709,0.203389830508475,0.0635593220338983,0.349693251533742,0.0367833323913357,0.702,-0.153899085030104,-0.0573646723646724,0.000313873195229103,0.0105147520401758,-0.0441376959781867,0.0130922681294548,45.1,0.351,"stable",2026-09-02,2026-09-15,"batter","sabrhood_recent_vs_prior_zscore_v1","2026-09-15","2026-09-16 14:38:46 UTC"
"681715","Heriberto Hernández","Miami Marlins","R",61,0.646933819064967,0.287704918032787,0.245901639344262,0.0819672131147541,0.435897435897436,-0.00747457174279616,0.379,398,0.772009766345854,0.330628140703518,0.273869346733668,0.103015075376884,0.475609756097561,0.012032072312703,0.799,-0.125075947280887,-0.0429232226707307,-0.0279677073894061,-0.0210478622621303,-0.0397123202001251,-0.0195066440554992,44.8,0.379,"cooling",2026-09-02,2026-09-15,"batter","sabrhood_recent_vs_prior_zscore_v1","2026-09-15","2026-09-16 14:38:46 UTC"
"695731","Braden Montgomery","Chicago White Sox","L",44,0.494949494949495,0.239318181818182,0.204545454545455,0.181818181818182,0.37037037037037,-0.0395958495626304,0.306,288,0.666830708661417,0.295243055555556,0.201388888888889,0.104166666666667,0.406091370558376,-0.00985115233431731,0.742,-0.171881213711922,-0.0559248737373737,0.00315656565656566,0.0776515151515152,-0.0357210001880053,-0.0297446972283131,44.8,0.306,"cooling",2026-09-02,2026-09-15,"batter","sabrhood_recent_vs_prior_zscore_v1","2026-09-15","2026-09-16 14:38:46 UTC"
"650333","Luis Arraez","Philadelphia Phillies","L",49,0.704308390022676,0.305714285714286,0.0408163265306122,0.0408163265306122,0.159090909090909,-0.048627788741269,0.329,570,0.777042390774728,0.332397868561279,0.0421052631578947,0.043859649122807,0.189922480620155,0.0104117721523792,0.851,-0.0727340007520523,-0.0266835828469931,-0.00128893662728249,-0.00304332259219477,-0.030831571529246,-0.0590395608936482,44.7,0.329,"cooling",2026-09-02,2026-09-15,"batter","sabrhood_recent_vs_prior_zscore_v1","2026-09-15","2026-09-16 14:38:46 UTC"
"545121","Ildemaro Vargas","Arizona Diamondbacks","L",31,0.566184649610679,0.254838709677419,0.032258064516129,0.0645161290322581,0.214285714285714,-0.0523857137548581,0.237,440,0.674942231362013,0.291095890410959,0.102272727272727,0.0477272727272727,0.355013550135501,-0.0083255380191765,0.815,-0.108757581751335,-0.0362571807335395,-0.0700146627565982,0.0167888563049853,-0.140727835849787,-0.0440601757356816,44.5,0.237,"cooling",2026-09-02,2026-09-15,"batter","sabrhood_recent_vs_prior_zscore_v1","2026-09-15","2026-09-16 14:38:46 UTC"
"666176","Jo Adell","Cleveland Guardians","R",58,0.617111255692908,0.266896551724138,0.258620689655172,0.0344827586206897,0.384615384615385,-0.0259207110375352,0.367,559,0.701784732324955,0.303130590339893,0.239713774597496,0.0447227191413238,0.442408376963351,0.00898772367964082,0.848,-0.0846734766320466,-0.0362340386157547,0.0189069150576769,-0.0102399605206341,-0.0577929923479661,-0.034908434717176,44,0.367,"cooling",2026-09-02,2026-09-15,"batter","sabrhood_recent_vs_prior_zscore_v1","2026-09-15","2026-09-16 14:38:46 UTC"
"805367","Chase Meidroth","Chicago White Sox","R",51,0.685818513451892,0.301960784313725,0.254901960784314,0.117647058823529,0.290322580645161,-0.065281369781253,0.338,559,0.744983108913579,0.326672694394213,0.21824686940966,0.0948121645796064,0.344827586206897,0.00596752580350786,0.848,-0.0591645954616862,-0.0247119100804879,0.0366550913746536,0.022834894243923,-0.0545050055617353,-0.0712488955847609,43.8,0.338,"cooling",2026-09-02,2026-09-15,"batter","sabrhood_recent_vs_prior_zscore_v1","2026-09-15","2026-09-16 14:38:46 UTC"
"666211","Taylor Trammell","Houston Astros","L",33,0.54858934169279,0.24969696969697,0.303030303030303,0.121212121212121,0.315789473684211,-0.0704830544887227,0.248,231,0.655382017729,0.288304347826087,0.307359307359307,0.0865800865800866,0.382352941176471,-0.00661533344190147,0.698,-0.10679267603621,-0.0386073781291172,-0.00432900432900429,0.0346320346320346,-0.0665634674922601,-0.0638677210468213,43.8,0.248,"cooling",2026-09-02,2026-09-15,"batter","sabrhood_recent_vs_prior_zscore_v1","2026-09-15","2026-09-16 14:38:46 UTC"
"806146","George Lombard Jr.","New York Yankees","R",41,0.564285714285714,0.248,0.268292682926829,0.0731707317073171,0.307692307692308,-0.0731492114849232,0.291,87,0.677433435181144,0.295747126436782,0.275862068965517,0.0804597701149425,0.357142857142857,-0.0297382026216867,0.465,-0.113147720895429,-0.0477471264367816,-0.00756938603868795,-0.00728903840762546,-0.0494505494505494,-0.0434110088632365,43.6,0.291,"cooling",2026-09-02,2026-09-15,"batter","sabrhood_recent_vs_prior_zscore_v1","2026-09-15","2026-09-16 14:38:46 UTC"
"650402","Gleyber Torres","Detroit Tigers","R",40,0.655555555555556,0.298,0.25,0.1,0.346153846153846,-0.0236555527242692,0.286,353,0.743400934281373,0.329801136363636,0.186968838526912,0.130311614730878,0.333333333333333,0.0186318563311849,0.779,-0.087845378725817,-0.0318011363636364,0.0630311614730878,-0.0303116147308782,0.0128205128205128,-0.0422874090554541,43.6,0.286,"cooling",2026-09-02,2026-09-15,"batter","sabrhood_recent_vs_prior_zscore_v1","2026-09-15","2026-09-16 14:38:46 UTC"
"677942","Blaze Alexander","Baltimore Orioles","R",30,0.654761904761905,0.292666666666667,0.233333333333333,0.0666666666666667,0.5,-0.0396230898234811,0.231,259,0.779939668174962,0.339607843137255,0.216216216216216,0.0617760617760618,0.486187845303867,0.0192987534731096,0.721,-0.125177763413058,-0.0469411764705883,0.0171171171171171,0.00489060489060489,0.0138121546961326,-0.0589218432965907,43.6,0.231,"cooling",2026-09-02,2026-09-15,"batter","sabrhood_recent_vs_prior_zscore_v1","2026-09-15","2026-09-16 14:38:46 UTC"
"696285","Jacob Young","Washington Nationals","R",26,0.568561872909699,0.263846153846154,0.153846153846154,0.0769230769230769,0.210526315789474,-0.0153867842780243,0.206,425,0.704615307884614,0.307268408551069,0.167058823529412,0.0705882352941176,0.309904153354633,0.011514148515001,0.81,-0.136053434974915,-0.0434222547049151,-0.0132126696832579,0.00633484162895928,-0.0993778375651589,-0.0269009327930253,43.6,0.206,"cooling",2026-09-02,2026-09-15,"batter","sabrhood_recent_vs_prior_zscore_v1","2026-09-15","2026-09-16 14:38:46 UTC"
"694673","Abimelec Ortiz","Washington Nationals","L",25,0.531666666666667,0.213333333333333,0.36,0.04,0.466666666666667,-0.0316391369707791,0.2,96,0.656593406593407,0.280208333333333,0.239583333333333,0.0520833333333333,0.388059701492537,-0.0363058978750912,0.49,-0.12492673992674,-0.066875,0.120416666666667,-0.0120833333333333,0.0786069651741294,0.00466676090431212,43.6,0.2,"cooling",2026-09-02,2026-09-15,"batter","sabrhood_recent_vs_prior_zscore_v1","2026-09-15","2026-09-16 14:38:46 UTC"
"666152","David Hamilton","Milwaukee Brewers","L",25,0.613333333333333,0.266,0.32,0.04,0.3125,-0.063299736226524,0.2,339,0.645086825413331,0.287546012269939,0.212389380530973,0.0884955752212389,0.276595744680851,-0.0126259063238738,0.772,-0.0317534920799973,-0.0215460122699387,0.107610619469027,-0.0484955752212389,0.0359042553191489,-0.0506738299026502,43.5,0.2,"cooling",2026-09-02,2026-09-15,"batter","sabrhood_recent_vs_prior_zscore_v1","2026-09-15","2026-09-16 14:38:46 UTC"
"687462","Spencer Horwitz","Pittsburgh Pirates","L",37,0.509418509418509,0.241081081081081,0.135135135135135,0.108108108108108,0.321428571428571,-0.00388802545226128,0.27,388,0.728602796897873,0.322783505154639,0.157216494845361,0.118556701030928,0.315018315018315,-0.00332316661785858,0.795,-0.219184287479363,-0.0817024240735581,-0.0220813597102257,-0.0104485929228197,0.00641025641025644,-0.000564858834402695,43.4,0.27,"cooling",2026-09-02,2026-09-15,"batter","sabrhood_recent_vs_prior_zscore_v1","2026-09-15","2026-09-16 14:38:46 UTC"
"669065","Kyle Stowers","Miami Marlins","L",52,0.679765886287625,0.297307692307692,0.365384615384615,0.0769230769230769,0.62962962962963,-0.0587464283681854,0.342,426,0.78982478097622,0.337547169811321,0.321596244131455,0.0938967136150235,0.557851239669422,0.0166794211762485,0.81,-0.110058894688595,-0.0402394775036284,0.04378837125316,-0.0169736366919465,0.0717783899602081,-0.0754258495444339,43.3,0.342,"cooling",2026-09-02,2026-09-15,"batter","sabrhood_recent_vs_prior_zscore_v1","2026-09-15","2026-09-16 14:38:46 UTC"
"676391","Ernie Clement","Toronto Blue Jays","R",49,0.489342403628118,0.218571428571429,0.0408163265306122,0.0612244897959184,0.204545454545455,-0.0825305925310884,0.329,539,0.688470816290365,0.29669758812616,0.098330241187384,0.0352504638218924,0.200431034482759,-0.0222433848776817,0.844,-0.199128412662247,-0.078126159554731,-0.0575139146567718,0.025974025974026,0.00411442006269594,-0.0602872076534066,43.2,0.329,"cooling",2026-09-02,2026-09-15,"batter","sabrhood_recent_vs_prior_zscore_v1","2026-09-15","2026-09-16 14:38:46 UTC"
"691406","Junior Caminero","Tampa Bay Rays","R",51,0.80642469753859,0.333725490196078,0.215686274509804,0.0392156862745098,0.486486486486487,0.00233775442690592,0.338,599,0.89000499891533,0.375932773109244,0.181969949916528,0.105175292153589,0.5,0.0354211003686941,0.857,-0.0835803013767398,-0.0422072829131653,0.0337163245932764,-0.0659596058790795,-0.0135135135135135,-0.0330833459417882,43,0.338,"cooling",2026-09-02,2026-09-15,"batter","sabrhood_recent_vs_prior_zscore_v1","2026-09-15","2026-09-16 14:38:46 UTC"
"686797","Brooks Lee","Minnesota Twins","R",50,0.620425531914894,0.2726,0.2,0.04,0.405405405405405,-0.0697698617599412,0.333,536,0.727922676244382,0.311682242990654,0.162313432835821,0.0615671641791045,0.335766423357664,0.0154605364639819,0.843,-0.107497144329489,-0.0390822429906542,0.0376865671641791,-0.0215671641791045,0.0696389820477412,-0.0852303982239232,43,0.333,"cooling",2026-09-02,2026-09-15,"batter","sabrhood_recent_vs_prior_zscore_v1","2026-09-15","2026-09-16 14:38:46 UTC"
"695734","Daylen Lile","Washington Nationals","L",36,0.611111111111111,0.250277777777778,0.305555555555556,0,0.44,0.0233720956470722,0.265,579,0.743669406677315,0.317789291882556,0.189982728842832,0.0621761658031088,0.379716981132075,0.0120159414788028,0.853,-0.132558295566204,-0.0675115141047783,0.115572826712723,-0.0621761658031088,0.0602830188679245,0.0113561541682694,42.4,0.265,"cooling",2026-09-02,2026-09-15,"batter","sabrhood_recent_vs_prior_zscore_v1","2026-09-15","2026-09-16 14:38:46 UTC"
"673548","Seiya Suzuki","Chicago Cubs","R",55,0.593939393939394,0.278909090909091,0.181818181818182,0.181818181818182,0.428571428571429,-0.0474165222943691,0.355,534,0.85544931686364,0.366435272045028,0.249063670411985,0.119850187265918,0.387387387387387,0.0447270104566542,0.842,-0.261509922924246,-0.0875261811359372,-0.0672454885938032,0.0619679945522642,0.0411840411840412,-0.0921435327510233,42.3,0.355,"cooling",2026-09-02,2026-09-15,"batter","sabrhood_recent_vs_prior_zscore_v1","2026-09-15","2026-09-16 14:38:46 UTC"
"686555","Isaac Collins","Kansas City Royals","L",36,0.396825396825397,0.218285714285714,0.194444444444444,0.222222222222222,0.285714285714286,-0.0498129568337168,0.265,458,0.674470122005521,0.300855263157895,0.222707423580786,0.115720524017467,0.401360544217687,-0.024390292722271,0.821,-0.277644725180125,-0.0825695488721805,-0.0282629791363416,0.106501698204755,-0.115646258503401,-0.0254226641114458,42.3,0.265,"cooling",2026-09-02,2026-09-15,"batter","sabrhood_recent_vs_prior_zscore_v1","2026-09-15","2026-09-16 14:38:46 UTC"
"592663","J.T. Realmuto","Philadelphia Phillies","R",36,0.553030303030303,0.246388888888889,0.277777777777778,0.0555555555555556,0.391304347826087,-0.0593945819997722,0.265,394,0.65512050383256,0.28741116751269,0.203045685279188,0.0761421319796954,0.408759124087591,-0.0123970050837855,0.798,-0.102090200802257,-0.0410222786238015,0.07473209249859,-0.0205865764241399,-0.0174547762615043,-0.0469975769159867,42.2,0.265,"cooling",2026-09-02,2026-09-15,"batter","sabrhood_recent_vs_prior_zscore_v1","2026-09-15","2026-09-16 14:38:46 UTC"
"665953","Andrés Chaparro","Washington Nationals","R",32,0.910416666666667,0.38375,0.28125,0.0625,0.333333333333333,-0.0123269592292556,0.242,173,0.86513825964693,0.370462427745665,0.225433526011561,0.115606936416185,0.458715596330275,0.0957836962313552,0.634,0.0452784070197365,0.0132875722543352,0.0558164739884393,-0.053106936416185,-0.125382262996942,-0.108110655460611,42.2,0.242,"cooling",2026-09-02,2026-09-15,"batter","sabrhood_recent_vs_prior_zscore_v1","2026-09-15","2026-09-16 14:38:46 UTC"
"663886","Tyler Stephenson","Cincinnati Reds","R",43,0.635658914728682,0.282558139534884,0.255813953488372,0.13953488372093,0.32,-0.0606176678226092,0.301,394,0.752698523834529,0.325532994923858,0.274111675126904,0.101522842639594,0.45679012345679,0.01856140539607,0.798,-0.117039609105847,-0.0429748553889741,-0.0182977216385314,0.0380120410813363,-0.13679012345679,-0.0791790732186792,42.1,0.301,"cooling",2026-09-02,2026-09-15,"batter","sabrhood_recent_vs_prior_zscore_v1","2026-09-15","2026-09-16 14:38:46 UTC"
"662139","Daulton Varsho","Houston Astros","L",45,0.547803617571059,0.235333333333333,0.2,0.0444444444444444,0.264705882352941,-0.0668208015763482,0.31,465,0.646485860340963,0.282860215053763,0.202150537634409,0.0752688172043011,0.375375375375375,-0.0196923508458966,0.823,-0.098682242769904,-0.0475268817204301,-0.00215053763440859,-0.0308243727598566,-0.110669493022434,-0.0471284507304517,42,0.31,"cooling",2026-09-02,2026-09-15,"batter","sabrhood_recent_vs_prior_zscore_v1","2026-09-15","2026-09-16 14:38:46 UTC"
"663494","Bryan Torres","St. Louis Cardinals","L",32,0.497685185185185,0.2453125,0.1875,0.15625,0.19047619047619,-0.0181759673552235,0.242,140,0.723741007194245,0.313597122302158,0.192857142857143,0.0785714285714286,0.277227722772277,0.0337191099853031,0.583,-0.226055822009059,-0.0682846223021583,-0.00535714285714287,0.0776785714285714,-0.0867515322960868,-0.0518950773405265,41.9,0.242,"cooling",2026-09-02,2026-09-15,"batter","sabrhood_recent_vs_prior_zscore_v1","2026-09-15","2026-09-16 14:38:46 UTC"
"666126","Carlos Cortes","Athletics","L",31,0.568409343715239,0.251290322580645,0.161290322580645,0.0645161290322581,0.25,-0.0371550194047514,0.237,329,0.726226660877117,0.316717325227964,0.164133738601824,0.0851063829787234,0.359504132231405,-0.0231690443347135,0.767,-0.157817317161878,-0.0654270026473184,-0.00284341602117855,-0.0205902539464653,-0.109504132231405,-0.0139859750700379,41.9,0.237,"cooling",2026-09-02,2026-09-15,"batter","sabrhood_recent_vs_prior_zscore_v1","2026-09-15","2026-09-16 14:38:46 UTC"
"514888","Jose Altuve","Houston Astros","R",50,0.622978723404255,0.2628,0.14,0.02,0.219512195121951,-0.115746559120242,0.333,476,0.702992202729045,0.30506329113924,0.203781512605042,0.0819327731092437,0.329376854599407,-0.0322394082109564,0.826,-0.0800134793247895,-0.0422632911392405,-0.063781512605042,-0.0619327731092437,-0.109864659477455,-0.0835071509092855,41.8,0.333,"cooling",2026-09-02,2026-09-15,"batter","sabrhood_recent_vs_prior_zscore_v1","2026-09-15","2026-09-16 14:38:46 UTC"
"608348","Carson Kelly","Chicago Cubs","R",32,0.58125,0.2590625,0.1875,0.03125,0.375,0.00231301736251413,0.242,369,0.737466124661247,0.325311653116531,0.16260162601626,0.102981029810298,0.361940298507463,0.0310421709063025,0.787,-0.156216124661247,-0.0662491531165311,0.0248983739837398,-0.0717310298102981,0.0130597014925373,-0.0287291535437884,41.6,0.242,"cooling",2026-09-02,2026-09-15,"batter","sabrhood_recent_vs_prior_zscore_v1","2026-09-15","2026-09-16 14:38:46 UTC"
"650490","Yandy Díaz","Tampa Bay Rays","R",53,0.655567887532371,0.280377358490566,0.132075471698113,0.0188679245283019,0.533333333333333,-0.0220449613961143,0.346,589,0.830246388579535,0.357996604414262,0.146010186757216,0.0764006791171477,0.475336322869955,0.0505764478958695,0.855,-0.174678501047163,-0.0776192459236955,-0.0139347150591024,-0.0575327545888458,0.0579970104633782,-0.0726214092919838,41.1,0.346,"cooling",2026-09-02,2026-09-15,"batter","sabrhood_recent_vs_prior_zscore_v1","2026-09-15","2026-09-16 14:38:46 UTC"
"687551","Drew Gilbert","San Francisco Giants","L",32,0.560344827586207,0.24875,0.21875,0.09375,0.409090909090909,-0.10960049405926,0.242,340,0.710578922117384,0.311804733727811,0.179411764705882,0.0911764705882353,0.354166666666667,-0.00752553858134684,0.773,-0.150234094531177,-0.0630547337278106,0.0393382352941176,0.00257352941176471,0.0549242424242424,-0.102074955477913,41,0.242,"cooling",2026-09-02,2026-09-15,"batter","sabrhood_recent_vs_prior_zscore_v1","2026-09-15","2026-09-16 14:38:46 UTC"
"680776","Jarren Duran","Boston Red Sox","L",40,0.49527027027027,0.22175,0.325,0.05,0.416666666666667,-0.12605556830439,0.286,543,0.621116718797071,0.267412199630314,0.274401473296501,0.0589318600368324,0.403409090909091,-0.0251086932882924,0.844,-0.1258464485268,-0.0456621996303142,0.0505985267034991,-0.00893186003683241,0.0132575757575758,-0.100946875016097,40.9,0.286,"cooling",2026-09-02,2026-09-15,"batter","sabrhood_recent_vs_prior_zscore_v1","2026-09-15","2026-09-16 14:38:46 UTC"
"671277","Luis García Jr.","New York Yankees","L",39,0.743589743589744,0.315384615384615,0.230769230769231,0,0.566666666666667,-0.0362232879944271,0.281,476,0.869216866347426,0.364348739495798,0.165966386554622,0.0483193277310924,0.46524064171123,0.0686683506090885,0.826,-0.125627122757682,-0.0489641241111829,0.0648028442146089,-0.0483193277310924,0.101426024955437,-0.104891638603516,40.9,0.281,"cooling",2026-09-02,2026-09-15,"batter","sabrhood_recent_vs_prior_zscore_v1","2026-09-15","2026-09-16 14:38:46 UTC"
"696100","Hunter Goodman","Colorado Rockies","R",43,0.653610771113831,0.272790697674419,0.209302325581395,0.0697674418604651,0.366666666666667,-0.0869493185898161,0.301,490,0.851364365971108,0.357428571428571,0.328571428571429,0.0775510204081633,0.454545454545455,0.00485452145828478,0.831,-0.197753594857277,-0.0846378737541528,-0.119269102990033,-0.00778357854769815,-0.0878787878787879,-0.0918038400481009,40.8,0.301,"cooling",2026-09-02,2026-09-15,"batter","sabrhood_recent_vs_prior_zscore_v1","2026-09-15","2026-09-16 14:38:46 UTC"
"701852","Drew Cavanaugh","San Francisco Giants","L",29,0.605714285714286,0.271428571428571,0.379310344827586,0.103448275862069,0.133333333333333,-0.0854115123004773,0.225,125,0.601851851851852,0.278943089430894,0.264,0.12,0.315789473684211,-0.0183348199466737,0.556,0.00386243386243379,-0.00751451800232283,0.115310344827586,-0.016551724137931,-0.182456140350877,-0.0670766923538035,40.8,0.225,"cooling",2026-09-02,2026-09-15,"batter","sabrhood_recent_vs_prior_zscore_v1","2026-09-15","2026-09-16 14:38:46 UTC"
"687859","Troy Johnston","Colorado Rockies","L",27,0.656296296296296,0.287777777777778,0.333333333333333,0.037037037037037,0.4375,-0.0235605735541332,0.213,402,0.765881905405977,0.334738154613466,0.169154228855721,0.0870646766169154,0.373287671232877,0.0227131982650325,0.801,-0.10958560910968,-0.0469603768356885,0.164179104477612,-0.0500276395798784,0.0642123287671233,-0.0462737718191657,40.6,0.213,"cooling",2026-09-02,2026-09-15,"batter","sabrhood_recent_vs_prior_zscore_v1","2026-09-15","2026-09-16 14:38:46 UTC"
"681297","Colton Cowser","Baltimore Orioles","L",30,0.525925925925926,0.239666666666667,0.433333333333333,0.1,0.428571428571429,-0.0495825147427629,0.231,338,0.679353640566019,0.299109792284866,0.298816568047337,0.115384615384615,0.403061224489796,-0.00814755996057874,0.772,-0.153427714640093,-0.0594431256181998,0.134516765285996,-0.0153846153846154,0.0255102040816326,-0.0414349547821841,40.4,0.231,"cooling",2026-09-02,2026-09-15,"batter","sabrhood_recent_vs_prior_zscore_v1","2026-09-15","2026-09-16 14:38:46 UTC"
"689414","Liam Hicks","Tampa Bay Rays","L",32,0.626077586206897,0.2771875,0.15625,0.0625,0.25,0.0195078455168022,0.242,487,0.8138103875334,0.353004115226337,0.0944558521560575,0.0965092402464066,0.276762402088773,0.0452875469706243,0.83,-0.187732801326503,-0.0758166152263374,0.0617941478439425,-0.0340092402464066,-0.0267624020887728,-0.0257797014538221,40.2,0.242,"cooling",2026-09-02,2026-09-15,"batter","sabrhood_recent_vs_prior_zscore_v1","2026-09-15","2026-09-16 14:38:46 UTC"
"656775","Cedric Mullins","Tampa Bay Rays","L",29,0.334285714285714,0.168214285714286,0.137931034482759,0.103448275862069,0.285714285714286,-0.0653792113789067,0.225,453,0.637291992604181,0.280202247191011,0.194260485651214,0.0860927152317881,0.316455696202532,-0.0237785695764057,0.819,-0.303006278318467,-0.111987961476726,-0.0563294511684555,0.0173555606302809,-0.030741410488246,-0.0416006418025009,40.1,0.225,"cooling",2026-09-02,2026-09-15,"batter","sabrhood_recent_vs_prior_zscore_v1","2026-09-15","2026-09-16 14:38:46 UTC"
"680574","Matt McLain","Cincinnati Reds","R",30,0.523809523809524,0.215666666666667,0.366666666666667,0.0333333333333333,0.277777777777778,-0.0409429584353432,0.231,430,0.624380952380952,0.277892271662763,0.272093023255814,0.104651162790698,0.370229007633588,-0.0306054486667282,0.811,-0.100571428571429,-0.0622256049960968,0.0945736434108527,-0.0713178294573643,-0.09245122985581,-0.010337509768615,40,0.231,"cooling",2026-09-02,2026-09-15,"batter","sabrhood_recent_vs_prior_zscore_v1","2026-09-15","2026-09-16 14:38:46 UTC"
"621566","Matt Olson","Atlanta Braves","L",54,0.546863189720333,0.23962962962963,0.259259259259259,0.0740740740740741,0.666666666666667,-0.0397313259883044,0.351,600,0.849857761286333,0.358180300500835,0.253333333333333,0.0916666666666667,0.502564102564103,0.0314243331566819,0.857,-0.302994571566,-0.118550670871205,0.00592592592592589,-0.0175925925925926,0.164102564102564,-0.0711556591449862,39.8,0.351,"cooling",2026-09-02,2026-09-15,"batter","sabrhood_recent_vs_prior_zscore_v1","2026-09-15","2026-09-16 14:38:46 UTC"
"691783","Jordan Lawlar","Arizona Diamondbacks","R",36,0.641414141414141,0.281666666666667,0.388888888888889,0.0277777777777778,0.421052631578947,-0.0259459609667243,0.265,82,0.837476746152545,0.362469135802469,0.25609756097561,0.0487804878048781,0.226415094339623,0.0627205578488901,0.451,-0.196062604738404,-0.0808024691358025,0.132791327913279,-0.0210027100271003,0.194637537239325,-0.0886665188156144,39.8,0.265,"cooling",2026-09-02,2026-09-15,"batter","sabrhood_recent_vs_prior_zscore_v1","2026-09-15","2026-09-16 14:38:46 UTC"
"691720","Kyle Karros","Colorado Rockies","R",30,0.695238095238095,0.295333333333333,0.2,0.0333333333333333,0.318181818181818,-0.0609395188711247,0.231,406,0.768965517241379,0.335802469135802,0.201970443349754,0.11576354679803,0.411985018726592,0.042456308201189,0.802,-0.0737274220032842,-0.0404691358024691,-0.00197044334975369,-0.0824302134646962,-0.0938032005447736,-0.103395827072314,39.6,0.231,"cooling",2026-09-02,2026-09-15,"batter","sabrhood_recent_vs_prior_zscore_v1","2026-09-15","2026-09-16 14:38:46 UTC"
"670541","Yordan Alvarez","Houston Astros","L",40,0.820588235294118,0.346153846153846,0.225,0.125,0.48,0.0576007034506459,0.286,575,1.01277728482697,0.423257443082312,0.180869565217391,0.123478260869565,0.534526854219949,0.116080438296139,0.852,-0.192189049532857,-0.0771035969284656,0.0441304347826087,0.00152173913043478,-0.0545268542199489,-0.0584797348454936,39.5,0.286,"cooling",2026-09-02,2026-09-15,"batter","sabrhood_recent_vs_prior_zscore_v1","2026-09-15","2026-09-16 14:38:46 UTC"
"695681","Christian Moore","Los Angeles Angels","R",47,0.325768321513002,0.14936170212766,0.297872340425532,0.0425531914893617,0.387096774193548,-0.128279699393729,0.32,64,0.581414473684211,0.2559375,0.328125,0.078125,0.351351351351351,-0.0592747541458693,0.39,-0.255646152171208,-0.10657579787234,-0.0302526595744681,-0.0355718085106383,0.035745422842197,-0.0690049452478602,39.3,0.32,"cooling",2026-09-02,2026-09-15,"batter","sabrhood_recent_vs_prior_zscore_v1","2026-09-15","2026-09-16 14:38:46 UTC"
"656716","Zach McKinstry","Detroit Tigers","L",34,0.372549019607843,0.178823529411765,0.147058823529412,0.117647058823529,0.2,-0.104257760572715,0.254,379,0.606590011466429,0.270506666666667,0.160949868073879,0.0976253298153034,0.221014492753623,-0.0124151005018447,0.791,-0.234040991858586,-0.091683137254902,-0.0138910445444669,0.020021729008226,-0.0210144927536232,-0.0918426600708703,39.3,0.254,"cooling",2026-09-02,2026-09-15,"batter","sabrhood_recent_vs_prior_zscore_v1","2026-09-15","2026-09-16 14:38:46 UTC"
"701398","Sal Stewart","Cincinnati Reds","R",50,0.544444444444444,0.2488,0.26,0.08,0.575757575757576,-0.064099496444629,0.333,600,0.821183800623053,0.348297161936561,0.216666666666667,0.0883333333333333,0.385922330097087,0.0472042538043145,0.857,-0.276739356178609,-0.0994971619365609,0.0433333333333333,-0.00833333333333333,0.189835245660488,-0.111303750248943,39.2,0.333,"cooling",2026-09-02,2026-09-15,"batter","sabrhood_recent_vs_prior_zscore_v1","2026-09-15","2026-09-16 14:38:46 UTC"
"665742","Juan Soto","New York Mets","L",58,0.789124668435013,0.333333333333333,0.172413793103448,0.103448275862069,0.428571428571429,-0.0121219755523296,0.367,365,0.924536119618087,0.391850828729282,0.136986301369863,0.156164383561644,0.486381322957198,0.0733337934360143,0.785,-0.135411451183074,-0.0585174953959485,0.0354274917335853,-0.0527161076995749,-0.0578098943857699,-0.0854557689883439,39,0.367,"cooling",2026-09-02,2026-09-15,"batter","sabrhood_recent_vs_prior_zscore_v1","2026-09-15","2026-09-16 14:38:46 UTC"
"701350","Roman Anthony","Boston Red Sox","L",57,0.64051638530288,0.277719298245614,0.368421052631579,0.0701754385964912,0.46875,-0.0333372296534926,0.363,145,0.731370899915896,0.325069444444444,0.23448275862069,0.144827586206897,0.5,0.0231580681760034,0.592,-0.0908545146130157,-0.0473501461988304,0.133938294010889,-0.0746521476104053,-0.03125,-0.056495297829496,39,0.363,"cooling",2026-09-02,2026-09-15,"batter","sabrhood_recent_vs_prior_zscore_v1","2026-09-15","2026-09-16 14:38:46 UTC"
"669134","Luis Campusano","San Diego Padres","R",51,0.740926157697121,0.318039215686274,0.176470588235294,0.0588235294117647,0.289473684210526,-0.0462615591715521,0.338,177,0.846784150858682,0.369774011299435,0.225988700564972,0.135593220338983,0.423423423423423,0.063134871609662,0.639,-0.105857993161561,-0.0517347956131606,-0.0495181123296776,-0.0767696909272183,-0.133949739212897,-0.109396430781214,38.9,0.338,"cooling",2026-09-02,2026-09-15,"batter","sabrhood_recent_vs_prior_zscore_v1","2026-09-15","2026-09-16 14:38:46 UTC"
"572233","Christian Walker","Houston Astros","R",42,0.494505494505494,0.222857142857143,0.142857142857143,0.0714285714285714,0.303030303030303,-0.109033227952301,0.296,549,0.727671954160306,0.313029197080292,0.236794171220401,0.0783242258652095,0.412568306010929,-0.00605061458155081,0.846,-0.233166459654812,-0.0901720542231491,-0.0939370283632579,-0.00689565443663805,-0.109538002980626,-0.10298261337075,38.7,0.296,"cooling",2026-09-02,2026-09-15,"batter","sabrhood_recent_vs_prior_zscore_v1","2026-09-15","2026-09-16 14:38:46 UTC"
"813841","Jonah Cox","San Francisco Giants","R",52,0.541033434650456,0.243673469387755,0.269230769230769,0.0384615384615385,0.285714285714286,-0.00964924048975697,0.342,75,0.892156862745098,0.374444444444444,0.44,0.0533333333333333,0.447368421052632,0.0273247994486895,0.429,-0.351123428094642,-0.130770975056689,-0.170769230769231,-0.0148717948717949,-0.161654135338346,-0.0369740399384465,38.5,0.342,"cooling",2026-09-02,2026-09-15,"batter","sabrhood_recent_vs_prior_zscore_v1","2026-09-15","2026-09-16 14:38:46 UTC"
"687637","Dylan Beavers","Baltimore Orioles","L",49,0.570984915705413,0.248979591836735,0.306122448979592,0.0612244897959184,0.258064516129032,-0.0360287283512402,0.329,276,0.719109461966605,0.315090909090909,0.253623188405797,0.0978260869565217,0.395480225988701,0.0277614013947462,0.734,-0.148124546261192,-0.0661113172541744,0.0524992605737947,-0.0366015971606034,-0.137415709859668,-0.0637901297459864,38,0.329,"cooling",2026-09-02,2026-09-15,"batter","sabrhood_recent_vs_prior_zscore_v1","2026-09-15","2026-09-16 14:38:46 UTC"
"682998","Corbin Carroll","Arizona Diamondbacks","L",39,0.626180836707152,0.256923076923077,0.333333333333333,0,0.576923076923077,-0.0335545088785379,0.281,589,0.811338187664484,0.344982993197279,0.220713073005093,0.113752122241087,0.477806788511749,0.0244144773454422,0.855,-0.185157350957332,-0.088059916274202,0.11262026032824,-0.113752122241087,0.0991162884113275,-0.0579689862239802,37.6,0.281,"cooling",2026-09-02,2026-09-15,"batter","sabrhood_recent_vs_prior_zscore_v1","2026-09-15","2026-09-16 14:38:46 UTC"
"682928","CJ Abrams","Washington Nationals","L",43,0.605813953488372,0.263255813953488,0.302325581395349,0.0697674418604651,0.555555555555556,-0.0988656452065254,0.301,570,0.846073517126149,0.358594024604569,0.240350877192982,0.0842105263157895,0.407008086253369,0.0474343217054745,0.851,-0.240259563637777,-0.0953382106510811,0.0619747042023664,-0.0144430844553244,0.148547469302186,-0.146299966912,37.3,0.301,"cooling",2026-09-02,2026-09-15,"batter","sabrhood_recent_vs_prior_zscore_v1","2026-09-15","2026-09-16 14:38:46 UTC"
"607043","Brandon Nimmo","Texas Rangers","L",50,0.499130434782609,0.228,0.3,0.08,0.548387096774194,-0.0789296321600249,0.333,564,0.7590112640801,0.327317939609236,0.212765957446809,0.076241134751773,0.508905852417303,0.00865630128552882,0.849,-0.259880829297491,-0.0993179396092362,0.0872340425531915,0.00375886524822695,0.0394812443568907,-0.0875859334455537,37.1,0.333,"cooling",2026-09-02,2026-09-15,"batter","sabrhood_recent_vs_prior_zscore_v1","2026-09-15","2026-09-16 14:38:46 UTC"
"641857","Ryan McMahon","New York Yankees","L",30,0.406896551724138,0.181666666666667,0.133333333333333,0.0333333333333333,0.166666666666667,-0.0947338227542092,0.231,313,0.649214007429555,0.284230769230769,0.297124600638978,0.0830670926517572,0.478947368421053,-0.0311687337149022,0.758,-0.242317455705417,-0.102564102564103,-0.163791267305644,-0.0497337593184239,-0.312280701754386,-0.063565089039307,36.8,0.231,"cooling",2026-09-02,2026-09-15,"batter","sabrhood_recent_vs_prior_zscore_v1","2026-09-15","2026-09-16 14:38:46 UTC"
"808982","Jung Hoo Lee","San Francisco Giants","L",47,0.430619796484736,0.176521739130435,0.127659574468085,0.0212765957446809,0.41025641025641,-0.0582753713922894,0.32,517,0.743403449387492,0.32137330754352,0.0967117988394584,0.0502901353965184,0.308755760368664,0.012701090951703,0.838,-0.312783652902756,-0.144851568413086,0.0309477756286267,-0.0290135396518375,0.101500649887747,-0.0709764623439925,36.7,0.32,"cooling",2026-09-02,2026-09-15,"batter","sabrhood_recent_vs_prior_zscore_v1","2026-09-15","2026-09-16 14:38:46 UTC"
"668709","JJ Bleday","Cincinnati Reds","L",45,0.566666666666667,0.254666666666667,0.333333333333333,0.111111111111111,0.4,-0.0895018281561365,0.31,463,0.749231684346188,0.325887445887446,0.213822894168467,0.136069114470842,0.390572390572391,0.0184020218394634,0.822,-0.182565017679521,-0.0712207792207792,0.119510439164867,-0.0249580033597312,0.00942760942760945,-0.1079038499956,36.7,0.31,"cooling",2026-09-02,2026-09-15,"batter","sabrhood_recent_vs_prior_zscore_v1","2026-09-15","2026-09-16 14:38:46 UTC"
"694671","Wyatt Langford","Texas Rangers","R",49,0.554421768707483,0.249183673469388,0.326530612244898,0.142857142857143,0.269230769230769,-0.0602370358284601,0.329,375,0.78407960199005,0.338533333333333,0.210666666666667,0.096,0.37890625,0.00679990924111379,0.789,-0.229657833282567,-0.0893496598639456,0.115863945578231,0.0468571428571428,-0.109675480769231,-0.0670369450695739,36.6,0.329,"cooling",2026-09-02,2026-09-15,"batter","sabrhood_recent_vs_prior_zscore_v1","2026-09-15","2026-09-16 14:38:46 UTC"
"694212","Samuel Basallo","Baltimore Orioles","L",29,0.395225464190981,0.193793103448276,0.206896551724138,0.0689655172413793,0.35,-0.0951185058957759,0.225,350,0.721958670260557,0.310057142857143,0.271428571428571,0.0771428571428571,0.435555555555556,-0.00751120986972382,0.778,-0.326733206069576,-0.116264039408867,-0.0645320197044335,-0.00817733990147783,-0.0855555555555556,-0.087607296026052,36.5,0.225,"cooling",2026-09-02,2026-09-15,"batter","sabrhood_recent_vs_prior_zscore_v1","2026-09-15","2026-09-16 14:38:46 UTC"
"668904","Royce Lewis","Minnesota Twins","R",42,0.439285714285714,0.196666666666667,0.261904761904762,0.0476190476190476,0.379310344827586,-0.078528105942087,0.296,423,0.709424619794866,0.306312056737589,0.243498817966903,0.08274231678487,0.407801418439716,0.000488573779888043,0.809,-0.270138905509152,-0.109645390070922,0.0184059439378589,-0.0351232691658224,-0.0284910736121301,-0.079016679721975,36.4,0.296,"cooling",2026-09-02,2026-09-15,"batter","sabrhood_recent_vs_prior_zscore_v1","2026-09-15","2026-09-16 14:38:46 UTC"
"665161","Jeremy Peña","Houston Astros","R",50,0.615,0.2638,0.34,0.02,0.451612903225806,-0.0902397728008416,0.333,385,0.810985614951621,0.347220779220779,0.220779220779221,0.0597402597402597,0.390334572490706,0.0241464013903458,0.794,-0.195985614951621,-0.0834207792207793,0.119220779220779,-0.0397402597402597,0.0612783307351001,-0.114386174191187,36.3,0.333,"cooling",2026-09-02,2026-09-15,"batter","sabrhood_recent_vs_prior_zscore_v1","2026-09-15","2026-09-16 14:38:46 UTC"
"671739","Michael Harris II","Atlanta Braves","L",50,0.525714285714286,0.23,0.18,0.02,0.35,-0.0173837113012701,0.333,537,0.820604641805512,0.347420560747664,0.197392923649907,0.0353817504655493,0.48641975308642,0.0398645479325305,0.843,-0.294890356091227,-0.117420560747664,-0.0173929236499069,-0.0153817504655493,-0.13641975308642,-0.0572482592338006,36,0.333,"cooling",2026-09-02,2026-09-15,"batter","sabrhood_recent_vs_prior_zscore_v1","2026-09-15","2026-09-16 14:38:46 UTC"
"699393","Pedro Ramírez","Chicago Cubs","L",45,0.541463414634146,0.229555555555556,0.177777777777778,0.0666666666666667,0.294117647058824,-0.0449562947065269,0.31,190,0.779961855543251,0.335,0.173684210526316,0.0789473684210526,0.418439716312057,0.044582465505907,0.655,-0.238498440909104,-0.105444444444444,0.00409356725146198,-0.012280701754386,-0.124322069253233,-0.0895387602124339,35.9,0.31,"cooling",2026-09-02,2026-09-15,"batter","sabrhood_recent_vs_prior_zscore_v1","2026-09-15","2026-09-16 14:38:46 UTC"
"645277","Ozzie Albies","Atlanta Braves","L",54,0.485185185185185,0.205925925925926,0.166666666666667,0.0555555555555556,0.292682926829268,-0.137044359755669,0.351,591,0.724148479547258,0.310406091370558,0.142131979695431,0.0676818950930626,0.278260869565217,0.00598921484041172,0.855,-0.238963294362073,-0.104480165444632,0.0245346869712352,-0.0121263395375071,0.0144220572640509,-0.143033574596081,35.7,0.351,"cooling",2026-09-02,2026-09-15,"batter","sabrhood_recent_vs_prior_zscore_v1","2026-09-15","2026-09-16 14:38:46 UTC"
"804606","Konnor Griffin","Pittsburgh Pirates","R",43,0.453204764605786,0.19953488372093,0.232558139534884,0.0465116279069767,0.290322580645161,-0.105998138132215,0.301,248,0.73330002854696,0.318911290322581,0.262096774193548,0.0645161290322581,0.37037037037037,-0.0022659095522961,0.713,-0.280095263941174,-0.11937640660165,-0.0295386346586647,-0.0180045011252813,-0.080047789725209,-0.103732228579919,35.5,0.301,"cooling",2026-09-02,2026-09-15,"batter","sabrhood_recent_vs_prior_zscore_v1","2026-09-15","2026-09-16 14:38:46 UTC"
"800325","Luis Lara","Milwaukee Brewers","L",34,0.498039215686275,0.227647058823529,0.294117647058824,0.0588235294117647,0.380952380952381,-0.052938804349582,0.254,147,0.718923933209648,0.31530612244898,0.197278911564626,0.0952380952380952,0.446601941747573,0.0351704772316757,0.595,-0.220884717523373,-0.0876590636254501,0.0968387354941977,-0.0364145658263305,-0.0656495607951919,-0.0881092815812577,35.3,0.254,"cooling",2026-09-02,2026-09-15,"batter","sabrhood_recent_vs_prior_zscore_v1","2026-09-15","2026-09-16 14:38:46 UTC"
"695657","Colson Montgomery","Chicago White Sox","L",52,0.438811188811189,0.209038461538462,0.442307692307692,0.0961538461538462,0.333333333333333,-0.0739815036599979,0.342,549,0.730252343507042,0.313010948905109,0.340619307832423,0.0819672131147541,0.42156862745098,-0.00537627094124062,0.846,-0.291441154695853,-0.103972487366648,0.10168838447527,0.0141866330390921,-0.0882352941176471,-0.0686052327187572,34.9,0.342,"slumping",2026-09-02,2026-09-15,"batter","sabrhood_recent_vs_prior_zscore_v1","2026-09-15","2026-09-16 14:38:46 UTC"
"699302","Héctor Rodríguez","Cincinnati Reds","L",47,0.4736355226642,0.207234042553191,0.276595744680851,0.0212765957446809,0.333333333333333,-0.0757696072574413,0.32,77,0.768831168831169,0.33012987012987,0.246753246753247,0.0779220779220779,0.333333333333333,0.0209853161973881,0.435,-0.295195646166969,-0.122895827576679,0.0298424979276043,-0.0566454821773971,0,-0.0967549234548293,34.5,0.32,"slumping",2026-09-02,2026-09-15,"batter","sabrhood_recent_vs_prior_zscore_v1","2026-09-15","2026-09-16 14:38:46 UTC"
"547180","Bryce Harper","Philadelphia Phillies","L",48,0.65530303030303,0.286875,0.333333333333333,0.0833333333333333,0.428571428571429,-0.0227448014215834,0.324,592,0.897715967501243,0.383141891891892,0.206081081081081,0.160472972972973,0.443850267379679,0.0607335775582901,0.855,-0.242412937198213,-0.096266891891892,0.127252252252252,-0.0771396396396396,-0.0152788388082506,-0.0834783789798734,34,0.324,"slumping",2026-09-02,2026-09-15,"batter","sabrhood_recent_vs_prior_zscore_v1","2026-09-15","2026-09-16 14:38:46 UTC"
"518692","Freddie Freeman","Los Angeles Dodgers","L",39,0.58041958041958,0.272051282051282,0.205128205128205,0.102564102564103,0.2,-0.0786463954208441,0.281,573,0.834624090681319,0.360087412587413,0.165794066317627,0.102966841186736,0.420673076923077,0.0141301430054064,0.851,-0.254204510261739,-0.0880361305361305,0.0393341388105786,-0.000402738622633916,-0.220673076923077,-0.0927765384262505,34,0.281,"slumping",2026-09-02,2026-09-15,"batter","sabrhood_recent_vs_prior_zscore_v1","2026-09-15","2026-09-16 14:38:46 UTC"
"679845","Nick Loftin","Kansas City Royals","R",43,0.457558139534884,0.208139534883721,0.27906976744186,0.0697674418604651,0.25,-0.127409584627666,0.301,361,0.711196375656372,0.31078431372549,0.160664819944598,0.0997229916897507,0.282945736434109,0.00671746609080807,0.783,-0.253638236121488,-0.102644778841769,0.118404947497262,-0.0299555498292856,-0.0329457364341085,-0.134127050718474,32.6,0.301,"slumping",2026-09-02,2026-09-15,"batter","sabrhood_recent_vs_prior_zscore_v1","2026-09-15","2026-09-16 14:38:46 UTC"
"678246","Miguel Vargas","Chicago White Sox","R",57,0.626855600539811,0.273333333333333,0.228070175438596,0.0701754385964912,0.3,-0.0773382766188201,0.363,597,0.848786063798497,0.363126050420168,0.175879396984925,0.137353433835846,0.455223880597015,0.0490561559637939,0.857,-0.221930463258686,-0.0897927170868347,0.0521907784536718,-0.0671779952393547,-0.155223880597015,-0.126394432582614,32.5,0.363,"slumping",2026-09-02,2026-09-15,"batter","sabrhood_recent_vs_prior_zscore_v1","2026-09-15","2026-09-16 14:38:46 UTC"
"682663","Agustín Ramírez","Miami Marlins","R",32,0.511088709677419,0.2134375,0.34375,0.03125,0.368421052631579,-0.158019319760971,0.242,191,0.668411867364747,0.298736842105263,0.225130890052356,0.120418848167539,0.398373983739837,0.00414285012858246,0.656,-0.157323157687328,-0.0852993421052632,0.118619109947644,-0.0891688481675393,-0.0299529311082585,-0.162162169889553,32.4,0.242,"slumping",2026-09-02,2026-09-15,"batter","sabrhood_recent_vs_prior_zscore_v1","2026-09-15","2026-09-16 14:38:46 UTC"
"694197","Angel Genao","Cleveland Guardians","L",41,0.403722721437741,0.188048780487805,0.195121951219512,0.0731707317073171,0.466666666666667,-0.135630684597559,0.291,84,0.698051948051948,0.307142857142857,0.107142857142857,0.0714285714285714,0.537313432835821,0.00743240141408744,0.457,-0.294329226614207,-0.119094076655052,0.0879790940766551,0.00174216027874564,-0.0706467661691542,-0.143063086011647,31.7,0.291,"slumping",2026-09-02,2026-09-15,"batter","sabrhood_recent_vs_prior_zscore_v1","2026-09-15","2026-09-16 14:38:46 UTC"
"664728","Kyle Isbel","Kansas City Royals","L",36,0.30952380952381,0.141388888888889,0.222222222222222,0.0277777777777778,0.230769230769231,-0.174745213962083,0.265,263,0.635680379746835,0.27703125,0.220532319391635,0.0532319391634981,0.336898395721925,-0.0388060489064239,0.725,-0.326156570223026,-0.135642361111111,0.00168990283058723,-0.0254541613857203,-0.106129164952694,-0.135939165055659,31.6,0.265,"slumping",2026-09-02,2026-09-15,"batter","sabrhood_recent_vs_prior_zscore_v1","2026-09-15","2026-09-16 14:38:46 UTC"
"686217","Sal Frelick","Milwaukee Brewers","L",25,0.291666666666667,0.125,0.08,0,0.304347826086957,-0.15697937195991,0.2,336,0.641450340918426,0.283018292682927,0.107142857142857,0.0833333333333333,0.279245283018868,-0.0147120972087986,0.771,-0.349783674251759,-0.158018292682927,-0.0271428571428571,-0.0833333333333333,0.0251025430680886,-0.142267274751111,31.6,0.2,"slumping",2026-09-02,2026-09-15,"batter","sabrhood_recent_vs_prior_zscore_v1","2026-09-15","2026-09-16 14:38:46 UTC"
"641680","Jonah Heim","Athletics","R",36,0.423809523809524,0.182777777777778,0.25,0.0277777777777778,0.153846153846154,-0.148588440651365,0.265,327,0.67090491143813,0.289051987767584,0.180428134556575,0.073394495412844,0.330578512396694,-0.027943034046382,0.766,-0.247095387628606,-0.106274209989806,0.0695718654434251,-0.0456167176350663,-0.17673235855054,-0.120645406604983,31.4,0.265,"slumping",2026-09-02,2026-09-15,"batter","sabrhood_recent_vs_prior_zscore_v1","2026-09-15","2026-09-16 14:38:46 UTC"
"693307","Dillon Dingler","Detroit Tigers","R",36,0.46078431372549,0.188055555555556,0.333333333333333,0,0.333333333333333,-0.0365428225371834,0.265,539,0.778968258520413,0.332849162011173,0.224489795918367,0.0593692022263451,0.424324324324324,0.0230860134735082,0.844,-0.318183944794923,-0.144793606455618,0.108843537414966,-0.0593692022263451,-0.090990990990991,-0.0596288360106916,31.3,0.265,"slumping",2026-09-02,2026-09-15,"batter","sabrhood_recent_vs_prior_zscore_v1","2026-09-15","2026-09-16 14:38:46 UTC"
"681082","Bryson Stott","Philadelphia Phillies","L",39,0.371794871794872,0.175897435897436,0.205128205128205,0.0512820512820513,0.285714285714286,-0.0870442206462188,0.281,523,0.738739823891012,0.321423076923077,0.170172084130019,0.0994263862332696,0.378947368421053,0.0131497920815607,0.839,-0.36694495209614,-0.145525641025641,0.034956120998186,-0.0481443349512183,-0.0932330827067669,-0.10019401272778,30.9,0.281,"slumping",2026-09-02,2026-09-15,"batter","sabrhood_recent_vs_prior_zscore_v1","2026-09-15","2026-09-16 14:38:46 UTC"
"680777","Ryan Jeffers","Minnesota Twins","R",38,0.496240601503759,0.219736842105263,0.210526315789474,0.0526315789473684,0.444444444444444,-0.0329995509597532,0.275,299,0.885738921404682,0.379030100334448,0.163879598662207,0.133779264214047,0.403846153846154,0.0817267118419664,0.749,-0.389498319900923,-0.159293258229185,0.0466467171272663,-0.0811476852666784,0.0405982905982906,-0.11472626280172,30.7,0.275,"slumping",2026-09-02,2026-09-15,"batter","sabrhood_recent_vs_prior_zscore_v1","2026-09-15","2026-09-16 14:38:46 UTC"
"702616","Jackson Holliday","Baltimore Orioles","L",45,0.377777777777778,0.164444444444444,0.288888888888889,0,0.25,-0.142328886842571,0.31,308,0.667379833407455,0.293387622149837,0.230519480519481,0.103896103896104,0.343137254901961,-0.00876756644914467,0.755,-0.289602055629677,-0.128943177705393,0.0583694083694083,-0.103896103896104,-0.0931372549019608,-0.133561320393427,29.7,0.31,"slumping",2026-09-02,2026-09-15,"batter","sabrhood_recent_vs_prior_zscore_v1","2026-09-15","2026-09-16 14:38:46 UTC"
"666160","Mickey Moniak","Colorado Rockies","L",34,0.450089126559715,0.187647058823529,0.441176470588235,0.0294117647058824,0.277777777777778,-0.0414389189266944,0.254,378,0.796524356869184,0.332301587301587,0.259259259259259,0.0529100529100529,0.416342412451362,0.0214917945320783,0.791,-0.34643523030947,-0.144654528478058,0.181917211328976,-0.0234982882041706,-0.138564634673584,-0.0629307134587727,29.1,0.254,"slumping",2026-09-02,2026-09-15,"batter","sabrhood_recent_vs_prior_zscore_v1","2026-09-15","2026-09-16 14:38:46 UTC"
"669392","Samad Taylor","San Diego Padres","R",30,0.447619047619048,0.204666666666667,0.233333333333333,0.0666666666666667,0.19047619047619,-0.109495225434069,0.231,109,0.854635828768513,0.377452830188679,0.284403669724771,0.110091743119266,0.246153846153846,0.0781212847119283,0.522,-0.407016781149465,-0.172786163522013,-0.0510703363914373,-0.0434250764525994,-0.0556776556776557,-0.187616510145997,28.5,0.231,"slumping",2026-09-02,2026-09-15,"batter","sabrhood_recent_vs_prior_zscore_v1","2026-09-15","2026-09-16 14:38:46 UTC"
"701785","Kaelen Culpepper","Minnesota Twins","R",37,0.44912559618442,0.21,0.216216216216216,0.027027027027027,0.230769230769231,-0.146391682208831,0.27,83,0.866827309236948,0.371566265060241,0.204819277108434,0.0602409638554217,0.338983050847458,0.00593614845750671,0.454,-0.417701713052528,-0.161566265060241,0.0113969391077825,-0.0332139368283947,-0.108213820078227,-0.152327830666337,28.1,0.27,"slumping",2026-09-02,2026-09-15,"batter","sabrhood_recent_vs_prior_zscore_v1","2026-09-15","2026-09-16 14:38:46 UTC"
"691023","Jordan Walker","St. Louis Cardinals","R",49,0.459130434782609,0.2038,0.36734693877551,0.0612244897959184,0.571428571428571,-0.169007746432355,0.329,577,0.853261816830495,0.362743055555556,0.244367417677643,0.0745233968804159,0.483290488431877,0.0468523428634731,0.852,-0.394131382047886,-0.158943055555555,0.122979521097867,-0.0132989070844976,0.0881380829966948,-0.215860089295828,27.3,0.329,"slumping",2026-09-02,2026-09-15,"batter","sabrhood_recent_vs_prior_zscore_v1","2026-09-15","2026-09-16 14:38:46 UTC"
"814439","Ryan Waldschmidt","Arizona Diamondbacks","R",26,0.247619047619048,0.1468,0.423076923076923,0.115384615384615,0.181818181818182,-0.140656472331694,0.206,256,0.72061058157204,0.31503937007874,0.28515625,0.07421875,0.30188679245283,-0.0146602816928817,0.719,-0.472991533952993,-0.16823937007874,0.137920673076923,0.0411658653846154,-0.120068610634648,-0.125996190638812,26.6,0.206,"slumping",2026-09-02,2026-09-15,"batter","sabrhood_recent_vs_prior_zscore_v1","2026-09-15","2026-09-16 14:38:46 UTC"
"622761","Jorge Mateo","Tampa Bay Rays","R",30,0.245073891625616,0.115862068965517,0.4,0,0.0588235294117647,-0.0968135550577317,0.231,171,0.639633675383427,0.277426900584795,0.280701754385965,0.064327485380117,0.410714285714286,-0.0347432401118799,0.631,-0.394559783757811,-0.161564831619278,0.119298245614035,-0.064327485380117,-0.351890756302521,-0.0620703149458518,24.6,0.231,"slumping",2026-09-02,2026-09-15,"batter","sabrhood_recent_vs_prior_zscore_v1","2026-09-15","2026-09-16 14:38:46 UTC"
"808959","Munetaka Murakami","Chicago White Sox","L",53,0.44158972300281,0.204905660377358,0.528301886792453,0.0754716981132075,0.473684210526316,-0.0649198593875454,0.346,446,0.838906219535972,0.359168539325843,0.34304932735426,0.168161434977578,0.574074074074074,0.0617594097857838,0.817,-0.397316496533162,-0.154262878948484,0.185252559438193,-0.0926897368643709,-0.100389863547758,-0.126679269173329,24.5,0.346,"slumping",2026-09-02,2026-09-15,"batter","sabrhood_recent_vs_prior_zscore_v1","2026-09-15","2026-09-16 14:38:46 UTC"
"665750","Leody Taveras","Baltimore Orioles","L",27,0.333333333333333,0.143703703703704,0.518518518518518,0,0.230769230769231,-0.126596672335699,0.213,435,0.649941314553991,0.285539906103286,0.250574712643678,0.0919540229885057,0.333333333333333,0.00890504365848189,0.813,-0.316607981220657,-0.141836202399583,0.26794380587484,-0.0919540229885057,-0.102564102564103,-0.135501715994181,24,0.213,"slumping",2026-09-02,2026-09-15,"batter","sabrhood_recent_vs_prior_zscore_v1","2026-09-15","2026-09-16 14:38:46 UTC"
"608070","José Ramírez","Cleveland Guardians","L",51,0.239295718287315,0.113921568627451,0.137254901960784,0.0196078431372549,0.0476190476190476,-0.141883377749445,0.338,444,0.718505479596253,0.313009049773756,0.132882882882883,0.11036036036036,0.414414414414414,0.00513518304174927,0.816,-0.479209761308938,-0.199087481146305,0.00437201907790144,-0.0907525172231055,-0.366795366795367,-0.147018560791195,20.3,0.338,"slumping",2026-09-02,2026-09-15,"batter","sabrhood_recent_vs_prior_zscore_v1","2026-09-15","2026-09-16 14:38:46 UTC"
