"pitcher_id","player_name","team","total_pitches","tracked_pitches","pitches_100_plus","average_velocity","max_velocity","pitches_100_plus_rate","perspective","tracking_method","tracked_batted_balls_allowed","batted_balls_100_plus_allowed","average_exit_velocity_allowed","max_exit_velocity_allowed","batted_balls_100_plus_allowed_rate","source_through","generated_at_utc"
"694819","Jacob Misiorowski","Milwaukee Brewers",2578,2578,1077,97.582893716059,105.5,0.417765709852599,"pitcher","mlbam_release_speed_100_mph_threshold_v1",346,62,86.5728323699422,111.7,0.179190751445087,"2026-09-21","2026-09-22 14:25:48 UTC"
"695243","Mason Miller","San Diego Padres",1090,1090,488,94.6433027522936,104,0.447706422018349,"pitcher","mlbam_release_speed_100_mph_threshold_v1",107,16,85.8831775700935,111.8,0.149532710280374,"2026-09-21","2026-09-22 14:25:48 UTC"
"683618","Edgardo Henriquez","Los Angeles Dodgers",968,968,440,96.1738636363636,104.5,0.454545454545455,"pitcher","mlbam_release_speed_100_mph_threshold_v1",140,17,82.5157142857143,110,0.121428571428571,"2026-09-21","2026-09-22 14:25:48 UTC"
"594027","Tyron Guerrero","Boston Red Sox",585,585,287,98.9895726495727,103.6,0.490598290598291,"pitcher","mlbam_release_speed_100_mph_threshold_v1",112,22,84.3491071428572,110.4,0.196428571428571,"2026-09-21","2026-09-22 14:25:48 UTC"
"670970","Adrian Morejon","San Diego Padres",1280,1280,206,96.16984375,101.7,0.1609375,"pitcher","mlbam_release_speed_100_mph_threshold_v1",203,37,86.3206896551724,113.2,0.182266009852217,"2026-09-21","2026-09-22 14:25:48 UTC"
"662253","Andrés Muñoz","Seattle Mariners",953,953,204,93.8706190975866,103,0.214060860440714,"pitcher","mlbam_release_speed_100_mph_threshold_v1",125,36,88.8776,111.9,0.288,"2026-09-21","2026-09-22 14:25:48 UTC"
"661395","Jhoan Duran","Philadelphia Phillies",896,896,173,96.2197544642857,102.5,0.193080357142857,"pitcher","mlbam_release_speed_100_mph_threshold_v1",131,33,89.1572519083969,111.1,0.251908396946565,"2026-09-21","2026-09-22 14:25:48 UTC"
"696149","Bubba Chandler","Pittsburgh Pirates",2609,2609,156,94.8684936757378,102.1,0.0597930241471828,"pitcher","mlbam_release_speed_100_mph_threshold_v1",435,93,88.247816091954,114.8,0.213793103448276,"2026-09-21","2026-09-22 14:25:48 UTC"
"663855","Jordan Hicks","Chicago White Sox",850,850,149,95.0867058823529,102.2,0.175294117647059,"pitcher","mlbam_release_speed_100_mph_threshold_v1",112,25,88.5410714285714,110.9,0.223214285714286,"2026-09-21","2026-09-22 14:25:48 UTC"
"690829","Ben Joyce","Los Angeles Angels",259,259,131,98.2227799227799,104.5,0.505791505791506,"pitcher","mlbam_release_speed_100_mph_threshold_v1",33,6,85.6454545454545,110.5,0.181818181818182,"2026-09-21","2026-09-22 14:25:48 UTC"
"679885","Justin Martinez","Arizona Diamondbacks",186,186,123,98.5467741935484,103.8,0.661290322580645,"pitcher","mlbam_release_speed_100_mph_threshold_v1",23,3,85.7565217391304,105.3,0.130434782608696,"2026-09-21","2026-09-22 14:25:48 UTC"
"700712","Walbert Ureña","Los Angeles Angels",2400,2400,119,94.085875,101.5,0.0495833333333333,"pitcher","mlbam_release_speed_100_mph_threshold_v1",389,90,86.7141388174807,114.6,0.231362467866324,"2026-09-21","2026-09-22 14:25:48 UTC"
"666808","Camilo Doval","Pittsburgh Pirates",1007,1007,112,95.4492552135055,103,0.111221449851043,"pitcher","mlbam_release_speed_100_mph_threshold_v1",168,43,89.6517857142857,109.2,0.255952380952381,"2026-09-21","2026-09-22 14:25:48 UTC"
"665660","Elvis Alvarado","Athletics",898,898,84,95.7733853006682,102.7,0.0935412026726058,"pitcher","mlbam_release_speed_100_mph_threshold_v1",130,36,89.7915384615385,114.1,0.276923076923077,"2026-09-21","2026-09-22 14:25:48 UTC"
"682254","Mason Montgomery","Pittsburgh Pirates",1118,1118,82,95.4322003577818,101.7,0.073345259391771,"pitcher","mlbam_release_speed_100_mph_threshold_v1",141,36,87.0035460992908,112.9,0.25531914893617,"2026-09-21","2026-09-22 14:25:48 UTC"
"694037","Daniel Palencia","Chicago Cubs",451,451,81,96.3634146341463,102.5,0.17960088691796,"pitcher","mlbam_release_speed_100_mph_threshold_v1",75,11,88.7173333333333,108.1,0.146666666666667,"2026-09-21","2026-09-22 14:25:48 UTC"
"682842","Abner Uribe","Milwaukee Brewers",893,893,73,94.6189249720045,101.8,0.0817469204927212,"pitcher","mlbam_release_speed_100_mph_threshold_v1",145,27,86.9186206896552,112.6,0.186206896551724,"2026-09-21","2026-09-22 14:25:48 UTC"
"686934","Alex McFarlane","Philadelphia Phillies",242,242,68,95.4235537190083,102.2,0.28099173553719,"pitcher","mlbam_release_speed_100_mph_threshold_v1",44,7,86.5181818181818,108.4,0.159090909090909,"2026-09-21","2026-09-22 14:25:48 UTC"
"693645","Cam Schlittler","New York Yankees",2971,2971,68,95.9027263547627,101.3,0.0228879165264221,"pitcher","mlbam_release_speed_100_mph_threshold_v1",457,90,87.5120350109409,115.1,0.196936542669584,"2026-09-21","2026-09-22 14:25:48 UTC"
"666711","Joel Peguero","San Francisco Giants",169,169,61,98.1224852071006,102.6,0.36094674556213,"pitcher","mlbam_release_speed_100_mph_threshold_v1",37,2,84.4756756756757,107.1,0.0540540540540541,"2026-09-21","2026-09-22 14:25:48 UTC"
"686973","Louis Varland","Toronto Blue Jays",1225,1225,61,93.8079183673469,101.5,0.0497959183673469,"pitcher","mlbam_release_speed_100_mph_threshold_v1",186,35,86.2666666666667,114.2,0.188172043010753,"2026-09-21","2026-09-22 14:25:48 UTC"
"683003","Jared Jones","Pittsburgh Pirates",1493,1493,60,93.7046885465506,101.5,0.0401875418620228,"pitcher","mlbam_release_speed_100_mph_threshold_v1",238,54,88.3806722689076,115.1,0.226890756302521,"2026-09-21","2026-09-22 14:25:48 UTC"
"678020","Seth Halvorsen","Los Angeles Dodgers",522,522,59,94.4645593869732,101.9,0.113026819923372,"pitcher","mlbam_release_speed_100_mph_threshold_v1",99,30,89.5989898989899,112.2,0.303030303030303,"2026-09-21","2026-09-22 14:25:48 UTC"
"672442","Yovanny Cruz","Washington Nationals",227,227,57,94.8964757709251,102.2,0.251101321585903,"pitcher","mlbam_release_speed_100_mph_threshold_v1",37,7,88.4108108108108,108.5,0.189189189189189,"2026-09-21","2026-09-22 14:25:48 UTC"
"691799","Grant Taylor","Chicago White Sox",1316,1316,52,92.9181610942249,101.9,0.0395136778115502,"pitcher","mlbam_release_speed_100_mph_threshold_v1",195,49,89.4866666666667,113.7,0.251282051282051,"2026-09-21","2026-09-22 14:25:48 UTC"
"691587","Eury Pérez","Miami Marlins",2554,2554,51,92.7215740015662,101,0.0199686765857478,"pitcher","mlbam_release_speed_100_mph_threshold_v1",392,92,88.0696428571429,113.4,0.23469387755102,"2026-09-21","2026-09-22 14:25:48 UTC"
"660271","Shohei Ohtani","Los Angeles Dodgers",1335,1335,50,90.9426217228464,101.7,0.0374531835205993,"pitcher","mlbam_release_speed_100_mph_threshold_v1",213,39,86.8910798122066,111.2,0.183098591549296,"2026-09-21","2026-09-22 14:25:48 UTC"
"808963","Roki Sasaki","Los Angeles Dodgers",2052,2052,49,92.2510233918129,101.8,0.0238791423001949,"pitcher","mlbam_release_speed_100_mph_threshold_v1",340,85,89.2376470588235,115.7,0.25,"2026-09-21","2026-09-22 14:25:48 UTC"
"674444","Steven Cruz","Kansas City Royals",915,915,49,95.7469945355191,101.5,0.053551912568306,"pitcher","mlbam_release_speed_100_mph_threshold_v1",156,41,87.525641025641,112.5,0.262820512820513,"2026-09-21","2026-09-22 14:25:48 UTC"
"680767","Victor Vodnik","Miami Marlins",983,983,42,94.1225839267548,101.3,0.0427263479145473,"pitcher","mlbam_release_speed_100_mph_threshold_v1",177,33,89.8310734463277,110.4,0.186440677966102,"2026-09-21","2026-09-22 14:25:48 UTC"
"801403","Chase Dollander","Colorado Rockies",743,743,42,93.9728129205922,101.1,0.0565275908479139,"pitcher","mlbam_release_speed_100_mph_threshold_v1",121,36,89.7859504132231,111.3,0.297520661157025,"2026-09-21","2026-09-22 14:25:48 UTC"
"699008","Antwone Kelly","Pittsburgh Pirates",230,230,34,94.5447826086957,102.5,0.147826086956522,"pitcher","mlbam_release_speed_100_mph_threshold_v1",48,13,89.6604166666667,108.5,0.270833333333333,"2026-09-21","2026-09-22 14:25:48 UTC"
"666661","Juan Morillo","Arizona Diamondbacks",999,999,29,95.6517517517517,101.1,0.029029029029029,"pitcher","mlbam_release_speed_100_mph_threshold_v1",151,25,85.7013245033113,111,0.165562913907285,"2026-09-21","2026-09-22 14:25:48 UTC"
"695380","Alex Hoppe","Baltimore Orioles",711,711,29,94.690576652602,100.9,0.0407876230661041,"pitcher","mlbam_release_speed_100_mph_threshold_v1",120,31,87.335,111.3,0.258333333333333,"2026-09-21","2026-09-22 14:25:48 UTC"
"695505","Chase Burns","Cincinnati Reds",2569,2569,29,94.3577656675749,100.7,0.0112884390813546,"pitcher","mlbam_release_speed_100_mph_threshold_v1",378,77,89.2791005291005,113.1,0.203703703703704,"2026-09-21","2026-09-22 14:25:48 UTC"
"668909","Gavin Williams","Cleveland Guardians",2917,2886,28,90.9322591822592,100.8,0.0097020097020097,"pitcher","mlbam_release_speed_100_mph_threshold_v1",415,112,89.553734939759,116,0.269879518072289,"2026-09-21","2026-09-22 14:25:48 UTC"
"664854","Ryan Helsley","Baltimore Orioles",273,273,27,92.7908424908425,102.1,0.0989010989010989,"pitcher","mlbam_release_speed_100_mph_threshold_v1",38,12,88.2684210526316,105.4,0.315789473684211,"2026-09-21","2026-09-22 14:25:48 UTC"
"547973","Aroldis Chapman","Boston Red Sox",829,829,27,94.4340168878166,101.6,0.0325693606755127,"pitcher","mlbam_release_speed_100_mph_threshold_v1",118,28,85.8822033898305,113.5,0.23728813559322,"2026-09-21","2026-09-22 14:25:48 UTC"
"671922","Cade Smith","Cleveland Guardians",1202,1190,25,93.5866386554622,101.2,0.0210084033613445,"pitcher","mlbam_release_speed_100_mph_threshold_v1",155,45,91.4490322580645,113.2,0.290322580645161,"2026-09-21","2026-09-22 14:25:48 UTC"
"668881","Hunter Greene","Cincinnati Reds",456,456,23,94.1254385964912,101.6,0.0504385964912281,"pitcher","mlbam_release_speed_100_mph_threshold_v1",78,20,90.225641025641,108.5,0.256410256410256,"2026-09-21","2026-09-22 14:25:48 UTC"
"676617","Riley O'Brien","St. Louis Cardinals",1064,1064,23,92.2199248120301,101.1,0.0216165413533835,"pitcher","mlbam_release_speed_100_mph_threshold_v1",172,50,87.3918604651163,109.9,0.290697674418605,"2026-09-21","2026-09-22 14:25:48 UTC"
"682825","Luis Mey","Cincinnati Reds",615,615,22,93.190406504065,102,0.0357723577235772,"pitcher","mlbam_release_speed_100_mph_threshold_v1",78,24,92.4820512820513,111.9,0.307692307692308,"2026-09-21","2026-09-22 14:25:48 UTC"
"696147","Sam Bachman","Los Angeles Angels",776,776,22,92.4021907216495,101.4,0.0283505154639175,"pitcher","mlbam_release_speed_100_mph_threshold_v1",123,22,85.6666666666667,114.1,0.178861788617886,"2026-09-21","2026-09-22 14:25:48 UTC"
"665622","Luis Medina","Athletics",1213,1213,21,92.4430338004946,100.9,0.0173124484748557,"pitcher","mlbam_release_speed_100_mph_threshold_v1",170,37,89.22,111.1,0.217647058823529,"2026-09-21","2026-09-22 14:25:48 UTC"
"645261","Sandy Alcantara","Miami Marlins",3271,3271,21,92.2520941608071,100.8,0.00642005502904311,"pitcher","mlbam_release_speed_100_mph_threshold_v1",664,149,87.8844879518072,111.7,0.224397590361446,"2026-09-21","2026-09-22 14:25:48 UTC"
"696062","Wilber Dotel","Pittsburgh Pirates",659,659,20,93.9098634294385,100.9,0.0303490136570561,"pitcher","mlbam_release_speed_100_mph_threshold_v1",113,31,89.2982300884956,107.1,0.274336283185841,"2026-09-21","2026-09-22 14:25:48 UTC"
"687209","Zach Maxwell","Cincinnati Reds",293,291,18,94.939175257732,101.1,0.0618556701030928,"pitcher","mlbam_release_speed_100_mph_threshold_v1",44,11,91.2590909090909,110.4,0.25,"2026-09-21","2026-09-22 14:25:48 UTC"
"663878","Nate Pearson","Kansas City Royals",740,740,17,92.9910810810811,101.2,0.022972972972973,"pitcher","mlbam_release_speed_100_mph_threshold_v1",122,26,87.9786885245902,110.7,0.213114754098361,"2026-09-21","2026-09-22 14:25:48 UTC"
"671737","Taj Bradley","Minnesota Twins",2893,2893,16,92.9171793985482,101.1,0.00553059108192188,"pitcher","mlbam_release_speed_100_mph_threshold_v1",448,115,90.5770089285714,112.7,0.256696428571429,"2026-09-21","2026-09-22 14:25:48 UTC"
"800311","Didier Fuentes","Atlanta Braves",1183,1183,16,93.8317836010144,101.1,0.0135249366018597,"pitcher","mlbam_release_speed_100_mph_threshold_v1",173,36,86.4595375722543,109.3,0.208092485549133,"2026-09-21","2026-09-22 14:25:48 UTC"
"683175","Connor Phillips","Cincinnati Reds",547,547,16,92.0972577696527,100.7,0.0292504570383912,"pitcher","mlbam_release_speed_100_mph_threshold_v1",74,15,89.7675675675676,110,0.202702702702703,"2026-09-21","2026-09-22 14:25:48 UTC"
"811315","Brody Hopkins","Tampa Bay Rays",53,53,15,95.0641509433962,101.5,0.283018867924528,"pitcher","mlbam_release_speed_100_mph_threshold_v1",6,1,83.5166666666667,101.6,0.166666666666667,"2026-09-21","2026-09-22 14:25:48 UTC"
"682982","Daniel Espino","Cleveland Guardians",243,243,14,94.9316872427983,101.7,0.0576131687242798,"pitcher","mlbam_release_speed_100_mph_threshold_v1",30,6,85.0166666666667,109.6,0.2,"2026-09-21","2026-09-22 14:25:48 UTC"
"663158","Robert Suarez","Atlanta Braves",466,466,14,95.7695278969957,100.7,0.0300429184549356,"pitcher","mlbam_release_speed_100_mph_threshold_v1",87,15,84.3586206896552,107.5,0.172413793103448,"2026-09-21","2026-09-22 14:25:48 UTC"
"592773","Ryne Stanek","St. Louis Cardinals",1047,1047,12,94.4431709646609,101,0.0114613180515759,"pitcher","mlbam_release_speed_100_mph_threshold_v1",162,39,88.6574074074074,114.3,0.240740740740741,"2026-09-21","2026-09-22 14:25:48 UTC"
"621237","José Alvarado","Philadelphia Phillies",1090,1090,12,95.4811926605505,100.8,0.0110091743119266,"pitcher","mlbam_release_speed_100_mph_threshold_v1",157,28,85.8407643312102,112.7,0.178343949044586,"2026-09-21","2026-09-22 14:25:48 UTC"
"691384","Luis Perales","Washington Nationals",250,250,12,91.9772,100.8,0.048,"pitcher","mlbam_release_speed_100_mph_threshold_v1",34,8,90.7411764705882,108.9,0.235294117647059,"2026-09-21","2026-09-22 14:25:48 UTC"
"656848","Michael Petersen","Miami Marlins",1072,1072,11,94.2483208955224,100.9,0.0102611940298507,"pitcher","mlbam_release_speed_100_mph_threshold_v1",146,35,90.9753424657534,112.2,0.23972602739726,"2026-09-21","2026-09-22 14:25:48 UTC"
"699134","Bradgley Rodriguez","San Diego Padres",1112,1112,11,94.0288669064748,100.8,0.00989208633093525,"pitcher","mlbam_release_speed_100_mph_threshold_v1",191,37,86.1685863874346,109.7,0.193717277486911,"2026-09-21","2026-09-22 14:25:48 UTC"
"694795","Josh Ekness","Miami Marlins",496,496,10,93.6852822580645,100.7,0.0201612903225806,"pitcher","mlbam_release_speed_100_mph_threshold_v1",80,12,85.72,109.9,0.15,"2026-09-21","2026-09-22 14:25:48 UTC"
"702193","Andrew Morris","Minnesota Twins",1237,1237,10,93.3291026677446,100.6,0.00808407437348424,"pitcher","mlbam_release_speed_100_mph_threshold_v1",215,38,85.8730232558139,111.5,0.176744186046512,"2026-09-21","2026-09-22 14:25:48 UTC"
"642376","Jefry Yan","New York Mets",314,314,8,94.4872611464968,101.1,0.0254777070063694,"pitcher","mlbam_release_speed_100_mph_threshold_v1",44,11,86.3545454545455,108.2,0.25,"2026-09-21","2026-09-22 14:25:48 UTC"
"693713","Emiliano Teodo","Texas Rangers",43,43,7,96.3348837209302,101.9,0.162790697674419,"pitcher","mlbam_release_speed_100_mph_threshold_v1",7,2,91.5285714285714,109.2,0.285714285714286,"2026-09-21","2026-09-22 14:25:48 UTC"
"594798","Jacob deGrom","Texas Rangers",2646,2646,7,93.0939909297052,100.5,0.00264550264550265,"pitcher","mlbam_release_speed_100_mph_threshold_v1",403,95,90.0044665012407,114.9,0.235732009925558,"2026-09-21","2026-09-22 14:25:48 UTC"
"656730","Trevor Megill","Milwaukee Brewers",852,852,7,94.4029342723005,100.4,0.00821596244131455,"pitcher","mlbam_release_speed_100_mph_threshold_v1",151,30,88.7450331125828,111.5,0.198675496688742,"2026-09-21","2026-09-22 14:25:48 UTC"
"667755","José Soriano","Toronto Blue Jays",2868,2868,5,92.597419804742,101.3,0.00174337517433752,"pitcher","mlbam_release_speed_100_mph_threshold_v1",478,111,87.9232217573222,116.9,0.232217573221757,"2026-09-21","2026-09-22 14:25:48 UTC"
"678606","José A. Ferrer","Seattle Mariners",1024,1024,5,94.63984375,101,0.0048828125,"pitcher","mlbam_release_speed_100_mph_threshold_v1",203,41,85.8748768472906,116.4,0.201970443349754,"2026-09-21","2026-09-22 14:25:48 UTC"
"666171","Ryan Zeferjahn","Chicago Cubs",1256,1247,5,91.4053728949479,100.9,0.00400962309542903,"pitcher","mlbam_release_speed_100_mph_threshold_v1",154,33,88.9227272727273,108.2,0.214285714285714,"2026-09-21","2026-09-22 14:25:48 UTC"
"694361","Will Klein","Los Angeles Dodgers",762,762,5,92.6807086614173,100.8,0.00656167979002625,"pitcher","mlbam_release_speed_100_mph_threshold_v1",114,27,88.5228070175439,113.1,0.236842105263158,"2026-09-21","2026-09-22 14:25:48 UTC"
"695549","Jackson Jobe","Detroit Tigers",685,685,4,92.4557664233577,100.3,0.00583941605839416,"pitcher","mlbam_release_speed_100_mph_threshold_v1",110,22,88.2754545454546,110,0.2,"2026-09-21","2026-09-22 14:25:48 UTC"
"668933","Graham Ashcraft","Cincinnati Reds",572,572,3,94.3823426573427,101.5,0.00524475524475524,"pitcher","mlbam_release_speed_100_mph_threshold_v1",73,15,86.8958904109589,107.1,0.205479452054795,"2026-09-21","2026-09-22 14:25:48 UTC"
"676879","Aaron Ashby","Milwaukee Brewers",1524,1524,3,92.3632545931759,100.3,0.00196850393700787,"pitcher","mlbam_release_speed_100_mph_threshold_v1",215,52,87.8562790697674,116.9,0.241860465116279,"2026-09-21","2026-09-22 14:25:48 UTC"
"656302","Dylan Cease","Toronto Blue Jays",2893,2893,3,90.528759073626,100,0.00103698582786035,"pitcher","mlbam_release_speed_100_mph_threshold_v1",363,70,85.3842975206612,113.2,0.192837465564738,"2026-09-21","2026-09-22 14:25:48 UTC"
"669373","Tarik Skubal","Los Angeles Dodgers",2281,2281,2,92.6143358176239,100.4,0.000876808417360807,"pitcher","mlbam_release_speed_100_mph_threshold_v1",389,82,85.9015424164524,114,0.210796915167095,"2026-09-21","2026-09-22 14:25:48 UTC"
"687075","Brandon Sproat","Milwaukee Brewers",1749,1722,2,92.9306039488966,100.4,0.00116144018583043,"pitcher","mlbam_release_speed_100_mph_threshold_v1",252,66,89.5603174603175,113.9,0.261904761904762,"2026-09-21","2026-09-22 14:25:48 UTC"
"622608","Antonio Senzatela","Milwaukee Brewers",1141,1141,2,93.8374233128834,100.1,0.00175284837861525,"pitcher","mlbam_release_speed_100_mph_threshold_v1",219,51,88.1698630136986,116.6,0.232876712328767,"2026-09-21","2026-09-22 14:25:48 UTC"
"642397","Gregory Soto","Pittsburgh Pirates",1106,1106,2,90.6176311030741,100.1,0.00180831826401447,"pitcher","mlbam_release_speed_100_mph_threshold_v1",162,29,85.2944444444445,115.7,0.179012345679012,"2026-09-21","2026-09-22 14:25:48 UTC"
"682989","Victor Mederos","Atlanta Braves",540,540,2,93.48,100.1,0.0037037037037037,"pitcher","mlbam_release_speed_100_mph_threshold_v1",92,18,87.4163043478261,110.1,0.195652173913043,"2026-09-21","2026-09-22 14:25:48 UTC"
"622554","Seranthony Domínguez","Seattle Mariners",1078,1078,1,92.3444341372913,100.6,0.000927643784786642,"pitcher","mlbam_release_speed_100_mph_threshold_v1",153,29,86.9830065359477,111.1,0.189542483660131,"2026-09-21","2026-09-22 14:25:48 UTC"
"669270","Joel Kuhnel","San Francisco Giants",708,708,1,92.9351694915254,100.5,0.00141242937853107,"pitcher","mlbam_release_speed_100_mph_threshold_v1",145,38,89.1737931034483,112.8,0.262068965517241,"2026-09-21","2026-09-22 14:25:48 UTC"
"670059","Colin Holderman","Cleveland Guardians",859,859,1,91.2472642607683,100.5,0.00116414435389988,"pitcher","mlbam_release_speed_100_mph_threshold_v1",141,37,87.1475177304965,111.8,0.26241134751773,"2026-09-21","2026-09-22 14:25:48 UTC"
"673540","Kodai Senga","New York Mets",1104,1104,1,89.926902173913,100.3,0.000905797101449275,"pitcher","mlbam_release_speed_100_mph_threshold_v1",162,38,88.9135802469136,109.6,0.234567901234568,"2026-09-21","2026-09-22 14:25:48 UTC"
"700363","AJ Smith-Shawver","Atlanta Braves",516,516,1,88.3408914728682,100.3,0.00193798449612403,"pitcher","mlbam_release_speed_100_mph_threshold_v1",90,20,87.5733333333333,112.1,0.222222222222222,"2026-09-21","2026-09-22 14:25:48 UTC"
"680742","Jonathan Bowlan","Philadelphia Phillies",959,959,1,93.210740354536,100.2,0.00104275286757039,"pitcher","mlbam_release_speed_100_mph_threshold_v1",136,25,86.6911764705882,108.9,0.183823529411765,"2026-09-21","2026-09-22 14:25:48 UTC"
"693313","Carson Seymour","San Francisco Giants",505,505,1,94.1469306930693,100.2,0.00198019801980198,"pitcher","mlbam_release_speed_100_mph_threshold_v1",94,26,87.163829787234,109.1,0.276595744680851,"2026-09-21","2026-09-22 14:25:48 UTC"
"693686","Spencer Miles","Toronto Blue Jays",1475,1475,1,91.0185084745763,100.2,0.000677966101694915,"pitcher","mlbam_release_speed_100_mph_threshold_v1",265,43,86.5781132075472,109,0.162264150943396,"2026-09-21","2026-09-22 14:25:48 UTC"
"519242","Chris Sale","Atlanta Braves",2477,2477,1,88.6994751715785,100.1,0.00040371417036738,"pitcher","mlbam_release_speed_100_mph_threshold_v1",392,82,87.6566326530612,113.2,0.209183673469388,"2026-09-21","2026-09-22 14:25:48 UTC"
"675848","Juan Mejia","Colorado Rockies",1260,1260,1,91.7757142857143,100.1,0.000793650793650794,"pitcher","mlbam_release_speed_100_mph_threshold_v1",202,52,88.0935643564356,112,0.257425742574257,"2026-09-21","2026-09-22 14:25:48 UTC"
"543037","Gerrit Cole","New York Yankees",1846,1818,1,92.0193069306931,100,0.00055005500550055,"pitcher","mlbam_release_speed_100_mph_threshold_v1",341,86,90.9140762463343,114.4,0.252199413489736,"2026-09-21","2026-09-22 14:25:48 UTC"
"666619","Gregory Santos","San Francisco Giants",86,86,1,92.8197674418605,100,0.0116279069767442,"pitcher","mlbam_release_speed_100_mph_threshold_v1",18,6,91.5888888888889,108.3,0.333333333333333,"2026-09-21","2026-09-22 14:25:48 UTC"
"686751","Seth Johnson","Athletics",513,513,1,92.9769980506823,100,0.00194931773879142,"pitcher","mlbam_release_speed_100_mph_threshold_v1",80,20,88.46375,110.1,0.25,"2026-09-21","2026-09-22 14:25:48 UTC"
"687377","Orlando Ribalta","Washington Nationals",750,750,1,91.2472,100,0.00133333333333333,"pitcher","mlbam_release_speed_100_mph_threshold_v1",118,16,84.2110169491525,111.3,0.135593220338983,"2026-09-21","2026-09-22 14:25:48 UTC"
"688158","David Morgan","San Diego Padres",551,551,1,92.1337568058076,100,0.00181488203266788,"pitcher","mlbam_release_speed_100_mph_threshold_v1",90,13,84.8733333333333,109.6,0.144444444444444,"2026-09-21","2026-09-22 14:25:48 UTC"
"701780","Tanner McDougal","Chicago White Sox",25,25,1,95.616,100,0.04,"pitcher","mlbam_release_speed_100_mph_threshold_v1",1,0,80.5,80.5,0,"2026-09-21","2026-09-22 14:25:48 UTC"
"669302","Logan Gilbert","Seattle Mariners",2841,2841,0,89.7067933826117,99.9,0,"pitcher","mlbam_release_speed_100_mph_threshold_v1",466,111,88.4321888412017,115.2,0.238197424892704,"2026-09-21","2026-09-22 14:25:48 UTC"
"672578","Carlos Hernández","Cleveland Guardians",51,51,0,93.078431372549,99.9,0,"pitcher","mlbam_release_speed_100_mph_threshold_v1",9,4,92.4111111111111,106,0.444444444444444,"2026-09-21","2026-09-22 14:25:48 UTC"
"683409","Angel Chivilli","New York Yankees",285,285,0,92.0494736842105,99.9,0,"pitcher","mlbam_release_speed_100_mph_threshold_v1",48,10,86.6666666666667,114.6,0.208333333333333,"2026-09-21","2026-09-22 14:25:48 UTC"
"665795","Edward Cabrera","Chicago Cubs",1328,1328,0,92.3131777108434,99.8,0,"pitcher","mlbam_release_speed_100_mph_threshold_v1",236,66,90.3351694915254,115.4,0.279661016949153,"2026-09-21","2026-09-22 14:25:48 UTC"
"669062","Erik Miller","Boston Red Sox",940,940,0,91.838829787234,99.8,0,"pitcher","mlbam_release_speed_100_mph_threshold_v1",105,17,81.6190476190476,113.7,0.161904761904762,"2026-09-21","2026-09-22 14:25:48 UTC"
"690925","Clayton Beeter","Washington Nationals",796,796,0,90.9349246231156,99.8,0,"pitcher","mlbam_release_speed_100_mph_threshold_v1",127,30,88.9543307086614,112.6,0.236220472440945,"2026-09-21","2026-09-22 14:25:48 UTC"
"656271","Brock Burke","Cincinnati Reds",1147,1147,0,91.5192676547515,99.7,0,"pitcher","mlbam_release_speed_100_mph_threshold_v1",182,35,87.2681318681319,110.8,0.192307692307692,"2026-09-21","2026-09-22 14:25:48 UTC"
"668674","Lucas Erceg","Kansas City Royals",850,850,0,92.4729411764706,99.7,0,"pitcher","mlbam_release_speed_100_mph_threshold_v1",148,38,85.8067567567568,114.2,0.256756756756757,"2026-09-21","2026-09-22 14:25:48 UTC"
"677952","Braxton Ashcraft","Pittsburgh Pirates",2413,2413,0,92.5394529631164,99.7,0,"pitcher","mlbam_release_speed_100_mph_threshold_v1",450,112,89.3131111111111,113.1,0.248888888888889,"2026-09-21","2026-09-22 14:25:48 UTC"
"686560","Gavin Collyer","Texas Rangers",446,446,0,92.15,99.7,0,"pitcher","mlbam_release_speed_100_mph_threshold_v1",58,11,86.6793103448276,107.6,0.189655172413793,"2026-09-21","2026-09-22 14:25:48 UTC"
"689147","Orion Kerkering","Philadelphia Phillies",1093,1093,0,92.4347666971638,99.7,0,"pitcher","mlbam_release_speed_100_mph_threshold_v1",162,30,85.3537037037037,111.4,0.185185185185185,"2026-09-21","2026-09-22 14:25:48 UTC"
"695611","Gage Jump","Athletics",1756,1756,0,91.1097380410023,99.7,0,"pitcher","mlbam_release_speed_100_mph_threshold_v1",278,72,88.9802158273381,113.6,0.258992805755396,"2026-09-21","2026-09-22 14:25:48 UTC"
"700270","Yilber Díaz","Detroit Tigers",146,146,0,91.7075342465753,99.7,0,"pitcher","mlbam_release_speed_100_mph_threshold_v1",23,7,91.7304347826087,107.7,0.304347826086957,"2026-09-21","2026-09-22 14:25:48 UTC"
"666200","Jesús Luzardo","Philadelphia Phillies",2860,2860,0,90.5618531468532,99.6,0,"pitcher","mlbam_release_speed_100_mph_threshold_v1",440,86,86.5104545454546,110.9,0.195454545454545,"2026-09-21","2026-09-22 14:25:48 UTC"
"669160","Dustin May","Milwaukee Brewers",2305,2305,0,92.5795661605206,99.6,0,"pitcher","mlbam_release_speed_100_mph_threshold_v1",401,93,89.2835411471322,114.8,0.231920199501247,"2026-09-21","2026-09-22 14:25:48 UTC"
"669358","Shane Baz","Baltimore Orioles",2911,2911,0,90.6141875644109,99.6,0,"pitcher","mlbam_release_speed_100_mph_threshold_v1",544,126,89.6904411764706,116.9,0.231617647058824,"2026-09-21","2026-09-22 14:25:48 UTC"
"676742","Cam Sanders","Baltimore Orioles",528,528,0,91.2901515151515,99.6,0,"pitcher","mlbam_release_speed_100_mph_threshold_v1",67,13,87.3791044776119,109.2,0.194029850746269,"2026-09-21","2026-09-22 14:25:48 UTC"
"676917","Cade Cavalli","Washington Nationals",2777,2777,0,91.6019805545553,99.6,0,"pitcher","mlbam_release_speed_100_mph_threshold_v1",439,111,88.9441913439636,117.2,0.252847380410023,"2026-09-21","2026-09-22 14:25:48 UTC"
"691725","Andrew Painter","Philadelphia Phillies",2033,2033,0,90.3930152484014,99.6,0,"pitcher","mlbam_release_speed_100_mph_threshold_v1",371,75,86.6800539083558,113,0.202156334231806,"2026-09-21","2026-09-22 14:25:48 UTC"
"805299","Brandyn Garcia","Arizona Diamondbacks",670,669,0,93.7088191330344,99.6,0,"pitcher","mlbam_release_speed_100_mph_threshold_v1",108,20,86.0805555555555,114.6,0.185185185185185,"2026-09-21","2026-09-22 14:25:48 UTC"
"820862","José Fermin","Los Angeles Angels",940,940,0,92.8347872340426,99.6,0,"pitcher","mlbam_release_speed_100_mph_threshold_v1",137,30,90.107299270073,112.9,0.218978102189781,"2026-09-21","2026-09-22 14:25:48 UTC"
"642528","Jonathan Loáisiga","Arizona Diamondbacks",922,922,0,94.5425162689805,99.5,0,"pitcher","mlbam_release_speed_100_mph_threshold_v1",189,31,84.1306878306878,112.3,0.164021164021164,"2026-09-21","2026-09-22 14:25:48 UTC"
"656546","Jeff Hoffman","Minnesota Twins",1187,1187,0,90.589300758214,99.5,0,"pitcher","mlbam_release_speed_100_mph_threshold_v1",150,27,88.0206666666667,108.7,0.18,"2026-09-21","2026-09-22 14:25:48 UTC"
"656945","Tanner Scott","Los Angeles Dodgers",933,933,0,92.9829581993569,99.5,0,"pitcher","mlbam_release_speed_100_mph_threshold_v1",150,31,87.6773333333333,113,0.206666666666667,"2026-09-21","2026-09-22 14:25:48 UTC"
"675512","Troy Melton","Detroit Tigers",1772,1772,0,91.6531038374718,99.5,0,"pitcher","mlbam_release_speed_100_mph_threshold_v1",332,68,88.4102409638554,111.9,0.204819277108434,"2026-09-21","2026-09-22 14:25:48 UTC"
"677955","Jaden Hill","Colorado Rockies",667,667,0,92.4052473763118,99.5,0,"pitcher","mlbam_release_speed_100_mph_threshold_v1",110,27,88.6636363636364,114.4,0.245454545454545,"2026-09-21","2026-09-22 14:25:48 UTC"
"680899","Erik Tolman","Washington Nationals",226,226,0,91.7685840707965,99.5,0,"pitcher","mlbam_release_speed_100_mph_threshold_v1",36,5,81.1916666666667,111.1,0.138888888888889,"2026-09-21","2026-09-22 14:25:48 UTC"
"694973","Paul Skenes","Pittsburgh Pirates",2794,2794,0,92.5163564781675,99.5,0,"pitcher","mlbam_release_speed_100_mph_threshold_v1",439,99,86.9630979498861,111.1,0.225512528473804,"2026-09-21","2026-09-22 14:25:48 UTC"
"695534","Chase Petty","Cincinnati Reds",477,477,0,91.2457023060797,99.5,0,"pitcher","mlbam_release_speed_100_mph_threshold_v1",110,26,88.5281818181818,112.6,0.236363636363636,"2026-09-21","2026-09-22 14:25:48 UTC"
"801139","Payton Tolle","Boston Red Sox",2191,2191,0,92.9402555910543,99.5,0,"pitcher","mlbam_release_speed_100_mph_threshold_v1",363,80,86.5355371900826,112.6,0.220385674931129,"2026-09-21","2026-09-22 14:25:48 UTC"
"663556","Shane McClanahan","Tampa Bay Rays",1830,1830,0,89.7814207650273,99.4,0,"pitcher","mlbam_release_speed_100_mph_threshold_v1",336,82,87.4627976190476,114.2,0.244047619047619,"2026-09-21","2026-09-22 14:25:48 UTC"
"669923","George Kirby","Seattle Mariners",2662,2662,0,91.9906085649887,99.4,0,"pitcher","mlbam_release_speed_100_mph_threshold_v1",526,126,89.212927756654,111.5,0.239543726235741,"2026-09-21","2026-09-22 14:25:48 UTC"
"671212","Joe Boyle","Tampa Bay Rays",347,347,0,92.400288184438,99.4,0,"pitcher","mlbam_release_speed_100_mph_threshold_v1",50,12,86.464,108.4,0.24,"2026-09-21","2026-09-22 14:25:48 UTC"
"672335","Cionel Pérez","New York Mets",726,726,0,91.1774104683196,99.4,0,"pitcher","mlbam_release_speed_100_mph_threshold_v1",125,43,90.884,114.7,0.344,"2026-09-21","2026-09-22 14:25:48 UTC"
"679883","Luinder Avila","Kansas City Royals",1293,1293,0,91.8382057231245,99.4,0,"pitcher","mlbam_release_speed_100_mph_threshold_v1",202,40,87.3564356435644,109.9,0.198019801980198,"2026-09-21","2026-09-22 14:25:48 UTC"
"683004","Jack Leiter","Texas Rangers",1397,1397,0,91.9413743736578,99.4,0,"pitcher","mlbam_release_speed_100_mph_threshold_v1",233,47,87.7781115879828,113,0.201716738197425,"2026-09-21","2026-09-22 14:25:48 UTC"
"689818","David Sandlin","Chicago White Sox",553,553,0,90.8227848101266,99.4,0,"pitcher","mlbam_release_speed_100_mph_threshold_v1",98,21,86.8928571428571,111.5,0.214285714285714,"2026-09-21","2026-09-22 14:25:48 UTC"
"806960","Luis Morales","Athletics",348,348,0,92.0841954022988,99.4,0,"pitcher","mlbam_release_speed_100_mph_threshold_v1",62,13,88.4967741935484,110.4,0.209677419354839,"2026-09-21","2026-09-22 14:25:48 UTC"
"623465","Evan Phillips","Los Angeles Dodgers",383,383,0,92.3864229765013,99.3,0,"pitcher","mlbam_release_speed_100_mph_threshold_v1",61,20,90.9934426229508,114.4,0.327868852459016,"2026-09-21","2026-09-22 14:25:48 UTC"
"642546","Jonathan Hernández","Los Angeles Dodgers",413,413,0,93.40799031477,99.3,0,"pitcher","mlbam_release_speed_100_mph_threshold_v1",73,17,88.3506849315068,112,0.232876712328767,"2026-09-21","2026-09-22 14:25:48 UTC"
"660825","Eduard Bazardo","Seattle Mariners",1073,1073,0,91.3789375582479,99.3,0,"pitcher","mlbam_release_speed_100_mph_threshold_v1",191,36,88.4083769633508,110.4,0.18848167539267,"2026-09-21","2026-09-22 14:25:48 UTC"
"670990","Yohan Ramírez","Pittsburgh Pirates",1370,1370,0,89.8494160583942,99.3,0,"pitcher","mlbam_release_speed_100_mph_threshold_v1",198,40,84.1742424242424,113.8,0.202020202020202,"2026-09-21","2026-09-22 14:25:48 UTC"
"677960","Ryan Weathers","New York Yankees",2279,2278,0,88.9063652326602,99.3,0,"pitcher","mlbam_release_speed_100_mph_threshold_v1",382,105,88.6253926701571,114.6,0.274869109947644,"2026-09-21","2026-09-22 14:25:48 UTC"
"680732","Sean Burke","Chicago White Sox",2789,2789,0,89.558479741843,99.3,0,"pitcher","mlbam_release_speed_100_mph_threshold_v1",445,96,89.105393258427,114,0.215730337078652,"2026-09-21","2026-09-22 14:25:48 UTC"
"682243","Bryce Miller","Seattle Mariners",1793,1793,0,90.5267150027886,99.3,0,"pitcher","mlbam_release_speed_100_mph_threshold_v1",306,56,86.7937908496732,111.5,0.183006535947712,"2026-09-21","2026-09-22 14:25:48 UTC"
"684049","Brandan Bidois","Pittsburgh Pirates",325,325,0,92.3,99.3,0,"pitcher","mlbam_release_speed_100_mph_threshold_v1",47,14,89.6297872340426,110.4,0.297872340425532,"2026-09-21","2026-09-22 14:25:48 UTC"
"685005","Christian Roa","Houston Astros",178,178,0,92.326404494382,99.3,0,"pitcher","mlbam_release_speed_100_mph_threshold_v1",27,10,91.7555555555556,111.7,0.37037037037037,"2026-09-21","2026-09-22 14:25:48 UTC"
"692064","José Rodríguez","Toronto Blue Jays",50,50,0,92.186,99.3,0,"pitcher","mlbam_release_speed_100_mph_threshold_v1",10,2,81.17,105.6,0.2,"2026-09-21","2026-09-22 14:25:48 UTC"
"693433","Bryan Woo","Seattle Mariners",2561,2561,0,92.7950409996095,99.3,0,"pitcher","mlbam_release_speed_100_mph_threshold_v1",473,108,89.284355179704,114.3,0.228329809725159,"2026-09-21","2026-09-22 14:25:48 UTC"
"694360","Beck Way","Kansas City Royals",389,389,0,93.0511568123393,99.3,0,"pitcher","mlbam_release_speed_100_mph_threshold_v1",73,22,90.2972602739726,111.6,0.301369863013699,"2026-09-21","2026-09-22 14:25:48 UTC"
"805123","AJ Blubaugh","Houston Astros",1591,1591,0,90.7678818353237,99.3,0,"pitcher","mlbam_release_speed_100_mph_threshold_v1",250,55,88.1588,111.8,0.22,"2026-09-21","2026-09-22 14:25:48 UTC"
"605441","Yacksel Ríos","Chicago Cubs",13,13,0,96.2923076923077,99.2,0,"pitcher","mlbam_release_speed_100_mph_threshold_v1",3,1,90.8333333333333,106.6,0.333333333333333,"2026-09-21","2026-09-22 14:25:48 UTC"
"621242","Edwin Díaz","Los Angeles Dodgers",351,351,0,93.3908831908832,99.2,0,"pitcher","mlbam_release_speed_100_mph_threshold_v1",49,16,91.9061224489796,111.2,0.326530612244898,"2026-09-21","2026-09-22 14:25:48 UTC"
"623211","Huascar Brazobán","Chicago White Sox",994,994,0,93.8938631790744,99.2,0,"pitcher","mlbam_release_speed_100_mph_threshold_v1",171,30,85.5356725146199,111.7,0.175438596491228,"2026-09-21","2026-09-22 14:25:48 UTC"
"641743","Anthony Kay","Chicago White Sox",2649,2649,0,90.0560211400528,99.2,0,"pitcher","mlbam_release_speed_100_mph_threshold_v1",466,112,87.230686695279,113.4,0.240343347639485,"2026-09-21","2026-09-22 14:25:48 UTC"
"666142","Cole Ragans","Kansas City Royals",639,639,0,90.183255086072,99.2,0,"pitcher","mlbam_release_speed_100_mph_threshold_v1",83,22,89.0843373493976,111.6,0.265060240963855,"2026-09-21","2026-09-22 14:25:48 UTC"
"669194","Ryne Nelson","Arizona Diamondbacks",1340,1340,0,92.9914925373134,99.2,0,"pitcher","mlbam_release_speed_100_mph_threshold_v1",271,76,90.5642066420664,112.4,0.280442804428044,"2026-09-21","2026-09-22 14:25:48 UTC"
"678394","Brayan Bello","Boston Red Sox",1848,1848,0,91.2466991341991,99.2,0,"pitcher","mlbam_release_speed_100_mph_threshold_v1",356,94,87.7935393258427,113.2,0.264044943820225,"2026-09-21","2026-09-22 14:25:48 UTC"
"680916","Franco Aleman","Cleveland Guardians",427,427,0,92.8152224824356,99.2,0,"pitcher","mlbam_release_speed_100_mph_threshold_v1",61,15,89.4344262295082,111.1,0.245901639344262,"2026-09-21","2026-09-22 14:25:48 UTC"
"686753","Drey Jameson","Arizona Diamondbacks",306,306,0,90.7777777777778,99.2,0,"pitcher","mlbam_release_speed_100_mph_threshold_v1",62,12,87.108064516129,108.2,0.193548387096774,"2026-09-21","2026-09-22 14:25:48 UTC"
"691946","George Klassen","Los Angeles Angels",491,491,0,92.562932790224,99.2,0,"pitcher","mlbam_release_speed_100_mph_threshold_v1",78,26,88.9846153846154,111.3,0.333333333333333,"2026-09-21","2026-09-22 14:25:48 UTC"
"697811","Dylan Ross","New York Mets",11,11,0,91.2818181818182,99.2,0,"pitcher","mlbam_release_speed_100_mph_threshold_v1",3,0,62.5666666666667,86.3,0,"2026-09-21","2026-09-22 14:25:48 UTC"
"641329","Bryan Baker","Tampa Bay Rays",946,946,0,91.1423890063425,99.1,0,"pitcher","mlbam_release_speed_100_mph_threshold_v1",151,33,86.0470198675497,112.1,0.218543046357616,"2026-09-21","2026-09-22 14:25:48 UTC"
"641745","Brad Keller","Philadelphia Phillies",533,533,0,92.7358348968105,99.1,0,"pitcher","mlbam_release_speed_100_mph_threshold_v1",87,12,85.5379310344828,108,0.137931034482759,"2026-09-21","2026-09-22 14:25:48 UTC"
"650556","Bryan Abreu","Houston Astros",1061,1061,0,91.2986804901037,99.1,0,"pitcher","mlbam_release_speed_100_mph_threshold_v1",134,30,88.9798507462687,112,0.223880597014925,"2026-09-21","2026-09-22 14:25:48 UTC"
"668873","Caleb Kilian","Philadelphia Phillies",786,786,0,91.8057251908397,99.1,0,"pitcher","mlbam_release_speed_100_mph_threshold_v1",128,27,85.5,109.6,0.2109375,"2026-09-21","2026-09-22 14:25:48 UTC"
"672629","Gerardo Carrillo","Arizona Diamondbacks",316,316,0,91.1553797468354,99.1,0,"pitcher","mlbam_release_speed_100_mph_threshold_v1",42,8,87.3690476190476,110.3,0.19047619047619,"2026-09-21","2026-09-22 14:25:48 UTC"
"680694","Kyle Bradish","Baltimore Orioles",2629,2629,0,90.7040699885888,99.1,0,"pitcher","mlbam_release_speed_100_mph_threshold_v1",448,107,88.0270089285714,114.2,0.238839285714286,"2026-09-21","2026-09-22 14:25:48 UTC"
"693312","Kyle Nicolas","Cincinnati Reds",198,198,0,92.4065656565657,99.1,0,"pitcher","mlbam_release_speed_100_mph_threshold_v1",20,3,87.145,110.4,0.15,"2026-09-21","2026-09-22 14:25:48 UTC"
"695378","Jack Sinclair","Washington Nationals",115,115,0,90.0582608695652,99.1,0,"pitcher","mlbam_release_speed_100_mph_threshold_v1",21,7,90.6190476190476,112.1,0.333333333333333,"2026-09-21","2026-09-22 14:25:48 UTC"
"622663","Luis Severino","Athletics",1086,1086,0,92.2783609576427,99,0,"pitcher","mlbam_release_speed_100_mph_threshold_v1",173,32,88.0872832369942,113.6,0.184971098265896,"2026-09-21","2026-09-22 14:25:48 UTC"
"623454","Drew Anderson","Detroit Tigers",1702,1702,0,89.9615158636898,99,0,"pitcher","mlbam_release_speed_100_mph_threshold_v1",273,58,88.8622710622711,115.3,0.212454212454212,"2026-09-21","2026-09-22 14:25:48 UTC"
"642547","Freddy Peralta","Tampa Bay Rays",2866,2866,0,89.4146196789951,99,0,"pitcher","mlbam_release_speed_100_mph_threshold_v1",488,97,86.8696721311475,114.7,0.198770491803279,"2026-09-21","2026-09-22 14:25:48 UTC"
"664076","Garrett Cleavinger","Tampa Bay Rays",734,734,0,90.1291553133515,99,0,"pitcher","mlbam_release_speed_100_mph_threshold_v1",103,23,85.3582524271845,111.9,0.223300970873786,"2026-09-21","2026-09-22 14:25:48 UTC"
"664126","Pete Fairbanks","Miami Marlins",765,765,0,91.8315032679739,99,0,"pitcher","mlbam_release_speed_100_mph_threshold_v1",101,28,90.2633663366337,115.2,0.277227722772277,"2026-09-21","2026-09-22 14:25:48 UTC"
"669165","Kyle Hurt","Los Angeles Dodgers",718,718,0,93.0240947075209,99,0,"pitcher","mlbam_release_speed_100_mph_threshold_v1",111,27,89.2288288288288,112.8,0.243243243243243,"2026-09-21","2026-09-22 14:25:48 UTC"
"669622","Anthony Bender","Miami Marlins",539,539,0,88.2977736549165,99,0,"pitcher","mlbam_release_speed_100_mph_threshold_v1",84,16,88.4369047619048,109.8,0.19047619047619,"2026-09-21","2026-09-22 14:25:48 UTC"
"676775","Keaton Winn","San Francisco Giants",644,644,0,92.2409937888199,99,0,"pitcher","mlbam_release_speed_100_mph_threshold_v1",122,26,86.3508196721312,110.6,0.213114754098361,"2026-09-21","2026-09-22 14:25:48 UTC"
"678868","Eddy Yean","Washington Nationals",168,168,0,93.7565476190476,99,0,"pitcher","mlbam_release_speed_100_mph_threshold_v1",35,7,89.3057142857143,103.3,0.2,"2026-09-21","2026-09-22 14:25:48 UTC"
"680570","Grayson Rodriguez","Los Angeles Angels",1667,1667,0,89.8052789442112,99,0,"pitcher","mlbam_release_speed_100_mph_threshold_v1",293,86,90.2481228668942,113.7,0.293515358361775,"2026-09-21","2026-09-22 14:25:48 UTC"
"689296","Anthony Nunez","Baltimore Orioles",965,965,0,90.7468393782383,99,0,"pitcher","mlbam_release_speed_100_mph_threshold_v1",149,33,86.6530201342282,110.7,0.221476510067114,"2026-09-21","2026-09-22 14:25:48 UTC"
"693308","Nick Frasso","Colorado Rockies",353,353,0,90.8835694050992,99,0,"pitcher","mlbam_release_speed_100_mph_threshold_v1",59,13,89.7661016949152,113.8,0.220338983050847,"2026-09-21","2026-09-22 14:25:48 UTC"
"694335","Matt Svanson","St. Louis Cardinals",788,788,0,92.2290609137056,99,0,"pitcher","mlbam_release_speed_100_mph_threshold_v1",143,41,90.3230769230769,110,0.286713286713287,"2026-09-21","2026-09-22 14:25:48 UTC"
"643377","Griffin Jax","Tampa Bay Rays",1676,1672,0,91.4805023923445,98.9,0,"pitcher","mlbam_release_speed_100_mph_threshold_v1",296,70,87.6868243243243,110.2,0.236486486486486,"2026-09-21","2026-09-22 14:25:48 UTC"
"666277","George Soriano","St. Louis Cardinals",1144,1136,0,91.656073943662,98.9,0,"pitcher","mlbam_release_speed_100_mph_threshold_v1",184,46,89.0896739130435,113.4,0.25,"2026-09-21","2026-09-22 14:25:48 UTC"
"669684","Chris Murphy","Chicago White Sox",614,614,0,88.4485342019544,98.9,0,"pitcher","mlbam_release_speed_100_mph_threshold_v1",95,17,86.5168421052632,110.1,0.178947368421053,"2026-09-21","2026-09-22 14:25:48 UTC"
"671382","Cameron Foster","Baltimore Orioles",189,189,0,92.2375661375661,98.9,0,"pitcher","mlbam_release_speed_100_mph_threshold_v1",31,7,86.9870967741935,106.5,0.225806451612903,"2026-09-21","2026-09-22 14:25:48 UTC"
"683000","Riley Cornelio","Washington Nationals",594,594,0,89.9646464646465,98.9,0,"pitcher","mlbam_release_speed_100_mph_threshold_v1",83,14,86.5481927710843,108.6,0.168674698795181,"2026-09-21","2026-09-22 14:25:48 UTC"
"686580","Justin Slaten","Boston Red Sox",508,508,0,93.2476377952756,98.9,0,"pitcher","mlbam_release_speed_100_mph_threshold_v1",89,19,86.9662921348315,109.4,0.213483146067416,"2026-09-21","2026-09-22 14:25:48 UTC"
"686799","Jack Kochanowicz","Los Angeles Angels",1106,1106,0,92.8249547920434,98.9,0,"pitcher","mlbam_release_speed_100_mph_threshold_v1",204,60,88.9112745098039,111.4,0.294117647058824,"2026-09-21","2026-09-22 14:25:48 UTC"
"640451","Hunter Harvey","Chicago Cubs",76,76,0,92.3,98.8,0,"pitcher","mlbam_release_speed_100_mph_threshold_v1",13,3,93.1769230769231,109,0.230769230769231,"2026-09-21","2026-09-22 14:25:48 UTC"
"642759","Julian Fernández","Washington Nationals",71,71,0,92.5492957746479,98.8,0,"pitcher","mlbam_release_speed_100_mph_threshold_v1",13,3,86.9,104.5,0.230769230769231,"2026-09-21","2026-09-22 14:25:48 UTC"
"673380","Dedniel Núñez","New York Mets",193,193,0,92.9528497409326,98.8,0,"pitcher","mlbam_release_speed_100_mph_threshold_v1",51,11,90.3980392156863,108.5,0.215686274509804,"2026-09-21","2026-09-22 14:25:48 UTC"
"676106","Emerson Hancock","Seattle Mariners",2171,2171,0,89.9545831414095,98.8,0,"pitcher","mlbam_release_speed_100_mph_threshold_v1",399,107,89.5416040100251,114.7,0.268170426065163,"2026-09-21","2026-09-22 14:25:48 UTC"
"681544","Wyatt Olds","Boston Red Sox",266,266,0,92.568045112782,98.8,0,"pitcher","mlbam_release_speed_100_mph_threshold_v1",36,8,90.4055555555556,106.3,0.222222222222222,"2026-09-21","2026-09-22 14:25:48 UTC"
"685801","Hunter Bigge","Tampa Bay Rays",319,319,0,92.4896551724138,98.8,0,"pitcher","mlbam_release_speed_100_mph_threshold_v1",57,12,89.5947368421053,109.8,0.210526315789474,"2026-09-21","2026-09-22 14:25:48 UTC"
"670871","Guillo Zuñiga","New York Mets",18,18,0,93.8388888888889,98.7,0,"pitcher","mlbam_release_speed_100_mph_threshold_v1",2,0,59.85,81.4,0,"2026-09-21","2026-09-22 14:25:48 UTC"
"672841","Carlos Vargas","Seattle Mariners",228,228,0,93.1657894736842,98.7,0,"pitcher","mlbam_release_speed_100_mph_threshold_v1",45,9,87.0177777777778,116.3,0.2,"2026-09-21","2026-09-22 14:25:48 UTC"
"676272","Bobby Miller","Los Angeles Dodgers",100,100,0,89.116,98.7,0,"pitcher","mlbam_release_speed_100_mph_threshold_v1",16,7,92.5375,106.7,0.4375,"2026-09-21","2026-09-22 14:25:48 UTC"
"680736","Justin Wrobleski","Los Angeles Dodgers",2066,2066,0,90.5025653436592,98.7,0,"pitcher","mlbam_release_speed_100_mph_threshold_v1",411,101,89.1990267639903,111.5,0.245742092457421,"2026-09-21","2026-09-22 14:25:48 UTC"
"686613","Hunter Brown","Houston Astros",1781,1781,0,92.3705783267827,98.7,0,"pitcher","mlbam_release_speed_100_mph_threshold_v1",252,37,85.7876984126984,112,0.146825396825397,"2026-09-21","2026-09-22 14:25:48 UTC"
"690997","Nolan McLean","New York Mets",2832,2832,0,91.1644774011299,98.7,0,"pitcher","mlbam_release_speed_100_mph_threshold_v1",446,92,87.1784753363229,112.8,0.20627802690583,"2026-09-21","2026-09-22 14:25:48 UTC"
"579328","Yusei Kikuchi","Los Angeles Angels",1024,1024,0,90.0451171875,98.6,0,"pitcher","mlbam_release_speed_100_mph_threshold_v1",172,57,90.9238372093023,116.2,0.331395348837209,"2026-09-21","2026-09-22 14:25:48 UTC"
"621074","Michael Rucker","Seattle Mariners",686,686,0,90.3762390670554,98.6,0,"pitcher","mlbam_release_speed_100_mph_threshold_v1",110,26,87.8336363636364,111.3,0.236363636363636,"2026-09-21","2026-09-22 14:25:48 UTC"
"642100","Gabe Speier","Seattle Mariners",674,674,0,92.2992581602374,98.6,0,"pitcher","mlbam_release_speed_100_mph_threshold_v1",119,27,87.3025210084034,112,0.226890756302521,"2026-09-21","2026-09-22 14:25:48 UTC"
"647315","Zach Pop","Philadelphia Phillies",130,130,0,93.5653846153846,98.6,0,"pitcher","mlbam_release_speed_100_mph_threshold_v1",21,5,93.3095238095238,108.3,0.238095238095238,"2026-09-21","2026-09-22 14:25:48 UTC"
"663432","Tanner Rainey","Detroit Tigers",127,127,0,91.8535433070866,98.6,0,"pitcher","mlbam_release_speed_100_mph_threshold_v1",16,1,84.89375,104.1,0.0625,"2026-09-21","2026-09-22 14:25:48 UTC"
"668820","Max Kranick","Washington Nationals",340,340,0,88.9352941176471,98.6,0,"pitcher","mlbam_release_speed_100_mph_threshold_v1",69,14,86.5521739130435,107,0.202898550724638,"2026-09-21","2026-09-22 14:25:48 UTC"
"672782","Yoendrys Gómez","Minnesota Twins",1119,1090,0,92.2018348623853,98.6,0,"pitcher","mlbam_release_speed_100_mph_threshold_v1",178,36,87.7202247191011,114.7,0.202247191011236,"2026-09-21","2026-09-22 14:25:48 UTC"
"676962","Ben Brown","Chicago Cubs",1004,1004,0,92.5028884462151,98.6,0,"pitcher","mlbam_release_speed_100_mph_threshold_v1",177,37,89.7197740112994,113.1,0.209039548022599,"2026-09-21","2026-09-22 14:25:48 UTC"
"677961","Cole Wilcox","Seattle Mariners",484,484,0,91.2561983471074,98.6,0,"pitcher","mlbam_release_speed_100_mph_threshold_v1",75,22,91.0893333333333,114.7,0.293333333333333,"2026-09-21","2026-09-22 14:25:48 UTC"
"678022","Jack Perkins","Athletics",2007,1972,0,91.0795638945233,98.6,0,"pitcher","mlbam_release_speed_100_mph_threshold_v1",326,70,88.0079754601227,111.2,0.214723926380368,"2026-09-21","2026-09-22 14:25:48 UTC"
"688297","Chris Roycroft","Athletics",633,633,0,93.9988941548183,98.6,0,"pitcher","mlbam_release_speed_100_mph_threshold_v1",128,36,89.0203125,110.3,0.28125,"2026-09-21","2026-09-22 14:25:48 UTC"
"692437","Winston Santos","Texas Rangers",33,33,0,92.4787878787879,98.6,0,"pitcher","mlbam_release_speed_100_mph_threshold_v1",7,1,82.5857142857143,101.9,0.142857142857143,"2026-09-21","2026-09-22 14:25:48 UTC"
"694918","Blade Tidwell","San Francisco Giants",956,956,0,89.1399581589958,98.6,0,"pitcher","mlbam_release_speed_100_mph_threshold_v1",162,36,88.3932098765432,118.5,0.222222222222222,"2026-09-21","2026-09-22 14:25:48 UTC"
"592779","Brock Stewart","Los Angeles Dodgers",355,355,0,91.3681690140845,98.5,0,"pitcher","mlbam_release_speed_100_mph_threshold_v1",62,8,81.4564516129032,108.6,0.129032258064516,"2026-09-21","2026-09-22 14:25:48 UTC"
"608331","Max Fried","New York Yankees",1599,1599,0,87.9671669793621,98.5,0,"pitcher","mlbam_release_speed_100_mph_threshold_v1",273,46,85.0989010989011,111.6,0.168498168498169,"2026-09-21","2026-09-22 14:25:48 UTC"
"622491","Luis Castillo","Chicago White Sox",2347,2347,0,91.6890924584576,98.5,0,"pitcher","mlbam_release_speed_100_mph_threshold_v1",421,106,88.9809976247031,112.3,0.251781472684086,"2026-09-21","2026-09-22 14:25:48 UTC"
"640448","Kyle Finnegan","Detroit Tigers",1062,1062,0,91.5443502824859,98.5,0,"pitcher","mlbam_release_speed_100_mph_threshold_v1",188,54,89.2196808510638,112.7,0.287234042553192,"2026-09-21","2026-09-22 14:25:48 UTC"
"666374","Matt Brash","Seattle Mariners",260,260,0,90.1334615384615,98.5,0,"pitcher","mlbam_release_speed_100_mph_threshold_v1",40,10,87.5075,111.3,0.25,"2026-09-21","2026-09-22 14:25:48 UTC"
"670280","David Bednar","New York Yankees",1099,1099,0,90.4010919017288,98.5,0,"pitcher","mlbam_release_speed_100_mph_threshold_v1",174,31,86.0114942528736,111.5,0.17816091954023,"2026-09-21","2026-09-22 14:25:48 UTC"
"676534","Calvin Faucher","Miami Marlins",1116,1116,0,91.535394265233,98.5,0,"pitcher","mlbam_release_speed_100_mph_threshold_v1",172,45,87.6023255813953,111.4,0.261627906976744,"2026-09-21","2026-09-22 14:25:48 UTC"
"694477","Chad Patrick","Milwaukee Brewers",1692,1692,0,92.363061465721,98.5,0,"pitcher","mlbam_release_speed_100_mph_threshold_v1",288,63,87.1284722222222,117.4,0.21875,"2026-09-21","2026-09-22 14:25:48 UTC"
"695684","Elmer Rodríguez","New York Yankees",497,497,0,90.5981891348088,98.5,0,"pitcher","mlbam_release_speed_100_mph_threshold_v1",83,21,86.8084337349398,107.5,0.253012048192771,"2026-09-21","2026-09-22 14:25:48 UTC"
"699823","Tyler Davis","Chicago White Sox",470,470,0,92.8627659574468,98.5,0,"pitcher","mlbam_release_speed_100_mph_threshold_v1",81,18,90.0037037037037,108.7,0.222222222222222,"2026-09-21","2026-09-22 14:25:48 UTC"
"804636","Jonah Tong","New York Mets",452,452,0,90.8055309734513,98.5,0,"pitcher","mlbam_release_speed_100_mph_threshold_v1",74,14,87.4891891891892,108.7,0.189189189189189,"2026-09-21","2026-09-22 14:25:48 UTC"
"661563","Luis Gil","New York Yankees",455,455,0,92.2738461538462,98.4,0,"pitcher","mlbam_release_speed_100_mph_threshold_v1",79,21,91.346835443038,114.3,0.265822784810127,"2026-09-21","2026-09-22 14:25:48 UTC"
"664991","Grant Wolfram","Baltimore Orioles",891,891,0,92.200785634119,98.4,0,"pitcher","mlbam_release_speed_100_mph_threshold_v1",142,32,85.9169014084507,109.4,0.225352112676056,"2026-09-21","2026-09-22 14:25:48 UTC"
"671345","Jason Foley","San Francisco Giants",412,412,0,92.2177184466019,98.4,0,"pitcher","mlbam_release_speed_100_mph_threshold_v1",85,20,86.8317647058823,112.1,0.235294117647059,"2026-09-21","2026-09-22 14:25:48 UTC"
"687239","Ben Peoples","Texas Rangers",282,282,0,92.5517730496454,98.4,0,"pitcher","mlbam_release_speed_100_mph_threshold_v1",49,7,84.9142857142857,107.9,0.142857142857143,"2026-09-21","2026-09-22 14:25:48 UTC"
"687531","William Kempner","Miami Marlins",199,199,0,90.9592964824121,98.4,0,"pitcher","mlbam_release_speed_100_mph_threshold_v1",30,3,85.8466666666667,106.1,0.1,"2026-09-21","2026-09-22 14:25:48 UTC"
"687570","Connor Prielipp","Minnesota Twins",1990,1990,0,90.05,98.4,0,"pitcher","mlbam_release_speed_100_mph_threshold_v1",337,80,89.4154302670623,110.5,0.237388724035608,"2026-09-21","2026-09-22 14:25:48 UTC"
"696070","Kendry Rojas","Minnesota Twins",521,521,0,92.8886756238004,98.4,0,"pitcher","mlbam_release_speed_100_mph_threshold_v1",73,14,83.7657534246575,107.3,0.191780821917808,"2026-09-21","2026-09-22 14:25:48 UTC"
"702273","Noah Schultz","Chicago White Sox",1197,1197,0,90.8766917293233,98.4,0,"pitcher","mlbam_release_speed_100_mph_threshold_v1",201,51,87.3960199004975,110.7,0.253731343283582,"2026-09-21","2026-09-22 14:25:48 UTC"
"543238","Anthony Gose","Kansas City Royals",141,141,0,91.6191489361702,98.3,0,"pitcher","mlbam_release_speed_100_mph_threshold_v1",32,3,83.65625,108.6,0.09375,"2026-09-21","2026-09-22 14:25:48 UTC"
"593974","Wandy Peralta","San Diego Padres",1175,1175,0,92.8543829787234,98.3,0,"pitcher","mlbam_release_speed_100_mph_threshold_v1",234,43,86.4910256410256,111,0.183760683760684,"2026-09-21","2026-09-22 14:25:48 UTC"
"607192","Tyler Glasnow","Los Angeles Dodgers",1058,1058,0,90.8323251417769,98.3,0,"pitcher","mlbam_release_speed_100_mph_threshold_v1",153,38,90.0202614379085,108.8,0.248366013071895,"2026-09-21","2026-09-22 14:25:48 UTC"
"607455","Anthony Banda","Minnesota Twins",608,608,0,90.021052631579,98.3,0,"pitcher","mlbam_release_speed_100_mph_threshold_v1",99,20,88.4272727272727,116.2,0.202020202020202,"2026-09-21","2026-09-22 14:25:48 UTC"
"663372","Ryan Feltner","Colorado Rockies",1985,1985,0,89.388161209068,98.3,0,"pitcher","mlbam_release_speed_100_mph_threshold_v1",389,82,86.8344473007712,111,0.210796915167095,"2026-09-21","2026-09-22 14:25:48 UTC"
"663767","Chase Shugart","Philadelphia Phillies",827,827,0,90.9018137847642,98.3,0,"pitcher","mlbam_release_speed_100_mph_threshold_v1",134,26,87.3141791044776,108.4,0.194029850746269,"2026-09-21","2026-09-22 14:25:48 UTC"
"664875","Justin Lawrence","Washington Nationals",684,684,0,89.6754385964912,98.3,0,"pitcher","mlbam_release_speed_100_mph_threshold_v1",100,28,89.315,116.6,0.28,"2026-09-21","2026-09-22 14:25:48 UTC"
"676979","Garrett Crochet","Boston Red Sox",518,518,0,92.2971042471042,98.3,0,"pitcher","mlbam_release_speed_100_mph_threshold_v1",84,22,89.0095238095238,112.8,0.261904761904762,"2026-09-21","2026-09-22 14:25:48 UTC"
"681035","Christian Scott","New York Mets",1964,1964,0,89.9460794297352,98.3,0,"pitcher","mlbam_release_speed_100_mph_threshold_v1",284,47,86.0419014084507,112.8,0.165492957746479,"2026-09-21","2026-09-22 14:25:48 UTC"
"687473","Ryan Gusto","Miami Marlins",1353,1353,0,88.6164079822616,98.3,0,"pitcher","mlbam_release_speed_100_mph_threshold_v1",269,65,89.8189591078067,111.5,0.241635687732342,"2026-09-21","2026-09-22 14:25:48 UTC"
"808967","Yoshinobu Yamamoto","Los Angeles Dodgers",2646,2646,0,91.0591080876795,98.3,0,"pitcher","mlbam_release_speed_100_mph_threshold_v1",456,99,87.0673245614035,114.2,0.217105263157895,"2026-09-21","2026-09-22 14:25:48 UTC"
"837227","Tatsuya Imai","Houston Astros",1441,1441,0,90.4687716863289,98.3,0,"pitcher","mlbam_release_speed_100_mph_threshold_v1",184,46,88.1766304347826,112.6,0.25,"2026-09-21","2026-09-22 14:25:48 UTC"
"476594","Robert Stock","New York Mets",560,560,0,90.595,98.2,0,"pitcher","mlbam_release_speed_100_mph_threshold_v1",99,22,87.3959595959596,110.3,0.222222222222222,"2026-09-21","2026-09-22 14:25:48 UTC"
"656529","Sam Hentges","San Francisco Giants",644,644,0,90.3886645962733,98.2,0,"pitcher","mlbam_release_speed_100_mph_threshold_v1",97,12,86.1061855670103,109.9,0.123711340206186,"2026-09-21","2026-09-22 14:25:48 UTC"
"656638","Alex Lange","Kansas City Royals",1076,1076,0,91.6739776951673,98.2,0,"pitcher","mlbam_release_speed_100_mph_threshold_v1",167,43,90.2562874251497,114.7,0.25748502994012,"2026-09-21","2026-09-22 14:25:48 UTC"
"656876","Drew Rasmussen","Tampa Bay Rays",2545,2545,0,92.3790569744597,98.2,0,"pitcher","mlbam_release_speed_100_mph_threshold_v1",446,102,87.7354260089686,111.9,0.228699551569507,"2026-09-21","2026-09-22 14:25:48 UTC"
"663969","Tyler Phillips","Miami Marlins",1964,1964,0,88.6392566191446,98.2,0,"pitcher","mlbam_release_speed_100_mph_threshold_v1",365,85,88.9282191780822,112.9,0.232876712328767,"2026-09-21","2026-09-22 14:25:48 UTC"
"676684","Will Vest","Detroit Tigers",484,484,0,92.6950413223141,98.2,0,"pitcher","mlbam_release_speed_100_mph_threshold_v1",76,16,88.3,112.6,0.210526315789474,"2026-09-21","2026-09-22 14:25:48 UTC"
"677161","Zack Kelly","Boston Red Sox",283,283,0,90.0515901060071,98.2,0,"pitcher","mlbam_release_speed_100_mph_threshold_v1",48,11,87.2208333333333,111.6,0.229166666666667,"2026-09-21","2026-09-22 14:25:48 UTC"
"677944","Slade Cecconi","Cleveland Guardians",1997,1997,0,88.3753129694542,98.2,0,"pitcher","mlbam_release_speed_100_mph_threshold_v1",383,96,88.7240208877285,112.5,0.25065274151436,"2026-09-21","2026-09-22 14:25:48 UTC"
"681217","Chase Silseth","Texas Rangers",1054,1054,0,91.8794117647059,98.2,0,"pitcher","mlbam_release_speed_100_mph_threshold_v1",153,37,85.8457516339869,107.2,0.241830065359477,"2026-09-21","2026-09-22 14:25:48 UTC"
"682120","Tim Herrin","Cleveland Guardians",930,930,0,88.2406451612903,98.2,0,"pitcher","mlbam_release_speed_100_mph_threshold_v1",145,35,87.1813793103448,110.5,0.241379310344828,"2026-09-21","2026-09-22 14:25:48 UTC"
"684516","Hancel Rincon","St. Louis Cardinals",43,43,0,90.7883720930233,98.2,0,"pitcher","mlbam_release_speed_100_mph_threshold_v1",8,2,87.5375,103.7,0.25,"2026-09-21","2026-09-22 14:25:48 UTC"
"805673","Zebby Matthews","Minnesota Twins",2117,2117,0,90.021681624941,98.2,0,"pitcher","mlbam_release_speed_100_mph_threshold_v1",385,102,90.4984415584416,112.8,0.264935064935065,"2026-09-21","2026-09-22 14:25:48 UTC"
"605483","Blake Snell","Los Angeles Dodgers",664,664,0,89.4960843373494,98.1,0,"pitcher","mlbam_release_speed_100_mph_threshold_v1",88,9,81.7647727272727,110.8,0.102272727272727,"2026-09-21","2026-09-22 14:25:48 UTC"
"628452","Raisel Iglesias","Atlanta Braves",888,888,0,91.3559684684685,98.1,0,"pitcher","mlbam_release_speed_100_mph_threshold_v1",152,31,87.9671052631579,111.8,0.203947368421053,"2026-09-21","2026-09-22 14:25:48 UTC"
"642585","Félix Bautista","Baltimore Orioles",19,19,0,92.021052631579,98.1,0,"pitcher","mlbam_release_speed_100_mph_threshold_v1",2,1,101.5,105.7,0.5,"2026-09-21","2026-09-22 14:25:48 UTC"
"656464","Kevin Ginkel","Arizona Diamondbacks",1047,1047,0,90.898376313276,98.1,0,"pitcher","mlbam_release_speed_100_mph_threshold_v1",178,41,88.1095505617977,114.7,0.230337078651685,"2026-09-21","2026-09-22 14:25:48 UTC"
"656641","Jacob Latz","Texas Rangers",1091,1091,0,90.4308890925756,98.1,0,"pitcher","mlbam_release_speed_100_mph_threshold_v1",160,30,87.724375,108.5,0.1875,"2026-09-21","2026-09-22 14:25:48 UTC"
"656794","Sean Newcomb","Chicago White Sox",1408,1408,0,89.9932528409091,98.1,0,"pitcher","mlbam_release_speed_100_mph_threshold_v1",238,54,86.8743697478992,111,0.226890756302521,"2026-09-21","2026-09-22 14:25:48 UTC"
"669084","DL Hall","Milwaukee Brewers",934,934,0,89.8450749464668,98.1,0,"pitcher","mlbam_release_speed_100_mph_threshold_v1",130,25,86.9192307692308,109.8,0.192307692307692,"2026-09-21","2026-09-22 14:25:48 UTC"
"676508","Ben Casparius","Los Angeles Dodgers",99,99,0,90.5686868686869,98.1,0,"pitcher","mlbam_release_speed_100_mph_threshold_v1",15,3,88.7733333333333,104.4,0.2,"2026-09-21","2026-09-22 14:25:48 UTC"
"689981","River Ryan","Detroit Tigers",43,43,0,91.7790697674419,98.1,0,"pitcher","mlbam_release_speed_100_mph_threshold_v1",8,2,91.1,109.3,0.25,"2026-09-21","2026-09-22 14:25:48 UTC"
"700669","Gordon Graceffo","St. Louis Cardinals",1178,1178,0,90.8634125636672,98.1,0,"pitcher","mlbam_release_speed_100_mph_threshold_v1",216,50,90.1194444444444,114.6,0.231481481481481,"2026-09-21","2026-09-22 14:25:48 UTC"
"472610","Luis García","Minnesota Twins",265,265,0,90.0456603773585,98,0,"pitcher","mlbam_release_speed_100_mph_threshold_v1",58,15,87.3327586206897,109.2,0.258620689655172,"2026-09-21","2026-09-22 14:25:48 UTC"
"592155","Cam Booser","Tampa Bay Rays",537,537,0,90.9931098696462,98,0,"pitcher","mlbam_release_speed_100_mph_threshold_v1",94,22,87.7574468085106,110.2,0.234042553191489,"2026-09-21","2026-09-22 14:25:48 UTC"
"605288","Adrian Houser","San Francisco Giants",1730,1730,0,92.0657803468208,98,0,"pitcher","mlbam_release_speed_100_mph_threshold_v1",356,102,88.7676966292135,112.8,0.286516853932584,"2026-09-21","2026-09-22 14:25:48 UTC"
"628708","Yunior Marte","Cincinnati Reds",21,21,0,91.3571428571429,98,0,"pitcher","mlbam_release_speed_100_mph_threshold_v1",3,0,87.0666666666667,98.4,0,"2026-09-21","2026-09-22 14:25:48 UTC"
"669093","Jeremiah Estrada","San Diego Padres",512,512,0,90.4951171875,98,0,"pitcher","mlbam_release_speed_100_mph_threshold_v1",72,10,83.3138888888889,104.9,0.138888888888889,"2026-09-21","2026-09-22 14:25:48 UTC"
"675911","Spencer Strider","Atlanta Braves",691,691,0,88.5829232995658,98,0,"pitcher","mlbam_release_speed_100_mph_threshold_v1",98,18,88.5204081632653,111.5,0.183673469387755,"2026-09-21","2026-09-22 14:25:48 UTC"
"681916","Dylan Smith","San Francisco Giants",660,660,0,91.9462121212121,98,0,"pitcher","mlbam_release_speed_100_mph_threshold_v1",102,29,87.771568627451,112.9,0.284313725490196,"2026-09-21","2026-09-22 14:25:48 UTC"
"687064","Brandon Young","Baltimore Orioles",2448,2448,0,88.6698937908497,98,0,"pitcher","mlbam_release_speed_100_mph_threshold_v1",456,107,88.7822368421053,114,0.234649122807018,"2026-09-21","2026-09-22 14:25:48 UTC"
"687941","Alec Gamboa","Boston Red Sox",397,397,0,92.5153652392947,98,0,"pitcher","mlbam_release_speed_100_mph_threshold_v1",83,21,88.8746987951807,110.3,0.253012048192771,"2026-09-21","2026-09-22 14:25:48 UTC"
"694753","Khristian Curtis","Pittsburgh Pirates",278,278,0,90.5312949640288,98,0,"pitcher","mlbam_release_speed_100_mph_threshold_v1",49,9,85.1428571428571,107.4,0.183673469387755,"2026-09-21","2026-09-22 14:25:48 UTC"
"543135","Nathan Eovaldi","Texas Rangers",2120,2120,0,87.2507547169811,97.9,0,"pitcher","mlbam_release_speed_100_mph_threshold_v1",404,100,88.520297029703,115.9,0.247524752475248,"2026-09-21","2026-09-22 14:25:48 UTC"
"572955","Pierce Johnson","Cincinnati Reds",803,803,0,89.8996264009963,97.9,0,"pitcher","mlbam_release_speed_100_mph_threshold_v1",143,31,89.751048951049,110.2,0.216783216783217,"2026-09-21","2026-09-22 14:25:48 UTC"
"596133","Luke Weaver","Pittsburgh Pirates",869,869,0,92.1470655926352,97.9,0,"pitcher","mlbam_release_speed_100_mph_threshold_v1",152,26,87.3401315789474,112,0.171052631578947,"2026-09-21","2026-09-22 14:25:48 UTC"
"608566","Germán Márquez","San Diego Padres",918,918,0,90.4734204793028,97.9,0,"pitcher","mlbam_release_speed_100_mph_threshold_v1",173,44,88.3803468208093,113.5,0.254335260115607,"2026-09-21","2026-09-22 14:25:48 UTC"
"663687","Hogan Harris","Athletics",1274,1274,0,88.3587912087912,97.9,0,"pitcher","mlbam_release_speed_100_mph_threshold_v1",168,27,86.7059523809524,110.5,0.160714285714286,"2026-09-21","2026-09-22 14:25:48 UTC"
"669022","MacKenzie Gore","Texas Rangers",2860,2860,0,90.2736713286713,97.9,0,"pitcher","mlbam_release_speed_100_mph_threshold_v1",471,118,88.1855626326964,115.7,0.250530785562633,"2026-09-21","2026-09-22 14:25:48 UTC"
"669467","Andre Pallante","St. Louis Cardinals",2462,2462,0,90.0149878147847,97.9,0,"pitcher","mlbam_release_speed_100_mph_threshold_v1",468,89,86.7232905982906,117.8,0.19017094017094,"2026-09-21","2026-09-22 14:25:48 UTC"
"683627","Anthony Molina","San Francisco Giants",457,457,0,90.9899343544858,97.9,0,"pitcher","mlbam_release_speed_100_mph_threshold_v1",83,14,86.466265060241,109.1,0.168674698795181,"2026-09-21","2026-09-22 14:25:48 UTC"
"684665","Luke Murphy","Los Angeles Angels",329,329,0,92.6887537993921,97.9,0,"pitcher","mlbam_release_speed_100_mph_threshold_v1",47,13,88.3425531914894,109.9,0.276595744680851,"2026-09-21","2026-09-22 14:25:48 UTC"
"690928","Hunter Dobbins","St. Louis Cardinals",931,931,0,89.0516648764769,97.9,0,"pitcher","mlbam_release_speed_100_mph_threshold_v1",153,36,88.3588235294118,110.3,0.235294117647059,"2026-09-21","2026-09-22 14:25:48 UTC"
"690986","Kyle Harrison","Milwaukee Brewers",2063,2063,0,89.810906446922,97.9,0,"pitcher","mlbam_release_speed_100_mph_threshold_v1",313,61,88.7520766773163,115,0.194888178913738,"2026-09-21","2026-09-22 14:25:48 UTC"
"701542","Will Warren","New York Yankees",2588,2588,0,90.0364374034003,97.9,0,"pitcher","mlbam_release_speed_100_mph_threshold_v1",450,119,90.5817777777778,116.9,0.264444444444444,"2026-09-21","2026-09-22 14:25:48 UTC"
"554430","Zack Wheeler","Philadelphia Phillies",2451,2451,0,90.2439820481436,97.8,0,"pitcher","mlbam_release_speed_100_mph_threshold_v1",371,79,86.4932614555256,110.2,0.212938005390836,"2026-09-21","2026-09-22 14:25:48 UTC"
"608379","Michael Wacha","Kansas City Royals",2938,2938,0,87.0371341048332,97.8,0,"pitcher","mlbam_release_speed_100_mph_threshold_v1",572,127,87.0381118881119,115.8,0.222027972027972,"2026-09-21","2026-09-22 14:25:48 UTC"
"621053","Tyler Ferguson","Chicago Cubs",293,293,0,90.8133105802048,97.8,0,"pitcher","mlbam_release_speed_100_mph_threshold_v1",50,11,90.388,109.2,0.22,"2026-09-21","2026-09-22 14:25:48 UTC"
"655889","Manuel Rodríguez","Tampa Bay Rays",96,96,0,92.8625,97.8,0,"pitcher","mlbam_release_speed_100_mph_threshold_v1",11,3,86.1181818181818,111.8,0.272727272727273,"2026-09-21","2026-09-22 14:25:48 UTC"
"663436","Davis Martin","Chicago White Sox",2324,2293,0,89.9255560401221,97.8,0,"pitcher","mlbam_release_speed_100_mph_threshold_v1",426,112,89.6734741784038,117.2,0.262910798122066,"2026-09-21","2026-09-22 14:25:48 UTC"
"670329","Rico Garcia","Baltimore Orioles",990,990,0,90.0446464646465,97.8,0,"pitcher","mlbam_release_speed_100_mph_threshold_v1",170,32,85.4423529411765,111.7,0.188235294117647,"2026-09-21","2026-09-22 14:25:48 UTC"
"672456","Keider Montero","Detroit Tigers",2305,2305,0,89.7870715835141,97.8,0,"pitcher","mlbam_release_speed_100_mph_threshold_v1",474,86,87.8592827004219,112.4,0.181434599156118,"2026-09-21","2026-09-22 14:25:48 UTC"
"681190","Randy Vásquez","San Diego Padres",2158,2158,0,91.5668211306766,97.8,0,"pitcher","mlbam_release_speed_100_mph_threshold_v1",439,121,91.0674259681093,114.1,0.275626423690205,"2026-09-21","2026-09-22 14:25:48 UTC"
"681343","Shane Smith","Chicago White Sox",225,225,0,90.9604444444444,97.8,0,"pitcher","mlbam_release_speed_100_mph_threshold_v1",27,6,82.1888888888889,109.9,0.222222222222222,"2026-09-21","2026-09-22 14:25:48 UTC"
"681347","Mike Burrows","Houston Astros",1567,1567,0,89.4693044033184,97.8,0,"pitcher","mlbam_release_speed_100_mph_threshold_v1",308,69,88.1353896103896,113.9,0.224025974025974,"2026-09-21","2026-09-22 14:25:48 UTC"
"684320","Yariel Rodríguez","Toronto Blue Jays",172,172,0,90.0220930232558,97.8,0,"pitcher","mlbam_release_speed_100_mph_threshold_v1",31,8,87.2064516129032,110.1,0.258064516129032,"2026-09-21","2026-09-22 14:25:48 UTC"
"694357","Ricky Tiedemann","Toronto Blue Jays",123,123,0,87.8382113821138,97.8,0,"pitcher","mlbam_release_speed_100_mph_threshold_v1",14,2,82.7357142857143,107.2,0.142857142857143,"2026-09-21","2026-09-22 14:25:48 UTC"
"694646","Chayce McDermott","New York Mets",155,155,0,90.658064516129,97.8,0,"pitcher","mlbam_release_speed_100_mph_threshold_v1",26,7,88.2153846153846,109.3,0.269230769230769,"2026-09-21","2026-09-22 14:25:48 UTC"
"702047","Alex Cook","Tampa Bay Rays",98,98,0,92.9836734693878,97.8,0,"pitcher","mlbam_release_speed_100_mph_threshold_v1",17,4,89.6058823529412,105.2,0.235294117647059,"2026-09-21","2026-09-22 14:25:48 UTC"
"702275","JR Ritchie","Atlanta Braves",1105,1105,0,89.153665158371,97.8,0,"pitcher","mlbam_release_speed_100_mph_threshold_v1",175,40,89.5548571428571,111.9,0.228571428571429,"2026-09-21","2026-09-22 14:25:48 UTC"
"547184","Michael Kelly","Athletics",121,121,0,89.3132231404959,97.7,0,"pitcher","mlbam_release_speed_100_mph_threshold_v1",20,8,88.28,106.6,0.4,"2026-09-21","2026-09-22 14:25:48 UTC"
"595014","Blake Treinen","Los Angeles Dodgers",457,457,0,90.1864332603939,97.7,0,"pitcher","mlbam_release_speed_100_mph_threshold_v1",77,22,85.761038961039,110.3,0.285714285714286,"2026-09-21","2026-09-22 14:25:48 UTC"
"607074","Carlos Rodón","New York Yankees",1342,1342,0,90.5383010432191,97.7,0,"pitcher","mlbam_release_speed_100_mph_threshold_v1",190,40,89.521052631579,111.7,0.210526315789474,"2026-09-21","2026-09-22 14:25:48 UTC"
"625643","Reynaldo López","Atlanta Braves",1369,1369,0,88.5334550766983,97.7,0,"pitcher","mlbam_release_speed_100_mph_threshold_v1",236,53,87.0978813559322,114.5,0.224576271186441,"2026-09-21","2026-09-22 14:25:48 UTC"
"641835","Tim Mayza","Philadelphia Phillies",1049,1049,0,92.1421353670162,97.7,0,"pitcher","mlbam_release_speed_100_mph_threshold_v1",179,48,88.6290502793296,110.8,0.268156424581006,"2026-09-21","2026-09-22 14:25:48 UTC"
"650911","Cristopher Sánchez","Philadelphia Phillies",3058,3058,0,90.4434597776324,97.7,0,"pitcher","mlbam_release_speed_100_mph_threshold_v1",555,143,88.649009009009,112.7,0.257657657657658,"2026-09-21","2026-09-22 14:25:48 UTC"
"669387","Carmen Mlodzinski","Pittsburgh Pirates",2031,2031,0,89.7559822747415,97.7,0,"pitcher","mlbam_release_speed_100_mph_threshold_v1",387,106,90.0702842377261,111.7,0.27390180878553,"2026-09-21","2026-09-22 14:25:48 UTC"
"676254","Ryan Walker","San Francisco Giants",609,609,0,91.4197044334975,97.7,0,"pitcher","mlbam_release_speed_100_mph_threshold_v1",111,22,84.6675675675676,110.3,0.198198198198198,"2026-09-21","2026-09-22 14:25:48 UTC"
"679922","Carlos Duran","Kansas City Royals",35,35,0,92.9828571428571,97.7,0,"pitcher","mlbam_release_speed_100_mph_threshold_v1",5,0,75.9,92.2,0,"2026-09-21","2026-09-22 14:25:48 UTC"
"680802","Ryan Weiss","Houston Astros",530,530,0,89.8620754716981,97.7,0,"pitcher","mlbam_release_speed_100_mph_threshold_v1",81,21,90.258024691358,109.6,0.259259259259259,"2026-09-21","2026-09-22 14:25:48 UTC"
"686218","Emmet Sheehan","Los Angeles Dodgers",1954,1954,0,88.6624872057318,97.7,0,"pitcher","mlbam_release_speed_100_mph_threshold_v1",299,65,88.4063545150502,111,0.217391304347826,"2026-09-21","2026-09-22 14:25:48 UTC"
"694346","Trey Gibson","Baltimore Orioles",619,619,0,91.2315024232633,97.7,0,"pitcher","mlbam_release_speed_100_mph_threshold_v1",104,34,91.2086538461539,112.7,0.326923076923077,"2026-09-21","2026-09-22 14:25:48 UTC"
"695418","Brad Lord","Washington Nationals",1418,1418,0,90.7468970380818,97.7,0,"pitcher","mlbam_release_speed_100_mph_threshold_v1",228,51,86.7109649122807,115.9,0.223684210526316,"2026-09-21","2026-09-22 14:25:48 UTC"
"700842","Eduardo Rivera","Boston Red Sox",210,210,0,91.7438095238095,97.7,0,"pitcher","mlbam_release_speed_100_mph_threshold_v1",28,7,91.8428571428571,112.4,0.25,"2026-09-21","2026-09-22 14:25:48 UTC"
"702752","Jonathan Pintaro","New York Mets",507,506,0,91.9553359683794,97.7,0,"pitcher","mlbam_release_speed_100_mph_threshold_v1",78,18,87.9423076923077,111.7,0.230769230769231,"2026-09-21","2026-09-22 14:25:48 UTC"
"800048","Parker Messick","Cleveland Guardians",2788,2788,0,90.1487087517934,97.7,0,"pitcher","mlbam_release_speed_100_mph_threshold_v1",473,95,86.3281183932347,111.3,0.200845665961945,"2026-09-21","2026-09-22 14:25:48 UTC"
"664129","Geoff Hartlieb","Athletics",367,367,0,90.8430517711172,97.6,0,"pitcher","mlbam_release_speed_100_mph_threshold_v1",76,15,90.0355263157895,110,0.197368421052632,"2026-09-21","2026-09-22 14:25:48 UTC"
"669724","Brenan Hanifee","Detroit Tigers",321,321,0,93.0763239875389,97.6,0,"pitcher","mlbam_release_speed_100_mph_threshold_v1",74,23,89.0121621621622,110.1,0.310810810810811,"2026-09-21","2026-09-22 14:25:48 UTC"
"676263","Jack Dreyer","Los Angeles Dodgers",984,984,0,89.9503048780488,97.6,0,"pitcher","mlbam_release_speed_100_mph_threshold_v1",151,39,88.182119205298,112.3,0.258278145695364,"2026-09-21","2026-09-22 14:25:48 UTC"
"676604","Tyler Zuber","Miami Marlins",674,674,0,90.5353115727003,97.6,0,"pitcher","mlbam_release_speed_100_mph_threshold_v1",117,29,90.4299145299145,111.3,0.247863247863248,"2026-09-21","2026-09-22 14:25:48 UTC"
"686228","Juan Burgos","Arizona Diamondbacks",53,53,0,92.4056603773585,97.6,0,"pitcher","mlbam_release_speed_100_mph_threshold_v1",16,3,77.81875,104,0.1875,"2026-09-21","2026-09-22 14:25:48 UTC"
"695239","Robby Ahlstrom","Texas Rangers",648,648,0,90.4848765432099,97.6,0,"pitcher","mlbam_release_speed_100_mph_threshold_v1",111,17,85.4108108108108,111.2,0.153153153153153,"2026-09-21","2026-09-22 14:25:48 UTC"
"699044","Miguel Ullola","Houston Astros",150,150,0,92.5626666666667,97.6,0,"pitcher","mlbam_release_speed_100_mph_threshold_v1",25,5,87.216,106.7,0.2,"2026-09-21","2026-09-22 14:25:48 UTC"
"656240","Scott Blewett","Athletics",512,512,0,90.0310546875,97.5,0,"pitcher","mlbam_release_speed_100_mph_threshold_v1",99,16,86.9606060606061,110.8,0.161616161616162,"2026-09-21","2026-09-22 14:25:48 UTC"
"660787","Yerry De los Santos","New York Yankees",317,317,0,93.0996845425868,97.5,0,"pitcher","mlbam_release_speed_100_mph_threshold_v1",61,15,88.4704918032787,111.2,0.245901639344262,"2026-09-21","2026-09-22 14:25:48 UTC"
"676702","Hunter Stratton","Pittsburgh Pirates",56,56,0,92.2892857142857,97.5,0,"pitcher","mlbam_release_speed_100_mph_threshold_v1",12,2,86.9833333333333,106.7,0.166666666666667,"2026-09-21","2026-09-22 14:25:48 UTC"
"676974","Max Meyer","Miami Marlins",1789,1789,0,91.0148686416993,97.5,0,"pitcher","mlbam_release_speed_100_mph_threshold_v1",291,71,89.2855670103093,112.1,0.243986254295533,"2026-09-21","2026-09-22 14:25:48 UTC"
"677958","Kumar Rocker","Texas Rangers",2422,2422,0,89.3172584640793,97.5,0,"pitcher","mlbam_release_speed_100_mph_threshold_v1",429,99,88.969696969697,113.6,0.230769230769231,"2026-09-21","2026-09-22 14:25:48 UTC"
"678576","Wilkin Ramos","San Francisco Giants",61,61,0,91.7213114754098,97.5,0,"pitcher","mlbam_release_speed_100_mph_threshold_v1",10,3,89.52,102.4,0.3,"2026-09-21","2026-09-22 14:25:48 UTC"
"682610","Roddery Muñoz","Houston Astros",112,112,0,90.4044642857143,97.5,0,"pitcher","mlbam_release_speed_100_mph_threshold_v1",13,4,95.4692307692308,111.7,0.307692307692308,"2026-09-21","2026-09-22 14:25:48 UTC"
"683742","Jose Franco","Cincinnati Reds",346,346,0,90.1369942196532,97.5,0,"pitcher","mlbam_release_speed_100_mph_threshold_v1",60,10,88.04,108.9,0.166666666666667,"2026-09-21","2026-09-22 14:25:48 UTC"
"686930","Mason Barnett","Athletics",822,822,0,89.5706812652068,97.5,0,"pitcher","mlbam_release_speed_100_mph_threshold_v1",133,36,89.6774436090226,111.2,0.270676691729323,"2026-09-21","2026-09-22 14:25:48 UTC"
"687396","Brent Headrick","New York Yankees",1254,1254,0,89.9177830940989,97.5,0,"pitcher","mlbam_release_speed_100_mph_threshold_v1",196,40,85.9877551020408,109.3,0.204081632653061,"2026-09-21","2026-09-22 14:25:48 UTC"
"688883","Peyton Pallette","Cleveland Guardians",442,442,0,89.7733031674208,97.5,0,"pitcher","mlbam_release_speed_100_mph_threshold_v1",56,15,89.5321428571429,111.2,0.267857142857143,"2026-09-21","2026-09-22 14:25:48 UTC"
"689225","Beau Brieske","Detroit Tigers",347,347,0,92.6567723342939,97.5,0,"pitcher","mlbam_release_speed_100_mph_threshold_v1",60,16,90.2366666666667,108.1,0.266666666666667,"2026-09-21","2026-09-22 14:25:48 UTC"
"696519","Samy Natera Jr.","Los Angeles Angels",580,580,0,93.0018965517241,97.5,0,"pitcher","mlbam_release_speed_100_mph_threshold_v1",68,13,87.2191176470588,109.9,0.191176470588235,"2026-09-21","2026-09-22 14:25:48 UTC"
"801725","Luis De León","Baltimore Orioles",114,114,0,92.55,97.5,0,"pitcher","mlbam_release_speed_100_mph_threshold_v1",25,3,85.436,106,0.12,"2026-09-21","2026-09-22 14:25:48 UTC"
"592332","Kevin Gausman","Chicago Cubs",2902,2902,0,89.0356995175741,97.4,0,"pitcher","mlbam_release_speed_100_mph_threshold_v1",503,136,87.6735586481113,112.4,0.27037773359841,"2026-09-21","2026-09-22 14:25:48 UTC"
"605452","Joe Ross","Texas Rangers",205,205,0,91.9165853658537,97.4,0,"pitcher","mlbam_release_speed_100_mph_threshold_v1",44,9,86.1886363636364,108.1,0.204545454545455,"2026-09-21","2026-09-22 14:25:48 UTC"
"657649","Jared Koenig","Milwaukee Brewers",161,161,0,90.3360248447205,97.4,0,"pitcher","mlbam_release_speed_100_mph_threshold_v1",26,8,92.7807692307692,116.2,0.307692307692308,"2026-09-21","2026-09-22 14:25:48 UTC"
"663567","Peter Lambert","Houston Astros",2540,2540,0,89.3854724409449,97.4,0,"pitcher","mlbam_release_speed_100_mph_threshold_v1",425,82,87.0630588235294,114.7,0.192941176470588,"2026-09-21","2026-09-22 14:25:48 UTC"
"663738","Daniel Lynch IV","Kansas City Royals",1146,1146,0,89.5713787085515,97.4,0,"pitcher","mlbam_release_speed_100_mph_threshold_v1",233,49,87.987982832618,111.3,0.210300429184549,"2026-09-21","2026-09-22 14:25:48 UTC"
"663893","Brendon Little","Toronto Blue Jays",535,535,0,90.9542056074766,97.4,0,"pitcher","mlbam_release_speed_100_mph_threshold_v1",58,15,89.2241379310345,111.1,0.258620689655172,"2026-09-21","2026-09-22 14:25:48 UTC"
"664199","Taylor Clarke","Arizona Diamondbacks",1011,1011,0,91.6441147378833,97.4,0,"pitcher","mlbam_release_speed_100_mph_threshold_v1",214,43,86.5280373831776,112.3,0.200934579439252,"2026-09-21","2026-09-22 14:25:48 UTC"
"669020","Ryan Rolison","Chicago Cubs",946,933,0,89.6842443729903,97.4,0,"pitcher","mlbam_release_speed_100_mph_threshold_v1",163,30,87.819018404908,112.4,0.184049079754601,"2026-09-21","2026-09-22 14:25:48 UTC"
"669432","Trevor Rogers","Baltimore Orioles",2634,2634,0,89.2289293849658,97.4,0,"pitcher","mlbam_release_speed_100_mph_threshold_v1",483,104,87.6507246376812,116.8,0.215320910973085,"2026-09-21","2026-09-22 14:25:48 UTC"
"671936","Adam Macko","Texas Rangers",578,577,0,88.480589254766,97.4,0,"pitcher","mlbam_release_speed_100_mph_threshold_v1",95,22,86.4863157894737,112.2,0.231578947368421,"2026-09-21","2026-09-22 14:25:48 UTC"
"676661","Max Lazar","Philadelphia Phillies",128,128,0,88.83828125,97.4,0,"pitcher","mlbam_release_speed_100_mph_threshold_v1",26,6,92.1846153846154,108.1,0.230769230769231,"2026-09-21","2026-09-22 14:25:48 UTC"
"681517","Kyle Leahy","St. Louis Cardinals",2288,2288,0,89.5068618881119,97.4,0,"pitcher","mlbam_release_speed_100_mph_threshold_v1",411,127,90.7644768856448,113.5,0.309002433090024,"2026-09-21","2026-09-22 14:25:48 UTC"
"687849","Zak Kent","Washington Nationals",294,294,0,88.8387755102041,97.4,0,"pitcher","mlbam_release_speed_100_mph_threshold_v1",57,12,90.021052631579,107.9,0.210526315789474,"2026-09-21","2026-09-22 14:25:48 UTC"
"690953","Mick Abel","Minnesota Twins",357,357,0,89.506162464986,97.4,0,"pitcher","mlbam_release_speed_100_mph_threshold_v1",57,16,85.6228070175439,109.2,0.280701754385965,"2026-09-21","2026-09-22 14:25:48 UTC"
"690978","Dax Fulton","Miami Marlins",437,437,0,89.9299771167048,97.4,0,"pitcher","mlbam_release_speed_100_mph_threshold_v1",67,16,89.6253731343284,111.4,0.238805970149254,"2026-09-21","2026-09-22 14:25:48 UTC"
"608718","Brent Suter","Atlanta Braves",1470,1470,0,83.8905442176871,97.3,0,"pitcher","mlbam_release_speed_100_mph_threshold_v1",259,49,85.3189189189189,111,0.189189189189189,"2026-09-21","2026-09-22 14:25:48 UTC"
"663423","Trent Thornton","Chicago Cubs",714,709,0,89.3748942172073,97.3,0,"pitcher","mlbam_release_speed_100_mph_threshold_v1",144,35,89.8006944444444,116.3,0.243055555555556,"2026-09-21","2026-09-22 14:25:48 UTC"
"673929","Jordan Leasure","Chicago White Sox",313,313,0,91.9875399361022,97.3,0,"pitcher","mlbam_release_speed_100_mph_threshold_v1",52,16,92.4153846153846,115.3,0.307692307692308,"2026-09-21","2026-09-22 14:25:48 UTC"
"674370","Osvaldo Bido","Chicago White Sox",317,317,0,90.5902208201893,97.3,0,"pitcher","mlbam_release_speed_100_mph_threshold_v1",56,14,88.4571428571429,108.9,0.25,"2026-09-21","2026-09-22 14:25:48 UTC"
"675660","Shane Drohan","Milwaukee Brewers",1933,1933,0,90.2844283497155,97.3,0,"pitcher","mlbam_release_speed_100_mph_threshold_v1",339,81,87.6345132743363,115.2,0.238938053097345,"2026-09-21","2026-09-22 14:25:48 UTC"
"677053","Andrew Nardi","Miami Marlins",378,378,0,89.8957671957672,97.3,0,"pitcher","mlbam_release_speed_100_mph_threshold_v1",60,20,88.7116666666667,110.1,0.333333333333333,"2026-09-21","2026-09-22 14:25:48 UTC"
"681151","Jayden Murray","Chicago Cubs",307,307,0,91.1228013029316,97.3,0,"pitcher","mlbam_release_speed_100_mph_threshold_v1",56,14,91.4142857142857,109.3,0.25,"2026-09-21","2026-09-22 14:25:48 UTC"
"681168","Luis Curvelo","Texas Rangers",185,185,0,89.5924324324324,97.3,0,"pitcher","mlbam_release_speed_100_mph_threshold_v1",42,13,91.1309523809524,114.9,0.30952380952381,"2026-09-21","2026-09-22 14:25:48 UTC"
"681402","Gus Varland","Washington Nationals",565,565,0,92.0253097345133,97.3,0,"pitcher","mlbam_release_speed_100_mph_threshold_v1",105,34,91.872380952381,110.4,0.323809523809524,"2026-09-21","2026-09-22 14:25:48 UTC"
"687134","Bradley Blalock","Miami Marlins",146,146,0,89.6198630136986,97.3,0,"pitcher","mlbam_release_speed_100_mph_threshold_v1",23,5,90.5782608695652,111.1,0.217391304347826,"2026-09-21","2026-09-22 14:25:48 UTC"
"691548","Rolddy Muñoz","Atlanta Braves",49,49,0,90.9775510204082,97.3,0,"pitcher","mlbam_release_speed_100_mph_threshold_v1",8,3,94.2,108.1,0.375,"2026-09-21","2026-09-22 14:25:48 UTC"
"813349","Connelly Early","Boston Red Sox",1528,1528,0,88.8224476439791,97.3,0,"pitcher","mlbam_release_speed_100_mph_threshold_v1",252,61,89.5345238095238,113.3,0.242063492063492,"2026-09-21","2026-09-22 14:25:48 UTC"
"656550","Grant Holmes","Atlanta Braves",2328,2328,0,89.4637027491409,97.2,0,"pitcher","mlbam_release_speed_100_mph_threshold_v1",448,120,90.8158482142857,112.5,0.267857142857143,"2026-09-21","2026-09-22 14:25:48 UTC"
"663941","Tristan Beck","San Francisco Giants",282,282,0,88.7333333333333,97.2,0,"pitcher","mlbam_release_speed_100_mph_threshold_v1",59,13,88.0271186440678,110.2,0.220338983050847,"2026-09-21","2026-09-22 14:25:48 UTC"
"668390","Cole Winn","Texas Rangers",787,787,0,90.7593392630241,97.2,0,"pitcher","mlbam_release_speed_100_mph_threshold_v1",148,39,87.4628378378378,112.7,0.263513513513513,"2026-09-21","2026-09-22 14:25:48 UTC"
"674073","Jack Weisenburger","New York Mets",185,185,0,89.7745945945946,97.2,0,"pitcher","mlbam_release_speed_100_mph_threshold_v1",30,5,87.4166666666667,108.6,0.166666666666667,"2026-09-21","2026-09-22 14:25:48 UTC"
"676477","Garrett Whitlock","Boston Red Sox",723,723,0,90.7550484094053,97.2,0,"pitcher","mlbam_release_speed_100_mph_threshold_v1",127,23,87.436220472441,109.6,0.181102362204724,"2026-09-21","2026-09-22 14:25:48 UTC"
"676755","Isaac Mattson","Pittsburgh Pirates",728,728,0,91.332967032967,97.2,0,"pitcher","mlbam_release_speed_100_mph_threshold_v1",121,35,90.6314049586777,111.5,0.289256198347107,"2026-09-21","2026-09-22 14:25:48 UTC"
"683769","Hunter Gaddis","Cleveland Guardians",931,931,0,89.0889366272825,97.2,0,"pitcher","mlbam_release_speed_100_mph_threshold_v1",165,24,84.690303030303,114.1,0.145454545454545,"2026-09-21","2026-09-22 14:25:48 UTC"
"694680","Trevor Martin","Los Angeles Angels",229,229,0,91.0781659388646,97.2,0,"pitcher","mlbam_release_speed_100_mph_threshold_v1",50,10,87.214,109.7,0.2,"2026-09-21","2026-09-22 14:25:48 UTC"
"701519","Travis Adams","Minnesota Twins",910,910,0,89.9191208791209,97.2,0,"pitcher","mlbam_release_speed_100_mph_threshold_v1",156,32,85.0878205128205,111.6,0.205128205128205,"2026-09-21","2026-09-22 14:25:48 UTC"
"702281","Robby Snelling","Miami Marlins",86,86,0,89.1837209302326,97.2,0,"pitcher","mlbam_release_speed_100_mph_threshold_v1",16,5,82.5125,106.5,0.3125,"2026-09-21","2026-09-22 14:25:48 UTC"
"805427","Drew Sommers","Detroit Tigers",629,629,0,92.366613672496,97.2,0,"pitcher","mlbam_release_speed_100_mph_threshold_v1",90,15,83.2155555555556,111.1,0.166666666666667,"2026-09-21","2026-09-22 14:25:48 UTC"
"571945","Miles Mikolas","Washington Nationals",1827,1827,0,88.2169129720854,97.1,0,"pitcher","mlbam_release_speed_100_mph_threshold_v1",411,117,89.7863746958637,113.3,0.284671532846715,"2026-09-21","2026-09-22 14:25:48 UTC"
"607200","Erick Fedde","Chicago White Sox",2349,2349,0,88.3772669220945,97.1,0,"pitcher","mlbam_release_speed_100_mph_threshold_v1",439,98,88.6407744874715,117.4,0.223234624145786,"2026-09-21","2026-09-22 14:25:48 UTC"
"623352","Josh Hader","Houston Astros",632,632,0,91.2430379746835,97.1,0,"pitcher","mlbam_release_speed_100_mph_threshold_v1",92,13,86.245652173913,108.2,0.141304347826087,"2026-09-21","2026-09-22 14:25:48 UTC"
"641755","Tyler Kinley","Detroit Tigers",885,885,0,87.7023728813559,97.1,0,"pitcher","mlbam_release_speed_100_mph_threshold_v1",146,24,83.7705479452055,109.6,0.164383561643836,"2026-09-21","2026-09-22 14:25:48 UTC"
"650960","Daniel Duarte","New York Mets",463,463,0,88.8257019438445,97.1,0,"pitcher","mlbam_release_speed_100_mph_threshold_v1",74,14,82.4756756756757,113.4,0.189189189189189,"2026-09-21","2026-09-22 14:25:48 UTC"
"660853","Enyel De Los Santos","Houston Astros",1153,1153,0,89.9405897658283,97.1,0,"pitcher","mlbam_release_speed_100_mph_threshold_v1",213,41,87.530985915493,109.5,0.192488262910798,"2026-09-21","2026-09-22 14:25:48 UTC"
"664074","Cody Ponce","Toronto Blue Jays",47,47,0,89.7531914893617,97.1,0,"pitcher","mlbam_release_speed_100_mph_threshold_v1",6,1,87.8666666666667,101.5,0.166666666666667,"2026-09-21","2026-09-22 14:25:48 UTC"
"667297","Tommy Nance","Minnesota Twins",970,970,0,89.349175257732,97.1,0,"pitcher","mlbam_release_speed_100_mph_threshold_v1",163,34,87.9515337423313,110.7,0.208588957055215,"2026-09-21","2026-09-22 14:25:48 UTC"
"676051","Codi Heuer","Cleveland Guardians",189,189,0,90.5338624338624,97.1,0,"pitcher","mlbam_release_speed_100_mph_threshold_v1",34,9,92.6323529411765,106.8,0.264705882352941,"2026-09-21","2026-09-22 14:25:48 UTC"
"676105","Jeff Criswell","Colorado Rockies",79,79,0,90.8848101265823,97.1,0,"pitcher","mlbam_release_speed_100_mph_threshold_v1",12,3,84.8083333333333,107.5,0.25,"2026-09-21","2026-09-22 14:25:48 UTC"
"678061","Ray Kerr","Atlanta Braves",180,180,0,89.1311111111111,97.1,0,"pitcher","mlbam_release_speed_100_mph_threshold_v1",41,9,84.7780487804878,108.1,0.219512195121951,"2026-09-21","2026-09-22 14:25:48 UTC"
"680689","Lyon Richardson","Milwaukee Brewers",68,68,0,90.8367647058824,97.1,0,"pitcher","mlbam_release_speed_100_mph_threshold_v1",7,2,88.8,106.4,0.285714285714286,"2026-09-21","2026-09-22 14:25:48 UTC"
"680755","Braydon Fisher","Toronto Blue Jays",1237,1237,0,87.3924818108327,97.1,0,"pitcher","mlbam_release_speed_100_mph_threshold_v1",187,43,86.2957219251337,109.2,0.229946524064171,"2026-09-21","2026-09-22 14:25:48 UTC"
"681520","Antoine Kelly","Chicago Cubs",18,18,0,92.4722222222222,97.1,0,"pitcher","mlbam_release_speed_100_mph_threshold_v1",2,1,99.4,101.8,0.5,"2026-09-21","2026-09-22 14:25:48 UTC"
"681870","Erik Sabrowski","Cleveland Guardians",774,769,0,90.6101430429129,97.1,0,"pitcher","mlbam_release_speed_100_mph_threshold_v1",89,17,88.7943820224719,110.3,0.191011235955056,"2026-09-21","2026-09-22 14:25:48 UTC"
"685464","Cade Winquest","St. Louis Cardinals",182,182,0,90.1516483516483,97.1,0,"pitcher","mlbam_release_speed_100_mph_threshold_v1",24,2,85.7375,101.4,0.0833333333333333,"2026-09-21","2026-09-22 14:25:48 UTC"
"691008","Max Rajcic","St. Louis Cardinals",163,163,0,89.4509202453988,97.1,0,"pitcher","mlbam_release_speed_100_mph_threshold_v1",25,5,86.956,105.9,0.2,"2026-09-21","2026-09-22 14:25:48 UTC"
"695034","Kade Morris","Athletics",322,322,0,90.1835403726708,97.1,0,"pitcher","mlbam_release_speed_100_mph_threshold_v1",68,20,88.6205882352941,109.6,0.294117647058824,"2026-09-21","2026-09-22 14:25:48 UTC"
"695076","Rhett Lowder","Cincinnati Reds",2216,2216,0,89.4111462093863,97.1,0,"pitcher","mlbam_release_speed_100_mph_threshold_v1",409,105,89.9132029339853,113.6,0.256723716381418,"2026-09-21","2026-09-22 14:25:48 UTC"
"702352","Spencer Bivens","San Francisco Giants",127,127,0,90.4503937007874,97.1,0,"pitcher","mlbam_release_speed_100_mph_threshold_v1",18,5,91.0333333333333,115.2,0.277777777777778,"2026-09-21","2026-09-22 14:25:48 UTC"
"814305","Yunior Tur","Athletics",248,248,0,90.6116935483871,97.1,0,"pitcher","mlbam_release_speed_100_mph_threshold_v1",42,12,87.9928571428571,106.7,0.285714285714286,"2026-09-21","2026-09-22 14:25:48 UTC"
"572143","Burch Smith","Detroit Tigers",287,287,0,88.6766550522648,97,0,"pitcher","mlbam_release_speed_100_mph_threshold_v1",45,11,88.8977777777778,108.4,0.244444444444444,"2026-09-21","2026-09-22 14:25:48 UTC"
"621111","Walker Buehler","San Diego Padres",2535,2533,0,89.8152783260955,97,0,"pitcher","mlbam_release_speed_100_mph_threshold_v1",441,101,89.1659863945578,111.9,0.229024943310658,"2026-09-21","2026-09-22 14:25:48 UTC"
"641941","Emilio Pagán","Cincinnati Reds",650,650,0,91.08,97,0,"pitcher","mlbam_release_speed_100_mph_threshold_v1",108,23,90.0953703703704,107.7,0.212962962962963,"2026-09-21","2026-09-22 14:25:48 UTC"
"663776","Patrick Sandoval","Boston Red Sox",1109,1109,0,88.0028854824166,97,0,"pitcher","mlbam_release_speed_100_mph_threshold_v1",195,43,86.5107692307692,109.4,0.220512820512821,"2026-09-21","2026-09-22 14:25:48 UTC"
"668941","JoJo Romero","Milwaukee Brewers",879,879,0,88.7059158134243,97,0,"pitcher","mlbam_release_speed_100_mph_threshold_v1",154,46,89.6,111.8,0.298701298701299,"2026-09-21","2026-09-22 14:25:48 UTC"
"672582","Angel Zerpa","Milwaukee Brewers",216,216,0,93.5060185185185,97,0,"pitcher","mlbam_release_speed_100_mph_threshold_v1",41,16,90.7585365853659,114.6,0.390243902439024,"2026-09-21","2026-09-22 14:25:48 UTC"
"675989","Cody Bolton","Houston Astros",388,388,0,90.0664948453608,97,0,"pitcher","mlbam_release_speed_100_mph_threshold_v1",58,18,89.0844827586207,110.5,0.310344827586207,"2026-09-21","2026-09-22 14:25:48 UTC"
"676083","Janson Junk","Miami Marlins",1833,1833,0,88.0753955264594,97,0,"pitcher","mlbam_release_speed_100_mph_threshold_v1",374,97,88.8922459893048,114.2,0.259358288770053,"2026-09-21","2026-09-22 14:25:48 UTC"
"682274","Yaramil Hiraldo","Baltimore Orioles",193,193,0,90.6512953367876,97,0,"pitcher","mlbam_release_speed_100_mph_threshold_v1",24,4,88.8833333333333,115.5,0.166666666666667,"2026-09-21","2026-09-22 14:25:48 UTC"
"694851","Andrew Hoffmann","Arizona Diamondbacks",230,230,0,90.7621739130435,97,0,"pitcher","mlbam_release_speed_100_mph_threshold_v1",37,12,87.1945945945946,110.6,0.324324324324324,"2026-09-21","2026-09-22 14:25:48 UTC"
"805345","Trent Harris","San Francisco Giants",332,332,0,88.375,97,0,"pitcher","mlbam_release_speed_100_mph_threshold_v1",50,6,83.43,107.9,0.12,"2026-09-21","2026-09-22 14:25:48 UTC"
"621112","Paul Blackburn","New York Yankees",1203,1203,0,89.6178719866999,96.9,0,"pitcher","mlbam_release_speed_100_mph_threshold_v1",225,48,86.7782222222222,111.9,0.213333333333333,"2026-09-21","2026-09-22 14:25:48 UTC"
"650633","Michael King","San Diego Padres",2900,2900,0,88.9823793103448,96.9,0,"pitcher","mlbam_release_speed_100_mph_threshold_v1",497,88,86.3285714285714,114.6,0.177062374245473,"2026-09-21","2026-09-22 14:25:48 UTC"
"663574","Tony Santillan","Cincinnati Reds",698,698,0,90.8630372492837,96.9,0,"pitcher","mlbam_release_speed_100_mph_threshold_v1",123,28,89.920325203252,110.3,0.227642276422764,"2026-09-21","2026-09-22 14:25:48 UTC"
"664285","Framber Valdez","Detroit Tigers",2681,2681,0,88.070160387915,96.9,0,"pitcher","mlbam_release_speed_100_mph_threshold_v1",527,134,88.9144212523719,115.5,0.25426944971537,"2026-09-21","2026-09-22 14:25:48 UTC"
"666974","Yennier Cano","Baltimore Orioles",781,781,0,92.5051216389245,96.9,0,"pitcher","mlbam_release_speed_100_mph_threshold_v1",139,36,89.2611510791367,110.9,0.258992805755396,"2026-09-21","2026-09-22 14:25:48 UTC"
"668970","Gavin Hollowell","Chicago Cubs",253,253,0,90.4442687747036,96.9,0,"pitcher","mlbam_release_speed_100_mph_threshold_v1",40,7,85.985,107.6,0.175,"2026-09-21","2026-09-22 14:25:48 UTC"
"670167","John Schreiber","New York Yankees",965,965,0,89.5686010362694,96.9,0,"pitcher","mlbam_release_speed_100_mph_threshold_v1",169,37,87.5597633136095,110.3,0.218934911242604,"2026-09-21","2026-09-22 14:25:48 UTC"
"681432","Luke Little","Chicago Cubs",19,19,0,93.7947368421053,96.9,0,"pitcher","mlbam_release_speed_100_mph_threshold_v1",4,2,90.075,107.8,0.5,"2026-09-21","2026-09-22 14:25:48 UTC"
"681810","Austin Warren","New York Mets",887,887,0,88.8965050732807,96.9,0,"pitcher","mlbam_release_speed_100_mph_threshold_v1",126,32,87.9428571428571,115,0.253968253968254,"2026-09-21","2026-09-22 14:25:48 UTC"
"690990","Cade Horton","Chicago Cubs",90,90,0,91.6855555555556,96.9,0,"pitcher","mlbam_release_speed_100_mph_threshold_v1",19,4,85.8315789473684,110,0.210526315789474,"2026-09-21","2026-09-22 14:25:48 UTC"
"694397","Marco Raya","Minnesota Twins",100,100,0,89.814,96.9,0,"pitcher","mlbam_release_speed_100_mph_threshold_v1",18,4,86.9722222222222,104,0.222222222222222,"2026-09-21","2026-09-22 14:25:48 UTC"
"804619","John Klein","Minnesota Twins",82,82,0,90.0341463414634,96.9,0,"pitcher","mlbam_release_speed_100_mph_threshold_v1",13,2,82.4692307692308,104.2,0.153846153846154,"2026-09-21","2026-09-22 14:25:48 UTC"
"815081","Mark Manfredi","Colorado Rockies",245,245,0,90.7665306122449,96.9,0,"pitcher","mlbam_release_speed_100_mph_threshold_v1",37,10,90.9756756756757,111.4,0.27027027027027,"2026-09-21","2026-09-22 14:25:48 UTC"
"445276","Kenley Jansen","Detroit Tigers",703,703,0,91.8285917496444,96.8,0,"pitcher","mlbam_release_speed_100_mph_threshold_v1",101,21,87.4128712871287,111.5,0.207920792079208,"2026-09-21","2026-09-22 14:25:48 UTC"
"547179","Michael Lorenzen","Toronto Blue Jays",2400,2400,0,88.7558333333333,96.8,0,"pitcher","mlbam_release_speed_100_mph_threshold_v1",468,131,90.9775641025641,114.6,0.27991452991453,"2026-09-21","2026-09-22 14:25:48 UTC"
"552640","Andrew Kittredge","Baltimore Orioles",701,701,0,91.9279600570613,96.8,0,"pitcher","mlbam_release_speed_100_mph_threshold_v1",160,31,86.920625,114.6,0.19375,"2026-09-21","2026-09-22 14:25:48 UTC"
"605280","Clay Holmes","Chicago Cubs",1535,1535,0,88.6355048859935,96.8,0,"pitcher","mlbam_release_speed_100_mph_threshold_v1",281,57,89.2637010676157,112.3,0.202846975088968,"2026-09-21","2026-09-22 14:25:48 UTC"
"622088","Tejay Antone","Cincinnati Reds",867,867,0,86.4226066897347,96.8,0,"pitcher","mlbam_release_speed_100_mph_threshold_v1",138,26,85.8442028985507,110.2,0.188405797101449,"2026-09-21","2026-09-22 14:25:48 UTC"
"642207","Devin Williams","New York Mets",728,728,0,89.1767857142857,96.8,0,"pitcher","mlbam_release_speed_100_mph_threshold_v1",106,17,86.4452830188679,108.7,0.160377358490566,"2026-09-21","2026-09-22 14:25:48 UTC"
"647336","Michael Soroka","Arizona Diamondbacks",1669,1669,0,87.7998801677651,96.8,0,"pitcher","mlbam_release_speed_100_mph_threshold_v1",296,67,87.1101351351351,113.3,0.226351351351351,"2026-09-21","2026-09-22 14:25:48 UTC"
"656234","Jake Bird","Washington Nationals",679,679,0,88.8253313696613,96.8,0,"pitcher","mlbam_release_speed_100_mph_threshold_v1",113,27,89.041592920354,113.2,0.238938053097345,"2026-09-21","2026-09-22 14:25:48 UTC"
"669461","Matthew Liberatore","St. Louis Cardinals",2529,2529,0,88.5418347172796,96.8,0,"pitcher","mlbam_release_speed_100_mph_threshold_v1",444,116,89.6033783783784,112,0.261261261261261,"2026-09-21","2026-09-22 14:25:48 UTC"
"671109","Jake Eder","Los Angeles Dodgers",56,56,0,91.1589285714286,96.8,0,"pitcher","mlbam_release_speed_100_mph_threshold_v1",13,7,95.2692307692308,105.4,0.538461538461538,"2026-09-21","2026-09-22 14:25:48 UTC"
"672282","Reid Detmers","Los Angeles Angels",2872,2872,0,88.029073816156,96.8,0,"pitcher","mlbam_release_speed_100_mph_threshold_v1",462,116,88.9729437229437,113.1,0.251082251082251,"2026-09-21","2026-09-22 14:25:48 UTC"
"676395","Robert Garcia","Texas Rangers",231,231,0,90.1411255411255,96.8,0,"pitcher","mlbam_release_speed_100_mph_threshold_v1",39,7,84.1333333333333,109.3,0.179487179487179,"2026-09-21","2026-09-22 14:25:48 UTC"
"678906","Kai-Wei Teng","Houston Astros",1266,1266,0,88.3138230647709,96.8,0,"pitcher","mlbam_release_speed_100_mph_threshold_v1",210,45,88.8785714285714,113.4,0.214285714285714,"2026-09-21","2026-09-22 14:25:48 UTC"
"681084","Tanner Andrews","Toronto Blue Jays",43,43,0,89.246511627907,96.8,0,"pitcher","mlbam_release_speed_100_mph_threshold_v1",8,0,80.1,99.4,0,"2026-09-21","2026-09-22 14:25:48 UTC"
"682769","Eiberson Castellano","Colorado Rockies",35,35,0,90.7085714285714,96.8,0,"pitcher","mlbam_release_speed_100_mph_threshold_v1",9,3,92.6111111111111,105.4,0.333333333333333,"2026-09-21","2026-09-22 14:25:48 UTC"
"686563","Jonathan Cannon","Chicago White Sox",80,80,0,91.47375,96.8,0,"pitcher","mlbam_release_speed_100_mph_threshold_v1",9,2,87.4777777777778,109.5,0.222222222222222,"2026-09-21","2026-09-22 14:25:48 UTC"
"701552","Andre Granillo","Washington Nationals",198,198,0,86.9267676767677,96.8,0,"pitcher","mlbam_release_speed_100_mph_threshold_v1",38,8,87.7,108.3,0.210526315789474,"2026-09-21","2026-09-22 14:25:48 UTC"
"703615","Jose Cabrera","Arizona Diamondbacks",423,423,0,89.3695035460993,96.8,0,"pitcher","mlbam_release_speed_100_mph_threshold_v1",88,18,82.8840909090909,111.8,0.204545454545455,"2026-09-21","2026-09-22 14:25:48 UTC"
"605447","Jordan Romano","Colorado Rockies",602,602,0,88.1451827242525,96.7,0,"pitcher","mlbam_release_speed_100_mph_threshold_v1",88,17,87.1613636363636,109,0.193181818181818,"2026-09-21","2026-09-22 14:25:48 UTC"
"607067","Colin Rea","Chicago Cubs",2195,2195,0,89.6536218678816,96.7,0,"pitcher","mlbam_release_speed_100_mph_threshold_v1",424,96,89.3358490566038,112.5,0.226415094339623,"2026-09-21","2026-09-22 14:25:48 UTC"
"669276","Dylan Lee","Atlanta Braves",1031,1031,0,86.6301648884578,96.7,0,"pitcher","mlbam_release_speed_100_mph_threshold_v1",163,30,85.9950920245399,110.4,0.184049079754601,"2026-09-21","2026-09-22 14:25:48 UTC"
"669711","Greg Weissert","Boston Red Sox",969,969,0,90.3278637770898,96.7,0,"pitcher","mlbam_release_speed_100_mph_threshold_v1",168,28,86.2184523809524,114.6,0.166666666666667,"2026-09-21","2026-09-22 14:25:48 UTC"
"670245","Ryan Watson","Los Angeles Angels",1129,1129,0,88.9375553587245,96.7,0,"pitcher","mlbam_release_speed_100_mph_threshold_v1",214,49,87.9621495327103,114.4,0.228971962616822,"2026-09-21","2026-09-22 14:25:48 UTC"
"676440","Tanner Bibee","Cleveland Guardians",2874,2874,0,87.4633263743911,96.7,0,"pitcher","mlbam_release_speed_100_mph_threshold_v1",550,120,88.5509090909091,115.6,0.218181818181818,"2026-09-21","2026-09-22 14:25:48 UTC"
"676760","Ron Marinaccio","Cincinnati Reds",1042,1042,0,87.8902111324376,96.7,0,"pitcher","mlbam_release_speed_100_mph_threshold_v1",178,46,88.9426966292135,113.2,0.258426966292135,"2026-09-21","2026-09-22 14:25:48 UTC"
"680744","Ty Madden","Detroit Tigers",719,719,0,88.7819193324061,96.7,0,"pitcher","mlbam_release_speed_100_mph_threshold_v1",121,23,86.8165289256198,110.4,0.190082644628099,"2026-09-21","2026-09-22 14:25:48 UTC"
"689546","Nick Davila","Seattle Mariners",446,446,0,89.9809417040359,96.7,0,"pitcher","mlbam_release_speed_100_mph_threshold_v1",89,16,88.1640449438202,109,0.179775280898876,"2026-09-21","2026-09-22 14:25:48 UTC"
"702303","Riley Martin","Chicago Cubs",121,121,0,90.8413223140496,96.7,0,"pitcher","mlbam_release_speed_100_mph_threshold_v1",19,5,87.7157894736842,108.1,0.263157894736842,"2026-09-21","2026-09-22 14:25:48 UTC"
"808825","Andrew Sears","Detroit Tigers",323,323,0,89.3996904024768,96.7,0,"pitcher","mlbam_release_speed_100_mph_threshold_v1",59,11,88.5423728813559,107.5,0.186440677966102,"2026-09-21","2026-09-22 14:25:48 UTC"
"641401","Connor Brogdon","Cleveland Guardians",281,281,0,89.2113879003559,96.6,0,"pitcher","mlbam_release_speed_100_mph_threshold_v1",51,13,88.6254901960784,111.6,0.254901960784314,"2026-09-21","2026-09-22 14:25:48 UTC"
"641656","Ian Hamilton","Atlanta Braves",92,92,0,89.745652173913,96.6,0,"pitcher","mlbam_release_speed_100_mph_threshold_v1",16,6,92.96875,109.6,0.375,"2026-09-21","2026-09-22 14:25:48 UTC"
"646241","Enmanuel De Jesus","Detroit Tigers",669,669,0,90.4739910313901,96.6,0,"pitcher","mlbam_release_speed_100_mph_threshold_v1",122,27,89.566393442623,113.2,0.221311475409836,"2026-09-21","2026-09-22 14:25:48 UTC"
"656288","Griffin Canning","San Diego Padres",1438,1438,0,90.2546592489569,96.6,0,"pitcher","mlbam_release_speed_100_mph_threshold_v1",241,63,90.1356846473029,113.8,0.261410788381743,"2026-09-21","2026-09-22 14:25:48 UTC"
"656605","Mitch Keller","Pittsburgh Pirates",1887,1887,0,88.6532591414944,96.6,0,"pitcher","mlbam_release_speed_100_mph_threshold_v1",363,87,89.197520661157,111.7,0.239669421487603,"2026-09-21","2026-09-22 14:25:48 UTC"
"656986","Bennett Sousa","Houston Astros",475,475,0,88.2082105263158,96.6,0,"pitcher","mlbam_release_speed_100_mph_threshold_v1",82,16,87.530487804878,115.4,0.195121951219512,"2026-09-21","2026-09-22 14:25:48 UTC"
"657746","Joe Ryan","Minnesota Twins",2338,2338,0,88.6030795551754,96.6,0,"pitcher","mlbam_release_speed_100_mph_threshold_v1",397,100,88.8750629722922,116.8,0.251889168765743,"2026-09-21","2026-09-22 14:25:48 UTC"
"663623","Jake Irvin","Washington Nationals",1838,1838,0,87.5472252448313,96.6,0,"pitcher","mlbam_release_speed_100_mph_threshold_v1",287,74,88.9738675958188,114.9,0.257839721254355,"2026-09-21","2026-09-22 14:25:48 UTC"
"663884","Nolan Kingham","Texas Rangers",22,22,0,92.4909090909091,96.6,0,"pitcher","mlbam_release_speed_100_mph_threshold_v1",3,0,83.7666666666667,92.1,0,"2026-09-21","2026-09-22 14:25:48 UTC"
"663978","Chris Paddack","Texas Rangers",1015,1015,0,86.9768472906404,96.6,0,"pitcher","mlbam_release_speed_100_mph_threshold_v1",203,44,88.020197044335,116.3,0.216748768472906,"2026-09-21","2026-09-22 14:25:48 UTC"
"669199","Lake Bachar","Pittsburgh Pirates",1389,1389,0,89.7756659467243,96.6,0,"pitcher","mlbam_release_speed_100_mph_threshold_v1",217,42,88.0387096774193,110.9,0.193548387096774,"2026-09-21","2026-09-22 14:25:48 UTC"
"669620","Brady Basso","Athletics",625,625,0,87.87664,96.6,0,"pitcher","mlbam_release_speed_100_mph_threshold_v1",143,34,87.4,112.7,0.237762237762238,"2026-09-21","2026-09-22 14:25:48 UTC"
"670183","Garrett Acton","Minnesota Twins",203,203,0,90.9290640394089,96.6,0,"pitcher","mlbam_release_speed_100_mph_threshold_v1",29,9,92.8206896551724,109.3,0.310344827586207,"2026-09-21","2026-09-22 14:25:48 UTC"
"680730","Mitchell Parker","Washington Nationals",664,664,0,86.1013554216867,96.6,0,"pitcher","mlbam_release_speed_100_mph_threshold_v1",129,35,87.5558139534884,112.1,0.271317829457364,"2026-09-21","2026-09-22 14:25:48 UTC"
"686790","Trevor McDonald","San Francisco Giants",1137,1137,0,89.9804749340369,96.6,0,"pitcher","mlbam_release_speed_100_mph_threshold_v1",215,51,88.6786046511628,114.4,0.237209302325581,"2026-09-21","2026-09-22 14:25:48 UTC"
"688642","Zach Agnos","Colorado Rockies",1449,1449,0,89.9652864044168,96.6,0,"pitcher","mlbam_release_speed_100_mph_threshold_v1",294,75,88.4785714285714,111,0.255102040816327,"2026-09-21","2026-09-22 14:25:48 UTC"
"695001","Alimber Santa","Houston Astros",238,238,0,87.7504201680672,96.6,0,"pitcher","mlbam_release_speed_100_mph_threshold_v1",44,6,83.8522727272727,108.3,0.136363636363636,"2026-09-21","2026-09-22 14:25:48 UTC"
"701719","Tyler Samaniego","Boston Red Sox",314,314,0,90.3410828025478,96.6,0,"pitcher","mlbam_release_speed_100_mph_threshold_v1",63,14,85.7809523809524,111.4,0.222222222222222,"2026-09-21","2026-09-22 14:25:48 UTC"
"601713","Nick Pivetta","San Diego Padres",487,487,0,89.0172484599589,96.5,0,"pitcher","mlbam_release_speed_100_mph_threshold_v1",78,12,88.5474358974359,114.3,0.153846153846154,"2026-09-21","2026-09-22 14:25:48 UTC"
"606996","Kyle Hart","San Diego Padres",1047,1047,0,88.8063037249284,96.5,0,"pitcher","mlbam_release_speed_100_mph_threshold_v1",176,38,85.4545454545455,115,0.215909090909091,"2026-09-21","2026-09-22 14:25:48 UTC"
"607625","Seth Lugo","Kansas City Royals",2786,2786,0,85.7401651112706,96.5,0,"pitcher","mlbam_release_speed_100_mph_threshold_v1",538,134,88.8420074349442,113.6,0.24907063197026,"2026-09-21","2026-09-22 14:25:48 UTC"
"642701","Dennis Santana","Arizona Diamondbacks",871,871,0,89.693570608496,96.5,0,"pitcher","mlbam_release_speed_100_mph_threshold_v1",158,32,88.3917721518987,109.8,0.20253164556962,"2026-09-21","2026-09-22 14:25:48 UTC"
"657097","Jacob Webb","Chicago Cubs",1098,1098,0,88.9350637522769,96.5,0,"pitcher","mlbam_release_speed_100_mph_threshold_v1",177,43,88.4779661016949,111.6,0.242937853107345,"2026-09-21","2026-09-22 14:25:48 UTC"
"663947","Tyler Holton","Detroit Tigers",1130,1130,0,86.6628318584071,96.5,0,"pitcher","mlbam_release_speed_100_mph_threshold_v1",219,43,86.8182648401826,112,0.19634703196347,"2026-09-21","2026-09-22 14:25:48 UTC"
"666157","Nick Lodolo","Cincinnati Reds",1807,1807,0,89.654288876591,96.5,0,"pitcher","mlbam_release_speed_100_mph_threshold_v1",316,83,89.3854430379747,115.9,0.262658227848101,"2026-09-21","2026-09-22 14:25:48 UTC"
"669310","CJ Van Eyk","Toronto Blue Jays",141,141,0,87.0340425531915,96.5,0,"pitcher","mlbam_release_speed_100_mph_threshold_v1",31,9,87.4709677419355,110.3,0.290322580645161,"2026-09-21","2026-09-22 14:25:48 UTC"
"669713","Hayden Wesneski","Houston Astros",816,816,0,88.2125,96.5,0,"pitcher","mlbam_release_speed_100_mph_threshold_v1",157,41,87.2668789808917,109.2,0.261146496815287,"2026-09-21","2026-09-22 14:25:48 UTC"
"672021","Eric Cerantola","Kansas City Royals",127,127,0,89.492125984252,96.5,0,"pitcher","mlbam_release_speed_100_mph_threshold_v1",10,2,89.59,103.3,0.2,"2026-09-21","2026-09-22 14:25:48 UTC"
"680604","Blas Castaño","Colorado Rockies",460,460,0,90.4847826086957,96.5,0,"pitcher","mlbam_release_speed_100_mph_threshold_v1",78,17,91.2653846153846,111.8,0.217948717948718,"2026-09-21","2026-09-22 14:25:48 UTC"
"680702","Joey Gerber","New York Mets",129,129,0,91.184496124031,96.5,0,"pitcher","mlbam_release_speed_100_mph_threshold_v1",22,7,93.6954545454546,107.6,0.318181818181818,"2026-09-21","2026-09-22 14:25:48 UTC"
"681676","Ryan Fernandez","St. Louis Cardinals",387,387,0,90.6684754521964,96.5,0,"pitcher","mlbam_release_speed_100_mph_threshold_v1",61,12,87.1393442622951,108.9,0.19672131147541,"2026-09-21","2026-09-22 14:25:48 UTC"
"684974","Craig Yoho","Cleveland Guardians",612,612,0,85.5470588235294,96.5,0,"pitcher","mlbam_release_speed_100_mph_threshold_v1",96,17,84.5989583333333,110.8,0.177083333333333,"2026-09-21","2026-09-22 14:25:48 UTC"
"690155","Matt Pushard","St. Louis Cardinals",120,120,0,90.2375,96.5,0,"pitcher","mlbam_release_speed_100_mph_threshold_v1",20,3,89.19,106,0.15,"2026-09-21","2026-09-22 14:25:48 UTC"
"694738","Landen Roupp","San Francisco Giants",2712,2712,0,87.2356194690265,96.5,0,"pitcher","mlbam_release_speed_100_mph_threshold_v1",432,73,85.0710648148148,112.9,0.168981481481481,"2026-09-21","2026-09-22 14:25:48 UTC"
"696270","Ryan Johnson","Los Angeles Angels",1635,1635,0,87.0606727828746,96.5,0,"pitcher","mlbam_release_speed_100_mph_threshold_v1",289,61,87.0100346020761,113.6,0.211072664359862,"2026-09-21","2026-09-22 14:25:48 UTC"
"702056","Trey Yesavage","Toronto Blue Jays",1589,1589,0,89.3572057898049,96.5,0,"pitcher","mlbam_release_speed_100_mph_threshold_v1",251,41,87.0310756972112,111,0.163346613545817,"2026-09-21","2026-09-22 14:25:48 UTC"
"805326","Tyler Schweitzer","Chicago White Sox",566,566,0,89.9879858657244,96.5,0,"pitcher","mlbam_release_speed_100_mph_threshold_v1",123,37,90.1861788617886,115.9,0.300813008130081,"2026-09-21","2026-09-22 14:25:48 UTC"
"641816","Tyler Mahle","Atlanta Braves",2311,2311,0,89.6266118563393,96.4,0,"pitcher","mlbam_release_speed_100_mph_threshold_v1",410,86,89.09,110.5,0.209756097560976,"2026-09-21","2026-09-22 14:25:48 UTC"
"656686","Corbin Martin","Chicago Cubs",111,111,0,91.2936936936937,96.4,0,"pitcher","mlbam_release_speed_100_mph_threshold_v1",16,4,93.3,106.8,0.25,"2026-09-21","2026-09-22 14:25:48 UTC"
"657756","Connor Seabold","Kansas City Royals",468,468,0,88.9271367521367,96.4,0,"pitcher","mlbam_release_speed_100_mph_threshold_v1",80,20,87.45625,111.8,0.25,"2026-09-21","2026-09-22 14:25:48 UTC"
"663554","Casey Mize","San Diego Padres",2012,2012,0,89.8480119284294,96.4,0,"pitcher","mlbam_release_speed_100_mph_threshold_v1",381,86,88.5320209973753,113,0.225721784776903,"2026-09-21","2026-09-22 14:25:48 UTC"
"663568","Stephen Kolek","Kansas City Royals",837,837,0,90.0320191158901,96.4,0,"pitcher","mlbam_release_speed_100_mph_threshold_v1",174,39,88.1632183908046,112.8,0.224137931034483,"2026-09-21","2026-09-22 14:25:48 UTC"
"669372","J.T. Ginn","Athletics",2183,2183,0,90.5607420980302,96.4,0,"pitcher","mlbam_release_speed_100_mph_threshold_v1",391,90,86.5434782608696,113.2,0.230179028132992,"2026-09-21","2026-09-22 14:25:48 UTC"
"675916","James Karinchak","Atlanta Braves",162,162,0,90.6512345679012,96.4,0,"pitcher","mlbam_release_speed_100_mph_threshold_v1",24,4,88.3708333333333,107.4,0.166666666666667,"2026-09-21","2026-09-22 14:25:48 UTC"
"681006","Josh Simpson","Seattle Mariners",157,157,0,86.1458598726115,96.4,0,"pitcher","mlbam_release_speed_100_mph_threshold_v1",23,7,92.2608695652174,112.9,0.304347826086957,"2026-09-21","2026-09-22 14:25:48 UTC"
"683232","Nick Mears","Kansas City Royals",341,341,0,88.9692082111437,96.4,0,"pitcher","mlbam_release_speed_100_mph_threshold_v1",56,20,90.2964285714286,109.8,0.357142857142857,"2026-09-21","2026-09-22 14:25:48 UTC"
"686993","Justin Sterner","Athletics",726,726,0,88.4089531680441,96.4,0,"pitcher","mlbam_release_speed_100_mph_threshold_v1",130,29,87.9692307692308,112.1,0.223076923076923,"2026-09-21","2026-09-22 14:25:48 UTC"
"687562","Jake Bennett","Boston Red Sox",1553,1553,0,88.5871216999356,96.4,0,"pitcher","mlbam_release_speed_100_mph_threshold_v1",328,81,86.8621951219512,115.8,0.246951219512195,"2026-09-21","2026-09-22 14:25:48 UTC"
"689266","Dylan Dodd","Atlanta Braves",733,733,0,90.9971350613915,96.4,0,"pitcher","mlbam_release_speed_100_mph_threshold_v1",115,20,88.2782608695652,113.2,0.173913043478261,"2026-09-21","2026-09-22 14:25:48 UTC"
"694462","Hurston Waldrep","Atlanta Braves",215,215,0,88.9181395348837,96.4,0,"pitcher","mlbam_release_speed_100_mph_threshold_v1",35,9,89.24,108.6,0.257142857142857,"2026-09-21","2026-09-22 14:25:48 UTC"
"455119","Chris Martin","Texas Rangers",248,248,0,91.4108870967742,96.3,0,"pitcher","mlbam_release_speed_100_mph_threshold_v1",54,17,91.2574074074074,110.2,0.314814814814815,"2026-09-21","2026-09-22 14:25:48 UTC"
"518886","Craig Kimbrel","Kansas City Royals",776,776,0,91.4659793814433,96.3,0,"pitcher","mlbam_release_speed_100_mph_threshold_v1",131,23,88.9748091603053,107.4,0.175572519083969,"2026-09-21","2026-09-22 14:25:48 UTC"
"608371","Lucas Sims","Chicago White Sox",171,171,0,89.246783625731,96.3,0,"pitcher","mlbam_release_speed_100_mph_threshold_v1",28,8,82.15,105.1,0.285714285714286,"2026-09-21","2026-09-22 14:25:48 UTC"
"656427","Jack Flaherty","Detroit Tigers",1639,1639,0,87.7208663819402,96.3,0,"pitcher","mlbam_release_speed_100_mph_threshold_v1",237,63,89.3227848101266,113.5,0.265822784810127,"2026-09-21","2026-09-22 14:25:48 UTC"
"664141","JT Brubaker","San Francisco Giants",1000,1000,0,90.1953,96.3,0,"pitcher","mlbam_release_speed_100_mph_threshold_v1",183,43,87.7273224043716,113.9,0.234972677595628,"2026-09-21","2026-09-22 14:25:48 UTC"
"665871","Javier Assad","Chicago Cubs",1469,1469,0,89.9839346494214,96.3,0,"pitcher","mlbam_release_speed_100_mph_threshold_v1",278,65,89.2327338129496,112.4,0.233812949640288,"2026-09-21","2026-09-22 14:25:48 UTC"
"668678","Zac Gallen","Arizona Diamondbacks",1780,1773,0,88.8997179921038,96.3,0,"pitcher","mlbam_release_speed_100_mph_threshold_v1",364,104,90.4357142857143,113.6,0.285714285714286,"2026-09-21","2026-09-22 14:25:48 UTC"
"669704","Kade Strowd","Arizona Diamondbacks",59,59,0,90.2525423728814,96.3,0,"pitcher","mlbam_release_speed_100_mph_threshold_v1",8,2,80.125,105.4,0.25,"2026-09-21","2026-09-22 14:25:48 UTC"
"676130","José Buttó","San Francisco Giants",63,63,0,90.6063492063492,96.3,0,"pitcher","mlbam_release_speed_100_mph_threshold_v1",7,2,84.2,108,0.285714285714286,"2026-09-21","2026-09-22 14:25:48 UTC"
"676282","Joey Cantillo","Cleveland Guardians",2668,2668,0,84.9251874062969,96.3,0,"pitcher","mlbam_release_speed_100_mph_threshold_v1",414,93,87.6067632850242,113.4,0.22463768115942,"2026-09-21","2026-09-22 14:25:48 UTC"
"680573","Simeon Woods Richardson","Toronto Blue Jays",1161,1161,0,88.1701119724376,96.3,0,"pitcher","mlbam_release_speed_100_mph_threshold_v1",224,57,88.9321428571429,112.6,0.254464285714286,"2026-09-21","2026-09-22 14:25:48 UTC"
"680880","Grant Holman","Philadelphia Phillies",34,34,0,91.3235294117647,96.3,0,"pitcher","mlbam_release_speed_100_mph_threshold_v1",6,1,91.7833333333333,100.3,0.166666666666667,"2026-09-21","2026-09-22 14:25:48 UTC"
"688107","Robert Gasser","Milwaukee Brewers",1728,1728,0,88.3429398148148,96.3,0,"pitcher","mlbam_release_speed_100_mph_threshold_v1",305,60,86.1252459016393,114.7,0.19672131147541,"2026-09-21","2026-09-22 14:25:48 UTC"
"689017","Landon Knack","Los Angeles Dodgers",187,187,0,88.5213903743315,96.3,0,"pitcher","mlbam_release_speed_100_mph_threshold_v1",39,8,90.5564102564103,105.7,0.205128205128205,"2026-09-21","2026-09-22 14:25:48 UTC"
"615698","Cal Quantrill","Texas Rangers",1669,1669,0,89.8217495506291,96.2,0,"pitcher","mlbam_release_speed_100_mph_threshold_v1",330,71,88.6533333333333,116.1,0.215151515151515,"2026-09-21","2026-09-22 14:25:48 UTC"
"642152","Lou Trivino III","Philadelphia Phillies",144,144,0,89.95625,96.2,0,"pitcher","mlbam_release_speed_100_mph_threshold_v1",21,3,85.3380952380952,105.4,0.142857142857143,"2026-09-21","2026-09-22 14:25:48 UTC"
"666745","Jhony Brito","San Diego Padres",123,123,0,89.5146341463415,96.2,0,"pitcher","mlbam_release_speed_100_mph_threshold_v1",28,4,88.1464285714286,107.6,0.142857142857143,"2026-09-21","2026-09-22 14:25:48 UTC"
"668964","Tobias Myers","New York Mets",822,822,0,86.9593673965937,96.2,0,"pitcher","mlbam_release_speed_100_mph_threshold_v1",169,42,89.987573964497,113.1,0.248520710059172,"2026-09-21","2026-09-22 14:25:48 UTC"
"682995","Hunter Barco","Pittsburgh Pirates",351,351,0,89.3136752136752,96.2,0,"pitcher","mlbam_release_speed_100_mph_threshold_v1",56,16,89.0607142857143,112.3,0.285714285714286,"2026-09-21","2026-09-22 14:25:48 UTC"
"685112","Zach McCambley","Cincinnati Reds",190,190,0,89.3263157894737,96.2,0,"pitcher","mlbam_release_speed_100_mph_threshold_v1",30,7,90.7033333333333,111,0.233333333333333,"2026-09-21","2026-09-22 14:25:48 UTC"
"685299","Tanner Gordon","Colorado Rockies",1596,1596,0,88.5257518796992,96.2,0,"pitcher","mlbam_release_speed_100_mph_threshold_v1",341,83,89.8909090909091,112.4,0.243401759530792,"2026-09-21","2026-09-22 14:25:48 UTC"
"686610","Ken Waldichuk","Washington Nationals",147,147,0,86.7156462585034,96.2,0,"pitcher","mlbam_release_speed_100_mph_threshold_v1",25,5,82.56,110.7,0.2,"2026-09-21","2026-09-22 14:25:48 UTC"
"688692","Jared Simpson","Washington Nationals",93,93,0,92.0397849462366,96.2,0,"pitcher","mlbam_release_speed_100_mph_threshold_v1",9,2,91.0333333333333,106.7,0.222222222222222,"2026-09-21","2026-09-22 14:25:48 UTC"
"691945","Carter Baumler","Texas Rangers",117,117,0,89.0700854700855,96.2,0,"pitcher","mlbam_release_speed_100_mph_threshold_v1",14,5,91.8214285714286,107,0.357142857142857,"2026-09-21","2026-09-22 14:25:48 UTC"
"696131","Mason Black","Kansas City Royals",556,556,0,89.3453237410072,96.2,0,"pitcher","mlbam_release_speed_100_mph_threshold_v1",101,24,91.3405940594059,108.9,0.237623762376238,"2026-09-21","2026-09-22 14:25:48 UTC"
"696522","Hayden Juenger","Athletics",292,292,0,91.0780821917808,96.2,0,"pitcher","mlbam_release_speed_100_mph_threshold_v1",65,13,87.5969230769231,108.9,0.2,"2026-09-21","2026-09-22 14:25:48 UTC"
"700327","Welinton Herrera","Colorado Rockies",45,45,0,91.3133333333333,96.2,0,"pitcher","mlbam_release_speed_100_mph_threshold_v1",7,1,94.6714285714286,103.4,0.142857142857143,"2026-09-21","2026-09-22 14:25:48 UTC"
"805074","Yunior Marte","San Francisco Giants",312,312,0,88.5141025641026,96.2,0,"pitcher","mlbam_release_speed_100_mph_threshold_v1",63,17,87.7873015873016,109.9,0.26984126984127,"2026-09-21","2026-09-22 14:25:48 UTC"
"808970","Woo-Suk Go","Minnesota Twins",86,86,0,90.5,96.2,0,"pitcher","mlbam_release_speed_100_mph_threshold_v1",15,7,94.8933333333333,110.6,0.466666666666667,"2026-09-21","2026-09-22 14:25:48 UTC"
"542888","Shawn Armstrong","Cleveland Guardians",597,597,0,90.2562814070352,96.1,0,"pitcher","mlbam_release_speed_100_mph_threshold_v1",92,19,87.1260869565217,111.3,0.206521739130435,"2026-09-21","2026-09-22 14:25:48 UTC"
"571927","Steven Matz","Tampa Bay Rays",1289,1289,0,87.6582622187742,96.1,0,"pitcher","mlbam_release_speed_100_mph_threshold_v1",245,55,87.2779591836735,114.9,0.224489795918367,"2026-09-21","2026-09-22 14:25:48 UTC"
"592454","Tommy Kahnle","Boston Red Sox",168,168,0,89.6303571428571,96.1,0,"pitcher","mlbam_release_speed_100_mph_threshold_v1",32,12,90.8875,113.6,0.375,"2026-09-21","2026-09-22 14:25:48 UTC"
"663558","Jovani Morán","Boston Red Sox",1028,1028,0,87.8784046692607,96.1,0,"pitcher","mlbam_release_speed_100_mph_threshold_v1",159,33,84.7308176100629,112.1,0.207547169811321,"2026-09-21","2026-09-22 14:25:48 UTC"
"663765","Jake Woodford","Chicago Cubs",457,457,0,89.0045951859956,96.1,0,"pitcher","mlbam_release_speed_100_mph_threshold_v1",96,18,90.8322916666667,110,0.1875,"2026-09-21","2026-09-22 14:25:48 UTC"
"681806","Andrew Wantz","Chicago Cubs",81,81,0,90.6333333333333,96.1,0,"pitcher","mlbam_release_speed_100_mph_threshold_v1",14,1,86.9928571428571,113.2,0.0714285714285714,"2026-09-21","2026-09-22 14:25:48 UTC"
"701656","Logan Henderson","Milwaukee Brewers",1418,1418,0,88.2813822284908,96.1,0,"pitcher","mlbam_release_speed_100_mph_threshold_v1",225,56,87.7186666666667,113.1,0.248888888888889,"2026-09-21","2026-09-22 14:25:48 UTC"
"453286","Max Scherzer","Toronto Blue Jays",1254,1254,0,87.404625199362,96,0,"pitcher","mlbam_release_speed_100_mph_threshold_v1",228,42,87.0219298245614,111.9,0.184210526315789,"2026-09-21","2026-09-22 14:25:48 UTC"
"606303","Joel Payamps","Atlanta Braves",151,151,0,89.1854304635762,96,0,"pitcher","mlbam_release_speed_100_mph_threshold_v1",23,5,92.5260869565217,109.1,0.217391304347826,"2026-09-21","2026-09-22 14:25:48 UTC"
"623437","Justin Topa","New York Yankees",414,414,0,89.675845410628,96,0,"pitcher","mlbam_release_speed_100_mph_threshold_v1",77,20,90.0181818181818,115.7,0.25974025974026,"2026-09-21","2026-09-22 14:25:48 UTC"
"669371","Cole Henry","Washington Nationals",284,284,0,89.5845070422535,96,0,"pitcher","mlbam_release_speed_100_mph_threshold_v1",44,11,88.9159090909091,107.6,0.25,"2026-09-21","2026-09-22 14:25:48 UTC"
"670036","Matt Festa","Cleveland Guardians",1067,1067,0,88.9429240862231,96,0,"pitcher","mlbam_release_speed_100_mph_threshold_v1",186,44,87.2145161290323,111.8,0.236559139784946,"2026-09-21","2026-09-22 14:25:48 UTC"
"682227","Brandon Williamson","Cincinnati Reds",763,763,0,87.2495412844037,96,0,"pitcher","mlbam_release_speed_100_mph_threshold_v1",134,30,87.7067164179104,112.6,0.223880597014925,"2026-09-21","2026-09-22 14:25:48 UTC"
"687273","Quinn Mathews","St. Louis Cardinals",786,786,0,87.3153944020356,96,0,"pitcher","mlbam_release_speed_100_mph_threshold_v1",132,29,87.5833333333333,111.6,0.21969696969697,"2026-09-21","2026-09-22 14:25:48 UTC"
"703725","Luis Gastelum","St. Louis Cardinals",552,552,0,87.2355072463768,96,0,"pitcher","mlbam_release_speed_100_mph_threshold_v1",88,18,86.875,109.1,0.204545454545455,"2026-09-21","2026-09-22 14:25:48 UTC"
"544150","Albert Suárez","Baltimore Orioles",912,912,0,89.1553728070175,95.9,0,"pitcher","mlbam_release_speed_100_mph_threshold_v1",186,33,87.9661290322581,111.8,0.17741935483871,"2026-09-21","2026-09-22 14:25:48 UTC"
"571510","Matthew Boyd","Chicago Cubs",1867,1867,0,85.0121049812533,95.9,0,"pitcher","mlbam_release_speed_100_mph_threshold_v1",356,80,87.5589887640449,112.5,0.224719101123595,"2026-09-21","2026-09-22 14:25:48 UTC"
"573204","Caleb Thielbar","Chicago Cubs",818,818,0,85.958435207824,95.9,0,"pitcher","mlbam_release_speed_100_mph_threshold_v1",123,37,88.4967479674797,113,0.300813008130081,"2026-09-21","2026-09-22 14:25:48 UTC"
"605540","Brandon Woodruff","Milwaukee Brewers",638,638,0,88.7940438871473,95.9,0,"pitcher","mlbam_release_speed_100_mph_threshold_v1",116,24,89.4474137931035,108.9,0.206896551724138,"2026-09-21","2026-09-22 14:25:48 UTC"
"621366","Ryan Borucki","San Francisco Giants",380,380,0,87.9818421052632,95.9,0,"pitcher","mlbam_release_speed_100_mph_threshold_v1",78,13,88.301282051282,110.6,0.166666666666667,"2026-09-21","2026-09-22 14:25:48 UTC"
"663460","Kris Bubic","Los Angeles Dodgers",858,858,0,88.4262237762238,95.9,0,"pitcher","mlbam_release_speed_100_mph_threshold_v1",135,31,89.0385185185185,114.2,0.22962962962963,"2026-09-21","2026-09-22 14:25:48 UTC"
"668716","Noah Murdock","Pittsburgh Pirates",64,64,0,89.84375,95.9,0,"pitcher","mlbam_release_speed_100_mph_threshold_v1",8,1,90.5625,108.6,0.125,"2026-09-21","2026-09-22 14:25:48 UTC"
"670950","Trevor Richards","Chicago White Sox",1218,1218,0,87.9593596059113,95.9,0,"pitcher","mlbam_release_speed_100_mph_threshold_v1",228,52,90.5114035087719,115.4,0.228070175438596,"2026-09-21","2026-09-22 14:25:48 UTC"
"681982","Grant Anderson","Milwaukee Brewers",918,918,0,88.5760348583878,95.9,0,"pitcher","mlbam_release_speed_100_mph_threshold_v1",159,31,87.6119496855346,111.3,0.19496855345912,"2026-09-21","2026-09-22 14:25:48 UTC"
"692030","Jose Corniell","Texas Rangers",104,104,0,88.1326923076923,95.9,0,"pitcher","mlbam_release_speed_100_mph_threshold_v1",20,6,88.2,107.2,0.3,"2026-09-21","2026-09-22 14:25:48 UTC"
"692230","Carlos Rodriguez","Milwaukee Brewers",182,182,0,89.5142857142857,95.9,0,"pitcher","mlbam_release_speed_100_mph_threshold_v1",30,3,83.4766666666667,115.1,0.1,"2026-09-21","2026-09-22 14:25:48 UTC"
"696146","Hagen Smith","Chicago White Sox",418,418,0,89.366985645933,95.9,0,"pitcher","mlbam_release_speed_100_mph_threshold_v1",45,10,87.2733333333333,107.4,0.222222222222222,"2026-09-21","2026-09-22 14:25:48 UTC"
"814490","Ethan Pecko","Houston Astros",487,487,0,88.8260780287474,95.9,0,"pitcher","mlbam_release_speed_100_mph_threshold_v1",82,23,89.2780487804878,109.5,0.280487804878049,"2026-09-21","2026-09-22 14:25:48 UTC"
"518585","Fernando Cruz","New York Yankees",944,944,0,84.8722457627119,95.8,0,"pitcher","mlbam_release_speed_100_mph_threshold_v1",133,29,85.8135338345865,108.6,0.218045112781955,"2026-09-21","2026-09-22 14:25:48 UTC"
"605242","Michael Fulmer","New York Yankees",219,219,0,87.1575342465753,95.8,0,"pitcher","mlbam_release_speed_100_mph_threshold_v1",29,5,86.3172413793103,105.8,0.172413793103448,"2026-09-21","2026-09-22 14:25:48 UTC"
"657376","Clarke Schmidt","New York Yankees",24,24,0,88.3,95.8,0,"pitcher","mlbam_release_speed_100_mph_threshold_v1",2,0,68.35,70.5,0,"2026-09-21","2026-09-22 14:25:48 UTC"
"665645","Kervin Castro","New York Yankees",94,94,0,91.9063829787234,95.8,0,"pitcher","mlbam_release_speed_100_mph_threshold_v1",13,4,92.4769230769231,111.9,0.307692307692308,"2026-09-21","2026-09-22 14:25:48 UTC"
"667652","Jack Ralston","Miami Marlins",234,234,0,85.7871794871795,95.8,0,"pitcher","mlbam_release_speed_100_mph_threshold_v1",35,8,84.4428571428571,108.5,0.228571428571429,"2026-09-21","2026-09-22 14:25:48 UTC"
"669211","Keegan Akin","Baltimore Orioles",443,443,0,90.1641083521445,95.8,0,"pitcher","mlbam_release_speed_100_mph_threshold_v1",86,10,84.2593023255814,109,0.116279069767442,"2026-09-21","2026-09-22 14:25:48 UTC"
"682608","Peyton Gray","Texas Rangers",929,929,0,87.9841765339074,95.8,0,"pitcher","mlbam_release_speed_100_mph_threshold_v1",164,32,86.130487804878,110.3,0.195121951219512,"2026-09-21","2026-09-22 14:25:48 UTC"
"694341","Brendan Beck","New York Yankees",149,149,0,88.0389261744966,95.8,0,"pitcher","mlbam_release_speed_100_mph_threshold_v1",24,10,95.1916666666667,110.9,0.416666666666667,"2026-09-21","2026-09-22 14:25:48 UTC"
"800600","Jackson Kent","Washington Nationals",605,605,0,88.0679338842975,95.8,0,"pitcher","mlbam_release_speed_100_mph_threshold_v1",101,19,87.509900990099,111.3,0.188118811881188,"2026-09-21","2026-09-22 14:25:48 UTC"
"802408","Brycen Mautz","St. Louis Cardinals",260,260,0,87.7019230769231,95.8,0,"pitcher","mlbam_release_speed_100_mph_threshold_v1",37,10,85.8540540540541,110.6,0.27027027027027,"2026-09-21","2026-09-22 14:25:48 UTC"
"807739","Kade Anderson","Seattle Mariners",482,482,0,88.6354771784232,95.8,0,"pitcher","mlbam_release_speed_100_mph_threshold_v1",95,22,87.6263157894737,109.6,0.231578947368421,"2026-09-21","2026-09-22 14:25:48 UTC"
"592662","Robbie Ray","San Diego Padres",2770,2770,0,88.509963898917,95.7,0,"pitcher","mlbam_release_speed_100_mph_threshold_v1",460,107,88.4526086956522,112.9,0.232608695652174,"2026-09-21","2026-09-22 14:25:48 UTC"
"608372","Tomoyuki Sugano","Colorado Rockies",2432,2432,0,88.3217105263158,95.7,0,"pitcher","mlbam_release_speed_100_mph_threshold_v1",501,145,90.713373253493,116.7,0.289421157684631,"2026-09-21","2026-09-22 14:25:48 UTC"
"608650","Dietrich Enns","Baltimore Orioles",291,291,0,88.9690721649485,95.7,0,"pitcher","mlbam_release_speed_100_mph_threshold_v1",46,10,88.6804347826087,107.7,0.217391304347826,"2026-09-21","2026-09-22 14:25:48 UTC"
"656222","Jalen Beeks","Texas Rangers",407,407,0,90.0970515970516,95.7,0,"pitcher","mlbam_release_speed_100_mph_threshold_v1",84,26,88.1845238095238,116.9,0.30952380952381,"2026-09-21","2026-09-22 14:25:48 UTC"
"656849","David Peterson","Chicago Cubs",2385,2385,0,88.9086373165619,95.7,0,"pitcher","mlbam_release_speed_100_mph_threshold_v1",442,112,88.1755656108597,111.7,0.253393665158371,"2026-09-21","2026-09-22 14:25:48 UTC"
"663485","Cole Sands","Minnesota Twins",209,209,0,89.1248803827751,95.7,0,"pitcher","mlbam_release_speed_100_mph_threshold_v1",39,12,93.525641025641,108.7,0.307692307692308,"2026-09-21","2026-09-22 14:25:48 UTC"
"675627","Michael Grove","Tampa Bay Rays",89,89,0,88.5044943820225,95.7,0,"pitcher","mlbam_release_speed_100_mph_threshold_v1",22,6,90.8318181818182,107.6,0.272727272727273,"2026-09-21","2026-09-22 14:25:48 UTC"
"676568","Ricky Vanasco","Detroit Tigers",170,170,0,88.8188235294118,95.7,0,"pitcher","mlbam_release_speed_100_mph_threshold_v1",30,8,87.61,106.3,0.266666666666667,"2026-09-21","2026-09-22 14:25:48 UTC"
"686628","Blake Burkhalter","Atlanta Braves",23,23,0,90.3739130434783,95.7,0,"pitcher","mlbam_release_speed_100_mph_threshold_v1",3,1,93.4333333333333,102,0.333333333333333,"2026-09-21","2026-09-22 14:25:48 UTC"
"687312","Gabriel Hughes","Colorado Rockies",1142,1142,0,89.2219789842382,95.7,0,"pitcher","mlbam_release_speed_100_mph_threshold_v1",199,30,86.5959798994975,109,0.150753768844221,"2026-09-21","2026-09-22 14:25:48 UTC"
"687985","Josh White","Miami Marlins",43,43,0,90.0372093023256,95.7,0,"pitcher","mlbam_release_speed_100_mph_threshold_v1",2,1,94.8,109,0.5,"2026-09-21","2026-09-22 14:25:48 UTC"
"694363","Jared Shuster","St. Louis Cardinals",166,166,0,88.8566265060241,95.7,0,"pitcher","mlbam_release_speed_100_mph_threshold_v1",34,10,91.0264705882353,107.7,0.294117647058824,"2026-09-21","2026-09-22 14:25:48 UTC"
"697812","Joe Rock","Athletics",211,211,0,90.0208530805687,95.7,0,"pitcher","mlbam_release_speed_100_mph_threshold_v1",29,10,92.1931034482759,109.4,0.344827586206897,"2026-09-21","2026-09-22 14:25:48 UTC"
"518876","Merrill Kelly","Arizona Diamondbacks",2543,2543,0,89.2924105387338,95.6,0,"pitcher","mlbam_release_speed_100_mph_threshold_v1",498,133,89.1339357429719,114.5,0.267068273092369,"2026-09-21","2026-09-22 14:25:48 UTC"
"605135","Chris Bassitt","Baltimore Orioles",1641,1641,0,85.5090188909202,95.6,0,"pitcher","mlbam_release_speed_100_mph_threshold_v1",320,70,87.556875,114,0.21875,"2026-09-21","2026-09-22 14:25:48 UTC"
"641312","Shaun Anderson","Los Angeles Angels",351,351,0,88.9404558404558,95.6,0,"pitcher","mlbam_release_speed_100_mph_threshold_v1",65,14,86.3230769230769,115,0.215384615384615,"2026-09-21","2026-09-22 14:25:48 UTC"
"665152","Dean Kremer","Minnesota Twins",1392,1392,0,86.7804597701149,95.6,0,"pitcher","mlbam_release_speed_100_mph_threshold_v1",229,50,87.4659388646288,109.9,0.218340611353712,"2026-09-21","2026-09-22 14:25:48 UTC"
"669854","Ronel Blanco","Houston Astros",540,540,0,87.6225925925926,95.6,0,"pitcher","mlbam_release_speed_100_mph_threshold_v1",94,17,88.9265957446809,111.5,0.180851063829787,"2026-09-21","2026-09-22 14:25:48 UTC"
"689520","Cody Laweryson","Minnesota Twins",296,296,0,89.7804054054054,95.6,0,"pitcher","mlbam_release_speed_100_mph_threshold_v1",49,16,92.4428571428572,107.9,0.326530612244898,"2026-09-21","2026-09-22 14:25:48 UTC"
"702153","Brian Fitzpatrick","Milwaukee Brewers",109,109,0,87.5504587155963,95.6,0,"pitcher","mlbam_release_speed_100_mph_threshold_v1",22,3,80.7954545454545,106,0.136363636363636,"2026-09-21","2026-09-22 14:25:48 UTC"
"660604","Alan Rangel","Philadelphia Phillies",491,491,0,84.6551934826884,95.5,0,"pitcher","mlbam_release_speed_100_mph_threshold_v1",79,16,86.9708860759494,109.8,0.20253164556962,"2026-09-21","2026-09-22 14:25:48 UTC"
"664744","Jose Espada","Baltimore Orioles",15,15,0,88.0333333333333,95.5,0,"pitcher","mlbam_release_speed_100_mph_threshold_v1",4,2,95.375,104.3,0.5,"2026-09-21","2026-09-22 14:25:48 UTC"
"671131","Jackson Rutledge","Washington Nationals",44,44,0,89.0090909090909,95.5,0,"pitcher","mlbam_release_speed_100_mph_threshold_v1",8,2,85.1375,104.2,0.25,"2026-09-21","2026-09-22 14:25:48 UTC"
"694297","Brandon Pfaadt","Arizona Diamondbacks",1927,1927,0,89.0101193565127,95.5,0,"pitcher","mlbam_release_speed_100_mph_threshold_v1",408,86,88.305637254902,112.3,0.21078431372549,"2026-09-21","2026-09-22 14:25:48 UTC"
"700241","Michael McGreevy","St. Louis Cardinals",2682,2682,0,87.1249067859806,95.5,0,"pitcher","mlbam_release_speed_100_mph_threshold_v1",516,128,89.2478682170543,116,0.248062015503876,"2026-09-21","2026-09-22 14:25:48 UTC"
"701121","Logan VanWey","Houston Astros",113,113,0,89.9194690265487,95.5,0,"pitcher","mlbam_release_speed_100_mph_threshold_v1",24,8,88.0375,111.7,0.333333333333333,"2026-09-21","2026-09-22 14:25:48 UTC"
"801434","Paul Gervase","Los Angeles Dodgers",124,124,0,88.4556451612903,95.5,0,"pitcher","mlbam_release_speed_100_mph_threshold_v1",21,3,86.4095238095238,104.2,0.142857142857143,"2026-09-21","2026-09-22 14:25:48 UTC"
"804267","Zac Thornton","New York Mets",1174,1173,0,87.5647911338448,95.5,0,"pitcher","mlbam_release_speed_100_mph_threshold_v1",239,61,88.3556485355649,113.2,0.255230125523013,"2026-09-21","2026-09-22 14:25:48 UTC"
"593958","Eduardo Rodriguez","Arizona Diamondbacks",2975,2975,0,88.3318655462185,95.4,0,"pitcher","mlbam_release_speed_100_mph_threshold_v1",558,108,86.3729390681004,111.4,0.193548387096774,"2026-09-21","2026-09-22 14:25:48 UTC"
"605400","Aaron Nola","Philadelphia Phillies",2837,2837,0,85.9245329573493,95.4,0,"pitcher","mlbam_release_speed_100_mph_threshold_v1",484,117,87.851652892562,113.5,0.241735537190083,"2026-09-21","2026-09-22 14:25:48 UTC"
"621345","A.J. Minter","Minnesota Twins",652,652,0,90.123773006135,95.4,0,"pitcher","mlbam_release_speed_100_mph_threshold_v1",127,29,85.4677165354331,107.6,0.228346456692913,"2026-09-21","2026-09-22 14:25:48 UTC"
"640455","Sean Manaea","New York Mets",2294,2294,0,85.4995204882302,95.4,0,"pitcher","mlbam_release_speed_100_mph_threshold_v1",412,114,88.4424757281553,114.6,0.276699029126214,"2026-09-21","2026-09-22 14:25:48 UTC"
"664353","José Urquidy","Philadelphia Phillies",557,557,0,85.7585278276481,95.4,0,"pitcher","mlbam_release_speed_100_mph_threshold_v1",113,22,87.4477876106195,108.9,0.194690265486726,"2026-09-21","2026-09-22 14:25:48 UTC"
"664849","Danny Young","Atlanta Braves",265,265,0,88.2184905660377,95.4,0,"pitcher","mlbam_release_speed_100_mph_threshold_v1",34,12,92.7764705882353,105.5,0.352941176470588,"2026-09-21","2026-09-22 14:25:48 UTC"
"668984","Casey Legumina","Tampa Bay Rays",1097,1079,0,89.755421686747,95.4,0,"pitcher","mlbam_release_speed_100_mph_threshold_v1",211,34,86.3478672985782,118.5,0.161137440758294,"2026-09-21","2026-09-22 14:25:48 UTC"
"669060","Bryse Wilson","Milwaukee Brewers",533,533,0,89.4983114446529,95.4,0,"pitcher","mlbam_release_speed_100_mph_threshold_v1",109,32,90.4954128440367,112.2,0.293577981651376,"2026-09-21","2026-09-22 14:25:48 UTC"
"669330","Tyler Wells","Tampa Bay Rays",1068,1068,0,89.4163857677903,95.4,0,"pitcher","mlbam_release_speed_100_mph_threshold_v1",185,28,86.792972972973,112.4,0.151351351351351,"2026-09-21","2026-09-22 14:25:48 UTC"
"669947","Jesse Scholtens","Tampa Bay Rays",723,723,0,88.8372060857538,95.4,0,"pitcher","mlbam_release_speed_100_mph_threshold_v1",145,28,87.0620689655172,109.4,0.193103448275862,"2026-09-21","2026-09-22 14:25:48 UTC"
"681892","Kody Funderburk","Minnesota Twins",844,844,0,90.0379146919431,95.4,0,"pitcher","mlbam_release_speed_100_mph_threshold_v1",140,27,82.2271428571429,113.3,0.192857142857143,"2026-09-21","2026-09-22 14:25:48 UTC"
"687330","Kevin Kelly","Tampa Bay Rays",975,975,0,89.0126153846154,95.4,0,"pitcher","mlbam_release_speed_100_mph_threshold_v1",196,48,89.355612244898,113,0.244897959183673,"2026-09-21","2026-09-22 14:25:48 UTC"
"687606","Paxton Schultz","Washington Nationals",610,610,0,89.8332786885246,95.4,0,"pitcher","mlbam_release_speed_100_mph_threshold_v1",107,29,89.7700934579439,108.7,0.271028037383178,"2026-09-21","2026-09-22 14:25:48 UTC"
"694494","Ty Johnson","Tampa Bay Rays",100,100,0,89.471,95.4,0,"pitcher","mlbam_release_speed_100_mph_threshold_v1",12,4,84.8583333333333,113.7,0.333333333333333,"2026-09-21","2026-09-22 14:25:48 UTC"
"694820","Braxton Roxby","San Francisco Giants",48,48,0,87.08125,95.4,0,"pitcher","mlbam_release_speed_100_mph_threshold_v1",8,2,87.5125,106.4,0.25,"2026-09-21","2026-09-22 14:25:48 UTC"
"702566","Owen Murphy","Atlanta Braves",162,162,0,89.312962962963,95.4,0,"pitcher","mlbam_release_speed_100_mph_threshold_v1",30,9,92.2433333333333,109.4,0.3,"2026-09-21","2026-09-22 14:25:48 UTC"
"571882","Derek Law","Arizona Diamondbacks",155,155,0,88.8703225806452,95.3,0,"pitcher","mlbam_release_speed_100_mph_threshold_v1",26,5,89.1884615384615,104.4,0.192307692307692,"2026-09-21","2026-09-22 14:25:48 UTC"
"592094","Jason Adam","San Diego Padres",551,551,0,87.3246823956443,95.3,0,"pitcher","mlbam_release_speed_100_mph_threshold_v1",102,18,87.2852941176471,115.6,0.176470588235294,"2026-09-21","2026-09-22 14:25:48 UTC"
"605154","John Brebbia","Colorado Rockies",94,94,0,87.4074468085106,95.3,0,"pitcher","mlbam_release_speed_100_mph_threshold_v1",19,4,89.5052631578947,109.2,0.210526315789474,"2026-09-21","2026-09-22 14:25:48 UTC"
"663542","Bryan Hudson","Chicago White Sox",1013,1013,0,88.3986179664363,95.3,0,"pitcher","mlbam_release_speed_100_mph_threshold_v1",188,33,86.3409574468085,110.4,0.175531914893617,"2026-09-21","2026-09-22 14:25:48 UTC"
"664299","Cristian Javier","Houston Astros",1064,1064,0,88.2297932330827,95.3,0,"pitcher","mlbam_release_speed_100_mph_threshold_v1",182,37,88.8159340659341,110.8,0.203296703296703,"2026-09-21","2026-09-22 14:25:48 UTC"
"676664","JP Sears","San Diego Padres",529,529,0,87.5177693761815,95.3,0,"pitcher","mlbam_release_speed_100_mph_threshold_v1",103,22,90.1271844660194,110.4,0.213592233009709,"2026-09-21","2026-09-22 14:25:48 UTC"
"677020","Josh Walker","Baltimore Orioles",464,464,0,88.3793103448276,95.3,0,"pitcher","mlbam_release_speed_100_mph_threshold_v1",79,12,87.4126582278481,109.5,0.151898734177215,"2026-09-21","2026-09-22 14:25:48 UTC"
"660761","José Suarez","Athletics",1069,1069,0,86.8372310570627,95.2,0,"pitcher","mlbam_release_speed_100_mph_threshold_v1",185,32,86.927027027027,114.9,0.172972972972973,"2026-09-21","2026-09-22 14:25:48 UTC"
"674841","Andrew Alvarez","Washington Nationals",1756,1756,0,87.2650341685649,95.2,0,"pitcher","mlbam_release_speed_100_mph_threshold_v1",291,76,88.6649484536082,116.5,0.261168384879725,"2026-09-21","2026-09-22 14:25:48 UTC"
"679358","Eric Orze","Minnesota Twins",677,677,0,86.3552437223043,95.2,0,"pitcher","mlbam_release_speed_100_mph_threshold_v1",129,22,85.493023255814,113.3,0.170542635658915,"2026-09-21","2026-09-22 14:25:48 UTC"
"681799","Ethan Roberts","Chicago Cubs",436,436,0,89.3949541284404,95.2,0,"pitcher","mlbam_release_speed_100_mph_threshold_v1",76,18,91.0565789473684,109.6,0.236842105263158,"2026-09-21","2026-09-22 14:25:48 UTC"
"682445","Domingo Gonzalez","Seattle Mariners",129,129,0,90.3875968992248,95.2,0,"pitcher","mlbam_release_speed_100_mph_threshold_v1",25,10,92.924,109.7,0.4,"2026-09-21","2026-09-22 14:25:48 UTC"
"693821","Bryce Elder","Atlanta Braves",2245,2245,0,88.5224498886414,95.2,0,"pitcher","mlbam_release_speed_100_mph_threshold_v1",459,107,88.5882352941177,113,0.233115468409586,"2026-09-21","2026-09-22 14:25:48 UTC"
"702070","Noah Cameron","Kansas City Royals",2792,2792,0,86.8044054441261,95.2,0,"pitcher","mlbam_release_speed_100_mph_threshold_v1",503,116,87.8324055666004,115.9,0.230616302186879,"2026-09-21","2026-09-22 14:25:48 UTC"
"657265","Peter Strzelecki","St. Louis Cardinals",251,251,0,87.4908366533865,95.1,0,"pitcher","mlbam_release_speed_100_mph_threshold_v1",45,8,89.7,110,0.177777777777778,"2026-09-21","2026-09-22 14:25:48 UTC"
"663362","Matt Waldron","Washington Nationals",690,690,0,85.9795652173913,95.1,0,"pitcher","mlbam_release_speed_100_mph_threshold_v1",148,23,86.8081081081081,109.5,0.155405405405405,"2026-09-21","2026-09-22 14:25:48 UTC"
"676510","Nolan Hoffman","Kansas City Royals",178,178,0,89.3196629213483,95.1,0,"pitcher","mlbam_release_speed_100_mph_threshold_v1",37,5,81.5324324324324,115.8,0.135135135135135,"2026-09-21","2026-09-22 14:25:48 UTC"
"681895","Evan Sisk","Pittsburgh Pirates",791,791,0,85.1752212389381,95.1,0,"pitcher","mlbam_release_speed_100_mph_threshold_v1",106,20,84.161320754717,111.8,0.188679245283019,"2026-09-21","2026-09-22 14:25:48 UTC"
"687792","DJ Herz","Washington Nationals",63,63,0,88.3634920634921,95.1,0,"pitcher","mlbam_release_speed_100_mph_threshold_v1",13,4,86.9,107.8,0.307692307692308,"2026-09-21","2026-09-22 14:25:48 UTC"
"621097","Jacob Waguespack","Detroit Tigers",620,620,0,88.426935483871,95,0,"pitcher","mlbam_release_speed_100_mph_threshold_v1",120,24,82.9333333333333,107.9,0.2,"2026-09-21","2026-09-22 14:25:48 UTC"
"657277","Logan Webb","San Francisco Giants",2488,2488,0,88.724115755627,95,0,"pitcher","mlbam_release_speed_100_mph_threshold_v1",478,111,87.7320083682008,114.4,0.232217573221757,"2026-09-21","2026-09-22 14:25:48 UTC"
"687911","Bryan King","Houston Astros",1021,1021,0,89.0083251714006,95,0,"pitcher","mlbam_release_speed_100_mph_threshold_v1",191,36,86.1298429319372,108.6,0.18848167539267,"2026-09-21","2026-09-22 14:25:48 UTC"
"687931","Carson Whisenhunt","San Francisco Giants",616,616,0,87.6737012987013,95,0,"pitcher","mlbam_release_speed_100_mph_threshold_v1",116,29,90.9129310344828,114,0.25,"2026-09-21","2026-09-22 14:25:48 UTC"
"694350","Zach Brzykcy","Miami Marlins",48,48,0,89.7583333333333,95,0,"pitcher","mlbam_release_speed_100_mph_threshold_v1",8,2,91.5875,102.7,0.25,"2026-09-21","2026-09-22 14:25:48 UTC"
"702885","Cesar Perdomo","San Francisco Giants",298,298,0,89.4996644295302,95,0,"pitcher","mlbam_release_speed_100_mph_threshold_v1",64,17,89.103125,110,0.265625,"2026-09-21","2026-09-22 14:25:48 UTC"
"434378","Justin Verlander","Detroit Tigers",80,80,0,87.92,94.9,0,"pitcher","mlbam_release_speed_100_mph_threshold_v1",16,7,93.50625,107.8,0.4375,"2026-09-21","2026-09-22 14:25:48 UTC"
"519141","Drew Pomeranz","Chicago Cubs",478,478,0,90.0374476987448,94.9,0,"pitcher","mlbam_release_speed_100_mph_threshold_v1",99,22,87.8717171717172,109.8,0.222222222222222,"2026-09-21","2026-09-22 14:25:48 UTC"
"596001","Jakob Junis","Texas Rangers",779,779,0,86.693838254172,94.9,0,"pitcher","mlbam_release_speed_100_mph_threshold_v1",164,26,87.434756097561,112.4,0.158536585365854,"2026-09-21","2026-09-22 14:25:48 UTC"
"605218","Carl Edwards Jr.","New York Mets",99,99,0,88.020202020202,94.9,0,"pitcher","mlbam_release_speed_100_mph_threshold_v1",10,3,93.63,102.8,0.3,"2026-09-21","2026-09-22 14:25:48 UTC"
"622694","Elieser Hernández","Atlanta Braves",203,203,0,85.5266009852217,94.9,0,"pitcher","mlbam_release_speed_100_mph_threshold_v1",32,8,87.978125,107.8,0.25,"2026-09-21","2026-09-22 14:25:48 UTC"
"624133","Ranger Suarez","Boston Red Sox",2298,2298,0,85.9559617058312,94.9,0,"pitcher","mlbam_release_speed_100_mph_threshold_v1",406,78,86.1039408866995,113.6,0.192118226600985,"2026-09-21","2026-09-22 14:25:48 UTC"
"641386","Ben Bowden","Athletics",40,40,0,91.4975,94.9,0,"pitcher","mlbam_release_speed_100_mph_threshold_v1",5,1,88.6,112.4,0.2,"2026-09-21","2026-09-22 14:25:48 UTC"
"641793","Zack Littell","Arizona Diamondbacks",1977,1977,0,87.8332321699545,94.9,0,"pitcher","mlbam_release_speed_100_mph_threshold_v1",425,124,91.1164705882353,115.2,0.291764705882353,"2026-09-21","2026-09-22 14:25:48 UTC"
"669203","Corbin Burnes","Arizona Diamondbacks",198,198,0,87.7924242424242,94.9,0,"pitcher","mlbam_release_speed_100_mph_threshold_v1",35,9,90.9914285714286,109.8,0.257142857142857,"2026-09-21","2026-09-22 14:25:48 UTC"
"669438","Mason Englert","Tampa Bay Rays",597,579,0,86.0528497409326,94.9,0,"pitcher","mlbam_release_speed_100_mph_threshold_v1",113,30,88.0840707964602,112.6,0.265486725663717,"2026-09-21","2026-09-22 14:25:48 UTC"
"676454","Brendan Cellucci","Toronto Blue Jays",68,68,0,88.0117647058824,94.9,0,"pitcher","mlbam_release_speed_100_mph_threshold_v1",9,4,95.1111111111111,105.4,0.444444444444444,"2026-09-21","2026-09-22 14:25:48 UTC"
"681320","Nate Lavender","New York Mets",250,250,0,89.4924,94.9,0,"pitcher","mlbam_release_speed_100_mph_threshold_v1",43,7,87.6255813953488,114.2,0.162790697674419,"2026-09-21","2026-09-22 14:25:48 UTC"
"702474","Mike Paredes","Minnesota Twins",551,551,0,87.7729582577132,94.9,0,"pitcher","mlbam_release_speed_100_mph_threshold_v1",118,31,91.1118644067797,111.1,0.26271186440678,"2026-09-21","2026-09-22 14:25:48 UTC"
"594580","Sam Moll","Cincinnati Reds",1073,1073,0,86.8230195712954,94.8,0,"pitcher","mlbam_release_speed_100_mph_threshold_v1",153,29,86.2084967320261,109.9,0.189542483660131,"2026-09-21","2026-09-22 14:25:48 UTC"
"607259","Nick Martinez","Tampa Bay Rays",2380,2380,0,87.2207983193277,94.8,0,"pitcher","mlbam_release_speed_100_mph_threshold_v1",554,110,86.4705776173285,113.3,0.1985559566787,"2026-09-21","2026-09-22 14:25:48 UTC"
"621016","Jose Cuas","Kansas City Royals",414,414,0,89.3219806763285,94.8,0,"pitcher","mlbam_release_speed_100_mph_threshold_v1",58,9,83.2,111.7,0.155172413793103,"2026-09-21","2026-09-22 14:25:48 UTC"
"643410","Mark Leiter Jr.","Athletics",551,551,0,85.7484573502722,94.8,0,"pitcher","mlbam_release_speed_100_mph_threshold_v1",91,16,86.7791208791209,110.5,0.175824175824176,"2026-09-21","2026-09-22 14:25:48 UTC"
"663559","Bailey Falter","Atlanta Braves",217,217,0,88.2437788018433,94.8,0,"pitcher","mlbam_release_speed_100_mph_threshold_v1",55,20,89.9272727272727,110.8,0.363636363636364,"2026-09-21","2026-09-22 14:25:48 UTC"
"669298","TJ Shook","Colorado Rockies",134,134,0,88.2559701492537,94.8,0,"pitcher","mlbam_release_speed_100_mph_threshold_v1",27,6,91.3703703703704,108.1,0.222222222222222,"2026-09-21","2026-09-22 14:25:48 UTC"
"681293","Spencer Arrighetti","Toronto Blue Jays",1942,1942,0,84.4069001029866,94.8,0,"pitcher","mlbam_release_speed_100_mph_threshold_v1",304,57,86.5394736842105,112.5,0.1875,"2026-09-21","2026-09-22 14:25:48 UTC"
"683155","Joey Estes","Athletics",125,125,0,87.3488,94.8,0,"pitcher","mlbam_release_speed_100_mph_threshold_v1",27,7,90.7111111111111,106.9,0.259259259259259,"2026-09-21","2026-09-22 14:25:48 UTC"
"687765","Mitch Spence","Kansas City Royals",200,200,0,88.4695,94.8,0,"pitcher","mlbam_release_speed_100_mph_threshold_v1",41,13,91.5585365853659,106.7,0.317073170731707,"2026-09-21","2026-09-22 14:25:48 UTC"
"689149","Chad Dallas","Toronto Blue Jays",227,227,0,87.9762114537445,94.8,0,"pitcher","mlbam_release_speed_100_mph_threshold_v1",36,4,89.9388888888889,113.3,0.111111111111111,"2026-09-21","2026-09-22 14:25:48 UTC"
"696136","Jordan Wicks","Chicago Cubs",180,180,0,88.255,94.8,0,"pitcher","mlbam_release_speed_100_mph_threshold_v1",39,8,88.5461538461538,113.4,0.205128205128205,"2026-09-21","2026-09-22 14:25:48 UTC"
"668831","Garrett Stallings","Milwaukee Brewers",197,197,0,86.0903553299492,94.7,0,"pitcher","mlbam_release_speed_100_mph_threshold_v1",29,2,84.6,104.7,0.0689655172413793,"2026-09-21","2026-09-22 14:25:48 UTC"
"670062","Julian Garcia","Cincinnati Reds",712,712,0,86.0238764044944,94.7,0,"pitcher","mlbam_release_speed_100_mph_threshold_v1",117,22,86.4623931623932,107.9,0.188034188034188,"2026-09-21","2026-09-22 14:25:48 UTC"
"681751","Lazaro Estrada","Toronto Blue Jays",228,228,0,87.1657894736842,94.7,0,"pitcher","mlbam_release_speed_100_mph_threshold_v1",37,6,86.2216216216216,106.5,0.162162162162162,"2026-09-21","2026-09-22 14:25:48 UTC"
"681911","Alex Vesia","Los Angeles Dodgers",968,968,0,88.4390495867769,94.7,0,"pitcher","mlbam_release_speed_100_mph_threshold_v1",127,20,87.5661417322835,113.4,0.15748031496063,"2026-09-21","2026-09-22 14:25:48 UTC"
"700413","Tyler Uberstine","Boston Red Sox",45,45,0,87.7466666666667,94.7,0,"pitcher","mlbam_release_speed_100_mph_threshold_v1",8,1,87.3875,103.6,0.125,"2026-09-21","2026-09-22 14:25:48 UTC"
"804926","Austin Peterson","Cleveland Guardians",31,31,0,88.2548387096774,94.7,0,"pitcher","mlbam_release_speed_100_mph_threshold_v1",5,0,87.84,98.3,0,"2026-09-21","2026-09-22 14:25:48 UTC"
"815083","Mitch Farris","Los Angeles Angels",919,888,0,86.6872747747748,94.7,0,"pitcher","mlbam_release_speed_100_mph_threshold_v1",145,36,89.2924137931034,112.6,0.248275862068966,"2026-09-21","2026-09-22 14:25:48 UTC"
"650644","Aaron Civale","Chicago Cubs",1828,1828,0,85.8794310722101,94.6,0,"pitcher","mlbam_release_speed_100_mph_threshold_v1",346,78,88.3650289017341,112.1,0.225433526011561,"2026-09-21","2026-09-22 14:25:48 UTC"
"670912","Johan Oviedo","Boston Red Sox",72,72,0,86.8208333333333,94.6,0,"pitcher","mlbam_release_speed_100_mph_threshold_v1",13,6,92.4230769230769,110.2,0.461538461538462,"2026-09-21","2026-09-22 14:25:48 UTC"
"677976","Randy Dobnak","Kansas City Royals",1222,1222,0,87.4394435351882,94.6,0,"pitcher","mlbam_release_speed_100_mph_threshold_v1",231,55,89.4082251082251,113.7,0.238095238095238,"2026-09-21","2026-09-22 14:25:48 UTC"
"687924","Julian Aguiar","Cincinnati Reds",54,54,0,87.5296296296296,94.6,0,"pitcher","mlbam_release_speed_100_mph_threshold_v1",11,0,82.5909090909091,99.5,0,"2026-09-21","2026-09-22 14:25:48 UTC"
"690279","Mason Adams","Colorado Rockies",388,388,0,89.3770618556701,94.6,0,"pitcher","mlbam_release_speed_100_mph_threshold_v1",65,19,92.2123076923077,111.5,0.292307692307692,"2026-09-21","2026-09-22 14:25:48 UTC"
"695049","Brett Kerry","Los Angeles Angels",212,212,0,87.3830188679245,94.6,0,"pitcher","mlbam_release_speed_100_mph_threshold_v1",40,9,88.4975,110.3,0.225,"2026-09-21","2026-09-22 14:25:48 UTC"
"543243","Sonny Gray","Boston Red Sox",2397,2397,0,87.4288277012933,94.5,0,"pitcher","mlbam_release_speed_100_mph_threshold_v1",460,107,88.9332608695652,111.1,0.232608695652174,"2026-09-21","2026-09-22 14:25:48 UTC"
"606965","Chris Devenski","New York Mets",133,133,0,86.4165413533835,94.5,0,"pitcher","mlbam_release_speed_100_mph_threshold_v1",31,10,92.9258064516129,114,0.32258064516129,"2026-09-21","2026-09-22 14:25:48 UTC"
"657571","Caleb Ferguson","St. Louis Cardinals",587,587,0,89.0889267461669,94.5,0,"pitcher","mlbam_release_speed_100_mph_threshold_v1",98,26,88.55,111.3,0.26530612244898,"2026-09-21","2026-09-22 14:25:48 UTC"
"668834","Easton McGee","Kansas City Royals",184,184,0,86.9869565217391,94.5,0,"pitcher","mlbam_release_speed_100_mph_threshold_v1",38,9,90.2789473684211,115.3,0.236842105263158,"2026-09-21","2026-09-22 14:25:48 UTC"
"671096","Andrew Abbott","Cincinnati Reds",2769,2758,0,87.4048948513416,94.5,0,"pitcher","mlbam_release_speed_100_mph_threshold_v1",487,118,88.8156057494867,113,0.242299794661191,"2026-09-21","2026-09-22 14:25:48 UTC"
"682052","Jacob Lopez","Athletics",2149,2132,0,83.9866322701689,94.5,0,"pitcher","mlbam_release_speed_100_mph_threshold_v1",359,54,83.6011142061281,110.8,0.15041782729805,"2026-09-21","2026-09-22 14:25:48 UTC"
"592791","Jameson Taillon","Toronto Blue Jays",1443,1443,0,86.2321552321552,94.4,0,"pitcher","mlbam_release_speed_100_mph_threshold_v1",260,63,88.9665384615385,112.4,0.242307692307692,"2026-09-21","2026-09-22 14:25:48 UTC"
"592836","Taijuan Walker","Philadelphia Phillies",424,424,0,86.1419811320755,94.4,0,"pitcher","mlbam_release_speed_100_mph_threshold_v1",85,21,87.5470588235294,108.8,0.247058823529412,"2026-09-21","2026-09-22 14:25:48 UTC"
"641778","Eric Lauer","Los Angeles Dodgers",1814,1814,0,86.79796030871,94.4,0,"pitcher","mlbam_release_speed_100_mph_threshold_v1",353,76,87.4949008498584,114.5,0.215297450424929,"2026-09-21","2026-09-22 14:25:48 UTC"
"656786","Parker Mushinski","Colorado Rockies",139,139,0,86.8503597122302,94.4,0,"pitcher","mlbam_release_speed_100_mph_threshold_v1",29,6,90.1172413793103,105.5,0.206896551724138,"2026-09-21","2026-09-22 14:25:48 UTC"
"657424","Matt Gage","San Francisco Giants",526,526,0,87.7117870722433,94.4,0,"pitcher","mlbam_release_speed_100_mph_threshold_v1",86,18,86.0918604651163,110.5,0.209302325581395,"2026-09-21","2026-09-22 14:25:48 UTC"
"687223","Carson Palmquist","Washington Nationals",313,313,0,82.8329073482428,94.4,0,"pitcher","mlbam_release_speed_100_mph_threshold_v1",52,7,83.0134615384615,102.9,0.134615384615385,"2026-09-21","2026-09-22 14:25:48 UTC"
"691951","Sam Aldegheri","Los Angeles Angels",610,610,0,86.0972131147541,94.4,0,"pitcher","mlbam_release_speed_100_mph_threshold_v1",111,23,85.9936936936937,113,0.207207207207207,"2026-09-21","2026-09-22 14:25:48 UTC"
"621383","Tanner Banks","Philadelphia Phillies",623,623,0,87.2662921348315,94.3,0,"pitcher","mlbam_release_speed_100_mph_threshold_v1",113,27,85.6283185840708,108.8,0.238938053097345,"2026-09-21","2026-09-22 14:25:48 UTC"
"642048","Tayler Saucedo","Los Angeles Angels",313,313,0,87.1041533546326,94.3,0,"pitcher","mlbam_release_speed_100_mph_threshold_v1",50,12,86.728,111,0.24,"2026-09-21","2026-09-22 14:25:48 UTC"
"642121","Cole Sulser","Tampa Bay Rays",874,874,0,87.9258581235698,94.3,0,"pitcher","mlbam_release_speed_100_mph_threshold_v1",153,41,86.9019607843137,110.7,0.26797385620915,"2026-09-21","2026-09-22 14:25:48 UTC"
"669920","Jason Alexander","Houston Astros",299,299,0,85.7715719063545,94.3,0,"pitcher","mlbam_release_speed_100_mph_threshold_v1",60,10,87.1033333333333,110,0.166666666666667,"2026-09-21","2026-09-22 14:25:48 UTC"
"676910","Matt Seelinger","New York Mets",52,52,0,87.8673076923077,94.3,0,"pitcher","mlbam_release_speed_100_mph_threshold_v1",9,2,91.0777777777778,107.1,0.222222222222222,"2026-09-21","2026-09-22 14:25:48 UTC"
"680686","Josiah Gray","Washington Nationals",40,40,0,86.405,94.3,0,"pitcher","mlbam_release_speed_100_mph_threshold_v1",10,2,92.12,102.4,0.2,"2026-09-21","2026-09-22 14:25:48 UTC"
"573124","Taylor Rogers","Minnesota Twins",1054,1054,0,84.465559772296,94.2,0,"pitcher","mlbam_release_speed_100_mph_threshold_v1",181,25,84.1651933701657,110,0.138121546961326,"2026-09-21","2026-09-22 14:25:48 UTC"
"607536","Kyle Freeland","Colorado Rockies",2056,2056,0,87.0302042801556,94.2,0,"pitcher","mlbam_release_speed_100_mph_threshold_v1",435,128,89.9742528735632,112.9,0.294252873563218,"2026-09-21","2026-09-22 14:25:48 UTC"
"621121","Lance McCullers Jr.","Milwaukee Brewers",793,793,0,86.7997477931904,94.2,0,"pitcher","mlbam_release_speed_100_mph_threshold_v1",118,28,90.528813559322,111.9,0.23728813559322,"2026-09-21","2026-09-22 14:25:48 UTC"
"623474","Jimmy Herget","Colorado Rockies",897,897,0,85.263099219621,94.2,0,"pitcher","mlbam_release_speed_100_mph_threshold_v1",153,40,87.1058823529412,115.1,0.261437908496732,"2026-09-21","2026-09-22 14:25:48 UTC"
"641302","Tyler Alexander","Texas Rangers",1132,1132,0,87.2196996466431,94.2,0,"pitcher","mlbam_release_speed_100_mph_threshold_v1",210,34,85.6980952380952,110.2,0.161904761904762,"2026-09-21","2026-09-22 14:25:48 UTC"
"664192","Joey Lucchesi","Los Angeles Angels",112,112,0,87.2598214285714,94.2,0,"pitcher","mlbam_release_speed_100_mph_threshold_v1",13,6,95.1769230769231,106.6,0.461538461538462,"2026-09-21","2026-09-22 14:25:48 UTC"
"669169","Jonathan Heasley","Tampa Bay Rays",64,64,0,86.265625,94.2,0,"pitcher","mlbam_release_speed_100_mph_threshold_v1",17,6,95.1294117647059,109.9,0.352941176470588,"2026-09-21","2026-09-22 14:25:48 UTC"
"669456","Shane Bieber","Toronto Blue Jays",930,930,0,88.4513978494624,94.2,0,"pitcher","mlbam_release_speed_100_mph_threshold_v1",174,53,89.9281609195402,114.6,0.304597701149425,"2026-09-21","2026-09-22 14:25:48 UTC"
"681252","Jack Anderson","Minnesota Twins",180,180,0,84.7566666666667,94.2,0,"pitcher","mlbam_release_speed_100_mph_threshold_v1",33,4,85.3757575757576,107.9,0.121212121212121,"2026-09-21","2026-09-22 14:25:48 UTC"
"683352","Mitch Bratt","Arizona Diamondbacks",726,726,0,86.7947658402204,94.2,0,"pitcher","mlbam_release_speed_100_mph_threshold_v1",136,20,85.2279411764706,112.1,0.147058823529412,"2026-09-21","2026-09-22 14:25:48 UTC"
"686678","Chase Solesky","Tampa Bay Rays",58,58,0,88.8706896551724,94.2,0,"pitcher","mlbam_release_speed_100_mph_threshold_v1",12,3,89.4416666666667,103,0.25,"2026-09-21","2026-09-22 14:25:48 UTC"
"806188","Cade Gibson","Miami Marlins",841,841,0,84.8185493460167,94.2,0,"pitcher","mlbam_release_speed_100_mph_threshold_v1",145,25,85.2268965517241,109.1,0.172413793103448,"2026-09-21","2026-09-22 14:25:48 UTC"
"592826","Vince Velasquez","Chicago Cubs",43,43,0,89.1627906976744,94.1,0,"pitcher","mlbam_release_speed_100_mph_threshold_v1",10,2,85.76,101.1,0.2,"2026-09-21","2026-09-22 14:25:48 UTC"
"595345","Steven Okert","Houston Astros",1050,1050,0,84.2568571428571,94.1,0,"pitcher","mlbam_release_speed_100_mph_threshold_v1",173,27,86.4942196531792,111.1,0.15606936416185,"2026-09-21","2026-09-22 14:25:48 UTC"
"656492","Foster Griffin","Cleveland Guardians",2750,2750,0,86.0267272727273,94.1,0,"pitcher","mlbam_release_speed_100_mph_threshold_v1",484,115,87.4956611570248,119,0.237603305785124,"2026-09-21","2026-09-22 14:25:48 UTC"
"663903","Brady Singer","Cincinnati Reds",2738,2738,0,87.3326880934989,94.1,0,"pitcher","mlbam_release_speed_100_mph_threshold_v1",496,131,90.3475806451613,113.4,0.264112903225806,"2026-09-21","2026-09-22 14:25:48 UTC"
"673513","Yuki Matsui","San Diego Padres",1042,1042,0,87.2241842610365,94.1,0,"pitcher","mlbam_release_speed_100_mph_threshold_v1",147,24,84.9802721088435,111.7,0.163265306122449,"2026-09-21","2026-09-22 14:25:48 UTC"
"680723","Drew Rom","Athletics",247,247,0,90.4995951417004,94.1,0,"pitcher","mlbam_release_speed_100_mph_threshold_v1",44,18,94.1590909090909,113.6,0.409090909090909,"2026-09-21","2026-09-22 14:25:48 UTC"
"700249","Cade Povich","Baltimore Orioles",611,611,0,86.952209492635,94.1,0,"pitcher","mlbam_release_speed_100_mph_threshold_v1",115,28,89.9608695652174,110.2,0.243478260869565,"2026-09-21","2026-09-22 14:25:48 UTC"
"605488","Jeffrey Springs","Athletics",2378,2378,0,85.874810765349,94,0,"pitcher","mlbam_release_speed_100_mph_threshold_v1",439,86,86.9656036446469,114.1,0.195899772209567,"2026-09-21","2026-09-22 14:25:48 UTC"
"641585","J.P. France","Houston Astros",117,117,0,84.8615384615385,94,0,"pitcher","mlbam_release_speed_100_mph_threshold_v1",21,7,89.8761904761905,109.9,0.333333333333333,"2026-09-21","2026-09-22 14:25:48 UTC"
"676428","Brant Hurter","Detroit Tigers",469,469,0,88.4100213219616,94,0,"pitcher","mlbam_release_speed_100_mph_threshold_v1",94,17,84.6,108.9,0.180851063829787,"2026-09-21","2026-09-22 14:25:48 UTC"
"676467","Colton Gordon","Houston Astros",202,202,0,86.4980198019802,94,0,"pitcher","mlbam_release_speed_100_mph_threshold_v1",35,6,86.9885714285714,108.2,0.171428571428571,"2026-09-21","2026-09-22 14:25:48 UTC"
"690440","Bradley Hanner","New York Yankees",98,98,0,88.9520408163265,94,0,"pitcher","mlbam_release_speed_100_mph_threshold_v1",18,8,92.9388888888889,113.4,0.444444444444444,"2026-09-21","2026-09-22 14:25:48 UTC"
"693855","Ian Seymour","Tampa Bay Rays",2063,2063,0,86.2562772661173,94,0,"pitcher","mlbam_release_speed_100_mph_threshold_v1",338,68,86.7970414201183,112.2,0.201183431952663,"2026-09-21","2026-09-22 14:25:48 UTC"
"701474","Duncan Davitt","San Francisco Giants",64,64,0,88.440625,94,0,"pitcher","mlbam_release_speed_100_mph_threshold_v1",13,4,88.9769230769231,104,0.307692307692308,"2026-09-21","2026-09-22 14:25:48 UTC"
"571578","Patrick Corbin","Toronto Blue Jays",1412,1412,0,84.5638101983003,93.9,0,"pitcher","mlbam_release_speed_100_mph_threshold_v1",265,60,88.1962264150943,114.6,0.226415094339623,"2026-09-21","2026-09-22 14:25:48 UTC"
"608723","Austin Voth","Minnesota Twins",215,215,0,85.5818604651163,93.9,0,"pitcher","mlbam_release_speed_100_mph_threshold_v1",47,11,90.8085106382979,109.1,0.234042553191489,"2026-09-21","2026-09-22 14:25:48 UTC"
"662144","Brian Keller","Philadelphia Phillies",39,39,0,87.525641025641,93.9,0,"pitcher","mlbam_release_speed_100_mph_threshold_v1",8,2,94.5,109,0.25,"2026-09-21","2026-09-22 14:25:48 UTC"
"687060","Blake Adams","Colorado Rockies",37,37,0,88.1837837837838,93.9,0,"pitcher","mlbam_release_speed_100_mph_threshold_v1",7,3,93.6857142857143,108.7,0.428571428571429,"2026-09-21","2026-09-22 14:25:48 UTC"
"621381","Matt Strahm","Kansas City Royals",633,633,0,87.1666666666667,93.8,0,"pitcher","mlbam_release_speed_100_mph_threshold_v1",115,23,89.5173913043478,111.4,0.2,"2026-09-21","2026-09-22 14:25:48 UTC"
"624522","Keegan Thompson","Colorado Rockies",195,195,0,89.0635897435897,93.8,0,"pitcher","mlbam_release_speed_100_mph_threshold_v1",44,13,91.0659090909091,112,0.295454545454545,"2026-09-21","2026-09-22 14:25:48 UTC"
"666201","Alek Manoah","Los Angeles Angels",161,161,0,84.8503105590062,93.8,0,"pitcher","mlbam_release_speed_100_mph_threshold_v1",26,5,87.0692307692308,111.7,0.192307692307692,"2026-09-21","2026-09-22 14:25:48 UTC"
"675919","Nick Raquet","Baltimore Orioles",75,75,0,85.9506666666667,93.8,0,"pitcher","mlbam_release_speed_100_mph_threshold_v1",13,2,88.5615384615385,102.7,0.153846153846154,"2026-09-21","2026-09-22 14:25:48 UTC"
"679775","Kyle Backhus","Philadelphia Phillies",354,354,0,85.4194915254237,93.8,0,"pitcher","mlbam_release_speed_100_mph_threshold_v1",65,12,85.1476923076923,108.1,0.184615384615385,"2026-09-21","2026-09-22 14:25:48 UTC"
"684007","Shota Imanaga","Chicago Cubs",2707,2707,0,86.3454377539712,93.8,0,"pitcher","mlbam_release_speed_100_mph_threshold_v1",476,101,88.0476890756302,114.7,0.21218487394958,"2026-09-21","2026-09-22 14:25:48 UTC"
"623149","Paul Sewald","Toronto Blue Jays",817,817,0,87.7094247246022,93.7,0,"pitcher","mlbam_release_speed_100_mph_threshold_v1",142,38,89.7957746478873,110.2,0.267605633802817,"2026-09-21","2026-09-22 14:25:48 UTC"
"608337","Lucas Giolito","San Diego Padres",551,551,0,84.4676950998185,93.6,0,"pitcher","mlbam_release_speed_100_mph_threshold_v1",96,25,89.2635416666667,111.5,0.260416666666667,"2026-09-21","2026-09-22 14:25:48 UTC"
"621107","Zach Eflin","Baltimore Orioles",73,73,0,86.4,93.6,0,"pitcher","mlbam_release_speed_100_mph_threshold_v1",8,4,99.1125,107.3,0.5,"2026-09-21","2026-09-22 14:25:48 UTC"
"669212","Eli Morgan","Kansas City Royals",339,339,0,84.7734513274336,93.6,0,"pitcher","mlbam_release_speed_100_mph_threshold_v1",63,12,88.9174603174603,110,0.19047619047619,"2026-09-21","2026-09-22 14:25:48 UTC"
"684442","Kohl Drake","Arizona Diamondbacks",382,382,0,85.9125654450262,93.6,0,"pitcher","mlbam_release_speed_100_mph_threshold_v1",67,17,89.744776119403,108.3,0.253731343283582,"2026-09-21","2026-09-22 14:25:48 UTC"
"686730","Carson Spiers","Cincinnati Reds",62,62,0,85.8693548387097,93.5,0,"pitcher","mlbam_release_speed_100_mph_threshold_v1",12,6,91.9583333333333,108.9,0.5,"2026-09-21","2026-09-22 14:25:48 UTC"
"689254","Mason Fluharty","Toronto Blue Jays",1018,1018,0,86.9989194499018,93.5,0,"pitcher","mlbam_release_speed_100_mph_threshold_v1",165,22,84.7127272727273,111.9,0.133333333333333,"2026-09-21","2026-09-22 14:25:48 UTC"
"621139","Brooks Kriske","Athletics",36,36,0,85.9,93.4,0,"pitcher","mlbam_release_speed_100_mph_threshold_v1",8,2,88.15,108.1,0.25,"2026-09-21","2026-09-22 14:25:48 UTC"
"663992","Richard Lovelady","Washington Nationals",592,592,0,86.833277027027,93.4,0,"pitcher","mlbam_release_speed_100_mph_threshold_v1",102,17,84.7980392156863,110.6,0.166666666666667,"2026-09-21","2026-09-22 14:25:48 UTC"
"665665","Reiver Sanmartin","San Francisco Giants",345,345,0,87.8246376811594,93.4,0,"pitcher","mlbam_release_speed_100_mph_threshold_v1",70,20,86.1714285714286,109.4,0.285714285714286,"2026-09-21","2026-09-22 14:25:48 UTC"
"699151","Jedixson Paez","Boston Red Sox",152,152,0,86.8309210526316,93.4,0,"pitcher","mlbam_release_speed_100_mph_threshold_v1",31,9,92.6935483870968,110.9,0.290322580645161,"2026-09-21","2026-09-22 14:25:48 UTC"
"702021","Will Dion","Washington Nationals",714,714,0,85.3219887955182,93.4,0,"pitcher","mlbam_release_speed_100_mph_threshold_v1",118,22,85.964406779661,111.1,0.186440677966102,"2026-09-21","2026-09-22 14:25:48 UTC"
"656756","Jordan Montgomery","Texas Rangers",357,357,0,85.9252100840336,93.3,0,"pitcher","mlbam_release_speed_100_mph_threshold_v1",66,12,86.5348484848485,108.6,0.181818181818182,"2026-09-21","2026-09-22 14:25:48 UTC"
"657514","Brennan Bernardino","Colorado Rockies",988,988,0,84.737955465587,93.3,0,"pitcher","mlbam_release_speed_100_mph_threshold_v1",189,28,85.8354497354497,111.1,0.148148148148148,"2026-09-21","2026-09-22 14:25:48 UTC"
"667463","John King","Miami Marlins",714,714,0,84.8697478991597,93.3,0,"pitcher","mlbam_release_speed_100_mph_threshold_v1",142,27,88.956338028169,110.4,0.190140845070423,"2026-09-21","2026-09-22 14:25:48 UTC"
"671106","Logan Allen","Cleveland Guardians",325,325,0,85.6233846153846,93.3,0,"pitcher","mlbam_release_speed_100_mph_threshold_v1",56,17,90.925,109.4,0.303571428571429,"2026-09-21","2026-09-22 14:25:48 UTC"
"686747","Joe La Sorsa","Boston Red Sox",8,8,0,85.5,93.3,0,"pitcher","mlbam_release_speed_100_mph_threshold_v1",1,1,104,104,1,"2026-09-21","2026-09-22 14:25:48 UTC"
"686796","Blake Walston","Arizona Diamondbacks",42,42,0,86.5666666666667,93.3,0,"pitcher","mlbam_release_speed_100_mph_threshold_v1",8,1,85.7,107.7,0.125,"2026-09-21","2026-09-22 14:25:48 UTC"
"471911","Carlos Carrasco","Atlanta Braves",246,246,0,88.5239837398374,93.2,0,"pitcher","mlbam_release_speed_100_mph_threshold_v1",61,17,86.6622950819672,109.1,0.278688524590164,"2026-09-21","2026-09-22 14:25:48 UTC"
"605156","Aaron Brooks","Tampa Bay Rays",17,17,0,89.9294117647059,93.2,0,"pitcher","mlbam_release_speed_100_mph_threshold_v1",2,0,85.75,98.5,0,"2026-09-21","2026-09-22 14:25:48 UTC"
"608344","Cole Irvin","Los Angeles Dodgers",102,102,0,85.9578431372549,93.2,0,"pitcher","mlbam_release_speed_100_mph_threshold_v1",21,9,86.9761904761905,106.4,0.428571428571429,"2026-09-21","2026-09-22 14:25:48 UTC"
"675540","Xzavion Curry","New York Mets",354,354,0,85.7387005649718,93.2,0,"pitcher","mlbam_release_speed_100_mph_threshold_v1",69,17,91.0797101449275,110.4,0.246376811594203,"2026-09-21","2026-09-22 14:25:48 UTC"
"681867","Cooper Criswell","Seattle Mariners",593,593,0,86.3010118043845,93.2,0,"pitcher","mlbam_release_speed_100_mph_threshold_v1",113,26,86.5699115044248,111.2,0.230088495575221,"2026-09-21","2026-09-22 14:25:48 UTC"
"489446","Kirby Yates","Pittsburgh Pirates",684,684,0,88.5059941520468,93.1,0,"pitcher","mlbam_release_speed_100_mph_threshold_v1",101,23,90.1237623762376,112.5,0.227722772277228,"2026-09-21","2026-09-22 14:25:48 UTC"
"671162","Connor Thomas","Kansas City Royals",363,363,0,87.9432506887052,93.1,0,"pitcher","mlbam_release_speed_100_mph_threshold_v1",74,17,88.4472972972973,111.3,0.22972972972973,"2026-09-21","2026-09-22 14:25:48 UTC"
"678368","Valente Bellozo","Colorado Rockies",170,170,0,84.2417647058823,93.1,0,"pitcher","mlbam_release_speed_100_mph_threshold_v1",32,10,88.984375,110.7,0.3125,"2026-09-21","2026-09-22 14:25:48 UTC"
"685126","Brandon Eisert","Pittsburgh Pirates",749,749,0,86.8259012016021,93.1,0,"pitcher","mlbam_release_speed_100_mph_threshold_v1",118,24,86.7177966101695,110.6,0.203389830508475,"2026-09-21","2026-09-22 14:25:48 UTC"
"687721","Cameron Weston","Baltimore Orioles",17,17,0,84.5588235294118,93.1,0,"pitcher","mlbam_release_speed_100_mph_threshold_v1",1,0,99.6,99.6,0,"2026-09-21","2026-09-22 14:25:48 UTC"
"689441","Coleman Crow","Milwaukee Brewers",295,295,0,85.3803389830508,93.1,0,"pitcher","mlbam_release_speed_100_mph_threshold_v1",68,14,89.2323529411765,112.7,0.205882352941176,"2026-09-21","2026-09-22 14:25:48 UTC"
"607481","Aaron Bummer","Kansas City Royals",328,328,0,85.8079268292683,93,0,"pitcher","mlbam_release_speed_100_mph_threshold_v1",63,18,90.8285714285714,108.1,0.285714285714286,"2026-09-21","2026-09-22 14:25:48 UTC"
"657044","Ryan Thompson","Arizona Diamondbacks",654,654,0,85.6151376146789,93,0,"pitcher","mlbam_release_speed_100_mph_threshold_v1",141,31,87.2049645390071,112.2,0.219858156028369,"2026-09-21","2026-09-22 14:25:48 UTC"
"664208","Phil Maton","Chicago Cubs",546,546,0,84.6386446886447,93,0,"pitcher","mlbam_release_speed_100_mph_threshold_v1",84,22,87.3642857142857,109.6,0.261904761904762,"2026-09-21","2026-09-22 14:25:48 UTC"
"670090","Wyatt Mills","Los Angeles Dodgers",149,149,0,86.7389261744966,93,0,"pitcher","mlbam_release_speed_100_mph_threshold_v1",20,5,86.96,106.7,0.25,"2026-09-21","2026-09-22 14:25:48 UTC"
"666129","Braxton Garrett","Miami Marlins",129,129,0,88.1116279069768,92.9,0,"pitcher","mlbam_release_speed_100_mph_threshold_v1",14,3,85.5642857142857,111,0.214285714285714,"2026-09-21","2026-09-22 14:25:48 UTC"
"677865","Justin Bruihl","St. Louis Cardinals",1276,1276,0,84.3758620689655,92.9,0,"pitcher","mlbam_release_speed_100_mph_threshold_v1",242,47,85.154132231405,111.1,0.194214876033058,"2026-09-21","2026-09-22 14:25:48 UTC"
"656457","Tyler Gilbert","Chicago White Sox",134,134,0,85.5328358208955,92.8,0,"pitcher","mlbam_release_speed_100_mph_threshold_v1",24,8,95.1041666666667,107.2,0.333333333333333,"2026-09-21","2026-09-22 14:25:48 UTC"
"687309","Cooper Hjerpe","St. Louis Cardinals",180,180,0,85.1416666666667,92.8,0,"pitcher","mlbam_release_speed_100_mph_threshold_v1",19,2,85.0263157894737,108.5,0.105263157894737,"2026-09-21","2026-09-22 14:25:48 UTC"
"691769","Philip Abner","San Francisco Giants",313,313,0,86.464856230032,92.8,0,"pitcher","mlbam_release_speed_100_mph_threshold_v1",65,18,88.9353846153846,113.7,0.276923076923077,"2026-09-21","2026-09-22 14:25:48 UTC"
"680704","Nick Sandlin","Los Angeles Angels",157,157,0,82.0197452229299,92.7,0,"pitcher","mlbam_release_speed_100_mph_threshold_v1",26,7,87.0230769230769,111.1,0.269230769230769,"2026-09-21","2026-09-22 14:25:48 UTC"
"548384","Brooks Raley","Philadelphia Phillies",831,831,0,85.0747292418773,92.6,0,"pitcher","mlbam_release_speed_100_mph_threshold_v1",146,27,84.9561643835616,110.7,0.184931506849315,"2026-09-21","2026-09-22 14:25:48 UTC"
"592866","Trevor Williams","Texas Rangers",470,470,0,85.0968085106383,92.5,0,"pitcher","mlbam_release_speed_100_mph_threshold_v1",69,16,86.3028985507246,109.6,0.231884057971014,"2026-09-21","2026-09-22 14:25:48 UTC"
"621389","Ty Blach","Chicago Cubs",30,30,0,88.7,92.5,0,"pitcher","mlbam_release_speed_100_mph_threshold_v1",7,1,93.9285714285714,100,0.142857142857143,"2026-09-21","2026-09-22 14:25:48 UTC"
"663795","Justin Hagenman","New York Mets",62,62,0,86.9967741935484,92.5,0,"pitcher","mlbam_release_speed_100_mph_threshold_v1",13,3,93.4538461538462,104.8,0.230769230769231,"2026-09-21","2026-09-22 14:25:48 UTC"
"670103","Raymond Burgos","Boston Red Sox",231,231,0,85.4800865800866,92.5,0,"pitcher","mlbam_release_speed_100_mph_threshold_v1",55,9,87.32,111.5,0.163636363636364,"2026-09-21","2026-09-22 14:25:48 UTC"
"675920","Seth Lonsway","San Francisco Giants",33,33,0,88.2666666666667,92.4,0,"pitcher","mlbam_release_speed_100_mph_threshold_v1",9,2,87.2222222222222,105.5,0.222222222222222,"2026-09-21","2026-09-22 14:25:48 UTC"
"676571","PJ Poulin","Washington Nationals",635,635,0,84.7837795275591,92.4,0,"pitcher","mlbam_release_speed_100_mph_threshold_v1",104,32,91.2913461538461,109.7,0.307692307692308,"2026-09-21","2026-09-22 14:25:48 UTC"
"500779","Jose Quintana","Colorado Rockies",757,757,0,85.6324966974901,92.3,0,"pitcher","mlbam_release_speed_100_mph_threshold_v1",158,30,87.3594936708861,115.8,0.189873417721519,"2026-09-21","2026-09-22 14:25:48 UTC"
"527048","Martín Pérez","Atlanta Braves",2244,2244,0,85.0561942959002,92.3,0,"pitcher","mlbam_release_speed_100_mph_threshold_v1",428,99,86.6121495327103,116.9,0.231308411214953,"2026-09-21","2026-09-22 14:25:48 UTC"
"543056","Danny Coulombe","Boston Red Sox",386,386,0,85.9054404145078,92.3,0,"pitcher","mlbam_release_speed_100_mph_threshold_v1",70,11,81.4557142857143,112.4,0.157142857142857,"2026-09-21","2026-09-22 14:25:48 UTC"
"608032","Carlos Estévez","Kansas City Royals",27,27,0,87.5037037037037,92.3,0,"pitcher","mlbam_release_speed_100_mph_threshold_v1",5,3,94.72,106.6,0.6,"2026-09-21","2026-09-22 14:25:48 UTC"
"688497","Taylor Rashi","Athletics",88,88,0,85.9,92.3,0,"pitcher","mlbam_release_speed_100_mph_threshold_v1",18,4,89.2388888888889,103.7,0.222222222222222,"2026-09-21","2026-09-22 14:25:48 UTC"
"683363","Matt Wilkinson","San Francisco Giants",382,382,0,86.9890052356021,92.2,0,"pitcher","mlbam_release_speed_100_mph_threshold_v1",77,17,88.4805194805195,107.6,0.220779220779221,"2026-09-21","2026-09-22 14:25:48 UTC"
"640454","Matt Krook","Washington Nationals",179,179,0,85.5927374301676,91.9,0,"pitcher","mlbam_release_speed_100_mph_threshold_v1",25,7,87.476,112.3,0.28,"2026-09-21","2026-09-22 14:25:48 UTC"
"676620","Blake Weiman","Los Angeles Angels",253,253,0,82.8920948616601,91.9,0,"pitcher","mlbam_release_speed_100_mph_threshold_v1",55,10,85.2127272727273,108.1,0.181818181818182,"2026-09-21","2026-09-22 14:25:48 UTC"
"605130","Scott Barlow","Athletics",583,583,0,80.9018867924528,91.7,0,"pitcher","mlbam_release_speed_100_mph_threshold_v1",97,17,87.8989690721649,108.1,0.175257731958763,"2026-09-21","2026-09-22 14:25:48 UTC"
"695445","Chase Lee","Toronto Blue Jays",127,127,0,85.9472440944882,91.6,0,"pitcher","mlbam_release_speed_100_mph_threshold_v1",27,5,85.7703703703704,114.8,0.185185185185185,"2026-09-21","2026-09-22 14:25:48 UTC"
"592288","Kent Emanuel","Cincinnati Reds",96,96,0,84.021875,91.5,0,"pitcher","mlbam_release_speed_100_mph_threshold_v1",15,5,91.36,107.1,0.333333333333333,"2026-09-21","2026-09-22 14:25:48 UTC"
"656212","Charlie Barnes","Los Angeles Dodgers",201,201,0,86.1313432835821,91.4,0,"pitcher","mlbam_release_speed_100_mph_threshold_v1",49,16,92.4877551020408,113.6,0.326530612244898,"2026-09-21","2026-09-22 14:25:48 UTC"
"663465","Kolby Allard","Cleveland Guardians",177,177,0,84.3322033898305,91.3,0,"pitcher","mlbam_release_speed_100_mph_threshold_v1",32,9,89.934375,110.8,0.28125,"2026-09-21","2026-09-22 14:25:48 UTC"
"676596","Josh Fleming","Toronto Blue Jays",77,77,0,83.2493506493506,91.2,0,"pitcher","mlbam_release_speed_100_mph_threshold_v1",14,6,92.4428571428572,108.5,0.428571428571429,"2026-09-21","2026-09-22 14:25:48 UTC"
"687287","Patrick Monteverde","Miami Marlins",65,65,0,83.4076923076923,91.2,0,"pitcher","mlbam_release_speed_100_mph_threshold_v1",15,1,88.6266666666667,100.2,0.0666666666666667,"2026-09-21","2026-09-22 14:25:48 UTC"
"807743","Sean Sullivan","Colorado Rockies",412,412,0,83.0184466019417,91.2,0,"pitcher","mlbam_release_speed_100_mph_threshold_v1",84,16,87.8845238095238,110.8,0.19047619047619,"2026-09-21","2026-09-22 14:25:48 UTC"
"661527","Seth Martinez","Boston Red Sox",22,22,0,84.5545454545455,91.1,0,"pitcher","mlbam_release_speed_100_mph_threshold_v1",4,0,82.75,99.9,0,"2026-09-21","2026-09-22 14:25:48 UTC"
"573009","Joe Mantiply","Toronto Blue Jays",399,399,0,84.1676691729323,91,0,"pitcher","mlbam_release_speed_100_mph_threshold_v1",83,25,86.7385542168675,109.3,0.301204819277108,"2026-09-21","2026-09-22 14:25:48 UTC"
"594835","Marco Gonzales","Texas Rangers",118,118,0,85.2966101694915,91,0,"pitcher","mlbam_release_speed_100_mph_threshold_v1",22,2,81.9454545454546,107.4,0.0909090909090909,"2026-09-21","2026-09-22 14:25:48 UTC"
"623381","Thomas Pannone","Milwaukee Brewers",56,56,0,86.1357142857143,91,0,"pitcher","mlbam_release_speed_100_mph_threshold_v1",10,3,88.25,102.9,0.3,"2026-09-21","2026-09-22 14:25:48 UTC"
"646242","Jhonathan Díaz","Seattle Mariners",25,25,0,85.008,91,0,"pitcher","mlbam_release_speed_100_mph_threshold_v1",5,1,87.88,107.6,0.2,"2026-09-21","2026-09-22 14:25:48 UTC"
"641927","Bailey Ober","Minnesota Twins",2013,2013,0,83.5170392449081,90.9,0,"pitcher","mlbam_release_speed_100_mph_threshold_v1",405,97,88.4814814814815,115.5,0.239506172839506,"2026-09-21","2026-09-22 14:25:48 UTC"
"657612","Tim Hill","New York Yankees",796,796,0,87.0275125628141,90.9,0,"pitcher","mlbam_release_speed_100_mph_threshold_v1",190,56,88.2957894736842,113.8,0.294736842105263,"2026-09-21","2026-09-22 14:25:48 UTC"
"669145","Bruce Zimmermann","St. Louis Cardinals",72,72,0,86.0458333333333,90.9,0,"pitcher","mlbam_release_speed_100_mph_threshold_v1",18,3,87.2,108.3,0.166666666666667,"2026-09-21","2026-09-22 14:25:48 UTC"
"674003","Cody Bradford","Texas Rangers",628,628,0,84.6957006369427,90.6,0,"pitcher","mlbam_release_speed_100_mph_threshold_v1",137,34,87.4401459854015,111.5,0.248175182481752,"2026-09-21","2026-09-22 14:25:48 UTC"
"671111","Sammy Peralta","Los Angeles Angels",324,324,0,84.4314814814815,90.5,0,"pitcher","mlbam_release_speed_100_mph_threshold_v1",58,12,87.8293103448276,108.5,0.206896551724138,"2026-09-21","2026-09-22 14:25:48 UTC"
"676680","Tom Cosgrove","Washington Nationals",268,268,0,78.4559701492537,90.4,0,"pitcher","mlbam_release_speed_100_mph_threshold_v1",52,11,85.9942307692308,109.7,0.211538461538462,"2026-09-21","2026-09-22 14:25:48 UTC"
"571948","Hoby Milner","Seattle Mariners",632,632,0,83.3259493670886,90.2,0,"pitcher","mlbam_release_speed_100_mph_threshold_v1",130,31,87.9669230769231,111.9,0.238461538461538,"2026-09-21","2026-09-22 14:25:48 UTC"
"643361","Kevin Herget","New York Mets",11,11,0,84.9272727272727,89.9,0,"pitcher","mlbam_release_speed_100_mph_threshold_v1",3,0,93.6333333333333,99.6,0,"2026-09-21","2026-09-22 14:25:48 UTC"
"642232","Ryan Yarbrough","New York Yankees",989,989,0,81.2803842264914,89.8,0,"pitcher","mlbam_release_speed_100_mph_threshold_v1",182,16,81.9532967032967,110.8,0.0879120879120879,"2026-09-21","2026-09-22 14:25:48 UTC"
"605335","Brandon Leibrandt","Cincinnati Reds",99,99,0,83.3707070707071,89.6,0,"pitcher","mlbam_release_speed_100_mph_threshold_v1",22,5,86.1227272727273,108.1,0.227272727272727,"2026-09-21","2026-09-22 14:25:48 UTC"
"680951","Doug Nikhazy","Chicago White Sox",39,39,0,84.6769230769231,88.6,0,"pitcher","mlbam_release_speed_100_mph_threshold_v1",6,2,89,112.7,0.333333333333333,"2026-09-21","2026-09-22 14:25:48 UTC"
"596142","Gary Sánchez","Milwaukee Brewers",33,30,0,52.6166666666667,87.7,0,"pitcher","mlbam_release_speed_100_mph_threshold_v1",9,2,88.3222222222222,102.6,0.222222222222222,"2026-09-21","2026-09-22 14:25:48 UTC"
"640902","Jhonny Pereda","Seattle Mariners",16,16,0,64.025,87,0,"pitcher","mlbam_release_speed_100_mph_threshold_v1",4,1,82.75,106.1,0.25,"2026-09-21","2026-09-22 14:25:48 UTC"
"689690","Alek Jacob","San Diego Padres",87,87,0,80.0344827586207,86.7,0,"pitcher","mlbam_release_speed_100_mph_threshold_v1",14,3,85.5571428571429,106.2,0.214285714285714,"2026-09-21","2026-09-22 14:25:48 UTC"
"643511","Tyler Rogers","Toronto Blue Jays",1005,1005,0,80.9211940298508,85.7,0,"pitcher","mlbam_release_speed_100_mph_threshold_v1",222,37,83.7626126126126,112.9,0.166666666666667,"2026-09-21","2026-09-22 14:25:48 UTC"
"666126","Carlos Cortes","Athletics",159,159,0,70.9779874213836,85.4,0,"pitcher","mlbam_release_speed_100_mph_threshold_v1",38,10,87.45,107.4,0.263157894736842,"2026-09-21","2026-09-22 14:25:48 UTC"
"686894","Joey Wiemer","Washington Nationals",45,43,0,68.1976744186046,85.4,0,"pitcher","mlbam_release_speed_100_mph_threshold_v1",13,3,90.6076923076923,104,0.230769230769231,"2026-09-21","2026-09-22 14:25:48 UTC"
"645302","Victor Robles","Seattle Mariners",26,26,0,60.4884615384615,85.3,0,"pitcher","mlbam_release_speed_100_mph_threshold_v1",8,2,93.075,103,0.25,"2026-09-21","2026-09-22 14:25:48 UTC"
"682997","Tyler Callihan","Pittsburgh Pirates",53,53,0,69.7924528301887,84.2,0,"pitcher","mlbam_release_speed_100_mph_threshold_v1",11,2,91.7727272727273,101.5,0.181818181818182,"2026-09-21","2026-09-22 14:25:48 UTC"
"622761","Jorge Mateo","Atlanta Braves",41,41,0,65.609756097561,83.8,0,"pitcher","mlbam_release_speed_100_mph_threshold_v1",10,1,85.48,101.5,0.1,"2026-09-21","2026-09-22 14:25:48 UTC"
"656716","Zach McKinstry","Detroit Tigers",59,57,0,43.159649122807,83.7,0,"pitcher","mlbam_release_speed_100_mph_threshold_v1",9,0,88.6444444444444,98.6,0,"2026-09-21","2026-09-22 14:25:48 UTC"
"670032","Nicky Lopez","Texas Rangers",24,24,0,61.0083333333333,83.4,0,"pitcher","mlbam_release_speed_100_mph_threshold_v1",6,0,85.0833333333333,97.8,0,"2026-09-21","2026-09-22 14:25:48 UTC"
"596117","Garrett Stubbs","Philadelphia Phillies",46,46,0,45.0521739130435,83,0,"pitcher","mlbam_release_speed_100_mph_threshold_v1",22,6,91.8,106.2,0.272727272727273,"2026-09-21","2026-09-22 14:25:48 UTC"
"668670","Jake Rogers","Detroit Tigers",43,43,0,62.7720930232558,82.7,0,"pitcher","mlbam_release_speed_100_mph_threshold_v1",7,1,85.0571428571428,101.9,0.142857142857143,"2026-09-21","2026-09-22 14:25:48 UTC"
"683734","Andrew Vaughn","Milwaukee Brewers",84,83,0,46.5698795180723,82.5,0,"pitcher","mlbam_release_speed_100_mph_threshold_v1",18,4,91.15,106.9,0.222222222222222,"2026-09-21","2026-09-22 14:25:48 UTC"
"660710","Rodolfo Durán","San Diego Padres",45,45,0,68.4577777777778,82.2,0,"pitcher","mlbam_release_speed_100_mph_threshold_v1",18,3,89.3055555555556,106.5,0.166666666666667,"2026-09-21","2026-09-22 14:25:48 UTC"
"687859","Troy Johnston","Colorado Rockies",35,35,0,73.6571428571429,81.2,0,"pitcher","mlbam_release_speed_100_mph_threshold_v1",7,1,89.2142857142857,101.1,0.142857142857143,"2026-09-21","2026-09-22 14:25:48 UTC"
"624428","Adam Frazier","Los Angeles Angels",45,45,0,63.6488888888889,81.1,0,"pitcher","mlbam_release_speed_100_mph_threshold_v1",12,1,80.2,100.9,0.0833333333333333,"2026-09-21","2026-09-22 14:25:48 UTC"
"642215","Weston Wilson","Seattle Mariners",60,59,0,51.5627118644068,79.9,0,"pitcher","mlbam_release_speed_100_mph_threshold_v1",21,3,86.0380952380952,108.2,0.142857142857143,"2026-09-21","2026-09-22 14:25:48 UTC"
"623168","Tyler Heineman","Los Angeles Angels",64,64,0,50.93125,77.7,0,"pitcher","mlbam_release_speed_100_mph_threshold_v1",25,5,90.852,105.6,0.2,"2026-09-21","2026-09-22 14:25:48 UTC"
"608348","Carson Kelly","Chicago Cubs",29,29,0,64.8206896551724,76,0,"pitcher","mlbam_release_speed_100_mph_threshold_v1",13,4,88.7461538461538,104.7,0.307692307692308,"2026-09-21","2026-09-22 14:25:48 UTC"
"664954","Brett Sullivan","Colorado Rockies",94,94,0,61.4223404255319,75.6,0,"pitcher","mlbam_release_speed_100_mph_threshold_v1",30,9,91.2966666666667,106.1,0.3,"2026-09-21","2026-09-22 14:25:48 UTC"
"656577","Alex Jackson","Minnesota Twins",26,26,0,51.1384615384615,75.5,0,"pitcher","mlbam_release_speed_100_mph_threshold_v1",9,0,80.9444444444444,98.9,0,"2026-09-21","2026-09-22 14:25:48 UTC"
"655316","Andruw Monasterio","Boston Red Sox",28,28,0,49.1642857142857,75.3,0,"pitcher","mlbam_release_speed_100_mph_threshold_v1",5,1,91.42,104.8,0.2,"2026-09-21","2026-09-22 14:25:48 UTC"
"595978","Austin Hedges","Cleveland Guardians",55,55,0,69.1690909090909,75.2,0,"pitcher","mlbam_release_speed_100_mph_threshold_v1",19,3,90.2421052631579,105.9,0.157894736842105,"2026-09-21","2026-09-22 14:25:48 UTC"
"500743","Miguel Rojas","Los Angeles Dodgers",53,53,0,49.6415094339623,73.8,0,"pitcher","mlbam_release_speed_100_mph_threshold_v1",21,5,92.4666666666667,114.2,0.238095238095238,"2026-09-21","2026-09-22 14:25:48 UTC"
"664238","Dylan Moore","Philadelphia Phillies",21,20,0,46.01,73.8,0,"pitcher","mlbam_release_speed_100_mph_threshold_v1",5,0,72.96,98,0,"2026-09-21","2026-09-22 14:25:48 UTC"
"668942","Josh Rojas","Kansas City Royals",13,13,0,61.4846153846154,72.7,0,"pitcher","mlbam_release_speed_100_mph_threshold_v1",4,0,78.375,89.7,0,"2026-09-21","2026-09-22 14:25:48 UTC"
"545121","Ildemaro Vargas","Arizona Diamondbacks",48,48,0,55.9875,72.1,0,"pitcher","mlbam_release_speed_100_mph_threshold_v1",13,1,89.5769230769231,100.4,0.0769230769230769,"2026-09-21","2026-09-22 14:25:48 UTC"
"671083","Buddy Kennedy","San Francisco Giants",39,39,0,64.5923076923077,71.6,0,"pitcher","mlbam_release_speed_100_mph_threshold_v1",7,1,93.7142857142857,100.3,0.142857142857143,"2026-09-21","2026-09-22 14:25:48 UTC"
"691594","Javier Sanoja","Miami Marlins",73,73,0,60.1712328767123,69.2,0,"pitcher","mlbam_release_speed_100_mph_threshold_v1",24,9,93.1041666666667,108.6,0.375,"2026-09-21","2026-09-22 14:25:48 UTC"
"624512","Reese McGuire","Chicago White Sox",9,9,0,64.9555555555556,67.9,0,"pitcher","mlbam_release_speed_100_mph_threshold_v1",3,0,84,92.1,0,"2026-09-21","2026-09-22 14:25:48 UTC"
"543309","Kyle Higashioka","Texas Rangers",51,51,0,43.243137254902,65.9,0,"pitcher","mlbam_release_speed_100_mph_threshold_v1",16,4,95.5,106.9,0.25,"2026-09-21","2026-09-22 14:25:48 UTC"
"571912","Luke Maile","Kansas City Royals",8,8,0,64.125,65.6,0,"pitcher","mlbam_release_speed_100_mph_threshold_v1",3,0,86.2333333333333,92,0,"2026-09-21","2026-09-22 14:25:48 UTC"
"682668","Luisangel Acuña","Chicago White Sox",28,28,0,40.2464285714286,65.2,0,"pitcher","mlbam_release_speed_100_mph_threshold_v1",9,0,92.1888888888889,99.4,0,"2026-09-21","2026-09-22 14:25:48 UTC"
"543510","James McCann","Arizona Diamondbacks",63,57,0,38.7719298245614,65,0,"pitcher","mlbam_release_speed_100_mph_threshold_v1",19,6,94.9105263157895,111.6,0.315789473684211,"2026-09-21","2026-09-22 14:25:48 UTC"
"686780","Pedro Pagés","St. Louis Cardinals",16,16,0,50.30625,65,0,"pitcher","mlbam_release_speed_100_mph_threshold_v1",7,2,95.2428571428571,108.4,0.285714285714286,"2026-09-21","2026-09-22 14:25:48 UTC"
"606115","Orlando Arcia","Minnesota Twins",14,14,0,50.45,62.5,0,"pitcher","mlbam_release_speed_100_mph_threshold_v1",3,0,88.3333333333333,92.2,0,"2026-09-21","2026-09-22 14:25:48 UTC"
"624431","Jose Trevino","Cincinnati Reds",127,125,0,45.9416,62,0,"pitcher","mlbam_release_speed_100_mph_threshold_v1",44,13,89.8068181818182,109.3,0.295454545454545,"2026-09-21","2026-09-22 14:25:48 UTC"
"664702","Myles Straw","Toronto Blue Jays",54,54,0,42.8037037037037,61.3,0,"pitcher","mlbam_release_speed_100_mph_threshold_v1",19,1,83.2263157894737,104.9,0.0526315789473684,"2026-09-21","2026-09-22 14:25:48 UTC"
"686475","Tyler Tolbert","Kansas City Royals",106,106,0,46.6094339622641,60.7,0,"pitcher","mlbam_release_speed_100_mph_threshold_v1",29,5,91.2448275862069,104.8,0.172413793103448,"2026-09-21","2026-09-22 14:25:48 UTC"
"810938","Ben Williamson","Tampa Bay Rays",50,50,0,49.898,60.7,0,"pitcher","mlbam_release_speed_100_mph_threshold_v1",20,3,92.895,108.5,0.15,"2026-09-21","2026-09-22 14:25:48 UTC"
"804668","Rafael Flores Jr.","Pittsburgh Pirates",8,8,0,53.3625,59.8,0,"pitcher","mlbam_release_speed_100_mph_threshold_v1",5,2,97.1,102.4,0.4,"2026-09-21","2026-09-22 14:25:48 UTC"
"670097","Zack Short","New York Mets",10,10,0,50.93,59,0,"pitcher","mlbam_release_speed_100_mph_threshold_v1",3,0,83.8333333333333,86.7,0,"2026-09-21","2026-09-22 14:25:48 UTC"
"678391","Jorbit Vivas","Washington Nationals",54,53,0,45.588679245283,57.5,0,"pitcher","mlbam_release_speed_100_mph_threshold_v1",23,6,93.6782608695652,107.6,0.260869565217391,"2026-09-21","2026-09-22 14:25:48 UTC"
"664731","P.J. Higgins","Cincinnati Reds",10,10,0,53.59,56.5,0,"pitcher","mlbam_release_speed_100_mph_threshold_v1",2,0,78.05,79.5,0,"2026-09-21","2026-09-22 14:25:48 UTC"
"644433","Chadwick Tromp","Baltimore Orioles",16,16,0,39.925,55.7,0,"pitcher","mlbam_release_speed_100_mph_threshold_v1",5,1,90.78,101,0.2,"2026-09-21","2026-09-22 14:25:48 UTC"
"680728","Adrian Del Castillo","Arizona Diamondbacks",17,16,0,51.81875,55.3,0,"pitcher","mlbam_release_speed_100_mph_threshold_v1",9,3,88.8,105.8,0.333333333333333,"2026-09-21","2026-09-22 14:25:48 UTC"
"664774","LaMonte Wade Jr.","Houston Astros",11,11,0,40.9181818181818,54.6,0,"pitcher","mlbam_release_speed_100_mph_threshold_v1",6,2,96.1666666666667,106.1,0.333333333333333,"2026-09-21","2026-09-22 14:25:48 UTC"
"663494","Bryan Torres","St. Louis Cardinals",18,18,0,43.7388888888889,54.5,0,"pitcher","mlbam_release_speed_100_mph_threshold_v1",7,2,95.1857142857143,108.2,0.285714285714286,"2026-09-21","2026-09-22 14:25:48 UTC"
"663967","César Salazar","Houston Astros",10,10,0,51.12,53.7,0,"pitcher","mlbam_release_speed_100_mph_threshold_v1",4,0,80.1,98.1,0,"2026-09-21","2026-09-22 14:25:48 UTC"
"683766","Christian Koss","San Francisco Giants",28,28,0,49.0035714285714,53,0,"pitcher","mlbam_release_speed_100_mph_threshold_v1",10,1,91.18,102.4,0.1,"2026-09-21","2026-09-22 14:25:48 UTC"
"571771","Enrique Hernández","Los Angeles Dodgers",8,8,0,47.7375,52.7,0,"pitcher","mlbam_release_speed_100_mph_threshold_v1",4,1,92.375,106.3,0.25,"2026-09-21","2026-09-22 14:25:48 UTC"
"676694","Jake Meyers","Houston Astros",9,9,0,50.4777777777778,52.5,0,"pitcher","mlbam_release_speed_100_mph_threshold_v1",3,1,89.0333333333333,102.5,0.333333333333333,"2026-09-21","2026-09-22 14:25:48 UTC"
"620443","Luis Torrens","New York Mets",22,22,0,41.9772727272727,51.2,0,"pitcher","mlbam_release_speed_100_mph_threshold_v1",11,1,82.5,104,0.0909090909090909,"2026-09-21","2026-09-22 14:25:48 UTC"
"680474","Max Schuemann","New York Yankees",14,14,0,47.5714285714286,49.8,0,"pitcher","mlbam_release_speed_100_mph_threshold_v1",4,0,87.975,94.3,0,"2026-09-21","2026-09-22 14:25:48 UTC"
"677588","José Tena","Washington Nationals",11,11,0,38.9454545454545,46.5,0,"pitcher","mlbam_release_speed_100_mph_threshold_v1",4,1,94.5,100,0.25,"2026-09-21","2026-09-22 14:25:48 UTC"
"660844","Leo Rivas","Seattle Mariners",31,31,0,39.0354838709677,42.9,0,"pitcher","mlbam_release_speed_100_mph_threshold_v1",12,4,95.625,105.1,0.333333333333333,"2026-09-21","2026-09-22 14:25:48 UTC"
"664059","Sam Haggerty","Texas Rangers",6,6,0,34.6166666666667,35.4,0,"pitcher","mlbam_release_speed_100_mph_threshold_v1",2,0,70.2,70.5,0,"2026-09-21","2026-09-22 14:25:48 UTC"
