"player_id","player_name","team","hand","first_game","last_game","pa","ab","hits","singles","doubles","triples","home_runs","walks","intentional_walks","hit_by_pitch","strikeouts","sacrifice_flies","total_bases","batted_balls","hard_hit","barrel_proxy","ground_balls","line_drives","fly_balls","popups","pulled_batted_balls","average_exit_velocity","average_launch_angle","run_value_total","run_value_opportunities","batting_average","on_base_percentage","slugging_percentage","ops","isolated_power","strikeout_rate","walk_rate","hard_hit_rate","barrel_proxy_rate","ground_ball_rate","line_drive_rate","fly_ball_rate","pull_rate","woba_estimate","run_value_per_pa","pa_reliability","bbe_reliability","sample_label","perspective","woba_method","summary_method","discipline_pitches","swing_rate","zone_rate","source_through","generated_at_utc"
"645261","Sandy Alcantara","Miami Marlins","R",2026-03-27,2026-09-16,865,793,195,134,35,3,23,58,0,9,149,3,305,645,233,36,273,153,163,56,258,87.8428348909657,12.9688473520249,-9.01070324735458,865,0.245901639344262,0.303592120509849,0.384615384615385,0.688207505125234,0.138713745271122,0.172254335260116,0.0670520231213873,0.361240310077519,0.0558139534883721,0.423255813953488,0.237209302325581,0.252713178294574,0.4,0.299803012746234,-0.0104169979738203,0.896,0.928,"strong","pitcher","fixed_linear_weights_v1","sabrhood_player_summary_v1",3174,0.504725897920605,0.506301197227473,"2026-09-17","2026-09-18 14:10:06 UTC"
"650911","Cristopher Sánchez","Philadelphia Phillies","L",2026-03-26,2026-09-15,805,749,193,141,35,0,17,44,0,6,215,1,279,539,221,38,313,120,89,17,273,88.3919776119403,2.48237476808905,-27.275153510902,805,0.257676902536716,0.30375,0.372496662216288,0.676246662216288,0.114819759679573,0.267080745341615,0.0546583850931677,0.410018552875696,0.0705009276437848,0.580705009276438,0.222634508348794,0.165120593692022,0.506493506493506,0.2954125,-0.0338821782744124,0.89,0.915,"strong","pitcher","fixed_linear_weights_v1","sabrhood_player_summary_v1",2960,0.502364864864865,0.465202702702703,"2026-09-17","2026-09-18 14:10:06 UTC"
"608379","Michael Wacha","Kansas City Royals","R",2026-03-28,2026-09-15,760,700,158,90,37,4,27,49,1,7,149,2,284,555,201,39,211,129,165,50,238,87.1178378378378,16.6594594594595,-20.9247064877487,760,0.225714285714286,0.282321899736148,0.405714285714286,0.688036185450433,0.18,0.196052631578947,0.0644736842105263,0.362162162162162,0.0702702702702703,0.38018018018018,0.232432432432432,0.297297297297297,0.428828828828829,0.29557463672391,-0.0275325085365115,0.884,0.917,"strong","pitcher","fixed_linear_weights_v1","sabrhood_player_summary_v1",2825,0.485309734513274,0.501238938053097,"2026-09-17","2026-09-18 14:10:06 UTC"
"669358","Shane Baz","Baltimore Orioles","R",2026-03-29,2026-09-15,743,663,175,116,42,2,15,59,0,6,152,13,266,524,220,35,202,145,143,34,229,89.9157088122605,14.1261950286807,0.2149442167726,743,0.26395173453997,0.323886639676113,0.401206636500754,0.725093276176868,0.137254901960784,0.204576043068641,0.0794078061911171,0.419847328244275,0.066793893129771,0.385496183206107,0.276717557251908,0.272900763358779,0.437022900763359,0.313711201079622,0.000289292350972544,0.881,0.913,"strong","pitcher","fixed_linear_weights_v1","sabrhood_player_summary_v1",2819,0.482085846044697,0.496984746363959,"2026-09-17","2026-09-18 14:10:06 UTC"
"650633","Michael King","San Diego Padres","R",2026-03-27,2026-09-17,738,654,142,101,19,2,20,68,0,12,154,1,225,501,164,41,226,103,134,38,225,86.3285714285714,13.6224899598394,-28.1607544986233,738,0.217125382262997,0.302040816326531,0.344036697247706,0.646077513574237,0.126911314984709,0.208672086720867,0.0921409214092141,0.327345309381238,0.0818363273453094,0.451097804391218,0.205588822355289,0.267465069860279,0.449101796407186,0.287510204081633,-0.0381582039276738,0.881,0.909,"strong","pitcher","fixed_linear_weights_v1","sabrhood_player_summary_v1",2900,0.464137931034483,0.466206896551724,"2026-09-17","2026-09-18 14:10:06 UTC"
"593958","Eduardo Rodriguez","Arizona Diamondbacks","L",2026-03-28,2026-09-13,737,674,159,107,32,4,16,58,0,1,135,0,247,542,179,36,222,130,153,37,237,86.3308118081181,14.5258302583026,-33.276219715556,737,0.235905044510386,0.297407912687585,0.36646884272997,0.663876755417556,0.130563798219585,0.183175033921303,0.0786974219810041,0.330258302583026,0.0664206642066421,0.409594095940959,0.239852398523985,0.282287822878229,0.437269372693727,0.290559345156889,-0.0451509087049606,0.881,0.916,"strong","pitcher","fixed_linear_weights_v1","sabrhood_player_summary_v1",2872,0.482938718662953,0.464136490250696,"2026-09-17","2026-09-18 14:10:06 UTC"
"664285","Framber Valdez","Detroit Tigers","L",2026-03-27,2026-09-17,736,652,166,122,26,2,16,64,0,14,129,4,244,529,221,27,298,112,99,20,282,88.9144212523719,5.05313092979127,-1.15175179092347,736,0.254601226993865,0.332425068119891,0.374233128834356,0.706658196954247,0.119631901840491,0.175271739130435,0.0869565217391304,0.417769376181474,0.0510396975425331,0.563327032136106,0.2117202268431,0.187145557655955,0.533081285444234,0.312152588555858,-0.00156488015071123,0.88,0.914,"strong","pitcher","fixed_linear_weights_v1","sabrhood_player_summary_v1",2681,0.4692279000373,0.474822827303245,"2026-09-17","2026-09-18 14:10:06 UTC"
"607625","Seth Lugo","Kansas City Royals","R",2026-03-29,2026-09-17,733,661,193,120,45,5,23,54,0,7,131,8,317,540,231,48,222,134,160,24,232,88.8420074349442,13.5167286245353,17.9675016879776,733,0.291981845688351,0.347945205479452,0.479576399394856,0.827521604874308,0.187594553706505,0.178717598908595,0.0736698499317872,0.427777777777778,0.0888888888888889,0.411111111111111,0.248148148148148,0.296296296296296,0.42962962962963,0.353054794520548,0.0245122806111563,0.88,0.915,"strong","pitcher","fixed_linear_weights_v1","sabrhood_player_summary_v1",2786,0.460516870064609,0.51794687724336,"2026-09-17","2026-09-18 14:10:06 UTC"
"676440","Tanner Bibee","Cleveland Guardians","R",2026-03-26,2026-09-13,732,666,156,100,27,1,28,54,0,6,140,5,269,530,208,43,197,127,154,52,217,88.6212523719165,17.4421252371917,-9.4623172977714,732,0.234234234234234,0.295485636114911,0.403903903903904,0.699389540018815,0.16966966966967,0.191256830601093,0.0737704918032787,0.392452830188679,0.0811320754716981,0.371698113207547,0.239622641509434,0.290566037735849,0.409433962264151,0.30218878248974,-0.0129266629750975,0.88,0.914,"strong","pitcher","fixed_linear_weights_v1","sabrhood_player_summary_v1",2779,0.467794170564951,0.493702770780856,"2026-09-17","2026-09-18 14:10:06 UTC"
"666200","Jesús Luzardo","Philadelphia Phillies","L",2026-03-29,2026-09-07,730,660,141,96,29,1,15,52,0,11,221,3,217,443,147,26,221,98,99,25,208,86.5104545454546,8.75227272727273,-23.6419702453684,730,0.213636363636364,0.28099173553719,0.328787878787879,0.609779614325069,0.115151515151515,0.302739726027397,0.0712328767123288,0.331828442437923,0.0586907449209932,0.498871331828442,0.221218961625282,0.223476297968397,0.469525959367946,0.269903581267218,-0.0323862606100938,0.88,0.899,"strong","pitcher","fixed_linear_weights_v1","sabrhood_player_summary_v1",2860,0.462937062937063,0.465384615384615,"2026-09-17","2026-09-18 14:10:06 UTC"
"592332","Kevin Gausman","Chicago Cubs","R",2026-03-27,2026-09-15,730,672,173,119,26,3,25,46,1,1,177,5,280,504,199,42,207,130,123,44,204,87.6735586481113,13.8747514910537,6.96251611384236,730,0.257440476190476,0.303867403314917,0.416666666666667,0.720534069981584,0.159226190476191,0.242465753424658,0.063013698630137,0.39484126984127,0.0833333333333333,0.410714285714286,0.257936507936508,0.244047619047619,0.404761904761905,0.309349930843707,0.00953769330663337,0.88,0.91,"strong","pitcher","fixed_linear_weights_v1","sabrhood_player_summary_v1",2902,0.500344589937974,0.458304617505169,"2026-09-17","2026-09-18 14:10:06 UTC"
"690997","Nolan McLean","New York Mets","R",2026-03-29,2026-09-17,724,631,137,95,25,0,17,69,0,15,189,4,213,449,160,28,205,110,106,28,201,87.1784753363229,9.81390134529148,-12.7538303468913,724,0.217115689381933,0.307371349095967,0.337559429477021,0.644930778572987,0.120443740095087,0.261049723756906,0.0953038674033149,0.356347438752784,0.0623608017817372,0.456570155902004,0.244988864142539,0.236080178173719,0.447661469933185,0.288150208623088,-0.0176157877719493,0.879,0.9,"strong","pitcher","fixed_linear_weights_v1","sabrhood_player_summary_v1",2832,0.442090395480226,0.474223163841808,"2026-09-17","2026-09-18 14:10:06 UTC"
"671737","Taj Bradley","Minnesota Twins","R",2026-03-28,2026-09-17,724,644,139,89,26,1,23,73,0,4,199,2,236,448,202,39,160,120,132,36,201,90.5770089285714,14.9017857142857,-16.1887199851691,724,0.21583850931677,0.298755186721992,0.366459627329193,0.665214814051184,0.150621118012422,0.274861878453039,0.100828729281768,0.450892857142857,0.0870535714285714,0.357142857142857,0.267857142857143,0.294642857142857,0.448660714285714,0.292669432918396,-0.0223601104767529,0.879,0.9,"strong","pitcher","fixed_linear_weights_v1","sabrhood_player_summary_v1",2893,0.473211199446941,0.485655029381265,"2026-09-17","2026-09-18 14:10:06 UTC"
"693645","Cam Schlittler","New York Yankees","R",2026-03-27,2026-09-13,722,664,123,79,26,2,16,44,0,6,228,3,201,443,173,33,193,97,115,37,169,87.918820861678,12.823927765237,-39.2931803605867,722,0.185240963855422,0.241283124128312,0.302710843373494,0.543993967501806,0.117469879518072,0.315789473684211,0.0609418282548476,0.390519187358916,0.0744920993227991,0.435665914221219,0.218961625282167,0.259593679458239,0.381489841986456,0.239497907949791,-0.054422687480037,0.878,0.899,"strong","pitcher","fixed_linear_weights_v1","sabrhood_player_summary_v1",2873,0.519665854507483,0.492864601461887,"2026-09-17","2026-09-18 14:10:06 UTC"
"669923","George Kirby","Seattle Mariners","R",2026-03-27,2026-09-16,721,671,191,131,36,3,21,44,1,3,143,2,296,528,211,33,236,125,128,39,219,89.212927756654,11.7310606060606,0.610035381004648,721,0.284649776453055,0.330555555555556,0.441132637853949,0.771688193409505,0.156482861400894,0.198335644937587,0.0610263522884882,0.399621212121212,0.0625,0.446969696969697,0.236742424242424,0.242424242424242,0.414772727272727,0.331905424200278,0.000846096228855267,0.878,0.913,"strong","pitcher","fixed_linear_weights_v1","sabrhood_player_summary_v1",2662,0.518407212622089,0.494740796393689,"2026-09-17","2026-09-18 14:10:06 UTC"
"669022","MacKenzie Gore","Texas Rangers","L",2026-03-29,2026-09-16,719,638,154,95,37,3,19,68,1,7,172,4,254,472,191,38,188,125,126,33,209,88.1855626326964,15.1273885350318,4.94179964894077,719,0.241379310344828,0.319386331938633,0.398119122257053,0.717505454195686,0.156739811912226,0.239221140472879,0.0945757997218359,0.404661016949153,0.0805084745762712,0.398305084745763,0.264830508474576,0.266949152542373,0.442796610169492,0.31231843575419,0.0068731566744656,0.878,0.904,"strong","pitcher","fixed_linear_weights_v1","sabrhood_player_summary_v1",2860,0.488461538461538,0.466083916083916,"2026-09-17","2026-09-18 14:10:06 UTC"
"669302","Logan Gilbert","Seattle Mariners","R",2026-03-26,2026-09-15,717,657,143,78,36,1,28,45,0,7,194,3,265,466,191,44,183,111,134,38,217,88.4321888412017,15.6587982832618,-16.2081477974287,717,0.21765601217656,0.273876404494382,0.403348554033486,0.677224958527868,0.185692541856925,0.270571827057183,0.0627615062761506,0.409871244635193,0.0944206008583691,0.392703862660944,0.238197424892704,0.28755364806867,0.465665236051502,0.291025280898876,-0.0226055059936243,0.878,0.903,"strong","pitcher","fixed_linear_weights_v1","sabrhood_player_summary_v1",2841,0.504047870468145,0.486800422386484,"2026-09-17","2026-09-18 14:10:06 UTC"
"605400","Aaron Nola","Philadelphia Phillies","R",2026-03-28,2026-09-17,714,649,169,104,28,3,34,56,0,2,169,5,305,485,195,44,200,119,133,33,237,87.851652892562,13.0020661157025,3.02904319883441,714,0.26040061633282,0.318820224719101,0.469953775038521,0.788773999757622,0.209553158705701,0.236694677871148,0.0784313725490196,0.402061855670103,0.0907216494845361,0.412371134020619,0.245360824742268,0.274226804123711,0.488659793814433,0.336151685393258,0.0042423574213367,0.877,0.907,"strong","pitcher","fixed_linear_weights_v1","sabrhood_player_summary_v1",2837,0.462460345435319,0.437433909058865,"2026-09-17","2026-09-18 14:10:06 UTC"
"800048","Parker Messick","Cleveland Guardians","L",2026-03-30,2026-09-16,711,655,138,88,28,5,17,46,1,4,186,3,227,474,160,25,213,104,105,52,200,86.3281183932347,13.9492600422833,-34.7553968367018,711,0.210687022900763,0.265536723163842,0.346564885496183,0.612101608660025,0.13587786259542,0.261603375527426,0.0646976090014065,0.337552742616034,0.0527426160337553,0.449367088607595,0.219409282700422,0.221518987341772,0.421940928270042,0.265997171145686,-0.0488824146789054,0.877,0.905,"strong","pitcher","fixed_linear_weights_v1","sabrhood_player_summary_v1",2788,0.484218077474892,0.474533715925395,"2026-09-17","2026-09-18 14:10:06 UTC"
"663903","Brady Singer","Cincinnati Reds","R",2026-03-28,2026-09-17,709,626,180,120,26,3,31,60,0,15,125,4,305,507,218,48,216,139,133,19,230,90.3475806451613,13.5403225806452,30.3552892800082,709,0.287539936102236,0.361702127659574,0.487220447284345,0.84892257494392,0.199680511182109,0.176304654442877,0.0846262341325811,0.429980276134122,0.0946745562130177,0.42603550295858,0.274161735700197,0.26232741617357,0.453648915187377,0.364581560283688,0.0428142302962033,0.876,0.91,"strong","pitcher","fixed_linear_weights_v1","sabrhood_player_summary_v1",2738,0.440467494521549,0.45763330898466,"2026-09-17","2026-09-18 14:10:06 UTC"
"667755","José Soriano","Toronto Blue Jays","R",2026-03-26,2026-09-14,707,625,143,110,17,0,16,71,0,7,159,1,208,468,173,33,252,105,95,16,238,87.8927038626609,4.93991416309013,-17.1040063354432,707,0.2288,0.313920454545455,0.3328,0.646720454545455,0.104,0.224893917963225,0.1004243281471,0.36965811965812,0.0705128205128205,0.538461538461538,0.224358974358974,0.202991452991453,0.508547008547009,0.289872159090909,-0.0241923710543751,0.876,0.903,"strong","pitcher","fixed_linear_weights_v1","sabrhood_player_summary_v1",2788,0.466284074605452,0.44583931133429,"2026-09-17","2026-09-18 14:10:06 UTC"
"668909","Gavin Williams","Cleveland Guardians","R",2026-03-27,2026-09-14,706,641,136,83,25,1,27,56,0,6,235,0,244,408,186,46,179,96,104,29,194,89.4833333333333,10.8905472636816,-9.51197391248705,706,0.21216848673947,0.281650071123755,0.380655226209048,0.662305297332804,0.168486739469579,0.3328611898017,0.0793201133144476,0.455882352941176,0.112745098039216,0.438725490196078,0.235294117647059,0.254901960784314,0.475490196078431,0.288520625889047,-0.0134730508675454,0.876,0.891,"strong","pitcher","fixed_linear_weights_v1","sabrhood_player_summary_v1",2828,0.489391796322489,0.478429985855728,"2026-09-17","2026-09-18 14:10:06 UTC"
"671096","Andrew Abbott","Cincinnati Reds","L",2026-03-26,2026-09-16,703,619,159,104,29,2,24,75,0,0,125,7,264,499,193,40,200,118,137,44,202,88.8156057494867,16.0759753593429,8.45507803968383,703,0.25686591276252,0.333808844507846,0.426494345718901,0.760303190226747,0.169628432956381,0.177809388335704,0.106685633001422,0.386773547094188,0.0801603206412826,0.400801603206413,0.236472945891784,0.274549098196393,0.404809619238477,0.328944365192582,0.0120271380365346,0.875,0.909,"strong","pitcher","fixed_linear_weights_v1","sabrhood_player_summary_v1",2769,0.460093896713615,0.471650415312387,"2026-09-17","2026-09-18 14:10:06 UTC"
"672282","Reid Detmers","Los Angeles Angels","L",2026-03-28,2026-09-14,697,636,136,93,23,2,18,46,0,5,199,7,217,447,169,34,174,104,133,35,182,88.9984304932735,16.0515695067265,-20.6133515181966,697,0.213836477987421,0.269452449567723,0.341194968553459,0.610647418121183,0.127358490566038,0.285509325681492,0.0659971305595409,0.378076062639821,0.0760626398210291,0.389261744966443,0.232662192393736,0.297539149888143,0.407158836689038,0.26657060518732,-0.0295743924220898,0.875,0.899,"strong","pitcher","fixed_linear_weights_v1","sabrhood_player_summary_v1",2791,0.494804729487639,0.501612325331422,"2026-09-17","2026-09-18 14:10:06 UTC"
"656492","Foster Griffin","Cleveland Guardians","L",2026-03-30,2026-09-15,693,633,154,99,30,2,23,45,0,10,151,3,257,487,182,36,222,115,123,27,217,87.4956611570248,11.8429752066116,-9.09518926450465,693,0.243285939968404,0.30246020260492,0.406003159557662,0.708463362162582,0.162717219589258,0.217893217893218,0.0649350649350649,0.373716632443532,0.0739219712525667,0.455852156057495,0.236139630390144,0.252566735112936,0.445585215605749,0.306685962373372,-0.0131243712330514,0.874,0.907,"strong","pitcher","fixed_linear_weights_v1","sabrhood_player_summary_v1",2750,0.481818181818182,0.477818181818182,"2026-09-17","2026-09-18 14:10:06 UTC"
"702070","Noah Cameron","Kansas City Royals","L",2026-04-01,2026-09-13,692,627,145,91,34,3,17,52,1,5,149,5,236,486,183,37,197,127,130,32,237,87.7781443298969,14.2164948453608,-5.7582305648026,692,0.231259968102073,0.293178519593614,0.376395534290271,0.669574053883885,0.145135566188198,0.215317919075144,0.0751445086705202,0.376543209876543,0.0761316872427984,0.405349794238683,0.261316872427984,0.267489711934156,0.487654320987654,0.290523255813953,-0.00832114243468583,0.874,0.907,"strong","pitcher","fixed_linear_weights_v1","sabrhood_player_summary_v1",2698,0.481838398813936,0.472942920681987,"2026-09-17","2026-09-18 14:10:06 UTC"
"592662","Robbie Ray","San Diego Padres","L",2026-03-27,2026-09-16,689,594,132,84,25,1,22,83,0,2,138,7,225,462,176,36,169,106,155,32,185,88.4526086956522,17.7217391304348,-8.0962001335738,689,0.222222222222222,0.316326530612245,0.378787878787879,0.695114409400124,0.156565656565657,0.200290275761974,0.120464441219158,0.380952380952381,0.0779220779220779,0.365800865800866,0.229437229437229,0.335497835497836,0.4004329004329,0.305262390670554,-0.0117506533143306,0.873,0.902,"strong","pitcher","fixed_linear_weights_v1","sabrhood_player_summary_v1",2770,0.46101083032491,0.427436823104693,"2026-09-17","2026-09-18 14:10:06 UTC"
"676917","Cade Cavalli","Washington Nationals","R",2026-03-26,2026-09-11,688,619,144,104,22,0,18,48,0,16,194,4,220,429,173,32,218,91,103,17,195,88.762441314554,7.73770491803279,-11.3404225833547,688,0.232633279483037,0.302765647743814,0.355411954765751,0.658177602509565,0.122778675282714,0.281976744186047,0.0697674418604651,0.403263403263403,0.0745920745920746,0.508158508158508,0.212121212121212,0.24009324009324,0.454545454545455,0.29056768558952,-0.0164831723595272,0.873,0.896,"strong","pitcher","fixed_linear_weights_v1","sabrhood_player_summary_v1",2704,0.474852071005917,0.488905325443787,"2026-09-17","2026-09-18 14:10:06 UTC"
"518876","Merrill Kelly","Arizona Diamondbacks","R",2026-04-14,2026-09-16,687,604,162,102,28,4,28,69,2,4,111,6,282,498,210,54,206,132,133,27,250,89.1339357429719,13.3333333333333,15.1782274672989,687,0.268211920529801,0.34407027818448,0.466887417218543,0.810957695403023,0.198675496688742,0.161572052401747,0.100436681222707,0.421686746987952,0.108433734939759,0.413654618473896,0.265060240963855,0.267068273092369,0.502008032128514,0.346710719530103,0.0220934897631716,0.873,0.909,"strong","pitcher","fixed_linear_weights_v1","sabrhood_player_summary_v1",2543,0.489972473456547,0.429807314195832,"2026-09-17","2026-09-18 14:10:06 UTC"
"642547","Freddy Peralta","Tampa Bay Rays","R",2026-03-26,2026-09-13,685,614,153,95,33,2,23,58,0,8,146,3,259,473,181,29,188,114,135,36,206,87.1739957716702,16.4524312896406,3.36402667718092,685,0.249185667752443,0.320644216691069,0.421824104234528,0.742468320925596,0.172638436482085,0.213138686131387,0.0846715328467153,0.382663847780127,0.0613107822410148,0.397463002114165,0.241014799154334,0.285412262156448,0.435517970401691,0.321595900439239,0.00491098784989915,0.873,0.904,"strong","pitcher","fixed_linear_weights_v1","sabrhood_player_summary_v1",2769,0.476345250993138,0.424340917298664,"2026-09-17","2026-09-18 14:10:06 UTC"
"684007","Shota Imanaga","Chicago Cubs","L",2026-03-29,2026-09-16,684,639,149,92,21,2,34,37,0,6,164,1,276,476,173,46,179,99,155,43,208,88.0476890756302,17.7415966386555,-12.8407405865473,684,0.233176838810642,0.281112737920937,0.431924882629108,0.713037620550045,0.198748043818466,0.239766081871345,0.054093567251462,0.36344537815126,0.0966386554621849,0.376050420168067,0.207983193277311,0.32563025210084,0.436974789915966,0.304992679355783,-0.0187730125534318,0.872,0.905,"strong","pitcher","fixed_linear_weights_v1","sabrhood_player_summary_v1",2707,0.516438862209088,0.461396379756188,"2026-09-17","2026-09-18 14:10:06 UTC"
"607259","Nick Martinez","Tampa Bay Rays","R",2026-03-30,2026-09-16,682,650,159,107,29,2,21,24,0,3,101,3,255,554,181,35,204,136,161,53,256,86.4705776173285,17.2815884476534,-28.5208163211619,682,0.244615384615385,0.273529411764706,0.392307692307692,0.665837104072398,0.147692307692308,0.148093841642229,0.0351906158357771,0.326714801444043,0.0631768953068592,0.368231046931408,0.245487364620939,0.290613718411552,0.462093862815884,0.285544117647059,-0.0418193787700322,0.872,0.917,"strong","pitcher","fixed_linear_weights_v1","sabrhood_player_summary_v1",2380,0.508403361344538,0.529411764705882,"2026-09-17","2026-09-18 14:10:06 UTC"
"808967","Yoshinobu Yamamoto","Los Angeles Dodgers","R",2026-03-26,2026-09-15,682,633,114,73,21,1,19,40,0,6,178,3,194,457,165,27,220,99,106,32,234,87.0673245614035,8.80482456140351,-36.3474137126613,682,0.180094786729858,0.234604105571848,0.306477093206951,0.541081198778799,0.126382306477093,0.26099706744868,0.0586510263929619,0.361050328227571,0.0590809628008753,0.481400437636761,0.216630196936543,0.231947483588621,0.512035010940919,0.237463343108504,-0.0532953280244301,0.872,0.901,"strong","pitcher","fixed_linear_weights_v1","sabrhood_player_summary_v1",2646,0.493197278911565,0.482237339380197,"2026-09-17","2026-09-18 14:10:06 UTC"
"680732","Sean Burke","Chicago White Sox","R",2026-03-28,2026-09-14,675,604,135,81,32,4,18,58,0,8,173,2,229,429,166,37,153,106,132,38,181,89.0831775700935,17.8018648018648,-10.0043029315073,675,0.223509933774834,0.299107142857143,0.379139072847682,0.678246215704825,0.155629139072848,0.256296296296296,0.0859259259259259,0.386946386946387,0.0862470862470862,0.356643356643357,0.247086247086247,0.307692307692308,0.421911421911422,0.296369047619048,-0.014821189528159,0.871,0.896,"strong","pitcher","fixed_linear_weights_v1","sabrhood_player_summary_v1",2692,0.488112927191679,0.491084695393759,"2026-09-17","2026-09-18 14:10:06 UTC"
"656302","Dylan Cease","Toronto Blue Jays","R",2026-03-28,2026-09-13,672,593,105,74,20,0,11,72,0,3,236,3,158,357,114,18,153,83,82,39,168,85.4518309859155,13.1971830985915,-33.4865135484807,672,0.177065767284992,0.268256333830104,0.266441821247892,0.534698155077996,0.0893760539629005,0.351190476190476,0.107142857142857,0.319327731092437,0.0504201680672269,0.428571428571429,0.23249299719888,0.2296918767507,0.470588235294118,0.244217585692996,-0.0498311213519057,0.87,0.877,"strong","pitcher","fixed_linear_weights_v1","sabrhood_player_summary_v1",2819,0.461511174175239,0.426747073430294,"2026-09-17","2026-09-18 14:10:06 UTC"
"641743","Anthony Kay","Chicago White Sox","L",2026-03-29,2026-09-16,671,583,149,98,27,4,20,53,0,24,121,5,244,471,182,40,206,120,105,40,251,87.230686695279,11.8608137044968,5.58962858172434,671,0.25557461406518,0.33984962406015,0.41852487135506,0.758374495415211,0.16295025728988,0.180327868852459,0.0789865871833085,0.386411889596603,0.0849256900212314,0.437367303609342,0.254777070063694,0.222929936305732,0.532908704883227,0.330842105263158,0.00833029594891854,0.87,0.904,"strong","pitcher","fixed_linear_weights_v1","sabrhood_player_summary_v1",2649,0.46885617214043,0.442431106077765,"2026-09-17","2026-09-18 14:10:06 UTC"
"680694","Kyle Bradish","Baltimore Orioles","R",2026-03-28,2026-09-12,669,591,156,101,30,5,20,70,1,3,142,5,256,454,176,37,209,103,110,32,185,88.0270089285714,10.7433035714286,6.07627539258447,669,0.263959390862944,0.342301943198804,0.433164128595601,0.775466071794405,0.169204737732656,0.212257100149477,0.104633781763827,0.387665198237885,0.0814977973568282,0.460352422907489,0.226872246696035,0.242290748898678,0.407488986784141,0.335104790419162,0.00908262390520848,0.87,0.901,"strong","pitcher","fixed_linear_weights_v1","sabrhood_player_summary_v1",2629,0.456066945606695,0.450741726892355,"2026-09-17","2026-09-18 14:10:06 UTC"
"657277","Logan Webb","San Francisco Giants","R",2026-03-25,2026-09-13,669,613,147,110,16,8,13,41,0,11,134,1,218,481,186,23,249,111,99,22,229,87.7320083682008,7.14435146443515,-0.0137717644216486,669,0.239804241435563,0.298798798798799,0.355628058727569,0.654426857526368,0.115823817292006,0.200298953662182,0.0612855007473842,0.386694386694387,0.0478170478170478,0.517671517671518,0.230769230769231,0.205821205821206,0.476091476091476,0.287477477477477,-2.0585597042823e-05,0.87,0.906,"strong","pitcher","fixed_linear_weights_v1","sabrhood_player_summary_v1",2488,0.47588424437299,0.467845659163987,"2026-09-17","2026-09-18 14:10:06 UTC"
"677952","Braxton Ashcraft","Pittsburgh Pirates","R",2026-03-30,2026-09-05,668,617,146,99,23,2,22,35,0,7,173,7,239,452,188,27,210,97,115,30,204,89.3131111111111,10.7977777777778,-11.2566652093253,668,0.236628849270664,0.282282282282282,0.387358184764992,0.669640467047274,0.150729335494327,0.258982035928144,0.0523952095808383,0.415929203539823,0.0597345132743363,0.464601769911504,0.214601769911504,0.254424778761062,0.451327433628319,0.288543543543544,-0.0168512952235409,0.87,0.9,"strong","pitcher","fixed_linear_weights_v1","sabrhood_player_summary_v1",2413,0.520099461251554,0.516369664318276,"2026-09-17","2026-09-18 14:10:06 UTC"
"694973","Paul Skenes","Pittsburgh Pirates","R",2026-03-26,2026-09-12,667,601,137,86,32,2,17,46,0,11,185,5,224,423,161,29,180,107,92,43,188,86.8964539007092,15.6643026004728,-6.45523592726639,667,0.227953410981697,0.292609351432881,0.372712146422629,0.66532149785551,0.144758735440932,0.27736131934033,0.0689655172413793,0.380614657210402,0.0685579196217494,0.425531914893617,0.252955082742317,0.217494089834515,0.444444444444444,0.290060331825038,-0.00967801488345785,0.87,0.894,"strong","pitcher","fixed_linear_weights_v1","sabrhood_player_summary_v1",2705,0.510166358595194,0.46728280961183,"2026-09-17","2026-09-18 14:10:06 UTC"
"543243","Sonny Gray","Boston Red Sox","R",2026-03-28,2026-09-17,664,609,144,92,35,1,16,45,0,5,146,3,229,465,179,29,217,121,108,19,251,88.9332608695652,10.1913043478261,-28.4763514832757,664,0.236453201970443,0.293051359516616,0.376026272577997,0.669077632094613,0.139573070607553,0.219879518072289,0.0677710843373494,0.38494623655914,0.0623655913978495,0.466666666666667,0.260215053763441,0.232258064516129,0.539784946236559,0.291132930513595,-0.0428860715109574,0.869,0.903,"strong","pitcher","fixed_linear_weights_v1","sabrhood_player_summary_v1",2397,0.47392574050897,0.467250730079266,"2026-09-17","2026-09-18 14:10:06 UTC"
"694738","Landen Roupp","San Francisco Giants","R",2026-03-30,2026-09-14,659,574,126,86,26,3,11,75,0,5,143,3,191,434,130,22,220,93,99,22,216,85.0710648148148,9.31944444444444,-9.36613360548531,659,0.219512195121951,0.313546423135464,0.332752613240418,0.646299036375882,0.113240418118467,0.216995447647951,0.113808801213961,0.299539170506912,0.0506912442396313,0.506912442396313,0.214285714285714,0.228110599078341,0.497695852534562,0.289284627092846,-0.0142126458353343,0.868,0.897,"strong","pitcher","fixed_linear_weights_v1","sabrhood_player_summary_v1",2712,0.434734513274336,0.422197640117994,"2026-09-17","2026-09-18 14:10:06 UTC"
"693433","Bryan Woo","Seattle Mariners","R",2026-03-28,2026-09-12,658,612,135,89,25,3,18,35,1,7,163,4,220,452,190,31,172,105,128,47,186,89.1447893569845,16.780487804878,-6.54937796990678,658,0.220588235294118,0.268996960486322,0.359477124183007,0.628474084669329,0.138888888888889,0.247720364741641,0.0531914893617021,0.420353982300885,0.0685840707964602,0.380530973451327,0.232300884955752,0.283185840707965,0.411504424778761,0.271963470319635,-0.00995346196034465,0.868,0.9,"strong","pitcher","fixed_linear_weights_v1","sabrhood_player_summary_v1",2475,0.532525252525253,0.515151515151515,"2026-09-17","2026-09-18 14:10:06 UTC"
"700241","Michael McGreevy","St. Louis Cardinals","R",2026-03-28,2026-09-13,658,606,154,96,35,3,20,45,0,1,112,6,255,500,208,45,223,120,138,19,217,89.2134268537074,10.5250501002004,-8.810887765083,658,0.254125412541254,0.303951367781155,0.420792079207921,0.724743446989076,0.166666666666667,0.170212765957447,0.0683890577507599,0.416,0.09,0.446,0.24,0.276,0.434,0.310835866261398,-0.0133904069378161,0.868,0.909,"strong","pitcher","fixed_linear_weights_v1","sabrhood_player_summary_v1",2594,0.446414803392444,0.4491133384734,"2026-09-17","2026-09-18 14:10:06 UTC"
"669461","Matthew Liberatore","St. Louis Cardinals","L",2026-03-26,2026-09-16,656,589,166,112,26,1,27,55,0,5,148,6,275,444,186,42,168,115,128,33,209,89.6033783783784,15.6193693693694,20.3873912235801,656,0.281833616298812,0.345038167938931,0.466893039049236,0.811931206988167,0.185059422750424,0.225609756097561,0.0838414634146342,0.418918918918919,0.0945945945945946,0.378378378378378,0.259009009009009,0.288288288288288,0.470720720720721,0.34836641221374,0.0310783402798477,0.868,0.899,"strong","pitcher","fixed_linear_weights_v1","sabrhood_player_summary_v1",2529,0.461842625543693,0.484381178331356,"2026-09-17","2026-09-18 14:10:06 UTC"
"669432","Trevor Rogers","Baltimore Orioles","L",2026-03-26,2026-09-13,656,609,154,97,34,4,19,38,0,3,143,6,253,471,170,30,185,114,119,53,210,87.7695931477516,17.8418803418803,0.581992357418661,656,0.252873563218391,0.297256097560976,0.415435139573071,0.712691237134046,0.16256157635468,0.217987804878049,0.0579268292682927,0.360934182590234,0.0636942675159236,0.392781316348195,0.24203821656051,0.252653927813163,0.445859872611465,0.305381097560976,0.000887183471674788,0.868,0.904,"strong","pitcher","fixed_linear_weights_v1","sabrhood_player_summary_v1",2535,0.530571992110454,0.517159763313609,"2026-09-17","2026-09-18 14:10:06 UTC"
"676282","Joey Cantillo","Cleveland Guardians","L",2026-03-28,2026-09-12,652,563,141,92,30,2,17,78,0,6,162,3,226,403,161,31,182,88,107,26,193,87.6104738154613,10.4601990049751,1.86104219141798,652,0.25044404973357,0.346153846153846,0.401420959147425,0.747574805301271,0.150976909413854,0.248466257668712,0.119631901840491,0.399503722084367,0.0769230769230769,0.451612903225806,0.218362282878412,0.265508684863524,0.478908188585608,0.3286,0.00285435918929138,0.867,0.89,"strong","pitcher","fixed_linear_weights_v1","sabrhood_player_summary_v1",2587,0.443370699652107,0.473134905295709,"2026-09-17","2026-09-18 14:10:06 UTC"
"656876","Drew Rasmussen","Tampa Bay Rays","R",2026-03-26,2026-09-17,646,607,124,92,17,1,14,29,0,7,163,3,185,446,152,24,202,110,103,31,217,87.7354260089686,12.1726457399103,-29.425424134575,646,0.204283360790774,0.247678018575851,0.304777594728171,0.552455613304023,0.100494233937397,0.252321981424149,0.0448916408668731,0.340807174887892,0.0538116591928251,0.452914798206278,0.246636771300448,0.230941704035874,0.486547085201794,0.242708978328173,-0.0455501921587848,0.866,0.899,"strong","pitcher","fixed_linear_weights_v1","sabrhood_player_summary_v1",2545,0.502554027504912,0.498624754420432,"2026-09-17","2026-09-18 14:10:06 UTC"
"701542","Will Warren","New York Yankees","R",2026-03-28,2026-09-14,641,577,150,91,35,3,21,51,1,4,147,6,254,437,194,32,200,109,102,26,199,90.4727064220183,11.4885321100917,7.73130911221347,641,0.259965337954939,0.321316614420063,0.440207972270364,0.761524586690427,0.180242634315425,0.229329173166927,0.0795631825273011,0.443935926773455,0.0732265446224256,0.45766590389016,0.249427917620137,0.233409610983982,0.455377574370709,0.326138147566719,0.0120613246680397,0.865,0.897,"strong","pitcher","fixed_linear_weights_v1","sabrhood_player_summary_v1",2505,0.441516966067864,0.461477045908184,"2026-09-17","2026-09-18 14:10:06 UTC"
"694819","Jacob Misiorowski","Milwaukee Brewers","R",2026-03-26,2026-09-15,637,584,93,69,8,2,14,42,0,9,243,1,147,342,113,12,153,75,84,30,126,86.605,12.6627565982405,-42.8720071194744,637,0.159246575342466,0.226415094339623,0.251712328767123,0.478127423106746,0.0924657534246575,0.381475667189953,0.0659340659340659,0.330409356725146,0.0350877192982456,0.447368421052632,0.219298245614035,0.245614035087719,0.368421052631579,0.215974842767296,-0.0673029939081231,0.864,0.872,"strong","pitcher","fixed_linear_weights_v1","sabrhood_player_summary_v1",2534,0.512628255722178,0.502367797947908,"2026-09-17","2026-09-18 14:10:06 UTC"
"693821","Bryce Elder","Atlanta Braves","R",2026-03-30,2026-08-31,635,575,140,97,17,2,24,49,0,3,121,3,233,459,183,32,203,108,121,27,210,88.5882352941177,12.4466230936819,-1.87195273501684,635,0.243478260869565,0.304761904761905,0.405217391304348,0.709979296066253,0.161739130434783,0.190551181102362,0.0771653543307087,0.398692810457516,0.0697167755991285,0.442265795206972,0.235294117647059,0.263616557734205,0.457516339869281,0.307571428571429,-0.00294795706301864,0.864,0.902,"strong","pitcher","fixed_linear_weights_v1","sabrhood_player_summary_v1",2245,0.462806236080178,0.476614699331849,"2026-09-17","2026-09-18 14:10:06 UTC"
"696149","Bubba Chandler","Pittsburgh Pirates","R",2026-03-31,2026-09-13,635,549,125,80,28,3,14,74,0,6,132,4,201,422,163,29,168,93,121,40,181,88.2841232227488,15.8388625592417,5.46208765458959,635,0.227686703096539,0.323854660347551,0.366120218579235,0.689974878926786,0.138433515482696,0.207874015748031,0.116535433070866,0.386255924170616,0.0687203791469194,0.398104265402844,0.220379146919431,0.286729857819905,0.428909952606635,0.305402843601896,0.00860171284187337,0.864,0.894,"strong","pitcher","fixed_linear_weights_v1","sabrhood_player_summary_v1",2519,0.469233822945613,0.484319174275506,"2026-09-17","2026-09-18 14:10:06 UTC"
"669467","Andre Pallante","St. Louis Cardinals","R",2026-03-31,2026-09-15,631,573,143,103,27,2,11,47,0,6,104,3,207,471,161,26,265,107,79,20,217,86.7232905982906,5.00213675213675,-8.95881456438592,631,0.24956369982548,0.311605723370429,0.361256544502618,0.672862267873047,0.111692844677138,0.164817749603803,0.0744849445324881,0.341825902335456,0.0552016985138004,0.562632696390658,0.227176220806794,0.167728237791932,0.46072186836518,0.295866454689984,-0.0141978043809603,0.863,0.904,"strong","pitcher","fixed_linear_weights_v1","sabrhood_player_summary_v1",2462,0.447603574329813,0.484159220146223,"2026-09-17","2026-09-18 14:10:06 UTC"
"687064","Brandon Young","Baltimore Orioles","R",2026-04-06,2026-09-14,631,564,145,99,23,2,21,55,0,4,118,4,235,450,177,30,193,105,116,36,211,88.8288590604027,13.7767857142857,-3.39393102211175,631,0.25709219858156,0.325358851674641,0.416666666666667,0.742025518341308,0.159574468085106,0.187004754358162,0.0871632329635499,0.393333333333333,0.0666666666666667,0.428888888888889,0.233333333333333,0.257777777777778,0.468888888888889,0.321850079744817,-0.00537865455168265,0.863,0.9,"strong","pitcher","fixed_linear_weights_v1","sabrhood_player_summary_v1",2364,0.492808798646362,0.467005076142132,"2026-09-17","2026-09-18 14:10:06 UTC"
"519242","Chris Sale","Atlanta Braves","L",2026-03-27,2026-09-11,629,581,125,94,21,1,9,31,0,14,190,2,175,392,138,21,176,99,93,24,169,87.6566326530612,11.2295918367347,-34.7395515990474,629,0.215146299483649,0.270700636942675,0.301204819277108,0.571905456219784,0.0860585197934596,0.302066772655008,0.0492845786963434,0.352040816326531,0.0535714285714286,0.448979591836735,0.252551020408163,0.237244897959184,0.431122448979592,0.254585987261147,-0.0552298117631914,0.863,0.887,"strong","pitcher","fixed_linear_weights_v1","sabrhood_player_summary_v1",2477,0.504642712959225,0.494953572870408,"2026-09-17","2026-09-18 14:10:06 UTC"
"656849","David Peterson","Chicago Cubs","L",2026-03-28,2026-09-14,624,551,151,110,23,4,14,62,0,4,124,5,224,432,174,25,222,110,85,15,202,88.2525700934579,6.38461538461539,13.6357802103896,624,0.274047186932849,0.34887459807074,0.406533575317604,0.755408173388344,0.132486388384755,0.198717948717949,0.0993589743589744,0.402777777777778,0.0578703703703704,0.513888888888889,0.25462962962963,0.196759259259259,0.467592592592593,0.33016077170418,0.0218522118756244,0.862,0.896,"strong","pitcher","fixed_linear_weights_v1","sabrhood_player_summary_v1",2302,0.460903562119896,0.46611642050391,"2026-09-17","2026-09-18 14:10:06 UTC"
"594798","Jacob deGrom","Texas Rangers","R",2026-03-31,2026-09-15,623,581,126,84,21,1,20,37,1,1,194,1,209,387,176,31,142,106,105,34,176,90.1496124031008,16.2093023255814,-14.1893645300017,623,0.216867469879518,0.264516129032258,0.359724612736661,0.624240741768919,0.142857142857143,0.31139646869984,0.0593900481540931,0.454780361757106,0.0801033591731266,0.366925064599483,0.27390180878553,0.271317829457364,0.454780361757106,0.270242326332795,-0.0227758660192644,0.862,0.886,"strong","pitcher","fixed_linear_weights_v1","sabrhood_player_summary_v1",2564,0.515210608424337,0.453978159126365,"2026-09-17","2026-09-18 14:10:06 UTC"
"547179","Michael Lorenzen","Toronto Blue Jays","R",2026-03-28,2026-09-15,619,549,186,124,33,6,23,54,0,6,90,9,300,469,217,43,205,125,116,23,229,90.9775641025641,11.8418803418803,48.4152522872792,619,0.33879781420765,0.398058252427184,0.546448087431694,0.944506339858878,0.207650273224044,0.145395799676898,0.0872374798061389,0.462686567164179,0.0916844349680171,0.437100213219616,0.266524520255864,0.247334754797441,0.488272921108742,0.400016181229773,0.0782152702540859,0.861,0.904,"strong","pitcher","fixed_linear_weights_v1","sabrhood_player_summary_v1",2400,0.444583333333333,0.484583333333333,"2026-09-17","2026-09-18 14:10:06 UTC"
"663567","Peter Lambert","Houston Astros","R",2026-04-17,2026-09-12,619,544,122,88,20,0,14,56,0,12,141,3,184,408,146,28,155,89,131,33,173,87.0458333333333,18.3799019607843,-13.2799255851035,619,0.224264705882353,0.308943089430894,0.338235294117647,0.647178383548541,0.113970588235294,0.227786752827141,0.0904684975767367,0.357843137254902,0.0686274509803922,0.379901960784314,0.218137254901961,0.321078431372549,0.424019607843137,0.288878048780488,-0.0214538377788425,0.861,0.891,"strong","pitcher","fixed_linear_weights_v1","sabrhood_player_summary_v1",2453,0.489196901752956,0.466367713004484,"2026-09-17","2026-09-18 14:10:06 UTC"
"695505","Chase Burns","Cincinnati Reds","R",2026-03-30,2026-09-13,615,557,120,77,24,3,16,54,0,1,181,2,198,378,144,30,145,88,110,35,174,89.1650406504065,18.4162162162162,-20.38947792366,615,0.215439856373429,0.285016286644951,0.355475763016158,0.640492049661109,0.140035906642729,0.294308943089431,0.0878048780487805,0.380952380952381,0.0793650793650794,0.383597883597884,0.232804232804233,0.291005291005291,0.46031746031746,0.280684039087948,-0.0331536226400975,0.86,0.883,"strong","pitcher","fixed_linear_weights_v1","sabrhood_player_summary_v1",2502,0.489608313349321,0.435651478816946,"2026-09-17","2026-09-18 14:10:06 UTC"
"605488","Jeffrey Springs","Athletics","L",2026-03-28,2026-09-17,614,548,147,84,24,6,33,56,0,4,109,6,282,443,153,41,154,114,147,28,194,86.9656036446469,16.4077448747153,31.4691320426601,614,0.268248175182482,0.337133550488599,0.514598540145985,0.851732090634585,0.246350364963504,0.177524429967427,0.0912052117263844,0.345372460496614,0.0925507900677201,0.347629796839729,0.257336343115124,0.331828442437923,0.437923250564334,0.359755700325733,0.051252658049935,0.86,0.899,"strong","pitcher","fixed_linear_weights_v1","sabrhood_player_summary_v1",2378,0.462573591253154,0.463414634146341,"2026-09-17","2026-09-18 14:10:06 UTC"
"608372","Tomoyuki Sugano","Colorado Rockies","R",2026-03-30,2026-09-14,614,568,160,84,39,6,31,34,0,3,86,7,304,491,212,59,188,131,151,21,218,90.6207739307536,14.5539714867617,19.0834582635058,614,0.28169014084507,0.321895424836601,0.535211267605634,0.857106692442235,0.253521126760563,0.140065146579805,0.0553745928338762,0.431771894093686,0.120162932790224,0.382892057026477,0.266802443991853,0.307535641547862,0.443991853360489,0.358774509803922,0.0310805509177618,0.86,0.908,"strong","pitcher","fixed_linear_weights_v1","sabrhood_player_summary_v1",2360,0.471610169491525,0.471610169491525,"2026-09-17","2026-09-18 14:10:06 UTC"
"672456","Keider Montero","Detroit Tigers","R",2026-04-05,2026-09-16,611,562,123,77,27,2,17,35,1,6,102,4,205,467,172,34,190,97,126,54,212,87.9304721030043,15.4678111587983,-15.5239981806579,611,0.218861209964413,0.270181219110379,0.364768683274021,0.6349499023844,0.145907473309609,0.166939443535188,0.0572831423895254,0.36830835117773,0.0728051391862955,0.406852248394004,0.207708779443255,0.269807280513919,0.453961456102784,0.274438943894389,-0.0254075256639246,0.859,0.903,"strong","pitcher","fixed_linear_weights_v1","sabrhood_player_summary_v1",2247,0.478415665331553,0.522474410324878,"2026-09-17","2026-09-18 14:10:06 UTC"
"621111","Walker Buehler","San Diego Padres","R",2026-03-30,2026-09-15,611,550,142,96,23,3,20,53,1,6,122,1,231,427,163,35,198,98,99,32,201,89.0557647058824,12.1082352941176,5.72934533106343,611,0.258181818181818,0.329508196721311,0.42,0.749508196721312,0.161818181818182,0.199672667757774,0.0867430441898527,0.381733021077283,0.0819672131147541,0.463700234192037,0.229508196721311,0.231850117096019,0.470725995316159,0.325254515599343,0.00937699726851626,0.859,0.895,"strong","pitcher","fixed_linear_weights_v1","sabrhood_player_summary_v1",2446,0.452575633687653,0.480784955028618,"2026-09-17","2026-09-18 14:10:06 UTC"
"677958","Kumar Rocker","Texas Rangers","R",2026-04-04,2026-09-12,610,545,141,91,25,5,20,57,0,4,132,4,236,416,166,31,174,111,101,30,200,88.9407228915663,12.6578313253012,2.01092896222772,610,0.258715596330275,0.331147540983607,0.43302752293578,0.764175063919386,0.174311926605505,0.216393442622951,0.0934426229508197,0.399038461538462,0.0745192307692308,0.418269230769231,0.266826923076923,0.242788461538462,0.480769230769231,0.329983606557377,0.00329660485611102,0.859,0.893,"strong","pitcher","fixed_linear_weights_v1","sabrhood_player_summary_v1",2346,0.479113384484228,0.459931798806479,"2026-09-17","2026-09-18 14:10:06 UTC"
"700712","Walbert Ureña","Los Angeles Angels","R",2026-03-26,2026-09-17,606,527,107,77,21,0,9,67,2,8,140,3,155,390,139,22,216,75,85,14,195,86.7141388174807,4.17179487179487,-20.3009804034644,606,0.20303605313093,0.300826446280992,0.294117647058824,0.594944093339815,0.0910815939278938,0.231023102310231,0.110561056105611,0.356410256410256,0.0564102564102564,0.553846153846154,0.192307692307692,0.217948717948718,0.5,0.269485903814262,-0.0334999676624825,0.858,0.886,"strong","pitcher","fixed_linear_weights_v1","sabrhood_player_summary_v1",2400,0.467083333333333,0.457083333333333,"2026-09-17","2026-09-18 14:10:06 UTC"
"691587","Eury Pérez","Miami Marlins","R",2026-03-28,2026-09-13,604,529,115,67,29,1,18,64,0,9,155,2,200,374,147,36,146,79,107,42,155,88.0262032085562,18.831550802139,1.22811834849979,604,0.217391304347826,0.311258278145695,0.378071833648393,0.689330111794089,0.160680529300567,0.256622516556291,0.105960264900662,0.393048128342246,0.0962566844919786,0.390374331550802,0.211229946524064,0.286096256684492,0.414438502673797,0.303476821192053,0.00203330852400627,0.858,0.882,"strong","pitcher","fixed_linear_weights_v1","sabrhood_player_summary_v1",2457,0.509157509157509,0.458689458689459,"2026-09-17","2026-09-18 14:10:06 UTC"
"640455","Sean Manaea","New York Mets","L",2026-03-29,2026-09-15,604,539,142,82,30,7,23,41,0,14,132,6,255,414,172,42,168,97,125,24,197,88.4424757281553,14.3228155339806,16.5143329978152,604,0.263450834879406,0.328333333333333,0.473098330241187,0.801431663574521,0.209647495361781,0.218543046357616,0.0678807947019868,0.415458937198068,0.101449275362319,0.405797101449275,0.234299516908213,0.301932367149758,0.475845410628019,0.341466666666667,0.0273416109235351,0.858,0.892,"strong","pitcher","fixed_linear_weights_v1","sabrhood_player_summary_v1",2294,0.502615518744551,0.517872711421098,"2026-09-17","2026-09-18 14:10:06 UTC"
"656550","Grant Holmes","Atlanta Braves","R",2026-03-29,2026-09-13,601,532,125,83,21,1,20,59,0,3,110,6,208,429,189,41,185,107,115,22,213,90.713785046729,12.0654205607477,-10.3433965681314,601,0.234962406015038,0.311666666666667,0.390977443609023,0.702644110275689,0.156015037593985,0.183028286189684,0.0981697171381032,0.440559440559441,0.0955710955710956,0.431235431235431,0.249417249417249,0.268065268065268,0.496503496503497,0.306183333333333,-0.0172103104295032,0.857,0.896,"strong","pitcher","fixed_linear_weights_v1","sabrhood_player_summary_v1",2241,0.485051316376618,0.456492637215529,"2026-09-17","2026-09-18 14:10:06 UTC"
"554430","Zack Wheeler","Philadelphia Phillies","R",2026-04-25,2026-09-16,599,547,113,70,22,1,20,46,0,4,177,2,197,372,132,23,163,82,93,34,175,86.4932614555256,14.0080862533693,-24.5088378304253,599,0.206581352833638,0.27212020033389,0.360146252285192,0.632266452619082,0.153564899451554,0.295492487479132,0.0767946577629382,0.354838709677419,0.0618279569892473,0.438172043010753,0.220430107526882,0.25,0.470430107526882,0.275893155258765,-0.0409162568120623,0.857,0.882,"strong","pitcher","fixed_linear_weights_v1","sabrhood_player_summary_v1",2451,0.49734802121583,0.420236638106895,"2026-09-17","2026-09-18 14:10:06 UTC"
"607200","Erick Fedde","Chicago White Sox","R",2026-03-31,2026-09-17,593,534,135,89,22,1,23,48,0,4,97,5,228,440,178,36,166,109,132,33,204,88.6407744874715,15.9088838268793,1.4507595688587,593,0.252808988764045,0.316412859560068,0.426966292134831,0.743379151694899,0.174157303370786,0.163575042158516,0.0809443507588533,0.404545454545455,0.0818181818181818,0.377272727272727,0.247727272727273,0.3,0.463636363636364,0.320456852791878,0.00244647482100962,0.856,0.898,"strong","pitcher","fixed_linear_weights_v1","sabrhood_player_summary_v1",2349,0.424861643252448,0.458492975734355,"2026-09-17","2026-09-18 14:10:06 UTC"
"663436","Davis Martin","Chicago White Sox","R",2026-03-30,2026-09-15,592,536,140,96,30,0,14,43,0,9,115,3,212,425,187,26,183,118,97,27,197,89.6340527577938,11.9043062200957,-5.04110383362452,592,0.261194029850746,0.3248730964467,0.395522388059701,0.720395484506402,0.134328358208955,0.194256756756757,0.0726351351351351,0.44,0.0611764705882353,0.430588235294118,0.277647058823529,0.228235294117647,0.463529411764706,0.314670050761421,-0.00851537809733872,0.855,0.895,"strong","pitcher","fixed_linear_weights_v1","sabrhood_player_summary_v1",2254,0.484028393966282,0.46583850931677,"2026-09-17","2026-09-18 14:10:06 UTC"
"669160","Dustin May","Milwaukee Brewers","R",2026-03-29,2026-09-11,587,525,132,94,26,1,11,46,0,10,133,4,193,395,175,26,167,101,97,29,173,89.2147959183673,11.9795918367347,3.27201449229708,587,0.251428571428571,0.321367521367521,0.367619047619048,0.688986568986569,0.116190476190476,0.226575809199319,0.0783645655877342,0.443037974683544,0.0658227848101266,0.422784810126582,0.255696202531646,0.245569620253165,0.437974683544304,0.303538461538462,0.00557413031055721,0.854,0.888,"strong","pitcher","fixed_linear_weights_v1","sabrhood_player_summary_v1",2235,0.476510067114094,0.489485458612975,"2026-09-17","2026-09-18 14:10:06 UTC"
"622491","Luis Castillo","Chicago White Sox","R",2026-03-30,2026-09-12,583,524,148,91,30,3,24,42,1,7,111,5,256,420,176,39,155,111,123,31,171,88.9890214797136,16.5107398568019,27.6350156231609,583,0.282442748091603,0.34083044982699,0.488549618320611,0.8293800681476,0.206106870229008,0.190394511149228,0.072041166380789,0.419047619047619,0.0928571428571429,0.369047619047619,0.264285714285714,0.292857142857143,0.407142857142857,0.352738301559792,0.0474013990105677,0.854,0.894,"strong","pitcher","fixed_linear_weights_v1","sabrhood_player_summary_v1",2335,0.517344753747323,0.485224839400428,"2026-09-17","2026-09-18 14:10:06 UTC"
"543135","Nathan Eovaldi","Texas Rangers","R",2026-03-26,2026-09-16,583,537,133,86,21,2,24,32,0,9,140,3,230,400,164,36,194,84,101,21,199,88.44975,10.4525,-4.10114899412275,583,0.247672253258845,0.299483648881239,0.428305400372439,0.727789049253679,0.180633147113594,0.240137221269297,0.0548885077186964,0.41,0.09,0.485,0.21,0.2525,0.4975,0.31263339070568,-0.0070345608818572,0.854,0.889,"strong","pitcher","fixed_linear_weights_v1","sabrhood_player_summary_v1",2098,0.520972354623451,0.477121067683508,"2026-09-17","2026-09-18 14:10:06 UTC"
"669372","J.T. Ginn","Athletics","R",2026-03-29,2026-08-26,582,508,114,76,21,0,17,57,1,9,121,6,186,393,139,25,182,91,95,25,191,86.5434782608696,10,-8.96485518946258,582,0.224409448818898,0.310344827586207,0.366141732283465,0.676486559869671,0.141732283464567,0.207903780068729,0.0979381443298969,0.353689567430025,0.0636132315521628,0.463104325699746,0.231552162849873,0.241730279898219,0.486005089058524,0.297426597582038,-0.0154035312533721,0.853,0.887,"strong","pitcher","fixed_linear_weights_v1","sabrhood_player_summary_v1",2183,0.45716903344022,0.42647732478241,"2026-09-17","2026-09-18 14:10:06 UTC"
"607067","Colin Rea","Chicago Cubs","R",2026-03-30,2026-09-09,575,516,134,90,22,1,21,47,0,7,100,2,221,421,176,43,185,95,120,21,186,89.3232779097387,11.7933491686461,2.9221573900579,575,0.25968992248062,0.328671328671329,0.428294573643411,0.756965902314739,0.168604651162791,0.173913043478261,0.0817391304347826,0.418052256532067,0.102137767220903,0.439429928741093,0.225653206650831,0.285035629453682,0.441805225653207,0.328181818181818,0.00508201285227461,0.852,0.894,"strong","pitcher","fixed_linear_weights_v1","sabrhood_player_summary_v1",2187,0.465020576131687,0.473708276177412,"2026-09-17","2026-09-18 14:10:06 UTC"
"607536","Kyle Freeland","Colorado Rockies","L",2026-03-27,2026-09-15,575,538,161,91,38,5,27,28,0,6,104,3,290,436,188,42,178,111,129,18,202,89.9742528735632,13.7333333333333,29.027158089066,575,0.299256505576208,0.339130434782609,0.539033457249071,0.878163892031679,0.239776951672862,0.180869565217391,0.048695652173913,0.431192660550459,0.0963302752293578,0.408256880733945,0.254587155963303,0.295871559633028,0.463302752293578,0.370278260869565,0.0504820140679408,0.852,0.897,"strong","pitcher","fixed_linear_weights_v1","sabrhood_player_summary_v1",2056,0.510700389105058,0.4965953307393,"2026-09-17","2026-09-18 14:10:06 UTC"
"527048","Martín Pérez","Atlanta Braves","L",2026-03-31,2026-09-15,575,504,113,78,17,5,13,60,1,3,100,6,179,412,149,19,193,106,89,24,230,86.8557177615572,8.56447688564477,-18.002161669477,575,0.224206349206349,0.307155322862129,0.35515873015873,0.662314053020859,0.130952380952381,0.173913043478261,0.104347826086957,0.361650485436893,0.0461165048543689,0.468446601941748,0.257281553398058,0.216019417475728,0.558252427184466,0.291118881118881,-0.0313081072512644,0.852,0.892,"strong","pitcher","fixed_linear_weights_v1","sabrhood_player_summary_v1",2165,0.430484988452656,0.453117782909931,"2026-09-17","2026-09-18 14:10:06 UTC"
"801139","Payton Tolle","Boston Red Sox","L",2026-04-23,2026-09-13,575,530,115,68,31,1,15,37,0,5,166,2,193,366,127,24,137,83,100,46,150,86.5355371900826,17.3526170798898,-20.610298331353,575,0.216981132075472,0.273519163763066,0.364150943396226,0.637670107159293,0.147169811320755,0.288695652173913,0.0643478260869565,0.346994535519126,0.0655737704918033,0.37431693989071,0.226775956284153,0.273224043715847,0.409836065573771,0.277212543554007,-0.0358439970980052,0.852,0.88,"strong","pitcher","fixed_linear_weights_v1","sabrhood_player_summary_v1",2191,0.553628480146052,0.527612962117754,"2026-09-17","2026-09-18 14:10:06 UTC"
"669373","Tarik Skubal","Los Angeles Dodgers","L",2026-03-26,2026-09-14,573,539,115,77,22,3,13,25,0,5,173,1,182,369,132,25,168,88,89,24,165,86.0439024390244,10.6693766937669,-28.4459100240656,573,0.213358070500928,0.254385964912281,0.337662337662338,0.592048302574618,0.12430426716141,0.301919720767888,0.043630017452007,0.357723577235772,0.0677506775067751,0.455284552845528,0.238482384823848,0.241192411924119,0.447154471544715,0.257368421052632,-0.0496438220315281,0.851,0.881,"strong","pitcher","fixed_linear_weights_v1","sabrhood_player_summary_v1",2195,0.532574031890661,0.491116173120729,"2026-09-17","2026-09-18 14:10:06 UTC"
"681517","Kyle Leahy","St. Louis Cardinals","R",2026-03-30,2026-09-12,571,524,139,93,31,1,14,38,0,5,128,1,214,398,187,37,181,103,96,18,183,90.7952261306533,9.92211055276382,-16.6881280422431,571,0.265267175572519,0.320422535211268,0.408396946564886,0.728819481776153,0.143129770992366,0.224168126094571,0.0665499124343257,0.469849246231156,0.092964824120603,0.454773869346734,0.258793969849246,0.241206030150754,0.459798994974874,0.316549295774648,-0.0292261436816867,0.851,0.888,"strong","pitcher","fixed_linear_weights_v1","sabrhood_player_summary_v1",2227,0.46340368208352,0.490794791198922,"2026-09-17","2026-09-18 14:10:06 UTC"
"624133","Ranger Suarez","Boston Red Sox","L",2026-03-30,2026-09-12,571,519,124,90,24,1,9,40,0,7,130,4,177,392,131,21,169,106,90,27,175,86.130612244898,12.6760204081633,-16.4436114901281,571,0.238921001926782,0.3,0.341040462427746,0.641040462427746,0.102119460500963,0.227670753064799,0.0700525394045534,0.334183673469388,0.0535714285714286,0.431122448979592,0.270408163265306,0.229591836734694,0.446428571428571,0.282894736842105,-0.0287979185466341,0.851,0.887,"strong","pitcher","fixed_linear_weights_v1","sabrhood_player_summary_v1",2200,0.456363636363636,0.440454545454545,"2026-09-17","2026-09-18 14:10:06 UTC"
"641816","Tyler Mahle","Atlanta Braves","R",2026-03-28,2026-09-12,571,517,129,89,20,2,18,43,0,3,127,5,207,397,150,27,177,91,106,23,188,89.300253164557,12.020253164557,-7.70490073695552,571,0.249516441005803,0.308098591549296,0.400386847195358,0.708485438744654,0.150870406189555,0.222416812609457,0.0753064798598949,0.377833753148615,0.0680100755667506,0.445843828715365,0.229219143576826,0.267002518891688,0.473551637279597,0.306778169014085,-0.0134936965620937,0.851,0.888,"strong","pitcher","fixed_linear_weights_v1","sabrhood_player_summary_v1",2213,0.459105286940804,0.468142792589245,"2026-09-17","2026-09-18 14:10:06 UTC"
"676106","Emerson Hancock","Seattle Mariners","R",2026-03-29,2026-08-28,568,527,126,83,23,0,20,31,0,7,126,3,209,401,167,36,176,80,116,29,165,89.5416040100251,13.4035087719298,-14.9915967096275,568,0.239089184060721,0.288732394366197,0.396584440227704,0.685316834593901,0.157495256166983,0.221830985915493,0.0545774647887324,0.41645885286783,0.0897755610972569,0.438902743142145,0.199501246882793,0.28927680798005,0.411471321695761,0.296109154929577,-0.0263936561789216,0.85,0.889,"strong","pitcher","fixed_linear_weights_v1","sabrhood_player_summary_v1",2171,0.519115614923998,0.515891294334408,"2026-09-17","2026-09-18 14:10:06 UTC"
"677960","Ryan Weathers","New York Yankees","L",2026-03-30,2026-08-22,568,523,130,92,18,2,18,38,0,3,143,3,206,384,156,34,190,94,82,18,183,88.6253926701571,8.86387434554974,-7.6089953333831,568,0.248565965583174,0.301587301587302,0.393881453154876,0.695468754742177,0.145315487571702,0.251760563380282,0.0669014084507042,0.40625,0.0885416666666667,0.494791666666667,0.244791666666667,0.213541666666667,0.4765625,0.301516754850088,-0.0133961185446886,0.85,0.885,"strong","pitcher","fixed_linear_weights_v1","sabrhood_player_summary_v1",2279,0.448442299254059,0.466432645897323,"2026-09-17","2026-09-18 14:10:06 UTC"
"657746","Joe Ryan","Minnesota Twins","R",2026-03-26,2026-09-13,567,525,126,75,29,2,20,29,0,8,146,5,219,381,158,39,142,89,111,39,201,89.092125984252,18.4488188976378,2.55014403688354,567,0.24,0.287477954144621,0.417142857142857,0.704620811287478,0.177142857142857,0.257495590828924,0.0511463844797178,0.414698162729659,0.102362204724409,0.372703412073491,0.233595800524934,0.291338582677165,0.52755905511811,0.301675485008818,0.0044976085306588,0.85,0.884,"strong","pitcher","fixed_linear_weights_v1","sabrhood_player_summary_v1",2239,0.499330058061635,0.511835640911121,"2026-09-17","2026-09-18 14:10:06 UTC"
"695076","Rhett Lowder","Cincinnati Reds","R",2026-03-29,2026-09-15,562,502,138,87,30,3,18,50,0,6,98,1,228,406,158,38,169,103,112,22,182,89.7377833753149,14.0755667506297,14.0502313258784,562,0.274900398406374,0.347048300536673,0.454183266932271,0.801231567468944,0.179282868525896,0.174377224199288,0.0889679715302491,0.389162561576355,0.0935960591133005,0.416256157635468,0.253694581280788,0.275862068965517,0.448275862068966,0.346046511627907,0.0250004116118832,0.849,0.89,"strong","pitcher","fixed_linear_weights_v1","sabrhood_player_summary_v1",2156,0.440166975881262,0.49025974025974,"2026-09-17","2026-09-18 14:10:06 UTC"
"680736","Justin Wrobleski","Los Angeles Dodgers","L",2026-03-30,2026-09-17,561,522,123,80,22,0,21,30,0,5,114,2,208,411,177,40,168,94,133,16,173,89.1990267639903,14.3868613138686,-11.7649446441868,561,0.235632183908046,0.282647584973166,0.398467432950192,0.681115017923358,0.162835249042146,0.203208556149733,0.053475935828877,0.430656934306569,0.097323600973236,0.408759124087591,0.228710462287105,0.32360097323601,0.420924574209246,0.293720930232558,-0.0209713808274274,0.849,0.892,"strong","pitcher","fixed_linear_weights_v1","sabrhood_player_summary_v1",2066,0.5,0.535333978702807,"2026-09-17","2026-09-18 14:10:06 UTC"
"681190","Randy Vásquez","San Diego Padres","R",2026-03-28,2026-09-15,559,512,135,85,30,4,16,36,0,5,83,6,221,433,190,43,174,109,121,29,209,91.1050808314088,16.0715935334873,2.11906313828149,559,0.263671875,0.31484794275492,0.431640625,0.74648856775492,0.16796875,0.148479427549195,0.0644007155635063,0.438799076212471,0.0993071593533487,0.401847575057737,0.251732101616628,0.279445727482679,0.482678983833718,0.319928443649374,0.00379081062304381,0.848,0.896,"strong","pitcher","fixed_linear_weights_v1","sabrhood_player_summary_v1",2122,0.503770028275212,0.516022620169651,"2026-09-17","2026-09-18 14:10:06 UTC"
"641793","Zack Littell","Arizona Diamondbacks","R",2026-03-31,2026-08-22,542,491,136,83,22,1,30,39,0,3,73,8,250,425,186,49,149,100,144,32,189,91.1164705882353,18.1552941176471,21.0282596687864,542,0.276985743380855,0.32902033271719,0.509164969450102,0.838185302167292,0.232179226069246,0.134686346863469,0.0719557195571956,0.437647058823529,0.115294117647059,0.350588235294118,0.235294117647059,0.338823529411765,0.444705882352941,0.353512014787431,0.0387975270641816,0.844,0.895,"strong","pitcher","fixed_linear_weights_v1","sabrhood_player_summary_v1",1977,0.501264542235711,0.493677288821447,"2026-09-17","2026-09-18 14:10:06 UTC"
"641927","Bailey Ober","Minnesota Twins","R",2026-03-29,2026-09-15,526,486,122,75,28,0,19,36,0,2,88,0,207,398,147,39,139,82,128,49,192,88.4655778894472,21.0502512562814,2.3407311011656,526,0.251028806584362,0.305343511450382,0.425925925925926,0.731269437376308,0.174897119341564,0.167300380228137,0.0684410646387833,0.369346733668342,0.0979899497487437,0.349246231155779,0.206030150753769,0.321608040201005,0.482412060301508,0.315248091603053,0.00445005912769126,0.84,0.888,"strong","pitcher","fixed_linear_weights_v1","sabrhood_player_summary_v1",1982,0.491422805247225,0.491927346115035,"2026-09-17","2026-09-18 14:10:06 UTC"
"805673","Zebby Matthews","Minnesota Twins","R",2026-05-14,2026-09-16,523,476,117,72,21,1,23,39,0,4,107,4,209,372,157,40,159,88,102,23,179,90.4177897574124,13.9191374663073,5.55946822991281,523,0.245798319327731,0.305927342256214,0.439075630252101,0.745002972508315,0.19327731092437,0.204588910133843,0.0745697896749522,0.422043010752688,0.10752688172043,0.42741935483871,0.236559139784946,0.274193548387097,0.481182795698925,0.319273422562141,0.0106299583745943,0.839,0.882,"strong","pitcher","fixed_linear_weights_v1","sabrhood_player_summary_v1",2017,0.475954387704512,0.485374318294497,"2026-09-17","2026-09-18 14:10:06 UTC"
"663372","Ryan Feltner","Colorado Rockies","R",2026-03-31,2026-09-15,521,462,128,72,32,4,20,50,0,1,88,8,228,379,139,34,163,79,112,25,187,86.8255936675462,13.0633245382586,21.2230789194329,521,0.277056277056277,0.343570057581574,0.493506493506494,0.837076551088067,0.216450216450216,0.168905950095969,0.0959692898272553,0.366754617414248,0.0897097625329815,0.430079155672823,0.20844327176781,0.295514511873351,0.493403693931398,0.354510556621881,0.0407352762369154,0.839,0.883,"strong","pitcher","fixed_linear_weights_v1","sabrhood_player_summary_v1",1924,0.489085239085239,0.503638253638254,"2026-09-17","2026-09-18 14:10:06 UTC"
"677944","Slade Cecconi","Cleveland Guardians","R",2026-03-29,2026-09-14,519,472,134,89,26,0,19,38,0,3,97,6,217,380,157,32,166,92,102,20,170,88.664907651715,12.8469656992084,13.0069079543887,519,0.283898305084746,0.33718689788054,0.459745762711864,0.796932660592404,0.175847457627119,0.186897880539499,0.0732177263969171,0.413157894736842,0.0842105263157895,0.436842105263158,0.242105263157895,0.268421052631579,0.447368421052632,0.341290944123314,0.0250614796809031,0.838,0.884,"strong","pitcher","fixed_linear_weights_v1","sabrhood_player_summary_v1",1980,0.466666666666667,0.499494949494949,"2026-09-17","2026-09-18 14:10:06 UTC"
"669387","Carmen Mlodzinski","Pittsburgh Pirates","R",2026-03-29,2026-09-16,514,467,121,87,24,1,9,41,1,3,91,2,174,377,176,27,159,102,91,25,189,90.306100795756,13.6923076923077,-3.07256078415075,514,0.259100642398287,0.321637426900585,0.372591006423983,0.694228433324568,0.113490364025696,0.17704280155642,0.0797665369649805,0.46684350132626,0.0716180371352785,0.421750663129974,0.270557029177719,0.241379310344828,0.50132625994695,0.30416015625,-0.0059777447162466,0.837,0.883,"strong","pitcher","fixed_linear_weights_v1","sabrhood_player_summary_v1",1986,0.453172205438066,0.491943605236657,"2026-09-17","2026-09-18 14:10:06 UTC"
"663554","Casey Mize","San Diego Padres","R",2026-03-31,2026-09-14,514,473,111,61,35,1,14,31,0,2,107,6,190,370,144,31,123,92,118,37,170,88.7624324324324,18.2405405405405,-10.7461609579686,514,0.234672304439746,0.28125,0.40169133192389,0.68294133192389,0.167019027484144,0.208171206225681,0.0603112840466926,0.389189189189189,0.0837837837837838,0.332432432432432,0.248648648648649,0.318918918918919,0.459459459459459,0.29220703125,-0.0209069279337911,0.837,0.881,"strong","pitcher","fixed_linear_weights_v1","sabrhood_player_summary_v1",1938,0.478844169246646,0.484520123839009,"2026-09-17","2026-09-18 14:10:06 UTC"
"808963","Roki Sasaki","Los Angeles Dodgers","R",2026-03-30,2026-08-26,513,457,111,55,32,2,22,48,0,5,117,2,213,341,147,33,148,79,90,24,132,89.2376470588235,12.0791788856305,5.49206753575062,513,0.242888402625821,0.3203125,0.466083150984683,0.786395650984683,0.223194748358862,0.228070175438596,0.0935672514619883,0.43108504398827,0.0967741935483871,0.434017595307918,0.231671554252199,0.263929618768328,0.387096774193548,0.3362109375,0.0107057846700792,0.837,0.872,"strong","pitcher","fixed_linear_weights_v1","sabrhood_player_summary_v1",2052,0.501949317738791,0.468323586744639,"2026-09-17","2026-09-18 14:10:06 UTC"
"694297","Brandon Pfaadt","Arizona Diamondbacks","R",2026-03-31,2026-09-12,512,474,116,77,23,2,14,28,0,6,84,3,185,394,140,29,179,87,92,36,200,88.4439086294416,12.8223350253807,-3.46192541036513,512,0.244725738396624,0.293542074363992,0.390295358649789,0.683837433013781,0.145569620253165,0.1640625,0.0546875,0.355329949238579,0.0736040609137056,0.454314720812183,0.220812182741117,0.233502538071066,0.50761421319797,0.295851272015656,-0.0067615730671194,0.837,0.887,"strong","pitcher","fixed_linear_weights_v1","sabrhood_player_summary_v1",1863,0.497584541062802,0.479334406870639,"2026-09-17","2026-09-18 14:10:06 UTC"
"682052","Jacob Lopez","Athletics","L",2026-03-30,2026-09-13,511,443,114,76,18,0,20,56,0,4,107,5,192,344,104,21,112,61,123,48,147,83.4412280701754,20.6988304093567,7.73317015923576,511,0.257336343115124,0.34251968503937,0.433408577878104,0.775928262917474,0.17607223476298,0.209393346379648,0.10958904109589,0.302325581395349,0.061046511627907,0.325581395348837,0.177325581395349,0.357558139534884,0.427325581395349,0.336456692913386,0.0151334053996786,0.836,0.873,"strong","pitcher","fixed_linear_weights_v1","sabrhood_player_summary_v1",2086,0.461169702780441,0.469319271332694,"2026-09-17","2026-09-18 14:10:06 UTC"
"663969","Tyler Phillips","Miami Marlins","R",2026-03-29,2026-09-12,509,452,107,73,14,3,17,51,0,3,96,1,178,356,152,30,165,79,103,9,165,89.0615168539326,10.3230337078652,-7.43741691144575,509,0.236725663716814,0.317554240631164,0.393805309734513,0.711359550365677,0.157079646017699,0.18860510805501,0.100196463654224,0.426966292134831,0.0842696629213483,0.463483146067416,0.221910112359551,0.289325842696629,0.463483146067416,0.311242603550296,-0.0146118210440977,0.836,0.877,"strong","pitcher","fixed_linear_weights_v1","sabrhood_player_summary_v1",1914,0.458202716823406,0.467084639498433,"2026-09-17","2026-09-18 14:10:06 UTC"
"691725","Andrew Painter","Philadelphia Phillies","R",2026-03-31,2026-09-13,508,452,123,86,17,1,19,43,0,5,100,4,199,359,126,28,154,77,93,35,170,86.5476323119777,13.9721448467967,11.0255832467017,508,0.27212389380531,0.339285714285714,0.440265486725664,0.779551201011378,0.168141592920354,0.196850393700787,0.0846456692913386,0.350974930362117,0.0779944289693593,0.428969359331476,0.214484679665738,0.259052924791086,0.473537604456825,0.336865079365079,0.0217039040289403,0.836,0.878,"strong","pitcher","fixed_linear_weights_v1","sabrhood_player_summary_v1",1948,0.492813141683778,0.469712525667351,"2026-09-17","2026-09-18 14:10:06 UTC"
"693855","Ian Seymour","Tampa Bay Rays","L",2026-03-26,2026-09-12,507,466,106,57,21,5,23,31,1,4,150,4,206,321,120,32,110,76,99,36,160,86.7809968847352,19.2118380062305,-2.92470022774794,507,0.227467811158798,0.279207920792079,0.44206008583691,0.721268006628989,0.214592274678112,0.29585798816568,0.0611439842209073,0.373831775700935,0.0996884735202492,0.342679127725857,0.236760124610592,0.308411214953271,0.498442367601246,0.305178571428571,-0.00576863950246142,0.835,0.865,"strong","pitcher","fixed_linear_weights_v1","sabrhood_player_summary_v1",1976,0.513157894736842,0.503542510121457,"2026-09-17","2026-09-18 14:10:06 UTC"
"675660","Shane Drohan","Milwaukee Brewers","L",2026-04-08,2026-09-16,505,454,118,76,26,2,14,41,0,5,119,4,190,339,131,30,140,80,100,19,154,87.6360119047619,12.7626112759644,1.37230720060021,505,0.259911894273128,0.325396825396825,0.418502202643172,0.743899028039997,0.158590308370044,0.235643564356436,0.0811881188118812,0.386430678466077,0.0884955752212389,0.412979351032448,0.23598820058997,0.294985250737463,0.454277286135693,0.321964285714286,0.00271744000118853,0.835,0.871,"strong","pitcher","fixed_linear_weights_v1","sabrhood_player_summary_v1",1910,0.483246073298429,0.478534031413613,"2026-09-17","2026-09-18 14:10:06 UTC"
"656605","Mitch Keller","Pittsburgh Pirates","R",2026-03-28,2026-08-02,503,451,117,74,26,2,15,42,0,8,89,2,192,364,154,26,138,109,94,23,147,89.197520661157,13.8264462809917,15.7607143488561,503,0.259423503325942,0.332007952286282,0.425720620842572,0.757728573128854,0.16629711751663,0.176938369781312,0.0834990059642147,0.423076923076923,0.0714285714285714,0.379120879120879,0.299450549450549,0.258241758241758,0.403846153846154,0.328767395626243,0.0313334281289386,0.834,0.879,"strong","pitcher","fixed_linear_weights_v1","sabrhood_player_summary_v1",1887,0.473767885532591,0.485426603073662,"2026-09-17","2026-09-18 14:10:06 UTC"
"571945","Miles Mikolas","Washington Nationals","R",2026-03-28,2026-08-11,500,469,137,82,28,0,27,23,0,2,58,6,246,415,181,36,188,93,110,24,197,89.7863746958637,11.698296836983,21.9777379929411,500,0.292110874200426,0.324,0.524520255863539,0.848520255863539,0.232409381663113,0.116,0.046,0.436144578313253,0.0867469879518072,0.453012048192771,0.224096385542169,0.265060240963855,0.474698795180723,0.35692,0.0439554759858822,0.833,0.892,"strong","pitcher","fixed_linear_weights_v1","sabrhood_player_summary_v1",1827,0.48440065681445,0.519430760810071,"2026-09-17","2026-09-18 14:10:06 UTC"
"678022","Jack Perkins","Athletics","R",2026-04-10,2026-09-15,495,435,115,72,21,2,20,46,0,10,127,3,200,312,115,25,116,75,104,17,121,88.2851132686084,14.0032362459547,22.0029665309532,495,0.264367816091954,0.346153846153846,0.459770114942529,0.805923961096375,0.195402298850575,0.256565656565657,0.0929292929292929,0.368589743589744,0.0801282051282051,0.371794871794872,0.240384615384615,0.333333333333333,0.387820512820513,0.34748987854251,0.0444504374362691,0.832,0.862,"strong","pitcher","fixed_linear_weights_v1","sabrhood_player_summary_v1",1927,0.47794499221588,0.46081992734821,"2026-09-17","2026-09-18 14:10:06 UTC"
"690986","Kyle Harrison","Milwaukee Brewers","L",2026-03-30,2026-09-17,491,448,116,73,22,1,20,35,0,6,136,1,200,311,119,26,116,87,88,20,132,88.7128617363344,14.4340836012862,5.14390253227576,491,0.258928571428571,0.320408163265306,0.446428571428571,0.766836734693878,0.1875,0.276985743380855,0.0712830957230143,0.382636655948553,0.0836012861736334,0.372990353697749,0.279742765273312,0.282958199356913,0.42443729903537,0.330102040816327,0.010476379902802,0.831,0.861,"strong","pitcher","fixed_linear_weights_v1","sabrhood_player_summary_v1",2043,0.484092021536955,0.487518355359765,"2026-09-17","2026-09-18 14:10:06 UTC"
"687570","Connor Prielipp","Minnesota Twins","L",2026-04-22,2026-09-12,489,432,112,76,20,2,14,40,0,7,117,6,178,323,134,22,140,81,84,18,133,89.3413043478261,11.6614906832298,14.1357522214853,489,0.259259259259259,0.327835051546392,0.412037037037037,0.739872088583429,0.152777777777778,0.239263803680982,0.081799591002045,0.414860681114551,0.0681114551083591,0.43343653250774,0.25077399380805,0.260061919504644,0.411764705882353,0.320783505154639,0.0289074687555937,0.83,0.866,"strong","pitcher","fixed_linear_weights_v1","sabrhood_player_summary_v1",1898,0.4768177028451,0.48840885142255,"2026-09-17","2026-09-18 14:10:06 UTC"
"676083","Janson Junk","Miami Marlins","R",2026-03-31,2026-09-15,488,448,122,83,23,2,14,31,0,4,78,3,191,374,146,26,164,78,86,45,163,88.8922459893048,13.3048128342246,6.54945875306426,488,0.272321428571429,0.323045267489712,0.426339285714286,0.749384553203998,0.154017857142857,0.159836065573771,0.0635245901639344,0.390374331550802,0.0695187165775401,0.438502673796791,0.20855614973262,0.229946524064171,0.435828877005348,0.323230452674897,0.0134210220349677,0.83,0.882,"strong","pitcher","fixed_linear_weights_v1","sabrhood_player_summary_v1",1833,0.484451718494272,0.52645935624659,"2026-09-17","2026-09-18 14:10:06 UTC"
"663556","Shane McClanahan","Tampa Bay Rays","L",2026-03-31,2026-09-03,487,441,93,64,18,1,10,39,0,4,106,0,143,337,140,28,158,72,92,15,174,87.4627976190476,8.95845697329377,-5.2304320186394,487,0.210884353741497,0.28099173553719,0.324263038548753,0.605254774085943,0.113378684807256,0.217659137577002,0.080082135523614,0.415430267062315,0.0830860534124629,0.468842729970326,0.213649851632047,0.27299703264095,0.516320474777448,0.268780991735537,-0.0107401068144546,0.83,0.871,"strong","pitcher","fixed_linear_weights_v1","sabrhood_player_summary_v1",1830,0.485245901639344,0.489617486338798,"2026-09-17","2026-09-18 14:10:06 UTC"
"681293","Spencer Arrighetti","Toronto Blue Jays","R",2026-04-15,2026-09-15,482,398,87,56,14,0,17,62,0,15,104,4,152,299,93,27,107,73,94,25,147,86.493265993266,18.2289562289562,11.5025723865084,482,0.218592964824121,0.342379958246347,0.381909547738693,0.72428950598504,0.163316582914573,0.215767634854772,0.128630705394191,0.311036789297659,0.0903010033444816,0.357859531772575,0.244147157190635,0.31438127090301,0.491638795986622,0.322317327766179,0.0238642580632954,0.828,0.857,"strong","pitcher","fixed_linear_weights_v1","sabrhood_player_summary_v1",1899,0.41969457609268,0.449183780937335,"2026-09-17","2026-09-18 14:10:06 UTC"
"571510","Matthew Boyd","Chicago Cubs","L",2026-03-26,2026-09-13,476,433,107,77,14,1,15,35,0,7,89,0,168,343,129,28,146,78,84,35,171,87.3985422740525,14.4548104956268,-5.49367034598028,476,0.247113163972286,0.313684210526316,0.387990762124711,0.701674972651027,0.140877598152425,0.186974789915966,0.0735294117647059,0.376093294460641,0.0816326530612245,0.425655976676385,0.227405247813411,0.244897959183673,0.498542274052478,0.30741052631579,-0.0115413242562611,0.826,0.873,"strong","pitcher","fixed_linear_weights_v1","sabrhood_player_summary_v1",1796,0.486636971046771,0.478841870824053,"2026-09-17","2026-09-18 14:10:06 UTC"
"543037","Gerrit Cole","New York Yankees","R",2026-05-22,2026-09-12,475,449,108,65,21,2,20,22,0,2,117,0,193,332,148,31,115,95,90,32,145,91.1181538461538,19.5015384615385,-8.30774037470682,475,0.240534521158129,0.27906976744186,0.429844097995546,0.708913865437406,0.189309576837417,0.246315789473684,0.0463157894736842,0.44578313253012,0.0933734939759036,0.346385542168675,0.286144578313253,0.271084337349398,0.436746987951807,0.302706131078224,-0.0174899797362249,0.826,0.869,"strong","pitcher","fixed_linear_weights_v1","sabrhood_player_summary_v1",1756,0.497152619589977,0.527334851936219,"2026-09-17","2026-09-18 14:10:06 UTC"
"605288","Adrian Houser","San Francisco Giants","R",2026-04-01,2026-08-25,470,424,109,66,26,2,15,34,0,4,75,5,184,357,150,30,160,87,87,23,160,88.7676966292135,10.9915730337079,-0.594609750363332,470,0.257075471698113,0.314775160599572,0.433962264150943,0.748737424750515,0.17688679245283,0.159574468085106,0.0723404255319149,0.420168067226891,0.0840336134453782,0.448179271708683,0.243697478991597,0.243697478991597,0.448179271708683,0.321049250535332,-0.00126512712843262,0.825,0.877,"strong","pitcher","fixed_linear_weights_v1","sabrhood_player_summary_v1",1730,0.463005780346821,0.491329479768786,"2026-09-17","2026-09-18 14:10:06 UTC"
"650644","Aaron Civale","Chicago Cubs","R",2026-03-31,2026-09-16,469,429,120,75,26,2,17,31,0,4,89,2,201,343,142,28,106,97,106,34,171,88.4600583090379,19.2361516034985,0.000245152191546402,469,0.27972027972028,0.332618025751073,0.468531468531469,0.801149494282541,0.188811188811189,0.189765458422175,0.0660980810234542,0.41399416909621,0.0816326530612245,0.309037900874636,0.282798833819242,0.309037900874636,0.498542274052478,0.342918454935622,5.22712561932627e-07,0.824,0.873,"strong","pitcher","fixed_linear_weights_v1","sabrhood_player_summary_v1",1813,0.463872035300607,0.495863210148924,"2026-09-17","2026-09-18 14:10:06 UTC"
"641778","Eric Lauer","Los Angeles Dodgers","L",2026-03-29,2026-09-01,468,420,107,64,16,1,26,35,0,5,72,4,203,353,127,39,112,72,135,34,146,87.4949008498584,21.3767705382436,10.1079340133179,468,0.254761904761905,0.316810344827586,0.483333333333333,0.800143678160919,0.228571428571429,0.153846153846154,0.0747863247863248,0.359773371104816,0.110481586402266,0.31728045325779,0.203966005665722,0.382436260623229,0.413597733711048,0.339935344827586,0.0215981496011065,0.824,0.876,"strong","pitcher","fixed_linear_weights_v1","sabrhood_player_summary_v1",1814,0.519294377067255,0.477398015435502,"2026-09-17","2026-09-18 14:10:06 UTC"
"676974","Max Meyer","Miami Marlins","R",2026-03-29,2026-07-18,465,413,85,55,17,2,11,41,0,7,121,3,139,293,123,25,127,64,78,24,128,89.2855670103093,13.9759450171821,-14.4474059555075,465,0.205811138014528,0.286637931034483,0.336561743341404,0.623199674375887,0.130750605326877,0.260215053763441,0.0881720430107527,0.419795221843003,0.0853242320819113,0.433447098976109,0.218430034129693,0.266211604095563,0.436860068259386,0.275948275862069,-0.0310696902268978,0.823,0.854,"strong","pitcher","fixed_linear_weights_v1","sabrhood_player_summary_v1",1789,0.467300167691448,0.472889882615987,"2026-09-17","2026-09-18 14:10:06 UTC"
"678394","Brayan Bello","Boston Red Sox","R",2026-03-31,2026-09-15,457,409,114,85,17,1,11,33,0,7,79,7,166,338,138,25,180,78,72,8,189,88.2754437869823,5.4792899408284,4.86670582095747,457,0.278728606356968,0.337719298245614,0.405867970660147,0.743587268905761,0.127139364303178,0.172866520787746,0.0722100656455142,0.408284023668639,0.0739644970414201,0.532544378698225,0.230769230769231,0.21301775147929,0.559171597633136,0.323157894736842,0.0106492468729923,0.82,0.871,"strong","pitcher","fixed_linear_weights_v1","sabrhood_player_summary_v1",1755,0.492307692307692,0.468945868945869,"2026-09-17","2026-09-18 14:10:06 UTC"
"668678","Zac Gallen","Arizona Diamondbacks","R",2026-03-26,2026-09-09,455,414,126,84,19,4,19,33,1,4,62,3,210,356,158,38,158,88,97,13,183,90.5231638418079,11.3841807909605,21.1925203037441,455,0.304347826086957,0.359030837004405,0.507246376811594,0.866277213816,0.202898550724638,0.136263736263736,0.0725274725274725,0.443820224719101,0.106741573033708,0.443820224719101,0.247191011235955,0.27247191011236,0.514044943820225,0.368366445916115,0.0465769677005364,0.82,0.877,"strong","pitcher","fixed_linear_weights_v1","sabrhood_player_summary_v1",1712,0.460864485981308,0.445677570093458,"2026-09-17","2026-09-18 14:10:06 UTC"
"681035","Christian Scott","New York Mets","R",2026-04-23,2026-09-13,453,397,87,59,15,1,12,46,0,9,127,1,140,271,92,18,91,73,82,25,122,85.7944649446494,17.5756457564576,-5.71772892448543,453,0.219143576826196,0.313465783664459,0.35264483627204,0.666110619936499,0.133501259445844,0.280353200883002,0.101545253863135,0.339483394833948,0.0664206642066421,0.335793357933579,0.269372693726937,0.302583025830258,0.450184501845018,0.29673289183223,-0.012621918155597,0.819,0.844,"strong","pitcher","fixed_linear_weights_v1","sabrhood_player_summary_v1",1885,0.493899204244032,0.492307692307692,"2026-09-17","2026-09-18 14:10:06 UTC"
"686218","Emmet Sheehan","Los Angeles Dodgers","R",2026-03-27,2026-09-13,453,409,98,51,26,0,21,31,0,8,123,4,187,291,113,29,106,66,86,33,138,88.3329896907216,19.5085910652921,2.59978996727229,453,0.23960880195599,0.303097345132743,0.45721271393643,0.760310059069174,0.21760391198044,0.271523178807947,0.0684326710816777,0.388316151202749,0.0996563573883162,0.36426116838488,0.22680412371134,0.29553264604811,0.474226804123711,0.324070796460177,0.00573905070038034,0.819,0.853,"strong","pitcher","fixed_linear_weights_v1","sabrhood_player_summary_v1",1861,0.505104782375067,0.450832885545406,"2026-09-17","2026-09-18 14:10:06 UTC"
"675512","Troy Melton","Detroit Tigers","R",2026-05-24,2026-09-14,451,408,88,52,21,2,13,34,0,6,90,2,152,321,120,20,137,79,76,29,154,88.2676012461059,14.1152647975078,-17.5920233498502,451,0.215686274509804,0.284444444444444,0.372549019607843,0.656993464052288,0.156862745098039,0.199556541019956,0.0753880266075388,0.373831775700935,0.0623052959501558,0.426791277258567,0.246105919003115,0.236760124610592,0.479750778816199,0.286288888888889,-0.0390067036582045,0.819,0.865,"strong","pitcher","fixed_linear_weights_v1","sabrhood_player_summary_v1",1690,0.500591715976331,0.481065088757396,"2026-09-17","2026-09-18 14:10:06 UTC"
"685299","Tanner Gordon","Colorado Rockies","R",2026-04-15,2026-09-17,446,419,136,79,34,4,19,18,0,2,84,4,235,342,145,36,115,89,121,17,146,89.8909090909091,18.3070175438597,12.4822965279413,446,0.324582338902148,0.352144469525959,0.560859188544153,0.913003658070112,0.236276849642005,0.188340807174888,0.0403587443946188,0.423976608187135,0.105263157894737,0.33625730994152,0.260233918128655,0.353801169590643,0.426900584795322,0.383679458239278,0.0279872119460568,0.817,0.872,"strong","pitcher","fixed_linear_weights_v1","sabrhood_player_summary_v1",1596,0.532581453634085,0.529448621553885,"2026-09-17","2026-09-18 14:10:06 UTC"
"605135","Chris Bassitt","Baltimore Orioles","R",2026-03-30,2026-09-16,440,390,113,84,19,0,10,37,0,9,72,4,162,320,119,16,149,73,79,19,143,87.556875,10.428125,4.53664324397231,440,0.28974358974359,0.361363636363636,0.415384615384615,0.776748251748252,0.125641025641026,0.163636363636364,0.0840909090909091,0.371875,0.05,0.465625,0.228125,0.246875,0.446875,0.339977272727273,0.0103105528272098,0.815,0.865,"strong","pitcher","fixed_linear_weights_v1","sabrhood_player_summary_v1",1641,0.460694698354662,0.485679463741621,"2026-09-17","2026-09-18 14:10:06 UTC"
"687562","Jake Bennett","Boston Red Sox","L",2026-05-01,2026-09-16,439,410,101,73,16,0,12,18,0,3,90,4,153,328,126,26,145,67,90,26,144,86.8621951219512,11.4542682926829,-9.78808333307843,439,0.246341463414634,0.280459770114943,0.373170731707317,0.65363050182226,0.126829268292683,0.20501138952164,0.041002277904328,0.384146341463415,0.0792682926829268,0.442073170731707,0.204268292682927,0.274390243902439,0.439024390243902,0.282252873563218,-0.0222963173874224,0.814,0.868,"strong","pitcher","fixed_linear_weights_v1","sabrhood_player_summary_v1",1553,0.540244687701223,0.482292337411462,"2026-09-17","2026-09-18 14:10:06 UTC"
"615698","Cal Quantrill","Texas Rangers","R",2026-04-16,2026-09-13,438,405,89,61,15,0,13,24,0,6,81,2,143,327,120,23,132,78,89,28,132,88.7407975460123,16.7208588957055,-15.7699912940841,438,0.219753086419753,0.272311212814645,0.353086419753086,0.625397632567732,0.133333333333333,0.184931506849315,0.0547945205479452,0.36697247706422,0.0703363914373089,0.403669724770642,0.238532110091743,0.27217125382263,0.403669724770642,0.272974828375286,-0.0360045463335253,0.814,0.867,"strong","pitcher","fixed_linear_weights_v1","sabrhood_player_summary_v1",1657,0.48038624019312,0.487628243814122,"2026-09-17","2026-09-18 14:10:06 UTC"
"695611","Gage Jump","Athletics","L",2026-05-26,2026-09-12,438,384,104,69,22,1,12,45,1,4,108,5,164,279,111,19,109,79,73,18,122,88.9802158273381,15.5232974910394,8.49967805517472,438,0.270833333333333,0.349315068493151,0.427083333333333,0.776398401826484,0.15625,0.246575342465753,0.102739726027397,0.397849462365591,0.0681003584229391,0.390681003584229,0.283154121863799,0.261648745519713,0.437275985663082,0.336201372997712,0.0194056576602163,0.814,0.848,"strong","pitcher","fixed_linear_weights_v1","sabrhood_player_summary_v1",1756,0.482915717539863,0.485193621867882,"2026-09-17","2026-09-18 14:10:06 UTC"
"682243","Bryce Miller","Seattle Mariners","R",2026-05-13,2026-09-13,436,399,90,53,15,2,20,33,0,2,106,1,169,295,97,23,111,63,100,21,145,87.0724489795918,15.6632653061224,-2.3418859172992,436,0.225563909774436,0.28735632183908,0.423558897243108,0.710915219082188,0.197994987468672,0.243119266055046,0.0756880733944954,0.328813559322034,0.0779661016949153,0.376271186440678,0.213559322033898,0.338983050847458,0.491525423728814,0.305218390804598,-0.00537129797545689,0.813,0.855,"strong","pitcher","fixed_linear_weights_v1","sabrhood_player_summary_v1",1704,0.542253521126761,0.491784037558685,"2026-09-17","2026-09-18 14:10:06 UTC"
"666157","Nick Lodolo","Cincinnati Reds","L",2026-05-08,2026-09-14,436,370,102,62,17,4,19,42,0,14,79,8,184,298,122,27,125,82,77,14,118,89.4501718213058,12.1546391752577,9.0959398491946,436,0.275675675675676,0.36405529953917,0.497297297297297,0.861352596836468,0.221621621621622,0.181192660550459,0.0963302752293578,0.409395973154362,0.0906040268456376,0.419463087248322,0.275167785234899,0.258389261744966,0.395973154362416,0.366658986175115,0.0208622473605381,0.813,0.856,"strong","pitcher","fixed_linear_weights_v1","sabrhood_player_summary_v1",1717,0.453698311007571,0.45602795573675,"2026-09-17","2026-09-18 14:10:06 UTC"
"623454","Drew Anderson","Detroit Tigers","R",2026-03-26,2026-09-15,435,381,88,56,17,1,14,44,1,6,109,2,149,276,103,19,136,51,67,22,139,88.8622710622711,10.2445255474453,-5.8784697718549,435,0.230971128608924,0.318706697459584,0.391076115485564,0.709782812945149,0.16010498687664,0.250574712643678,0.101149425287356,0.373188405797101,0.0688405797101449,0.492753623188406,0.184782608695652,0.242753623188406,0.503623188405797,0.310300925925926,-0.0135137236134595,0.813,0.847,"strong","pitcher","fixed_linear_weights_v1","sabrhood_player_summary_v1",1702,0.490599294947121,0.440658049353702,"2026-09-17","2026-09-18 14:10:06 UTC"
"643377","Griffin Jax","Tampa Bay Rays","R",2026-03-26,2026-09-15,433,389,92,62,15,0,15,32,0,2,110,6,152,285,115,27,130,71,70,14,126,87.6954225352113,10.6197183098592,3.30808250841928,433,0.236503856041131,0.293706293706294,0.390745501285347,0.684451794991641,0.154241645244216,0.254041570438799,0.0739030023094688,0.403508771929825,0.0947368421052632,0.456140350877193,0.249122807017544,0.245614035087719,0.442105263157895,0.295641025641026,0.00763991341436324,0.812,0.851,"strong","pitcher","fixed_linear_weights_v1","sabrhood_player_summary_v1",1602,0.483770287141074,0.450062421972534,"2026-09-17","2026-09-18 14:10:06 UTC"
"647336","Michael Soroka","Arizona Diamondbacks","R",2026-03-30,2026-09-15,430,395,92,61,20,3,8,26,1,6,101,2,142,296,99,25,111,79,81,25,149,87.1101351351351,16.6216216216216,-11.6042760895198,430,0.232911392405063,0.289044289044289,0.359493670886076,0.648537959930365,0.126582278481013,0.234883720930233,0.0604651162790698,0.334459459459459,0.0844594594594595,0.375,0.266891891891892,0.273648648648649,0.503378378378378,0.282266355140187,-0.0269866885802785,0.811,0.855,"strong","pitcher","fixed_linear_weights_v1","sabrhood_player_summary_v1",1669,0.496105452366687,0.474535650089874,"2026-09-17","2026-09-18 14:10:06 UTC"
"674841","Andrew Alvarez","Washington Nationals","L",2026-04-19,2026-09-12,429,376,83,56,19,3,5,47,0,3,99,2,123,278,112,16,137,73,52,16,145,88.4382671480144,9.3705035971223,-17.546810084581,429,0.220744680851064,0.310747663551402,0.327127659574468,0.63787532312587,0.106382978723404,0.230769230769231,0.10955710955711,0.402877697841727,0.0575539568345324,0.492805755395683,0.262589928057554,0.18705035971223,0.52158273381295,0.285420560747664,-0.0409016552088136,0.811,0.848,"strong","pitcher","fixed_linear_weights_v1","sabrhood_player_summary_v1",1664,0.441105769230769,0.447716346153846,"2026-09-17","2026-09-18 14:10:06 UTC"
"663623","Jake Irvin","Washington Nationals","R",2026-03-29,2026-09-13,426,367,90,57,16,0,17,46,0,9,96,4,157,275,124,29,104,63,82,26,128,88.9992727272727,16.5454545454545,13.8666423789798,426,0.245231607629428,0.34037558685446,0.427792915531335,0.768168502385795,0.182561307901907,0.225352112676056,0.107981220657277,0.450909090909091,0.105454545454545,0.378181818181818,0.229090909090909,0.298181818181818,0.465454545454545,0.33424882629108,0.0325508037065253,0.81,0.846,"strong","pitcher","fixed_linear_weights_v1","sabrhood_player_summary_v1",1741,0.463526708788053,0.500287191269385,"2026-09-17","2026-09-18 14:10:06 UTC"
"687075","Brandon Sproat","Milwaukee Brewers","R",2026-03-29,2026-09-09,425,361,88,54,17,0,17,52,0,10,101,0,156,259,107,24,112,60,72,15,116,89.5603174603175,12.9642857142857,7.85753707953017,425,0.243767313019391,0.354609929078014,0.43213296398892,0.786742893066934,0.188365650969529,0.237647058823529,0.122352941176471,0.413127413127413,0.0926640926640927,0.432432432432432,0.231660231660232,0.277992277992278,0.447876447876448,0.344799054373522,0.018488322540071,0.81,0.838,"strong","pitcher","fixed_linear_weights_v1","sabrhood_player_summary_v1",1749,0.4568324757004,0.485991995425958,"2026-09-17","2026-09-18 14:10:06 UTC"
"681347","Mike Burrows","Houston Astros","R",2026-03-27,2026-07-06,424,385,112,72,18,1,21,35,0,4,75,0,195,309,120,24,117,79,88,25,145,88.1353896103896,15.4837662337662,18.3588319789109,424,0.290909090909091,0.356132075471698,0.506493506493506,0.862625581965205,0.215584415584416,0.17688679245283,0.0825471698113208,0.388349514563107,0.0776699029126214,0.378640776699029,0.255663430420712,0.284789644012945,0.469255663430421,0.369056603773585,0.0432991320257334,0.809,0.861,"strong","pitcher","fixed_linear_weights_v1","sabrhood_player_summary_v1",1567,0.492661135928526,0.470325462667518,"2026-09-17","2026-09-18 14:10:06 UTC"
"694477","Chad Patrick","Milwaukee Brewers","R",2026-03-28,2026-09-17,423,372,82,53,17,2,10,41,0,4,92,2,133,285,106,19,113,58,85,29,121,87.2771126760563,15.8245614035088,-11.6154628200212,423,0.220430107526882,0.303102625298329,0.35752688172043,0.66062950701876,0.137096774193548,0.217494089834515,0.0969267139479905,0.371929824561403,0.0666666666666667,0.396491228070175,0.203508771929825,0.298245614035088,0.424561403508772,0.291431980906921,-0.0274597229787735,0.809,0.851,"strong","pitcher","fixed_linear_weights_v1","sabrhood_player_summary_v1",1667,0.47870425914817,0.473905218956209,"2026-09-17","2026-09-18 14:10:06 UTC"
"688107","Robert Gasser","Milwaukee Brewers","L",2026-05-17,2026-09-13,416,374,91,55,21,1,14,30,0,9,92,1,156,285,95,19,98,79,80,28,137,86.1182456140351,18.4315789473684,-1.95527261683596,416,0.24331550802139,0.314009661835749,0.417112299465241,0.731121961300989,0.17379679144385,0.221153846153846,0.0721153846153846,0.333333333333333,0.0666666666666667,0.343859649122807,0.27719298245614,0.280701754385965,0.480701754385965,0.31719806763285,-0.00470017455970182,0.806,0.851,"strong","pitcher","fixed_linear_weights_v1","sabrhood_player_summary_v1",1621,0.499074645280691,0.529302899444787,"2026-09-17","2026-09-18 14:10:06 UTC"
"686613","Hunter Brown","Houston Astros","R",2026-03-26,2026-09-15,408,354,76,55,10,0,11,49,0,4,110,1,119,243,90,16,136,39,56,12,107,85.9864197530864,5.19341563786008,-6.46036305415193,408,0.214689265536723,0.316176470588235,0.336158192090395,0.652334662678631,0.121468926553672,0.269607843137255,0.120098039215686,0.37037037037037,0.065843621399177,0.559670781893004,0.160493827160494,0.230452674897119,0.440329218106996,0.293137254901961,-0.015834223171941,0.803,0.829,"strong","pitcher","fixed_linear_weights_v1","sabrhood_player_summary_v1",1683,0.419489007724302,0.450386215092097,"2026-09-17","2026-09-18 14:10:06 UTC"
"608331","Max Fried","New York Yankees","L",2026-03-25,2026-09-15,408,370,73,55,12,2,4,31,0,2,100,3,101,274,81,7,132,50,71,21,111,85.0989010989011,9.80586080586081,-22.1527114110595,408,0.197297297297297,0.261083743842365,0.272972972972973,0.534056716815338,0.0756756756756757,0.245098039215686,0.0759803921568627,0.295620437956204,0.0255474452554745,0.481751824817518,0.182481751824818,0.259124087591241,0.405109489051095,0.239581280788177,-0.0542958613016165,0.803,0.846,"strong","pitcher","fixed_linear_weights_v1","sabrhood_player_summary_v1",1599,0.460913070669168,0.467166979362101,"2026-09-17","2026-09-18 14:10:06 UTC"
"680570","Grayson Rodriguez","Los Angeles Angels","R",2026-05-17,2026-09-13,393,344,98,60,21,3,14,37,1,6,79,6,167,270,123,24,102,77,76,15,126,90.4433333333333,14.9666666666667,16.9973356362296,393,0.284883720930233,0.358778625954198,0.48546511627907,0.844243742233268,0.200581395348837,0.201017811704835,0.094147582697201,0.455555555555556,0.0888888888888889,0.377777777777778,0.285185185185185,0.281481481481481,0.466666666666667,0.359234693877551,0.0432502179038921,0.797,0.844,"strong","pitcher","fixed_linear_weights_v1","sabrhood_player_summary_v1",1576,0.488578680203046,0.50507614213198,"2026-09-17","2026-09-18 14:10:06 UTC"
"813349","Connelly Early","Boston Red Sox","L",2026-03-29,2026-06-30,390,344,81,54,12,0,15,34,0,9,93,2,138,254,104,28,112,50,77,15,118,89.5345238095238,11.8346456692913,-10.8146764991646,390,0.23546511627907,0.318766066838046,0.401162790697674,0.719928857535721,0.165697674418605,0.238461538461538,0.0871794871794872,0.409448818897638,0.110236220472441,0.440944881889764,0.196850393700787,0.303149606299213,0.464566929133858,0.314884318766067,-0.0277299397414476,0.796,0.836,"strong","pitcher","fixed_linear_weights_v1","sabrhood_player_summary_v1",1528,0.469240837696335,0.464659685863874,"2026-09-17","2026-09-18 14:10:06 UTC"
"696270","Ryan Johnson","Los Angeles Angels","R",2026-03-30,2026-09-15,389,341,82,54,9,1,18,39,0,5,70,3,147,274,101,28,97,58,99,20,122,87.6430656934307,19.3102189781022,7.37025666247647,389,0.240469208211144,0.324742268041237,0.43108504398827,0.755827312029507,0.190615835777126,0.179948586118252,0.10025706940874,0.368613138686131,0.102189781021898,0.354014598540146,0.211678832116788,0.361313868613139,0.445255474452555,0.327139175257732,0.0189466752248752,0.796,0.846,"strong","pitcher","fixed_linear_weights_v1","sabrhood_player_summary_v1",1544,0.459844559585492,0.487694300518135,"2026-09-17","2026-09-18 14:10:06 UTC"
"688642","Zach Agnos","Colorado Rockies","R",2026-03-28,2026-09-17,389,345,99,60,27,3,9,32,0,5,57,6,159,295,122,22,113,79,92,11,128,88.4785714285714,14.5050847457627,17.5956796211163,389,0.28695652173913,0.350515463917526,0.460869565217391,0.811385029134917,0.173913043478261,0.146529562982005,0.0822622107969152,0.413559322033898,0.0745762711864407,0.383050847457627,0.267796610169492,0.311864406779661,0.433898305084746,0.347242268041237,0.0452331095658517,0.796,0.855,"strong","pitcher","fixed_linear_weights_v1","sabrhood_player_summary_v1",1449,0.503105590062112,0.459627329192547,"2026-09-17","2026-09-18 14:10:06 UTC"
"656427","Jack Flaherty","Detroit Tigers","R",2026-03-28,2026-07-20,388,334,80,46,20,3,11,41,0,7,102,4,139,238,110,19,75,63,75,25,109,89.3227848101266,21.5443037974684,9.2731971463764,388,0.239520958083832,0.33160621761658,0.416167664670659,0.747773882287239,0.176646706586826,0.262886597938144,0.105670103092784,0.46218487394958,0.0798319327731092,0.315126050420168,0.264705882352941,0.315126050420168,0.457983193277311,0.324870466321244,0.0238999926453,0.795,0.826,"strong","pitcher","fixed_linear_weights_v1","sabrhood_player_summary_v1",1639,0.450884685784015,0.445393532641855,"2026-09-17","2026-09-18 14:10:06 UTC"
"702056","Trey Yesavage","Toronto Blue Jays","R",2026-04-28,2026-08-04,386,330,61,30,21,0,10,46,0,2,91,5,112,247,84,16,88,62,71,26,102,87.0283400809717,19.9919028340081,-8.58186890219606,386,0.184848484848485,0.284595300261097,0.339393939393939,0.623989239655036,0.154545454545455,0.235751295336788,0.119170984455959,0.340080971659919,0.0647773279352227,0.356275303643725,0.251012145748988,0.287449392712551,0.412955465587045,0.276031331592689,-0.0222328209901452,0.794,0.832,"strong","pitcher","fixed_linear_weights_v1","sabrhood_player_summary_v1",1549,0.473208521626856,0.437701743060039,"2026-09-17","2026-09-18 14:10:06 UTC"
"683003","Jared Jones","Pittsburgh Pirates","R",2026-05-29,2026-09-16,381,345,77,45,18,2,12,31,0,2,109,2,135,238,92,18,89,60,67,22,109,88.3806722689076,16.3529411764706,-3.10515193109009,381,0.223188405797101,0.289473684210526,0.391304347826087,0.680778032036613,0.168115942028986,0.286089238845144,0.0813648293963255,0.38655462184874,0.0756302521008403,0.373949579831933,0.252100840336134,0.281512605042017,0.457983193277311,0.294710526315789,-0.00815000506847793,0.792,0.826,"strong","pitcher","fixed_linear_weights_v1","sabrhood_player_summary_v1",1493,0.486269256530476,0.48292029470864,"2026-09-17","2026-09-18 14:10:06 UTC"
"805123","AJ Blubaugh","Houston Astros","R",2026-03-26,2026-09-15,378,329,72,42,16,2,12,38,0,3,91,6,128,246,94,24,88,57,80,21,114,88.0266393442623,17.7428571428571,-11.7444635315569,378,0.218844984802432,0.300531914893617,0.389057750759878,0.689589665653495,0.170212765957447,0.240740740740741,0.100529100529101,0.382113821138211,0.0975609756097561,0.357723577235772,0.231707317073171,0.32520325203252,0.463414634146341,0.298989361702128,-0.0310700093427432,0.791,0.831,"strong","pitcher","fixed_linear_weights_v1","sabrhood_player_summary_v1",1552,0.489690721649485,0.454896907216495,"2026-09-17","2026-09-18 14:10:06 UTC"
"605280","Clay Holmes","Chicago Cubs","R",2026-03-30,2026-09-12,376,337,71,54,11,0,6,34,0,2,71,1,100,268,112,12,161,49,51,7,138,89.412734082397,3.46067415730337,-16.5194836994656,376,0.210682492581602,0.286096256684492,0.29673590504451,0.582832161729002,0.086053412462908,0.188829787234043,0.0904255319148936,0.417910447761194,0.0447761194029851,0.600746268656716,0.182835820895522,0.190298507462687,0.514925373134328,0.262352941176471,-0.0439347970730467,0.79,0.843,"strong","pitcher","fixed_linear_weights_v1","sabrhood_player_summary_v1",1438,0.46105702364395,0.454798331015299,"2026-09-17","2026-09-18 14:10:06 UTC"
"687473","Ryan Gusto","Miami Marlins","R",2026-04-08,2026-09-16,371,338,93,63,16,3,11,26,0,5,69,2,148,269,116,22,106,75,69,19,117,89.8189591078067,14.7695167286245,-0.207257542285482,371,0.275147928994083,0.334231805929919,0.437869822485207,0.772101628415126,0.162721893491124,0.185983827493261,0.0700808625336927,0.431226765799257,0.0817843866171004,0.394052044609665,0.278810408921933,0.256505576208178,0.434944237918216,0.333180592991914,-0.000558645666537686,0.788,0.843,"strong","pitcher","fixed_linear_weights_v1","sabrhood_player_summary_v1",1353,0.492239467849224,0.538063562453806,"2026-09-17","2026-09-18 14:10:06 UTC"
"693686","Spencer Miles","Toronto Blue Jays","R",2026-03-28,2026-09-16,371,345,76,61,9,1,5,23,0,1,87,1,102,258,89,8,132,60,51,15,103,86.4058139534884,6.15891472868217,-19.0201041470343,371,0.220289855072464,0.27027027027027,0.295652173913043,0.565922444183314,0.0753623188405797,0.234501347708895,0.0619946091644205,0.344961240310078,0.0310077519379845,0.511627906976744,0.232558139534884,0.197674418604651,0.39922480620155,0.251459459459459,-0.0512671270809549,0.788,0.838,"strong","pitcher","fixed_linear_weights_v1","sabrhood_player_summary_v1",1429,0.478656403079076,0.526242127361791,"2026-09-17","2026-09-18 14:10:06 UTC"
"592791","Jameson Taillon","Toronto Blue Jays","R",2026-03-31,2026-09-04,370,337,85,47,11,0,27,31,0,2,76,0,177,260,103,37,89,54,99,18,125,88.9665384615385,18.5115384615385,12.5144217817099,370,0.252225519287834,0.318918918918919,0.525222551928783,0.844141470847702,0.27299703264095,0.205405405405405,0.0837837837837838,0.396153846153846,0.142307692307692,0.342307692307692,0.207692307692308,0.380769230769231,0.480769230769231,0.357027027027027,0.0338227615721888,0.787,0.839,"strong","pitcher","fixed_linear_weights_v1","sabrhood_player_summary_v1",1443,0.462924462924463,0.453915453915454,"2026-09-17","2026-09-18 14:10:06 UTC"
"676879","Aaron Ashby","Milwaukee Brewers","L",2026-03-26,2026-09-17,366,322,76,59,9,0,8,40,0,2,111,2,109,213,86,10,116,45,42,10,95,87.9323943661972,4.91549295774648,-2.56427487402169,366,0.236024844720497,0.322404371584699,0.338509316770186,0.660913688354886,0.102484472049689,0.30327868852459,0.109289617486339,0.403755868544601,0.0469483568075117,0.544600938967136,0.211267605633803,0.197183098591549,0.446009389671362,0.295628415300546,-0.00700621550279151,0.785,0.81,"strong","pitcher","fixed_linear_weights_v1","sabrhood_player_summary_v1",1511,0.405029781601588,0.436796823295831,"2026-09-17","2026-09-18 14:10:06 UTC"
"656288","Griffin Canning","San Diego Padres","R",2026-05-03,2026-09-17,364,317,86,61,11,1,13,38,0,5,82,2,138,238,108,20,114,53,57,14,107,90.1050420168067,9.80252100840336,11.9176642102673,364,0.271293375394322,0.356353591160221,0.435331230283912,0.791684821444133,0.16403785488959,0.225274725274725,0.104395604395604,0.453781512605042,0.0840336134453782,0.478991596638655,0.222689075630252,0.239495798319328,0.449579831932773,0.344834254143646,0.0327408357424925,0.784,0.826,"strong","pitcher","fixed_linear_weights_v1","sabrhood_player_summary_v1",1426,0.450210378681627,0.451612903225806,"2026-09-17","2026-09-18 14:10:06 UTC"
"571578","Patrick Corbin","Toronto Blue Jays","L",2026-04-10,2026-07-21,363,328,98,65,21,0,12,25,0,6,63,3,155,266,112,20,105,79,64,18,129,88.1962264150943,13.5849056603774,10.4491718534242,363,0.298780487804878,0.356353591160221,0.472560975609756,0.828914566769977,0.173780487804878,0.173553719008264,0.068870523415978,0.421052631578947,0.075187969924812,0.394736842105263,0.296992481203008,0.240601503759398,0.484962406015038,0.356160220994475,0.0287855973923532,0.784,0.842,"strong","pitcher","fixed_linear_weights_v1","sabrhood_player_summary_v1",1412,0.473087818696884,0.427053824362606,"2026-09-17","2026-09-18 14:10:06 UTC"
"608718","Brent Suter","Atlanta Braves","L",2026-03-28,2026-09-16,362,334,85,56,15,5,9,24,0,1,74,0,137,262,80,17,132,63,55,12,112,85.3189189189189,7.45173745173745,-2.43547762572832,362,0.254491017964072,0.306406685236769,0.410179640718563,0.716586325955332,0.155688622754491,0.204419889502762,0.0662983425414365,0.305343511450382,0.0648854961832061,0.50381679389313,0.240458015267176,0.209923664122137,0.427480916030534,0.30933147632312,-0.00672783874510587,0.784,0.84,"strong","pitcher","fixed_linear_weights_v1","sabrhood_player_summary_v1",1470,0.464625850340136,0.502721088435374,"2026-09-17","2026-09-18 14:10:06 UTC"
"669194","Ryne Nelson","Arizona Diamondbacks","R",2026-03-27,2026-09-16,361,330,82,46,16,2,18,23,0,5,62,2,156,270,118,27,88,60,101,21,105,90.5078066914498,19.037037037037,8.95164625157857,361,0.248484848484848,0.305555555555556,0.472727272727273,0.778282828282828,0.224242424242424,0.171745152354571,0.0637119113573407,0.437037037037037,0.1,0.325925925925926,0.222222222222222,0.374074074074074,0.388888888888889,0.330805555555556,0.0247968040209933,0.783,0.844,"strong","pitcher","fixed_linear_weights_v1","sabrhood_player_summary_v1",1324,0.540030211480363,0.500755287009063,"2026-09-17","2026-09-18 14:10:06 UTC"
"665871","Javier Assad","Chicago Cubs","R",2026-04-07,2026-09-14,360,329,77,53,8,0,16,25,0,3,59,1,133,273,123,15,129,51,76,17,110,89.5815498154981,11.7490774907749,-6.94399998169261,360,0.234042553191489,0.293296089385475,0.404255319148936,0.697551408534411,0.170212765957447,0.163888888888889,0.0694444444444444,0.450549450549451,0.0549450549450549,0.472527472527473,0.186813186813187,0.278388278388278,0.402930402930403,0.302039106145251,-0.019288888838035,0.783,0.845,"strong","pitcher","fixed_linear_weights_v1","sabrhood_player_summary_v1",1435,0.441811846689895,0.512891986062718,"2026-09-17","2026-09-18 14:10:06 UTC"
"683004","Jack Leiter","Texas Rangers","R",2026-03-30,2026-06-18,355,314,80,52,12,2,14,35,0,4,83,2,138,233,93,25,87,57,73,16,96,87.7781115879828,15.9484978540773,9.49485890487476,355,0.254777070063694,0.335211267605634,0.439490445859873,0.774701713465506,0.184713375796178,0.233802816901408,0.0985915492957746,0.399141630901288,0.107296137339056,0.373390557939914,0.244635193133047,0.313304721030043,0.412017167381974,0.335014084507042,0.0267460814221824,0.78,0.823,"strong","pitcher","fixed_linear_weights_v1","sabrhood_player_summary_v1",1397,0.478883321403006,0.479599141016464,"2026-09-17","2026-09-18 14:10:06 UTC"
"701656","Logan Henderson","Milwaukee Brewers","R",2026-04-04,2026-09-16,351,333,60,33,12,1,14,16,0,1,107,0,116,225,86,21,72,57,69,27,105,87.7186666666667,20.3244444444444,-20.8435771537339,351,0.18018018018018,0.22,0.348348348348348,0.568348348348348,0.168168168168168,0.304843304843305,0.0455840455840456,0.382222222222222,0.0933333333333333,0.32,0.253333333333333,0.306666666666667,0.466666666666667,0.243942857142857,-0.0593834106943986,0.778,0.818,"strong","pitcher","fixed_linear_weights_v1","sabrhood_player_summary_v1",1418,0.535966149506347,0.541607898448519,"2026-09-17","2026-09-18 14:10:06 UTC"
"656794","Sean Newcomb","Chicago White Sox","L",2026-03-26,2026-09-16,351,311,69,51,10,5,3,30,1,7,78,1,98,235,88,15,109,59,51,16,91,86.8089361702128,10.2808510638298,-15.1930249726358,351,0.221864951768489,0.303724928366762,0.315112540192926,0.618837468559688,0.0932475884244373,0.222222222222222,0.0854700854700855,0.374468085106383,0.0638297872340425,0.463829787234043,0.251063829787234,0.217021276595745,0.387234042553191,0.27632183908046,-0.0432849714320107,0.778,0.825,"strong","pitcher","fixed_linear_weights_v1","sabrhood_player_summary_v1",1384,0.450867052023121,0.505780346820809,"2026-09-17","2026-09-18 14:10:06 UTC"
"625643","Reynaldo López","Atlanta Braves","R",2026-03-28,2026-09-14,346,307,80,51,17,1,11,34,0,1,73,2,132,237,85,17,90,67,62,18,90,87.0978813559322,14.3559322033898,6.05458100201451,346,0.260586319218241,0.334302325581395,0.429967426710098,0.764269752291493,0.169381107491857,0.210982658959538,0.0982658959537572,0.358649789029536,0.0717299578059072,0.379746835443038,0.282700421940928,0.261603375527426,0.379746835443038,0.330843023255814,0.0174987890231633,0.776,0.826,"strong","pitcher","fixed_linear_weights_v1","sabrhood_player_summary_v1",1369,0.455076698319942,0.471877282688093,"2026-09-17","2026-09-18 14:10:06 UTC"
"660271","Shohei Ohtani","Los Angeles Dodgers","R",2026-03-31,2026-07-03,340,305,55,38,13,0,4,26,0,6,95,2,80,213,72,8,111,40,43,19,101,86.8910798122066,10.6807511737089,-23.2350645332758,340,0.180327868852459,0.256637168141593,0.262295081967213,0.518932250108806,0.0819672131147541,0.279411764705882,0.0764705882352941,0.338028169014085,0.0375586854460094,0.52112676056338,0.187793427230047,0.2018779342723,0.474178403755869,0.235575221238938,-0.06833842509787,0.773,0.81,"strong","pitcher","fixed_linear_weights_v1","sabrhood_player_summary_v1",1335,0.474906367041198,0.502621722846442,"2026-09-17","2026-09-18 14:10:06 UTC"
"665795","Edward Cabrera","Chicago Cubs","R",2026-03-30,2026-09-15,339,299,80,52,12,0,16,34,0,1,70,3,140,233,100,25,102,62,57,12,117,90.4336206896552,11.0689655172414,15.4295267786534,339,0.267558528428094,0.341246290801187,0.468227424749164,0.809473715550351,0.20066889632107,0.206489675516224,0.100294985250737,0.429184549356223,0.107296137339056,0.437768240343348,0.266094420600858,0.244635193133047,0.502145922746781,0.347121661721068,0.0455148282556147,0.772,0.823,"strong","pitcher","fixed_linear_weights_v1","sabrhood_player_summary_v1",1319,0.477634571645186,0.4275966641395,"2026-09-17","2026-09-18 14:10:06 UTC"
"695418","Brad Lord","Washington Nationals","R",2026-03-26,2026-09-15,336,295,67,48,9,0,10,29,1,7,71,2,106,228,84,14,127,40,46,15,92,86.5955555555555,5.29333333333333,2.18529859803263,336,0.227118644067797,0.309309309309309,0.359322033898305,0.668631343207614,0.132203389830508,0.211309523809524,0.0863095238095238,0.368421052631579,0.0614035087719298,0.557017543859649,0.175438596491228,0.201754385964912,0.403508771929825,0.294759036144578,0.00650386487509711,0.771,0.82,"strong","pitcher","fixed_linear_weights_v1","sabrhood_player_summary_v1",1390,0.501438848920863,0.523021582733813,"2026-09-17","2026-09-18 14:10:06 UTC"
"669199","Lake Bachar","Pittsburgh Pirates","R",2026-03-30,2026-09-15,336,292,57,36,8,0,13,35,1,5,84,3,104,211,72,18,80,40,70,20,99,88.1729857819905,17.4218009478673,-6.07074407015723,336,0.195205479452055,0.28955223880597,0.356164383561644,0.645716622367614,0.160958904109589,0.25,0.104166666666667,0.341232227488152,0.0853080568720379,0.37914691943128,0.18957345971564,0.33175355450237,0.469194312796209,0.283802395209581,-0.0180676906849918,0.771,0.808,"strong","pitcher","fixed_linear_weights_v1","sabrhood_player_summary_v1",1352,0.450443786982249,0.453402366863905,"2026-09-17","2026-09-18 14:10:06 UTC"
"670990","Yohan Ramírez","Pittsburgh Pirates","R",2026-03-26,2026-09-16,335,287,55,35,16,0,4,36,2,12,94,0,83,192,59,10,94,48,37,13,97,84.08125,9.19270833333333,-10.8520408953494,335,0.191637630662021,0.307462686567164,0.289198606271777,0.596661292838941,0.0975609756097561,0.280597014925373,0.107462686567164,0.307291666666667,0.0520833333333333,0.489583333333333,0.25,0.192708333333333,0.505208333333333,0.272612612612613,-0.0323941519264161,0.77,0.793,"strong","pitcher","fixed_linear_weights_v1","sabrhood_player_summary_v1",1320,0.443939393939394,0.465151515151515,"2026-09-17","2026-09-18 14:10:06 UTC"
"678906","Kai-Wei Teng","Houston Astros","R",2026-03-28,2026-09-05,332,285,69,43,14,2,10,33,0,13,73,0,117,210,82,17,83,58,51,18,93,88.8785714285714,15.7619047619048,5.76595221619053,332,0.242105263157895,0.347432024169184,0.410526315789474,0.757958339958658,0.168421052631579,0.219879518072289,0.0993975903614458,0.39047619047619,0.080952380952381,0.395238095238095,0.276190476190476,0.242857142857143,0.442857142857143,0.333987915407855,0.0173673259523811,0.769,0.808,"strong","pitcher","fixed_linear_weights_v1","sabrhood_player_summary_v1",1266,0.439178515007899,0.477093206951027,"2026-09-17","2026-09-18 14:10:06 UTC"
"670970","Adrian Morejon","San Diego Padres","L",2026-03-27,2026-09-14,329,303,63,50,9,0,4,19,2,5,100,2,84,204,65,5,121,45,31,7,88,86.3206896551724,0.556650246305419,-8.22857789385087,329,0.207920792079208,0.264437689969605,0.277227722772277,0.541665412741882,0.0693069306930693,0.303951367781155,0.0577507598784195,0.318627450980392,0.0245098039215686,0.593137254901961,0.220588235294118,0.151960784313725,0.431372549019608,0.240152905198777,-0.0250108750572975,0.767,0.803,"strong","pitcher","fixed_linear_weights_v1","sabrhood_player_summary_v1",1255,0.526693227091633,0.493227091633466,"2026-09-17","2026-09-18 14:10:06 UTC"
"837227","Tatsuya Imai","Houston Astros","R",2026-03-29,2026-09-16,329,271,58,40,9,0,9,51,0,4,92,2,94,182,82,15,77,43,49,13,71,88.1912087912088,13.1208791208791,5.84681390737992,329,0.214022140221402,0.344512195121951,0.346863468634686,0.691375663756638,0.132841328413284,0.279635258358663,0.155015197568389,0.450549450549451,0.0824175824175824,0.423076923076923,0.236263736263736,0.269230769230769,0.39010989010989,0.312560975609756,0.0177714708431,0.767,0.784,"strong","pitcher","fixed_linear_weights_v1","sabrhood_player_summary_v1",1417,0.434721242060692,0.435426958362738,"2026-09-17","2026-09-18 14:10:06 UTC"
"677865","Justin Bruihl","St. Louis Cardinals","L",2026-03-26,2026-09-16,326,281,72,50,18,0,4,25,0,11,52,7,102,238,85,12,122,53,47,16,110,85.2676470588235,8.58403361344538,3.22237482762066,326,0.256227758007117,0.333333333333333,0.362989323843416,0.69632265717675,0.106761565836299,0.159509202453988,0.0766871165644172,0.357142857142857,0.0504201680672269,0.512605042016807,0.222689075630252,0.197478991596639,0.46218487394958,0.307191358024691,0.00988458536079958,0.765,0.826,"strong","pitcher","fixed_linear_weights_v1","sabrhood_player_summary_v1",1248,0.455128205128205,0.474358974358974,"2026-09-17","2026-09-18 14:10:06 UTC"
"691799","Grant Taylor","Chicago White Sox","R",2026-03-28,2026-09-17,325,292,59,41,11,0,7,30,0,1,103,2,91,191,79,14,90,41,52,8,82,89.5784210526316,9.66315789473684,-15.1273986953828,325,0.202054794520548,0.276923076923077,0.311643835616438,0.588566912539515,0.10958904109589,0.316923076923077,0.0923076923076923,0.413612565445026,0.0732984293193717,0.471204188481675,0.214659685863874,0.272251308900524,0.429319371727749,0.262184615384615,-0.0465458421396394,0.765,0.793,"strong","pitcher","fixed_linear_weights_v1","sabrhood_player_summary_v1",1293,0.461716937354988,0.48569218870843,"2026-09-17","2026-09-18 14:10:06 UTC"
"571927","Steven Matz","Tampa Bay Rays","L",2026-03-29,2026-09-17,324,294,70,40,14,2,14,24,0,2,56,3,130,242,84,26,94,70,61,17,103,87.2851239669422,13.698347107438,9.68899650627872,324,0.238095238095238,0.297213622291022,0.442176870748299,0.739390493039321,0.204081632653061,0.172839506172839,0.0740740740740741,0.347107438016529,0.107438016528926,0.388429752066116,0.289256198347107,0.252066115702479,0.425619834710744,0.315232198142415,0.0299043102045639,0.764,0.829,"strong","pitcher","fixed_linear_weights_v1","sabrhood_player_summary_v1",1275,0.48078431372549,0.512156862745098,"2026-09-17","2026-09-18 14:10:06 UTC"
"665152","Dean Kremer","Minnesota Twins","R",2026-04-13,2026-09-14,320,291,70,37,13,3,17,26,0,0,74,3,140,219,78,22,78,56,72,13,106,87.3776255707763,15.9771689497717,10.140696882088,320,0.240549828178694,0.3,0.481099656357388,0.781099656357388,0.240549828178694,0.23125,0.08125,0.356164383561644,0.100456621004566,0.356164383561644,0.255707762557078,0.328767123287671,0.484018264840183,0.32959375,0.0316896777565251,0.762,0.814,"strong","pitcher","fixed_linear_weights_v1","sabrhood_player_summary_v1",1296,0.457561728395062,0.451388888888889,"2026-09-17","2026-09-18 14:10:06 UTC"
"621112","Paul Blackburn","New York Yankees","R",2026-03-30,2026-09-16,320,288,55,40,8,0,7,31,0,1,66,0,84,221,78,12,122,41,48,10,109,86.7004524886878,6.66515837104072,-19.3885797199558,320,0.190972222222222,0.271875,0.291666666666667,0.563541666666667,0.100694444444444,0.20625,0.096875,0.352941176470588,0.0542986425339367,0.552036199095023,0.18552036199095,0.217194570135747,0.493212669683258,0.2540625,-0.0605893116248618,0.762,0.815,"strong","pitcher","fixed_linear_weights_v1","sabrhood_player_summary_v1",1179,0.458863443596268,0.454622561492791,"2026-09-17","2026-09-18 14:10:06 UTC"
"607074","Carlos Rodón","New York Yankees","L",2026-05-10,2026-09-16,316,270,48,29,12,0,7,38,0,2,83,4,81,192,75,14,71,53,56,12,85,89.521052631579,15.9052631578947,-7.80449661349239,316,0.177777777777778,0.280254777070064,0.3,0.580254777070064,0.122222222222222,0.262658227848101,0.120253164556962,0.390625,0.0729166666666667,0.369791666666667,0.276041666666667,0.291666666666667,0.442708333333333,0.26156050955414,-0.0246977740933303,0.76,0.793,"strong","pitcher","fixed_linear_weights_v1","sabrhood_player_summary_v1",1342,0.477645305514158,0.444858420268256,"2026-09-17","2026-09-18 14:10:06 UTC"
"453286","Max Scherzer","Toronto Blue Jays","R",2026-03-31,2026-09-16,315,280,68,43,11,0,14,31,0,2,54,1,121,228,79,19,74,46,76,32,101,87.0219298245614,21.5,10.7005728830488,315,0.242857142857143,0.321656050955414,0.432142857142857,0.753798908098271,0.189285714285714,0.171428571428571,0.0984126984126984,0.346491228070175,0.0833333333333333,0.324561403508772,0.201754385964912,0.333333333333333,0.442982456140351,0.326273885350318,0.0339700726445994,0.759,0.82,"strong","pitcher","fixed_linear_weights_v1","sabrhood_player_summary_v1",1254,0.495215311004785,0.467304625199362,"2026-09-17","2026-09-18 14:10:06 UTC"
"663738","Daniel Lynch IV","Kansas City Royals","L",2026-03-30,2026-09-16,312,284,59,35,17,1,6,23,0,3,52,1,96,234,87,13,113,48,57,16,112,87.987982832618,12.1072961373391,-8.17869976439951,312,0.207746478873239,0.273311897106109,0.338028169014085,0.611340066120194,0.130281690140845,0.166666666666667,0.0737179487179487,0.371794871794872,0.0555555555555556,0.482905982905983,0.205128205128205,0.243589743589744,0.478632478632479,0.268585209003215,-0.0262137812961523,0.757,0.824,"strong","pitcher","fixed_linear_weights_v1","sabrhood_player_summary_v1",1146,0.469458987783595,0.468586387434555,"2026-09-17","2026-09-18 14:10:06 UTC"
"679883","Luinder Avila","Kansas City Royals","R",2026-04-04,2026-08-01,312,264,71,46,17,1,7,42,0,2,61,2,111,204,72,12,97,45,52,10,97,87.3564356435644,11.2955665024631,7.76809131894575,312,0.268939393939394,0.370967741935484,0.420454545454545,0.791422287390029,0.151515151515152,0.195512820512821,0.134615384615385,0.352941176470588,0.0588235294117647,0.475490196078431,0.220588235294118,0.254901960784314,0.475490196078431,0.347129032258064,0.0248977285863646,0.757,0.803,"strong","pitcher","fixed_linear_weights_v1","sabrhood_player_summary_v1",1293,0.423820572312452,0.438515081206497,"2026-09-17","2026-09-18 14:10:06 UTC"
"687396","Brent Headrick","New York Yankees","L",2026-03-25,2026-09-16,311,283,64,42,12,6,4,24,1,0,94,0,100,193,71,9,71,59,48,15,80,86.1552083333333,15.8445595854922,-24.629431172623,311,0.226148409893993,0.286644951140065,0.353356890459364,0.640001841599429,0.127208480565371,0.302250803858521,0.0771704180064309,0.367875647668394,0.0466321243523316,0.367875647668394,0.305699481865285,0.248704663212435,0.414507772020725,0.278137254901961,-0.079194312452164,0.757,0.794,"strong","pitcher","fixed_linear_weights_v1","sabrhood_player_summary_v1",1231,0.529650690495532,0.47766043866775,"2026-09-17","2026-09-18 14:10:06 UTC"
"686790","Trevor McDonald","San Francisco Giants","R",2026-05-04,2026-07-20,310,271,69,49,12,1,7,23,0,12,57,2,104,217,82,10,118,52,38,9,99,88.6786046511628,3.35648148148148,4.0213409462136,310,0.254612546125461,0.337662337662338,0.383763837638376,0.721426175300714,0.129151291512915,0.183870967741935,0.0741935483870968,0.377880184331797,0.0460829493087558,0.543778801843318,0.23963133640553,0.175115207373272,0.456221198156682,0.318636363636364,0.012972067568431,0.756,0.813,"strong","pitcher","fixed_linear_weights_v1","sabrhood_player_summary_v1",1137,0.445030782761653,0.482849604221636,"2026-09-17","2026-09-18 14:10:06 UTC"
"680573","Simeon Woods Richardson","Toronto Blue Jays","R",2026-03-30,2026-08-27,305,263,79,49,19,0,11,37,0,2,40,2,131,224,99,19,87,52,64,21,89,88.9321428571429,17.5401785714286,20.9906680977863,305,0.300380228136882,0.388157894736842,0.498098859315589,0.886256754052431,0.197718631178707,0.131147540983607,0.121311475409836,0.441964285714286,0.0848214285714286,0.388392857142857,0.232142857142857,0.285714285714286,0.397321428571429,0.380789473684211,0.0688218626156928,0.753,0.818,"strong","pitcher","fixed_linear_weights_v1","sabrhood_player_summary_v1",1161,0.4229112833764,0.48062015503876,"2026-09-17","2026-09-18 14:10:06 UTC"
"670950","Trevor Richards","Chicago White Sox","R",2026-04-30,2026-09-14,305,281,62,36,14,1,11,19,0,1,67,3,111,217,88,16,67,46,81,23,91,90.2889400921659,21.1520737327189,-5.64020263170858,305,0.220640569395018,0.269736842105263,0.395017793594306,0.664754635699569,0.174377224199288,0.219672131147541,0.0622950819672131,0.405529953917051,0.0737327188940092,0.308755760368664,0.211981566820276,0.373271889400922,0.419354838709677,0.284671052631579,-0.0184924676449462,0.753,0.813,"strong","pitcher","fixed_linear_weights_v1","sabrhood_player_summary_v1",1167,0.48586118251928,0.482433590402742,"2026-09-17","2026-09-18 14:10:06 UTC"
"700669","Gordon Graceffo","St. Louis Cardinals","R",2026-03-31,2026-09-16,304,264,48,30,13,0,5,31,0,3,58,5,76,212,91,18,105,42,57,8,103,90.0235849056604,9.69811320754717,-18.0890156634976,304,0.181818181818182,0.270627062706271,0.287878787878788,0.558505850585059,0.106060606060606,0.190789473684211,0.101973684210526,0.429245283018868,0.0849056603773585,0.495283018867925,0.19811320754717,0.268867924528302,0.485849056603774,0.251221122112211,-0.0595033409983475,0.752,0.809,"strong","pitcher","fixed_linear_weights_v1","sabrhood_player_summary_v1",1144,0.45541958041958,0.444055944055944,"2026-09-17","2026-09-18 14:10:06 UTC"
"593974","Wandy Peralta","San Diego Padres","L",2026-03-26,2026-09-15,304,276,76,53,15,2,6,22,0,3,48,1,113,229,80,9,111,66,37,15,104,86.3244541484716,7.51965065502183,-9.06148816276627,304,0.27536231884058,0.334437086092715,0.409420289855072,0.743857375947788,0.134057971014493,0.157894736842105,0.0723684210526316,0.349344978165939,0.0393013100436681,0.48471615720524,0.2882096069869,0.161572052401747,0.454148471615721,0.323708609271523,-0.0298075268512048,0.752,0.821,"strong","pitcher","fixed_linear_weights_v1","sabrhood_player_summary_v1",1154,0.516464471403813,0.44367417677643,"2026-09-17","2026-09-18 14:10:06 UTC"
"675848","Juan Mejia","Colorado Rockies","R",2026-03-27,2026-09-16,301,255,72,55,10,1,6,37,0,3,62,3,102,198,76,8,86,51,49,12,81,88.2472081218274,12.3604060913706,11.3415400090153,301,0.282352941176471,0.375838926174497,0.4,0.775838926174497,0.117647058823529,0.205980066445183,0.122923588039867,0.383838383838384,0.0404040404040404,0.434343434343434,0.257575757575758,0.247474747474747,0.409090909090909,0.342651006711409,0.037679534913672,0.751,0.798,"strong","pitcher","fixed_linear_weights_v1","sabrhood_player_summary_v1",1237,0.472918350848828,0.46645109135004,"2026-09-17","2026-09-18 14:10:06 UTC"
"702193","Andrew Morris","Minnesota Twins","R",2026-04-12,2026-09-17,300,273,71,53,12,2,4,21,0,2,64,2,99,212,71,11,96,47,57,12,85,85.8419811320755,11.1084905660377,3.71263147741406,300,0.26007326007326,0.315436241610738,0.362637362637363,0.678073604248101,0.102564102564103,0.213333333333333,0.07,0.334905660377358,0.0518867924528302,0.452830188679245,0.221698113207547,0.268867924528302,0.400943396226415,0.297348993288591,0.0123754382580469,0.75,0.809,"strong","pitcher","fixed_linear_weights_v1","sabrhood_player_summary_v1",1222,0.488543371522095,0.519639934533552,"2026-09-17","2026-09-18 14:10:06 UTC"
"686973","Louis Varland","Toronto Blue Jays","R",2026-03-27,2026-09-16,300,275,54,44,8,0,2,21,0,0,95,3,68,183,67,7,101,40,34,8,67,86.1989071038251,4.07103825136612,-24.9701880723839,300,0.196363636363636,0.250836120401338,0.247272727272727,0.498108847674065,0.0509090909090909,0.316666666666667,0.07,0.366120218579235,0.0382513661202186,0.551912568306011,0.218579234972678,0.185792349726776,0.366120218579235,0.224581939799331,-0.0832339602412798,0.75,0.785,"strong","pitcher","fixed_linear_weights_v1","sabrhood_player_summary_v1",1209,0.518610421836228,0.468155500413565,"2026-09-17","2026-09-18 14:10:06 UTC"
"680755","Braydon Fisher","Toronto Blue Jays","R",2026-03-28,2026-09-15,298,252,51,35,7,1,8,36,1,3,73,3,84,184,72,17,83,39,47,15,98,86.1972826086957,11.8532608695652,-10.4910194614365,298,0.202380952380952,0.306122448979592,0.333333333333333,0.639455782312925,0.130952380952381,0.24496644295302,0.120805369127517,0.391304347826087,0.0923913043478261,0.451086956521739,0.21195652173913,0.255434782608696,0.532608695652174,0.284744027303754,-0.0352047632934111,0.749,0.786,"strong","pitcher","fixed_linear_weights_v1","sabrhood_player_summary_v1",1214,0.439868204283361,0.437397034596376,"2026-09-17","2026-09-18 14:10:06 UTC"
"656271","Brock Burke","Cincinnati Reds","L",2026-03-26,2026-09-16,298,258,52,34,11,2,5,33,0,4,72,1,82,187,59,11,74,43,56,14,78,87.2238888888889,16.9111111111111,-6.28811904822017,298,0.201550387596899,0.300675675675676,0.317829457364341,0.618505133040017,0.116279069767442,0.241610738255034,0.110738255033557,0.315508021390374,0.0588235294117647,0.39572192513369,0.229946524064171,0.299465240641711,0.417112299465241,0.278310810810811,-0.0211010706316113,0.749,0.789,"strong","pitcher","fixed_linear_weights_v1","sabrhood_player_summary_v1",1134,0.458553791887125,0.476190476190476,"2026-09-17","2026-09-18 14:10:06 UTC"
"702273","Noah Schultz","Chicago White Sox","L",2026-04-14,2026-09-16,298,254,62,39,12,2,9,31,0,8,59,1,105,199,79,17,74,54,53,18,78,87.6439393939394,15.8383838383838,9.55193140438964,298,0.244094488188976,0.343537414965986,0.413385826771654,0.75692324173764,0.169291338582677,0.197986577181208,0.104026845637584,0.396984924623116,0.085427135678392,0.371859296482412,0.271356783919598,0.266331658291457,0.391959798994975,0.331836734693878,0.0320534610885558,0.749,0.799,"strong","pitcher","fixed_linear_weights_v1","sabrhood_player_summary_v1",1165,0.446351931330472,0.490987124463519,"2026-09-17","2026-09-18 14:10:06 UTC"
"663687","Hogan Harris","Athletics","L",2026-03-27,2026-09-16,297,252,56,41,7,0,8,38,0,5,85,1,87,168,57,11,78,34,43,13,67,86.7059523809524,12.4047619047619,-4.52137769982098,297,0.222222222222222,0.334459459459459,0.345238095238095,0.679697554697555,0.123015873015873,0.286195286195286,0.127946127946128,0.339285714285714,0.0654761904761905,0.464285714285714,0.202380952380952,0.255952380952381,0.398809523809524,0.306283783783784,-0.0152234939387912,0.748,0.771,"strong","pitcher","fixed_linear_weights_v1","sabrhood_player_summary_v1",1274,0.430141287284144,0.493720565149137,"2026-09-17","2026-09-18 14:10:06 UTC"
"663947","Tyler Holton","Detroit Tigers","L",2026-03-26,2026-09-16,297,272,70,51,10,1,8,17,0,6,55,0,106,218,82,11,113,50,37,18,105,86.7870967741935,9.38248847926267,-6.44320006095569,297,0.257352941176471,0.315254237288136,0.389705882352941,0.704960119641077,0.132352941176471,0.185185185185185,0.0572390572390572,0.376146788990826,0.0504587155963303,0.518348623853211,0.229357798165138,0.169724770642202,0.481651376146789,0.308372881355932,-0.0216942762995141,0.748,0.813,"strong","pitcher","fixed_linear_weights_v1","sabrhood_player_summary_v1",1107,0.46973803071364,0.491418247515808,"2026-09-17","2026-09-18 14:10:06 UTC"
"686799","Jack Kochanowicz","Los Angeles Angels","R",2026-03-29,2026-06-06,295,251,65,50,6,2,7,35,0,5,47,4,96,208,89,15,119,39,41,9,105,88.9112745098039,4.27941176470588,12.4255195359088,295,0.258964143426295,0.355932203389831,0.382470119521912,0.738402322911743,0.123505976095618,0.159322033898305,0.11864406779661,0.427884615384615,0.0721153846153846,0.572115384615385,0.1875,0.197115384615385,0.504807692307692,0.32671186440678,0.0421204052064704,0.747,0.806,"strong","pitcher","fixed_linear_weights_v1","sabrhood_player_summary_v1",1106,0.452079566003617,0.471066907775769,"2026-09-17","2026-09-18 14:10:06 UTC"
"670245","Ryan Watson","Los Angeles Angels","R",2026-03-28,2026-09-15,295,268,65,41,14,2,8,20,0,3,60,2,107,212,79,21,86,57,50,19,93,87.9218009478673,14.3175355450237,-4.97215726061697,295,0.242537313432836,0.300341296928328,0.399253731343284,0.699595028271611,0.156716417910448,0.203389830508475,0.0677966101694915,0.372641509433962,0.0990566037735849,0.405660377358491,0.268867924528302,0.235849056603774,0.438679245283019,0.302389078498294,-0.0168547703749728,0.747,0.809,"strong","pitcher","fixed_linear_weights_v1","sabrhood_player_summary_v1",1098,0.492714025500911,0.479052823315118,"2026-09-17","2026-09-18 14:10:06 UTC"
"622608","Antonio Senzatela","Milwaukee Brewers","R",2026-03-29,2026-09-16,294,266,70,53,8,3,6,23,0,2,58,2,102,211,86,13,102,45,52,12,83,88.1981042654028,9.54028436018957,3.01377735151747,294,0.263157894736842,0.324232081911263,0.383458646616541,0.707690728527804,0.120300751879699,0.197278911564626,0.0782312925170068,0.407582938388626,0.0616113744075829,0.483412322274882,0.213270142180095,0.246445497630332,0.393364928909953,0.309249146757679,0.0102509433725084,0.746,0.808,"strong","pitcher","fixed_linear_weights_v1","sabrhood_player_summary_v1",1106,0.49005424954792,0.488245931283906,"2026-09-17","2026-09-18 14:10:06 UTC"
"665622","Luis Medina","Athletics","R",2026-03-28,2026-09-15,294,252,60,41,11,1,7,33,0,3,88,4,94,169,66,9,68,38,54,9,71,89.2536144578313,11.7590361445783,-2.21751998913881,294,0.238095238095238,0.328767123287671,0.373015873015873,0.701782996303544,0.134920634920635,0.299319727891156,0.112244897959184,0.390532544378698,0.0532544378698225,0.402366863905325,0.224852071005917,0.319526627218935,0.420118343195266,0.309178082191781,-0.00754258499707077,0.746,0.772,"strong","pitcher","fixed_linear_weights_v1","sabrhood_player_summary_v1",1193,0.436714165968148,0.45766974015088,"2026-09-17","2026-09-18 14:10:06 UTC"
"804267","Zac Thornton","New York Mets","L",2026-05-20,2026-09-12,294,274,68,47,9,0,12,16,0,2,55,1,113,220,91,17,87,56,65,12,93,88.5636363636364,14.1409090909091,-7.33853375613004,294,0.248175182481752,0.293515358361775,0.412408759124088,0.705924117485862,0.164233576642336,0.187074829931973,0.054421768707483,0.413636363636364,0.0772727272727273,0.395454545454545,0.254545454545455,0.295454545454545,0.422727272727273,0.304163822525597,-0.0249609991705103,0.746,0.815,"strong","pitcher","fixed_linear_weights_v1","sabrhood_player_summary_v1",1087,0.524379024839006,0.507819687212511,"2026-09-17","2026-09-18 14:10:06 UTC"
"660853","Enyel De Los Santos","Houston Astros","R",2026-04-06,2026-09-16,293,269,67,39,17,1,10,19,0,1,64,2,116,208,78,10,76,47,63,22,92,87.4009615384615,18.5817307692308,4.52059815637583,293,0.24907063197026,0.298969072164948,0.431226765799257,0.730195837964205,0.182156133828996,0.218430034129693,0.0648464163822526,0.375,0.0480769230769231,0.365384615384615,0.225961538461538,0.302884615384615,0.442307692307692,0.31233676975945,0.0154286626497468,0.746,0.806,"strong","pitcher","fixed_linear_weights_v1","sabrhood_player_summary_v1",1123,0.53606411398041,0.483526268922529,"2026-09-17","2026-09-18 14:10:06 UTC"
"677976","Randy Dobnak","Kansas City Royals","R",2026-07-02,2026-09-12,293,265,65,49,9,1,6,23,0,2,47,2,94,217,87,9,112,51,49,5,124,89.4162037037037,8.37037037037037,-14.2363489070431,293,0.245283018867925,0.308219178082192,0.354716981132075,0.662936159214267,0.109433962264151,0.160409556313993,0.0784982935153584,0.400921658986175,0.0414746543778802,0.516129032258065,0.235023041474654,0.225806451612903,0.571428571428571,0.291815068493151,-0.0485882215257445,0.746,0.813,"strong","pitcher","fixed_linear_weights_v1","sabrhood_player_summary_v1",1148,0.455574912891986,0.437282229965157,"2026-09-17","2026-09-18 14:10:06 UTC"
"641302","Tyler Alexander","Texas Rangers","L",2026-03-26,2026-09-17,289,260,66,51,11,1,3,21,0,4,57,2,88,207,66,7,110,40,45,12,103,85.604347826087,7.68599033816425,-5.48204678235965,289,0.253846153846154,0.317073170731707,0.338461538461538,0.655534709193246,0.0846153846153846,0.197231833910035,0.0726643598615917,0.318840579710145,0.0338164251207729,0.531400966183575,0.193236714975845,0.217391304347826,0.497584541062802,0.290871080139373,-0.0189690200081649,0.743,0.805,"strong","pitcher","fixed_linear_weights_v1","sabrhood_player_summary_v1",1109,0.463480613165014,0.469792605951308,"2026-09-17","2026-09-18 14:10:06 UTC"
"666171","Ryan Zeferjahn","Chicago Cubs","R",2026-03-27,2026-09-16,288,242,47,30,9,1,7,34,0,9,91,2,79,153,56,8,69,33,35,16,65,88.8947368421053,12.7894736842105,-3.04018483858342,288,0.194214876033058,0.313588850174216,0.326446280991736,0.640035131165952,0.132231404958678,0.315972222222222,0.118055555555556,0.366013071895425,0.0522875816993464,0.450980392156863,0.215686274509804,0.228758169934641,0.42483660130719,0.289651567944251,-0.0105561973561924,0.742,0.754,"strong","pitcher","fixed_linear_weights_v1","sabrhood_player_summary_v1",1232,0.413961038961039,0.443181818181818,"2026-09-17","2026-09-18 14:10:06 UTC"
"668984","Casey Legumina","Tampa Bay Rays","R",2026-03-26,2026-09-17,285,253,69,45,16,1,7,16,0,8,50,6,108,211,79,13,89,52,60,10,94,86.3806763285024,11.231884057971,-3.32933165187461,285,0.272727272727273,0.328621908127208,0.426877470355731,0.75549937848294,0.154150197628458,0.175438596491228,0.056140350877193,0.374407582938389,0.0616113744075829,0.421800947867299,0.246445497630332,0.28436018957346,0.445497630331754,0.324628975265018,-0.0116818654451741,0.74,0.808,"strong","pitcher","fixed_linear_weights_v1","sabrhood_player_summary_v1",1068,0.526217228464419,0.50936329588015,"2026-09-17","2026-09-18 14:10:06 UTC"
"666277","George Soriano","St. Louis Cardinals","R",2026-03-29,2026-09-13,281,241,57,34,13,0,10,32,0,3,63,3,100,183,72,18,81,39,47,16,91,89.0313186813187,13.8901098901099,2.94588000831825,281,0.236514522821577,0.329749103942652,0.4149377593361,0.744686863278752,0.178423236514523,0.224199288256228,0.113879003558719,0.39344262295082,0.0983606557377049,0.442622950819672,0.213114754098361,0.256830601092896,0.497267759562842,0.323942652329749,0.0104835587484635,0.738,0.785,"strong","pitcher","fixed_linear_weights_v1","sabrhood_player_summary_v1",1128,0.479609929078014,0.448581560283688,"2026-09-17","2026-09-18 14:10:06 UTC"
"656546","Jeff Hoffman","Minnesota Twins","R",2026-03-27,2026-09-17,281,247,57,37,14,2,4,24,2,6,100,4,87,149,55,10,67,37,33,12,65,88.0195945945946,10.7837837837838,1.31785350584496,281,0.230769230769231,0.309608540925267,0.352226720647773,0.66183526157304,0.121457489878542,0.355871886120996,0.0854092526690391,0.369127516778524,0.0671140939597315,0.449664429530201,0.248322147651007,0.221476510067114,0.436241610738255,0.288817204301075,0.00468987012756213,0.738,0.749,"strong","pitcher","fixed_linear_weights_v1","sabrhood_player_summary_v1",1168,0.499143835616438,0.428082191780822,"2026-09-17","2026-09-18 14:10:06 UTC"
"672782","Yoendrys Gómez","Minnesota Twins","R",2026-03-26,2026-09-17,281,242,56,36,12,1,7,34,0,3,61,1,91,183,76,17,50,48,60,25,80,87.6471590909091,20.8238636363636,5.68825228655036,281,0.231404958677686,0.332142857142857,0.37603305785124,0.708175914994097,0.144628099173554,0.217081850533808,0.120996441281139,0.415300546448087,0.092896174863388,0.273224043715847,0.262295081967213,0.327868852459016,0.437158469945355,0.313607142857143,0.0202428906994675,0.738,0.785,"strong","pitcher","fixed_linear_weights_v1","sabrhood_player_summary_v1",1095,0.470319634703196,0.464840182648402,"2026-09-17","2026-09-18 14:10:06 UTC"
"699134","Bradgley Rodriguez","San Diego Padres","R",2026-03-26,2026-09-14,280,259,56,35,13,2,6,18,1,0,74,1,91,188,56,9,96,33,46,13,100,86.0144385026738,8.98930481283423,-2.39345447077857,280,0.216216216216216,0.266187050359712,0.351351351351351,0.617538401711064,0.135135135135135,0.264285714285714,0.0642857142857143,0.297872340425532,0.0478723404255319,0.51063829787234,0.175531914893617,0.24468085106383,0.531914893617021,0.266534296028881,-0.00854805168135202,0.737,0.79,"strong","pitcher","fixed_linear_weights_v1","sabrhood_player_summary_v1",1093,0.51875571820677,0.494967978042086,"2026-09-17","2026-09-18 14:10:06 UTC"
"800311","Didier Fuentes","Atlanta Braves","R",2026-03-29,2026-09-15,279,253,53,40,8,0,5,19,1,2,88,3,76,169,57,10,69,44,42,14,68,86.7464285714286,13.952380952381,-18.5318983746329,279,0.209486166007905,0.267148014440433,0.300395256916996,0.567543271357429,0.0909090909090909,0.315412186379928,0.0681003584229391,0.337278106508876,0.0591715976331361,0.408284023668639,0.260355029585799,0.248520710059172,0.402366863905325,0.250108695652174,-0.0664225748194727,0.736,0.772,"strong","pitcher","fixed_linear_weights_v1","sabrhood_player_summary_v1",1143,0.52843394575678,0.506561679790026,"2026-09-17","2026-09-18 14:10:06 UTC"
"671922","Cade Smith","Cleveland Guardians","R",2026-03-26,2026-09-16,278,247,47,32,10,0,5,22,1,4,98,4,72,154,67,13,61,34,47,12,64,91.5690789473684,14.0526315789474,-16.2340224266574,278,0.190283400809717,0.263537906137184,0.291497975708502,0.555035881845686,0.101214574898785,0.352517985611511,0.079136690647482,0.435064935064935,0.0844155844155844,0.396103896103896,0.220779220779221,0.305194805194805,0.415584415584416,0.246304347826087,-0.0583957641246667,0.735,0.755,"strong","pitcher","fixed_linear_weights_v1","sabrhood_player_summary_v1",1168,0.49486301369863,0.485445205479452,"2026-09-17","2026-09-18 14:10:06 UTC"
"702275","JR Ritchie","Atlanta Braves","R",2026-04-23,2026-09-16,278,233,54,33,8,2,11,37,0,6,58,2,99,176,72,18,78,37,52,9,88,89.5548571428571,11.875,6.28332376608169,278,0.231759656652361,0.348920863309353,0.424892703862661,0.773813567172013,0.1931330472103,0.20863309352518,0.133093525179856,0.409090909090909,0.102272727272727,0.443181818181818,0.210227272727273,0.295454545454545,0.5,0.338273381294964,0.0226018840506536,0.735,0.779,"strong","pitcher","fixed_linear_weights_v1","sabrhood_player_summary_v1",1105,0.415384615384615,0.438914027149321,"2026-09-17","2026-09-18 14:10:06 UTC"
"670036","Matt Festa","Cleveland Guardians","R",2026-03-28,2026-09-13,278,250,64,41,17,0,6,19,0,6,69,3,99,182,72,14,66,45,46,25,74,87.0879120879121,20.2527472527473,-1.42319212472466,278,0.256,0.320143884892086,0.396,0.716143884892086,0.14,0.248201438848921,0.0683453237410072,0.395604395604396,0.0769230769230769,0.362637362637363,0.247252747252747,0.252747252747253,0.406593406593407,0.311690647482014,-0.00511939613210309,0.735,0.784,"strong","pitcher","fixed_linear_weights_v1","sabrhood_player_summary_v1",1038,0.477842003853565,0.480732177263969,"2026-09-17","2026-09-18 14:10:06 UTC"
"660825","Eduard Bazardo","Seattle Mariners","R",2026-03-27,2026-09-14,277,248,70,46,12,0,12,20,0,2,64,5,118,191,76,16,68,48,58,17,80,88.4083769633508,16.5497382198953,7.66152936740494,277,0.282258064516129,0.334545454545455,0.475806451612903,0.810351906158358,0.193548387096774,0.231046931407942,0.0722021660649819,0.397905759162304,0.0837696335078534,0.356020942408377,0.25130890052356,0.303664921465969,0.418848167539267,0.344436363636364,0.0276589507848554,0.735,0.793,"strong","pitcher","fixed_linear_weights_v1","sabrhood_player_summary_v1",1061,0.452403393025448,0.535344015080113,"2026-09-17","2026-09-18 14:10:06 UTC"
"660761","José Suarez","Athletics","L",2026-03-31,2026-09-01,276,242,72,47,19,0,6,26,0,3,61,3,109,186,60,7,76,53,44,13,98,86.927027027027,15.4594594594595,18.1873581371878,276,0.297520661157025,0.368613138686131,0.450413223140496,0.819026361826627,0.152892561983471,0.221014492753623,0.0942028985507246,0.32258064516129,0.0376344086021505,0.408602150537634,0.28494623655914,0.236559139784946,0.526881720430108,0.354306569343066,0.0658962251347384,0.734,0.788,"strong","pitcher","fixed_linear_weights_v1","sabrhood_player_summary_v1",1069,0.487371375116932,0.441534144059869,"2026-09-17","2026-09-18 14:10:06 UTC"
"643511","Tyler Rogers","Toronto Blue Jays","R",2026-03-27,2026-09-13,276,253,56,48,6,1,1,17,0,2,38,1,67,216,57,3,140,32,30,14,61,83.4065727699531,-2.49765258215962,-12.2638514734859,276,0.221343873517787,0.274725274725275,0.264822134387352,0.539547409112627,0.0434782608695652,0.13768115942029,0.0615942028985507,0.263888888888889,0.0138888888888889,0.648148148148148,0.148148148148148,0.138888888888889,0.282407407407407,0.243296703296703,-0.0444342444691517,0.734,0.812,"strong","pitcher","fixed_linear_weights_v1","sabrhood_player_summary_v1",970,0.496907216494845,0.558762886597938,"2026-09-17","2026-09-18 14:10:06 UTC"
"669330","Tyler Wells","Tampa Bay Rays","R",2026-03-26,2026-09-12,276,251,47,28,10,1,8,17,0,2,72,4,83,185,61,12,51,43,61,30,78,86.792972972973,25.6594594594595,-13.6482846446173,276,0.187250996015936,0.240875912408759,0.330677290836653,0.571553203245412,0.143426294820717,0.260869565217391,0.0615942028985507,0.32972972972973,0.0648648648648649,0.275675675675676,0.232432432432432,0.32972972972973,0.421621621621622,0.247627737226277,-0.0494503066833961,0.734,0.787,"strong","pitcher","fixed_linear_weights_v1","sabrhood_player_summary_v1",1068,0.523408239700375,0.502808988764045,"2026-09-17","2026-09-18 14:10:06 UTC"
"676534","Calvin Faucher","Miami Marlins","R",2026-03-28,2026-09-15,275,235,50,38,11,0,1,34,0,3,68,2,64,170,66,7,94,39,32,5,80,87.9852941176471,6.65294117647059,1.16318070266713,275,0.212765957446809,0.317518248175182,0.272340425531915,0.589858673707097,0.0595744680851064,0.247272727272727,0.123636363636364,0.388235294117647,0.0411764705882353,0.552941176470588,0.229411764705882,0.188235294117647,0.470588235294118,0.272664233576642,0.00422974800969866,0.733,0.773,"strong","pitcher","fixed_linear_weights_v1","sabrhood_player_summary_v1",1095,0.427397260273973,0.445662100456621,"2026-09-17","2026-09-18 14:10:06 UTC"
"673540","Kodai Senga","New York Mets","R",2026-03-31,2026-09-15,273,231,58,32,11,1,14,38,0,3,73,1,113,159,62,19,48,47,54,10,64,88.7232704402516,18.7358490566038,17.1808148427283,273,0.251082251082251,0.362637362637363,0.489177489177489,0.851814851814852,0.238095238095238,0.267399267399267,0.139194139194139,0.389937106918239,0.119496855345912,0.30188679245283,0.29559748427673,0.339622641509434,0.40251572327044,0.365860805860806,0.0629333877023016,0.732,0.761,"strong","pitcher","fixed_linear_weights_v1","sabrhood_player_summary_v1",1078,0.449907235621521,0.435992578849722,"2026-09-17","2026-09-18 14:10:06 UTC"
"678606","José A. Ferrer","Seattle Mariners","L",2026-03-26,2026-09-16,272,247,69,52,11,0,6,16,0,7,49,0,98,198,73,9,113,36,43,6,57,86.0837563451777,3.91919191919192,-1.4988706370245,272,0.279352226720648,0.340740740740741,0.396761133603239,0.73750187434398,0.117408906882591,0.180147058823529,0.0588235294117647,0.368686868686869,0.0454545454545455,0.570707070707071,0.181818181818182,0.217171717171717,0.287878787878788,0.324222222222222,-0.00551055381259009,0.731,0.798,"strong","pitcher","fixed_linear_weights_v1","sabrhood_player_summary_v1",1008,0.503968253968254,0.540674603174603,"2026-09-17","2026-09-18 14:10:06 UTC"
"640448","Kyle Finnegan","Detroit Tigers","R",2026-03-27,2026-09-15,272,234,68,47,10,1,10,34,0,1,47,1,110,188,84,16,87,44,47,10,98,89.2196808510638,10.1063829787234,4.25371340556005,272,0.290598290598291,0.381481481481481,0.47008547008547,0.851566951566952,0.179487179487179,0.172794117647059,0.125,0.446808510638298,0.0851063829787234,0.462765957446808,0.234042553191489,0.25,0.521276595744681,0.368888888888889,0.0156386522263237,0.731,0.79,"strong","pitcher","fixed_linear_weights_v1","sabrhood_player_summary_v1",1062,0.474576271186441,0.468926553672316,"2026-09-17","2026-09-18 14:10:06 UTC"
"622663","Luis Severino","Athletics","R",2026-03-27,2026-05-29,272,237,61,40,10,2,9,31,0,2,65,0,102,173,67,14,78,41,46,8,71,88.0872832369942,11.150289017341,2.58596255953595,272,0.257383966244726,0.348148148148148,0.430379746835443,0.778527894983591,0.172995780590717,0.238970588235294,0.113970588235294,0.38728323699422,0.0809248554913295,0.450867052023121,0.236994219653179,0.265895953757225,0.410404624277457,0.339407407407407,0.00950721529241159,0.731,0.776,"strong","pitcher","fixed_linear_weights_v1","sabrhood_player_summary_v1",1086,0.476058931860037,0.479742173112339,"2026-09-17","2026-09-18 14:10:06 UTC"
"657097","Jacob Webb","Chicago Cubs","R",2026-03-26,2026-09-15,271,243,57,42,5,0,10,24,0,1,68,3,92,178,76,14,72,50,46,10,87,88.5222857142857,13.4,-3.87732210023564,271,0.234567901234568,0.302583025830258,0.378600823045267,0.681183848875526,0.1440329218107,0.250922509225092,0.0885608856088561,0.426966292134831,0.0786516853932584,0.404494382022472,0.280898876404494,0.258426966292135,0.48876404494382,0.29719557195572,-0.0143074616244858,0.73,0.781,"strong","pitcher","fixed_linear_weights_v1","sabrhood_player_summary_v1",1086,0.499079189686924,0.487108655616943,"2026-09-17","2026-09-18 14:10:06 UTC"
"676617","Riley O'Brien","St. Louis Cardinals","R",2026-03-26,2026-09-16,269,227,52,37,10,0,5,28,3,10,62,1,77,168,70,12,80,50,35,3,68,87.3065868263473,5.24550898203593,10.3180171241703,269,0.229074889867841,0.338345864661654,0.33920704845815,0.677552913119804,0.110132158590308,0.230483271375465,0.104089219330855,0.416666666666667,0.0714285714285714,0.476190476190476,0.297619047619048,0.208333333333333,0.404761904761905,0.30212927756654,0.0383569409820456,0.729,0.771,"strong","pitcher","fixed_linear_weights_v1","sabrhood_player_summary_v1",1046,0.439770554493308,0.455066921606119,"2026-09-17","2026-09-18 14:10:06 UTC"
"642397","Gregory Soto","Pittsburgh Pirates","L",2026-03-26,2026-09-17,268,232,46,27,13,1,5,26,0,7,74,0,76,160,54,8,74,31,36,19,67,85.2575,11.6375,-0.780942150676899,268,0.198275862068966,0.29811320754717,0.327586206896552,0.625699414443722,0.129310344827586,0.276119402985075,0.0970149253731343,0.3375,0.05,0.4625,0.19375,0.225,0.41875,0.281018867924528,-0.0029139632487944,0.728,0.762,"strong","pitcher","fixed_linear_weights_v1","sabrhood_player_summary_v1",1088,0.430147058823529,0.445772058823529,"2026-09-17","2026-09-18 14:10:06 UTC"
"663978","Chris Paddack","Texas Rangers","R",2026-03-30,2026-06-29,267,242,76,54,12,1,9,19,0,2,40,2,117,206,76,16,81,53,60,12,91,88.020197044335,14.8325123152709,16.8247565039378,267,0.31404958677686,0.366037735849057,0.483471074380165,0.849508810229222,0.169421487603306,0.149812734082397,0.0711610486891386,0.368932038834951,0.0776699029126214,0.393203883495146,0.257281553398058,0.29126213592233,0.441747572815534,0.364528301886792,0.0630140693031377,0.728,0.805,"strong","pitcher","fixed_linear_weights_v1","sabrhood_player_summary_v1",1015,0.501477832512315,0.461083743842365,"2026-09-17","2026-09-18 14:10:06 UTC"
"664299","Cristian Javier","Houston Astros","R",2026-03-28,2026-09-16,267,238,63,43,8,2,10,26,0,2,57,1,105,182,61,13,46,46,74,16,82,88.8159340659341,22.5604395604396,3.68997193787366,267,0.264705882352941,0.340823970037453,0.441176470588235,0.782000440625688,0.176470588235294,0.213483146067416,0.0973782771535581,0.335164835164835,0.0714285714285714,0.252747252747253,0.252747252747253,0.406593406593407,0.450549450549451,0.338426966292135,0.0138201196175044,0.728,0.784,"strong","pitcher","fixed_linear_weights_v1","sabrhood_player_summary_v1",1064,0.518796992481203,0.461466165413534,"2026-09-17","2026-09-18 14:10:06 UTC"
"670280","David Bednar","New York Yankees","R",2026-03-27,2026-09-16,267,244,51,38,7,2,4,17,1,2,74,4,74,174,60,8,88,32,36,18,91,86.0114942528736,8,-9.33245707298563,267,0.209016393442623,0.262172284644195,0.30327868852459,0.565450973168785,0.0942622950819672,0.277153558052434,0.0636704119850187,0.344827586206897,0.0459770114942529,0.505747126436782,0.183908045977011,0.206896551724138,0.522988505747126,0.247218045112782,-0.0349530227452645,0.728,0.777,"strong","pitcher","fixed_linear_weights_v1","sabrhood_player_summary_v1",1099,0.536851683348499,0.456778889899909,"2026-09-17","2026-09-18 14:10:06 UTC"
"687330","Kevin Kelly","Tampa Bay Rays","R",2026-03-29,2026-09-16,267,253,53,37,9,1,6,9,1,3,61,1,82,194,87,10,112,54,24,4,92,89.3234375,1.609375,-14.6457033670661,267,0.209486166007905,0.244360902255639,0.324110671936759,0.568471574192398,0.114624505928854,0.228464419475655,0.0337078651685393,0.448453608247423,0.0515463917525773,0.577319587628866,0.278350515463918,0.123711340206186,0.474226804123711,0.245358490566038,-0.0548528215994986,0.728,0.795,"strong","pitcher","fixed_linear_weights_v1","sabrhood_player_summary_v1",956,0.494769874476987,0.496861924686192,"2026-09-17","2026-09-18 14:10:06 UTC"
"663776","Patrick Sandoval","Boston Red Sox","L",2026-07-09,2026-09-15,267,233,74,54,14,0,6,29,0,1,62,3,106,175,63,12,65,48,45,17,69,87.028,14.5542857142857,8.63859668601626,267,0.317596566523605,0.390977443609023,0.454935622317597,0.845913065926619,0.137339055793991,0.232209737827715,0.108614232209738,0.36,0.0685714285714286,0.371428571428571,0.274285714285714,0.257142857142857,0.394285714285714,0.36718045112782,0.0323542947041807,0.728,0.778,"strong","pitcher","fixed_linear_weights_v1","sabrhood_player_summary_v1",1015,0.463054187192118,0.488669950738916,"2026-09-17","2026-09-18 14:10:06 UTC"
"664199","Taylor Clarke","Arizona Diamondbacks","R",2026-03-26,2026-09-15,267,246,49,33,9,1,6,12,0,3,43,4,78,208,67,17,98,40,51,19,109,86.6182692307692,11.3365384615385,-3.03225332599135,267,0.199186991869919,0.241509433962264,0.317073170731707,0.558582604693971,0.117886178861789,0.161048689138577,0.0449438202247191,0.322115384615385,0.0817307692307692,0.471153846153846,0.192307692307692,0.245192307692308,0.524038461538462,0.242490566037736,-0.0113567540299301,0.728,0.806,"strong","pitcher","fixed_linear_weights_v1","sabrhood_player_summary_v1",985,0.496446700507614,0.453807106598985,"2026-09-17","2026-09-18 14:10:06 UTC"
"663542","Bryan Hudson","Chicago White Sox","L",2026-03-28,2026-09-17,266,234,58,48,6,0,4,17,2,4,59,6,76,184,68,8,88,39,48,9,84,86.1179347826087,11.6521739130435,-7.49397453346256,266,0.247863247863248,0.302681992337165,0.324786324786325,0.62746831712349,0.0769230769230769,0.221804511278195,0.0639097744360902,0.369565217391304,0.0434782608695652,0.478260869565217,0.21195652173913,0.260869565217391,0.456521739130435,0.273938223938224,-0.0281728365919645,0.727,0.786,"strong","pitcher","fixed_linear_weights_v1","sabrhood_player_summary_v1",999,0.479479479479479,0.567567567567568,"2026-09-17","2026-09-18 14:10:06 UTC"
"676962","Ben Brown","Chicago Cubs","R",2026-03-26,2026-06-19,265,242,45,35,7,1,2,19,0,2,65,2,60,179,77,12,80,42,45,12,79,89.7197740112994,9.79213483146067,-17.6930544571296,265,0.18595041322314,0.249056603773585,0.247933884297521,0.496990488071106,0.0619834710743802,0.245283018867925,0.0716981132075472,0.430167597765363,0.0670391061452514,0.446927374301676,0.23463687150838,0.251396648044693,0.441340782122905,0.224943396226415,-0.0667662432344515,0.726,0.782,"strong","pitcher","fixed_linear_weights_v1","sabrhood_player_summary_v1",1004,0.471115537848606,0.495019920318725,"2026-09-17","2026-09-18 14:10:06 UTC"
"687312","Gabriel Hughes","Colorado Rockies","R",2026-07-03,2026-09-13,263,232,63,42,12,3,6,23,1,3,50,3,99,187,56,10,78,51,49,9,84,86.2693548387097,12.6182795698925,13.7894875909487,263,0.271551724137931,0.340996168582375,0.426724137931034,0.76772030651341,0.155172413793103,0.190114068441065,0.0874524714828897,0.299465240641711,0.053475935828877,0.417112299465241,0.272727272727273,0.262032085561497,0.449197860962567,0.330461538461538,0.0524315117526566,0.725,0.789,"strong","pitcher","fixed_linear_weights_v1","sabrhood_player_summary_v1",1047,0.476599808978032,0.505253104106972,"2026-09-17","2026-09-18 14:10:06 UTC"
"687911","Bryan King","Houston Astros","L",2026-03-26,2026-09-17,262,233,63,46,8,1,8,19,0,6,46,2,97,190,69,9,96,50,31,13,80,86.1925531914894,6,8.18280725559274,262,0.270386266094421,0.338461538461538,0.416309012875536,0.754770551337075,0.145922746781116,0.175572519083969,0.0725190839694656,0.363157894736842,0.0473684210526316,0.505263157894737,0.263157894736842,0.163157894736842,0.421052631578947,0.328730769230769,0.0312320887618044,0.724,0.792,"strong","pitcher","fixed_linear_weights_v1","sabrhood_player_summary_v1",1001,0.495504495504495,0.498501498501498,"2026-09-17","2026-09-18 14:10:06 UTC"
"663558","Jovani Morán","Boston Red Sox","L",2026-03-29,2026-09-15,262,226,39,23,6,1,9,30,0,2,69,2,74,161,47,11,66,31,48,16,68,84.7308176100629,16.3081761006289,-7.23342993239684,262,0.172566371681416,0.273076923076923,0.327433628318584,0.600510551395507,0.154867256637168,0.263358778625954,0.114503816793893,0.291925465838509,0.0683229813664596,0.409937888198758,0.192546583850932,0.298136645962733,0.422360248447205,0.267192307692308,-0.0276085111923544,0.724,0.763,"strong","pitcher","fixed_linear_weights_v1","sabrhood_player_summary_v1",1028,0.459143968871595,0.468871595330739,"2026-09-17","2026-09-18 14:10:06 UTC"
"595345","Steven Okert","Houston Astros","L",2026-03-27,2026-08-31,262,238,45,29,7,2,7,14,0,4,68,3,77,175,62,11,49,36,62,28,72,86.4942196531792,25.7861271676301,-14.571627967041,262,0.189075630252101,0.243243243243243,0.323529411764706,0.566772655007949,0.134453781512605,0.259541984732824,0.0534351145038168,0.354285714285714,0.0628571428571429,0.28,0.205714285714286,0.354285714285714,0.411428571428571,0.246833976833977,-0.0556169006375612,0.724,0.778,"strong","pitcher","fixed_linear_weights_v1","sabrhood_player_summary_v1",1050,0.5,0.511428571428571,"2026-09-17","2026-09-18 14:10:06 UTC"
"656638","Alex Lange","Kansas City Royals","R",2026-03-27,2026-09-17,261,224,60,37,11,2,10,30,0,6,57,1,105,167,72,19,77,43,43,4,85,90.2562874251497,9.2934131736527,14.2650942537143,261,0.267857142857143,0.367816091954023,0.46875,0.836566091954023,0.200892857142857,0.218390804597701,0.114942528735632,0.431137724550898,0.11377245508982,0.461077844311377,0.25748502994012,0.25748502994012,0.508982035928144,0.36183908045977,0.0546555335391353,0.723,0.77,"strong","pitcher","fixed_linear_weights_v1","sabrhood_player_summary_v1",1076,0.470260223048327,0.448884758364312,"2026-09-17","2026-09-18 14:10:06 UTC"
"676760","Ron Marinaccio","Cincinnati Reds","R",2026-03-26,2026-08-16,261,227,61,37,11,2,11,27,0,7,48,0,109,178,73,14,70,46,47,15,85,88.9426966292135,15.9719101123596,9.72754695773859,261,0.268722466960352,0.363984674329502,0.480176211453745,0.844160885783246,0.211453744493392,0.183908045977011,0.103448275862069,0.410112359550562,0.0786516853932584,0.393258426966292,0.258426966292135,0.264044943820225,0.47752808988764,0.364367816091954,0.037270294857236,0.723,0.781,"strong","pitcher","fixed_linear_weights_v1","sabrhood_player_summary_v1",1042,0.471209213051823,0.452015355086372,"2026-09-17","2026-09-18 14:10:06 UTC"
"666808","Camilo Doval","Pittsburgh Pirates","R",2026-03-25,2026-09-17,259,217,52,36,9,0,7,30,0,3,60,8,82,164,78,10,87,35,31,11,82,89.5374233128834,6.39263803680982,9.88206080084358,259,0.23963133640553,0.329457364341085,0.377880184331797,0.707337548672882,0.138248847926267,0.231660231660232,0.115830115830116,0.475609756097561,0.0609756097560976,0.530487804878049,0.213414634146341,0.189024390243902,0.5,0.309186046511628,0.038154674906732,0.721,0.766,"strong","pitcher","fixed_linear_weights_v1","sabrhood_player_summary_v1",981,0.45973496432212,0.45565749235474,"2026-09-17","2026-09-18 14:10:06 UTC"
"606996","Kyle Hart","San Diego Padres","L",2026-03-28,2026-09-14,259,229,50,30,13,2,5,22,0,3,57,3,82,177,54,13,92,34,40,11,78,85.5074285714286,7.47159090909091,1.13716003564396,259,0.218340611353712,0.291828793774319,0.358078602620087,0.649907396394406,0.139737991266376,0.22007722007722,0.0849420849420849,0.305084745762712,0.0734463276836158,0.519774011299435,0.192090395480226,0.225988700564972,0.440677966101695,0.284163424124514,0.00439057928820063,0.721,0.78,"strong","pitcher","fixed_linear_weights_v1","sabrhood_player_summary_v1",1037,0.434908389585342,0.484088717454195,"2026-09-17","2026-09-18 14:10:06 UTC"
"579328","Yusei Kikuchi","Los Angeles Angels","L",2026-03-27,2026-09-16,259,224,61,36,17,1,7,27,0,2,58,6,101,172,77,15,74,45,39,14,88,90.9238372093023,12.2383720930233,5.18727211934559,259,0.272321428571429,0.347490347490348,0.450892857142857,0.798383204633205,0.178571428571429,0.223938223938224,0.104247104247104,0.447674418604651,0.0872093023255814,0.430232558139535,0.261627906976744,0.226744186046512,0.511627906976744,0.341544401544402,0.020028077680871,0.721,0.775,"strong","pitcher","fixed_linear_weights_v1","sabrhood_player_summary_v1",1024,0.4833984375,0.51171875,"2026-09-17","2026-09-18 14:10:06 UTC"
"656464","Kevin Ginkel","Arizona Diamondbacks","R",2026-03-27,2026-09-15,258,237,54,34,12,1,7,15,0,1,66,4,89,174,68,15,69,43,49,13,74,87.8718390804598,14.3850574712644,0.0953828432597129,258,0.227848101265823,0.272373540856031,0.375527426160338,0.647900967016369,0.147679324894515,0.255813953488372,0.0581395348837209,0.390804597701149,0.0862068965517241,0.396551724137931,0.247126436781609,0.281609195402299,0.425287356321839,0.278210116731518,0.000369700942867104,0.721,0.777,"strong","pitcher","fixed_linear_weights_v1","sabrhood_player_summary_v1",1027,0.503407984420643,0.444985394352483,"2026-09-17","2026-09-18 14:10:06 UTC"
"682254","Mason Montgomery","Pittsburgh Pirates","L",2026-03-26,2026-09-17,257,232,41,28,8,0,5,23,0,1,97,1,64,136,56,9,74,28,25,9,60,87.2977941176471,8.08088235294118,-17.1321262340131,257,0.176724137931034,0.252918287937743,0.275862068965517,0.52878035690326,0.0991379310344828,0.377431906614786,0.0894941634241245,0.411764705882353,0.0661764705882353,0.544117647058823,0.205882352941176,0.183823529411765,0.441176470588235,0.238132295719844,-0.0666619697821521,0.72,0.731,"strong","pitcher","fixed_linear_weights_v1","sabrhood_player_summary_v1",1086,0.492633517495396,0.494475138121547,"2026-09-17","2026-09-18 14:10:06 UTC"
"592773","Ryne Stanek","St. Louis Cardinals","R",2026-03-26,2026-09-14,257,224,52,35,7,1,9,30,1,2,64,0,88,160,58,14,65,38,41,16,80,88.8275,13.71875,-2.0004679077084,257,0.232142857142857,0.328125,0.392857142857143,0.720982142857143,0.160714285714286,0.249027237354086,0.116731517509728,0.3625,0.0875,0.40625,0.2375,0.25625,0.5,0.316,-0.00778392181987704,0.72,0.762,"strong","pitcher","fixed_linear_weights_v1","sabrhood_player_summary_v1",1044,0.489463601532567,0.446360153256705,"2026-09-17","2026-09-18 14:10:06 UTC"
"650556","Bryan Abreu","Houston Astros","R",2026-03-28,2026-09-17,256,209,40,21,10,1,8,40,0,5,78,0,76,132,56,8,54,31,40,7,68,89.0511450381679,15.5725190839695,-1.19655964899383,256,0.191387559808612,0.334645669291339,0.363636363636364,0.698282032927702,0.172248803827751,0.3046875,0.15625,0.424242424242424,0.0606060606060606,0.409090909090909,0.234848484848485,0.303030303030303,0.515151515151515,0.313858267716535,-0.00467406112888217,0.719,0.725,"strong","pitcher","fixed_linear_weights_v1","sabrhood_player_summary_v1",1046,0.415869980879541,0.433078393881453,"2026-09-17","2026-09-18 14:10:06 UTC"
"594580","Sam Moll","Cincinnati Reds","L",2026-03-26,2026-09-04,256,215,54,39,8,2,5,28,0,6,56,2,81,165,62,7,88,38,30,9,64,86.2084967320261,7.3921568627451,7.3083962369862,256,0.251162790697674,0.350597609561753,0.376744186046512,0.727341795608265,0.125581395348837,0.21875,0.109375,0.375757575757576,0.0424242424242424,0.533333333333333,0.23030303030303,0.181818181818182,0.387878787878788,0.322908366533865,0.0285484228007274,0.719,0.767,"strong","pitcher","fixed_linear_weights_v1","sabrhood_player_summary_v1",1073,0.421248835041938,0.451071761416589,"2026-09-17","2026-09-18 14:10:06 UTC"
"656641","Jacob Latz","Texas Rangers","L",2026-03-28,2026-09-17,255,233,34,15,14,0,5,19,3,0,77,2,63,159,64,14,60,32,45,22,78,87.7018987341772,20.120253164557,-11.866502444859,255,0.145922746781116,0.208661417322835,0.270386266094421,0.479047683417255,0.124463519313305,0.301960784313725,0.0745098039215686,0.40251572327044,0.0880503144654088,0.377358490566038,0.20125786163522,0.283018867924528,0.490566037735849,0.205776892430279,-0.0465353037053293,0.718,0.761,"strong","pitcher","fixed_linear_weights_v1","sabrhood_player_summary_v1",1082,0.524953789279113,0.471349353049908,"2026-09-17","2026-09-18 14:10:06 UTC"
"623211","Huascar Brazobán","Chicago White Sox","R",2026-03-28,2026-08-24,254,221,42,23,13,1,5,28,0,1,54,2,72,168,52,7,84,32,39,13,100,85.385628742515,8.54491017964072,-7.14514724038664,254,0.190045248868778,0.281746031746032,0.32579185520362,0.607537886949652,0.135746606334842,0.21259842519685,0.110236220472441,0.30952380952381,0.0416666666666667,0.5,0.19047619047619,0.232142857142857,0.595238095238095,0.269880952380952,-0.0281305009464041,0.718,0.771,"strong","pitcher","fixed_linear_weights_v1","sabrhood_player_summary_v1",981,0.492354740061162,0.478083588175331,"2026-09-17","2026-09-18 14:10:06 UTC"
"621237","José Alvarado","Philadelphia Phillies","L",2026-03-28,2026-09-16,254,221,60,43,9,3,5,24,1,8,68,0,90,153,46,7,54,44,37,18,54,85.9046052631579,18.3092105263158,8.5404937886899,254,0.271493212669683,0.363636363636364,0.407239819004525,0.770876182640889,0.135746606334842,0.267716535433071,0.094488188976378,0.300653594771242,0.0457516339869281,0.352941176470588,0.287581699346405,0.241830065359477,0.352941176470588,0.338730158730159,0.0336239912940547,0.718,0.754,"strong","pitcher","fixed_linear_weights_v1","sabrhood_player_summary_v1",1057,0.462630085146641,0.415326395458846,"2026-09-17","2026-09-18 14:10:06 UTC"
"689254","Mason Fluharty","Toronto Blue Jays","L",2026-03-28,2026-09-16,253,223,49,37,6,0,6,24,0,1,65,2,73,161,51,10,60,40,50,11,69,84.8180124223603,16.5031055900621,1.2832399917405,253,0.219730941704036,0.296,0.327354260089686,0.623354260089686,0.10762331838565,0.256916996047431,0.0948616600790514,0.316770186335404,0.062111801242236,0.372670807453416,0.248447204968944,0.31055900621118,0.428571428571429,0.27736,0.00507209482901383,0.717,0.763,"strong","pitcher","fixed_linear_weights_v1","sabrhood_player_summary_v1",989,0.494438827098079,0.461071789686552,"2026-09-17","2026-09-18 14:10:06 UTC"
"670329","Rico Garcia","Baltimore Orioles","R",2026-03-29,2026-09-15,253,230,41,23,9,0,9,19,1,2,65,0,77,166,58,10,71,32,41,22,74,85.1861445783132,16.3192771084337,-11.924236307562,253,0.178260869565217,0.247011952191235,0.334782608695652,0.581794560886887,0.156521739130435,0.256916996047431,0.075098814229249,0.349397590361446,0.0602409638554217,0.427710843373494,0.192771084337349,0.246987951807229,0.44578313253012,0.2534,-0.0471313688045927,0.717,0.769,"strong","pitcher","fixed_linear_weights_v1","sabrhood_player_summary_v1",952,0.496848739495798,0.487394957983193,"2026-09-17","2026-09-18 14:10:06 UTC"
"573124","Taylor Rogers","Minnesota Twins","L",2026-03-26,2026-09-15,253,219,61,42,13,1,5,25,0,4,48,2,91,175,49,12,65,46,52,12,75,84.2028571428571,14.6514285714286,5.01196406010016,253,0.278538812785388,0.36,0.415525114155251,0.775525114155251,0.136986301369863,0.189723320158103,0.0988142292490119,0.28,0.0685714285714286,0.371428571428571,0.262857142857143,0.297142857142857,0.428571428571429,0.33928,0.0198101346249018,0.717,0.778,"strong","pitcher","fixed_linear_weights_v1","sabrhood_player_summary_v1",1003,0.417746759720837,0.485543369890329,"2026-09-17","2026-09-18 14:10:06 UTC"
"641835","Tim Mayza","Philadelphia Phillies","L",2026-03-28,2026-09-17,253,235,52,35,9,2,6,14,0,1,63,1,83,175,78,10,85,46,37,7,62,88.4771428571429,8.08,-7.14711973747739,253,0.221276595744681,0.266932270916335,0.353191489361702,0.620123760278037,0.131914893617021,0.24901185770751,0.0553359683794466,0.445714285714286,0.0571428571428571,0.485714285714286,0.262857142857143,0.211428571428571,0.354285714285714,0.269003984063745,-0.0282494851283691,0.717,0.778,"strong","pitcher","fixed_linear_weights_v1","sabrhood_player_summary_v1",1017,0.450344149459194,0.480825958702065,"2026-09-17","2026-09-18 14:10:06 UTC"
"664141","JT Brubaker","San Francisco Giants","R",2026-03-25,2026-08-23,252,220,49,34,8,2,5,26,0,2,39,4,76,183,66,12,76,51,47,9,97,87.7273224043716,13.5355191256831,-5.12604291262401,252,0.222727272727273,0.305555555555556,0.345454545454545,0.651010101010101,0.122727272727273,0.154761904761905,0.103174603174603,0.360655737704918,0.0655737704918033,0.415300546448087,0.278688524590164,0.256830601092896,0.530054644808743,0.287261904761905,-0.0203414401294604,0.716,0.785,"strong","pitcher","fixed_linear_weights_v1","sabrhood_player_summary_v1",1000,0.45,0.448,"2026-09-17","2026-09-18 14:10:06 UTC"
"657514","Brennan Bernardino","Colorado Rockies","L",2026-03-27,2026-09-17,251,227,55,36,13,1,5,14,0,4,45,2,85,187,56,10,86,41,49,11,72,85.76,10.3817204301075,-8.16731767690483,251,0.242290748898678,0.295546558704453,0.374449339207048,0.669995897911502,0.13215859030837,0.179282868525896,0.0557768924302789,0.299465240641711,0.053475935828877,0.459893048128342,0.219251336898396,0.262032085561497,0.385026737967914,0.291295546558704,-0.0325391142506168,0.715,0.789,"strong","pitcher","fixed_linear_weights_v1","sabrhood_player_summary_v1",957,0.458725182863114,0.48171368861024,"2026-09-17","2026-09-18 14:10:06 UTC"
"656848","Michael Petersen","Miami Marlins","R",2026-03-29,2026-09-15,251,222,41,25,10,1,5,26,0,3,74,0,68,145,62,17,53,24,46,22,64,90.9611111111111,21.5347222222222,-12.4301310429843,251,0.184684684684685,0.278884462151394,0.306306306306306,0.585190768457701,0.121621621621622,0.294820717131474,0.103585657370518,0.427586206896552,0.117241379310345,0.36551724137931,0.16551724137931,0.317241379310345,0.441379310344828,0.263386454183267,-0.0495224344342002,0.715,0.744,"strong","pitcher","fixed_linear_weights_v1","sabrhood_player_summary_v1",1047,0.499522445081184,0.468003820439351,"2026-09-17","2026-09-18 14:10:06 UTC"
"689147","Orion Kerkering","Philadelphia Phillies","R",2026-04-07,2026-09-12,251,212,44,27,10,3,4,31,0,6,59,1,72,155,49,9,54,39,46,16,72,85.4967320261438,18.6948051948052,0.891114023463382,251,0.207547169811321,0.324,0.339622641509434,0.663622641509434,0.132075471698113,0.235059760956175,0.123505976095618,0.316129032258064,0.0580645161290323,0.348387096774194,0.251612903225806,0.296774193548387,0.464516129032258,0.29836,0.00355025507355929,0.715,0.756,"strong","pitcher","fixed_linear_weights_v1","sabrhood_player_summary_v1",1039,0.422521655437921,0.461982675649663,"2026-09-17","2026-09-18 14:10:06 UTC"
"681217","Chase Silseth","Texas Rangers","R",2026-03-26,2026-09-17,249,211,49,35,7,2,5,30,0,4,68,2,75,147,48,15,56,40,45,6,53,85.6986394557823,13.7414965986395,1.28655078269065,249,0.232227488151659,0.336032388663968,0.355450236966825,0.691482625630792,0.123222748815166,0.273092369477912,0.120481927710843,0.326530612244898,0.102040816326531,0.380952380952381,0.272108843537415,0.306122448979592,0.360544217687075,0.308623481781376,0.00516687061321545,0.713,0.746,"moderate","pitcher","fixed_linear_weights_v1","sabrhood_player_summary_v1",1026,0.466861598440546,0.456140350877193,"2026-09-17","2026-09-18 14:10:06 UTC"
"669276","Dylan Lee","Atlanta Braves","L",2026-03-27,2026-09-13,249,230,45,28,10,4,3,15,0,0,75,2,72,159,50,9,52,41,54,12,82,86.0610062893082,18.6918238993711,-9.06807305532773,249,0.195652173913043,0.242914979757085,0.31304347826087,0.555958458017955,0.117391304347826,0.301204819277108,0.0602409638554217,0.314465408805031,0.0566037735849057,0.327044025157233,0.257861635220126,0.339622641509434,0.515723270440252,0.241538461538462,-0.0364179640776214,0.713,0.761,"moderate","pitcher","fixed_linear_weights_v1","sabrhood_player_summary_v1",1005,0.528358208955224,0.492537313432836,"2026-09-17","2026-09-18 14:10:06 UTC"
"667297","Tommy Nance","Minnesota Twins","R",2026-03-28,2026-09-16,249,222,57,43,6,0,8,21,1,1,66,4,87,160,61,13,78,38,36,8,65,87.83875,8.98125,7.78865513693693,249,0.256756756756757,0.318548387096774,0.391891891891892,0.710440278988666,0.135135135135135,0.265060240963855,0.0843373493975904,0.38125,0.08125,0.4875,0.2375,0.225,0.40625,0.307206477732794,0.0312797395057708,0.713,0.762,"moderate","pitcher","fixed_linear_weights_v1","sabrhood_player_summary_v1",947,0.477296726504752,0.461457233368532,"2026-09-17","2026-09-18 14:10:06 UTC"
"544150","Albert Suárez","Baltimore Orioles","R",2026-04-01,2026-09-05,248,225,54,31,12,3,8,20,0,0,41,3,96,186,74,13,63,55,50,18,76,87.9661290322581,17.1612903225806,3.15850023640528,248,0.24,0.298387096774194,0.426666666666667,0.72505376344086,0.186666666666667,0.165322580645161,0.0806451612903226,0.397849462365591,0.0698924731182796,0.338709677419355,0.295698924731183,0.268817204301075,0.408602150537634,0.309354838709677,0.0127358880500213,0.713,0.788,"moderate","pitcher","fixed_linear_weights_v1","sabrhood_player_summary_v1",912,0.496710526315789,0.450657894736842,"2026-09-17","2026-09-18 14:10:06 UTC"
"642232","Ryan Yarbrough","New York Yankees","L",2026-04-03,2026-09-15,247,219,47,32,9,3,3,22,1,4,41,0,71,178,44,6,64,43,52,19,80,81.9393258426966,17.2247191011236,0.645001982871839,247,0.214611872146119,0.297959183673469,0.324200913242009,0.622160096915479,0.10958904109589,0.165991902834008,0.0890688259109312,0.247191011235955,0.0337078651685393,0.359550561797753,0.241573033707865,0.292134831460674,0.449438202247191,0.276229508196721,0.00261134406020988,0.712,0.781,"moderate","pitcher","fixed_linear_weights_v1","sabrhood_player_summary_v1",963,0.472481827622015,0.501557632398754,"2026-09-17","2026-09-18 14:10:06 UTC"
"680767","Victor Vodnik","Miami Marlins","R",2026-03-29,2026-09-15,247,208,57,41,11,2,3,30,0,3,39,5,81,174,70,6,97,43,29,5,77,89.7517441860465,3.24418604651163,5.37893215512379,247,0.274038461538462,0.365853658536585,0.389423076923077,0.755276735459662,0.115384615384615,0.157894736842105,0.121457489878543,0.402298850574713,0.0344827586206897,0.557471264367816,0.247126436781609,0.166666666666667,0.442528735632184,0.332235772357724,0.0217770532596105,0.712,0.777,"moderate","pitcher","fixed_linear_weights_v1","sabrhood_player_summary_v1",954,0.462264150943396,0.459119496855346,"2026-09-17","2026-09-18 14:10:06 UTC"
"673513","Yuki Matsui","San Diego Padres","L",2026-05-08,2026-09-17,247,210,34,19,8,0,7,31,0,2,66,5,63,145,42,12,51,25,43,26,68,84.8951388888889,23.2291666666667,-21.6662968403016,247,0.161904761904762,0.270161290322581,0.3,0.570161290322581,0.138095238095238,0.267206477732794,0.125506072874494,0.289655172413793,0.0827586206896552,0.351724137931034,0.172413793103448,0.296551724137931,0.468965517241379,0.256209677419355,-0.0877178009728811,0.712,0.744,"moderate","pitcher","fixed_linear_weights_v1","sabrhood_player_summary_v1",1021,0.469147894221352,0.423114593535749,"2026-09-17","2026-09-18 14:10:06 UTC"
"695243","Mason Miller","San Diego Padres","R",2026-03-28,2026-09-14,246,221,32,28,2,0,2,22,0,2,119,1,40,102,29,4,49,22,26,5,50,85.8843137254902,10.156862745098,-21.5042941045549,246,0.144796380090498,0.227642276422764,0.180995475113122,0.408637751535886,0.0361990950226244,0.483739837398374,0.0894308943089431,0.284313725490196,0.0392156862745098,0.480392156862745,0.215686274509804,0.254901960784314,0.490196078431373,0.194146341463415,-0.0874158296933124,0.711,0.671,"moderate","pitcher","fixed_linear_weights_v1","sabrhood_player_summary_v1",1057,0.473982970671712,0.452223273415326,"2026-09-17","2026-09-18 14:10:06 UTC"
"666661","Juan Morillo","Arizona Diamondbacks","R",2026-03-26,2026-09-15,245,216,41,28,9,1,3,21,0,4,70,3,61,150,48,6,76,30,32,12,61,85.6831081081081,10.1081081081081,-10.3319056897303,245,0.189814814814815,0.270491803278689,0.282407407407407,0.552899210686096,0.0925925925925926,0.285714285714286,0.0857142857142857,0.32,0.04,0.506666666666667,0.2,0.213333333333333,0.406666666666667,0.249016393442623,-0.0421710436315522,0.71,0.75,"moderate","pitcher","fixed_linear_weights_v1","sabrhood_player_summary_v1",984,0.492886178861789,0.470528455284553,"2026-09-17","2026-09-18 14:10:06 UTC"
"669020","Ryan Rolison","Chicago Cubs","L",2026-04-14,2026-09-16,245,217,49,33,10,0,6,26,0,0,51,1,77,165,65,10,73,36,48,8,75,87.9061728395062,11.6728395061728,-8.10174200414295,245,0.225806451612903,0.307377049180328,0.354838709677419,0.662215758857747,0.129032258064516,0.208163265306122,0.106122448979592,0.393939393939394,0.0606060606060606,0.442424242424242,0.218181818181818,0.290909090909091,0.454545454545455,0.292786885245902,-0.0330683347107875,0.71,0.767,"moderate","pitcher","fixed_linear_weights_v1","sabrhood_player_summary_v1",941,0.453772582359192,0.476089266737513,"2026-09-17","2026-09-18 14:10:06 UTC"
"682608","Peyton Gray","Texas Rangers","R",2026-04-23,2026-08-29,243,219,55,35,9,2,9,15,2,3,58,3,95,166,56,14,62,44,42,18,80,86.130487804878,17.0060975609756,5.20282523333195,243,0.251141552511416,0.304166666666667,0.4337899543379,0.737956621004566,0.182648401826484,0.238683127572016,0.0617283950617284,0.337349397590361,0.0843373493975904,0.373493975903614,0.265060240963855,0.253012048192771,0.481927710843373,0.31218487394958,0.0214108034293496,0.708,0.769,"moderate","pitcher","fixed_linear_weights_v1","sabrhood_player_summary_v1",929,0.4994617868676,0.510226049515608,"2026-09-17","2026-09-18 14:10:06 UTC"
"622554","Seranthony Domínguez","Seattle Mariners","R",2026-03-28,2026-09-15,243,209,43,28,5,1,9,30,1,3,60,1,77,150,49,11,63,31,40,16,69,87.2401360544218,14.9121621621622,0.699826874352811,243,0.205741626794258,0.312757201646091,0.368421052631579,0.681178254277669,0.162679425837321,0.246913580246914,0.123456790123457,0.326666666666667,0.0733333333333333,0.42,0.206666666666667,0.266666666666667,0.46,0.300247933884297,0.00287994598499099,0.708,0.75,"moderate","pitcher","fixed_linear_weights_v1","sabrhood_player_summary_v1",1042,0.465451055662188,0.456813819577735,"2026-09-17","2026-09-18 14:10:06 UTC"
"683618","Edgardo Henriquez","Los Angeles Dodgers","R",2026-03-27,2026-09-13,242,209,37,27,8,1,1,25,0,6,71,0,50,140,38,3,61,27,33,19,70,82.5157142857143,14.6071428571429,-8.05220811031851,242,0.177033492822967,0.283333333333333,0.239234449760766,0.522567783094099,0.062200956937799,0.293388429752066,0.103305785123967,0.271428571428571,0.0214285714285714,0.435714285714286,0.192857142857143,0.235714285714286,0.5,0.245083333333333,-0.0332735872327211,0.708,0.737,"moderate","pitcher","fixed_linear_weights_v1","sabrhood_player_summary_v1",968,0.490702479338843,0.446280991735537,"2026-09-17","2026-09-18 14:10:06 UTC"
"669456","Shane Bieber","Toronto Blue Jays","R",2026-06-23,2026-08-20,242,217,56,36,10,0,10,24,0,0,44,1,96,174,80,18,76,39,44,15,81,89.9281609195402,12.7701149425287,0.904698125209923,242,0.258064516129032,0.330578512396694,0.442396313364055,0.77297482576075,0.184331797235023,0.181818181818182,0.0991735537190083,0.459770114942529,0.103448275862069,0.436781609195402,0.224137931034483,0.252873563218391,0.46551724137931,0.333636363636364,0.00373842200499968,0.708,0.777,"moderate","pitcher","fixed_linear_weights_v1","sabrhood_player_summary_v1",930,0.43010752688172,0.408602150537634,"2026-09-17","2026-09-18 14:10:06 UTC"
"689296","Anthony Nunez","Baltimore Orioles","R",2026-03-28,2026-09-16,241,209,43,28,8,2,5,24,0,4,64,1,70,148,60,8,64,38,35,11,68,86.5364864864865,10.4797297297297,0.112220315584663,241,0.205741626794258,0.298319327731092,0.334928229665072,0.633247557396164,0.129186602870813,0.265560165975104,0.0995850622406639,0.405405405405405,0.0540540540540541,0.432432432432432,0.256756756756757,0.236486486486486,0.459459459459459,0.282226890756303,0.000465644463006902,0.707,0.747,"moderate","pitcher","fixed_linear_weights_v1","sabrhood_player_summary_v1",950,0.482105263157895,0.413684210526316,"2026-09-17","2026-09-18 14:10:06 UTC"
"669711","Greg Weissert","Boston Red Sox","R",2026-03-28,2026-09-16,241,220,54,37,9,0,8,17,0,2,58,2,87,162,51,9,69,33,51,9,71,86.2901234567901,10.9567901234568,-0.280244518819029,241,0.245454545454545,0.302904564315353,0.395454545454545,0.698359109769898,0.15,0.240663900414938,0.0705394190871369,0.314814814814815,0.0555555555555556,0.425925925925926,0.203703703703704,0.314814814814815,0.438271604938272,0.302780082987552,-0.00116284032704991,0.707,0.764,"moderate","pitcher","fixed_linear_weights_v1","sabrhood_player_summary_v1",942,0.498938428874735,0.484076433121019,"2026-09-17","2026-09-18 14:10:06 UTC"
"676263","Jack Dreyer","Los Angeles Dodgers","L",2026-03-27,2026-09-16,241,216,45,30,8,0,7,20,2,2,68,0,74,150,64,11,72,26,40,12,62,88.2371621621622,11.5743243243243,-6.83435676451555,241,0.208333333333333,0.281512605042017,0.342592592592593,0.624105197634609,0.134259259259259,0.282157676348548,0.0829875518672199,0.426666666666667,0.0733333333333333,0.48,0.173333333333333,0.266666666666667,0.413333333333333,0.272245762711864,-0.028358326823716,0.707,0.75,"moderate","pitcher","fixed_linear_weights_v1","sabrhood_player_summary_v1",963,0.482866043613707,0.481827622014538,"2026-09-17","2026-09-18 14:10:06 UTC"
"642528","Jonathan Loáisiga","Arizona Diamondbacks","R",2026-03-27,2026-09-16,240,225,53,39,11,0,3,9,0,1,47,3,73,183,60,8,99,42,34,8,83,84.4262295081967,5.18579234972678,-15.0216995723787,240,0.235555555555556,0.264705882352941,0.324444444444444,0.589150326797386,0.0888888888888889,0.195833333333333,0.0375,0.327868852459016,0.0437158469945355,0.540983606557377,0.229508196721311,0.185792349726776,0.453551912568306,0.255966386554622,-0.0625904148849113,0.706,0.785,"moderate","pitcher","fixed_linear_weights_v1","sabrhood_player_summary_v1",900,0.527777777777778,0.481111111111111,"2026-09-17","2026-09-18 14:10:06 UTC"
"607192","Tyler Glasnow","Los Angeles Dodgers","R",2026-03-28,2026-09-12,240,216,39,23,9,1,6,20,0,1,77,3,68,142,57,12,59,35,39,9,65,90.3654929577465,15.7816901408451,-6.17779890281952,240,0.180555555555556,0.25,0.314814814814815,0.564814814814815,0.134259259259259,0.320833333333333,0.0833333333333333,0.401408450704225,0.0845070422535211,0.415492957746479,0.246478873239437,0.274647887323944,0.457746478873239,0.248083333333333,-0.025740828761748,0.706,0.74,"moderate","pitcher","fixed_linear_weights_v1","sabrhood_player_summary_v1",960,0.428125,0.457291666666667,"2026-09-17","2026-09-18 14:10:06 UTC"
"608566","Germán Márquez","San Diego Padres","R",2026-03-31,2026-08-04,237,209,55,30,11,0,14,24,0,2,37,2,108,173,76,19,67,35,58,13,76,88.3803468208093,16.1156069364162,7.79149564162985,237,0.263157894736842,0.341772151898734,0.516746411483254,0.858518563381988,0.253588516746412,0.156118143459916,0.10126582278481,0.439306358381503,0.109826589595376,0.38728323699422,0.202312138728324,0.335260115606936,0.439306358381503,0.363628691983122,0.0328755090364129,0.703,0.776,"moderate","pitcher","fixed_linear_weights_v1","sabrhood_player_summary_v1",918,0.474945533769063,0.492374727668845,"2026-09-17","2026-09-18 14:10:06 UTC"
"683769","Hunter Gaddis","Cleveland Guardians","R",2026-04-13,2026-09-16,236,210,47,37,5,0,5,21,0,2,53,3,67,160,47,9,57,38,48,17,75,84.943125,19.0125,-8.0901349920871,236,0.223809523809524,0.296610169491525,0.319047619047619,0.615657788539144,0.0952380952380952,0.224576271186441,0.0889830508474576,0.29375,0.05625,0.35625,0.2375,0.3,0.46875,0.274322033898305,-0.0342802330173182,0.702,0.762,"moderate","pitcher","fixed_linear_weights_v1","sabrhood_player_summary_v1",906,0.514348785871965,0.470198675496689,"2026-09-17","2026-09-18 14:10:06 UTC"
"674444","Steven Cruz","Kansas City Royals","R",2026-04-01,2026-09-16,235,212,51,32,6,0,13,18,0,3,62,0,96,152,56,15,70,36,34,12,67,87.5855263157895,12.8157894736842,-4.57443259551959,235,0.240566037735849,0.309012875536481,0.452830188679245,0.761843064215726,0.212264150943396,0.263829787234043,0.0765957446808511,0.368421052631579,0.0986842105263158,0.460526315789474,0.236842105263158,0.223684210526316,0.440789473684211,0.327510729613734,-0.0194656706192323,0.701,0.752,"moderate","pitcher","fixed_linear_weights_v1","sabrhood_player_summary_v1",898,0.527839643652561,0.531180400890869,"2026-09-17","2026-09-18 14:10:06 UTC"
"662253","Andrés Muñoz","Seattle Mariners","R",2026-03-27,2026-09-16,234,208,44,31,4,1,8,23,0,1,87,2,74,123,53,11,63,27,25,8,52,88.733606557377,5.1869918699187,-2.1641394766725,234,0.211538461538462,0.290598290598291,0.355769230769231,0.646367521367521,0.144230769230769,0.371794871794872,0.0982905982905983,0.430894308943089,0.0894308943089431,0.51219512195122,0.219512195121951,0.203252032520325,0.422764227642276,0.284059829059829,-0.00924845930201921,0.701,0.711,"moderate","pitcher","fixed_linear_weights_v1","sabrhood_player_summary_v1",925,0.477837837837838,0.425945945945946,"2026-09-17","2026-09-18 14:10:06 UTC"
"681982","Grant Anderson","Milwaukee Brewers","R",2026-03-26,2026-09-06,234,211,43,20,13,2,8,21,0,1,52,1,84,159,59,12,62,28,47,22,90,87.6119496855346,20.4591194968553,-6.16203496168077,234,0.203791469194313,0.277777777777778,0.398104265402844,0.675882043180621,0.194312796208531,0.222222222222222,0.0897435897435897,0.371069182389937,0.0754716981132075,0.389937106918239,0.176100628930818,0.29559748427673,0.566037735849057,0.291153846153846,-0.0263334827422255,0.701,0.761,"moderate","pitcher","fixed_linear_weights_v1","sabrhood_player_summary_v1",918,0.486928104575163,0.470588235294118,"2026-09-17","2026-09-18 14:10:06 UTC"
"518585","Fernando Cruz","New York Yankees","R",2026-03-27,2026-08-25,233,198,41,23,11,0,7,31,1,2,67,2,73,133,36,12,43,24,48,18,61,85.8135338345865,21.9323308270677,-9.31889776397944,233,0.207070707070707,0.317596566523605,0.368686868686869,0.686283435210474,0.161616161616162,0.28755364806867,0.133047210300429,0.270676691729323,0.0902255639097744,0.323308270676692,0.180451127819549,0.360902255639098,0.458646616541353,0.302112068965517,-0.0399952693733023,0.7,0.727,"moderate","pitcher","fixed_linear_weights_v1","sabrhood_player_summary_v1",944,0.436440677966102,0.422669491525424,"2026-09-17","2026-09-18 14:10:06 UTC"
"656945","Tanner Scott","Los Angeles Dodgers","L",2026-03-26,2026-09-15,233,219,48,30,14,0,4,10,0,1,76,1,74,146,50,9,59,35,42,10,60,87.613698630137,13.7328767123288,-7.96640395846041,233,0.219178082191781,0.255411255411255,0.337899543378995,0.593310798790251,0.118721461187215,0.32618025751073,0.0429184549356223,0.342465753424658,0.0616438356164384,0.404109589041096,0.23972602739726,0.287671232876712,0.410958904109589,0.257229437229437,-0.0341905749290146,0.7,0.745,"moderate","pitcher","fixed_linear_weights_v1","sabrhood_player_summary_v1",900,0.562222222222222,0.495555555555556,"2026-09-17","2026-09-18 14:10:06 UTC"
"680742","Jonathan Bowlan","Philadelphia Phillies","R",2026-03-26,2026-09-17,232,211,43,30,4,1,8,15,0,4,73,2,73,137,50,10,64,28,39,6,56,86.6911764705882,12.0948905109489,-6.05049530771312,232,0.203791469194313,0.267241379310345,0.345971563981043,0.613212943291388,0.14218009478673,0.314655172413793,0.0646551724137931,0.364963503649635,0.072992700729927,0.467153284671533,0.204379562043796,0.284671532846715,0.408759124087591,0.26823275862069,-0.0260797211539359,0.699,0.733,"moderate","pitcher","fixed_linear_weights_v1","sabrhood_player_summary_v1",959,0.501564129301356,0.451511991657977,"2026-09-17","2026-09-18 14:10:06 UTC"
"641329","Bryan Baker","Tampa Bay Rays","R",2026-03-28,2026-09-15,231,207,32,20,8,0,4,20,0,2,62,1,52,147,53,11,58,34,39,16,67,86.1387755102041,18.2585034013605,-19.3000993104541,231,0.154589371980676,0.234782608695652,0.251207729468599,0.485990338164251,0.0966183574879227,0.268398268398268,0.0865800865800866,0.360544217687075,0.0748299319727891,0.394557823129252,0.231292517006803,0.26530612244898,0.45578231292517,0.220869565217391,-0.0835502134651692,0.698,0.746,"moderate","pitcher","fixed_linear_weights_v1","sabrhood_player_summary_v1",926,0.528077753779698,0.490280777537797,"2026-09-17","2026-09-18 14:10:06 UTC"
"642701","Dennis Santana","Arizona Diamondbacks","R",2026-03-26,2026-09-16,231,205,49,27,13,0,9,22,1,3,48,0,89,158,63,13,54,39,52,13,74,88.3917721518987,18.2594936708861,6.86277396941677,231,0.239024390243902,0.321739130434783,0.434146341463415,0.755885471898197,0.195121951219512,0.207792207792208,0.0952380952380952,0.39873417721519,0.0822784810126582,0.341772151898734,0.246835443037975,0.329113924050633,0.468354430379747,0.325851528384279,0.0297089782225834,0.698,0.76,"moderate","pitcher","fixed_linear_weights_v1","sabrhood_player_summary_v1",871,0.48564867967853,0.451205510907003,"2026-09-17","2026-09-18 14:10:06 UTC"
"690928","Hunter Dobbins","St. Louis Cardinals","R",2026-04-30,2026-08-21,231,204,48,31,9,1,7,24,0,2,52,0,80,153,60,12,67,38,41,7,80,88.3588235294118,11.6339869281046,-3.67243909267809,231,0.235294117647059,0.321739130434783,0.392156862745098,0.713895993179881,0.156862745098039,0.225108225108225,0.103896103896104,0.392156862745098,0.0784313725490196,0.437908496732026,0.248366013071895,0.26797385620915,0.522875816993464,0.313347826086956,-0.0158980047302082,0.698,0.754,"moderate","pitcher","fixed_linear_weights_v1","sabrhood_player_summary_v1",931,0.445757250268528,0.469387755102041,"2026-09-17","2026-09-18 14:10:06 UTC"
"657612","Tim Hill","New York Yankees","L",2026-03-27,2026-09-14,231,210,51,35,4,0,12,12,1,7,25,1,91,187,83,12,126,27,29,5,80,88.1786096256684,-4.01604278074866,-0.950539808251183,231,0.242857142857143,0.304347826086957,0.433333333333333,0.73768115942029,0.19047619047619,0.108225108225108,0.051948051948052,0.443850267379679,0.0641711229946524,0.67379679144385,0.144385026737968,0.155080213903743,0.427807486631016,0.316637554585153,-0.00411489094481032,0.698,0.789,"moderate","pitcher","fixed_linear_weights_v1","sabrhood_player_summary_v1",789,0.493029150823828,0.538656527249683,"2026-09-17","2026-09-18 14:10:06 UTC"
"701519","Travis Adams","Minnesota Twins","R",2026-05-10,2026-09-16,231,204,50,29,10,3,8,24,0,0,55,2,90,152,48,10,62,36,43,11,66,84.8887417218543,11.6754966887417,8.06358054088781,231,0.245098039215686,0.321739130434783,0.441176470588235,0.762915601023018,0.196078431372549,0.238095238095238,0.103896103896104,0.315789473684211,0.0657894736842105,0.407894736842105,0.236842105263158,0.282894736842105,0.434210526315789,0.327130434782609,0.0349072750687784,0.698,0.752,"moderate","pitcher","fixed_linear_weights_v1","sabrhood_player_summary_v1",880,0.481818181818182,0.430681818181818,"2026-09-17","2026-09-18 14:10:06 UTC"
"670167","John Schreiber","New York Yankees","R",2026-03-29,2026-09-16,229,202,43,27,9,0,7,23,1,1,39,2,73,164,61,8,76,41,39,8,74,87.4030674846626,11.3803680981595,-5.13173297729101,229,0.212871287128713,0.293859649122807,0.361386138613861,0.655245787736668,0.148514851485149,0.170305676855895,0.100436681222707,0.371951219512195,0.0487804878048781,0.463414634146341,0.25,0.23780487804878,0.451219512195122,0.285859030837004,-0.0224093143113145,0.696,0.766,"moderate","pitcher","fixed_linear_weights_v1","sabrhood_player_summary_v1",947,0.441393875395987,0.475184794086589,"2026-09-17","2026-09-18 14:10:06 UTC"
"815083","Mitch Farris","Los Angeles Angels","L",2026-04-07,2026-09-16,227,202,54,30,15,0,9,24,0,1,57,0,96,143,65,15,53,44,38,8,80,89.7875912408759,14.8321167883212,-1.29761015623834,227,0.267326732673267,0.348017621145374,0.475247524752475,0.82326514589785,0.207920792079208,0.251101321585903,0.105726872246696,0.454545454545455,0.104895104895105,0.370629370629371,0.307692307692308,0.265734265734266,0.559440559440559,0.354052863436123,-0.00571634430060941,0.694,0.741,"moderate","pitcher","fixed_linear_weights_v1","sabrhood_player_summary_v1",873,0.444444444444444,0.422680412371134,"2026-09-17","2026-09-18 14:10:06 UTC"
"596133","Luke Weaver","Pittsburgh Pirates","R",2026-03-28,2026-09-17,226,206,41,27,8,1,5,14,0,3,59,2,66,150,53,12,57,34,46,13,60,87.614,18.12,-8.32755474527763,226,0.199029126213592,0.257777777777778,0.320388349514563,0.578166127292341,0.121359223300971,0.261061946902655,0.0619469026548673,0.353333333333333,0.08,0.38,0.226666666666667,0.306666666666667,0.4,0.253822222222222,-0.0368475873684851,0.693,0.75,"moderate","pitcher","fixed_linear_weights_v1","sabrhood_player_summary_v1",856,0.533878504672897,0.488317757009346,"2026-09-17","2026-09-18 14:10:06 UTC"
"628452","Raisel Iglesias","Atlanta Braves","R",2026-03-30,2026-09-15,226,209,47,32,8,1,6,16,0,1,57,0,75,151,57,15,57,39,41,14,69,88.4246666666667,17.4866666666667,-7.31194464318962,226,0.22488038277512,0.283185840707965,0.358851674641148,0.642037515349113,0.133971291866029,0.252212389380531,0.0707964601769911,0.377483443708609,0.0993377483443709,0.377483443708609,0.258278145695364,0.271523178807947,0.456953642384106,0.280796460176991,-0.0323537373592461,0.693,0.751,"moderate","pitcher","fixed_linear_weights_v1","sabrhood_player_summary_v1",863,0.52143684820394,0.497103128621089,"2026-09-17","2026-09-18 14:10:06 UTC"
"820862","José Fermin","Los Angeles Angels","R",2026-04-27,2026-09-15,225,197,43,28,9,0,6,23,1,4,61,1,70,137,59,11,66,33,32,6,78,90.107299270073,10.1751824817518,-0.450047625721151,225,0.218274111675127,0.311111111111111,0.355329949238579,0.66644106034969,0.137055837563452,0.271111111111111,0.102222222222222,0.430656934306569,0.0802919708029197,0.481751824817518,0.240875912408759,0.233576642335766,0.569343065693431,0.294285714285714,-0.00200021166987178,0.692,0.733,"moderate","pitcher","fixed_linear_weights_v1","sabrhood_player_summary_v1",940,0.491489361702128,0.471276595744681,"2026-09-17","2026-09-18 14:10:06 UTC"
"663568","Stephen Kolek","Kansas City Royals","R",2026-05-05,2026-07-02,225,211,55,34,11,2,8,12,0,2,34,0,94,176,65,11,81,43,40,12,82,88.1632183908046,10.183908045977,3.74752434525888,225,0.260663507109005,0.306666666666667,0.445497630331754,0.75216429699842,0.184834123222749,0.151111111111111,0.0533333333333333,0.369318181818182,0.0625,0.460227272727273,0.244318181818182,0.227272727272727,0.465909090909091,0.322133333333333,0.0166556637567061,0.692,0.779,"moderate","pitcher","fixed_linear_weights_v1","sabrhood_player_summary_v1",837,0.482676224611709,0.502986857825568,"2026-09-17","2026-09-18 14:10:06 UTC"
"656730","Trevor Megill","Milwaukee Brewers","R",2026-03-29,2026-09-16,225,209,37,28,8,0,1,12,0,1,65,1,48,146,60,10,53,34,44,15,53,88.5648275862069,16.8904109589041,-8.43635321320723,225,0.177033492822967,0.224215246636771,0.229665071770335,0.453880318407106,0.0526315789473684,0.288888888888889,0.0533333333333333,0.410958904109589,0.0684931506849315,0.363013698630137,0.232876712328767,0.301369863013699,0.363013698630137,0.204349775784753,-0.0374949031698099,0.692,0.745,"moderate","pitcher","fixed_linear_weights_v1","sabrhood_player_summary_v1",825,0.536969696969697,0.504242424242424,"2026-09-17","2026-09-18 14:10:06 UTC"
"661395","Jhoan Duran","Philadelphia Phillies","R",2026-03-26,2026-09-17,224,212,48,41,4,1,2,8,0,4,79,0,60,133,53,5,79,28,16,10,63,89.1572519083969,2.41984732824427,-13.3646553453031,224,0.226415094339623,0.267857142857143,0.283018867924528,0.550876010781671,0.0566037735849056,0.352678571428571,0.0357142857142857,0.398496240601504,0.037593984962406,0.593984962406015,0.210526315789474,0.120300751879699,0.473684210526316,0.245625,-0.0596636399343889,0.691,0.727,"moderate","pitcher","fixed_linear_weights_v1","sabrhood_player_summary_v1",896,0.527901785714286,0.464285714285714,"2026-09-17","2026-09-18 14:10:06 UTC"
"681911","Alex Vesia","Los Angeles Dodgers","L",2026-03-27,2026-09-16,222,193,30,19,6,1,4,28,0,0,67,1,50,126,44,8,38,25,48,15,48,87.5547619047619,21.2936507936508,-12.7505769432178,222,0.155440414507772,0.261261261261261,0.259067357512953,0.520328618774215,0.103626943005181,0.301801801801802,0.126126126126126,0.349206349206349,0.0634920634920635,0.301587301587302,0.198412698412698,0.380952380952381,0.380952380952381,0.239099099099099,-0.0574350312757559,0.689,0.716,"moderate","pitcher","fixed_linear_weights_v1","sabrhood_player_summary_v1",948,0.479957805907173,0.455696202531646,"2026-09-17","2026-09-18 14:10:06 UTC"
"694918","Blade Tidwell","San Francisco Giants","R",2026-04-02,2026-09-15,222,193,43,30,6,0,7,21,0,6,42,2,70,153,59,15,58,31,40,24,75,88.5503267973856,21.7254901960784,0.952239643115953,222,0.22279792746114,0.315315315315315,0.362694300518135,0.67800961583345,0.139896373056995,0.189189189189189,0.0945945945945946,0.38562091503268,0.0980392156862745,0.379084967320261,0.202614379084967,0.261437908496732,0.490196078431373,0.30054054054054,0.00428936776178357,0.689,0.754,"moderate","pitcher","fixed_linear_weights_v1","sabrhood_player_summary_v1",902,0.442350332594235,0.496674057649667,"2026-09-17","2026-09-18 14:10:06 UTC"
"682120","Tim Herrin","Cleveland Guardians","L",2026-03-28,2026-09-15,222,186,41,26,8,2,5,24,1,5,51,6,68,142,55,13,66,28,35,13,72,87.2302816901408,11.1408450704225,-4.46339099594749,222,0.220430107526882,0.316742081447964,0.365591397849462,0.682333479297426,0.145161290322581,0.22972972972973,0.108108108108108,0.387323943661972,0.0915492957746479,0.464788732394366,0.197183098591549,0.246478873239437,0.507042253521127,0.297454545454545,-0.0201053648466103,0.689,0.74,"moderate","pitcher","fixed_linear_weights_v1","sabrhood_player_summary_v1",906,0.463576158940397,0.443708609271523,"2026-09-17","2026-09-18 14:10:06 UTC"
"670059","Colin Holderman","Cleveland Guardians","R",2026-03-27,2026-09-03,221,189,35,27,6,1,1,19,0,10,50,2,46,142,63,10,79,23,32,8,52,87.1475177304965,7.30496453900709,-9.10878722070668,221,0.185185185185185,0.290909090909091,0.243386243386243,0.534295334295334,0.0582010582010582,0.226244343891403,0.085972850678733,0.443661971830986,0.0704225352112676,0.556338028169014,0.161971830985915,0.225352112676056,0.366197183098592,0.250363636363636,-0.0412162317679035,0.688,0.74,"moderate","pitcher","fixed_linear_weights_v1","sabrhood_player_summary_v1",859,0.443538998835856,0.435389988358556,"2026-09-17","2026-09-18 14:10:06 UTC"
"668964","Tobias Myers","New York Mets","R",2026-03-26,2026-09-17,221,202,56,30,16,1,9,14,0,0,38,3,101,169,76,10,54,45,48,22,77,90.2197604790419,21.375,8.11446021276763,221,0.277227722772277,0.319634703196347,0.5,0.819634703196347,0.222772277227723,0.171945701357466,0.0633484162895928,0.449704142011834,0.0591715976331361,0.319526627218935,0.266272189349112,0.284023668639053,0.455621301775148,0.344977168949772,0.0367170145374101,0.688,0.772,"moderate","pitcher","fixed_linear_weights_v1","sabrhood_player_summary_v1",801,0.525593008739076,0.510611735330836,"2026-09-17","2026-09-18 14:10:06 UTC"
"623474","Jimmy Herget","Colorado Rockies","R",2026-03-27,2026-09-16,220,187,51,30,11,1,9,23,0,3,43,5,91,150,56,14,51,39,46,14,63,87.05,16.98,15.9615630032512,220,0.272727272727273,0.353211009174312,0.486631016042781,0.839842025217093,0.213903743315508,0.195454545454545,0.104545454545455,0.373333333333333,0.0933333333333333,0.34,0.26,0.306666666666667,0.42,0.35651376146789,0.0725525591056871,0.688,0.75,"moderate","pitcher","fixed_linear_weights_v1","sabrhood_player_summary_v1",881,0.467650397275823,0.467650397275823,"2026-09-17","2026-09-18 14:10:06 UTC"
"668941","JoJo Romero","Milwaukee Brewers","L",2026-03-26,2026-09-17,220,198,48,32,8,1,7,16,0,4,49,0,79,151,60,13,78,34,33,6,82,89.7060402684564,7.24,-4.0039637969828,220,0.242424242424242,0.311926605504587,0.398989898989899,0.710916504494486,0.156565656565657,0.222727272727273,0.0727272727272727,0.397350993377483,0.0860927152317881,0.516556291390728,0.225165562913907,0.218543046357616,0.543046357615894,0.310229357798165,-0.0181998354408309,0.688,0.751,"moderate","pitcher","fixed_linear_weights_v1","sabrhood_player_summary_v1",857,0.413068844807468,0.466744457409568,"2026-09-17","2026-09-18 14:10:06 UTC"
"622088","Tejay Antone","Cincinnati Reds","R",2026-05-06,2026-09-16,219,191,41,23,11,1,6,16,1,6,53,2,72,141,48,9,61,29,39,12,61,85.6111111111111,15.0148148148148,-7.0961190720318,219,0.214659685863874,0.293023255813953,0.37696335078534,0.669986606599294,0.162303664921466,0.242009132420091,0.0730593607305936,0.340425531914894,0.0638297872340425,0.432624113475177,0.205673758865248,0.276595744680851,0.432624113475177,0.290514018691589,-0.032402370191926,0.687,0.738,"moderate","pitcher","fixed_linear_weights_v1","sabrhood_player_summary_v1",853,0.464243845252052,0.487690504103165,"2026-09-17","2026-09-18 14:10:06 UTC"
"596001","Jakob Junis","Texas Rangers","R",2026-03-28,2026-09-17,218,201,49,38,7,0,4,12,1,5,37,0,68,164,58,6,70,47,39,8,76,87.434756097561,12.140243902439,-7.76948694548327,218,0.243781094527363,0.302752293577982,0.338308457711443,0.641060751289424,0.0945273631840796,0.169724770642202,0.055045871559633,0.353658536585366,0.0365853658536585,0.426829268292683,0.286585365853659,0.23780487804878,0.463414634146341,0.282718894009217,-0.0356398483737764,0.686,0.766,"moderate","pitcher","fixed_linear_weights_v1","sabrhood_player_summary_v1",779,0.468549422336329,0.518613607188703,"2026-09-17","2026-09-18 14:10:06 UTC"
"682842","Abner Uribe","Milwaukee Brewers","R",2026-03-28,2026-09-16,217,195,38,32,3,0,3,18,1,1,56,1,50,142,48,1,77,26,28,11,76,86.936170212766,8.33333333333333,-16.7088083922259,217,0.194871794871795,0.265116279069767,0.256410256410256,0.521526535480024,0.0615384615384615,0.258064516129032,0.0829493087557604,0.338028169014085,0.00704225352112676,0.542253521126761,0.183098591549296,0.197183098591549,0.535211267605634,0.235327102803738,-0.076999117014866,0.685,0.74,"moderate","pitcher","fixed_linear_weights_v1","sabrhood_player_summary_v1",862,0.426914153132251,0.481438515081206,"2026-09-17","2026-09-18 14:10:06 UTC"
"641755","Tyler Kinley","Detroit Tigers","R",2026-03-27,2026-09-16,216,188,38,23,6,0,9,22,0,3,47,1,71,143,40,8,48,31,45,19,79,84.0767605633803,21.6478873239437,-5.69399637963359,216,0.202127659574468,0.294392523364486,0.377659574468085,0.672052097832571,0.175531914893617,0.217592592592593,0.101851851851852,0.27972027972028,0.0559440559440559,0.335664335664336,0.216783216783217,0.314685314685315,0.552447552447552,0.294906542056075,-0.0263610943501555,0.684,0.741,"moderate","pitcher","fixed_linear_weights_v1","sabrhood_player_summary_v1",868,0.442396313364055,0.463133640552995,"2026-09-17","2026-09-18 14:10:06 UTC"
"548384","Brooks Raley","Philadelphia Phillies","L",2026-03-28,2026-09-12,215,190,43,25,11,1,6,17,0,3,51,3,74,144,45,9,52,42,35,15,67,84.6902777777778,16,-2.95082479098326,215,0.226315789473684,0.295774647887324,0.389473684210526,0.68524833209785,0.163157894736842,0.237209302325581,0.0790697674418605,0.3125,0.0625,0.361111111111111,0.291666666666667,0.243055555555556,0.465277777777778,0.296478873239437,-0.0137247664696896,0.683,0.742,"moderate","pitcher","fixed_linear_weights_v1","sabrhood_player_summary_v1",809,0.468479604449938,0.484548825710754,"2026-09-17","2026-09-18 14:10:06 UTC"
"668390","Cole Winn","Texas Rangers","R",2026-03-28,2026-08-25,215,195,55,37,8,3,7,16,1,1,49,1,90,149,65,9,57,41,43,8,69,87.4628378378378,10.7162162162162,5.92377273033835,215,0.282051282051282,0.338028169014085,0.461538461538462,0.799566630552546,0.17948717948718,0.227906976744186,0.0744186046511628,0.436241610738255,0.0604026845637584,0.38255033557047,0.275167785234899,0.288590604026846,0.463087248322148,0.341037735849057,0.0275524313038993,0.683,0.749,"moderate","pitcher","fixed_linear_weights_v1","sabrhood_player_summary_v1",787,0.536213468869123,0.480304955527319,"2026-09-17","2026-09-18 14:10:06 UTC"
"642121","Cole Sulser","Tampa Bay Rays","R",2026-03-28,2026-09-16,213,197,49,28,14,0,7,13,2,0,50,1,84,150,62,16,58,33,47,12,68,87.0013422818792,15.1476510067114,3.96160932031344,213,0.248730964467005,0.293838862559242,0.426395939086294,0.720234801645536,0.177664974619289,0.234741784037559,0.0610328638497653,0.413333333333333,0.106666666666667,0.386666666666667,0.22,0.313333333333333,0.453333333333333,0.304593301435407,0.0185991047902039,0.681,0.75,"moderate","pitcher","fixed_linear_weights_v1","sabrhood_player_summary_v1",847,0.51357733175915,0.425029515938607,"2026-09-17","2026-09-18 14:10:06 UTC"
"669084","DL Hall","Milwaukee Brewers","L",2026-03-26,2026-09-15,213,178,27,18,4,0,5,32,0,1,57,1,46,123,38,6,55,23,35,10,51,86.6819672131148,11.4672131147541,-12.6656088353573,213,0.151685393258427,0.283018867924528,0.258426966292135,0.541445834216663,0.106741573033708,0.267605633802817,0.150234741784038,0.308943089430894,0.0487804878048781,0.447154471544715,0.186991869918699,0.284552845528455,0.414634146341463,0.253066037735849,-0.059462952278673,0.681,0.711,"moderate","pitcher","fixed_linear_weights_v1","sabrhood_player_summary_v1",888,0.418918918918919,0.474099099099099,"2026-09-17","2026-09-18 14:10:06 UTC"
"681892","Kody Funderburk","Minnesota Twins","L",2026-03-26,2026-09-17,213,180,40,32,5,0,3,26,0,2,46,2,54,139,39,8,80,24,28,7,58,82.2928057553957,3.58992805755396,-7.05253260417495,213,0.222222222222222,0.323809523809524,0.3,0.623809523809524,0.0777777777777778,0.215962441314554,0.122065727699531,0.280575539568345,0.0575539568345324,0.575539568345324,0.172661870503597,0.201438848920863,0.41726618705036,0.284619047619048,-0.0331104817097416,0.681,0.735,"moderate","pitcher","fixed_linear_weights_v1","sabrhood_player_summary_v1",842,0.44061757719715,0.47624703087886,"2026-09-17","2026-09-18 14:10:06 UTC"
"664991","Grant Wolfram","Baltimore Orioles","L",2026-03-29,2026-09-15,212,191,49,30,14,2,3,14,0,4,58,1,76,136,48,9,59,29,39,9,47,86.02,13.7703703703704,4.36472511808119,212,0.256544502617801,0.319047619047619,0.397905759162304,0.716953378209923,0.141361256544503,0.273584905660377,0.0660377358490566,0.352941176470588,0.0661764705882353,0.433823529411765,0.213235294117647,0.286764705882353,0.345588235294118,0.311666666666667,0.0205883260286849,0.679,0.731,"moderate","pitcher","fixed_linear_weights_v1","sabrhood_player_summary_v1",857,0.487747957992999,0.478413068844807,"2026-09-17","2026-09-18 14:10:06 UTC"
"806188","Cade Gibson","Miami Marlins","L",2026-05-01,2026-09-16,211,180,45,34,7,0,4,20,0,6,40,3,64,143,52,5,73,33,30,7,59,85.1041958041958,7.30769230769231,6.05294477120729,211,0.25,0.339712918660287,0.355555555555556,0.695268474215843,0.105555555555556,0.18957345971564,0.0947867298578199,0.363636363636364,0.034965034965035,0.510489510489511,0.230769230769231,0.20979020979021,0.412587412587413,0.309856459330143,0.0286869420436364,0.678,0.741,"moderate","pitcher","fixed_linear_weights_v1","sabrhood_player_summary_v1",830,0.437349397590361,0.463855421686747,"2026-09-17","2026-09-18 14:10:06 UTC"
"663460","Kris Bubic","Los Angeles Dodgers","L",2026-03-30,2026-09-16,211,184,37,24,8,1,4,26,0,1,53,0,59,131,51,10,61,29,36,5,63,88.9684615384615,11.3923076923077,-3.72162697358969,211,0.201086956521739,0.303317535545024,0.320652173913043,0.623969709458067,0.119565217391304,0.251184834123223,0.123222748815166,0.389312977099237,0.0763358778625954,0.465648854961832,0.221374045801527,0.274809160305344,0.480916030534351,0.281042654028436,-0.0176380425288611,0.678,0.724,"moderate","pitcher","fixed_linear_weights_v1","sabrhood_player_summary_v1",830,0.471084337349398,0.473493975903614,"2026-09-17","2026-09-18 14:10:06 UTC"
"547973","Aroldis Chapman","Boston Red Sox","L",2026-03-26,2026-09-13,210,184,35,22,9,1,3,23,0,1,68,0,55,118,45,8,57,20,33,8,61,85.8822033898305,11.0423728813559,-10.2277383003449,210,0.190217391304348,0.283653846153846,0.298913043478261,0.582566889632107,0.108695652173913,0.323809523809524,0.10952380952381,0.38135593220339,0.0677966101694915,0.483050847457627,0.169491525423729,0.279661016949153,0.516949152542373,0.262980769230769,-0.0487035157159279,0.677,0.702,"moderate","pitcher","fixed_linear_weights_v1","sabrhood_player_summary_v1",829,0.516284680337756,0.490952955367913,"2026-09-17","2026-09-18 14:10:06 UTC"
"668674","Lucas Erceg","Kansas City Royals","R",2026-03-28,2026-09-15,210,174,53,37,11,0,5,27,0,6,32,2,79,144,55,7,73,37,22,12,59,85.9541666666667,7.70833333333333,17.5503800650798,210,0.304597701149425,0.411483253588517,0.454022988505747,0.865506242094264,0.149425287356322,0.152380952380952,0.128571428571429,0.381944444444444,0.0486111111111111,0.506944444444444,0.256944444444444,0.152777777777778,0.409722222222222,0.378947368421053,0.0835732384051418,0.677,0.742,"moderate","pitcher","fixed_linear_weights_v1","sabrhood_player_summary_v1",838,0.474940334128878,0.448687350835322,"2026-09-17","2026-09-18 14:10:06 UTC"
"690925","Clayton Beeter","Washington Nationals","R",2026-03-26,2026-09-11,209,172,36,24,4,0,8,29,2,3,47,3,64,128,55,10,62,26,36,4,53,88.9543307086614,8.36220472440945,3.9197925145842,209,0.209302325581395,0.328502415458937,0.372093023255814,0.700595438714751,0.162790697674419,0.22488038277512,0.138755980861244,0.4296875,0.078125,0.484375,0.203125,0.28125,0.4140625,0.307073170731707,0.0187549881080584,0.676,0.719,"moderate","pitcher","fixed_linear_weights_v1","sabrhood_player_summary_v1",796,0.444723618090452,0.4321608040201,"2026-09-17","2026-09-18 14:10:06 UTC"
"669062","Erik Miller","Boston Red Sox","L",2026-03-27,2026-09-16,209,173,34,25,6,0,3,29,1,4,71,1,49,104,27,6,55,25,17,7,41,81.5627450980392,4.23529411764706,-4.24521813539785,209,0.196531791907514,0.323671497584541,0.283236994219653,0.606908491804194,0.0867052023121387,0.339712918660287,0.138755980861244,0.259615384615385,0.0576923076923077,0.528846153846154,0.240384615384615,0.163461538461538,0.394230769230769,0.27995145631068,-0.0203120484947266,0.676,0.675,"moderate","pitcher","fixed_linear_weights_v1","sabrhood_player_summary_v1",908,0.403083700440529,0.411894273127753,"2026-09-17","2026-09-18 14:10:06 UTC"
"552640","Andrew Kittredge","Baltimore Orioles","R",2026-04-24,2026-09-15,207,195,55,38,11,0,6,10,0,0,38,1,84,159,59,10,69,43,41,6,89,86.7792452830189,9.28301886792453,7.39131166739747,207,0.282051282051282,0.315533980582524,0.430769230769231,0.746303211351755,0.148717948717949,0.183574879227053,0.0483091787439614,0.371069182389937,0.0628930817610063,0.433962264150943,0.270440251572327,0.257861635220126,0.559748427672956,0.320582524271845,0.0357068196492631,0.674,0.761,"moderate","pitcher","fixed_linear_weights_v1","sabrhood_player_summary_v1",693,0.536796536796537,0.493506493506494,"2026-09-17","2026-09-18 14:10:06 UTC"
"668873","Caleb Kilian","Philadelphia Phillies","R",2026-03-25,2026-08-09,207,181,43,34,2,1,6,20,0,1,56,1,65,129,45,10,63,22,35,9,60,85.5,11.5390625,3.27148823937262,207,0.237569060773481,0.315270935960591,0.359116022099448,0.674386958060039,0.121546961325967,0.270531400966184,0.0966183574879227,0.348837209302326,0.0775193798449612,0.488372093023256,0.170542635658915,0.271317829457364,0.465116279069767,0.298226600985222,0.0158042910114619,0.674,0.721,"moderate","pitcher","fixed_linear_weights_v1","sabrhood_player_summary_v1",786,0.487277353689567,0.482188295165394,"2026-09-17","2026-09-18 14:10:06 UTC"
"665660","Elvis Alvarado","Athletics","R",2026-03-28,2026-09-15,207,182,40,20,11,0,9,22,0,2,58,1,78,125,62,16,47,20,55,3,48,90.1856,15.552,1.25864092966185,207,0.21978021978022,0.309178743961353,0.428571428571429,0.737750172532781,0.208791208791209,0.280193236714976,0.106280193236715,0.496,0.128,0.376,0.16,0.44,0.384,0.318599033816425,0.00608039096454999,0.674,0.714,"moderate","pitcher","fixed_linear_weights_v1","sabrhood_player_summary_v1",863,0.519119351100811,0.48667439165701,"2026-09-17","2026-09-18 14:10:06 UTC"
"694335","Matt Svanson","St. Louis Cardinals","R",2026-03-26,2026-07-28,207,180,55,39,11,0,5,21,0,2,41,3,81,143,64,11,54,38,39,12,49,90.3230769230769,16.5174825174825,16.5362357152244,207,0.305555555555556,0.378640776699029,0.45,0.828640776699029,0.144444444444444,0.198067632850242,0.101449275362319,0.447552447552448,0.0769230769230769,0.377622377622378,0.265734265734266,0.272727272727273,0.342657342657343,0.358932038834951,0.0798851966919052,0.674,0.741,"moderate","pitcher","fixed_linear_weights_v1","sabrhood_player_summary_v1",788,0.487309644670051,0.526649746192893,"2026-09-17","2026-09-18 14:10:06 UTC"
"623149","Paul Sewald","Toronto Blue Jays","R",2026-03-28,2026-09-14,206,188,39,19,5,2,13,12,0,3,51,2,87,140,57,21,32,28,61,19,55,89.93,26.5,0.687021001425998,206,0.207446808510638,0.263414634146341,0.462765957446808,0.72618059159315,0.25531914893617,0.247572815533981,0.058252427184466,0.407142857142857,0.15,0.228571428571429,0.2,0.435714285714286,0.392857142857143,0.305414634146341,0.00333505340498057,0.673,0.737,"moderate","pitcher","fixed_linear_weights_v1","sabrhood_player_summary_v1",797,0.519447929736512,0.51693851944793,"2026-09-17","2026-09-18 14:10:06 UTC"
"663767","Chase Shugart","Philadelphia Phillies","R",2026-04-14,2026-09-15,205,177,39,22,5,2,10,18,1,4,55,6,78,128,44,13,46,26,50,6,52,87.49140625,16.5,2.91079076030818,205,0.220338983050847,0.297560975609756,0.440677966101695,0.738238941711451,0.220338983050847,0.268292682926829,0.0878048780487805,0.34375,0.1015625,0.359375,0.203125,0.390625,0.40625,0.310735294117647,0.0141989793185765,0.672,0.719,"moderate","pitcher","fixed_linear_weights_v1","sabrhood_player_summary_v1",799,0.401752190237797,0.484355444305382,"2026-09-17","2026-09-18 14:10:06 UTC"
"663855","Jordan Hicks","Chicago White Sox","R",2026-03-26,2026-09-17,204,173,40,27,9,0,4,29,2,1,60,2,61,113,39,2,54,25,27,7,44,88.5234234234234,12.7410714285714,-2.43229206552685,204,0.23121387283237,0.341463414634146,0.352601156069364,0.69406457070351,0.121387283236994,0.294117647058824,0.142156862745098,0.345132743362832,0.0176991150442478,0.47787610619469,0.221238938053097,0.238938053097345,0.389380530973451,0.306945812807882,-0.0119230003212101,0.671,0.693,"moderate","pitcher","fixed_linear_weights_v1","sabrhood_player_summary_v1",827,0.443772672309553,0.47279322853688,"2026-09-17","2026-09-18 14:10:06 UTC"
"681810","Austin Warren","New York Mets","R",2026-04-15,2026-09-17,202,176,43,24,13,0,6,22,0,3,53,1,74,124,48,11,51,39,28,6,51,88.0245901639344,11.4344262295082,-1.22372356639335,202,0.244318181818182,0.336633663366337,0.420454545454545,0.757088208820882,0.176136363636364,0.262376237623762,0.108910891089109,0.387096774193548,0.0887096774193548,0.411290322580645,0.314516129032258,0.225806451612903,0.411290322580645,0.32990099009901,-0.0060580374573928,0.669,0.713,"moderate","pitcher","fixed_linear_weights_v1","sabrhood_player_summary_v1",864,0.400462962962963,0.451388888888889,"2026-09-17","2026-09-18 14:10:06 UTC"
"696147","Sam Bachman","Los Angeles Angels","R",2026-03-27,2026-08-02,199,170,34,21,7,0,6,26,0,3,46,0,59,122,39,9,62,28,26,6,66,85.7466666666667,5.825,-4.09369668287667,199,0.2,0.316582914572864,0.347058823529412,0.663641738102276,0.147058823529412,0.231155778894472,0.130653266331658,0.319672131147541,0.0737704918032787,0.508196721311475,0.229508196721311,0.213114754098361,0.540983606557377,0.298090452261306,-0.0205713401149581,0.666,0.709,"moderate","pitcher","fixed_linear_weights_v1","sabrhood_player_summary_v1",760,0.440789473684211,0.455263157894737,"2026-09-17","2026-09-18 14:10:06 UTC"
"669713","Hayden Wesneski","Houston Astros","R",2026-07-29,2026-09-13,198,178,39,25,7,3,4,16,0,2,38,1,64,142,59,8,61,38,32,11,71,87.6204225352113,12.4577464788732,-0.906847219128325,198,0.219101123595506,0.289340101522843,0.359550561797753,0.648890663320595,0.140449438202247,0.191919191919192,0.0808080808080808,0.415492957746479,0.0563380281690141,0.429577464788732,0.267605633802817,0.225352112676056,0.5,0.283654822335025,-0.00458003646024406,0.664,0.74,"moderate","pitcher","fixed_linear_weights_v1","sabrhood_player_summary_v1",737,0.491180461329715,0.439620081411126,"2026-09-17","2026-09-18 14:10:06 UTC"
"572955","Pierce Johnson","Cincinnati Reds","R",2026-03-26,2026-09-17,198,177,44,27,8,1,8,18,0,0,37,2,78,143,53,15,53,35,49,6,49,89.8482269503546,16.2765957446809,-2.63186304012429,198,0.248587570621469,0.314720812182741,0.440677966101695,0.755398778284436,0.192090395480226,0.186868686868687,0.0909090909090909,0.370629370629371,0.104895104895105,0.370629370629371,0.244755244755245,0.342657342657343,0.342657342657343,0.323553299492386,-0.0132922375763853,0.664,0.741,"moderate","pitcher","fixed_linear_weights_v1","sabrhood_player_summary_v1",778,0.46401028277635,0.491002570694087,"2026-09-17","2026-09-18 14:10:06 UTC"
"669947","Jesse Scholtens","Tampa Bay Rays","R",2026-04-08,2026-08-18,197,178,46,26,9,1,10,14,1,3,34,2,87,145,51,14,56,35,39,15,75,87.0620689655172,16.8896551724138,-0.500816192468879,197,0.258426966292135,0.319796954314721,0.48876404494382,0.808560999258541,0.230337078651685,0.17258883248731,0.0710659898477157,0.351724137931034,0.096551724137931,0.386206896551724,0.241379310344828,0.268965517241379,0.517241379310345,0.340969387755102,-0.00254221417496893,0.663,0.744,"moderate","pitcher","fixed_linear_weights_v1","sabrhood_player_summary_v1",723,0.49792531120332,0.477178423236515,"2026-09-17","2026-09-18 14:10:06 UTC"
"573204","Caleb Thielbar","Chicago Cubs","L",2026-03-28,2026-09-13,196,179,44,27,6,0,11,15,1,1,58,0,83,122,49,14,37,29,43,13,57,88.5082644628099,19.9421487603306,1.68466968439553,196,0.245810055865922,0.307692307692308,0.463687150837989,0.771379458530297,0.217877094972067,0.295918367346939,0.076530612244898,0.401639344262295,0.114754098360656,0.30327868852459,0.237704918032787,0.352459016393443,0.467213114754098,0.328298969072165,0.00859525349181395,0.662,0.709,"moderate","pitcher","fixed_linear_weights_v1","sabrhood_player_summary_v1",800,0.51375,0.47625,"2026-09-17","2026-09-18 14:10:06 UTC"
"518886","Craig Kimbrel","Kansas City Royals","R",2026-04-11,2026-09-16,196,170,40,26,9,1,4,20,0,3,40,2,63,131,48,7,44,33,44,10,57,88.9748091603053,18.7709923664122,5.26441174282764,196,0.235294117647059,0.323076923076923,0.370588235294118,0.693665158371041,0.135294117647059,0.204081632653061,0.102040816326531,0.366412213740458,0.0534351145038168,0.33587786259542,0.251908396946565,0.33587786259542,0.435114503816794,0.305641025641026,0.0268592435858553,0.662,0.724,"moderate","pitcher","fixed_linear_weights_v1","sabrhood_player_summary_v1",776,0.479381443298969,0.434278350515464,"2026-09-17","2026-09-18 14:10:06 UTC"
"621121","Lance McCullers Jr.","Milwaukee Brewers","R",2026-03-30,2026-07-25,196,167,41,21,12,1,7,27,0,2,48,0,76,118,56,9,52,26,29,11,65,90.528813559322,13.3813559322034,11.6051997414841,196,0.245508982035928,0.357142857142857,0.455089820359281,0.812232677502139,0.209580838323353,0.244897959183673,0.137755102040816,0.474576271186441,0.076271186440678,0.440677966101695,0.220338983050847,0.245762711864407,0.550847457627119,0.35234693877551,0.059210202762674,0.662,0.702,"moderate","pitcher","fixed_linear_weights_v1","sabrhood_player_summary_v1",793,0.416141235813367,0.443883984867591,"2026-09-17","2026-09-18 14:10:06 UTC"
"682227","Brandon Williamson","Cincinnati Reds","L",2026-03-31,2026-09-17,195,162,40,24,7,1,8,26,0,4,31,3,73,134,56,14,52,31,39,12,60,87.7067164179104,15.3805970149254,9.56946513396785,195,0.246913580246914,0.358974358974359,0.450617283950617,0.809591642924976,0.203703703703704,0.158974358974359,0.133333333333333,0.417910447761194,0.104477611940299,0.388059701492537,0.23134328358209,0.291044776119403,0.447761194029851,0.350051282051282,0.0490741801741941,0.661,0.728,"moderate","pitcher","fixed_linear_weights_v1","sabrhood_player_summary_v1",763,0.440366972477064,0.46002621231979,"2026-09-17","2026-09-18 14:10:06 UTC"
"667463","John King","Miami Marlins","L",2026-03-29,2026-08-19,195,172,33,17,8,1,7,15,0,4,33,3,64,143,54,11,68,30,38,7,71,88.956338028169,10.9366197183099,-6.91086283694613,195,0.191860465116279,0.268041237113402,0.372093023255814,0.640134260369216,0.180232558139535,0.169230769230769,0.0769230769230769,0.377622377622378,0.0769230769230769,0.475524475524476,0.20979020979021,0.265734265734266,0.496503496503497,0.277010309278351,-0.0354403222407494,0.661,0.741,"moderate","pitcher","fixed_linear_weights_v1","sabrhood_player_summary_v1",714,0.471988795518207,0.464985994397759,"2026-09-17","2026-09-18 14:10:06 UTC"
"663362","Matt Waldron","Washington Nationals","R",2026-04-17,2026-09-02,195,178,57,38,10,2,7,11,0,2,33,3,92,148,54,7,66,27,44,11,65,86.8081081081081,15.1013513513514,9.77429122510173,195,0.320224719101124,0.360824742268041,0.51685393258427,0.877678674852311,0.196629213483146,0.169230769230769,0.0564102564102564,0.364864864864865,0.0472972972972973,0.445945945945946,0.182432432432432,0.297297297297297,0.439189189189189,0.371443298969072,0.0501245703851371,0.661,0.747,"moderate","pitcher","fixed_linear_weights_v1","sabrhood_player_summary_v1",690,0.495652173913044,0.507246376811594,"2026-09-17","2026-09-18 14:10:06 UTC"
"663423","Trent Thornton","Chicago Cubs","R",2026-05-06,2026-09-11,195,175,41,25,8,0,8,16,1,3,31,0,73,145,63,17,68,26,40,11,73,89.8006944444444,13.1180555555556,-3.32651923423195,195,0.234285714285714,0.309278350515464,0.417142857142857,0.726421207658321,0.182857142857143,0.158974358974359,0.0820512820512821,0.43448275862069,0.117241379310345,0.468965517241379,0.179310344827586,0.275862068965517,0.503448275862069,0.313523316062176,-0.0170590729960613,0.661,0.744,"moderate","pitcher","fixed_linear_weights_v1","sabrhood_player_summary_v1",714,0.488795518207283,0.477591036414566,"2026-09-17","2026-09-18 14:10:06 UTC"
"666974","Yennier Cano","Baltimore Orioles","R",2026-03-28,2026-09-16,195,181,39,31,6,0,2,10,0,3,42,1,51,138,55,7,86,24,24,4,76,89.215671641791,2.00746268656716,-1.41551684646995,195,0.215469613259669,0.266666666666667,0.281767955801105,0.548434622467772,0.0662983425414365,0.215384615384615,0.0512820512820513,0.398550724637681,0.0507246376811594,0.623188405797101,0.173913043478261,0.173913043478261,0.550724637681159,0.245128205128205,-0.00725906075112795,0.661,0.734,"moderate","pitcher","fixed_linear_weights_v1","sabrhood_player_summary_v1",749,0.453938584779706,0.46328437917223,"2026-09-17","2026-09-18 14:10:06 UTC"
"683352","Mitch Bratt","Arizona Diamondbacks","L",2026-06-24,2026-08-29,193,164,40,23,11,1,5,26,0,1,30,0,68,136,46,9,39,30,43,24,65,85.2279411764706,24.9852941176471,0.781096205599064,193,0.24390243902439,0.350785340314136,0.414634146341463,0.765419486655599,0.170731707317073,0.155440414507772,0.134715025906736,0.338235294117647,0.0661764705882353,0.286764705882353,0.220588235294118,0.316176470588235,0.477941176470588,0.33586387434555,0.00404713059895888,0.659,0.731,"moderate","pitcher","fixed_linear_weights_v1","sabrhood_player_summary_v1",726,0.472451790633609,0.494490358126722,"2026-09-17","2026-09-18 14:10:06 UTC"
"669165","Kyle Hurt","Los Angeles Dodgers","R",2026-04-15,2026-09-04,191,167,37,24,8,0,5,22,0,1,56,0,60,111,46,9,48,27,28,8,55,89.2288288288288,12.3243243243243,1.78275945455385,191,0.221556886227545,0.315789473684211,0.359281437125749,0.675070910809959,0.137724550898204,0.293193717277487,0.115183246073298,0.414414414414414,0.0810810810810811,0.432432432432432,0.243243243243243,0.252252252252252,0.495495495495495,0.299947368421053,0.00933381913378981,0.656,0.689,"moderate","pitcher","fixed_linear_weights_v1","sabrhood_player_summary_v1",718,0.515320334261838,0.513927576601671,"2026-09-17","2026-09-18 14:10:06 UTC"
"801403","Chase Dollander","Colorado Rockies","R",2026-03-30,2026-05-14,190,165,39,23,10,0,6,18,0,3,47,3,67,121,63,12,60,21,30,10,46,89.7859504132231,11.7851239669421,-1.50990254513713,190,0.236363636363636,0.317460317460317,0.406060606060606,0.723520923520923,0.16969696969697,0.247368421052632,0.0947368421052632,0.520661157024793,0.0991735537190083,0.495867768595041,0.173553719008264,0.247933884297521,0.380165289256198,0.313650793650794,-0.00794685550072173,0.655,0.708,"moderate","pitcher","fixed_linear_weights_v1","sabrhood_player_summary_v1",743,0.480484522207268,0.492597577388964,"2026-09-17","2026-09-18 14:10:06 UTC"
"663574","Tony Santillan","Cincinnati Reds","R",2026-03-28,2026-09-17,190,156,40,25,4,0,11,27,1,2,36,2,77,125,57,17,43,27,48,7,53,89.920325203252,17.4065040650407,11.2498010958571,190,0.256410256410256,0.368983957219251,0.493589743589744,0.862573700808995,0.237179487179487,0.189473684210526,0.142105263157895,0.456,0.136,0.344,0.216,0.384,0.424,0.368010752688172,0.0592094794518797,0.655,0.714,"moderate","pitcher","fixed_linear_weights_v1","sabrhood_player_summary_v1",698,0.438395415472779,0.455587392550143,"2026-09-17","2026-09-18 14:10:06 UTC"
"681870","Erik Sabrowski","Cleveland Guardians","L",2026-03-26,2026-09-16,189,156,25,15,5,2,3,27,0,2,70,3,43,90,31,6,18,24,34,14,28,88.7943820224719,27.0561797752809,-5.77781069031022,189,0.16025641025641,0.287234042553192,0.275641025641026,0.562875068194217,0.115384615384615,0.37037037037037,0.142857142857143,0.344444444444444,0.0666666666666667,0.2,0.266666666666667,0.377777777777778,0.311111111111111,0.258617021276596,-0.0305704269328583,0.654,0.643,"moderate","pitcher","fixed_linear_weights_v1","sabrhood_player_summary_v1",774,0.465116279069767,0.457364341085271,"2026-09-17","2026-09-18 14:10:06 UTC"
"676477","Garrett Whitlock","Boston Red Sox","R",2026-03-26,2026-09-17,189,178,34,25,6,0,3,8,0,0,58,2,49,123,43,5,49,26,35,13,54,87.5325203252033,15.7886178861789,-11.671390893502,189,0.191011235955056,0.223404255319149,0.275280898876405,0.498685154195553,0.0842696629213483,0.306878306878307,0.0423280423280423,0.349593495934959,0.040650406504065,0.398373983739837,0.211382113821138,0.284552845528455,0.439024390243902,0.218031914893617,-0.0617533909709101,0.654,0.711,"moderate","pitcher","fixed_linear_weights_v1","sabrhood_player_summary_v1",704,0.572443181818182,0.5,"2026-09-17","2026-09-18 14:10:06 UTC"
"694361","Will Klein","Los Angeles Dodgers","R",2026-03-26,2026-07-31,189,165,44,37,4,0,3,21,2,3,49,0,57,116,44,2,65,28,12,11,41,88.5228070175439,5.36521739130435,2.48968441459588,189,0.266666666666667,0.35978835978836,0.345454545454545,0.705242905242905,0.0787878787878788,0.259259259259259,0.111111111111111,0.379310344827586,0.0172413793103448,0.560344827586207,0.241379310344828,0.103448275862069,0.353448275862069,0.314545454545455,0.0131729334105602,0.654,0.699,"moderate","pitcher","fixed_linear_weights_v1","sabrhood_player_summary_v1",762,0.433070866141732,0.479002624671916,"2026-09-17","2026-09-18 14:10:06 UTC"
"679358","Eric Orze","Minnesota Twins","R",2026-03-28,2026-07-08,187,160,42,27,13,1,1,19,0,2,36,5,60,130,38,7,57,36,25,12,66,85.493023255814,12.0387596899225,6.16770507424486,187,0.2625,0.338709677419355,0.375,0.713709677419355,0.1125,0.192513368983957,0.101604278074866,0.292307692307692,0.0538461538461538,0.438461538461538,0.276923076923077,0.192307692307692,0.507692307692308,0.311827956989247,0.0329823800761757,0.652,0.722,"moderate","pitcher","fixed_linear_weights_v1","sabrhood_player_summary_v1",677,0.434268833087149,0.485967503692762,"2026-09-17","2026-09-18 14:10:06 UTC"
"681895","Evan Sisk","Pittsburgh Pirates","L",2026-04-13,2026-09-01,187,151,33,22,9,0,2,23,0,9,48,2,48,106,32,4,47,27,16,16,44,84.161320754717,11.4716981132075,0.963972262876957,187,0.218543046357616,0.351351351351351,0.317880794701987,0.669232146053338,0.0993377483443709,0.25668449197861,0.122994652406417,0.30188679245283,0.0377358490566038,0.443396226415094,0.254716981132075,0.150943396226415,0.415094339622642,0.307513513513513,0.00515493188704255,0.652,0.679,"moderate","pitcher","fixed_linear_weights_v1","sabrhood_player_summary_v1",791,0.410872313527181,0.439949431099874,"2026-09-17","2026-09-18 14:10:06 UTC"
"669270","Joel Kuhnel","San Francisco Giants","R",2026-04-07,2026-09-16,185,162,45,30,8,0,7,16,1,4,24,3,74,141,56,10,72,34,25,10,79,88.9942446043165,8.92086330935252,1.1378785628225,185,0.277777777777778,0.351351351351351,0.45679012345679,0.808141474808141,0.179012345679012,0.12972972972973,0.0864864864864865,0.397163120567376,0.0709219858156028,0.51063829787234,0.24113475177305,0.177304964539007,0.560283687943262,0.345760869565217,0.00615069493417569,0.649,0.738,"moderate","pitcher","fixed_linear_weights_v1","sabrhood_player_summary_v1",682,0.458944281524927,0.469208211143695,"2026-09-17","2026-09-18 14:10:06 UTC"
"686930","Mason Barnett","Athletics","R",2026-04-19,2026-08-17,185,160,42,24,5,1,12,23,0,2,38,1,85,121,45,11,44,27,42,8,41,89.1570247933884,17.2396694214876,12.8945626070444,185,0.2625,0.360215053763441,0.53125,0.891465053763441,0.26875,0.205405405405405,0.124324324324324,0.371900826446281,0.0909090909090909,0.363636363636364,0.223140495867769,0.347107438016529,0.338842975206612,0.378010752688172,0.0697003384164561,0.649,0.708,"moderate","pitcher","fixed_linear_weights_v1","sabrhood_player_summary_v1",743,0.43606998654105,0.446837146702557,"2026-09-17","2026-09-18 14:10:06 UTC"
"686993","Justin Sterner","Athletics","R",2026-03-27,2026-07-17,183,168,46,26,9,0,11,12,0,0,40,2,88,131,59,12,54,26,42,9,55,87.9692307692308,14.9692307692308,6.80475243606609,183,0.273809523809524,0.318681318681319,0.523809523809524,0.842490842490842,0.25,0.218579234972678,0.0655737704918033,0.450381679389313,0.0916030534351145,0.412213740458015,0.198473282442748,0.320610687022901,0.419847328244275,0.354010989010989,0.0371844395413447,0.647,0.724,"moderate","pitcher","fixed_linear_weights_v1","sabrhood_player_summary_v1",726,0.520661157024793,0.466942148760331,"2026-09-17","2026-09-18 14:10:06 UTC"
"664126","Pete Fairbanks","Miami Marlins","R",2026-03-27,2026-09-14,183,158,35,21,4,2,8,21,1,3,57,1,67,102,44,14,25,23,44,10,36,90.2633663366337,23.4059405940594,9.7573882351356,183,0.221518987341772,0.322404371584699,0.424050632911392,0.746455004496092,0.20253164556962,0.311475409836066,0.114754098360656,0.431372549019608,0.137254901960784,0.245098039215686,0.225490196078431,0.431372549019608,0.352941176470588,0.321978021978022,0.0533190613941836,0.647,0.671,"moderate","pitcher","fixed_linear_weights_v1","sabrhood_player_summary_v1",765,0.450980392156863,0.46797385620915,"2026-09-17","2026-09-18 14:10:06 UTC"
"657044","Ryan Thompson","Arizona Diamondbacks","R",2026-03-26,2026-08-04,183,168,51,35,13,0,3,10,0,3,29,1,73,141,48,5,73,35,21,12,65,87.2049645390071,6.14184397163121,5.00674537024587,183,0.303571428571429,0.351648351648352,0.43452380952381,0.786172161172161,0.130952380952381,0.158469945355191,0.0546448087431694,0.340425531914894,0.0354609929078014,0.517730496453901,0.24822695035461,0.148936170212766,0.460992907801418,0.340714285714286,0.0273592643182835,0.647,0.738,"moderate","pitcher","fixed_linear_weights_v1","sabrhood_player_summary_v1",654,0.486238532110092,0.475535168195719,"2026-09-17","2026-09-18 14:10:06 UTC"
"500779","Jose Quintana","Colorado Rockies","L",2026-03-29,2026-05-24,182,157,45,26,11,2,6,17,0,1,20,5,78,143,47,13,51,33,44,15,73,86.9300699300699,17.1748251748252,6.11741029692121,182,0.286624203821656,0.35,0.496815286624204,0.846815286624204,0.210191082802548,0.10989010989011,0.0934065934065934,0.328671328671329,0.0909090909090909,0.356643356643357,0.230769230769231,0.307692307692308,0.510489510489511,0.356388888888889,0.0336121444885781,0.645,0.741,"moderate","pitcher","fixed_linear_weights_v1","sabrhood_player_summary_v1",687,0.470160116448326,0.413391557496361,"2026-09-17","2026-09-18 14:10:06 UTC"
"695380","Alex Hoppe","Baltimore Orioles","R",2026-04-27,2026-09-15,181,160,40,26,11,0,3,17,0,2,44,1,60,118,45,3,55,36,22,5,57,87.5694915254237,4.04237288135593,9.22462624773002,181,0.25,0.327777777777778,0.375,0.702777777777778,0.125,0.243093922651934,0.0939226519337017,0.38135593220339,0.0254237288135593,0.466101694915254,0.305084745762712,0.186440677966102,0.483050847457627,0.309555555555556,0.0509647858990609,0.644,0.702,"moderate","pitcher","fixed_linear_weights_v1","sabrhood_player_summary_v1",699,0.463519313304721,0.476394849785408,"2026-09-17","2026-09-18 14:10:06 UTC"
"672335","Cionel Pérez","New York Mets","L",2026-03-26,2026-07-29,181,165,44,34,2,1,7,16,0,0,41,0,69,124,62,13,70,23,25,6,51,91.1048780487805,5.22764227642276,2.39152604315962,181,0.266666666666667,0.331491712707182,0.418181818181818,0.749673530889,0.151515151515151,0.226519337016575,0.0883977900552486,0.5,0.104838709677419,0.564516129032258,0.185483870967742,0.201612903225806,0.411290322580645,0.326353591160221,0.0132128510671802,0.644,0.713,"moderate","pitcher","fixed_linear_weights_v1","sabrhood_player_summary_v1",702,0.458689458689459,0.468660968660969,"2026-09-17","2026-09-18 14:10:06 UTC"
"664076","Garrett Cleavinger","Tampa Bay Rays","L",2026-03-26,2026-09-04,181,152,37,24,6,1,6,22,2,2,54,5,63,103,42,8,41,30,23,9,40,85.3582524271845,10.4660194174757,0.764451472922641,181,0.243421052631579,0.337016574585635,0.414473684210526,0.751490258796162,0.171052631578947,0.298342541436464,0.121546961325967,0.407766990291262,0.0776699029126214,0.398058252427184,0.29126213592233,0.223300970873786,0.388349514563107,0.320782122905028,0.00422348880067758,0.644,0.673,"moderate","pitcher","fixed_linear_weights_v1","sabrhood_player_summary_v1",734,0.476839237057221,0.440054495912807,"2026-09-17","2026-09-18 14:10:06 UTC"
"670062","Julian Garcia","Cincinnati Reds","R",2026-06-23,2026-09-16,180,158,29,16,6,0,7,19,0,1,41,2,56,118,38,6,48,24,38,8,62,86.4623931623932,17.8974358974359,-6.70571872079572,180,0.183544303797468,0.272222222222222,0.354430379746835,0.626652601969058,0.170886075949367,0.227777777777778,0.105555555555556,0.322033898305085,0.0508474576271186,0.406779661016949,0.203389830508475,0.322033898305085,0.525423728813559,0.274555555555556,-0.0372539928933096,0.643,0.702,"moderate","pitcher","fixed_linear_weights_v1","sabrhood_player_summary_v1",712,0.462078651685393,0.487359550561798,"2026-09-17","2026-09-18 14:10:06 UTC"
"642207","Devin Williams","New York Mets","R",2026-03-28,2026-08-07,179,157,43,31,9,0,3,20,0,0,51,0,61,106,31,5,42,31,21,12,59,86.4452830188679,15.9150943396226,7.42583050273805,179,0.273885350318471,0.355932203389831,0.388535031847134,0.744467235236964,0.114649681528662,0.284916201117318,0.111731843575419,0.292452830188679,0.0471698113207547,0.39622641509434,0.292452830188679,0.19811320754717,0.556603773584906,0.329209039548023,0.0414850866074752,0.642,0.679,"moderate","pitcher","fixed_linear_weights_v1","sabrhood_player_summary_v1",728,0.508241758241758,0.425824175824176,"2026-09-17","2026-09-18 14:10:06 UTC"
"663878","Nate Pearson","Kansas City Royals","R",2026-05-20,2026-09-16,179,153,31,22,8,0,1,20,0,5,38,1,42,115,41,8,52,24,31,8,57,87.3421052631579,14.2017543859649,-5.42912373137509,179,0.202614379084967,0.312849162011173,0.274509803921569,0.587358965932742,0.0718954248366013,0.212290502793296,0.111731843575419,0.356521739130435,0.0695652173913043,0.452173913043478,0.208695652173913,0.269565217391304,0.495652173913044,0.272011173184358,-0.0303303001752798,0.642,0.697,"moderate","pitcher","fixed_linear_weights_v1","sabrhood_player_summary_v1",687,0.452692867540029,0.46433770014556,"2026-09-17","2026-09-18 14:10:06 UTC"
"669620","Brady Basso","Athletics","L",2026-04-22,2026-09-16,178,169,52,30,18,1,3,6,0,0,28,2,81,143,51,6,60,40,37,6,59,87.4,13.6713286713287,2.96733137857952,178,0.307692307692308,0.327683615819209,0.479289940828402,0.806973556647611,0.171597633136095,0.157303370786517,0.0337078651685393,0.356643356643357,0.041958041958042,0.41958041958042,0.27972027972028,0.258741258741259,0.412587412587413,0.341525423728814,0.0166704010032557,0.64,0.741,"moderate","pitcher","fixed_linear_weights_v1","sabrhood_player_summary_v1",625,0.5248,0.5056,"2026-09-17","2026-09-18 14:10:06 UTC"
"646241","Enmanuel De Jesus","Detroit Tigers","L",2026-03-27,2026-08-21,178,159,38,28,4,3,3,15,0,2,39,0,57,122,53,10,51,29,33,9,50,89.566393442623,14.2622950819672,0.985895353650739,178,0.238993710691824,0.3125,0.358490566037736,0.670990566037736,0.119496855345912,0.219101123595506,0.0842696629213483,0.434426229508197,0.0819672131147541,0.418032786885246,0.237704918032787,0.270491803278689,0.409836065573771,0.296022727272727,0.00553873794185809,0.64,0.709,"moderate","pitcher","fixed_linear_weights_v1","sabrhood_player_summary_v1",669,0.475336322869955,0.508221225710015,"2026-09-17","2026-09-18 14:10:06 UTC"
"680730","Mitchell Parker","Washington Nationals","L",2026-04-14,2026-06-28,178,159,46,31,5,1,9,13,0,2,34,0,80,129,54,11,52,33,36,8,56,87.5558139534884,10.7441860465116,11.8760397066005,178,0.289308176100629,0.350574712643678,0.50314465408805,0.853719366731728,0.213836477987421,0.191011235955056,0.0730337078651685,0.418604651162791,0.0852713178294574,0.403100775193798,0.255813953488372,0.27906976744186,0.434108527131783,0.365172413793103,0.0667193241943847,0.64,0.721,"moderate","pitcher","fixed_linear_weights_v1","sabrhood_player_summary_v1",664,0.503012048192771,0.501506024096386,"2026-09-17","2026-09-18 14:10:06 UTC"
"687377","Orlando Ribalta","Washington Nationals","R",2026-04-13,2026-09-01,178,157,34,24,5,0,5,18,0,0,42,2,54,118,38,9,47,19,37,15,54,84.2110169491525,17.5254237288136,-8.79929723899231,178,0.21656050955414,0.293785310734463,0.343949044585987,0.637734355320451,0.127388535031847,0.235955056179775,0.101123595505618,0.322033898305085,0.076271186440678,0.398305084745763,0.161016949152542,0.313559322033898,0.457627118644068,0.281299435028249,-0.0494342541516422,0.64,0.702,"moderate","pitcher","fixed_linear_weights_v1","sabrhood_player_summary_v1",750,0.514666666666667,0.438666666666667,"2026-09-17","2026-09-18 14:10:06 UTC"
"689266","Dylan Dodd","Atlanta Braves","L",2026-04-12,2026-09-16,177,161,28,14,8,0,6,13,0,2,47,0,54,115,43,10,32,28,38,17,60,88.2782608695652,25.6434782608696,-12.7470365708221,177,0.173913043478261,0.244318181818182,0.335403726708075,0.579721908526256,0.161490683229814,0.265536723163842,0.0734463276836158,0.373913043478261,0.0869565217391304,0.278260869565217,0.243478260869565,0.330434782608696,0.521739130434783,0.254034090909091,-0.0720171557673565,0.639,0.697,"moderate","pitcher","fixed_linear_weights_v1","sabrhood_player_summary_v1",720,0.541666666666667,0.452777777777778,"2026-09-17","2026-09-18 14:10:06 UTC"
"676755","Isaac Mattson","Pittsburgh Pirates","R",2026-03-26,2026-09-05,176,156,44,26,15,0,3,18,0,1,36,1,68,121,63,13,33,41,38,9,42,90.6314049586777,17.0247933884298,5.7940125656282,176,0.282051282051282,0.357954545454545,0.435897435897436,0.793851981351981,0.153846153846154,0.204545454545455,0.102272727272727,0.520661157024793,0.107438016528926,0.272727272727273,0.338842975206612,0.31404958677686,0.347107438016529,0.344602272727273,0.0329205259410693,0.638,0.708,"moderate","pitcher","fixed_linear_weights_v1","sabrhood_player_summary_v1",728,0.497252747252747,0.513736263736264,"2026-09-17","2026-09-18 14:10:06 UTC"
"664875","Justin Lawrence","Washington Nationals","R",2026-03-26,2026-07-12,176,142,39,19,10,1,9,27,0,6,43,1,78,100,43,11,43,26,25,6,44,89.315,11.84,19.7115546358384,176,0.274647887323944,0.409090909090909,0.549295774647887,0.958386683738796,0.274647887323944,0.244318181818182,0.153409090909091,0.43,0.11,0.43,0.26,0.25,0.44,0.4075,0.111997469521809,0.638,0.667,"moderate","pitcher","fixed_linear_weights_v1","sabrhood_player_summary_v1",684,0.406432748538012,0.440058479532164,"2026-09-17","2026-09-18 14:10:06 UTC"
"676775","Keaton Winn","San Francisco Giants","R",2026-03-25,2026-08-16,176,154,34,23,7,1,3,16,0,3,33,2,52,123,41,6,61,29,26,7,67,86.3508196721312,6.60975609756098,-5.4138296083329,176,0.220779220779221,0.302857142857143,0.337662337662338,0.64051948051948,0.116883116883117,0.1875,0.0909090909090909,0.333333333333333,0.0487804878048781,0.495934959349593,0.235772357723577,0.211382113821138,0.544715447154472,0.284057142857143,-0.0307603955018915,0.638,0.711,"moderate","pitcher","fixed_linear_weights_v1","sabrhood_player_summary_v1",644,0.47360248447205,0.492236024844721,"2026-09-17","2026-09-18 14:10:06 UTC"
"702021","Will Dion","Washington Nationals","L",2026-05-26,2026-09-16,176,160,37,22,8,0,7,14,0,1,49,1,66,111,36,8,42,23,37,9,47,85.8522522522523,14.6666666666667,1.03758352123958,176,0.23125,0.295454545454545,0.4125,0.707954545454546,0.18125,0.278409090909091,0.0795454545454545,0.324324324324324,0.0720720720720721,0.378378378378378,0.207207207207207,0.333333333333333,0.423423423423423,0.305284090909091,0.00589536091613398,0.638,0.689,"moderate","pitcher","fixed_linear_weights_v1","sabrhood_player_summary_v1",683,0.510980966325037,0.486090775988287,"2026-09-17","2026-09-18 14:10:06 UTC"
"642100","Gabe Speier","Seattle Mariners","L",2026-03-26,2026-09-15,175,153,32,20,7,0,5,13,0,5,40,2,54,117,42,11,51,24,33,9,52,87.2330434782609,13.4137931034483,-4.13238892111982,175,0.209150326797386,0.289017341040462,0.352941176470588,0.641958517511051,0.143790849673203,0.228571428571429,0.0742857142857143,0.358974358974359,0.094017094017094,0.435897435897436,0.205128205128205,0.282051282051282,0.444444444444444,0.282658959537572,-0.0236136509778276,0.636,0.701,"moderate","pitcher","fixed_linear_weights_v1","sabrhood_player_summary_v1",650,0.518461538461538,0.530769230769231,"2026-09-17","2026-09-18 14:10:06 UTC"
"605540","Brandon Woodruff","Milwaukee Brewers","R",2026-03-31,2026-07-04,174,162,28,17,6,0,5,9,0,1,47,2,49,116,40,9,32,24,49,11,46,89.4474137931035,23.3448275862069,-6.66773731709781,174,0.172839506172839,0.218390804597701,0.302469135802469,0.52085994040017,0.12962962962963,0.270114942528736,0.0517241379310345,0.344827586206897,0.0775862068965517,0.275862068965517,0.206896551724138,0.422413793103448,0.396551724137931,0.22632183908046,-0.0383203294086081,0.635,0.699,"moderate","pitcher","fixed_linear_weights_v1","sabrhood_player_summary_v1",638,0.510971786833856,0.526645768025078,"2026-09-17","2026-09-18 14:10:06 UTC"
"805299","Brandyn Garcia","Arizona Diamondbacks","L",2026-05-01,2026-09-15,174,158,26,21,3,0,2,9,0,6,55,0,35,103,33,5,61,14,19,9,44,86.4776699029126,1.60194174757282,-16.0196726926011,174,0.164556962025316,0.236994219653179,0.221518987341772,0.458513206994951,0.0569620253164557,0.316091954022989,0.0517241379310345,0.320388349514563,0.0485436893203883,0.592233009708738,0.135922330097087,0.184466019417476,0.427184466019417,0.21242774566474,-0.092067084440236,0.635,0.673,"moderate","pitcher","fixed_linear_weights_v1","sabrhood_player_summary_v1",638,0.446708463949843,0.529780564263323,"2026-09-17","2026-09-18 14:10:06 UTC"
"621345","A.J. Minter","Minnesota Twins","L",2026-05-26,2026-09-17,173,163,38,24,5,2,7,8,1,1,40,0,68,123,44,12,47,21,40,15,54,85.4747967479675,18.6747967479675,-5.41605320852926,173,0.233128834355828,0.273255813953488,0.417177914110429,0.690433728063918,0.184049079754601,0.23121387283237,0.046242774566474,0.357723577235772,0.0975609756097561,0.382113821138211,0.170731707317073,0.32520325203252,0.439024390243902,0.292748538011696,-0.0313066659452558,0.634,0.711,"moderate","pitcher","fixed_linear_weights_v1","sabrhood_player_summary_v1",644,0.520186335403727,0.47360248447205,"2026-09-17","2026-09-18 14:10:06 UTC"
"685126","Brandon Eisert","Pittsburgh Pirates","L",2026-04-12,2026-09-15,172,156,38,21,11,0,6,12,0,1,47,0,67,112,44,7,48,28,32,4,53,87.8928571428571,12.0178571428571,0.0176488868920448,172,0.243589743589744,0.301775147928994,0.429487179487179,0.731262327416174,0.185897435897436,0.273255813953488,0.0697674418604651,0.392857142857143,0.0625,0.428571428571429,0.25,0.285714285714286,0.473214285714286,0.314674556213018,0.000102609807511888,0.632,0.691,"moderate","pitcher","fixed_linear_weights_v1","sabrhood_player_summary_v1",727,0.463548830811554,0.425034387895461,"2026-09-17","2026-09-18 14:10:06 UTC"
"656234","Jake Bird","Washington Nationals","R",2026-03-25,2026-08-25,172,152,42,27,9,0,6,13,0,5,41,2,69,113,41,10,44,25,31,13,57,89.041592920354,15.0619469026549,4.58574151086588,172,0.276315789473684,0.348837209302326,0.453947368421053,0.802784577723378,0.177631578947368,0.238372093023256,0.0755813953488372,0.36283185840708,0.0884955752212389,0.389380530973451,0.221238938053097,0.274336283185841,0.504424778761062,0.346220930232558,0.0266612878538714,0.632,0.693,"moderate","pitcher","fixed_linear_weights_v1","sabrhood_player_summary_v1",679,0.412371134020619,0.505154639175258,"2026-09-17","2026-09-18 14:10:06 UTC"
"445276","Kenley Jansen","Detroit Tigers","R",2026-03-27,2026-09-14,170,145,24,15,2,0,7,22,0,1,48,2,47,99,36,11,25,21,37,16,44,87.3252525252525,25.4747474747475,-0.517361841156942,170,0.16551724137931,0.276470588235294,0.324137931034483,0.600608519269777,0.158620689655172,0.282352941176471,0.129411764705882,0.363636363636364,0.111111111111111,0.252525252525253,0.212121212121212,0.373737373737374,0.444444444444444,0.268529411764706,-0.00304330494798201,0.63,0.664,"moderate","pitcher","fixed_linear_weights_v1","sabrhood_player_summary_v1",693,0.492063492063492,0.487734487734488,"2026-09-17","2026-09-18 14:10:06 UTC"
"621074","Michael Rucker","Seattle Mariners","R",2026-06-12,2026-09-14,170,153,39,28,5,0,6,14,0,2,44,0,62,110,41,10,51,30,22,7,44,87.8336363636364,8.91818181818182,5.71253774859175,170,0.254901960784314,0.325443786982249,0.405228758169935,0.730672545152183,0.150326797385621,0.258823529411765,0.0823529411764706,0.372727272727273,0.0909090909090909,0.463636363636364,0.272727272727273,0.2,0.4,0.319526627218935,0.0336031632270103,0.63,0.688,"moderate","pitcher","fixed_linear_weights_v1","sabrhood_player_summary_v1",686,0.465014577259475,0.475218658892128,"2026-09-17","2026-09-18 14:10:06 UTC"
"674003","Cody Bradford","Texas Rangers","L",2026-08-05,2026-09-17,169,156,48,32,12,0,4,10,0,1,20,1,72,138,51,12,48,29,49,12,59,87.4401459854015,18.4598540145985,0.66522421166321,169,0.307692307692308,0.351190476190476,0.461538461538462,0.812728937728938,0.153846153846154,0.118343195266272,0.0591715976331361,0.369565217391304,0.0869565217391304,0.347826086956522,0.210144927536232,0.355072463768116,0.427536231884058,0.349404761904762,0.00393623793883556,0.628,0.734,"moderate","pitcher","fixed_linear_weights_v1","sabrhood_player_summary_v1",628,0.495222929936306,0.525477707006369,"2026-09-17","2026-09-18 14:10:06 UTC"
"677955","Jaden Hill","Colorado Rockies","R",2026-03-28,2026-09-17,169,143,35,23,7,2,3,21,0,3,37,1,55,107,38,5,44,27,30,6,46,88.3289719626168,13.4672897196262,3.25656286719114,169,0.244755244755245,0.351190476190476,0.384615384615385,0.735805860805861,0.13986013986014,0.218934911242604,0.124260355029586,0.355140186915888,0.0467289719626168,0.411214953271028,0.252336448598131,0.280373831775701,0.429906542056075,0.325714285714286,0.0192696027644446,0.628,0.682,"moderate","pitcher","fixed_linear_weights_v1","sabrhood_player_summary_v1",660,0.483333333333333,0.483333333333333,"2026-09-17","2026-09-18 14:10:06 UTC"
"489446","Kirby Yates","Pittsburgh Pirates","R",2026-05-08,2026-08-30,169,145,31,20,8,0,3,17,0,4,47,2,48,101,47,6,32,29,28,12,44,90.1237623762376,20.2178217821782,-0.512445110956938,169,0.213793103448276,0.30952380952381,0.331034482758621,0.64055829228243,0.117241379310345,0.27810650887574,0.100591715976331,0.465346534653465,0.0594059405940594,0.316831683168317,0.287128712871287,0.277227722772277,0.435643564356436,0.286666666666667,-0.00303221959146117,0.628,0.669,"moderate","pitcher","fixed_linear_weights_v1","sabrhood_player_summary_v1",684,0.521929824561403,0.450292397660819,"2026-09-17","2026-09-18 14:10:06 UTC"
"680744","Ty Madden","Detroit Tigers","R",2026-05-04,2026-09-17,168,153,30,19,6,1,4,13,0,2,41,0,50,111,32,5,44,24,29,14,51,86.2144144144144,17.6216216216216,-5.75369636965325,168,0.196078431372549,0.267857142857143,0.326797385620915,0.594654528478058,0.130718954248366,0.244047619047619,0.0773809523809524,0.288288288288288,0.045045045045045,0.396396396396396,0.216216216216216,0.261261261261261,0.459459459459459,0.262916666666667,-0.0342481926765074,0.627,0.689,"moderate","pitcher","fixed_linear_weights_v1","sabrhood_player_summary_v1",671,0.49478390461997,0.414307004470939,"2026-09-17","2026-09-18 14:10:06 UTC"
"675911","Spencer Strider","Atlanta Braves","R",2026-05-03,2026-06-12,166,143,33,14,9,1,9,20,0,1,46,2,71,98,36,10,29,22,37,10,37,88.5204081632653,21.5918367346939,2.83731368167026,166,0.230769230769231,0.325301204819277,0.496503496503497,0.821804701322774,0.265734265734266,0.27710843373494,0.120481927710843,0.36734693877551,0.102040816326531,0.295918367346939,0.224489795918367,0.377551020408163,0.377551020408163,0.347289156626506,0.0170922510943991,0.624,0.662,"moderate","pitcher","fixed_linear_weights_v1","sabrhood_player_summary_v1",691,0.465991316931983,0.450072358900145,"2026-09-17","2026-09-18 14:10:06 UTC"
"688297","Chris Roycroft","Athletics","R",2026-03-26,2026-09-17,165,144,46,34,4,0,8,16,1,3,24,1,74,122,53,13,70,26,21,5,46,88.7347107438017,2.04098360655738,14.8695231908528,165,0.319444444444444,0.396341463414634,0.513888888888889,0.910230352303523,0.194444444444444,0.145454545454545,0.096969696969697,0.434426229508197,0.10655737704918,0.573770491803279,0.213114754098361,0.172131147540984,0.377049180327869,0.389386503067485,0.090118322368805,0.623,0.709,"moderate","pitcher","fixed_linear_weights_v1","sabrhood_player_summary_v1",604,0.481788079470199,0.516556291390728,"2026-09-17","2026-09-18 14:10:06 UTC"
"687931","Carson Whisenhunt","San Francisco Giants","L",2026-06-17,2026-08-24,164,140,41,28,7,1,5,21,0,1,26,2,65,116,52,9,39,32,39,6,58,90.9129310344828,16.3448275862069,7.77620572214306,164,0.292857142857143,0.384146341463415,0.464285714285714,0.848432055749129,0.171428571428571,0.158536585365854,0.128048780487805,0.448275862068966,0.0775862068965517,0.336206896551724,0.275862068965517,0.336206896551724,0.5,0.366707317073171,0.0474158885496528,0.621,0.699,"moderate","pitcher","fixed_linear_weights_v1","sabrhood_player_summary_v1",616,0.454545454545455,0.433441558441558,"2026-09-17","2026-09-18 14:10:06 UTC"
"571948","Hoby Milner","Seattle Mariners","L",2026-03-26,2026-09-12,164,148,39,25,9,0,5,9,0,3,21,2,63,131,52,7,58,36,29,8,50,87.9669230769231,11.5846153846154,-0.172952307243837,164,0.263513513513513,0.314814814814815,0.425675675675676,0.740490490490491,0.162162162162162,0.128048780487805,0.0548780487804878,0.396946564885496,0.0534351145038168,0.442748091603053,0.274809160305344,0.221374045801527,0.381679389312977,0.318395061728395,-0.00105458723929169,0.621,0.724,"moderate","pitcher","fixed_linear_weights_v1","sabrhood_player_summary_v1",632,0.454113924050633,0.504746835443038,"2026-09-17","2026-09-18 14:10:06 UTC"
"676604","Tyler Zuber","Miami Marlins","R",2026-06-05,2026-09-15,164,149,41,26,5,1,9,11,0,2,41,2,75,110,49,8,50,17,38,5,49,90.4254545454545,13.7818181818182,6.13357058798635,164,0.275167785234899,0.329268292682927,0.503355704697987,0.832623997380914,0.228187919463087,0.25,0.0670731707317073,0.445454545454545,0.0727272727272727,0.454545454545455,0.154545454545455,0.345454545454545,0.445454545454545,0.352195121951219,0.0373998206584533,0.621,0.688,"moderate","pitcher","fixed_linear_weights_v1","sabrhood_player_summary_v1",655,0.47175572519084,0.508396946564886,"2026-09-17","2026-09-18 14:10:06 UTC"
"641941","Emilio Pagán","Cincinnati Reds","R",2026-03-28,2026-09-16,163,146,31,18,5,1,7,10,1,4,42,3,59,107,48,10,27,20,43,17,53,90.0121495327103,26.6448598130841,-4.95175655305744,163,0.212328767123288,0.276073619631902,0.404109589041096,0.680183208672998,0.191780821917808,0.257668711656442,0.0613496932515337,0.448598130841121,0.0934579439252336,0.252336448598131,0.186915887850467,0.401869158878505,0.495327102803738,0.288641975308642,-0.0303788745586346,0.62,0.682,"moderate","pitcher","fixed_linear_weights_v1","sabrhood_player_summary_v1",632,0.514240506329114,0.482594936708861,"2026-09-17","2026-09-18 14:10:06 UTC"
"621097","Jacob Waguespack","Detroit Tigers","R",2026-06-12,2026-09-17,163,142,22,16,0,0,6,16,0,1,28,1,40,118,33,5,58,21,29,10,67,82.9805084745763,11.7457627118644,-9.61089762760065,163,0.154929577464789,0.24375,0.28169014084507,0.52544014084507,0.126760563380282,0.171779141104294,0.098159509202454,0.279661016949153,0.0423728813559322,0.491525423728814,0.177966101694915,0.245762711864407,0.567796610169492,0.236875,-0.0589625621325193,0.62,0.702,"moderate","pitcher","fixed_linear_weights_v1","sabrhood_player_summary_v1",589,0.470288624787776,0.488964346349745,"2026-09-17","2026-09-18 14:10:06 UTC"
"687273","Quinn Mathews","St. Louis Cardinals","L",2026-08-01,2026-09-14,162,142,36,27,6,0,3,16,0,1,36,2,51,109,35,3,46,29,28,6,54,86.2311926605505,14.1743119266055,-2.86841617712325,162,0.253521126760563,0.329192546583851,0.359154929577465,0.688347476161316,0.105633802816901,0.222222222222222,0.0987654320987654,0.321100917431193,0.0275229357798165,0.422018348623853,0.26605504587156,0.256880733944954,0.495412844036697,0.304285714285714,-0.0177062726982917,0.618,0.686,"moderate","pitcher","fixed_linear_weights_v1","sabrhood_player_summary_v1",690,0.449275362318841,0.465217391304348,"2026-09-17","2026-09-18 14:10:06 UTC"
"695239","Robby Ahlstrom","Texas Rangers","L",2026-06-03,2026-09-17,162,145,38,25,4,2,7,12,0,3,34,0,67,111,34,8,42,30,31,8,38,85.4108108108108,15.5495495495495,4.94484545274717,162,0.262068965517241,0.33125,0.462068965517241,0.793318965517241,0.2,0.209876543209877,0.0740740740740741,0.306306306306306,0.0720720720720721,0.378378378378378,0.27027027027027,0.279279279279279,0.342342342342342,0.3411875,0.0305237373626369,0.618,0.689,"moderate","pitcher","fixed_linear_weights_v1","sabrhood_player_summary_v1",648,0.476851851851852,0.503086419753086,"2026-09-17","2026-09-18 14:10:06 UTC"
"694346","Trey Gibson","Baltimore Orioles","R",2026-05-03,2026-06-30,162,135,38,26,5,0,7,25,0,1,30,1,64,105,50,9,54,27,21,3,50,91.2086538461539,8.74038461538461,7.36743089592651,162,0.281481481481481,0.395061728395062,0.474074074074074,0.869135802469136,0.192592592592593,0.185185185185185,0.154320987654321,0.476190476190476,0.0857142857142857,0.514285714285714,0.257142857142857,0.2,0.476190476190476,0.377283950617284,0.0454779684933735,0.618,0.677,"moderate","pitcher","fixed_linear_weights_v1","sabrhood_player_summary_v1",619,0.411954765751212,0.453957996768982,"2026-09-17","2026-09-18 14:10:06 UTC"
"621381","Matt Strahm","Kansas City Royals","L",2026-03-28,2026-08-01,161,145,38,19,7,0,12,14,1,2,30,0,81,115,45,13,32,20,51,12,49,89.5173913043478,24.4782608695652,12.9652249915234,161,0.262068965517241,0.335403726708075,0.558620689655172,0.894024416363247,0.296551724137931,0.186335403726708,0.0869565217391304,0.391304347826087,0.11304347826087,0.278260869565217,0.173913043478261,0.443478260869565,0.426086956521739,0.3745625,0.0805293477734375,0.617,0.697,"moderate","pitcher","fixed_linear_weights_v1","sabrhood_player_summary_v1",633,0.497630331753554,0.515007898894155,"2026-09-17","2026-09-18 14:10:06 UTC"
"605483","Blake Snell","Los Angeles Dodgers","L",2026-05-09,2026-09-16,159,140,26,21,5,0,0,16,0,1,52,1,31,88,14,2,40,15,20,13,38,81.7647727272727,16.2272727272727,-11.2120392954649,159,0.185714285714286,0.272151898734177,0.221428571428571,0.493580470162749,0.0357142857142857,0.327044025157233,0.10062893081761,0.159090909090909,0.0227272727272727,0.454545454545455,0.170454545454545,0.227272727272727,0.431818181818182,0.230632911392405,-0.0705159704117292,0.614,0.638,"moderate","pitcher","fixed_linear_weights_v1","sabrhood_player_summary_v1",664,0.495481927710843,0.412650602409639,"2026-09-17","2026-09-18 14:10:06 UTC"
"684974","Craig Yoho","Cleveland Guardians","R",2026-06-05,2026-09-15,159,137,26,13,7,0,6,17,0,3,40,0,51,98,31,7,41,27,24,6,48,84.5989583333333,15.125,-4.49763207671387,159,0.18978102189781,0.292993630573248,0.372262773722628,0.665256404295876,0.182481751824818,0.251572327044025,0.106918238993711,0.316326530612245,0.0714285714285714,0.418367346938776,0.275510204081633,0.244897959183673,0.489795918367347,0.29343949044586,-0.028286994193169,0.614,0.662,"moderate","pitcher","fixed_linear_weights_v1","sabrhood_player_summary_v1",612,0.46078431372549,0.454248366013072,"2026-09-17","2026-09-18 14:10:06 UTC"
"681916","Dylan Smith","San Francisco Giants","R",2026-05-10,2026-09-16,159,134,33,25,5,0,3,17,0,2,42,4,47,98,48,6,35,25,23,15,43,87.6867346938776,17.5204081632653,-1.97186416377902,159,0.246268656716418,0.331210191082803,0.350746268656716,0.681956459739519,0.104477611940299,0.264150943396226,0.106918238993711,0.489795918367347,0.0612244897959184,0.357142857142857,0.255102040816327,0.23469387755102,0.438775510204082,0.301910828025478,-0.0124016614074152,0.614,0.662,"moderate","pitcher","fixed_linear_weights_v1","sabrhood_player_summary_v1",648,0.486111111111111,0.496913580246914,"2026-09-17","2026-09-18 14:10:06 UTC"
"696062","Wilber Dotel","Pittsburgh Pirates","R",2026-04-19,2026-09-17,159,142,37,29,6,0,2,14,0,0,38,2,49,107,46,3,52,22,29,4,49,88.9616822429906,10.8971962616822,3.93389349334148,159,0.26056338028169,0.322784810126582,0.345070422535211,0.667855232661793,0.0845070422535211,0.238993710691824,0.0880503144654088,0.429906542056075,0.0280373831775701,0.485981308411215,0.205607476635514,0.271028037383178,0.457943925233645,0.295189873417722,0.0247414685115817,0.614,0.682,"moderate","pitcher","fixed_linear_weights_v1","sabrhood_player_summary_v1",627,0.478468899521531,0.508771929824561,"2026-09-17","2026-09-18 14:10:06 UTC"
"623352","Josh Hader","Houston Astros","L",2026-06-03,2026-09-17,158,147,17,12,4,0,1,11,0,0,55,0,24,92,30,6,36,13,27,16,39,86.245652173913,21.25,-16.9839485772517,158,0.115646258503401,0.177215189873418,0.163265306122449,0.340480495995867,0.0476190476190476,0.348101265822785,0.069620253164557,0.326086956521739,0.0652173913043478,0.391304347826087,0.141304347826087,0.293478260869565,0.423913043478261,0.158987341772152,-0.107493345425644,0.612,0.648,"moderate","pitcher","fixed_linear_weights_v1","sabrhood_player_summary_v1",632,0.544303797468354,0.460443037974684,"2026-09-17","2026-09-18 14:10:06 UTC"
"594027","Tyron Guerrero","Boston Red Sox","R",2026-05-22,2026-08-31,158,149,37,31,4,0,2,6,0,2,36,0,47,114,38,3,62,26,21,5,39,84.4873873873874,3.12389380530973,-5.84148223981178,158,0.248322147651007,0.286624203821656,0.315436241610738,0.602060445432394,0.0671140939597315,0.227848101265823,0.0379746835443038,0.333333333333333,0.0263157894736842,0.543859649122807,0.228070175438596,0.184210526315789,0.342105263157895,0.266496815286624,-0.0369714065810872,0.612,0.695,"moderate","pitcher","fixed_linear_weights_v1","sabrhood_player_summary_v1",573,0.568935427574171,0.582897033158813,"2026-09-17","2026-09-18 14:10:06 UTC"
"607455","Anthony Banda","Minnesota Twins","L",2026-03-28,2026-06-28,157,133,31,15,13,0,3,15,1,8,33,0,53,100,39,8,41,22,32,5,39,88.4272727272727,15.5151515151515,4.99759955584859,157,0.233082706766917,0.346153846153846,0.398496240601504,0.74465008675535,0.165413533834586,0.210191082802548,0.0955414012738854,0.39,0.08,0.41,0.22,0.32,0.39,0.327548387096774,0.0318318443047681,0.611,0.667,"moderate","pitcher","fixed_linear_weights_v1","sabrhood_player_summary_v1",608,0.449013157894737,0.442434210526316,"2026-09-17","2026-09-18 14:10:06 UTC"
"669438","Mason Englert","Tampa Bay Rays","R",2026-03-29,2026-07-17,157,147,43,24,10,0,9,6,1,1,32,2,80,116,42,15,36,31,38,11,56,88.0840707964602,18.6017699115044,1.68975308568761,157,0.292517006802721,0.320512820512821,0.54421768707483,0.864730507587651,0.251700680272109,0.203821656050955,0.0382165605095541,0.362068965517241,0.129310344827586,0.310344827586207,0.267241379310345,0.327586206896552,0.482758620689655,0.359870967741935,0.0107627585075644,0.611,0.699,"moderate","pitcher","fixed_linear_weights_v1","sabrhood_player_summary_v1",597,0.525963149078727,0.462311557788945,"2026-09-17","2026-09-18 14:10:06 UTC"
"805326","Tyler Schweitzer","Chicago White Sox","L",2026-04-08,2026-09-11,155,142,37,23,11,0,3,12,0,0,18,0,57,124,58,11,47,34,39,4,50,90.1861788617886,13.4227642276423,-3.29737973255758,155,0.26056338028169,0.318181818181818,0.401408450704225,0.719590268886044,0.140845070422535,0.116129032258065,0.0774193548387097,0.467741935483871,0.0887096774193548,0.379032258064516,0.274193548387097,0.314516129032258,0.403225806451613,0.312922077922078,-0.0212734176294037,0.608,0.713,"moderate","pitcher","fixed_linear_weights_v1","sabrhood_player_summary_v1",566,0.522968197879859,0.537102473498233,"2026-09-17","2026-09-18 14:10:06 UTC"
"805427","Drew Sommers","Detroit Tigers","L",2026-05-28,2026-09-16,154,138,33,28,2,0,3,11,0,3,53,0,44,86,23,4,54,17,12,3,29,82.3720930232558,0.13953488372093,2.25180131569011,154,0.239130434782609,0.309210526315789,0.318840579710145,0.628051106025934,0.0797101449275362,0.344155844155844,0.0714285714285714,0.267441860465116,0.0465116279069767,0.627906976744186,0.197674418604651,0.13953488372093,0.337209302325581,0.282236842105263,0.0146220864655202,0.606,0.632,"moderate","pitcher","fixed_linear_weights_v1","sabrhood_player_summary_v1",591,0.504230118443316,0.49746192893401,"2026-09-17","2026-09-18 14:10:06 UTC"
"702474","Mike Paredes","Minnesota Twins","R",2026-05-31,2026-07-21,154,134,36,23,5,2,6,13,0,3,19,2,63,118,60,8,46,31,35,6,63,91.1118644067797,15.7457627118644,2.28967903610061,154,0.26865671641791,0.342105263157895,0.470149253731343,0.812254516889238,0.201492537313433,0.123376623376623,0.0844155844155844,0.508474576271186,0.0677966101694915,0.389830508474576,0.26271186440678,0.296610169491525,0.533898305084746,0.347039473684211,0.014868045688965,0.606,0.702,"moderate","pitcher","fixed_linear_weights_v1","sabrhood_player_summary_v1",551,0.497277676950998,0.490018148820327,"2026-09-17","2026-09-18 14:10:06 UTC"
"687606","Paxton Schultz","Washington Nationals","R",2026-04-07,2026-07-29,154,138,43,30,7,1,5,12,1,1,32,1,67,107,42,10,37,24,39,7,41,89.7700934579439,20.196261682243,7.42082916539318,154,0.311594202898551,0.368421052631579,0.485507246376812,0.853928299008391,0.173913043478261,0.207792207792208,0.0779220779220779,0.392523364485981,0.0934579439252336,0.345794392523364,0.224299065420561,0.364485981308411,0.383177570093458,0.364238410596026,0.048187202372683,0.606,0.682,"moderate","pitcher","fixed_linear_weights_v1","sabrhood_player_summary_v1",610,0.447540983606557,0.450819672131148,"2026-09-17","2026-09-18 14:10:06 UTC"
"676254","Ryan Walker","San Francisco Giants","R",2026-03-27,2026-09-03,154,130,40,31,2,2,5,17,1,1,23,2,61,112,39,7,52,27,27,6,31,84.6675675675676,7.57657657657658,11.2078531522973,154,0.307692307692308,0.386666666666667,0.469230769230769,0.855897435897436,0.161538461538462,0.149350649350649,0.11038961038961,0.348214285714286,0.0625,0.464285714285714,0.241071428571429,0.241071428571429,0.276785714285714,0.367046979865772,0.0727782672227095,0.606,0.691,"moderate","pitcher","fixed_linear_weights_v1","sabrhood_player_summary_v1",609,0.428571428571429,0.499178981937603,"2026-09-17","2026-09-18 14:10:06 UTC"
"656529","Sam Hentges","San Francisco Giants","L",2026-05-10,2026-08-25,154,126,30,25,5,0,0,22,1,4,35,2,35,92,28,3,44,18,23,7,31,85.8597826086957,11.2173913043478,2.8329955772203,154,0.238095238095238,0.363636363636364,0.277777777777778,0.641414141414141,0.0396825396825397,0.227272727272727,0.142857142857143,0.304347826086957,0.0326086956521739,0.478260869565217,0.195652173913043,0.25,0.33695652173913,0.297843137254902,0.0183960751767552,0.606,0.648,"moderate","pitcher","fixed_linear_weights_v1","sabrhood_player_summary_v1",617,0.431118314424635,0.453808752025932,"2026-09-17","2026-09-18 14:10:06 UTC"
"621383","Tanner Banks","Philadelphia Phillies","L",2026-03-28,2026-09-13,154,140,48,30,8,2,8,12,0,0,35,1,84,107,35,7,39,29,33,6,42,85.2283018867925,15.5566037735849,14.5947888471979,154,0.342857142857143,0.392156862745098,0.6,0.992156862745098,0.257142857142857,0.227272727272727,0.0779220779220779,0.327102803738318,0.0654205607476635,0.364485981308411,0.271028037383178,0.308411214953271,0.392523364485981,0.416993464052288,0.0947713561506357,0.606,0.682,"moderate","pitcher","fixed_linear_weights_v1","sabrhood_player_summary_v1",586,0.503412969283277,0.505119453924915,"2026-09-17","2026-09-18 14:10:06 UTC"
"666142","Cole Ragans","Kansas City Royals","L",2026-03-27,2026-05-06,152,128,27,12,5,0,10,23,0,0,45,1,62,83,33,12,29,16,31,7,40,89.0843373493976,19.4939759036145,1.74687634072286,152,0.2109375,0.328947368421053,0.484375,0.813322368421053,0.2734375,0.296052631578947,0.151315789473684,0.397590361445783,0.144578313253012,0.349397590361446,0.192771084337349,0.373493975903614,0.481927710843373,0.346907894736842,0.0114926075047557,0.603,0.624,"moderate","pitcher","fixed_linear_weights_v1","sabrhood_player_summary_v1",639,0.453834115805947,0.444444444444444,"2026-09-17","2026-09-18 14:10:06 UTC"
"676571","PJ Poulin","Washington Nationals","L",2026-03-26,2026-07-11,152,131,27,16,7,0,4,20,0,1,25,0,46,106,47,10,50,18,30,8,48,91.2913461538461,13.5096153846154,-3.39883543035936,152,0.206106870229008,0.315789473684211,0.351145038167939,0.666934511852149,0.145038167938931,0.164473684210526,0.131578947368421,0.443396226415094,0.0943396226415094,0.471698113207547,0.169811320754717,0.283018867924528,0.452830188679245,0.298157894736842,-0.022360759410259,0.603,0.679,"moderate","pitcher","fixed_linear_weights_v1","sabrhood_player_summary_v1",635,0.4,0.474015748031496,"2026-09-17","2026-09-18 14:10:06 UTC"
"663992","Richard Lovelady","Washington Nationals","L",2026-03-28,2026-09-16,152,127,37,24,9,0,4,19,2,3,29,0,58,101,31,6,44,29,21,7,44,85.269696969697,10.0909090909091,4.24540150597755,152,0.291338582677165,0.395973154362416,0.456692913385827,0.852666067748243,0.165354330708661,0.190789473684211,0.125,0.306930693069307,0.0594059405940594,0.435643564356436,0.287128712871287,0.207920792079208,0.435643564356436,0.368775510204082,0.0279302730656418,0.603,0.669,"moderate","pitcher","fixed_linear_weights_v1","sabrhood_player_summary_v1",569,0.448154657293497,0.476274165202109,"2026-09-17","2026-09-18 14:10:06 UTC"
"691951","Sam Aldegheri","Los Angeles Angels","L",2026-04-16,2026-07-04,152,131,31,21,4,1,5,17,0,1,22,3,52,111,39,9,42,23,35,11,51,85.9936936936937,19.6756756756757,4.37769550928079,152,0.236641221374046,0.322368421052632,0.396946564885496,0.719314985938128,0.16030534351145,0.144736842105263,0.111842105263158,0.351351351351351,0.0810810810810811,0.378378378378378,0.207207207207207,0.315315315315315,0.459459459459459,0.3125,0.0288006283505315,0.603,0.689,"moderate","pitcher","fixed_linear_weights_v1","sabrhood_player_summary_v1",610,0.457377049180328,0.460655737704918,"2026-09-17","2026-09-18 14:10:06 UTC"
"605130","Scott Barlow","Athletics","R",2026-03-27,2026-06-20,152,125,26,12,7,0,7,18,0,7,29,2,54,97,35,10,36,20,34,7,52,87.8989690721649,18.979381443299,9.80728962558156,152,0.208,0.335526315789474,0.432,0.767526315789474,0.224,0.190789473684211,0.118421052631579,0.360824742268041,0.103092783505155,0.371134020618557,0.206185567010309,0.350515463917526,0.536082474226804,0.334013157894737,0.0645216422735629,0.603,0.66,"moderate","pitcher","fixed_linear_weights_v1","sabrhood_player_summary_v1",583,0.425385934819897,0.397941680960549,"2026-09-17","2026-09-18 14:10:06 UTC"
"681867","Cooper Criswell","Seattle Mariners","R",2026-03-26,2026-09-16,151,138,37,30,3,1,3,8,0,1,30,2,51,111,42,4,67,20,20,4,50,86.527027027027,4.31531531531532,1.11447028511807,151,0.268115942028986,0.308724832214765,0.369565217391304,0.678290049606069,0.101449275362319,0.198675496688742,0.0529801324503311,0.378378378378378,0.036036036036036,0.603603603603604,0.18018018018018,0.18018018018018,0.45045045045045,0.29496644295302,0.00738059791468923,0.602,0.689,"moderate","pitcher","fixed_linear_weights_v1","sabrhood_player_summary_v1",574,0.489547038327526,0.47212543554007,"2026-09-17","2026-09-18 14:10:06 UTC"
"800600","Jackson Kent","Washington Nationals","L",2026-08-12,2026-09-15,151,128,34,23,8,1,2,23,0,0,27,0,50,101,42,7,50,24,21,6,53,87.509900990099,10.2376237623762,5.43267433100386,151,0.265625,0.377483443708609,0.390625,0.768108443708609,0.125,0.178807947019868,0.152317880794702,0.415841584158416,0.0693069306930693,0.495049504950495,0.237623762376238,0.207920792079208,0.524752475247525,0.341788079470199,0.0359779757020123,0.602,0.669,"moderate","pitcher","fixed_linear_weights_v1","sabrhood_player_summary_v1",605,0.449586776859504,0.429752066115702,"2026-09-17","2026-09-18 14:10:06 UTC"
"681402","Gus Varland","Washington Nationals","R",2026-03-29,2026-07-28,150,132,43,23,12,1,7,14,0,0,30,3,78,106,53,15,30,32,34,10,50,91.872380952381,19.6095238095238,12.9803241049689,150,0.325757575757576,0.38255033557047,0.590909090909091,0.973459426479561,0.265151515151515,0.2,0.0933333333333333,0.5,0.141509433962264,0.283018867924528,0.30188679245283,0.320754716981132,0.471698113207547,0.405436241610738,0.0865354940331262,0.6,0.679,"moderate","pitcher","fixed_linear_weights_v1","sabrhood_player_summary_v1",565,0.499115044247788,0.502654867256637,"2026-09-17","2026-09-18 14:10:06 UTC"
"695549","Jackson Jobe","Detroit Tigers","R",2026-08-08,2026-09-13,149,131,31,17,7,1,6,13,0,4,34,1,58,97,34,9,47,18,26,6,51,88.1708333333333,11.3645833333333,-0.916360937612657,149,0.236641221374046,0.322147651006711,0.442748091603053,0.764895742609765,0.206106870229008,0.228187919463087,0.087248322147651,0.350515463917526,0.0927835051546392,0.484536082474227,0.185567010309278,0.268041237113402,0.525773195876289,0.329597315436242,-0.00615007340679636,0.598,0.66,"moderate","pitcher","fixed_linear_weights_v1","sabrhood_player_summary_v1",589,0.477079796264856,0.443123938879457,"2026-09-17","2026-09-18 14:10:06 UTC"
"657571","Caleb Ferguson","St. Louis Cardinals","L",2026-05-27,2026-08-28,148,129,37,24,7,1,5,17,0,0,31,1,61,99,38,7,50,22,22,5,44,88.55,8.25510204081633,5.36987575376267,148,0.286821705426357,0.36734693877551,0.472868217054264,0.840215155829774,0.186046511627907,0.209459459459459,0.114864864864865,0.383838383838384,0.0707070707070707,0.505050505050505,0.222222222222222,0.222222222222222,0.444444444444444,0.361496598639456,0.0362829442821802,0.597,0.664,"moderate","pitcher","fixed_linear_weights_v1","sabrhood_player_summary_v1",587,0.458262350936968,0.505962521294719,"2026-09-17","2026-09-18 14:10:06 UTC"
"476594","Robert Stock","New York Mets","R",2026-08-02,2026-09-09,148,129,38,29,7,0,2,15,0,4,29,0,51,99,36,8,38,26,28,7,45,87.3959595959596,15.5757575757576,8.65075812374418,148,0.294573643410853,0.385135135135135,0.395348837209302,0.780483972344437,0.10077519379845,0.195945945945946,0.101351351351351,0.363636363636364,0.0808080808080808,0.383838383838384,0.262626262626263,0.282828282828283,0.454545454545455,0.347635135135135,0.0584510684036769,0.597,0.664,"moderate","pitcher","fixed_linear_weights_v1","sabrhood_player_summary_v1",560,0.491071428571429,0.496428571428571,"2026-09-17","2026-09-18 14:10:06 UTC"
"682825","Luis Mey","Cincinnati Reds","R",2026-04-29,2026-09-17,147,122,32,24,4,1,3,19,0,3,46,2,47,78,37,6,39,14,21,4,34,92.9346666666667,11.0133333333333,8.89098213079404,147,0.262295081967213,0.36986301369863,0.385245901639344,0.755108915337974,0.122950819672131,0.312925170068027,0.129251700680272,0.474358974358974,0.0769230769230769,0.5,0.179487179487179,0.269230769230769,0.435897435897436,0.335205479452055,0.0604828716380547,0.595,0.609,"moderate","pitcher","fixed_linear_weights_v1","sabrhood_player_summary_v1",595,0.411764705882353,0.502521008403361,"2026-09-17","2026-09-18 14:10:06 UTC"
"669684","Chris Murphy","Chicago White Sox","L",2026-03-28,2026-09-15,146,124,30,17,8,1,4,16,0,4,34,2,52,91,31,6,25,21,35,10,37,85.9516483516483,23.010989010989,3.47226142792152,146,0.241935483870968,0.342465753424658,0.419354838709677,0.761820592134335,0.17741935483871,0.232876712328767,0.10958904109589,0.340659340659341,0.0659340659340659,0.274725274725275,0.230769230769231,0.384615384615385,0.406593406593407,0.331506849315068,0.0237826125200104,0.593,0.645,"moderate","pitcher","fixed_linear_weights_v1","sabrhood_player_summary_v1",595,0.500840336134454,0.500840336134454,"2026-09-17","2026-09-18 14:10:06 UTC"
"643410","Mark Leiter Jr.","Athletics","R",2026-03-28,2026-07-18,146,130,33,26,5,0,2,11,1,4,38,1,44,91,29,3,39,25,22,5,49,86.7791208791209,14.4285714285714,0.496953479416334,146,0.253846153846154,0.328767123287671,0.338461538461538,0.66722866174921,0.0846153846153846,0.26027397260274,0.0753424657534247,0.318681318681319,0.032967032967033,0.428571428571429,0.274725274725275,0.241758241758242,0.538461538461538,0.295724137931034,0.0034037909549064,0.593,0.645,"moderate","pitcher","fixed_linear_weights_v1","sabrhood_player_summary_v1",551,0.460980036297641,0.451905626134301,"2026-09-17","2026-09-18 14:10:06 UTC"
"542888","Shawn Armstrong","Cleveland Guardians","R",2026-03-26,2026-07-24,146,124,29,19,6,0,4,18,0,2,33,1,47,92,32,6,41,17,26,8,33,87.1260869565217,15.2391304347826,-0.137950875749447,146,0.233870967741935,0.337931034482759,0.379032258064516,0.716963292547275,0.145161290322581,0.226027397260274,0.123287671232877,0.347826086956522,0.0652173913043478,0.445652173913043,0.184782608695652,0.282608695652174,0.358695652173913,0.317655172413793,-0.000944869011982515,0.593,0.648,"moderate","pitcher","fixed_linear_weights_v1","sabrhood_player_summary_v1",597,0.485762144053601,0.510887772194305,"2026-09-17","2026-09-18 14:10:06 UTC"
"669060","Bryse Wilson","Milwaukee Brewers","R",2026-06-18,2026-08-30,145,140,41,34,2,2,3,3,0,2,30,0,56,110,51,3,43,33,27,7,50,90.4954128440367,14.6238532110092,0.160398676860334,145,0.292857142857143,0.317241379310345,0.4,0.717241379310345,0.107142857142857,0.206896551724138,0.0206896551724138,0.463636363636364,0.0272727272727273,0.390909090909091,0.3,0.245454545454545,0.454545454545455,0.310758620689655,0.00110619777145058,0.592,0.688,"moderate","pitcher","fixed_linear_weights_v1","sabrhood_player_summary_v1",533,0.538461538461538,0.566604127579737,"2026-09-17","2026-09-18 14:10:06 UTC"
"592155","Cam Booser","Tampa Bay Rays","L",2026-06-02,2026-09-16,143,135,24,15,4,0,5,6,0,0,42,2,43,94,37,7,28,20,33,13,38,87.7559139784946,22.5744680851064,-12.0245879030282,143,0.177777777777778,0.20979020979021,0.318518518518519,0.528308728308728,0.140740740740741,0.293706293706294,0.041958041958042,0.393617021276596,0.074468085106383,0.297872340425532,0.212765957446809,0.351063829787234,0.404255319148936,0.226223776223776,-0.0840880272939035,0.588,0.653,"moderate","pitcher","fixed_linear_weights_v1","sabrhood_player_summary_v1",535,0.551401869158878,0.51214953271028,"2026-09-17","2026-09-18 14:10:06 UTC"
"676664","JP Sears","San Diego Padres","L",2026-06-24,2026-08-02,143,128,33,24,3,0,6,11,0,2,25,1,54,105,47,9,45,21,35,3,45,90.1271844660194,15.378640776699,0.954371825941493,143,0.2578125,0.323943661971831,0.421875,0.745818661971831,0.1640625,0.174825174825175,0.0769230769230769,0.447619047619048,0.0857142857142857,0.428571428571429,0.2,0.333333333333333,0.428571428571429,0.323450704225352,0.00667392885273771,0.588,0.677,"moderate","pitcher","fixed_linear_weights_v1","sabrhood_player_summary_v1",529,0.474480151228733,0.472589792060492,"2026-09-17","2026-09-18 14:10:06 UTC"
"700249","Cade Povich","Baltimore Orioles","L",2026-04-05,2026-08-31,142,128,35,24,6,0,5,13,0,1,25,0,56,103,43,8,46,19,31,7,41,90.2460784313726,15.4563106796117,-1.06840541774754,142,0.2734375,0.345070422535211,0.4375,0.782570422535211,0.1640625,0.176056338028169,0.0915492957746479,0.41747572815534,0.0776699029126214,0.446601941747573,0.184466019417476,0.300970873786408,0.398058252427184,0.340140845070423,-0.00752398181512355,0.587,0.673,"moderate","pitcher","fixed_linear_weights_v1","sabrhood_player_summary_v1",540,0.464814814814815,0.461111111111111,"2026-09-17","2026-09-18 14:10:06 UTC"
"696131","Mason Black","Kansas City Royals","R",2026-04-19,2026-08-26,142,119,30,21,3,0,6,20,0,2,19,1,51,101,47,10,34,28,31,8,39,91.3405940594059,17.2871287128713,4.29698869611919,142,0.252100840336134,0.366197183098592,0.428571428571429,0.79476861167002,0.176470588235294,0.133802816901408,0.140845070422535,0.465346534653465,0.099009900990099,0.336633663366337,0.277227722772277,0.306930693069307,0.386138613861386,0.348591549295775,0.0302604837754873,0.587,0.669,"moderate","pitcher","fixed_linear_weights_v1","sabrhood_player_summary_v1",556,0.41726618705036,0.487410071942446,"2026-09-17","2026-09-18 14:10:06 UTC"
"669622","Anthony Bender","Miami Marlins","R",2026-03-27,2026-06-27,139,124,21,16,4,0,1,11,0,3,41,1,28,84,28,6,37,17,27,3,36,88.4369047619048,12.1547619047619,-5.56240369341324,139,0.169354838709677,0.251798561151079,0.225806451612903,0.477605012763982,0.0564516129032258,0.294964028776978,0.079136690647482,0.333333333333333,0.0714285714285714,0.44047619047619,0.202380952380952,0.321428571428571,0.428571428571429,0.22158273381295,-0.0400172927583687,0.582,0.627,"moderate","pitcher","fixed_linear_weights_v1","sabrhood_player_summary_v1",539,0.402597402597403,0.545454545454545,"2026-09-17","2026-09-18 14:10:06 UTC"
"695534","Chase Petty","Cincinnati Reds","R",2026-05-04,2026-08-07,139,125,31,18,7,0,6,9,0,3,15,2,56,112,42,9,43,28,34,7,47,88.5281818181818,15.7545454545455,1.52981301591531,139,0.248,0.309352517985612,0.448,0.757352517985612,0.2,0.107913669064748,0.0647482014388489,0.375,0.0803571428571429,0.383928571428571,0.25,0.303571428571429,0.419642857142857,0.323381294964029,0.011005849035362,0.582,0.691,"moderate","pitcher","fixed_linear_weights_v1","sabrhood_player_summary_v1",477,0.482180293501048,0.484276729559748,"2026-09-17","2026-09-18 14:10:06 UTC"
"688158","David Morgan","San Diego Padres","R",2026-03-26,2026-09-16,138,113,33,25,6,0,2,17,1,4,33,1,45,83,25,1,45,19,16,3,36,83.7939759036145,5.59036144578313,9.10632150874147,138,0.292035398230089,0.4,0.398230088495575,0.798230088495575,0.106194690265487,0.239130434782609,0.123188405797101,0.301204819277108,0.0120481927710843,0.542168674698795,0.228915662650602,0.192771084337349,0.433734939759036,0.353582089552239,0.0659878370198657,0.58,0.624,"moderate","pitcher","fixed_linear_weights_v1","sabrhood_player_summary_v1",514,0.509727626459144,0.476653696498055,"2026-09-17","2026-09-18 14:10:06 UTC"
"676979","Garrett Crochet","Boston Red Sox","L",2026-03-26,2026-04-25,138,122,33,19,9,0,5,11,0,4,37,0,57,86,39,8,32,31,21,2,37,89.0095238095238,13.3809523809524,8.04649811878358,138,0.270491803278689,0.35036496350365,0.467213114754098,0.817578078257748,0.19672131147541,0.268115942028986,0.0797101449275362,0.453488372093023,0.0930232558139535,0.372093023255814,0.36046511627907,0.244186046511628,0.430232558139535,0.353284671532847,0.0583079573824897,0.58,0.632,"moderate","pitcher","fixed_linear_weights_v1","sabrhood_player_summary_v1",518,0.49034749034749,0.455598455598456,"2026-09-17","2026-09-18 14:10:06 UTC"
"608337","Lucas Giolito","San Diego Padres","R",2026-05-17,2026-06-21,138,114,32,25,3,0,4,23,0,1,18,0,47,96,42,4,30,32,23,11,43,89.2635416666667,19.25,3.63985496552006,138,0.280701754385965,0.405797101449275,0.412280701754386,0.818077803203661,0.131578947368421,0.130434782608696,0.166666666666667,0.4375,0.0416666666666667,0.3125,0.333333333333333,0.239583333333333,0.447916666666667,0.364855072463768,0.0263757606197106,0.58,0.658,"moderate","pitcher","fixed_linear_weights_v1","sabrhood_player_summary_v1",551,0.408348457350272,0.464609800362976,"2026-09-17","2026-09-18 14:10:06 UTC"
"605447","Jordan Romano","Colorado Rockies","R",2026-03-26,2026-09-17,137,117,25,18,4,1,2,17,0,1,35,2,37,84,27,3,27,26,20,11,42,86.7809523809524,17.297619047619,3.59476649102893,137,0.213675213675214,0.313868613138686,0.316239316239316,0.630107929378002,0.102564102564103,0.255474452554745,0.124087591240876,0.321428571428571,0.0357142857142857,0.321428571428571,0.30952380952381,0.238095238095238,0.5,0.283430656934307,0.0262391714673644,0.578,0.627,"moderate","pitcher","fixed_linear_weights_v1","sabrhood_player_summary_v1",591,0.451776649746193,0.458544839255499,"2026-09-17","2026-09-18 14:10:06 UTC"
"686580","Justin Slaten","Boston Red Sox","R",2026-03-26,2026-08-12,137,127,35,25,6,0,4,8,0,0,39,0,53,90,33,4,39,25,23,3,40,86.9662921348315,7.35555555555556,2.05277410112132,137,0.275590551181102,0.318518518518519,0.417322834645669,0.735841353164188,0.141732283464567,0.284671532846715,0.0583941605839416,0.366666666666667,0.0444444444444444,0.433333333333333,0.277777777777778,0.255555555555556,0.444444444444444,0.318518518518519,0.0149837525629293,0.578,0.643,"moderate","pitcher","fixed_linear_weights_v1","sabrhood_player_summary_v1",508,0.507874015748031,0.521653543307087,"2026-09-17","2026-09-18 14:10:06 UTC"
"703725","Luis Gastelum","St. Louis Cardinals","R",2026-07-08,2026-09-16,137,123,31,17,7,1,6,11,0,2,40,1,58,84,28,9,32,24,19,9,37,87.0642857142857,12.1071428571429,5.54276622709167,137,0.252032520325203,0.321167883211679,0.471544715447154,0.792712598658833,0.219512195121951,0.291970802919708,0.0802919708029197,0.333333333333333,0.107142857142857,0.380952380952381,0.285714285714286,0.226190476190476,0.44047619047619,0.337883211678832,0.0404581476430049,0.578,0.627,"moderate","pitcher","fixed_linear_weights_v1","sabrhood_player_summary_v1",528,0.473484848484849,0.454545454545455,"2026-09-17","2026-09-18 14:10:06 UTC"
"668933","Graham Ashcraft","Cincinnati Reds","R",2026-03-26,2026-09-16,136,114,25,17,5,1,2,22,2,0,37,0,38,76,25,4,39,16,16,5,32,86.6085714285714,14.7714285714286,0.649102799307838,136,0.219298245614035,0.345588235294118,0.333333333333333,0.678921568627451,0.114035087719298,0.272058823529412,0.161764705882353,0.328947368421053,0.0526315789473684,0.513157894736842,0.210526315789474,0.210526315789474,0.421052631578947,0.302537313432836,0.00477281470079292,0.576,0.603,"moderate","pitcher","fixed_linear_weights_v1","sabrhood_player_summary_v1",555,0.448648648648649,0.43963963963964,"2026-09-17","2026-09-18 14:10:06 UTC"
"664208","Phil Maton","Chicago Cubs","R",2026-03-28,2026-07-19,136,111,34,23,4,2,5,16,0,5,31,3,57,84,36,10,35,30,16,3,34,87.3642857142857,8.09523809523809,7.54273100619201,136,0.306306306306306,0.407407407407407,0.513513513513513,0.920920920920921,0.207207207207207,0.227941176470588,0.117647058823529,0.428571428571429,0.119047619047619,0.416666666666667,0.357142857142857,0.19047619047619,0.404761904761905,0.392666666666667,0.0554612573984707,0.576,0.627,"moderate","pitcher","fixed_linear_weights_v1","sabrhood_player_summary_v1",546,0.470695970695971,0.518315018315018,"2026-09-17","2026-09-18 14:10:06 UTC"
"669854","Ronel Blanco","Houston Astros","R",2026-07-20,2026-09-13,136,119,30,17,3,1,9,15,0,1,26,0,62,94,35,9,33,19,35,7,48,88.9265957446809,18.4148936170213,9.44423763688279,136,0.252100840336134,0.340740740740741,0.521008403361345,0.861749144102085,0.26890756302521,0.191176470588235,0.110294117647059,0.372340425531915,0.0957446808510638,0.351063829787234,0.202127659574468,0.372340425531915,0.51063829787234,0.365925925925926,0.0694429238006087,0.576,0.653,"moderate","pitcher","fixed_linear_weights_v1","sabrhood_player_summary_v1",540,0.496296296296296,0.47962962962963,"2026-09-17","2026-09-18 14:10:06 UTC"
"641745","Brad Keller","Philadelphia Phillies","R",2026-03-29,2026-07-08,135,118,29,23,2,0,4,13,0,2,32,2,43,88,28,4,39,20,25,4,31,85.5379310344828,12.6551724137931,-2.18449634992517,135,0.245762711864407,0.325925925925926,0.364406779661017,0.690332705586943,0.11864406779661,0.237037037037037,0.0962962962962963,0.318181818181818,0.0454545454545455,0.443181818181818,0.227272727272727,0.284090909090909,0.352272727272727,0.304962962962963,-0.0161814544438902,0.574,0.638,"moderate","pitcher","fixed_linear_weights_v1","sabrhood_player_summary_v1",533,0.450281425891182,0.457786116322702,"2026-09-17","2026-09-18 14:10:06 UTC"
"678020","Seth Halvorsen","Los Angeles Dodgers","R",2026-04-23,2026-09-17,135,119,33,20,6,1,6,15,0,1,21,0,59,98,38,7,43,28,21,6,46,89.4897959183673,11.7244897959184,6.12801158772596,135,0.277310924369748,0.362962962962963,0.495798319327731,0.858761282290694,0.218487394957983,0.155555555555556,0.111111111111111,0.387755102040816,0.0714285714285714,0.438775510204082,0.285714285714286,0.214285714285714,0.469387755102041,0.36837037037037,0.0453926784275997,0.574,0.662,"moderate","pitcher","fixed_linear_weights_v1","sabrhood_player_summary_v1",507,0.481262327416174,0.451676528599605,"2026-09-17","2026-09-18 14:10:06 UTC"
"671936","Adam Macko","Texas Rangers","L",2026-05-18,2026-09-11,134,117,36,28,3,0,5,11,1,4,30,2,54,88,32,6,34,24,23,7,42,85.6306818181818,12.6136363636364,4.83094836171641,134,0.307692307692308,0.380597014925373,0.461538461538462,0.842135476463835,0.153846153846154,0.223880597014925,0.082089552238806,0.363636363636364,0.0681818181818182,0.386363636363636,0.272727272727273,0.261363636363636,0.477272727272727,0.362330827067669,0.0360518534456448,0.573,0.638,"moderate","pitcher","fixed_linear_weights_v1","sabrhood_player_summary_v1",544,0.476102941176471,0.470588235294118,"2026-09-17","2026-09-18 14:10:06 UTC"
"592094","Jason Adam","San Diego Padres","R",2026-04-10,2026-06-29,134,124,30,20,5,0,5,8,0,2,22,0,50,102,37,7,47,15,32,8,47,87.2852941176471,11.4607843137255,-7.78096363563027,134,0.241935483870968,0.298507462686567,0.403225806451613,0.70173326913818,0.161290322580645,0.164179104477612,0.0597014925373134,0.362745098039216,0.0686274509803922,0.46078431372549,0.147058823529412,0.313725490196078,0.46078431372549,0.30455223880597,-0.058066892803211,0.573,0.671,"moderate","pitcher","fixed_linear_weights_v1","sabrhood_player_summary_v1",551,0.533575317604356,0.459165154264973,"2026-09-17","2026-09-18 14:10:06 UTC"
"683000","Riley Cornelio","Washington Nationals","R",2026-04-24,2026-09-16,134,106,21,14,5,0,2,23,0,0,32,4,32,78,35,6,31,13,25,9,32,86.8282051282051,18.9358974358974,-1.10462774330061,134,0.19811320754717,0.330827067669173,0.30188679245283,0.632713860122003,0.10377358490566,0.238805970149254,0.171641791044776,0.448717948717949,0.0769230769230769,0.397435897435897,0.166666666666667,0.320512820512821,0.41025641025641,0.288796992481203,-0.00824349062164633,0.573,0.609,"moderate","pitcher","fixed_linear_weights_v1","sabrhood_player_summary_v1",561,0.479500891265597,0.418894830659537,"2026-09-17","2026-09-18 14:10:06 UTC"
"683175","Connor Phillips","Cincinnati Reds","R",2026-03-26,2026-05-23,133,101,21,13,4,1,3,28,0,3,28,1,36,74,30,7,19,20,28,7,28,89.7675675675676,20.7162162162162,6.95616432792442,133,0.207920792079208,0.390977443609023,0.356435643564356,0.747413087173379,0.148514851485149,0.210526315789474,0.210526315789474,0.405405405405405,0.0945945945945946,0.256756756756757,0.27027027027027,0.378378378378378,0.378378378378378,0.34187969924812,0.0523019874280032,0.571,0.597,"moderate","pitcher","fixed_linear_weights_v1","sabrhood_player_summary_v1",547,0.402193784277879,0.451553930530165,"2026-09-17","2026-09-18 14:10:06 UTC"
"656240","Scott Blewett","Athletics","R",2026-07-21,2026-09-16,133,119,30,23,6,0,1,10,0,0,27,3,39,96,33,3,55,20,17,4,42,86.953125,5.97916666666667,-1.94625414569155,133,0.252100840336134,0.303030303030303,0.327731092436975,0.630761395467278,0.0756302521008403,0.203007518796992,0.075187969924812,0.34375,0.03125,0.572916666666667,0.208333333333333,0.177083333333333,0.4375,0.27719696969697,-0.0146334898172297,0.571,0.658,"moderate","pitcher","fixed_linear_weights_v1","sabrhood_player_summary_v1",490,0.53265306122449,0.440816326530612,"2026-09-17","2026-09-18 14:10:06 UTC"
"682989","Victor Mederos","Atlanta Braves","R",2026-05-20,2026-09-13,133,116,27,19,5,2,1,12,0,3,29,1,39,89,36,5,31,21,23,14,35,87.6325842696629,22.2022471910112,-2.53723173146596,133,0.232758620689655,0.318181818181818,0.336206896551724,0.654388714733542,0.103448275862069,0.218045112781955,0.0902255639097744,0.404494382022472,0.0561797752808989,0.348314606741573,0.235955056179775,0.258426966292135,0.393258426966292,0.291590909090909,-0.0190769303117742,0.571,0.64,"moderate","pitcher","fixed_linear_weights_v1","sabrhood_player_summary_v1",520,0.494230769230769,0.432692307692308,"2026-09-17","2026-09-18 14:10:06 UTC"
"696519","Samy Natera Jr.","Los Angeles Angels","L",2026-06-06,2026-09-11,132,115,22,15,6,0,1,13,0,2,48,2,31,68,24,5,15,21,25,7,29,87.2191176470588,25.8235294117647,-3.50643486292573,132,0.191304347826087,0.28030303030303,0.269565217391304,0.549868247694335,0.0782608695652174,0.363636363636364,0.0984848484848485,0.352941176470588,0.0735294117647059,0.220588235294118,0.308823529411765,0.367647058823529,0.426470588235294,0.250454545454545,-0.0265639004767101,0.569,0.576,"moderate","pitcher","fixed_linear_weights_v1","sabrhood_player_summary_v1",580,0.477586206896552,0.489655172413793,"2026-09-17","2026-09-18 14:10:06 UTC"
"519141","Drew Pomeranz","Chicago Cubs","L",2026-03-26,2026-07-19,131,115,32,21,4,0,7,12,0,2,17,1,57,100,37,9,28,22,32,18,33,87.8717171717172,26.3232323232323,8.7594406860262,131,0.278260869565217,0.353846153846154,0.495652173913044,0.849498327759197,0.217391304347826,0.129770992366412,0.0916030534351145,0.37,0.09,0.28,0.22,0.32,0.33,0.363307692307692,0.0668659594353145,0.567,0.667,"moderate","pitcher","fixed_linear_weights_v1","sabrhood_player_summary_v1",478,0.497907949790795,0.497907949790795,"2026-09-17","2026-09-18 14:10:06 UTC"
"664353","José Urquidy","Chicago White Sox","R",2026-03-29,2026-09-08,131,121,37,24,9,0,4,7,0,2,21,1,58,101,35,6,40,24,29,8,62,87.402,16.19,7.68841133742157,131,0.305785123966942,0.351145038167939,0.479338842975207,0.830483881143146,0.173553719008264,0.16030534351145,0.0534351145038168,0.346534653465347,0.0594059405940594,0.396039603960396,0.237623762376238,0.287128712871287,0.613861386138614,0.355648854961832,0.0586901628810807,0.567,0.669,"moderate","pitcher","fixed_linear_weights_v1","sabrhood_player_summary_v1",493,0.515212981744422,0.521298174442191,"2026-09-17","2026-09-18 14:10:06 UTC"
"680802","Ryan Weiss","Houston Astros","R",2026-03-27,2026-05-04,131,111,35,24,2,1,8,20,0,0,30,0,63,81,40,11,27,25,22,7,35,90.258024691358,16.8271604938272,11.0268123717757,131,0.315315315315315,0.419847328244275,0.567567567567568,0.987414895811842,0.252252252252252,0.229007633587786,0.152671755725191,0.493827160493827,0.135802469135802,0.333333333333333,0.308641975308642,0.271604938271605,0.432098765432099,0.420152671755725,0.0841741402425626,0.567,0.618,"moderate","pitcher","fixed_linear_weights_v1","sabrhood_player_summary_v1",530,0.445283018867925,0.445283018867925,"2026-09-17","2026-09-18 14:10:06 UTC"
"696070","Kendry Rojas","Minnesota Twins","L",2026-04-22,2026-08-02,130,104,23,16,5,0,2,22,0,1,34,0,34,73,23,4,32,12,21,8,24,83.7657534246575,12.0684931506849,-4.25345571067198,130,0.221153846153846,0.362204724409449,0.326923076923077,0.689127801332526,0.105769230769231,0.261538461538462,0.169230769230769,0.315068493150685,0.0547945205479452,0.438356164383562,0.164383561643836,0.287671232876712,0.328767123287671,0.316535433070866,-0.0327188900820922,0.565,0.593,"moderate","pitcher","fixed_linear_weights_v1","sabrhood_player_summary_v1",521,0.437619961612284,0.445297504798464,"2026-09-17","2026-09-18 14:10:06 UTC"
"686751","Seth Johnson","Athletics","R",2026-04-13,2026-09-16,129,111,29,16,10,0,3,17,0,1,35,0,48,76,33,8,29,25,16,6,34,88.9434210526316,12.5131578947368,8.6705500088068,129,0.261261261261261,0.364341085271318,0.432432432432432,0.79677351770375,0.171171171171171,0.271317829457364,0.131782945736434,0.434210526315789,0.105263157894737,0.381578947368421,0.328947368421053,0.210526315789474,0.447368421052632,0.348527131782946,0.0672135659597427,0.563,0.603,"moderate","pitcher","fixed_linear_weights_v1","sabrhood_player_summary_v1",494,0.469635627530364,0.477732793522267,"2026-09-17","2026-09-18 14:10:06 UTC"
"657424","Matt Gage","San Francisco Giants","L",2026-03-27,2026-07-03,127,106,28,16,5,1,6,17,0,1,22,2,53,86,27,9,36,22,24,4,44,86.0918604651163,11.4651162790698,6.30929607129581,127,0.264150943396226,0.365079365079365,0.5,0.865079365079365,0.235849056603774,0.173228346456693,0.133858267716535,0.313953488372093,0.104651162790698,0.418604651162791,0.255813953488372,0.27906976744186,0.511627906976744,0.367857142857143,0.0496794966243764,0.559,0.632,"moderate","pitcher","fixed_linear_weights_v1","sabrhood_player_summary_v1",526,0.475285171102662,0.376425855513308,"2026-09-17","2026-09-18 14:10:06 UTC"
"689818","David Sandlin","Chicago White Sox","R",2026-05-27,2026-09-13,126,113,24,16,1,1,6,12,0,1,29,0,45,84,28,7,39,21,21,3,44,86.7904761904762,8.07142857142857,2.22846526519881,126,0.212389380530973,0.293650793650794,0.398230088495575,0.691880882146369,0.185840707964602,0.23015873015873,0.0952380952380952,0.333333333333333,0.0833333333333333,0.464285714285714,0.25,0.25,0.523809523809524,0.301111111111111,0.0176862322634826,0.558,0.627,"moderate","pitcher","fixed_linear_weights_v1","sabrhood_player_summary_v1",479,0.455114822546973,0.45929018789144,"2026-09-17","2026-09-18 14:10:06 UTC"
"691946","George Klassen","Los Angeles Angels","R",2026-04-05,2026-08-24,126,103,23,17,4,0,2,21,0,1,24,1,33,79,36,6,41,16,19,3,41,88.9846153846154,5.5,-0.360036235822789,126,0.223300970873786,0.357142857142857,0.320388349514563,0.67753120665742,0.0970873786407767,0.19047619047619,0.166666666666667,0.455696202531646,0.0759493670886076,0.518987341772152,0.20253164556962,0.240506329113924,0.518987341772152,0.310714285714286,-0.00285743044303801,0.558,0.612,"moderate","pitcher","fixed_linear_weights_v1","sabrhood_player_summary_v1",491,0.456211812627291,0.462321792260692,"2026-09-17","2026-09-18 14:10:06 UTC"
"663765","Jake Woodford","Chicago Cubs","R",2026-03-26,2026-08-03,126,115,40,30,4,2,4,7,0,0,23,3,60,96,47,8,37,30,25,4,36,90.8322916666667,12.8958333333333,11.3676865517359,126,0.347826086956522,0.376,0.521739130434783,0.897739130434783,0.173913043478261,0.182539682539683,0.0555555555555556,0.489583333333333,0.0833333333333333,0.385416666666667,0.3125,0.260416666666667,0.375,0.3788,0.0902197345375862,0.558,0.658,"moderate","pitcher","fixed_linear_weights_v1","sabrhood_player_summary_v1",457,0.459518599562363,0.49671772428884,"2026-09-17","2026-09-18 14:10:06 UTC"
"669093","Jeremiah Estrada","San Diego Padres","R",2026-03-27,2026-08-24,126,109,20,15,3,0,2,16,0,0,38,0,29,72,24,5,27,20,19,6,30,83.3138888888889,14.6527777777778,-2.74611655408122,126,0.18348623853211,0.288,0.26605504587156,0.55405504587156,0.0825688073394495,0.301587301587302,0.126984126984127,0.333333333333333,0.0694444444444444,0.375,0.277777777777778,0.263888888888889,0.416666666666667,0.25584,-0.0217945758260414,0.558,0.59,"moderate","pitcher","fixed_linear_weights_v1","sabrhood_player_summary_v1",512,0.46875,0.412109375,"2026-09-17","2026-09-18 14:10:06 UTC"
"700363","AJ Smith-Shawver","Atlanta Braves","R",2026-07-29,2026-09-14,125,107,29,18,6,0,5,16,0,1,20,1,50,87,32,7,34,19,23,11,35,88.1045977011494,17.3218390804598,6.81217525337569,125,0.271028037383178,0.368,0.467289719626168,0.835289719626168,0.196261682242991,0.16,0.128,0.367816091954023,0.0804597701149425,0.390804597701149,0.218390804597701,0.264367816091954,0.402298850574713,0.36072,0.0544974020270055,0.556,0.635,"moderate","pitcher","fixed_linear_weights_v1","sabrhood_player_summary_v1",482,0.487551867219917,0.464730290456432,"2026-09-17","2026-09-18 14:10:06 UTC"
"693313","Carson Seymour","San Francisco Giants","R",2026-06-05,2026-09-16,125,107,29,18,6,0,5,15,1,1,19,0,50,89,34,8,43,21,21,4,41,87.2011235955056,6.68539325842697,7.69319804692173,125,0.271028037383178,0.365853658536585,0.467289719626168,0.833143378162754,0.196261682242991,0.152,0.12,0.382022471910112,0.0898876404494382,0.48314606741573,0.235955056179775,0.235955056179775,0.460674157303371,0.35827868852459,0.0615455843753738,0.556,0.64,"moderate","pitcher","fixed_linear_weights_v1","sabrhood_player_summary_v1",477,0.467505241090147,0.473794549266247,"2026-09-17","2026-09-18 14:10:06 UTC"
"695684","Elmer Rodríguez","New York Yankees","R",2026-04-29,2026-08-31,125,102,26,20,4,0,2,16,0,5,21,1,36,83,30,5,39,22,18,4,34,86.8084337349398,11.0602409638554,4.17898546374959,125,0.254901960784314,0.379032258064516,0.352941176470588,0.731973434535104,0.0980392156862746,0.168,0.128,0.36144578313253,0.0602409638554217,0.469879518072289,0.265060240963855,0.216867469879518,0.409638554216867,0.33241935483871,0.0334318837099967,0.556,0.624,"moderate","pitcher","fixed_linear_weights_v1","sabrhood_player_summary_v1",497,0.398390342052314,0.442655935613682,"2026-09-17","2026-09-18 14:10:06 UTC"
"702752","Jonathan Pintaro","New York Mets","R",2026-05-23,2026-09-15,125,106,24,16,3,0,5,14,0,3,30,0,42,78,32,5,33,17,21,7,28,88.0441558441558,15.7142857142857,3.06026427155221,125,0.226415094339623,0.333333333333333,0.39622641509434,0.729559748427673,0.169811320754717,0.24,0.112,0.41025641025641,0.0641025641025641,0.423076923076923,0.217948717948718,0.269230769230769,0.358974358974359,0.322520325203252,0.0244821141724177,0.556,0.609,"moderate","pitcher","fixed_linear_weights_v1","sabrhood_player_summary_v1",496,0.463709677419355,0.459677419354839,"2026-09-17","2026-09-18 14:10:06 UTC"
"660604","Alan Rangel","Philadelphia Phillies","R",2026-04-22,2026-08-10,123,107,31,18,8,1,4,13,0,2,29,1,53,79,24,6,26,19,23,11,44,86.9708860759494,19.4430379746835,2.48635750962128,123,0.289719626168224,0.373983739837398,0.495327102803738,0.869310842641137,0.205607476635514,0.235772357723577,0.105691056910569,0.30379746835443,0.0759493670886076,0.329113924050633,0.240506329113924,0.291139240506329,0.556962025316456,0.372113821138211,0.0202142886961079,0.552,0.612,"moderate","pitcher","fixed_linear_weights_v1","sabrhood_player_summary_v1",491,0.5010183299389,0.470468431771894,"2026-09-17","2026-09-18 14:10:06 UTC"
"676742","Cam Sanders","Baltimore Orioles","R",2026-04-18,2026-09-13,123,100,22,17,4,0,1,18,0,4,35,0,29,66,21,3,29,16,17,4,31,87.3848484848485,12.5757575757576,-1.87752820118502,123,0.22,0.360655737704918,0.29,0.650655737704918,0.07,0.284552845528455,0.146341463414634,0.318181818181818,0.0454545454545455,0.439393939393939,0.242424242424242,0.257575757575758,0.46969696969697,0.305163934426229,-0.0152644569202034,0.552,0.569,"moderate","pitcher","fixed_linear_weights_v1","sabrhood_player_summary_v1",510,0.447058823529412,0.429411764705882,"2026-09-17","2026-09-18 14:10:06 UTC"
"677961","Cole Wilcox","Seattle Mariners","R",2026-03-28,2026-08-06,122,103,27,23,2,0,2,16,0,2,28,1,35,76,35,5,34,26,13,3,35,91.0893333333333,6.64,-1.85589524061256,122,0.262135922330097,0.368852459016393,0.339805825242718,0.708658284259112,0.0776699029126214,0.229508196721311,0.131147540983607,0.460526315789474,0.0657894736842105,0.447368421052632,0.342105263157895,0.171052631578947,0.460526315789474,0.321475409836066,-0.0152122560705947,0.55,0.603,"moderate","pitcher","fixed_linear_weights_v1","sabrhood_player_summary_v1",484,0.462809917355372,0.473140495867769,"2026-09-17","2026-09-18 14:10:06 UTC"
"699823","Tyler Davis","Chicago White Sox","R",2026-04-25,2026-09-08,122,106,20,15,3,0,2,14,0,0,26,2,29,81,34,4,31,19,21,10,35,90.0037037037037,19.8271604938272,-1.82870490839768,122,0.188679245283019,0.278688524590164,0.273584905660377,0.552273430250541,0.0849056603773585,0.213114754098361,0.114754098360656,0.419753086419753,0.0493827160493827,0.382716049382716,0.234567901234568,0.259259259259259,0.432098765432099,0.250819672131148,-0.014989384495063,0.55,0.618,"moderate","pitcher","fixed_linear_weights_v1","sabrhood_player_summary_v1",470,0.514893617021277,0.476595744680851,"2026-09-17","2026-09-18 14:10:06 UTC"
"668881","Hunter Greene","Cincinnati Reds","R",2026-07-04,2026-07-31,121,111,29,19,6,0,4,9,0,0,33,1,47,79,37,4,21,28,22,8,29,90.225641025641,21.8333333333333,7.18073951156297,121,0.261261261261261,0.31404958677686,0.423423423423423,0.737473010200283,0.162162162162162,0.272727272727273,0.0743801652892562,0.468354430379747,0.0506329113924051,0.265822784810127,0.354430379746835,0.278481012658228,0.367088607594937,0.317438016528926,0.0593449546410163,0.548,0.612,"moderate","pitcher","fixed_linear_weights_v1","sabrhood_player_summary_v1",456,0.532894736842105,0.506578947368421,"2026-09-17","2026-09-18 14:10:06 UTC"
"663158","Robert Suarez","Atlanta Braves","R",2026-03-27,2026-06-19,121,114,21,19,1,0,1,6,0,0,26,0,25,88,29,2,42,18,21,7,35,84.3586206896552,8.54022988505747,-14.9989768891627,121,0.184210526315789,0.225,0.219298245614035,0.444298245614035,0.0350877192982456,0.214876033057851,0.0495867768595041,0.329545454545455,0.0227272727272727,0.477272727272727,0.204545454545455,0.238636363636364,0.397727272727273,0.200916666666667,-0.123958486687295,0.548,0.638,"moderate","pitcher","fixed_linear_weights_v1","sabrhood_player_summary_v1",466,0.536480686695279,0.44206008583691,"2026-09-17","2026-09-18 14:10:06 UTC"
"595014","Blake Treinen","Los Angeles Dodgers","R",2026-03-26,2026-09-17,120,107,27,16,6,2,3,10,1,1,31,1,46,78,33,9,37,15,24,2,31,85.761038961039,12.7922077922078,-1.67446833883362,120,0.252336448598131,0.319327731092437,0.429906542056075,0.749234273148512,0.177570093457944,0.258333333333333,0.0833333333333333,0.423076923076923,0.115384615384615,0.474358974358974,0.192307692307692,0.307692307692308,0.397435897435897,0.31864406779661,-0.0139539028236135,0.545,0.609,"moderate","pitcher","fixed_linear_weights_v1","sabrhood_player_summary_v1",457,0.483588621444201,0.466083150984683,"2026-09-17","2026-09-18 14:10:06 UTC"
"656986","Bennett Sousa","Houston Astros","L",2026-04-25,2026-09-15,119,101,28,20,4,0,4,16,0,0,27,1,44,76,27,8,25,17,30,4,39,87.6578947368421,19.2368421052632,6.2754960013813,119,0.277227722772277,0.372881355932203,0.435643564356436,0.808524920288639,0.158415841584158,0.226890756302521,0.134453781512605,0.355263157894737,0.105263157894737,0.328947368421053,0.223684210526316,0.394736842105263,0.513157894736842,0.352881355932203,0.0527352605158092,0.543,0.603,"moderate","pitcher","fixed_linear_weights_v1","sabrhood_player_summary_v1",454,0.477973568281938,0.511013215859031,"2026-09-17","2026-09-18 14:10:06 UTC"
"703615","Jose Cabrera","Arizona Diamondbacks","R",2026-06-21,2026-09-07,119,105,27,19,4,0,4,10,0,3,18,0,43,88,29,11,42,15,22,9,35,82.8840909090909,10.7613636363636,0.976103767408355,119,0.257142857142857,0.338983050847458,0.40952380952381,0.748506860371267,0.152380952380952,0.151260504201681,0.0840336134453782,0.329545454545455,0.125,0.477272727272727,0.170454545454545,0.25,0.397727272727273,0.32864406779661,0.0082025526672971,0.543,0.638,"moderate","pitcher","fixed_linear_weights_v1","sabrhood_player_summary_v1",423,0.439716312056738,0.458628841607565,"2026-09-17","2026-09-18 14:10:06 UTC"
"689546","Nick Davila","Seattle Mariners","R",2026-05-03,2026-08-30,119,100,24,17,5,0,2,13,0,4,13,2,35,89,25,4,46,19,18,6,47,88.1640449438202,9.57303370786517,4.62771563896698,119,0.24,0.34453781512605,0.35,0.69453781512605,0.11,0.109243697478992,0.109243697478992,0.280898876404494,0.0449438202247191,0.51685393258427,0.213483146067416,0.202247191011236,0.528089887640449,0.311176470588235,0.0388883667140082,0.543,0.64,"moderate","pitcher","fixed_linear_weights_v1","sabrhood_player_summary_v1",446,0.455156950672646,0.504484304932735,"2026-09-17","2026-09-18 14:10:06 UTC"
"676428","Brant Hurter","Detroit Tigers","L",2026-03-28,2026-09-15,118,104,19,13,5,0,1,11,0,1,21,1,27,85,26,3,50,20,11,4,36,83.6845238095238,3.54761904761905,-9.81539828157739,118,0.182692307692308,0.264957264957265,0.259615384615385,0.52457264957265,0.076923076923077,0.177966101694915,0.0932203389830508,0.305882352941176,0.0352941176470588,0.588235294117647,0.235294117647059,0.129411764705882,0.423529411764706,0.238974358974359,-0.0831813413692999,0.541,0.63,"moderate","pitcher","fixed_linear_weights_v1","sabrhood_player_summary_v1",423,0.437352245862884,0.517730496453901,"2026-09-17","2026-09-18 14:10:06 UTC"
"814490","Ethan Pecko","Houston Astros","R",2026-08-19,2026-09-17,117,103,20,11,4,0,5,12,0,2,19,0,39,83,32,8,31,16,26,10,37,89.2780487804878,19.4512195121951,-1.41749892629907,117,0.194174757281553,0.290598290598291,0.378640776699029,0.66923906729732,0.184466019417476,0.162393162393162,0.102564102564103,0.385542168674699,0.0963855421686747,0.373493975903614,0.192771084337349,0.313253012048193,0.44578313253012,0.294102564102564,-0.0121153754384536,0.539,0.624,"moderate","pitcher","fixed_linear_weights_v1","sabrhood_player_summary_v1",487,0.453798767967146,0.42299794661191,"2026-09-17","2026-09-18 14:10:06 UTC"
"663893","Brendon Little","Toronto Blue Jays","L",2026-03-28,2026-09-15,116,97,27,16,6,0,5,18,1,0,40,0,48,56,24,4,33,11,10,2,22,89.0839285714286,-0.5,10.0281241765742,116,0.278350515463918,0.391304347826087,0.494845360824742,0.886149708650829,0.216494845360825,0.344827586206897,0.155172413793103,0.428571428571429,0.0714285714285714,0.589285714285714,0.196428571428571,0.178571428571429,0.392857142857143,0.379824561403509,0.0864493463497777,0.537,0.528,"moderate","pitcher","fixed_linear_weights_v1","sabrhood_player_summary_v1",510,0.419607843137255,0.364705882352941,"2026-09-17","2026-09-18 14:10:06 UTC"
"592836","Taijuan Walker","Philadelphia Phillies","R",2026-03-30,2026-04-22,116,103,36,22,5,1,8,11,0,1,17,1,67,86,31,11,34,19,29,4,29,87.5470588235294,13.3647058823529,13.9723867380547,116,0.349514563106796,0.413793103448276,0.650485436893204,1.06427854034148,0.300970873786408,0.146551724137931,0.0948275862068965,0.36046511627907,0.127906976744186,0.395348837209302,0.22093023255814,0.337209302325581,0.337209302325581,0.444051724137931,0.120451609810817,0.537,0.632,"moderate","pitcher","fixed_linear_weights_v1","sabrhood_player_summary_v1",424,0.450471698113208,0.464622641509434,"2026-09-17","2026-09-18 14:10:06 UTC"
"676684","Will Vest","Detroit Tigers","R",2026-03-26,2026-06-27,116,102,28,21,5,0,2,10,0,2,27,1,39,77,27,4,48,13,15,1,31,88.3,2.21052631578947,10.1542122834597,116,0.274509803921569,0.347826086956522,0.382352941176471,0.730179028132992,0.107843137254902,0.232758620689655,0.0862068965517241,0.350649350649351,0.051948051948052,0.623376623376623,0.168831168831169,0.194805194805195,0.402597402597403,0.322086956521739,0.0875363127884453,0.537,0.606,"moderate","pitcher","fixed_linear_weights_v1","sabrhood_player_summary_v1",484,0.481404958677686,0.462809917355372,"2026-09-17","2026-09-18 14:10:06 UTC"
"687941","Alec Gamboa","Boston Red Sox","L",2026-05-05,2026-09-17,115,102,22,14,6,1,1,9,0,1,21,2,33,84,33,2,45,19,15,5,44,88.8746987951807,5.7710843373494,-7.77965592218366,115,0.215686274509804,0.280701754385965,0.323529411764706,0.604231166150671,0.107843137254902,0.182608695652174,0.0782608695652174,0.392857142857143,0.0238095238095238,0.535714285714286,0.226190476190476,0.178571428571429,0.523809523809524,0.265438596491228,-0.0676491819320318,0.535,0.627,"moderate","pitcher","fixed_linear_weights_v1","sabrhood_player_summary_v1",397,0.521410579345088,0.513853904282116,"2026-09-17","2026-09-18 14:10:06 UTC"
"694795","Josh Ekness","Miami Marlins","R",2026-05-03,2026-09-15,115,93,22,17,3,0,2,17,0,2,18,1,31,78,27,5,31,16,26,5,30,85.5641025641026,16.1794871794872,3.7606948226602,115,0.236559139784946,0.36283185840708,0.333333333333333,0.696165191740413,0.0967741935483871,0.156521739130435,0.147826086956522,0.346153846153846,0.0641025641025641,0.397435897435897,0.205128205128205,0.333333333333333,0.384615384615385,0.317433628318584,0.0327016941100887,0.535,0.609,"moderate","pitcher","fixed_linear_weights_v1","sabrhood_player_summary_v1",471,0.401273885350318,0.494692144373673,"2026-09-17","2026-09-18 14:10:06 UTC"
"683627","Anthony Molina","San Francisco Giants","R",2026-05-01,2026-09-16,114,108,25,15,6,1,3,6,0,0,25,0,42,83,32,7,33,21,27,2,33,86.466265060241,12.1686746987952,1.8202857812134,114,0.231481481481481,0.271929824561404,0.388888888888889,0.660818713450292,0.157407407407407,0.219298245614035,0.0526315789473684,0.385542168674699,0.0843373493975904,0.397590361445783,0.253012048192771,0.325301204819277,0.397590361445783,0.283947368421053,0.0159674191334508,0.533,0.624,"moderate","pitcher","fixed_linear_weights_v1","sabrhood_player_summary_v1",457,0.512035010940919,0.487964989059081,"2026-09-17","2026-09-18 14:10:06 UTC"
"657756","Connor Seabold","Kansas City Royals","R",2026-03-28,2026-06-30,114,99,30,22,6,0,2,9,0,3,20,3,42,81,30,4,35,20,23,3,30,87.45625,11.0625,8.07091388485885,114,0.303030303030303,0.368421052631579,0.424242424242424,0.792663476874003,0.121212121212121,0.175438596491228,0.0789473684210526,0.37037037037037,0.0493827160493827,0.432098765432099,0.246913580246914,0.283950617283951,0.37037037037037,0.343771929824561,0.0707974902180601,0.533,0.618,"moderate","pitcher","fixed_linear_weights_v1","sabrhood_player_summary_v1",468,0.476495726495726,0.47008547008547,"2026-09-17","2026-09-18 14:10:06 UTC"
"669211","Keegan Akin","Baltimore Orioles","L",2026-04-25,2026-06-27,114,102,29,21,3,2,3,9,0,0,17,2,45,88,25,4,31,18,31,8,34,84.2593023255814,21.3720930232558,5.27216913908702,114,0.284313725490196,0.336283185840708,0.441176470588235,0.777459656428943,0.156862745098039,0.149122807017544,0.0789473684210526,0.284090909090909,0.0454545454545455,0.352272727272727,0.204545454545455,0.352272727272727,0.386363636363636,0.332389380530973,0.0462470977112896,0.533,0.638,"moderate","pitcher","fixed_linear_weights_v1","sabrhood_player_summary_v1",443,0.492099322799097,0.523702031602709,"2026-09-17","2026-09-18 14:10:06 UTC"
"807743","Sean Sullivan","Colorado Rockies","L",2026-06-12,2026-07-04,114,99,34,13,14,2,5,11,0,3,16,1,67,84,29,8,17,25,34,8,29,87.8845238095238,28.6309523809524,9.40524111863647,114,0.343434343434343,0.421052631578947,0.676767676767677,1.09782030834662,0.333333333333333,0.140350877192982,0.0964912280701754,0.345238095238095,0.0952380952380952,0.202380952380952,0.297619047619048,0.404761904761905,0.345238095238095,0.453684210526316,0.0825021150757585,0.533,0.627,"moderate","pitcher","fixed_linear_weights_v1","sabrhood_player_summary_v1",412,0.478155339805825,0.533980582524272,"2026-09-17","2026-09-18 14:10:06 UTC"
"650960","Daniel Duarte","New York Mets","R",2026-05-19,2026-09-15,113,105,17,12,2,0,3,7,0,1,30,0,28,74,18,5,23,19,23,9,28,82.4756756756757,20.5945945945946,-5.9056853322811,113,0.161904761904762,0.221238938053097,0.266666666666667,0.487905604719764,0.104761904761905,0.265486725663717,0.0619469026548673,0.243243243243243,0.0675675675675676,0.310810810810811,0.256756756756757,0.310810810810811,0.378378378378378,0.21787610619469,-0.052262702055585,0.531,0.597,"moderate","pitcher","fixed_linear_weights_v1","sabrhood_player_summary_v1",463,0.526997840172786,0.481641468682505,"2026-09-17","2026-09-18 14:10:06 UTC"
"680604","Blas Castaño","Colorado Rockies","R",2026-05-17,2026-09-14,112,100,27,18,3,2,4,9,0,2,21,1,46,79,38,7,35,18,24,2,37,91.2653846153846,8.43589743589744,0.510948509916905,112,0.27,0.339285714285714,0.46,0.799285714285714,0.19,0.1875,0.0803571428571429,0.481012658227848,0.0886075949367089,0.443037974683544,0.227848101265823,0.30379746835443,0.468354430379747,0.342589285714286,0.00456204026711522,0.528,0.612,"moderate","pitcher","fixed_linear_weights_v1","sabrhood_player_summary_v1",460,0.467391304347826,0.5,"2026-09-17","2026-09-18 14:10:06 UTC"
"656222","Jalen Beeks","Texas Rangers","L",2026-03-26,2026-06-09,112,103,28,17,5,0,6,7,0,0,21,0,51,84,36,8,37,19,23,5,42,88.1845238095238,12.2261904761905,0.450213188481109,112,0.271844660194175,0.318181818181818,0.495145631067961,0.813327449249779,0.223300970873786,0.1875,0.0625,0.428571428571429,0.0952380952380952,0.44047619047619,0.226190476190476,0.273809523809524,0.5,0.345909090909091,0.00401976061143848,0.528,0.627,"moderate","pitcher","fixed_linear_weights_v1","sabrhood_player_summary_v1",407,0.471744471744472,0.523341523341523,"2026-09-17","2026-09-18 14:10:06 UTC"
"677020","Josh Walker","Baltimore Orioles","L",2026-05-12,2026-09-16,111,103,22,16,4,0,2,6,0,1,26,1,32,78,28,3,34,15,23,6,34,87.2923076923077,16.5128205128205,-6.97767305709618,111,0.213592233009709,0.261261261261261,0.310679611650485,0.571940872911747,0.0970873786407767,0.234234234234234,0.0540540540540541,0.358974358974359,0.0384615384615385,0.435897435897436,0.192307692307692,0.294871794871795,0.435897435897436,0.251531531531532,-0.062861919433299,0.526,0.609,"moderate","pitcher","fixed_linear_weights_v1","sabrhood_player_summary_v1",446,0.504484304932735,0.479820627802691,"2026-09-17","2026-09-18 14:10:06 UTC"
"681799","Ethan Roberts","Chicago Cubs","R",2026-04-05,2026-06-28,110,93,22,16,2,1,3,14,0,3,17,0,35,76,34,3,36,17,16,7,39,91.0565789473684,13.9078947368421,4.284566204431,110,0.236559139784946,0.354545454545455,0.376344086021505,0.73088954056696,0.139784946236559,0.154545454545455,0.127272727272727,0.447368421052632,0.0394736842105263,0.473684210526316,0.223684210526316,0.210526315789474,0.513157894736842,0.327,0.0389506018584636,0.524,0.603,"moderate","pitcher","fixed_linear_weights_v1","sabrhood_player_summary_v1",436,0.435779816513761,0.470183486238532,"2026-09-17","2026-09-18 14:10:06 UTC"
"694037","Daniel Palencia","Chicago Cubs","R",2026-03-29,2026-09-15,108,97,25,16,5,0,4,9,0,1,26,1,42,72,23,4,23,26,19,4,31,88.7513888888889,15.2361111111111,1.82551699231383,108,0.257731958762887,0.324074074074074,0.43298969072165,0.757063764795724,0.175257731958763,0.240740740740741,0.0833333333333333,0.319444444444444,0.0555555555555556,0.319444444444444,0.361111111111111,0.263888888888889,0.430555555555556,0.326388888888889,0.0169029351140169,0.519,0.59,"moderate","pitcher","fixed_linear_weights_v1","sabrhood_player_summary_v1",431,0.501160092807425,0.480278422273782,"2026-09-17","2026-09-18 14:10:06 UTC"
"642546","Jonathan Hernández","Los Angeles Dodgers","R",2026-05-22,2026-08-15,108,96,21,13,4,0,4,12,1,0,22,0,37,74,30,4,30,18,23,3,29,88.3506849315068,14.8219178082192,3.72355569046651,108,0.21875,0.305555555555556,0.385416666666667,0.690972222222222,0.166666666666667,0.203703703703704,0.111111111111111,0.405405405405405,0.0540540540540541,0.405405405405405,0.243243243243243,0.310810810810811,0.391891891891892,0.299345794392523,0.0344773675043195,0.519,0.597,"moderate","pitcher","fixed_linear_weights_v1","sabrhood_player_summary_v1",413,0.438256658595642,0.472154963680387,"2026-09-17","2026-09-18 14:10:06 UTC"
"623437","Justin Topa","New York Yankees","R",2026-03-26,2026-08-29,108,92,31,23,4,0,4,12,0,2,15,2,47,79,34,6,43,15,18,3,28,90.0181818181818,8.15584415584416,6.57630044931683,108,0.33695652173913,0.416666666666667,0.510869565217391,0.927536231884058,0.173913043478261,0.138888888888889,0.111111111111111,0.430379746835443,0.0759493670886076,0.544303797468354,0.189873417721519,0.227848101265823,0.354430379746835,0.397777777777778,0.0608916708270076,0.519,0.612,"moderate","pitcher","fixed_linear_weights_v1","sabrhood_player_summary_v1",414,0.43719806763285,0.468599033816425,"2026-09-17","2026-09-18 14:10:06 UTC"
"573009","Joe Mantiply","Toronto Blue Jays","L",2026-04-05,2026-09-15,107,98,26,19,4,0,3,5,0,1,21,1,39,79,31,8,39,24,11,5,41,86.8911392405063,2.30379746835443,-3.01812011086342,107,0.26530612244898,0.304761904761905,0.397959183673469,0.702721088435374,0.13265306122449,0.196261682242991,0.0467289719626168,0.392405063291139,0.10126582278481,0.493670886075949,0.30379746835443,0.139240506329114,0.518987341772152,0.303619047619048,-0.0282067300080694,0.517,0.612,"moderate","pitcher","fixed_linear_weights_v1","sabrhood_player_summary_v1",378,0.494708994708995,0.462962962962963,"2026-09-17","2026-09-18 14:10:06 UTC"
"807739","Kade Anderson","Seattle Mariners","L",2026-08-22,2026-09-14,107,97,28,20,3,1,4,8,0,0,21,2,45,78,31,6,30,21,20,7,38,86.9602564102564,13.5,-0.104620008842826,107,0.288659793814433,0.336448598130841,0.463917525773196,0.800366123904037,0.175257731958763,0.196261682242991,0.0747663551401869,0.397435897435897,0.0769230769230769,0.384615384615385,0.269230769230769,0.256410256410256,0.487179487179487,0.340560747663551,-0.000977757091989024,0.517,0.609,"moderate","pitcher","fixed_linear_weights_v1","sabrhood_player_summary_v1",398,0.537688442211055,0.525125628140704,"2026-09-17","2026-09-18 14:10:06 UTC"
"661563","Luis Gil","New York Yankees","R",2026-04-10,2026-09-10,107,90,20,11,3,0,6,13,0,4,14,0,41,75,37,7,32,12,26,5,33,91.94,16.8933333333333,3.2552464946192,107,0.222222222222222,0.345794392523364,0.455555555555556,0.80134994807892,0.233333333333333,0.130841121495327,0.121495327102804,0.493333333333333,0.0933333333333333,0.426666666666667,0.16,0.346666666666667,0.44,0.348691588785047,0.0304228644356934,0.517,0.6,"moderate","pitcher","fixed_linear_weights_v1","sabrhood_player_summary_v1",417,0.424460431654676,0.45083932853717,"2026-09-17","2026-09-18 14:10:06 UTC"
"694360","Beck Way","Kansas City Royals","R",2026-06-05,2026-07-24,105,92,27,22,1,0,4,10,0,1,21,2,40,73,31,6,38,16,16,3,27,90.2972602739726,3.95890410958904,-2.17759474531274,105,0.293478260869565,0.361904761904762,0.434782608695652,0.796687370600414,0.141304347826087,0.2,0.0952380952380952,0.424657534246575,0.0821917808219178,0.520547945205479,0.219178082191781,0.219178082191781,0.36986301369863,0.345333333333333,-0.020738997574407,0.512,0.593,"moderate","pitcher","fixed_linear_weights_v1","sabrhood_player_summary_v1",389,0.447300771208226,0.48586118251928,"2026-09-17","2026-09-18 14:10:06 UTC"
"680916","Franco Aleman","Cleveland Guardians","R",2026-05-10,2026-09-12,105,91,25,19,2,0,4,10,0,4,28,0,39,61,24,4,18,16,18,9,24,89.4344262295082,23.7540983606557,6.17114380935712,105,0.274725274725275,0.371428571428571,0.428571428571429,0.8,0.153846153846154,0.266666666666667,0.0952380952380952,0.39344262295082,0.0655737704918033,0.295081967213115,0.262295081967213,0.295081967213115,0.39344262295082,0.352571428571429,0.0587727981843535,0.512,0.55,"moderate","pitcher","fixed_linear_weights_v1","sabrhood_player_summary_v1",427,0.456674473067916,0.475409836065574,"2026-09-17","2026-09-18 14:10:06 UTC"
"686560","Gavin Collyer","Texas Rangers","R",2026-04-15,2026-07-17,104,80,15,10,4,0,1,18,0,6,22,0,22,58,17,2,21,13,14,10,24,86.6793103448276,17.1551724137931,1.71671293150499,104,0.1875,0.375,0.275,0.65,0.0875,0.211538461538462,0.173076923076923,0.293103448275862,0.0344827586206897,0.362068965517241,0.224137931034483,0.241379310344828,0.413793103448276,0.312596153846154,0.0165068551106249,0.51,0.537,"moderate","pitcher","fixed_linear_weights_v1","sabrhood_player_summary_v1",446,0.37219730941704,0.461883408071749,"2026-09-17","2026-09-18 14:10:06 UTC"
"621366","Ryan Borucki","San Francisco Giants","L",2026-03-27,2026-05-30,103,92,27,16,8,0,3,8,0,2,15,1,44,78,31,4,35,15,23,5,42,88.301282051282,14.1794871794872,3.93217209556028,103,0.293478260869565,0.359223300970874,0.478260869565217,0.837484170536091,0.184782608695652,0.145631067961165,0.0776699029126214,0.397435897435897,0.0512820512820513,0.448717948717949,0.192307692307692,0.294871794871795,0.538461538461538,0.359126213592233,0.0381764281122357,0.507,0.609,"moderate","pitcher","fixed_linear_weights_v1","sabrhood_player_summary_v1",380,0.494736842105263,0.471052631578947,"2026-09-17","2026-09-18 14:10:06 UTC"
"690978","Dax Fulton","Miami Marlins","L",2026-05-06,2026-09-15,102,86,15,11,2,2,0,14,0,1,24,1,21,63,25,3,39,15,6,3,31,89.2177419354839,2.43548387096774,-5.32012207846887,102,0.174418604651163,0.294117647058824,0.244186046511628,0.538303693570451,0.0697674418604651,0.235294117647059,0.137254901960784,0.396825396825397,0.0476190476190476,0.619047619047619,0.238095238095238,0.0952380952380952,0.492063492063492,0.25156862745098,-0.0521580595928321,0.505,0.558,"moderate","pitcher","fixed_linear_weights_v1","sabrhood_player_summary_v1",407,0.437346437346437,0.42997542997543,"2026-09-17","2026-09-18 14:10:06 UTC"
"690279","Mason Adams","Colorado Rockies","R",2026-08-25,2026-09-16,101,87,26,16,3,1,6,12,0,1,23,1,49,65,36,7,24,17,22,2,29,92.2123076923077,14.7384615384615,0.914895192503398,101,0.298850574712644,0.386138613861386,0.563218390804598,0.949357004665984,0.264367816091954,0.227722772277228,0.118811881188119,0.553846153846154,0.107692307692308,0.369230769230769,0.261538461538462,0.338461538461538,0.446153846153846,0.40019801980198,0.0090583682426079,0.502,0.565,"moderate","pitcher","fixed_linear_weights_v1","sabrhood_player_summary_v1",388,0.463917525773196,0.489690721649485,"2026-09-17","2026-09-18 14:10:06 UTC"
"664129","Geoff Hartlieb","Athletics","R",2026-06-20,2026-09-17,100,86,23,16,4,2,1,10,0,1,16,3,34,73,30,3,28,20,21,4,39,89.6821917808219,16.7123287671233,0.18844091333349,100,0.267441860465116,0.34,0.395348837209302,0.735348837209302,0.127906976744186,0.16,0.1,0.410958904109589,0.0410958904109589,0.383561643835616,0.273972602739726,0.287671232876712,0.534246575342466,0.3179,0.0018844091333349,0.5,0.593,"moderate","pitcher","fixed_linear_weights_v1","sabrhood_player_summary_v1",351,0.495726495726496,0.467236467236467,"2026-09-17","2026-09-18 14:10:06 UTC"
"601713","Nick Pivetta","San Diego Padres","R",2026-03-26,2026-09-13,100,94,19,13,5,0,1,6,0,0,31,0,27,63,23,6,23,12,20,8,28,87.9269841269841,19.7142857142857,-2.66045912391661,100,0.202127659574468,0.25,0.287234042553192,0.537234042553192,0.0851063829787234,0.31,0.06,0.365079365079365,0.0952380952380952,0.365079365079365,0.19047619047619,0.317460317460317,0.444444444444444,0.2379,-0.0266045912391661,0.5,0.558,"moderate","pitcher","fixed_linear_weights_v1","sabrhood_player_summary_v1",411,0.474452554744526,0.48661800486618,"2026-09-17","2026-09-18 14:10:06 UTC"
"681676","Ryan Fernandez","St. Louis Cardinals","R",2026-04-13,2026-09-02,100,88,19,10,7,0,2,11,0,0,28,1,32,61,24,4,25,16,17,3,29,87.1393442622951,7.62295081967213,1.69365771698621,100,0.215909090909091,0.3,0.363636363636364,0.663636363636364,0.147727272727273,0.28,0.11,0.39344262295082,0.0655737704918033,0.409836065573771,0.262295081967213,0.278688524590164,0.475409836065574,0.2909,0.0169365771698621,0.5,0.55,"moderate","pitcher","fixed_linear_weights_v1","sabrhood_player_summary_v1",387,0.48578811369509,0.439276485788114,"2026-09-17","2026-09-18 14:10:06 UTC"
"677053","Andrew Nardi","Miami Marlins","L",2026-03-27,2026-05-27,99,86,21,12,5,0,4,11,0,1,27,0,38,60,27,9,26,13,19,2,26,88.7116666666667,11.1,3.61959393514332,99,0.244186046511628,0.336734693877551,0.441860465116279,0.77859515899383,0.197674418604651,0.272727272727273,0.111111111111111,0.45,0.15,0.433333333333333,0.216666666666667,0.316666666666667,0.433333333333333,0.337857142857143,0.0365615549004376,0.497,0.545,"developing","pitcher","fixed_linear_weights_v1","sabrhood_player_summary_v1",378,0.478835978835979,0.497354497354497,"2026-09-17","2026-09-18 14:10:06 UTC"
"671345","Jason Foley","San Francisco Giants","R",2026-07-17,2026-09-15,97,89,25,18,5,1,1,7,0,0,13,1,35,77,28,3,41,16,18,2,36,86.9558441558442,4.41558441558442,3.59769914725909,97,0.280898876404494,0.329896907216495,0.393258426966292,0.723155334182787,0.112359550561798,0.134020618556701,0.0721649484536082,0.363636363636364,0.038961038961039,0.532467532467532,0.207792207792208,0.233766233766234,0.467532467532468,0.313814432989691,0.0370896819305061,0.492,0.606,"developing","pitcher","fixed_linear_weights_v1","sabrhood_player_summary_v1",376,0.430851063829787,0.476063829787234,"2026-09-17","2026-09-18 14:10:06 UTC"
"688883","Peyton Pallette","Cleveland Guardians","R",2026-03-27,2026-05-23,97,78,17,11,4,0,2,16,0,3,22,0,27,56,24,3,20,18,10,8,22,89.5321428571429,16.1071428571429,2.33335576302174,97,0.217948717948718,0.371134020618557,0.346153846153846,0.717287866772403,0.128205128205128,0.22680412371134,0.164948453608247,0.428571428571429,0.0535714285714286,0.357142857142857,0.321428571428571,0.178571428571429,0.392857142857143,0.328453608247423,0.0240552140517705,0.492,0.528,"developing","pitcher","fixed_linear_weights_v1","sabrhood_player_summary_v1",442,0.398190045248869,0.463800904977376,"2026-09-17","2026-09-18 14:10:06 UTC"
"543056","Danny Coulombe","Boston Red Sox","L",2026-03-28,2026-07-11,96,80,18,16,1,0,1,15,0,1,10,0,22,70,15,0,30,16,17,7,29,81.4557142857143,8.34285714285714,-3.08163895065151,96,0.225,0.354166666666667,0.275,0.629166666666667,0.05,0.104166666666667,0.15625,0.214285714285714,0,0.428571428571429,0.228571428571429,0.242857142857143,0.414285714285714,0.295833333333333,-0.0321004057359532,0.49,0.583,"developing","pitcher","fixed_linear_weights_v1","sabrhood_player_summary_v1",386,0.440414507772021,0.461139896373057,"2026-09-17","2026-09-18 14:10:06 UTC"
"592866","Trevor Williams","Texas Rangers","R",2026-07-29,2026-09-09,96,82,20,13,4,0,3,9,0,2,26,3,33,59,21,4,28,13,15,3,24,86.2728813559322,10.6949152542373,-1.65889354548142,96,0.24390243902439,0.322916666666667,0.402439024390244,0.725355691056911,0.158536585365854,0.270833333333333,0.09375,0.355932203389831,0.0677966101694915,0.474576271186441,0.220338983050847,0.254237288135593,0.406779661016949,0.313333333333333,-0.0172801410987648,0.49,0.541,"developing","pitcher","fixed_linear_weights_v1","sabrhood_player_summary_v1",421,0.477434679334917,0.429928741092637,"2026-09-17","2026-09-18 14:10:06 UTC"
"675989","Cody Bolton","Houston Astros","R",2026-03-31,2026-05-17,95,78,21,12,6,0,3,14,0,1,22,1,36,58,28,7,22,16,17,3,21,89.0844827586207,12.9310344827586,3.7381307198791,95,0.269230769230769,0.382978723404255,0.461538461538462,0.844517184942717,0.192307692307692,0.231578947368421,0.147368421052632,0.482758620689655,0.120689655172414,0.379310344827586,0.275862068965517,0.293103448275862,0.362068965517241,0.366063829787234,0.03934874441978,0.487,0.537,"developing","pitcher","fixed_linear_weights_v1","sabrhood_player_summary_v1",388,0.414948453608247,0.479381443298969,"2026-09-17","2026-09-18 14:10:06 UTC"
"684442","Kohl Drake","Arizona Diamondbacks","L",2026-07-21,2026-08-28,95,82,24,11,7,1,5,7,0,4,17,2,48,67,33,12,20,18,25,4,25,89.744776119403,17.3582089552239,4.88967916771433,95,0.292682926829268,0.368421052631579,0.585365853658537,0.953786906290115,0.292682926829268,0.178947368421053,0.0736842105263158,0.492537313432836,0.17910447761194,0.298507462686567,0.26865671641791,0.373134328358209,0.373134328358209,0.396631578947368,0.0514703070285719,0.487,0.573,"developing","pitcher","fixed_linear_weights_v1","sabrhood_player_summary_v1",382,0.43979057591623,0.465968586387435,"2026-09-17","2026-09-18 14:10:06 UTC"
"675540","Xzavion Curry","New York Mets","R",2026-07-08,2026-09-16,95,85,22,11,4,0,7,9,0,1,15,0,47,69,29,8,18,11,30,10,24,91.0797101449275,31.6666666666667,1.25653362978752,95,0.258823529411765,0.336842105263158,0.552941176470588,0.889783281733746,0.294117647058824,0.157894736842105,0.0947368421052632,0.420289855072464,0.115942028985507,0.260869565217391,0.159420289855072,0.434782608695652,0.347826086956522,0.375157894736842,0.013226669787237,0.487,0.58,"developing","pitcher","fixed_linear_weights_v1","sabrhood_player_summary_v1",354,0.457627118644068,0.491525423728814,"2026-09-17","2026-09-18 14:10:06 UTC"
"679775","Kyle Backhus","Philadelphia Phillies","L",2026-03-26,2026-08-03,94,85,25,19,2,1,3,6,0,2,20,1,38,66,20,3,30,18,15,3,24,85.1476923076923,8.30769230769231,1.74792424267843,94,0.294117647058824,0.351063829787234,0.447058823529412,0.798122653316646,0.152941176470588,0.212765957446809,0.0638297872340425,0.303030303030303,0.0454545454545455,0.454545454545455,0.272727272727273,0.227272727272727,0.363636363636364,0.34436170212766,0.0185949387518982,0.485,0.569,"developing","pitcher","fixed_linear_weights_v1","sabrhood_player_summary_v1",354,0.432203389830508,0.488700564971751,"2026-09-17","2026-09-18 14:10:06 UTC"
"668820","Max Kranick","Washington Nationals","R",2026-07-18,2026-09-02,94,79,27,15,7,1,4,13,0,1,11,0,48,69,24,5,22,20,18,9,35,86.5521739130435,19.7246376811594,8.40704391113808,94,0.341772151898734,0.440860215053763,0.607594936708861,1.04845515176262,0.265822784810127,0.117021276595745,0.138297872340426,0.347826086956522,0.072463768115942,0.318840579710145,0.289855072463768,0.260869565217391,0.507246376811594,0.442688172043011,0.0894366373525328,0.485,0.58,"developing","pitcher","fixed_linear_weights_v1","sabrhood_player_summary_v1",340,0.479411764705882,0.444117647058824,"2026-09-17","2026-09-18 14:10:06 UTC"
"669724","Brenan Hanifee","Detroit Tigers","R",2026-04-26,2026-08-06,93,85,24,15,4,0,5,6,0,1,10,0,43,75,34,6,46,11,16,2,36,89.0121621621622,2.36486486486486,2.02734092052559,93,0.282352941176471,0.33695652173913,0.505882352941176,0.842838874680307,0.223529411764706,0.10752688172043,0.0645161290322581,0.453333333333333,0.08,0.613333333333333,0.146666666666667,0.213333333333333,0.48,0.35945652173913,0.0217993647368343,0.482,0.6,"developing","pitcher","fixed_linear_weights_v1","sabrhood_player_summary_v1",321,0.454828660436137,0.529595015576324,"2026-09-17","2026-09-18 14:10:06 UTC"
"641312","Shaun Anderson","Los Angeles Angels","R",2026-03-30,2026-08-09,93,81,25,20,1,0,4,10,0,1,17,0,38,65,25,6,30,16,14,5,29,86.3230769230769,12.8461538461538,8.59188187598106,93,0.308641975308642,0.391304347826087,0.469135802469136,0.860440150295223,0.160493827160494,0.182795698924731,0.10752688172043,0.384615384615385,0.0923076923076923,0.461538461538462,0.246153846153846,0.215384615384615,0.446153846153846,0.375,0.0923858266234523,0.482,0.565,"developing","pitcher","fixed_linear_weights_v1","sabrhood_player_summary_v1",351,0.45014245014245,0.47008547008547,"2026-09-17","2026-09-18 14:10:06 UTC"
"683742","Jose Franco","Cincinnati Reds","R",2026-03-30,2026-07-28,92,76,19,10,5,1,3,15,0,0,15,1,35,62,21,6,21,14,21,6,27,88.04,19.6,0.929937678247424,92,0.25,0.369565217391304,0.460526315789474,0.830091533180778,0.210526315789474,0.16304347826087,0.16304347826087,0.338709677419355,0.0967741935483871,0.338709677419355,0.225806451612903,0.338709677419355,0.435483870967742,0.35804347826087,0.0101080182418198,0.479,0.554,"developing","pitcher","fixed_linear_weights_v1","sabrhood_player_summary_v1",346,0.445086705202312,0.459537572254335,"2026-09-17","2026-09-18 14:10:06 UTC"
"690953","Mick Abel","Minnesota Twins","R",2026-03-29,2026-04-14,92,80,22,16,6,0,0,9,0,3,23,0,28,57,23,3,23,16,14,4,27,85.6228070175439,13.1754385964912,-0.733969906031853,92,0.275,0.369565217391304,0.35,0.719565217391304,0.075,0.25,0.0978260869565217,0.403508771929825,0.0526315789473684,0.403508771929825,0.280701754385965,0.245614035087719,0.473684210526316,0.324891304347826,-0.00797793376121579,0.479,0.533,"developing","pitcher","fixed_linear_weights_v1","sabrhood_player_summary_v1",357,0.495798319327731,0.509803921568627,"2026-09-17","2026-09-18 14:10:06 UTC"
"665665","Reiver Sanmartin","San Francisco Giants","L",2026-06-10,2026-09-16,92,85,22,14,4,1,3,6,0,0,16,0,37,70,26,5,44,15,9,2,34,86.1714285714286,0.871428571428571,4.38287933335743,92,0.258823529411765,0.307692307692308,0.435294117647059,0.742986425339367,0.176470588235294,0.173913043478261,0.0652173913043478,0.371428571428571,0.0714285714285714,0.628571428571429,0.214285714285714,0.128571428571429,0.485714285714286,0.318791208791209,0.0476399927538852,0.479,0.583,"developing","pitcher","fixed_linear_weights_v1","sabrhood_player_summary_v1",345,0.440579710144928,0.449275362318841,"2026-09-17","2026-09-18 14:10:06 UTC"
"592779","Brock Stewart","Los Angeles Dodgers","R",2026-05-06,2026-09-15,91,83,16,10,3,0,3,8,1,0,21,0,28,61,15,3,34,5,14,8,27,81.1688524590164,11.5901639344262,-5.99592329253644,91,0.192771084337349,0.263736263736264,0.337349397590361,0.601085661326625,0.144578313253012,0.230769230769231,0.0879120879120879,0.245901639344262,0.0491803278688525,0.557377049180328,0.0819672131147541,0.229508196721311,0.442622950819672,0.259777777777778,-0.0658892669509499,0.476,0.55,"developing","pitcher","fixed_linear_weights_v1","sabrhood_player_summary_v1",340,0.502941176470588,0.476470588235294,"2026-09-17","2026-09-18 14:10:06 UTC"
"671162","Connor Thomas","Kansas City Royals","L",2026-07-07,2026-09-17,91,78,27,20,3,0,4,8,0,2,13,3,42,68,27,5,36,14,15,3,26,88.7691176470588,4.98529411764706,11.2004499949897,91,0.346153846153846,0.406593406593407,0.538461538461538,0.945054945054945,0.192307692307692,0.142857142857143,0.0879120879120879,0.397058823529412,0.0735294117647059,0.529411764705882,0.205882352941176,0.220588235294118,0.382352941176471,0.399120879120879,0.12308186807681,0.476,0.576,"developing","pitcher","fixed_linear_weights_v1","sabrhood_player_summary_v1",318,0.459119496855346,0.459119496855346,"2026-09-17","2026-09-18 14:10:06 UTC"
"669212","Eli Morgan","Kansas City Royals","R",2026-04-04,2026-07-18,91,80,24,16,3,0,5,9,0,2,16,0,42,64,27,4,21,23,13,7,33,88.9174603174603,19.5625,1.8079155550901,91,0.3,0.384615384615385,0.525,0.909615384615385,0.225,0.175824175824176,0.0989010989010989,0.421875,0.0625,0.328125,0.359375,0.203125,0.515625,0.39010989010989,0.019867203902089,0.476,0.561,"developing","pitcher","fixed_linear_weights_v1","sabrhood_player_summary_v1",339,0.466076696165192,0.421828908554572,"2026-09-17","2026-09-18 14:10:06 UTC"
"696146","Hagen Smith","Chicago White Sox","L",2026-08-09,2026-09-16,91,79,9,6,2,0,1,12,0,0,34,0,14,45,16,1,19,14,8,4,25,87.8659090909091,10.6888888888889,-10.0835203933434,91,0.113924050632911,0.230769230769231,0.177215189873418,0.407984420642649,0.0632911392405063,0.373626373626374,0.131868131868132,0.355555555555556,0.0222222222222222,0.422222222222222,0.311111111111111,0.177777777777778,0.555555555555556,0.198351648351648,-0.110807916410367,0.476,0.474,"developing","pitcher","fixed_linear_weights_v1","sabrhood_player_summary_v1",380,0.439473684210526,0.452631578947368,"2026-09-17","2026-09-18 14:10:06 UTC"
"804636","Jonah Tong","New York Mets","R",2026-05-22,2026-09-14,91,79,16,12,1,1,2,9,0,1,20,1,25,61,19,5,28,9,22,2,31,87.2283333333333,11.4590163934426,0.508724547038774,91,0.20253164556962,0.288888888888889,0.316455696202532,0.605344585091421,0.113924050632911,0.21978021978022,0.0989010989010989,0.311475409836066,0.0819672131147541,0.459016393442623,0.147540983606557,0.360655737704918,0.508196721311475,0.270111111111111,0.00559037963778872,0.476,0.55,"developing","pitcher","fixed_linear_weights_v1","sabrhood_player_summary_v1",357,0.512605042016807,0.473389355742297,"2026-09-17","2026-09-18 14:10:06 UTC"
"621016","Jose Cuas","Kansas City Royals","R",2026-07-01,2026-09-17,91,79,23,18,5,0,0,11,0,0,22,1,28,58,19,1,15,22,12,9,24,83.2,18.7068965517241,-0.983056184875494,91,0.291139240506329,0.373626373626374,0.354430379746835,0.728056753373209,0.0632911392405063,0.241758241758242,0.120879120879121,0.327586206896552,0.0172413793103448,0.258620689655172,0.379310344827586,0.206896551724138,0.413793103448276,0.325604395604396,-0.010802815218412,0.476,0.537,"developing","pitcher","fixed_linear_weights_v1","sabrhood_player_summary_v1",407,0.474201474201474,0.42014742014742,"2026-09-17","2026-09-18 14:10:06 UTC"
"623465","Evan Phillips","Los Angeles Dodgers","R",2026-07-07,2026-09-14,90,85,21,12,4,0,5,3,0,1,26,1,40,60,25,10,21,10,25,4,18,90.9383333333333,20.1166666666667,1.67667459181407,90,0.247058823529412,0.277777777777778,0.470588235294118,0.748366013071895,0.223529411764706,0.288888888888889,0.0333333333333333,0.416666666666667,0.166666666666667,0.35,0.166666666666667,0.416666666666667,0.3,0.315111111111111,0.018629717686823,0.474,0.545,"developing","pitcher","fixed_linear_weights_v1","sabrhood_player_summary_v1",374,0.481283422459893,0.505347593582888,"2026-09-17","2026-09-18 14:10:06 UTC"
"806960","Luis Morales","Athletics","R",2026-03-29,2026-07-31,90,74,27,14,6,0,7,14,0,1,13,1,54,62,25,7,24,17,13,8,35,88.4967741935484,14.4838709677419,18.8085169291465,90,0.364864864864865,0.466666666666667,0.72972972972973,1.1963963963964,0.364864864864865,0.144444444444444,0.155555555555556,0.403225806451613,0.112903225806452,0.387096774193548,0.274193548387097,0.209677419354839,0.564516129032258,0.491222222222222,0.208983521434961,0.474,0.554,"developing","pitcher","fixed_linear_weights_v1","sabrhood_player_summary_v1",348,0.436781609195402,0.42816091954023,"2026-09-17","2026-09-18 14:10:06 UTC"
"701719","Tyler Samaniego","Boston Red Sox","L",2026-04-08,2026-06-02,90,77,22,19,2,0,1,8,0,2,17,1,27,63,23,2,31,15,13,4,27,85.7809523809524,8.14285714285714,-0.670689884509834,90,0.285714285714286,0.363636363636364,0.350649350649351,0.714285714285714,0.064935064935065,0.188888888888889,0.0888888888888889,0.365079365079365,0.0317460317460317,0.492063492063492,0.238095238095238,0.206349206349206,0.428571428571429,0.320113636363636,-0.00745210982788704,0.474,0.558,"developing","pitcher","fixed_linear_weights_v1","sabrhood_player_summary_v1",314,0.442675159235669,0.490445859872611,"2026-09-17","2026-09-18 14:10:06 UTC"
"695034","Kade Morris","Athletics","R",2026-06-06,2026-09-04,89,77,30,21,3,1,5,7,0,3,10,2,50,69,31,4,36,16,14,3,33,88.6205882352941,9.01449275362319,11.117177154865,89,0.38961038961039,0.449438202247191,0.649350649350649,1.09878885159784,0.25974025974026,0.112359550561798,0.0786516853932584,0.449275362318841,0.0579710144927536,0.521739130434783,0.231884057971014,0.202898550724638,0.478260869565217,0.458426966292135,0.124912102863651,0.471,0.58,"developing","pitcher","fixed_linear_weights_v1","sabrhood_player_summary_v1",322,0.493788819875776,0.447204968944099,"2026-09-17","2026-09-18 14:10:06 UTC"
"607481","Aaron Bummer","Kansas City Royals","L",2026-03-28,2026-08-06,88,74,24,12,5,0,7,11,0,1,13,1,50,63,31,9,30,10,19,4,28,90.8285714285714,13.7777777777778,14.5289751623398,88,0.324324324324324,0.413793103448276,0.675675675675676,1.08946877912395,0.351351351351351,0.147727272727273,0.125,0.492063492063492,0.142857142857143,0.476190476190476,0.158730158730159,0.301587301587302,0.444444444444444,0.449885057471264,0.165101990481134,0.468,0.558,"developing","pitcher","fixed_linear_weights_v1","sabrhood_player_summary_v1",328,0.469512195121951,0.5,"2026-09-17","2026-09-18 14:10:06 UTC"
"682995","Hunter Barco","Pittsburgh Pirates","L",2026-03-28,2026-08-16,87,71,21,12,5,0,4,13,0,2,14,1,38,58,24,3,27,12,13,6,22,89.0607142857143,12.375,9.73787582544931,87,0.295774647887324,0.413793103448276,0.535211267605634,0.94900437105391,0.23943661971831,0.160919540229885,0.149425287356322,0.413793103448276,0.0517241379310345,0.46551724137931,0.206896551724138,0.224137931034483,0.379310344827586,0.404712643678161,0.111929607189073,0.465,0.537,"developing","pitcher","fixed_linear_weights_v1","sabrhood_player_summary_v1",351,0.384615384615385,0.444444444444444,"2026-09-17","2026-09-18 14:10:06 UTC"
"686753","Drey Jameson","Arizona Diamondbacks","R",2026-06-06,2026-08-24,86,74,19,13,4,1,1,10,0,1,13,1,28,62,19,2,22,22,15,3,31,87.108064516129,13.4032258064516,0.0802779243916856,86,0.256756756756757,0.348837209302326,0.378378378378378,0.727215587680704,0.121621621621622,0.151162790697674,0.116279069767442,0.306451612903226,0.032258064516129,0.354838709677419,0.354838709677419,0.241935483870968,0.5,0.320813953488372,0.000933464237112623,0.462,0.554,"developing","pitcher","fixed_linear_weights_v1","sabrhood_player_summary_v1",306,0.470588235294118,0.486928104575163,"2026-09-17","2026-09-18 14:10:06 UTC"
"689441","Coleman Crow","Milwaukee Brewers","R",2026-04-17,2026-06-09,85,77,21,11,7,1,2,5,0,1,10,2,36,68,25,5,25,17,18,8,30,89.2323529411765,17.2647058823529,3.48242702040403,85,0.272727272727273,0.317647058823529,0.467532467532468,0.785179526355997,0.194805194805195,0.117647058823529,0.0588235294117647,0.367647058823529,0.0735294117647059,0.367647058823529,0.25,0.264705882352941,0.441176470588235,0.330705882352941,0.0409697296518121,0.459,0.576,"developing","pitcher","fixed_linear_weights_v1","sabrhood_player_summary_v1",,,,"2026-09-17","2026-09-18 14:10:06 UTC"
"685801","Hunter Bigge","Tampa Bay Rays","R",2026-04-03,2026-05-29,84,70,14,7,6,0,1,13,0,0,14,1,23,57,21,3,24,9,17,7,28,89.5947368421053,18.719298245614,5.59130164277969,84,0.2,0.321428571428571,0.328571428571429,0.65,0.128571428571429,0.166666666666667,0.154761904761905,0.368421052631579,0.0526315789473684,0.421052631578947,0.157894736842105,0.298245614035088,0.491228070175439,0.292619047619048,0.0665631147949963,0.457,0.533,"developing","pitcher","fixed_linear_weights_v1","sabrhood_player_summary_v1",319,0.435736677115987,0.429467084639498,"2026-09-17","2026-09-18 14:10:06 UTC"
"669920","Jason Alexander","Houston Astros","R",2026-04-30,2026-05-26,84,75,21,11,3,3,4,8,0,1,14,0,42,61,23,6,27,13,17,4,34,87.1033333333333,12.9,9.78017115256872,84,0.28,0.357142857142857,0.56,0.917142857142857,0.28,0.166666666666667,0.0952380952380952,0.377049180327869,0.0983606557377049,0.442622950819672,0.213114754098361,0.278688524590164,0.557377049180328,0.385238095238095,0.116430608959151,0.457,0.55,"developing","pitcher","fixed_linear_weights_v1","sabrhood_player_summary_v1",,,,"2026-09-17","2026-09-18 14:10:06 UTC"
"683232","Nick Mears","Kansas City Royals","R",2026-03-30,2026-05-27,83,70,18,10,5,1,2,11,1,0,15,1,31,57,29,7,27,13,14,3,28,90.2964285714286,14.5178571428571,1.91778687222151,83,0.257142857142857,0.353658536585366,0.442857142857143,0.796515679442509,0.185714285714286,0.180722891566265,0.132530120481928,0.508771929824561,0.12280701754386,0.473684210526316,0.228070175438596,0.245614035087719,0.491228070175439,0.339259259259259,0.0231058659303796,0.454,0.533,"developing","pitcher","fixed_linear_weights_v1","sabrhood_player_summary_v1",341,0.439882697947214,0.428152492668622,"2026-09-17","2026-09-18 14:10:06 UTC"
"660787","Yerry De los Santos","New York Yankees","R",2026-04-14,2026-08-29,83,74,16,13,1,0,2,7,0,0,15,0,23,61,25,2,31,11,14,5,27,88.4704918032787,9.68852459016393,-5.0209669786491,83,0.216216216216216,0.283950617283951,0.310810810810811,0.594761428094761,0.0945945945945946,0.180722891566265,0.0843373493975904,0.409836065573771,0.0327868852459016,0.508196721311475,0.180327868852459,0.229508196721311,0.442622950819672,0.265802469135802,-0.0604935780560132,0.454,0.55,"developing","pitcher","fixed_linear_weights_v1","sabrhood_player_summary_v1",317,0.485804416403785,0.555205047318612,"2026-09-17","2026-09-18 14:10:06 UTC"
"671212","Joe Boyle","Tampa Bay Rays","R",2026-03-28,2026-08-16,82,72,13,6,6,0,1,9,0,0,21,1,22,51,20,2,21,10,11,9,21,86.464,18.96,5.61006236961953,82,0.180555555555556,0.268292682926829,0.305555555555556,0.573848238482385,0.125,0.25609756097561,0.109756097560976,0.392156862745098,0.0392156862745098,0.411764705882353,0.196078431372549,0.215686274509804,0.411764705882353,0.255365853658537,0.0684153947514576,0.451,0.505,"developing","pitcher","fixed_linear_weights_v1","sabrhood_player_summary_v1",347,0.452449567723343,0.498559077809798,"2026-09-17","2026-09-18 14:10:06 UTC"
"693308","Nick Frasso","Colorado Rockies","R",2026-08-04,2026-09-16,82,72,23,14,6,0,3,6,0,2,19,1,38,55,20,5,16,18,20,1,21,90.2418181818182,17.1454545454545,9.47685751103799,82,0.319444444444444,0.382716049382716,0.527777777777778,0.910493827160494,0.208333333333333,0.231707317073171,0.0731707317073171,0.363636363636364,0.0909090909090909,0.290909090909091,0.327272727272727,0.363636363636364,0.381818181818182,0.387283950617284,0.115571433061439,0.451,0.524,"developing","pitcher","fixed_linear_weights_v1","sabrhood_player_summary_v1",329,0.48936170212766,0.47112462006079,"2026-09-17","2026-09-18 14:10:06 UTC"
"696522","Hayden Juenger","Athletics","R",2026-05-31,2026-08-24,81,67,24,17,6,1,0,8,0,1,6,3,32,65,23,5,19,22,17,7,25,87.5969230769231,19.6461538461538,9.47581374798243,81,0.358208955223881,0.417721518987342,0.477611940298507,0.895333459285849,0.119402985074627,0.0740740740740741,0.0987654320987654,0.353846153846154,0.0769230769230769,0.292307692307692,0.338461538461538,0.261538461538462,0.384615384615385,0.382278481012658,0.116985354913363,0.448,0.565,"developing","pitcher","fixed_linear_weights_v1","sabrhood_player_summary_v1",,,,"2026-09-17","2026-09-18 14:10:06 UTC"
"671106","Logan Allen","Cleveland Guardians","L",2026-05-25,2026-09-04,81,72,23,16,4,0,3,6,0,2,16,1,36,57,27,5,28,7,21,1,29,90.925,12.5178571428571,5.9463109122019,81,0.319444444444444,0.382716049382716,0.5,0.882716049382716,0.180555555555556,0.197530864197531,0.0740740740740741,0.473684210526316,0.087719298245614,0.491228070175439,0.12280701754386,0.368421052631579,0.508771929824561,0.378395061728395,0.0734112458296531,0.448,0.533,"developing","pitcher","fixed_linear_weights_v1","sabrhood_player_summary_v1",325,0.483076923076923,0.486153846153846,"2026-09-17","2026-09-18 14:10:06 UTC"
"683363","Matt Wilkinson","San Francisco Giants","L",2026-08-19,2026-09-13,81,77,18,11,2,1,4,4,0,0,12,0,34,65,32,5,19,15,21,10,21,90.2246153846154,26.4153846153846,1.63348860732526,81,0.233766233766234,0.271604938271605,0.441558441558442,0.713163379830047,0.207792207792208,0.148148148148148,0.0493827160493827,0.492307692307692,0.0769230769230769,0.292307692307692,0.230769230769231,0.323076923076923,0.323076923076923,0.302716049382716,0.0201665260163613,0.448,0.565,"developing","pitcher","fixed_linear_weights_v1","sabrhood_player_summary_v1",306,0.447712418300654,0.477124183006536,"2026-09-17","2026-09-18 14:10:06 UTC"
"674370","Osvaldo Bido","Chicago White Sox","R",2026-03-28,2026-05-06,81,67,15,9,3,0,3,10,0,4,11,0,27,56,23,4,18,16,18,4,26,88.4571428571429,18.7678571428571,3.61217753498049,81,0.223880597014925,0.358024691358025,0.402985074626866,0.76100976598489,0.17910447761194,0.135802469135802,0.123456790123457,0.410714285714286,0.0714285714285714,0.321428571428571,0.285714285714286,0.321428571428571,0.464285714285714,0.338888888888889,0.0445947843824752,0.448,0.528,"developing","pitcher","fixed_linear_weights_v1","sabrhood_player_summary_v1",317,0.457413249211356,0.419558359621451,"2026-09-17","2026-09-18 14:10:06 UTC"
"684049","Brandan Bidois","Pittsburgh Pirates","R",2026-05-13,2026-06-30,80,64,19,13,1,0,5,12,0,1,20,2,35,47,22,6,12,10,21,4,21,89.6297872340426,20.8936170212766,7.88297733758516,80,0.296875,0.40506329113924,0.546875,0.95193829113924,0.25,0.25,0.15,0.468085106382979,0.127659574468085,0.25531914893617,0.212765957446809,0.446808510638298,0.446808510638298,0.401645569620253,0.0985372167198146,0.444,0.485,"developing","pitcher","fixed_linear_weights_v1","sabrhood_player_summary_v1",325,0.489230769230769,0.446153846153846,"2026-09-17","2026-09-18 14:10:06 UTC"
"672629","Gerardo Carrillo","Arizona Diamondbacks","R",2026-07-22,2026-09-07,80,63,14,9,5,0,0,15,0,1,21,0,19,42,12,3,19,11,9,3,23,87.3690476190476,9.30952380952381,1.23769157292484,80,0.222222222222222,0.379746835443038,0.301587301587302,0.68133413703034,0.0793650793650794,0.2625,0.1875,0.285714285714286,0.0714285714285714,0.452380952380952,0.261904761904762,0.214285714285714,0.547619047619048,0.318860759493671,0.0154711446615605,0.444,0.457,"developing","pitcher","fixed_linear_weights_v1","sabrhood_player_summary_v1",316,0.395569620253165,0.430379746835443,"2026-09-17","2026-09-18 14:10:06 UTC"
"687223","Carson Palmquist","Washington Nationals","L",2026-06-24,2026-08-04,79,66,21,16,4,0,1,8,0,3,15,1,28,52,12,2,19,14,15,4,14,83.0134615384615,14.6153846153846,6.16622134096044,79,0.318181818181818,0.41025641025641,0.424242424242424,0.834498834498834,0.106060606060606,0.189873417721519,0.10126582278481,0.230769230769231,0.0384615384615385,0.365384615384615,0.269230769230769,0.288461538461538,0.269230769230769,0.368333333333333,0.0780534346957018,0.441,0.51,"developing","pitcher","fixed_linear_weights_v1","sabrhood_player_summary_v1",313,0.482428115015974,0.450479233226837,"2026-09-17","2026-09-18 14:10:06 UTC"
"681151","Jayden Murray","Chicago Cubs","R",2026-04-12,2026-06-26,79,69,25,15,7,0,3,9,0,0,14,1,41,56,24,8,15,16,24,1,28,91.4142857142857,20.8571428571429,7.94894745558634,79,0.36231884057971,0.430379746835443,0.594202898550725,1.02458264538617,0.231884057971014,0.177215189873418,0.113924050632911,0.428571428571429,0.142857142857143,0.267857142857143,0.285714285714286,0.428571428571429,0.5,0.431898734177215,0.100619588045397,0.441,0.528,"developing","pitcher","fixed_linear_weights_v1","sabrhood_player_summary_v1",307,0.488599348534202,0.472312703583062,"2026-09-17","2026-09-18 14:10:06 UTC"
"689520","Cody Laweryson","Minnesota Twins","R",2026-04-01,2026-07-01,78,66,15,9,3,0,3,8,0,2,18,2,27,50,25,4,20,15,11,4,22,92.4428571428572,14.1836734693878,1.12043044709459,78,0.227272727272727,0.320512820512821,0.409090909090909,0.72960372960373,0.181818181818182,0.230769230769231,0.102564102564103,0.5,0.08,0.4,0.3,0.22,0.44,0.315769230769231,0.0143644929114691,0.438,0.5,"developing","pitcher","fixed_linear_weights_v1","sabrhood_player_summary_v1",,,,"2026-09-17","2026-09-18 14:10:06 UTC"
"621242","Edwin Díaz","Los Angeles Dodgers","R",2026-03-27,2026-08-17,78,65,25,17,3,2,3,9,1,3,19,1,41,47,25,3,15,16,15,1,22,92.5195652173913,17.1521739130435,10.8854648933079,78,0.384615384615385,0.474358974358974,0.630769230769231,1.10512820512821,0.246153846153846,0.243589743589744,0.115384615384615,0.531914893617021,0.0638297872340425,0.319148936170213,0.340425531914894,0.319148936170213,0.468085106382979,0.461168831168831,0.139557242221896,0.438,0.485,"developing","pitcher","fixed_linear_weights_v1","sabrhood_player_summary_v1",312,0.445512820512821,0.451923076923077,"2026-09-17","2026-09-18 14:10:06 UTC"
"642048","Tayler Saucedo","Los Angeles Angels","L",2026-05-03,2026-09-17,78,70,15,12,2,0,1,5,0,2,22,1,20,49,15,4,18,11,15,5,26,86.9714285714286,15.0408163265306,-6.80076131796718,78,0.214285714285714,0.282051282051282,0.285714285714286,0.567765567765568,0.0714285714285714,0.282051282051282,0.0641025641025641,0.306122448979592,0.0816326530612245,0.36734693877551,0.224489795918367,0.306122448979592,0.530612244897959,0.255641025641026,-0.0871892476662459,0.438,0.495,"developing","pitcher","fixed_linear_weights_v1","sabrhood_player_summary_v1",301,0.46843853820598,0.445182724252492,"2026-09-17","2026-09-18 14:10:06 UTC"
"621053","Tyler Ferguson","Chicago Cubs","R",2026-05-05,2026-09-01,78,71,15,6,3,0,6,4,0,3,21,0,36,50,23,8,17,10,21,2,19,90.388,16.44,3.41986910580013,78,0.211267605633803,0.282051282051282,0.507042253521127,0.789093535572409,0.295774647887324,0.269230769230769,0.0512820512820513,0.46,0.16,0.34,0.2,0.42,0.38,0.333076923076923,0.0438444757153863,0.438,0.5,"developing","pitcher","fixed_linear_weights_v1","sabrhood_player_summary_v1",,,,"2026-09-17","2026-09-18 14:10:06 UTC"
"687849","Zak Kent","Washington Nationals","R",2026-04-01,2026-09-08,78,69,19,8,7,1,3,8,0,0,12,1,37,57,25,7,21,12,22,2,27,90.021052631579,15.4736842105263,6.27311735128256,78,0.27536231884058,0.346153846153846,0.536231884057971,0.882385730211817,0.260869565217391,0.153846153846154,0.102564102564103,0.43859649122807,0.12280701754386,0.368421052631579,0.210526315789474,0.385964912280702,0.473684210526316,0.369615384615385,0.0804245814266995,0.438,0.533,"developing","pitcher","fixed_linear_weights_v1","sabrhood_player_summary_v1",,,,"2026-09-17","2026-09-18 14:10:06 UTC"
"673929","Jordan Leasure","Chicago White Sox","R",2026-03-26,2026-05-28,77,69,15,7,2,0,6,7,0,0,18,1,35,52,23,11,12,9,26,5,19,92.4153846153846,26.8653846153846,7.51245247055957,77,0.217391304347826,0.285714285714286,0.507246376811594,0.79296066252588,0.289855072463768,0.233766233766234,0.0909090909090909,0.442307692307692,0.211538461538462,0.230769230769231,0.173076923076923,0.5,0.365384615384615,0.331558441558442,0.097564317799475,0.435,0.51,"developing","pitcher","fixed_linear_weights_v1","sabrhood_player_summary_v1",313,0.517571884984026,0.4185303514377,"2026-09-17","2026-09-18 14:10:06 UTC"
"805345","Trent Harris","San Francisco Giants","R",2026-08-08,2026-09-16,77,70,15,9,5,1,0,7,0,0,25,0,22,45,10,0,25,12,5,3,28,83.3333333333333,7.26666666666667,-4.05643529659473,77,0.214285714285714,0.285714285714286,0.314285714285714,0.6,0.1,0.324675324675325,0.0909090909090909,0.222222222222222,0,0.555555555555556,0.266666666666667,0.111111111111111,0.622222222222222,0.266363636363636,-0.0526809778778537,0.435,0.474,"developing","pitcher","fixed_linear_weights_v1","sabrhood_player_summary_v1",304,0.417763157894737,0.526315789473684,"2026-09-17","2026-09-18 14:10:06 UTC"
"671111","Sammy Peralta","Los Angeles Angels","L",2026-05-19,2026-09-16,76,64,21,14,4,0,3,7,0,4,20,0,34,44,20,4,14,16,10,4,23,87.6068181818182,15.3181818181818,4.93357240183107,76,0.328125,0.426666666666667,0.53125,0.957916666666667,0.203125,0.263157894736842,0.0921052631578947,0.454545454545455,0.0909090909090909,0.318181818181818,0.363636363636364,0.227272727272727,0.522727272727273,0.4136,0.0649154263398825,0.432,0.468,"developing","pitcher","fixed_linear_weights_v1","sabrhood_player_summary_v1",,,,"2026-09-17","2026-09-18 14:10:06 UTC"
"656756","Jordan Montgomery","Texas Rangers","L",2026-08-09,2026-09-17,75,70,17,11,3,0,3,4,0,1,14,0,29,56,20,5,33,8,12,3,27,88.0107142857143,5.17857142857143,1.49007203767861,75,0.242857142857143,0.293333333333333,0.414285714285714,0.707619047619048,0.171428571428571,0.186666666666667,0.0533333333333333,0.357142857142857,0.0892857142857143,0.589285714285714,0.142857142857143,0.214285714285714,0.482142857142857,0.305466666666667,0.0198676271690481,0.429,0.528,"developing","pitcher","fixed_linear_weights_v1","sabrhood_player_summary_v1",306,0.467320261437909,0.450980392156863,"2026-09-17","2026-09-18 14:10:06 UTC"
"691769","Philip Abner","San Francisco Giants","L",2026-04-30,2026-09-16,75,65,15,10,3,0,2,9,0,0,8,1,24,58,20,6,25,15,17,1,30,88.0655172413793,9.74137931034483,0.767557295694079,75,0.230769230769231,0.32,0.369230769230769,0.689230769230769,0.138461538461538,0.106666666666667,0.12,0.344827586206897,0.103448275862069,0.431034482758621,0.258620689655172,0.293103448275862,0.517241379310345,0.303333333333333,0.0102340972759211,0.429,0.537,"developing","pitcher","fixed_linear_weights_v1","sabrhood_player_summary_v1",,,,"2026-09-17","2026-09-18 14:10:06 UTC"
