"player_id","player_name","team","player_hand","perspective","stronger_opponent_hand","pa_vs_l","pa_vs_r","ops_vs_l","ops_vs_r","woba_vs_l","woba_vs_r","woba_gap","split_reliability","headline","evidence","matchup_method","matchup_edge_score","matchup_edge_rank","source_through","generated_at_utc"
"650911","Cristopher Sánchez","Philadelphia Phillies","L","pitcher","L",180,625,0.377634586084307,0.76560352749745,0.166480446927374,0.332576489533011,0.166096042605637,0.643,"Cristopher Sánchez is limiting left-handed batters more effectively","Estimated wOBA: 0.166 vs L, 0.333 vs R.","two_sided_opponent_hand_woba_gap_v1",87,1,"2026-09-18","2026-09-19 13:56:10 UTC"
"605288","Adrian Houser","San Francisco Giants","R","pitcher","R",284,186,0.883620198335803,0.551877470355731,0.376749116607774,0.235380434782609,0.141368681825165,0.65,"Adrian Houser is limiting right-handed batters more effectively","Estimated wOBA: 0.377 vs L, 0.235 vs R.","two_sided_opponent_hand_woba_gap_v1",85.9,2,"2026-09-18","2026-09-19 13:56:10 UTC"
"641743","Anthony Kay","Chicago White Sox","L","pitcher","L",179,492,0.515432098765432,0.849622818394222,0.232670454545455,0.366175869120654,0.133505414575199,0.642,"Anthony Kay is limiting left-handed batters more effectively","Estimated wOBA: 0.233 vs L, 0.366 vs R.","two_sided_opponent_hand_woba_gap_v1",84.5,3,"2026-09-18","2026-09-19 13:56:10 UTC"
"666200","Jesús Luzardo","Philadelphia Phillies","L","pitcher","L",176,554,0.373316409280023,0.686240632198991,0.17183908045977,0.300815217391304,0.128976136931534,0.638,"Jesús Luzardo is limiting left-handed batters more effectively","Estimated wOBA: 0.172 vs L, 0.301 vs R.","two_sided_opponent_hand_woba_gap_v1",83.7,4,"2026-09-18","2026-09-19 13:56:10 UTC"
"681517","Kyle Leahy","St. Louis Cardinals","R","pitcher","R",318,270,0.850013329186475,0.615730403102597,0.368611987381703,0.265932835820895,0.102679151560808,0.73,"Kyle Leahy is limiting right-handed batters more effectively","Estimated wOBA: 0.369 vs L, 0.266 vs R.","two_sided_opponent_hand_woba_gap_v1",83.4,5,"2026-09-18","2026-09-19 13:56:10 UTC"
"670167","John Schreiber","New York Yankees","R","pitcher","R",111,118,0.942247510668563,0.393641664669702,0.400363636363636,0.178205128205128,0.222158508158508,0.526,"John Schreiber is limiting right-handed batters more effectively","Estimated wOBA: 0.400 vs L, 0.178 vs R.","two_sided_opponent_hand_woba_gap_v1",82.8,6,"2026-09-18","2026-09-19 13:56:10 UTC"
"678606","José A. Ferrer","Seattle Mariners","L","pitcher","L",137,139,0.566381766381766,0.907009929246685,0.250814814814815,0.392517985611511,0.141703170796696,0.578,"José A. Ferrer is limiting left-handed batters more effectively","Estimated wOBA: 0.251 vs L, 0.393 vs R.","two_sided_opponent_hand_woba_gap_v1",82.6,7,"2026-09-18","2026-09-19 13:56:10 UTC"
"689254","Mason Fluharty","Toronto Blue Jays","L","pitcher","L",135,118,0.417137886037408,0.863750628456511,0.190902255639098,0.375641025641026,0.184738770001928,0.541,"Mason Fluharty is limiting left-handed batters more effectively","Estimated wOBA: 0.191 vs L, 0.376 vs R.","two_sided_opponent_hand_woba_gap_v1",82.5,8,"2026-09-18","2026-09-19 13:56:10 UTC"
"665871","Javier Assad","Chicago Cubs","R","pitcher","R",193,176,0.844827586206897,0.549825783972125,0.3596875,0.243371428571429,0.116316071428571,0.638,"Javier Assad is limiting right-handed batters more effectively","Estimated wOBA: 0.360 vs L, 0.243 vs R.","two_sided_opponent_hand_woba_gap_v1",82.2,9,"2026-09-18","2026-09-19 13:56:10 UTC"
"669020","Ryan Rolison","Chicago Cubs","L","pitcher","L",115,130,0.402827456991995,0.8944669365722,0.190350877192982,0.382615384615385,0.192264507422403,0.535,"Ryan Rolison is limiting left-handed batters more effectively","Estimated wOBA: 0.190 vs L, 0.383 vs R.","two_sided_opponent_hand_woba_gap_v1",82.2,9,"2026-09-18","2026-09-19 13:56:10 UTC"
"656288","Griffin Canning","San Diego Padres","R","pitcher","R",217,151,0.928547174387582,0.598801168092628,0.395253456221198,0.273959731543624,0.121293724677574,0.602,"Griffin Canning is limiting right-handed batters more effectively","Estimated wOBA: 0.395 vs L, 0.274 vs R.","two_sided_opponent_hand_woba_gap_v1",80.9,11,"2026-09-18","2026-09-19 13:56:10 UTC"
"681190","Randy Vásquez","San Diego Padres","R","pitcher","R",328,231,0.848028651766106,0.604415082178537,0.360886850152905,0.262198275862069,0.098688574290836,0.698,"Randy Vásquez is limiting right-handed batters more effectively","Estimated wOBA: 0.361 vs L, 0.262 vs R.","two_sided_opponent_hand_woba_gap_v1",80.8,12,"2026-09-18","2026-09-19 13:56:10 UTC"
"666277","George Soriano","St. Louis Cardinals","R","pitcher","L",152,129,0.58925680647535,0.937794811320755,0.264172185430464,0.394453125,0.130280939569536,0.563,"George Soriano is limiting left-handed batters more effectively","Estimated wOBA: 0.264 vs L, 0.394 vs R.","two_sided_opponent_hand_woba_gap_v1",80.3,13,"2026-09-18","2026-09-19 13:56:10 UTC"
"675848","Juan Mejia","Colorado Rockies","R","pitcher","R",151,150,0.937878787878788,0.603383871676555,0.3998,0.28472972972973,0.11507027027027,0.6,"Juan Mejia is limiting right-handed batters more effectively","Estimated wOBA: 0.400 vs L, 0.285 vs R.","two_sided_opponent_hand_woba_gap_v1",80.2,14,"2026-09-18","2026-09-19 13:56:10 UTC"
"695505","Chase Burns","Cincinnati Reds","R","pitcher","R",400,230,0.733907418117944,0.504407385348422,0.318771929824561,0.222521739130435,0.096250190694126,0.697,"Chase Burns is limiting right-handed batters more effectively","Estimated wOBA: 0.319 vs L, 0.223 vs R.","two_sided_opponent_hand_woba_gap_v1",80,15,"2026-09-18","2026-09-19 13:56:10 UTC"
"687562","Jake Bennett","Boston Red Sox","L","pitcher","L",109,330,0.371378804547121,0.746117989370862,0.175092592592593,0.317645259938838,0.142552667346245,0.522,"Jake Bennett is limiting left-handed batters more effectively","Estimated wOBA: 0.175 vs L, 0.318 vs R.","two_sided_opponent_hand_woba_gap_v1",79.2,16,"2026-09-18","2026-09-19 13:56:10 UTC"
"642121","Cole Sulser","Tampa Bay Rays","R","pitcher","L",124,89,0.492666091458154,1.03262488154867,0.210166666666667,0.431910112359551,0.221743445692884,0.471,"Cole Sulser is limiting left-handed batters more effectively","Estimated wOBA: 0.210 vs L, 0.432 vs R.","two_sided_opponent_hand_woba_gap_v1",79.2,16,"2026-09-18","2026-09-19 13:56:10 UTC"
"694918","Blade Tidwell","San Francisco Giants","R","pitcher","R",123,99,0.860832137733142,0.463980463980464,0.375853658536585,0.206969696969697,0.168883961566888,0.497,"Blade Tidwell is limiting right-handed batters more effectively","Estimated wOBA: 0.376 vs L, 0.207 vs R.","two_sided_opponent_hand_woba_gap_v1",78.9,18,"2026-09-18","2026-09-19 13:56:10 UTC"
"596133","Luke Weaver","Pittsburgh Pirates","R","pitcher","R",120,106,0.756378915202445,0.375196540880503,0.323193277310924,0.175943396226415,0.147249881084509,0.515,"Luke Weaver is limiting right-handed batters more effectively","Estimated wOBA: 0.323 vs L, 0.176 vs R.","two_sided_opponent_hand_woba_gap_v1",78.9,18,"2026-09-18","2026-09-19 13:56:10 UTC"
"688297","Chris Roycroft","Athletics","R","pitcher","L",83,82,0.582663989290495,1.24074074074074,0.256951219512195,0.523456790123457,0.266505570611262,0.451,"Chris Roycroft is limiting left-handed batters more effectively","Estimated wOBA: 0.257 vs L, 0.523 vs R.","two_sided_opponent_hand_woba_gap_v1",78.7,20,"2026-09-18","2026-09-19 13:56:10 UTC"
"690997","Nolan McLean","New York Mets","R","pitcher","R",445,279,0.727606486840413,0.513537906137184,0.32,0.237328519855596,0.082671480144404,0.736,"Nolan McLean is limiting right-handed batters more effectively","Estimated wOBA: 0.320 vs L, 0.237 vs R.","two_sided_opponent_hand_woba_gap_v1",78.4,21,"2026-09-18","2026-09-19 13:56:10 UTC"
"667297","Tommy Nance","Minnesota Twins","R","pitcher","R",120,135,0.890007488143772,0.568783068783069,0.377542372881356,0.250222222222222,0.127320150659134,0.545,"Tommy Nance is limiting right-handed batters more effectively","Estimated wOBA: 0.378 vs L, 0.250 vs R.","two_sided_opponent_hand_woba_gap_v1",78.4,21,"2026-09-18","2026-09-19 13:56:10 UTC"
"681982","Grant Anderson","Milwaukee Brewers","R","pitcher","R",91,143,0.965659340659341,0.497304222495062,0.398791208791209,0.222657342657343,0.176133866133866,0.476,"Grant Anderson is limiting right-handed batters more effectively","Estimated wOBA: 0.399 vs L, 0.223 vs R.","two_sided_opponent_hand_woba_gap_v1",78.1,23,"2026-09-18","2026-09-19 13:56:10 UTC"
"642528","Jonathan Loáisiga","Arizona Diamondbacks","R","pitcher","R",122,118,0.745238095238095,0.433103344832758,0.318,0.192881355932203,0.125118644067797,0.541,"Jonathan Loáisiga is limiting right-handed batters more effectively","Estimated wOBA: 0.318 vs L, 0.193 vs R.","two_sided_opponent_hand_woba_gap_v1",77.7,24,"2026-09-18","2026-09-19 13:56:10 UTC"
"547179","Michael Lorenzen","Toronto Blue Jays","R","pitcher","R",342,277,1.04770542174646,0.822634942371334,0.436461988304093,0.354855072463768,0.081606915840325,0.735,"Michael Lorenzen is limiting right-handed batters more effectively","Estimated wOBA: 0.436 vs L, 0.355 vs R.","two_sided_opponent_hand_woba_gap_v1",77.5,25,"2026-09-18","2026-09-19 13:56:10 UTC"
"681347","Mike Burrows","Houston Astros","R","pitcher","R",244,180,0.964871194379391,0.728174603174603,0.409180327868853,0.314666666666667,0.094513661202186,0.643,"Mike Burrows is limiting right-handed batters more effectively","Estimated wOBA: 0.409 vs L, 0.315 vs R.","two_sided_opponent_hand_woba_gap_v1",77.4,26,"2026-09-18","2026-09-19 13:56:10 UTC"
"668964","Tobias Myers","New York Mets","R","pitcher","L",118,103,0.673789173789174,0.987067167292449,0.281367521367521,0.417941176470588,0.136573655103067,0.507,"Tobias Myers is limiting left-handed batters more effectively","Estimated wOBA: 0.281 vs L, 0.418 vs R.","two_sided_opponent_hand_woba_gap_v1",77.4,26,"2026-09-18","2026-09-19 13:56:10 UTC"
"669270","Joel Kuhnel","San Francisco Giants","R","pitcher","R",89,96,1.04538734476641,0.595203488372093,0.433068181818182,0.265729166666667,0.167339015151515,0.471,"Joel Kuhnel is limiting right-handed batters more effectively","Estimated wOBA: 0.433 vs L, 0.266 vs R.","two_sided_opponent_hand_woba_gap_v1",77.3,28,"2026-09-18","2026-09-19 13:56:10 UTC"
"672782","Yoendrys Gómez","Minnesota Twins","R","pitcher","R",148,133,0.8504158004158,0.544101731601732,0.364527027027027,0.256515151515152,0.108011875511875,0.571,"Yoendrys Gómez is limiting right-handed batters more effectively","Estimated wOBA: 0.365 vs L, 0.257 vs R.","two_sided_opponent_hand_woba_gap_v1",77.1,29,"2026-09-18","2026-09-19 13:56:10 UTC"
"694819","Jacob Misiorowski","Milwaukee Brewers","R","pitcher","L",353,284,0.389443500424809,0.586997268783805,0.180710227272727,0.259683098591549,0.078972871318822,0.74,"Jacob Misiorowski is limiting left-handed batters more effectively","Estimated wOBA: 0.181 vs L, 0.260 vs R.","two_sided_opponent_hand_woba_gap_v1",77,30,"2026-09-18","2026-09-19 13:56:10 UTC"
"686790","Trevor McDonald","San Francisco Giants","R","pitcher","R",177,133,0.846442364824718,0.558166409861325,0.364488636363636,0.2575,0.106988636363636,0.571,"Trevor McDonald is limiting right-handed batters more effectively","Estimated wOBA: 0.364 vs L, 0.258 vs R.","two_sided_opponent_hand_woba_gap_v1",77,30,"2026-09-18","2026-09-19 13:56:10 UTC"
"668984","Casey Legumina","Tampa Bay Rays","R","pitcher","L",126,167,0.601982300884956,0.858515141647672,0.25936,0.368734939759036,0.109374939759036,0.558,"Casey Legumina is limiting left-handed batters more effectively","Estimated wOBA: 0.259 vs L, 0.369 vs R.","two_sided_opponent_hand_woba_gap_v1",77,30,"2026-09-18","2026-09-19 13:56:10 UTC"
"683769","Hunter Gaddis","Cleveland Guardians","R","pitcher","R",116,123,0.762303314362236,0.472216006563735,0.33448275862069,0.216747967479675,0.117734791141015,0.537,"Hunter Gaddis is limiting right-handed batters more effectively","Estimated wOBA: 0.334 vs L, 0.217 vs R.","two_sided_opponent_hand_woba_gap_v1",76.9,33,"2026-09-18","2026-09-19 13:56:10 UTC"
"680570","Grayson Rodriguez","Los Angeles Angels","R","pitcher","R",249,172,0.937353099032073,0.694482444140447,0.395120967741935,0.300697674418605,0.09442329332333,0.632,"Grayson Rodriguez is limiting right-handed batters more effectively","Estimated wOBA: 0.395 vs L, 0.301 vs R.","two_sided_opponent_hand_woba_gap_v1",76.8,34,"2026-09-18","2026-09-19 13:56:10 UTC"
"621074","Michael Rucker","Seattle Mariners","R","pitcher","R",93,77,0.976670201484624,0.443936345344796,0.413369565217391,0.207402597402597,0.205966967814794,0.435,"Michael Rucker is limiting right-handed batters more effectively","Estimated wOBA: 0.413 vs L, 0.207 vs R.","two_sided_opponent_hand_woba_gap_v1",76.6,35,"2026-09-18","2026-09-19 13:56:10 UTC"
"679883","Luinder Avila","Kansas City Royals","R","pitcher","L",189,123,0.693515704154002,0.953039617486339,0.304308510638298,0.413114754098361,0.108806243460063,0.552,"Luinder Avila is limiting left-handed batters more effectively","Estimated wOBA: 0.304 vs L, 0.413 vs R.","two_sided_opponent_hand_woba_gap_v1",76.5,36,"2026-09-18","2026-09-19 13:56:10 UTC"
"660761","José Suarez","Athletics","L","pitcher","L",120,156,0.656416464891041,0.943103125584877,0.291271186440678,0.401987179487179,0.110715993046501,0.545,"José Suarez is limiting left-handed batters more effectively","Estimated wOBA: 0.291 vs L, 0.402 vs R.","two_sided_opponent_hand_woba_gap_v1",76.5,36,"2026-09-18","2026-09-19 13:56:10 UTC"
"669372","J.T. Ginn","Athletics","R","pitcher","R",343,239,0.750029953272894,0.573019221753399,0.330964912280702,0.249029535864979,0.081935376415723,0.705,"J.T. Ginn is limiting right-handed batters more effectively","Estimated wOBA: 0.331 vs L, 0.249 vs R.","two_sided_opponent_hand_woba_gap_v1",76.1,38,"2026-09-18","2026-09-19 13:56:10 UTC"
"647336","Michael Soroka","Arizona Diamondbacks","R","pitcher","R",260,170,0.73868778280543,0.511024007839294,0.319189189189189,0.225680473372781,0.093508715816408,0.63,"Michael Soroka is limiting right-handed batters more effectively","Estimated wOBA: 0.319 vs L, 0.226 vs R.","two_sided_opponent_hand_woba_gap_v1",76.1,38,"2026-09-18","2026-09-19 13:56:10 UTC"
"453286","Max Scherzer","Toronto Blue Jays","R","pitcher","R",203,112,0.851287128712871,0.58452380952381,0.367178217821782,0.2525,0.114678217821782,0.528,"Max Scherzer is limiting right-handed batters more effectively","Estimated wOBA: 0.367 vs L, 0.253 vs R.","two_sided_opponent_hand_woba_gap_v1",76,40,"2026-09-18","2026-09-19 13:56:10 UTC"
"801403","Chase Dollander","Colorado Rockies","R","pitcher","R",89,101,0.902241594022416,0.574580284115368,0.389431818181818,0.247623762376238,0.14180805580558,0.471,"Chase Dollander is limiting right-handed batters more effectively","Estimated wOBA: 0.389 vs L, 0.248 vs R.","two_sided_opponent_hand_woba_gap_v1",75.9,41,"2026-09-18","2026-09-19 13:56:10 UTC"
"669432","Trevor Rogers","Baltimore Orioles","L","pitcher","L",164,492,0.539955070603338,0.770182882353988,0.235792682926829,0.328577235772358,0.092784552845529,0.621,"Trevor Rogers is limiting left-handed batters more effectively","Estimated wOBA: 0.236 vs L, 0.329 vs R.","two_sided_opponent_hand_woba_gap_v1",75.4,42,"2026-09-18","2026-09-19 13:56:10 UTC"
"663738","Daniel Lynch IV","Kansas City Royals","L","pitcher","L",114,198,0.438804474870596,0.71257519010328,0.198318584070796,0.308686868686869,0.110368284616073,0.533,"Daniel Lynch IV is limiting left-handed batters more effectively","Estimated wOBA: 0.198 vs L, 0.309 vs R.","two_sided_opponent_hand_woba_gap_v1",75.4,42,"2026-09-18","2026-09-19 13:56:10 UTC"
"641816","Tyler Mahle","Atlanta Braves","R","pitcher","L",329,264,0.620073493781296,0.790982015784707,0.267256097560976,0.344580152671756,0.07732405511078,0.725,"Tyler Mahle is limiting left-handed batters more effectively","Estimated wOBA: 0.267 vs L, 0.345 vs R.","two_sided_opponent_hand_woba_gap_v1",75.3,44,"2026-09-18","2026-09-19 13:56:10 UTC"
"657612","Tim Hill","New York Yankees","L","pitcher","L",133,98,0.599039172209904,0.930565329580108,0.262651515151515,0.390103092783505,0.12745157763199,0.495,"Tim Hill is limiting left-handed batters more effectively","Estimated wOBA: 0.263 vs L, 0.390 vs R.","two_sided_opponent_hand_woba_gap_v1",75.2,45,"2026-09-18","2026-09-19 13:56:10 UTC"
"641793","Zack Littell","Arizona Diamondbacks","R","pitcher","R",304,238,0.926244798392883,0.725327340238421,0.387920792079208,0.309705882352941,0.078214909726267,0.704,"Zack Littell is limiting right-handed batters more effectively","Estimated wOBA: 0.388 vs L, 0.310 vs R.","two_sided_opponent_hand_woba_gap_v1",74.8,46,"2026-09-18","2026-09-19 13:56:10 UTC"
"594580","Sam Moll","Cincinnati Reds","L","pitcher","L",136,120,0.601374124967591,0.873052559493237,0.274360902255639,0.377627118644068,0.103266216388429,0.545,"Sam Moll is limiting left-handed batters more effectively","Estimated wOBA: 0.274 vs L, 0.378 vs R.","two_sided_opponent_hand_woba_gap_v1",74.7,47,"2026-09-18","2026-09-19 13:56:10 UTC"
"657044","Ryan Thompson","Arizona Diamondbacks","R","pitcher","R",77,106,1.00603621730382,0.62513500245459,0.42948051948052,0.275619047619048,0.153861471861472,0.435,"Ryan Thompson is limiting right-handed batters more effectively","Estimated wOBA: 0.429 vs L, 0.276 vs R.","two_sided_opponent_hand_woba_gap_v1",74.6,48,"2026-09-18","2026-09-19 13:56:10 UTC"
"666974","Yennier Cano","Baltimore Orioles","R","pitcher","R",82,117,0.741463414634146,0.406335764133929,0.325,0.186666666666667,0.138333333333333,0.451,"Yennier Cano is limiting right-handed batters more effectively","Estimated wOBA: 0.325 vs L, 0.187 vs R.","two_sided_opponent_hand_woba_gap_v1",74.4,49,"2026-09-18","2026-09-19 13:56:10 UTC"
"680604","Blas Castaño","Colorado Rockies","R","pitcher","R",56,56,1.15178571428571,0.464285714285714,0.477321428571429,0.207857142857143,0.269464285714286,0.359,"Blas Castaño is limiting right-handed batters more effectively","Estimated wOBA: 0.477 vs L, 0.208 vs R.","two_sided_opponent_hand_woba_gap_v1",74.2,50,"2026-09-18","2026-09-19 13:56:10 UTC"
"656986","Bennett Sousa","Houston Astros","L","pitcher","R",61,62,1.08003857280617,0.558591378263509,0.462295081967213,0.249180327868852,0.213114754098361,0.379,"Bennett Sousa is limiting right-handed batters more effectively","Estimated wOBA: 0.462 vs L, 0.249 vs R.","two_sided_opponent_hand_woba_gap_v1",74.1,51,"2026-09-18","2026-09-19 13:56:10 UTC"
"669358","Shane Baz","Baltimore Orioles","R","pitcher","R",449,294,0.796523045921068,0.619349962207105,0.342393736017897,0.270102040816326,0.072291695201571,0.746,"Shane Baz is limiting right-handed batters more effectively","Estimated wOBA: 0.342 vs L, 0.270 vs R.","two_sided_opponent_hand_woba_gap_v1",74,52,"2026-09-18","2026-09-19 13:56:10 UTC"
"670062","Julian Garcia","Cincinnati Reds","R","pitcher","L",95,85,0.456390977443609,0.81939586645469,0.212315789473684,0.344117647058824,0.13180185758514,0.459,"Julian Garcia is limiting left-handed batters more effectively","Estimated wOBA: 0.212 vs L, 0.344 vs R.","two_sided_opponent_hand_woba_gap_v1",74,52,"2026-09-18","2026-09-19 13:56:10 UTC"
"656240","Scott Blewett","Athletics","R","pitcher","R",65,74,0.885897435897436,0.417492096944152,0.375692307692308,0.194246575342466,0.181445732349842,0.394,"Scott Blewett is limiting right-handed batters more effectively","Estimated wOBA: 0.376 vs L, 0.194 vs R.","two_sided_opponent_hand_woba_gap_v1",73.9,54,"2026-09-18","2026-09-19 13:56:10 UTC"
"656605","Mitch Keller","Pittsburgh Pirates","R","pitcher","R",321,182,0.838231818670104,0.6134734830387,0.358566978193146,0.276208791208791,0.082358186984355,0.645,"Mitch Keller is limiting right-handed batters more effectively","Estimated wOBA: 0.359 vs L, 0.276 vs R.","two_sided_opponent_hand_woba_gap_v1",73.7,55,"2026-09-18","2026-09-19 13:56:10 UTC"
"623149","Paul Sewald","Toronto Blue Jays","R","pitcher","R",116,90,0.860213289581624,0.553658536585366,0.36095652173913,0.234444444444444,0.126512077294686,0.474,"Paul Sewald is limiting right-handed batters more effectively","Estimated wOBA: 0.361 vs L, 0.234 vs R.","two_sided_opponent_hand_woba_gap_v1",73.7,55,"2026-09-18","2026-09-19 13:56:10 UTC"
"676775","Keaton Winn","San Francisco Giants","R","pitcher","R",72,104,0.874133691035099,0.479395604395604,0.372676056338028,0.223557692307692,0.149118364030336,0.419,"Keaton Winn is limiting right-handed batters more effectively","Estimated wOBA: 0.373 vs L, 0.224 vs R.","two_sided_opponent_hand_woba_gap_v1",73.7,55,"2026-09-18","2026-09-19 13:56:10 UTC"
"694037","Daniel Palencia","Chicago Cubs","R","pitcher","R",53,55,1.18280922431866,0.374125874125874,0.492075471698113,0.166727272727273,0.32534819897084,0.346,"Daniel Palencia is limiting right-handed batters more effectively","Estimated wOBA: 0.492 vs L, 0.167 vs R.","two_sided_opponent_hand_woba_gap_v1",73.6,58,"2026-09-18","2026-09-19 13:56:10 UTC"
"673513","Yuki Matsui","San Diego Padres","L","pitcher","L",130,117,0.448305879201821,0.712072649572649,0.208473282442748,0.30965811965812,0.101184837215372,0.539,"Yuki Matsui is limiting left-handed batters more effectively","Estimated wOBA: 0.208 vs L, 0.310 vs R.","two_sided_opponent_hand_woba_gap_v1",73.5,59,"2026-09-18","2026-09-19 13:56:10 UTC"
"608379","Michael Wacha","Kansas City Royals","R","pitcher","L",439,321,0.609150988497989,0.796365761649222,0.266529680365297,0.335454545454545,0.068924865089248,0.762,"Michael Wacha is limiting left-handed batters more effectively","Estimated wOBA: 0.267 vs L, 0.335 vs R.","two_sided_opponent_hand_woba_gap_v1",73.4,60,"2026-09-18","2026-09-19 13:56:10 UTC"
"666808","Camilo Doval","Pittsburgh Pirates","R","pitcher","R",130,129,0.833516483516484,0.574776785714286,0.355846153846154,0.261796875,0.094049278846154,0.563,"Camilo Doval is limiting right-handed batters more effectively","Estimated wOBA: 0.356 vs L, 0.262 vs R.","two_sided_opponent_hand_woba_gap_v1",73.3,61,"2026-09-18","2026-09-19 13:56:10 UTC"
"607536","Kyle Freeland","Colorado Rockies","L","pitcher","L",158,417,0.715531987683886,0.939863493820328,0.308101265822785,0.393836930455635,0.08573566463285,0.612,"Kyle Freeland is limiting left-handed batters more effectively","Estimated wOBA: 0.308 vs L, 0.394 vs R.","two_sided_opponent_hand_woba_gap_v1",73.2,62,"2026-09-18","2026-09-19 13:56:10 UTC"
"663893","Brendon Little","Toronto Blue Jays","L","pitcher","L",61,61,0.646938775510204,1.10718789407314,0.291666666666667,0.467666666666667,0.176,0.379,"Brendon Little is limiting left-handed batters more effectively","Estimated wOBA: 0.292 vs L, 0.468 vs R.","two_sided_opponent_hand_woba_gap_v1",73.1,63,"2026-09-18","2026-09-19 13:56:10 UTC"
"690986","Kyle Harrison","Milwaukee Brewers","L","pitcher","L",138,353,0.60360659364974,0.833336320619444,0.264492753623188,0.355823863636364,0.091331110013176,0.58,"Kyle Harrison is limiting left-handed batters more effectively","Estimated wOBA: 0.264 vs L, 0.356 vs R.","two_sided_opponent_hand_woba_gap_v1",73,64,"2026-09-18","2026-09-19 13:56:10 UTC"
"678906","Kai-Wei Teng","Houston Astros","R","pitcher","R",187,145,0.860420519142524,0.630657327586207,0.37247311827957,0.284620689655172,0.087852428624398,0.592,"Kai-Wei Teng is limiting right-handed batters more effectively","Estimated wOBA: 0.372 vs L, 0.285 vs R.","two_sided_opponent_hand_woba_gap_v1",73,64,"2026-09-18","2026-09-19 13:56:10 UTC"
"670950","Trevor Richards","Chicago White Sox","R","pitcher","L",137,173,0.538978102189781,0.75534450382782,0.231970802919708,0.323488372093023,0.091517569173315,0.578,"Trevor Richards is limiting left-handed batters more effectively","Estimated wOBA: 0.232 vs L, 0.323 vs R.","two_sided_opponent_hand_woba_gap_v1",73,64,"2026-09-18","2026-09-19 13:56:10 UTC"
"682608","Peyton Gray","Texas Rangers","R","pitcher","L",120,123,0.613674560733384,0.862688604139814,0.263076923076923,0.359669421487603,0.09659249841068,0.545,"Peyton Gray is limiting left-handed batters more effectively","Estimated wOBA: 0.263 vs L, 0.360 vs R.","two_sided_opponent_hand_woba_gap_v1",72.8,67,"2026-09-18","2026-09-19 13:56:10 UTC"
"682842","Abner Uribe","Milwaukee Brewers","R","pitcher","R",105,116,0.654491899852725,0.395768833849329,0.29047619047619,0.18353982300885,0.10693636746734,0.512,"Abner Uribe is limiting right-handed batters more effectively","Estimated wOBA: 0.290 vs L, 0.184 vs R.","two_sided_opponent_hand_woba_gap_v1",72.8,67,"2026-09-18","2026-09-19 13:56:10 UTC"
"664126","Pete Fairbanks","Miami Marlins","R","pitcher","R",105,78,0.901831501831502,0.535782625334864,0.377596153846154,0.247820512820513,0.129775641025641,0.438,"Pete Fairbanks is limiting right-handed batters more effectively","Estimated wOBA: 0.378 vs L, 0.248 vs R.","two_sided_opponent_hand_woba_gap_v1",72.5,69,"2026-09-18","2026-09-19 13:56:10 UTC"
"571927","Steven Matz","Tampa Bay Rays","L","pitcher","L",111,213,0.575551632833186,0.826561463018951,0.249818181818182,0.349014084507042,0.09919590268886,0.526,"Steven Matz is limiting left-handed batters more effectively","Estimated wOBA: 0.250 vs L, 0.349 vs R.","two_sided_opponent_hand_woba_gap_v1",72.4,70,"2026-09-18","2026-09-19 13:56:10 UTC"
"696131","Mason Black","Kansas City Royals","R","pitcher","R",61,81,1.04622950819672,0.610842726784756,0.439344262295082,0.280246913580247,0.159097348714835,0.379,"Mason Black is limiting right-handed batters more effectively","Estimated wOBA: 0.439 vs L, 0.280 vs R.","two_sided_opponent_hand_woba_gap_v1",72.2,71,"2026-09-18","2026-09-19 13:56:10 UTC"
"642546","Jonathan Hernández","Los Angeles Dodgers","R","pitcher","L",48,60,0.375,0.938888888888889,0.172340425531915,0.398833333333333,0.226492907801418,0.324,"Jonathan Hernández is limiting left-handed batters more effectively","Estimated wOBA: 0.172 vs L, 0.399 vs R.","two_sided_opponent_hand_woba_gap_v1",72,72,"2026-09-18","2026-09-19 13:56:10 UTC"
"518886","Craig Kimbrel","Kansas City Royals","R","pitcher","R",102,94,0.831452912733134,0.550405268490375,0.358019801980198,0.24936170212766,0.108658099852538,0.485,"Craig Kimbrel is limiting right-handed batters more effectively","Estimated wOBA: 0.358 vs L, 0.249 vs R.","two_sided_opponent_hand_woba_gap_v1",71.8,73,"2026-09-18","2026-09-19 13:56:10 UTC"
"677952","Braxton Ashcraft","Pittsburgh Pirates","R","pitcher","R",375,293,0.742208197901097,0.57989785645886,0.317774798927614,0.251331058020478,0.066443740907136,0.746,"Braxton Ashcraft is limiting right-handed batters more effectively","Estimated wOBA: 0.318 vs L, 0.251 vs R.","two_sided_opponent_hand_woba_gap_v1",71.7,74,"2026-09-18","2026-09-19 13:56:10 UTC"
"694360","Beck Way","Kansas City Royals","R","pitcher","R",51,54,1.07888736890105,0.543083900226757,0.448039215686274,0.248333333333333,0.199705882352941,0.338,"Beck Way is limiting right-handed batters more effectively","Estimated wOBA: 0.448 vs L, 0.248 vs R.","two_sided_opponent_hand_woba_gap_v1",71.7,74,"2026-09-18","2026-09-19 13:56:10 UTC"
"682052","Jacob Lopez","Athletics","L","pitcher","L",136,375,0.602580318745257,0.838691896338955,0.272910447761194,0.359224598930481,0.086314151169287,0.576,"Jacob Lopez is limiting left-handed batters more effectively","Estimated wOBA: 0.273 vs L, 0.359 vs R.","two_sided_opponent_hand_woba_gap_v1",71.6,76,"2026-09-18","2026-09-19 13:56:10 UTC"
"656234","Jake Bird","Washington Nationals","R","pitcher","R",57,115,1.07785087719298,0.671571906354515,0.456140350877193,0.291739130434783,0.16440122044241,0.363,"Jake Bird is limiting right-handed batters more effectively","Estimated wOBA: 0.456 vs L, 0.292 vs R.","two_sided_opponent_hand_woba_gap_v1",71.6,76,"2026-09-18","2026-09-19 13:56:10 UTC"
"677955","Jaden Hill","Colorado Rockies","R","pitcher","L",94,78,0.563575268817204,0.912587412587412,0.262795698924731,0.388205128205128,0.125409429280397,0.438,"Jaden Hill is limiting left-handed batters more effectively","Estimated wOBA: 0.263 vs L, 0.388 vs R.","two_sided_opponent_hand_woba_gap_v1",71.6,76,"2026-09-18","2026-09-19 13:56:10 UTC"
"675512","Troy Melton","Detroit Tigers","R","pitcher","R",266,185,0.73970293054998,0.543071395094517,0.317849056603774,0.241081081081081,0.076767975522693,0.649,"Troy Melton is limiting right-handed batters more effectively","Estimated wOBA: 0.318 vs L, 0.241 vs R.","two_sided_opponent_hand_woba_gap_v1",71.5,79,"2026-09-18","2026-09-19 13:56:10 UTC"
"694335","Matt Svanson","St. Louis Cardinals","R","pitcher","L",102,105,0.687711124053582,0.956892230576441,0.308217821782178,0.407714285714286,0.099496463932108,0.505,"Matt Svanson is limiting left-handed batters more effectively","Estimated wOBA: 0.308 vs L, 0.408 vs R.","two_sided_opponent_hand_woba_gap_v1",71,80,"2026-09-18","2026-09-19 13:56:10 UTC"
"696062","Wilber Dotel","Pittsburgh Pirates","R","pitcher","L",88,71,0.522615315718764,0.841820151679307,0.237701149425287,0.365633802816901,0.127932653391614,0.415,"Wilber Dotel is limiting left-handed batters more effectively","Estimated wOBA: 0.238 vs L, 0.366 vs R.","two_sided_opponent_hand_woba_gap_v1",71,80,"2026-09-18","2026-09-19 13:56:10 UTC"
"621366","Ryan Borucki","San Francisco Giants","L","pitcher","L",49,54,0.550024888003982,1.07407407407407,0.258163265306122,0.450740740740741,0.192577475434619,0.329,"Ryan Borucki is limiting left-handed batters more effectively","Estimated wOBA: 0.258 vs L, 0.451 vs R.","two_sided_opponent_hand_woba_gap_v1",71,80,"2026-09-18","2026-09-19 13:56:10 UTC"
"571578","Patrick Corbin","Toronto Blue Jays","L","pitcher","L",100,263,0.643689643689644,0.89963260656816,0.283434343434343,0.383536121673004,0.100101778238661,0.5,"Patrick Corbin is limiting left-handed batters more effectively","Estimated wOBA: 0.283 vs L, 0.384 vs R.","two_sided_opponent_hand_woba_gap_v1",70.8,83,"2026-09-18","2026-09-19 13:56:10 UTC"
"656222","Jalen Beeks","Texas Rangers","L","pitcher","R",51,61,1.0517313308302,0.61138014527845,0.44,0.264576271186441,0.175423728813559,0.338,"Jalen Beeks is limiting right-handed batters more effectively","Estimated wOBA: 0.440 vs L, 0.265 vs R.","two_sided_opponent_hand_woba_gap_v1",70.8,83,"2026-09-18","2026-09-19 13:56:10 UTC"
"668820","Max Kranick","Washington Nationals","R","pitcher","L",50,44,0.772108843537415,1.36056511056511,0.341836734693878,0.555,0.213163265306122,0.306,"Max Kranick is limiting left-handed batters more effectively","Estimated wOBA: 0.342 vs L, 0.555 vs R.","two_sided_opponent_hand_woba_gap_v1",70.7,85,"2026-09-18","2026-09-19 13:56:10 UTC"
"642100","Gabe Speier","Seattle Mariners","L","pitcher","L",85,93,0.536796536796537,0.790864061640066,0.235,0.343478260869565,0.108478260869565,0.459,"Gabe Speier is limiting left-handed batters more effectively","Estimated wOBA: 0.235 vs L, 0.343 vs R.","two_sided_opponent_hand_woba_gap_v1",70.5,86,"2026-09-18","2026-09-19 13:56:10 UTC"
"668933","Graham Ashcraft","Cincinnati Reds","R","pitcher","R",72,64,0.829566854990584,0.515056818181818,0.36375,0.231451612903226,0.132298387096774,0.39,"Graham Ashcraft is limiting right-handed batters more effectively","Estimated wOBA: 0.364 vs L, 0.231 vs R.","two_sided_opponent_hand_woba_gap_v1",70.5,86,"2026-09-18","2026-09-19 13:56:10 UTC"
"676428","Brant Hurter","Detroit Tigers","L","pitcher","L",61,64,0.372159907966638,0.672955974842767,0.169672131147541,0.304444444444444,0.134772313296903,0.379,"Brant Hurter is limiting left-handed batters more effectively","Estimated wOBA: 0.170 vs L, 0.304 vs R.","two_sided_opponent_hand_woba_gap_v1",70.4,88,"2026-09-18","2026-09-19 13:56:10 UTC"
"675540","Xzavion Curry","New York Mets","R","pitcher","L",53,42,0.644150943396226,1.22857142857143,0.277924528301887,0.497857142857143,0.219932614555256,0.296,"Xzavion Curry is limiting left-handed batters more effectively","Estimated wOBA: 0.278 vs L, 0.498 vs R.","two_sided_opponent_hand_woba_gap_v1",70.4,88,"2026-09-18","2026-09-19 13:56:10 UTC"
"695034","Kade Morris","Athletics","R","pitcher","R",49,40,1.38775510204082,0.75,0.565102040816327,0.32775,0.237352040816327,0.286,"Kade Morris is limiting right-handed batters more effectively","Estimated wOBA: 0.565 vs L, 0.328 vs R.","two_sided_opponent_hand_woba_gap_v1",70.4,88,"2026-09-18","2026-09-19 13:56:10 UTC"
"689818","David Sandlin","Chicago White Sox","R","pitcher","R",87,58,0.889131383675251,0.508620689655172,0.374827586206897,0.234137931034483,0.140689655172414,0.367,"David Sandlin is limiting right-handed batters more effectively","Estimated wOBA: 0.375 vs L, 0.234 vs R.","two_sided_opponent_hand_woba_gap_v1",70.3,91,"2026-09-18","2026-09-19 13:56:10 UTC"
"687330","Kevin Kelly","Tampa Bay Rays","R","pitcher","R",117,150,0.696003696003696,0.468617071556858,0.296293103448276,0.205704697986577,0.090588405461699,0.539,"Kevin Kelly is limiting right-handed batters more effectively","Estimated wOBA: 0.296 vs L, 0.206 vs R.","two_sided_opponent_hand_woba_gap_v1",70.2,92,"2026-09-18","2026-09-19 13:56:10 UTC"
"663765","Jake Woodford","Chicago Cubs","R","pitcher","R",51,75,1.14450127877238,0.731100665883275,0.474705882352941,0.312702702702703,0.162003179650238,0.338,"Jake Woodford is limiting right-handed batters more effectively","Estimated wOBA: 0.475 vs L, 0.313 vs R.","two_sided_opponent_hand_woba_gap_v1",70.2,92,"2026-09-18","2026-09-19 13:56:10 UTC"
"681916","Dylan Smith","San Francisco Giants","R","pitcher","L",74,85,0.506421232876712,0.84047619047619,0.24,0.355714285714286,0.115714285714286,0.425,"Dylan Smith is limiting left-handed batters more effectively","Estimated wOBA: 0.240 vs L, 0.356 vs R.","two_sided_opponent_hand_woba_gap_v1",70.1,94,"2026-09-18","2026-09-19 13:56:10 UTC"
"668909","Gavin Williams","Cleveland Guardians","R","pitcher","L",428,278,0.600725843036443,0.757022953066119,0.263435294117647,0.326870503597122,0.063435209479475,0.735,"Gavin Williams is limiting left-handed batters more effectively","Estimated wOBA: 0.263 vs L, 0.327 vs R.","two_sided_opponent_hand_woba_gap_v1",70,95,"2026-09-18","2026-09-19 13:56:10 UTC"
"691951","Sam Aldegheri","Los Angeles Angels","L","pitcher","R",41,111,1.10594512195122,0.585585585585586,0.472926829268293,0.253243243243243,0.21968358602505,0.291,"Sam Aldegheri is limiting right-handed batters more effectively","Estimated wOBA: 0.473 vs L, 0.253 vs R.","two_sided_opponent_hand_woba_gap_v1",70,95,"2026-09-18","2026-09-19 13:56:10 UTC"
"622088","Tejay Antone","Cincinnati Reds","R","pitcher","R",97,127,0.81480117820324,0.558338826631509,0.346875,0.247723577235772,0.099151422764228,0.492,"Tejay Antone is limiting right-handed batters more effectively","Estimated wOBA: 0.347 vs L, 0.248 vs R.","two_sided_opponent_hand_woba_gap_v1",69.9,97,"2026-09-18","2026-09-19 13:56:10 UTC"
"592094","Jason Adam","San Diego Padres","R","pitcher","L",64,70,0.540322580645161,0.858986175115207,0.23734375,0.366,0.12865625,0.39,"Jason Adam is limiting left-handed batters more effectively","Estimated wOBA: 0.237 vs L, 0.366 vs R.","two_sided_opponent_hand_woba_gap_v1",69.8,98,"2026-09-18","2026-09-19 13:56:10 UTC"
"688107","Robert Gasser","Milwaukee Brewers","L","pitcher","L",128,288,0.577008928571429,0.797816687129664,0.260234375,0.342692307692308,0.082457932692308,0.561,"Robert Gasser is limiting left-handed batters more effectively","Estimated wOBA: 0.260 vs L, 0.343 vs R.","two_sided_opponent_hand_woba_gap_v1",69.6,99,"2026-09-18","2026-09-19 13:56:10 UTC"
"657097","Jacob Webb","Chicago Cubs","R","pitcher","L",167,108,0.579450370781616,0.833333333333333,0.26,0.351851851851852,0.091851851851852,0.519,"Jacob Webb is limiting left-handed batters more effectively","Estimated wOBA: 0.260 vs L, 0.352 vs R.","two_sided_opponent_hand_woba_gap_v1",69.4,100,"2026-09-18","2026-09-19 13:56:10 UTC"
"687911","Bryan King","Houston Astros","L","pitcher","L",110,152,0.61495690853489,0.857615894039735,0.277522935779816,0.365695364238411,0.088172428458595,0.524,"Bryan King is limiting left-handed batters more effectively","Estimated wOBA: 0.278 vs L, 0.366 vs R.","two_sided_opponent_hand_woba_gap_v1",69,101,"2026-09-18","2026-09-19 13:56:10 UTC"
"693686","Spencer Miles","Toronto Blue Jays","R","pitcher","R",203,168,0.659141568607122,0.450757575757576,0.284504950495049,0.21172619047619,0.072778760018859,0.627,"Spencer Miles is limiting right-handed batters more effectively","Estimated wOBA: 0.285 vs L, 0.212 vs R.","two_sided_opponent_hand_woba_gap_v1",68.9,102,"2026-09-18","2026-09-19 13:56:10 UTC"
"623474","Jimmy Herget","Colorado Rockies","R","pitcher","R",102,118,0.982278481012658,0.730225988700565,0.4071,0.31364406779661,0.09345593220339,0.505,"Jimmy Herget is limiting right-handed batters more effectively","Estimated wOBA: 0.407 vs L, 0.314 vs R.","two_sided_opponent_hand_woba_gap_v1",68.9,102,"2026-09-18","2026-09-19 13:56:10 UTC"
"650644","Aaron Civale","Chicago Cubs","R","pitcher","R",260,209,0.868941289542148,0.718426501035197,0.372779922779923,0.305555555555556,0.067224367224367,0.676,"Aaron Civale is limiting right-handed batters more effectively","Estimated wOBA: 0.373 vs L, 0.306 vs R.","two_sided_opponent_hand_woba_gap_v1",68.7,104,"2026-09-18","2026-09-19 13:56:10 UTC"
"700669","Gordon Graceffo","St. Louis Cardinals","R","pitcher","L",143,161,0.448511166253102,0.65625,0.210629370629371,0.2875,0.076870629370629,0.588,"Gordon Graceffo is limiting left-handed batters more effectively","Estimated wOBA: 0.211 vs L, 0.287 vs R.","two_sided_opponent_hand_woba_gap_v1",68.6,105,"2026-09-18","2026-09-19 13:56:10 UTC"
"677958","Kumar Rocker","Texas Rangers","R","pitcher","R",357,271,0.824982823318006,0.66883816986318,0.353585434173669,0.293136531365314,0.060448902808355,0.73,"Kumar Rocker is limiting right-handed batters more effectively","Estimated wOBA: 0.354 vs L, 0.293 vs R.","two_sided_opponent_hand_woba_gap_v1",68.3,106,"2026-09-18","2026-09-19 13:56:10 UTC"
"650960","Daniel Duarte","New York Mets","R","pitcher","R",70,43,0.630803571428571,0.261486103233125,0.276571428571429,0.122325581395349,0.15424584717608,0.301,"Daniel Duarte is limiting right-handed batters more effectively","Estimated wOBA: 0.277 vs L, 0.122 vs R.","two_sided_opponent_hand_woba_gap_v1",68.3,106,"2026-09-18","2026-09-19 13:56:10 UTC"
"663362","Matt Waldron","Washington Nationals","R","pitcher","R",108,87,1.00207860922147,0.724709302325581,0.414907407407407,0.316860465116279,0.098046942291128,0.465,"Matt Waldron is limiting right-handed batters more effectively","Estimated wOBA: 0.415 vs L, 0.317 vs R.","two_sided_opponent_hand_woba_gap_v1",68.1,108,"2026-09-18","2026-09-19 13:56:10 UTC"
"671345","Jason Foley","San Francisco Giants","R","pitcher","R",53,50,0.881761006289308,0.566530612244898,0.380188679245283,0.2444,0.135788679245283,0.333,"Jason Foley is limiting right-handed batters more effectively","Estimated wOBA: 0.380 vs L, 0.244 vs R.","two_sided_opponent_hand_woba_gap_v1",68.1,108,"2026-09-18","2026-09-19 13:56:10 UTC"
"694477","Chad Patrick","Milwaukee Brewers","R","pitcher","R",209,217,0.751273012142577,0.562668298653611,0.32256038647343,0.257395348837209,0.065165037636221,0.676,"Chad Patrick is limiting right-handed batters more effectively","Estimated wOBA: 0.323 vs L, 0.257 vs R.","two_sided_opponent_hand_woba_gap_v1",68,110,"2026-09-18","2026-09-19 13:56:10 UTC"
"676534","Calvin Faucher","Miami Marlins","R","pitcher","R",164,111,0.686215624865932,0.442322757540149,0.306993865030675,0.222252252252252,0.084741612778423,0.526,"Calvin Faucher is limiting right-handed batters more effectively","Estimated wOBA: 0.307 vs L, 0.222 vs R.","two_sided_opponent_hand_woba_gap_v1",68,110,"2026-09-18","2026-09-19 13:56:10 UTC"
"700249","Cade Povich","Baltimore Orioles","L","pitcher","R",58,102,1.00893997445722,0.666666666666667,0.423965517241379,0.300196078431373,0.123769438810006,0.367,"Cade Povich is limiting right-handed batters more effectively","Estimated wOBA: 0.424 vs L, 0.300 vs R.","two_sided_opponent_hand_woba_gap_v1",67.9,112,"2026-09-18","2026-09-19 13:56:10 UTC"
"815083","Mitch Farris","Los Angeles Angels","L","pitcher","L",97,130,0.667246304806856,0.932967032967033,0.301340206185567,0.393384615384615,0.092044409199048,0.492,"Mitch Farris is limiting left-handed batters more effectively","Estimated wOBA: 0.301 vs L, 0.393 vs R.","two_sided_opponent_hand_woba_gap_v1",67.8,113,"2026-09-18","2026-09-19 13:56:10 UTC"
"694297","Brandon Pfaadt","Arizona Diamondbacks","R","pitcher","R",280,232,0.759605595302846,0.593834419195932,0.323870967741936,0.262155172413793,0.061715795328143,0.699,"Brandon Pfaadt is limiting right-handed batters more effectively","Estimated wOBA: 0.324 vs L, 0.262 vs R.","two_sided_opponent_hand_woba_gap_v1",67.5,114,"2026-09-18","2026-09-19 13:56:10 UTC"
"687941","Alec Gamboa","Boston Red Sox","L","pitcher","R",42,73,0.846153846153846,0.456349206349206,0.357857142857143,0.211527777777778,0.146329365079365,0.296,"Alec Gamboa is limiting right-handed batters more effectively","Estimated wOBA: 0.358 vs L, 0.212 vs R.","two_sided_opponent_hand_woba_gap_v1",67.5,114,"2026-09-18","2026-09-19 13:56:10 UTC"
"686993","Justin Sterner","Athletics","R","pitcher","L",86,97,0.712732688011914,0.957257036951234,0.303176470588235,0.398556701030928,0.095380230442693,0.462,"Justin Sterner is limiting left-handed batters more effectively","Estimated wOBA: 0.303 vs L, 0.399 vs R.","two_sided_opponent_hand_woba_gap_v1",67.4,116,"2026-09-18","2026-09-19 13:56:10 UTC"
"663554","Casey Mize","San Diego Padres","R","pitcher","L",290,224,0.610880430603614,0.778280942808544,0.265121107266436,0.327309417040359,0.062188309773923,0.691,"Casey Mize is limiting left-handed batters more effectively","Estimated wOBA: 0.265 vs L, 0.327 vs R.","two_sided_opponent_hand_woba_gap_v1",67.3,117,"2026-09-18","2026-09-19 13:56:10 UTC"
"695418","Brad Lord","Washington Nationals","R","pitcher","R",164,179,0.747813601357525,0.58933615819209,0.330061349693252,0.259431818181818,0.070629531511434,0.621,"Brad Lord is limiting right-handed batters more effectively","Estimated wOBA: 0.330 vs L, 0.259 vs R.","two_sided_opponent_hand_woba_gap_v1",67.3,117,"2026-09-18","2026-09-19 13:56:10 UTC"
"682243","Bryce Miller","Seattle Mariners","R","pitcher","R",243,193,0.781507201646091,0.620922619047619,0.333827160493827,0.269010416666667,0.06481674382716,0.659,"Bryce Miller is limiting right-handed batters more effectively","Estimated wOBA: 0.334 vs L, 0.269 vs R.","two_sided_opponent_hand_woba_gap_v1",67,119,"2026-09-18","2026-09-19 13:56:10 UTC"
"675660","Shane Drohan","Milwaukee Brewers","L","pitcher","L",158,353,0.629832364009579,0.787479903536977,0.271772151898734,0.340965909090909,0.069193757192175,0.612,"Shane Drohan is limiting left-handed batters more effectively","Estimated wOBA: 0.272 vs L, 0.341 vs R.","two_sided_opponent_hand_woba_gap_v1",66.8,120,"2026-09-18","2026-09-19 13:56:10 UTC"
"554430","Zack Wheeler","Philadelphia Phillies","R","pitcher","R",351,248,0.687680330992433,0.555759379759103,0.30022792022792,0.241451612903226,0.058776307324694,0.713,"Zack Wheeler is limiting right-handed batters more effectively","Estimated wOBA: 0.300 vs L, 0.241 vs R.","two_sided_opponent_hand_woba_gap_v1",66.8,120,"2026-09-18","2026-09-19 13:56:10 UTC"
"678020","Seth Halvorsen","Los Angeles Dodgers","R","pitcher","R",54,81,1.02818035426731,0.748351090816844,0.440925925925926,0.32,0.120925925925926,0.351,"Seth Halvorsen is limiting right-handed batters more effectively","Estimated wOBA: 0.441 vs L, 0.320 vs R.","two_sided_opponent_hand_woba_gap_v1",66.8,120,"2026-09-18","2026-09-19 13:56:10 UTC"
"669212","Eli Morgan","Kansas City Royals","R","pitcher","R",47,44,1.08406850025947,0.725524475524476,0.45468085106383,0.321136363636364,0.133544487427466,0.306,"Eli Morgan is limiting right-handed batters more effectively","Estimated wOBA: 0.455 vs L, 0.321 vs R.","two_sided_opponent_hand_woba_gap_v1",66.8,120,"2026-09-18","2026-09-19 13:56:10 UTC"
"680755","Braydon Fisher","Toronto Blue Jays","R","pitcher","R",154,149,0.725330782719592,0.565617484053121,0.322763157894737,0.250890410958904,0.071872746935833,0.598,"Braydon Fisher is limiting right-handed batters more effectively","Estimated wOBA: 0.323 vs L, 0.251 vs R.","two_sided_opponent_hand_woba_gap_v1",66.7,124,"2026-09-18","2026-09-19 13:56:10 UTC"
"683004","Jack Leiter","Texas Rangers","R","pitcher","R",201,154,0.851820443238354,0.675512892904197,0.365522388059701,0.295194805194805,0.070327582864896,0.606,"Jack Leiter is limiting right-handed batters more effectively","Estimated wOBA: 0.366 vs L, 0.295 vs R.","two_sided_opponent_hand_woba_gap_v1",66.6,125,"2026-09-18","2026-09-19 13:56:10 UTC"
"687396","Brent Headrick","New York Yankees","L","pitcher","R",111,200,0.776546461985648,0.564380064380064,0.33,0.249441624365482,0.080558375634518,0.526,"Brent Headrick is limiting right-handed batters more effectively","Estimated wOBA: 0.330 vs L, 0.249 vs R.","two_sided_opponent_hand_woba_gap_v1",66.6,125,"2026-09-18","2026-09-19 13:56:10 UTC"
"696147","Sam Bachman","Los Angeles Angels","R","pitcher","R",101,98,0.77106978990582,0.559601113172542,0.340792079207921,0.254081632653061,0.08671044655486,0.495,"Sam Bachman is limiting right-handed batters more effectively","Estimated wOBA: 0.341 vs L, 0.254 vs R.","two_sided_opponent_hand_woba_gap_v1",66.6,125,"2026-09-18","2026-09-19 13:56:10 UTC"
"608337","Lucas Giolito","San Diego Padres","R","pitcher","R",71,67,0.935013590313813,0.696779261586803,0.415492957746479,0.311194029850746,0.104298927895733,0.401,"Lucas Giolito is limiting right-handed batters more effectively","Estimated wOBA: 0.415 vs L, 0.311 vs R.","two_sided_opponent_hand_woba_gap_v1",66.6,125,"2026-09-18","2026-09-19 13:56:10 UTC"
"676755","Isaac Mattson","Pittsburgh Pirates","R","pitcher","R",92,84,0.916304347826087,0.663533834586466,0.389239130434783,0.295714285714286,0.093524844720497,0.457,"Isaac Mattson is limiting right-handed batters more effectively","Estimated wOBA: 0.389 vs L, 0.296 vs R.","two_sided_opponent_hand_woba_gap_v1",66.5,129,"2026-09-18","2026-09-19 13:56:10 UTC"
"663542","Bryan Hudson","Chicago White Sox","L","pitcher","R",108,162,0.798033126293996,0.575171232876712,0.337087378640777,0.2555,0.081587378640777,0.519,"Bryan Hudson is limiting right-handed batters more effectively","Estimated wOBA: 0.337 vs L, 0.256 vs R.","two_sided_opponent_hand_woba_gap_v1",66.2,130,"2026-09-18","2026-09-19 13:56:10 UTC"
"663903","Brady Singer","Cincinnati Reds","R","pitcher","R",462,247,0.900133701945869,0.752688172043011,0.384357298474945,0.327682926829268,0.056674371645677,0.712,"Brady Singer is limiting right-handed batters more effectively","Estimated wOBA: 0.384 vs L, 0.328 vs R.","two_sided_opponent_hand_woba_gap_v1",66.1,131,"2026-09-18","2026-09-19 13:56:10 UTC"
"605135","Chris Bassitt","Baltimore Orioles","R","pitcher","R",261,179,0.848875562218891,0.672695530726257,0.36632183908046,0.301564245810056,0.064757593270404,0.642,"Chris Bassitt is limiting right-handed batters more effectively","Estimated wOBA: 0.366 vs L, 0.302 vs R.","two_sided_opponent_hand_woba_gap_v1",66,132,"2026-09-18","2026-09-19 13:56:10 UTC"
"621381","Matt Strahm","Kansas City Royals","L","pitcher","L",54,107,0.700854700854701,0.998894583458949,0.299259259259259,0.412924528301887,0.113665269042628,0.351,"Matt Strahm is limiting left-handed batters more effectively","Estimated wOBA: 0.299 vs L, 0.413 vs R.","two_sided_opponent_hand_woba_gap_v1",66,132,"2026-09-18","2026-09-19 13:56:10 UTC"
"656529","Sam Hentges","San Francisco Giants","L","pitcher","R",75,79,0.76,0.531070195627158,0.347333333333333,0.25025641025641,0.097076923076923,0.429,"Sam Hentges is limiting right-handed batters more effectively","Estimated wOBA: 0.347 vs L, 0.250 vs R.","two_sided_opponent_hand_woba_gap_v1",65.9,134,"2026-09-18","2026-09-19 13:56:10 UTC"
"615698","Cal Quantrill","Texas Rangers","R","pitcher","R",243,195,0.690793164055196,0.545680044593088,0.300413223140496,0.238923076923077,0.061490146217419,0.661,"Cal Quantrill is limiting right-handed batters more effectively","Estimated wOBA: 0.300 vs L, 0.239 vs R.","two_sided_opponent_hand_woba_gap_v1",65.8,135,"2026-09-18","2026-09-19 13:56:10 UTC"
"686799","Jack Kochanowicz","Los Angeles Angels","R","pitcher","R",158,137,0.815916004317535,0.651729089386143,0.360063291139241,0.288248175182482,0.071815115956759,0.578,"Jack Kochanowicz is limiting right-handed batters more effectively","Estimated wOBA: 0.360 vs L, 0.288 vs R.","two_sided_opponent_hand_woba_gap_v1",65.7,136,"2026-09-18","2026-09-19 13:56:10 UTC"
"813349","Connelly Early","Boston Red Sox","L","pitcher","L",107,283,0.589071142475682,0.770800899498357,0.257383177570093,0.336702127659574,0.079318950089481,0.517,"Connelly Early is limiting left-handed batters more effectively","Estimated wOBA: 0.257 vs L, 0.337 vs R.","two_sided_opponent_hand_woba_gap_v1",65.6,137,"2026-09-18","2026-09-19 13:56:10 UTC"
"696149","Bubba Chandler","Pittsburgh Pirates","R","pitcher","R",353,282,0.760017942583732,0.602963178153824,0.328920454545455,0.275943060498221,0.052977394047234,0.738,"Bubba Chandler is limiting right-handed batters more effectively","Estimated wOBA: 0.329 vs L, 0.276 vs R.","two_sided_opponent_hand_woba_gap_v1",65.5,138,"2026-09-18","2026-09-19 13:56:10 UTC"
"681293","Spencer Arrighetti","Toronto Blue Jays","R","pitcher","R",286,196,0.783268214203631,0.641401817849082,0.346842105263158,0.286288659793814,0.060553445469344,0.662,"Spencer Arrighetti is limiting right-handed batters more effectively","Estimated wOBA: 0.347 vs L, 0.286 vs R.","two_sided_opponent_hand_woba_gap_v1",65.5,138,"2026-09-18","2026-09-19 13:56:10 UTC"
"671922","Cade Smith","Cleveland Guardians","R","pitcher","L",162,119,0.487528344671202,0.633947671548461,0.211739130434783,0.287203389830508,0.075464259395725,0.543,"Cade Smith is limiting left-handed batters more effectively","Estimated wOBA: 0.212 vs L, 0.287 vs R.","two_sided_opponent_hand_woba_gap_v1",65.5,138,"2026-09-18","2026-09-19 13:56:10 UTC"
"689546","Nick Davila","Seattle Mariners","R","pitcher","R",68,51,0.82563025210084,0.524509803921569,0.360147058823529,0.245882352941176,0.114264705882353,0.338,"Nick Davila is limiting right-handed batters more effectively","Estimated wOBA: 0.360 vs L, 0.246 vs R.","two_sided_opponent_hand_woba_gap_v1",65.4,141,"2026-09-18","2026-09-19 13:56:10 UTC"
"670990","Yohan Ramírez","Pittsburgh Pirates","R","pitcher","R",169,170,0.672992392223161,0.508998831320608,0.30185628742515,0.237470588235294,0.064385699189856,0.628,"Yohan Ramírez is limiting right-handed batters more effectively","Estimated wOBA: 0.302 vs L, 0.237 vs R.","two_sided_opponent_hand_woba_gap_v1",65.2,142,"2026-09-18","2026-09-19 13:56:10 UTC"
"669387","Carmen Mlodzinski","Pittsburgh Pirates","R","pitcher","R",315,199,0.752111848940687,0.604970799945674,0.327092651757188,0.268090452261307,0.059002199495881,0.666,"Carmen Mlodzinski is limiting right-handed batters more effectively","Estimated wOBA: 0.327 vs L, 0.268 vs R.","two_sided_opponent_hand_woba_gap_v1",65.1,143,"2026-09-18","2026-09-19 13:56:10 UTC"
"669711","Greg Weissert","Boston Red Sox","R","pitcher","R",91,157,0.819427486094153,0.61731088037693,0.353406593406593,0.267834394904459,0.085572198502134,0.476,"Greg Weissert is limiting right-handed batters more effectively","Estimated wOBA: 0.353 vs L, 0.268 vs R.","two_sided_opponent_hand_woba_gap_v1",65,144,"2026-09-18","2026-09-19 13:56:10 UTC"
"667755","José Soriano","Toronto Blue Jays","R","pitcher","R",411,296,0.700326797385621,0.573559408465069,0.311299019607843,0.260337837837838,0.050961181770005,0.747,"José Soriano is limiting right-handed batters more effectively","Estimated wOBA: 0.311 vs L, 0.260 vs R.","two_sided_opponent_hand_woba_gap_v1",64.9,145,"2026-09-18","2026-09-19 13:56:10 UTC"
"676962","Ben Brown","Chicago Cubs","R","pitcher","R",143,122,0.569296844887396,0.414112615823236,0.258391608391608,0.185737704918033,0.072653903473575,0.55,"Ben Brown is limiting right-handed batters more effectively","Estimated wOBA: 0.258 vs L, 0.186 vs R.","two_sided_opponent_hand_woba_gap_v1",64.9,145,"2026-09-18","2026-09-19 13:56:10 UTC"
"642701","Dennis Santana","Arizona Diamondbacks","R","pitcher","R",127,104,0.844347581552306,0.64818874621568,0.361349206349206,0.282427184466019,0.078922021883187,0.51,"Dennis Santana is limiting right-handed batters more effectively","Estimated wOBA: 0.361 vs L, 0.282 vs R.","two_sided_opponent_hand_woba_gap_v1",64.8,147,"2026-09-18","2026-09-19 13:56:10 UTC"
"669062","Erik Miller","Boston Red Sox","L","pitcher","L",92,124,0.520588235294118,0.675568482284506,0.233804347826087,0.317520661157025,0.083716313330938,0.479,"Erik Miller is limiting left-handed batters more effectively","Estimated wOBA: 0.234 vs L, 0.318 vs R.","two_sided_opponent_hand_woba_gap_v1",64.8,147,"2026-09-18","2026-09-19 13:56:10 UTC"
"691587","Eury Pérez","Miami Marlins","R","pitcher","L",340,264,0.63081798375916,0.764367816091954,0.280411764705882,0.333181818181818,0.052770053475936,0.725,"Eury Pérez is limiting left-handed batters more effectively","Estimated wOBA: 0.280 vs L, 0.333 vs R.","two_sided_opponent_hand_woba_gap_v1",64.6,149,"2026-09-18","2026-09-19 13:56:10 UTC"
"680916","Franco Aleman","Cleveland Guardians","R","pitcher","L",50,55,0.669565217391304,0.925252525252525,0.2946,0.405272727272727,0.110672727272727,0.333,"Franco Aleman is limiting left-handed batters more effectively","Estimated wOBA: 0.295 vs L, 0.405 vs R.","two_sided_opponent_hand_woba_gap_v1",64.6,149,"2026-09-18","2026-09-19 13:56:10 UTC"
"701519","Travis Adams","Minnesota Twins","R","pitcher","R",132,102,0.835879806468042,0.640864086408641,0.357121212121212,0.278217821782178,0.078903390339034,0.505,"Travis Adams is limiting right-handed batters more effectively","Estimated wOBA: 0.357 vs L, 0.278 vs R.","two_sided_opponent_hand_woba_gap_v1",64.5,151,"2026-09-18","2026-09-19 13:56:10 UTC"
"623454","Drew Anderson","Detroit Tigers","R","pitcher","L",234,201,0.65195512291701,0.778491264607197,0.284069264069264,0.34044776119403,0.0563784971247659,0.668,"Drew Anderson is limiting left-handed batters more effectively","Estimated wOBA: 0.284 vs L, 0.340 vs R.","two_sided_opponent_hand_woba_gap_v1",64.2,152,"2026-09-18","2026-09-19 13:56:10 UTC"
"683618","Edgardo Henriquez","Los Angeles Dodgers","R","pitcher","R",111,131,0.622529644268775,0.441880341880342,0.285818181818182,0.210615384615385,0.075202797202797,0.526,"Edgardo Henriquez is limiting right-handed batters more effectively","Estimated wOBA: 0.286 vs L, 0.211 vs R.","two_sided_opponent_hand_woba_gap_v1",64.2,152,"2026-09-18","2026-09-19 13:56:10 UTC"
"573009","Joe Mantiply","Toronto Blue Jays","L","pitcher","L",55,57,0.58041958041958,0.855258467023173,0.257272727272727,0.360909090909091,0.103636363636364,0.355,"Joe Mantiply is limiting left-handed batters more effectively","Estimated wOBA: 0.257 vs L, 0.361 vs R.","two_sided_opponent_hand_woba_gap_v1",64.2,152,"2026-09-18","2026-09-19 13:56:10 UTC"
"645261","Sandy Alcantara","Miami Marlins","R","pitcher","R",523,342,0.738032882293031,0.613611083021539,0.318850574712644,0.270645161290323,0.048205413422321,0.774,"Sandy Alcantara is limiting right-handed batters more effectively","Estimated wOBA: 0.319 vs L, 0.271 vs R.","two_sided_opponent_hand_woba_gap_v1",64.1,155,"2026-09-18","2026-09-19 13:56:10 UTC"
"820862","José Fermin","Los Angeles Angels","R","pitcher","R",106,119,0.767581475128645,0.580834168529797,0.335142857142857,0.258235294117647,0.07690756302521,0.515,"José Fermin is limiting right-handed batters more effectively","Estimated wOBA: 0.335 vs L, 0.258 vs R.","two_sided_opponent_hand_woba_gap_v1",64.1,155,"2026-09-18","2026-09-19 13:56:10 UTC"
"489446","Kirby Yates","Pittsburgh Pirates","R","pitcher","R",80,89,0.768242740134028,0.527652123157741,0.333037974683544,0.245505617977528,0.087532356706016,0.444,"Kirby Yates is limiting right-handed batters more effectively","Estimated wOBA: 0.333 vs L, 0.246 vs R.","two_sided_opponent_hand_woba_gap_v1",64.1,155,"2026-09-18","2026-09-19 13:56:10 UTC"
"519141","Drew Pomeranz","Chicago Cubs","L","pitcher","L",58,73,0.71128526645768,0.969444444444444,0.307068965517241,0.408611111111111,0.10154214559387,0.367,"Drew Pomeranz is limiting left-handed batters more effectively","Estimated wOBA: 0.307 vs L, 0.409 vs R.","two_sided_opponent_hand_woba_gap_v1",64.1,155,"2026-09-18","2026-09-19 13:56:10 UTC"
"676254","Ryan Walker","San Francisco Giants","R","pitcher","R",56,98,1.0333850931677,0.755825734549139,0.431818181818182,0.329148936170213,0.102669245647969,0.359,"Ryan Walker is limiting right-handed batters more effectively","Estimated wOBA: 0.432 vs L, 0.329 vs R.","two_sided_opponent_hand_woba_gap_v1",64,159,"2026-09-18","2026-09-19 13:56:10 UTC"
"623352","Josh Hader","Houston Astros","L","pitcher","R",44,114,0.542682926829268,0.262330354187355,0.240909090909091,0.127368421052632,0.113540669856459,0.306,"Josh Hader is limiting right-handed batters more effectively","Estimated wOBA: 0.241 vs L, 0.127 vs R.","two_sided_opponent_hand_woba_gap_v1",63.7,160,"2026-09-18","2026-09-19 13:56:10 UTC"
"666142","Cole Ragans","Kansas City Royals","L","pitcher","R",51,101,1.0171568627451,0.717484248424842,0.417647058823529,0.311188118811881,0.106458940011648,0.338,"Cole Ragans is limiting right-handed batters more effectively","Estimated wOBA: 0.418 vs L, 0.311 vs R.","two_sided_opponent_hand_woba_gap_v1",63.5,161,"2026-09-18","2026-09-19 13:56:10 UTC"
"686218","Emmet Sheehan","Los Angeles Dodgers","R","pitcher","R",247,206,0.824639031206334,0.6812475009996,0.348582995951417,0.294536585365854,0.054046410585563,0.673,"Emmet Sheehan is limiting right-handed batters more effectively","Estimated wOBA: 0.349 vs L, 0.295 vs R.","two_sided_opponent_hand_woba_gap_v1",63.2,162,"2026-09-18","2026-09-19 13:56:10 UTC"
"661563","Luis Gil","New York Yankees","R","pitcher","L",53,59,0.646841673502871,0.935381355932203,0.293207547169811,0.395593220338983,0.102385673169172,0.346,"Luis Gil is limiting left-handed batters more effectively","Estimated wOBA: 0.293 vs L, 0.396 vs R.","two_sided_opponent_hand_woba_gap_v1",63.2,162,"2026-09-18","2026-09-19 13:56:10 UTC"
"685126","Brandon Eisert","Pittsburgh Pirates","L","pitcher","L",83,93,0.616509181672312,0.839080459770115,0.273670886075949,0.356236559139785,0.082565673063836,0.454,"Brandon Eisert is limiting left-handed batters more effectively","Estimated wOBA: 0.274 vs L, 0.356 vs R.","two_sided_opponent_hand_woba_gap_v1",63.1,164,"2026-09-18","2026-09-19 13:56:10 UTC"
"669211","Keegan Akin","Baltimore Orioles","L","pitcher","L",49,65,0.627008250108554,0.899715909090909,0.271836734693878,0.37875,0.106913265306122,0.329,"Keegan Akin is limiting left-handed batters more effectively","Estimated wOBA: 0.272 vs L, 0.379 vs R.","two_sided_opponent_hand_woba_gap_v1",63.1,164,"2026-09-18","2026-09-19 13:56:10 UTC"
"669199","Lake Bachar","Pittsburgh Pirates","R","pitcher","R",191,145,0.704076060771529,0.569444444444444,0.310578947368421,0.248472222222222,0.062106725146199,0.592,"Lake Bachar is limiting right-handed batters more effectively","Estimated wOBA: 0.311 vs L, 0.248 vs R.","two_sided_opponent_hand_woba_gap_v1",62.8,166,"2026-09-18","2026-09-19 13:56:10 UTC"
"607625","Seth Lugo","Kansas City Royals","R","pitcher","R",460,273,0.870212178199938,0.7565,0.371266375545852,0.322389705882353,0.048876669663499,0.732,"Seth Lugo is limiting right-handed batters more effectively","Estimated wOBA: 0.371 vs L, 0.322 vs R.","two_sided_opponent_hand_woba_gap_v1",62.7,167,"2026-09-18","2026-09-19 13:56:10 UTC"
"700712","Walbert Ureña","Los Angeles Angels","R","pitcher","R",345,261,0.646055939660591,0.528437080161218,0.290847953216374,0.241494252873563,0.049353700342811,0.723,"Walbert Ureña is limiting right-handed batters more effectively","Estimated wOBA: 0.291 vs L, 0.241 vs R.","two_sided_opponent_hand_woba_gap_v1",62.7,167,"2026-09-18","2026-09-19 13:56:10 UTC"
"518876","Merrill Kelly","Arizona Diamondbacks","R","pitcher","R",413,274,0.859575049532008,0.739733950260266,0.366151960784314,0.317655677655678,0.048496283128636,0.733,"Merrill Kelly is limiting right-handed batters more effectively","Estimated wOBA: 0.366 vs L, 0.318 vs R.","two_sided_opponent_hand_woba_gap_v1",62.6,169,"2026-09-18","2026-09-19 13:56:10 UTC"
"693821","Bryce Elder","Atlanta Braves","R","pitcher","L",398,237,0.661488950868912,0.788928468277655,0.288556962025316,0.339531914893617,0.050974952868301,0.703,"Bryce Elder is limiting left-handed batters more effectively","Estimated wOBA: 0.289 vs L, 0.340 vs R.","two_sided_opponent_hand_woba_gap_v1",62.6,169,"2026-09-18","2026-09-19 13:56:10 UTC"
"805123","AJ Blubaugh","Houston Astros","R","pitcher","L",204,179,0.638167599009212,0.766565831172573,0.276256157635468,0.331685393258427,0.055429235622959,0.642,"AJ Blubaugh is limiting left-handed batters more effectively","Estimated wOBA: 0.276 vs L, 0.332 vs R.","two_sided_opponent_hand_woba_gap_v1",62.6,169,"2026-09-18","2026-09-19 13:56:10 UTC"
"664141","JT Brubaker","San Francisco Giants","R","pitcher","L",122,130,0.534047919293821,0.755968169761273,0.252459016393443,0.319923076923077,0.067464060529634,0.55,"JT Brubaker is limiting left-handed batters more effectively","Estimated wOBA: 0.252 vs L, 0.320 vs R.","two_sided_opponent_hand_woba_gap_v1",62.6,169,"2026-09-18","2026-09-19 13:56:10 UTC"
"605447","Jordan Romano","Colorado Rockies","R","pitcher","L",76,66,0.561665357423409,0.778787878787879,0.251184210526316,0.342878787878788,0.091694577352472,0.398,"Jordan Romano is limiting left-handed batters more effectively","Estimated wOBA: 0.251 vs L, 0.343 vs R.","two_sided_opponent_hand_woba_gap_v1",62.6,169,"2026-09-18","2026-09-19 13:56:10 UTC"
"640455","Sean Manaea","New York Mets","L","pitcher","L",181,423,0.693434343434344,0.848790425261014,0.302888888888889,0.358,0.055111111111111,0.644,"Sean Manaea is limiting left-handed batters more effectively","Estimated wOBA: 0.303 vs L, 0.358 vs R.","two_sided_opponent_hand_woba_gap_v1",62.5,174,"2026-09-18","2026-09-19 13:56:10 UTC"
"814490","Ethan Pecko","Houston Astros","R","pitcher","R",74,43,0.779560810810811,0.486583184257603,0.333918918918919,0.225581395348837,0.108337523570082,0.301,"Ethan Pecko is limiting right-handed batters more effectively","Estimated wOBA: 0.334 vs L, 0.226 vs R.","two_sided_opponent_hand_woba_gap_v1",62.5,174,"2026-09-18","2026-09-19 13:56:10 UTC"
"670245","Ryan Watson","Los Angeles Angels","R","pitcher","R",144,151,0.767154929577465,0.636641504191173,0.334014084507042,0.272649006622517,0.061365077884525,0.59,"Ryan Watson is limiting right-handed batters more effectively","Estimated wOBA: 0.334 vs L, 0.273 vs R.","two_sided_opponent_hand_woba_gap_v1",62.3,176,"2026-09-18","2026-09-19 13:56:10 UTC"
"682254","Mason Montgomery","Pittsburgh Pirates","L","pitcher","L",92,165,0.380159603742433,0.606535947712418,0.188695652173913,0.26569696969697,0.077001317523057,0.479,"Mason Montgomery is limiting left-handed batters more effectively","Estimated wOBA: 0.189 vs L, 0.266 vs R.","two_sided_opponent_hand_woba_gap_v1",62.1,177,"2026-09-18","2026-09-19 13:56:10 UTC"
"682120","Tim Herrin","Cleveland Guardians","L","pitcher","L",102,120,0.584854631507776,0.767082590612002,0.258137254901961,0.331440677966102,0.073303423064141,0.505,"Tim Herrin is limiting left-handed batters more effectively","Estimated wOBA: 0.258 vs L, 0.331 vs R.","two_sided_opponent_hand_woba_gap_v1",62.1,177,"2026-09-18","2026-09-19 13:56:10 UTC"
"660271","Shohei Ohtani","Los Angeles Dodgers","R","pitcher","R",191,149,0.588888888888889,0.42968045677652,0.261789473684211,0.202147651006711,0.0596418226775,0.598,"Shohei Ohtani is limiting right-handed batters more effectively","Estimated wOBA: 0.262 vs L, 0.202 vs R.","two_sided_opponent_hand_woba_gap_v1",62,179,"2026-09-18","2026-09-19 13:56:10 UTC"
"668390","Cole Winn","Texas Rangers","R","pitcher","R",94,121,0.905812143227815,0.71889640812077,0.383763440860215,0.307647058823529,0.076116382036686,0.485,"Cole Winn is limiting right-handed batters more effectively","Estimated wOBA: 0.384 vs L, 0.308 vs R.","two_sided_opponent_hand_woba_gap_v1",61.8,180,"2026-09-18","2026-09-19 13:56:10 UTC"
"680730","Mitchell Parker","Washington Nationals","L","pitcher","R",75,103,0.972008547008547,0.771172298706717,0.413611111111111,0.330980392156863,0.082630718954248,0.429,"Mitchell Parker is limiting right-handed batters more effectively","Estimated wOBA: 0.414 vs L, 0.331 vs R.","two_sided_opponent_hand_woba_gap_v1",61.8,180,"2026-09-18","2026-09-19 13:56:10 UTC"
"666171","Ryan Zeferjahn","Chicago Cubs","R","pitcher","R",129,159,0.737806658878505,0.562264150943396,0.324765625,0.261383647798742,0.063381977201258,0.563,"Ryan Zeferjahn is limiting right-handed batters more effectively","Estimated wOBA: 0.325 vs L, 0.261 vs R.","two_sided_opponent_hand_woba_gap_v1",61.7,182,"2026-09-18","2026-09-19 13:56:10 UTC"
"669947","Jesse Scholtens","Tampa Bay Rays","R","pitcher","R",100,97,0.91695652173913,0.692999280748022,0.377878787878788,0.303298969072165,0.074579818806623,0.492,"Jesse Scholtens is limiting right-handed batters more effectively","Estimated wOBA: 0.378 vs L, 0.303 vs R.","two_sided_opponent_hand_woba_gap_v1",61.7,182,"2026-09-18","2026-09-19 13:56:10 UTC"
"683000","Riley Cornelio","Washington Nationals","R","pitcher","L",67,67,0.481447124304267,0.7643362136685,0.245151515151515,0.331791044776119,0.086639529624604,0.401,"Riley Cornelio is limiting left-handed batters more effectively","Estimated wOBA: 0.245 vs L, 0.332 vs R.","two_sided_opponent_hand_woba_gap_v1",61.6,184,"2026-09-18","2026-09-19 13:56:10 UTC"
"608566","Germán Márquez","San Diego Padres","R","pitcher","R",136,101,0.940217391304348,0.754476511480935,0.394558823529412,0.321980198019802,0.07257862550961,0.502,"Germán Márquez is limiting right-handed batters more effectively","Estimated wOBA: 0.395 vs L, 0.322 vs R.","two_sided_opponent_hand_woba_gap_v1",61.4,185,"2026-09-18","2026-09-19 13:56:10 UTC"
"663878","Nate Pearson","Kansas City Royals","R","pitcher","L",109,78,0.517806057018842,0.737762237762238,0.248715596330275,0.328589743589744,0.079874147259469,0.438,"Nate Pearson is limiting left-handed batters more effectively","Estimated wOBA: 0.249 vs L, 0.329 vs R.","two_sided_opponent_hand_woba_gap_v1",61.2,186,"2026-09-18","2026-09-19 13:56:10 UTC"
"571510","Matthew Boyd","Chicago Cubs","L","pitcher","L",129,347,0.566714687521438,0.749403901734104,0.263565891472868,0.323757225433526,0.060191333960658,0.563,"Matthew Boyd is limiting left-handed batters more effectively","Estimated wOBA: 0.264 vs L, 0.324 vs R.","two_sided_opponent_hand_woba_gap_v1",60.4,187,"2026-09-18","2026-09-19 13:56:10 UTC"
"694795","Josh Ekness","Miami Marlins","R","pitcher","R",59,59,0.804842259721203,0.552076002814919,0.352931034482759,0.26551724137931,0.087413793103449,0.371,"Josh Ekness is limiting right-handed batters more effectively","Estimated wOBA: 0.353 vs L, 0.266 vs R.","two_sided_opponent_hand_woba_gap_v1",60.4,187,"2026-09-18","2026-09-19 13:56:10 UTC"
"621237","José Alvarado","Philadelphia Phillies","L","pitcher","R",109,145,0.85752688172043,0.706950431034483,0.376261682242991,0.311034482758621,0.06522719948437,0.522,"José Alvarado is limiting right-handed batters more effectively","Estimated wOBA: 0.376 vs L, 0.311 vs R.","two_sided_opponent_hand_woba_gap_v1",59.9,189,"2026-09-18","2026-09-19 13:56:10 UTC"
"693433","Bryan Woo","Seattle Mariners","R","pitcher","R",394,291,0.682939625102799,0.583001963672067,0.294554707379135,0.252405498281787,0.042149209097348,0.744,"Bryan Woo is limiting right-handed batters more effectively","Estimated wOBA: 0.295 vs L, 0.252 vs R.","two_sided_opponent_hand_woba_gap_v1",59.8,190,"2026-09-18","2026-09-19 13:56:10 UTC"
"621112","Paul Blackburn","New York Yankees","R","pitcher","R",168,152,0.627237136465324,0.494604316546763,0.27952380952381,0.225921052631579,0.053602756892231,0.603,"Paul Blackburn is limiting right-handed batters more effectively","Estimated wOBA: 0.280 vs L, 0.226 vs R.","two_sided_opponent_hand_woba_gap_v1",59.8,190,"2026-09-18","2026-09-19 13:56:10 UTC"
"641329","Bryan Baker","Tampa Bay Rays","R","pitcher","L",121,110,0.423809523809524,0.555502392344498,0.189833333333333,0.254727272727273,0.06489393939394,0.524,"Bryan Baker is limiting left-handed batters more effectively","Estimated wOBA: 0.190 vs L, 0.255 vs R.","two_sided_opponent_hand_woba_gap_v1",59.8,190,"2026-09-18","2026-09-19 13:56:10 UTC"
"687570","Connor Prielipp","Minnesota Twins","L","pitcher","R",144,370,0.808055555555556,0.67933432687531,0.350555555555556,0.295737704918033,0.054817850637523,0.59,"Connor Prielipp is limiting right-handed batters more effectively","Estimated wOBA: 0.351 vs L, 0.296 vs R.","two_sided_opponent_hand_woba_gap_v1",59.6,193,"2026-09-18","2026-09-19 13:56:10 UTC"
"663776","Patrick Sandoval","Boston Red Sox","L","pitcher","R",79,188,0.970457079152731,0.793850544888428,0.420769230769231,0.344946808510638,0.075822422258593,0.441,"Patrick Sandoval is limiting right-handed batters more effectively","Estimated wOBA: 0.421 vs L, 0.345 vs R.","two_sided_opponent_hand_woba_gap_v1",59.5,194,"2026-09-18","2026-09-19 13:56:10 UTC"
"800311","Didier Fuentes","Atlanta Braves","R","pitcher","R",160,128,0.6353502494036,0.483980450719522,0.27622641509434,0.218730158730159,0.057496256364181,0.561,"Didier Fuentes is limiting right-handed batters more effectively","Estimated wOBA: 0.276 vs L, 0.219 vs R.","two_sided_opponent_hand_woba_gap_v1",59.4,195,"2026-09-18","2026-09-19 13:56:10 UTC"
"656638","Alex Lange","Kansas City Royals","R","pitcher","R",143,118,0.906665914730431,0.750508474576271,0.389370629370629,0.328474576271186,0.060896053099443,0.541,"Alex Lange is limiting right-handed batters more effectively","Estimated wOBA: 0.389 vs L, 0.328 vs R.","two_sided_opponent_hand_woba_gap_v1",59.3,196,"2026-09-18","2026-09-19 13:56:10 UTC"
"664353","José Urquidy","Philadelphia Phillies","R","pitcher","L",78,72,0.704074464348437,0.898424543946932,0.305,0.382777777777778,0.077777777777778,0.419,"José Urquidy is limiting left-handed batters more effectively","Estimated wOBA: 0.305 vs L, 0.383 vs R.","two_sided_opponent_hand_woba_gap_v1",59.3,196,"2026-09-18","2026-09-19 13:56:10 UTC"
"623437","Justin Topa","New York Yankees","R","pitcher","L",40,68,0.778571428571428,1.01728586171311,0.336,0.434117647058823,0.098117647058823,0.286,"Justin Topa is limiting left-handed batters more effectively","Estimated wOBA: 0.336 vs L, 0.434 vs R.","two_sided_opponent_hand_woba_gap_v1",59.3,196,"2026-09-18","2026-09-19 13:56:10 UTC"
"592836","Taijuan Walker","Philadelphia Phillies","R","pitcher","R",76,40,1.15479876160991,0.889285714285714,0.4775,0.3805,0.097,0.286,"Taijuan Walker is limiting right-handed batters more effectively","Estimated wOBA: 0.477 vs L, 0.381 vs R.","two_sided_opponent_hand_woba_gap_v1",58.9,199,"2026-09-18","2026-09-19 13:56:10 UTC"
"687377","Orlando Ribalta","Washington Nationals","R","pitcher","L",83,95,0.518292682926829,0.731519810762862,0.242317073170732,0.314947368421053,0.072630295250321,0.454,"Orlando Ribalta is limiting left-handed batters more effectively","Estimated wOBA: 0.242 vs L, 0.315 vs R.","two_sided_opponent_hand_woba_gap_v1",58.8,200,"2026-09-18","2026-09-19 13:56:10 UTC"
"595014","Blake Treinen","Los Angeles Dodgers","R","pitcher","R",43,77,0.91293977340489,0.655572755417957,0.378372093023256,0.2844,0.093972093023256,0.301,"Blake Treinen is limiting right-handed batters more effectively","Estimated wOBA: 0.378 vs L, 0.284 vs R.","two_sided_opponent_hand_woba_gap_v1",58.8,200,"2026-09-18","2026-09-19 13:56:10 UTC"
"622491","Luis Castillo","Chicago White Sox","R","pitcher","R",334,249,0.878881265850923,0.76349077822762,0.370939393939394,0.328421052631579,0.042518341307815,0.713,"Luis Castillo is limiting right-handed batters more effectively","Estimated wOBA: 0.371 vs L, 0.328 vs R.","two_sided_opponent_hand_woba_gap_v1",58.6,202,"2026-09-18","2026-09-19 13:56:10 UTC"
"657424","Matt Gage","San Francisco Giants","L","pitcher","L",54,73,0.691823899371069,0.97923801369863,0.318679245283019,0.403561643835616,0.084882398552597,0.351,"Matt Gage is limiting left-handed batters more effectively","Estimated wOBA: 0.319 vs L, 0.404 vs R.","two_sided_opponent_hand_woba_gap_v1",58.5,203,"2026-09-18","2026-09-19 13:56:10 UTC"
"608718","Brent Suter","Atlanta Braves","L","pitcher","R",144,218,0.799671331636981,0.662481383892771,0.340625,0.288372093023256,0.052252906976744,0.59,"Brent Suter is limiting right-handed batters more effectively","Estimated wOBA: 0.341 vs L, 0.288 vs R.","two_sided_opponent_hand_woba_gap_v1",58.3,204,"2026-09-18","2026-09-19 13:56:10 UTC"
"669160","Dustin May","Milwaukee Brewers","R","pitcher","R",359,243,0.738378952867321,0.653994670147387,0.326666666666667,0.284485596707819,0.042181069958848,0.708,"Dustin May is limiting right-handed batters more effectively","Estimated wOBA: 0.327 vs L, 0.284 vs R.","two_sided_opponent_hand_woba_gap_v1",58,205,"2026-09-18","2026-09-19 13:56:10 UTC"
"805673","Zebby Matthews","Minnesota Twins","R","pitcher","R",303,220,0.787597578946087,0.687361419068736,0.337656765676568,0.293954545454545,0.043702220222023,0.688,"Zebby Matthews is limiting right-handed batters more effectively","Estimated wOBA: 0.338 vs L, 0.294 vs R.","two_sided_opponent_hand_woba_gap_v1",57.8,206,"2026-09-18","2026-09-19 13:56:10 UTC"
"699134","Bradgley Rodriguez","San Diego Padres","R","pitcher","L",150,130,0.555327066196631,0.688429752066116,0.241689189189189,0.295038759689922,0.053349570500733,0.565,"Bradgley Rodriguez is limiting left-handed batters more effectively","Estimated wOBA: 0.242 vs L, 0.295 vs R.","two_sided_opponent_hand_woba_gap_v1",57.8,206,"2026-09-18","2026-09-19 13:56:10 UTC"
"592155","Cam Booser","Tampa Bay Rays","L","pitcher","L",64,79,0.426112288135593,0.608927381745503,0.18328125,0.261012658227848,0.077731408227848,0.39,"Cam Booser is limiting left-handed batters more effectively","Estimated wOBA: 0.183 vs L, 0.261 vs R.","two_sided_opponent_hand_woba_gap_v1",57.8,206,"2026-09-18","2026-09-19 13:56:10 UTC"
"668873","Caleb Kilian","Philadelphia Phillies","R","pitcher","L",119,88,0.605273301981343,0.777777777777778,0.270084033613445,0.338095238095238,0.068011204481793,0.468,"Caleb Kilian is limiting left-handed batters more effectively","Estimated wOBA: 0.270 vs L, 0.338 vs R.","two_sided_opponent_hand_woba_gap_v1",57.7,209,"2026-09-18","2026-09-19 13:56:10 UTC"
"800048","Parker Messick","Cleveland Guardians","L","pitcher","R",195,516,0.688158584153228,0.583664081740653,0.299378238341969,0.253463035019455,0.045915203322514,0.661,"Parker Messick is limiting right-handed batters more effectively","Estimated wOBA: 0.299 vs L, 0.253 vs R.","two_sided_opponent_hand_woba_gap_v1",57.5,210,"2026-09-18","2026-09-19 13:56:10 UTC"
"677961","Cole Wilcox","Seattle Mariners","R","pitcher","L",67,55,0.648507462686567,0.780126849894292,0.284776119402985,0.366181818181818,0.081405698778833,0.355,"Cole Wilcox is limiting left-handed batters more effectively","Estimated wOBA: 0.285 vs L, 0.366 vs R.","two_sided_opponent_hand_woba_gap_v1",57.4,211,"2026-09-18","2026-09-19 13:56:10 UTC"
"676571","PJ Poulin","Washington Nationals","L","pitcher","L",71,81,0.574057246706043,0.749329039184112,0.25887323943662,0.332592592592593,0.073719353155973,0.415,"PJ Poulin is limiting left-handed batters more effectively","Estimated wOBA: 0.259 vs L, 0.333 vs R.","two_sided_opponent_hand_woba_gap_v1",57.3,212,"2026-09-18","2026-09-19 13:56:10 UTC"
"624133","Ranger Suarez","Boston Red Sox","L","pitcher","R",173,422,0.72672410659105,0.603243941112692,0.316184971098266,0.269263657957245,0.046921313141021,0.634,"Ranger Suarez is limiting right-handed batters more effectively","Estimated wOBA: 0.316 vs L, 0.269 vs R.","two_sided_opponent_hand_woba_gap_v1",57.2,213,"2026-09-18","2026-09-19 13:56:10 UTC"
"607200","Erick Fedde","Chicago White Sox","R","pitcher","L",318,275,0.68871874894754,0.803987190213785,0.302649842271293,0.341058394160584,0.038408551889291,0.733,"Erick Fedde is limiting left-handed batters more effectively","Estimated wOBA: 0.303 vs L, 0.341 vs R.","two_sided_opponent_hand_woba_gap_v1",57.2,213,"2026-09-18","2026-09-19 13:56:10 UTC"
"656849","David Peterson","Chicago Cubs","L","pitcher","L",186,438,0.689110162794373,0.783867276887872,0.298324324324324,0.343638443935927,0.045314119611603,0.65,"David Peterson is limiting left-handed batters more effectively","Estimated wOBA: 0.298 vs L, 0.344 vs R.","two_sided_opponent_hand_woba_gap_v1",56.8,215,"2026-09-18","2026-09-19 13:56:10 UTC"
"676684","Will Vest","Detroit Tigers","R","pitcher","L",59,57,0.610133708655876,0.841443230718305,0.283448275862069,0.36140350877193,0.077955232909861,0.363,"Will Vest is limiting left-handed batters more effectively","Estimated wOBA: 0.283 vs L, 0.361 vs R.","two_sided_opponent_hand_woba_gap_v1",56.8,215,"2026-09-18","2026-09-19 13:56:10 UTC"
"500779","Jose Quintana","Colorado Rockies","L","pitcher","R",40,142,1.04166666666667,0.794470046082949,0.42525,0.336714285714286,0.088535714285714,0.286,"Jose Quintana is limiting right-handed batters more effectively","Estimated wOBA: 0.425 vs L, 0.337 vs R.","two_sided_opponent_hand_woba_gap_v1",56.7,217,"2026-09-18","2026-09-19 13:56:10 UTC"
"676917","Cade Cavalli","Washington Nationals","R","pitcher","R",420,287,0.686388584668562,0.600584725059073,0.302577565632458,0.266062717770035,0.036514847862423,0.742,"Cade Cavalli is limiting right-handed batters more effectively","Estimated wOBA: 0.303 vs L, 0.266 vs R.","two_sided_opponent_hand_woba_gap_v1",56.3,218,"2026-09-18","2026-09-19 13:56:10 UTC"
"657746","Joe Ryan","Minnesota Twins","R","pitcher","R",332,235,0.741922674621315,0.650845098429111,0.318072289156627,0.278510638297872,0.039561650858755,0.701,"Joe Ryan is limiting right-handed batters more effectively","Estimated wOBA: 0.318 vs L, 0.279 vs R.","two_sided_opponent_hand_woba_gap_v1",56.2,219,"2026-09-18","2026-09-19 13:56:10 UTC"
"670970","Adrian Morejon","San Diego Padres","L","pitcher","L",133,197,0.45888915837982,0.595375070501974,0.209323308270677,0.259948717948718,0.050625409678041,0.571,"Adrian Morejon is limiting left-handed batters more effectively","Estimated wOBA: 0.209 vs L, 0.260 vs R.","two_sided_opponent_hand_woba_gap_v1",56.2,219,"2026-09-18","2026-09-19 13:56:10 UTC"
"662253","Andrés Muñoz","Seattle Mariners","R","pitcher","R",130,107,0.706688963210702,0.574182242990654,0.309846153846154,0.252990654205607,0.056855499640547,0.517,"Andrés Muñoz is limiting right-handed batters more effectively","Estimated wOBA: 0.310 vs L, 0.253 vs R.","two_sided_opponent_hand_woba_gap_v1",56.2,219,"2026-09-18","2026-09-19 13:56:10 UTC"
"646241","Enmanuel De Jesus","Detroit Tigers","L","pitcher","R",82,96,0.764597931264598,0.590092879256966,0.332222222222222,0.265157894736842,0.06706432748538,0.451,"Enmanuel De Jesus is limiting right-handed batters more effectively","Estimated wOBA: 0.332 vs L, 0.265 vs R.","two_sided_opponent_hand_woba_gap_v1",56.2,219,"2026-09-18","2026-09-19 13:56:10 UTC"
"625643","Reynaldo López","Atlanta Braves","R","pitcher","R",196,150,0.801329534662868,0.716176810923397,0.351333333333333,0.304026845637584,0.047306487695749,0.6,"Reynaldo López is limiting right-handed batters more effectively","Estimated wOBA: 0.351 vs L, 0.304 vs R.","two_sided_opponent_hand_woba_gap_v1",56.1,223,"2026-09-18","2026-09-19 13:56:10 UTC"
"656546","Jeff Hoffman","Minnesota Twins","R","pitcher","L",151,130,0.601043548063416,0.731772575250836,0.265167785234899,0.315923076923077,0.050755291688178,0.565,"Jeff Hoffman is limiting left-handed batters more effectively","Estimated wOBA: 0.265 vs L, 0.316 vs R.","two_sided_opponent_hand_woba_gap_v1",56.1,223,"2026-09-18","2026-09-19 13:56:10 UTC"
"656945","Tanner Scott","Los Angeles Dodgers","L","pitcher","L",75,161,0.46916634944804,0.639983443708609,0.206756756756757,0.27575,0.068993243243243,0.429,"Tanner Scott is limiting left-handed batters more effectively","Estimated wOBA: 0.207 vs L, 0.276 vs R.","two_sided_opponent_hand_woba_gap_v1",56,225,"2026-09-18","2026-09-19 13:56:10 UTC"
"664299","Cristian Javier","Houston Astros","R","pitcher","L",133,134,0.716750893627511,0.849588265568708,0.313157894736842,0.363507462686567,0.0503495679497249,0.571,"Cristian Javier is limiting left-handed batters more effectively","Estimated wOBA: 0.313 vs L, 0.364 vs R.","two_sided_opponent_hand_woba_gap_v1",56,225,"2026-09-18","2026-09-19 13:56:10 UTC"
"693855","Ian Seymour","Tampa Bay Rays","L","pitcher","R",180,352,0.812418300653595,0.693762259000479,0.34,0.296350574712644,0.043649425287356,0.643,"Ian Seymour is limiting right-handed batters more effectively","Estimated wOBA: 0.340 vs L, 0.296 vs R.","two_sided_opponent_hand_woba_gap_v1",55.8,227,"2026-09-18","2026-09-19 13:56:10 UTC"
"621111","Walker Buehler","San Diego Padres","R","pitcher","R",351,260,0.785022385022385,0.701552616446233,0.341057142857143,0.303899613899614,0.037157528957529,0.722,"Walker Buehler is limiting right-handed batters more effectively","Estimated wOBA: 0.341 vs L, 0.304 vs R.","two_sided_opponent_hand_woba_gap_v1",55.8,227,"2026-09-18","2026-09-19 13:56:10 UTC"
"664208","Phil Maton","Chicago Cubs","R","pitcher","R",59,77,1.04872881355932,0.823308270676692,0.435084745762712,0.359736842105263,0.075347903657449,0.371,"Phil Maton is limiting right-handed batters more effectively","Estimated wOBA: 0.435 vs L, 0.360 vs R.","two_sided_opponent_hand_woba_gap_v1",55.8,227,"2026-09-18","2026-09-19 13:56:10 UTC"
"678394","Brayan Bello","Boston Red Sox","R","pitcher","R",249,208,0.798387096774194,0.681089743589744,0.341733870967742,0.301009615384615,0.040724255583127,0.675,"Brayan Bello is limiting right-handed batters more effectively","Estimated wOBA: 0.342 vs L, 0.301 vs R.","two_sided_opponent_hand_woba_gap_v1",55.4,230,"2026-09-18","2026-09-19 13:56:10 UTC"
"669438","Mason Englert","Tampa Bay Rays","R","pitcher","L",67,90,0.783582089552239,0.924785194976867,0.319090909090909,0.390112359550562,0.071021450459653,0.401,"Mason Englert is limiting left-handed batters more effectively","Estimated wOBA: 0.319 vs L, 0.390 vs R.","two_sided_opponent_hand_woba_gap_v1",55.3,231,"2026-09-18","2026-09-19 13:56:10 UTC"
"674003","Cody Bradford","Texas Rangers","L","pitcher","R",62,107,0.919354838709677,0.751320754716981,0.395161290322581,0.322641509433962,0.072519780888619,0.383,"Cody Bradford is limiting right-handed batters more effectively","Estimated wOBA: 0.395 vs L, 0.323 vs R.","two_sided_opponent_hand_woba_gap_v1",55,232,"2026-09-18","2026-09-19 13:56:10 UTC"
"672456","Keider Montero","Detroit Tigers","R","pitcher","R",353,258,0.672820512820513,0.583020174050633,0.289571428571429,0.25375,0.035821428571429,0.721,"Keider Montero is limiting right-handed batters more effectively","Estimated wOBA: 0.290 vs L, 0.254 vs R.","two_sided_opponent_hand_woba_gap_v1",54.7,233,"2026-09-18","2026-09-19 13:56:10 UTC"
"700241","Michael McGreevy","St. Louis Cardinals","R","pitcher","R",413,245,0.754625853398501,0.674930933071919,0.324430992736078,0.287918367346939,0.036512625389139,0.71,"Michael McGreevy is limiting right-handed batters more effectively","Estimated wOBA: 0.324 vs L, 0.288 vs R.","two_sided_opponent_hand_woba_gap_v1",54.4,234,"2026-09-18","2026-09-19 13:56:10 UTC"
"695239","Robby Ahlstrom","Texas Rangers","L","pitcher","L",79,83,0.717620217620218,0.868488036653657,0.308701298701299,0.371325301204819,0.06262400250352,0.441,"Robby Ahlstrom is limiting left-handed batters more effectively","Estimated wOBA: 0.309 vs L, 0.371 vs R.","two_sided_opponent_hand_woba_gap_v1",54.1,235,"2026-09-18","2026-09-19 13:56:10 UTC"
"702275","JR Ritchie","Atlanta Braves","R","pitcher","R",169,109,0.822056427407598,0.701400289715113,0.358639053254438,0.306697247706422,0.051941805548016,0.522,"JR Ritchie is limiting right-handed batters more effectively","Estimated wOBA: 0.359 vs L, 0.307 vs R.","two_sided_opponent_hand_woba_gap_v1",54,236,"2026-09-18","2026-09-19 13:56:10 UTC"
"680742","Jonathan Bowlan","Philadelphia Phillies","R","pitcher","L",126,106,0.541184041184041,0.693584905660377,0.243968253968254,0.297075471698113,0.053107217729859,0.515,"Jonathan Bowlan is limiting left-handed batters more effectively","Estimated wOBA: 0.244 vs L, 0.297 vs R.","two_sided_opponent_hand_woba_gap_v1",53.9,237,"2026-09-18","2026-09-19 13:56:10 UTC"
"663969","Tyler Phillips","Miami Marlins","R","pitcher","R",291,231,0.741151949431927,0.656709956709957,0.324083044982699,0.288268398268398,0.035814646714301,0.698,"Tyler Phillips is limiting right-handed batters more effectively","Estimated wOBA: 0.324 vs L, 0.288 vs R.","two_sided_opponent_hand_woba_gap_v1",53.6,238,"2026-09-18","2026-09-19 13:56:10 UTC"
"667463","John King","Miami Marlins","L","pitcher","L",110,85,0.578738295658753,0.71921568627451,0.251192660550459,0.310117647058823,0.058924986508364,0.459,"John King is limiting left-handed batters more effectively","Estimated wOBA: 0.251 vs L, 0.310 vs R.","two_sided_opponent_hand_woba_gap_v1",53.5,239,"2026-09-18","2026-09-19 13:56:10 UTC"
"605488","Jeffrey Springs","Athletics","L","pitcher","R",186,428,0.930596285434995,0.817689905077963,0.386397849462366,0.348177570093458,0.038220279368908,0.65,"Jeffrey Springs is limiting right-handed batters more effectively","Estimated wOBA: 0.386 vs L, 0.348 vs R.","two_sided_opponent_hand_woba_gap_v1",53.3,240,"2026-09-18","2026-09-19 13:56:10 UTC"
"669854","Ronel Blanco","Houston Astros","R","pitcher","R",86,50,0.925387596899225,0.754667824576639,0.392906976744186,0.318571428571429,0.074335548172757,0.333,"Ronel Blanco is limiting right-handed batters more effectively","Estimated wOBA: 0.393 vs L, 0.319 vs R.","two_sided_opponent_hand_woba_gap_v1",53.3,240,"2026-09-18","2026-09-19 13:56:10 UTC"
"676440","Tanner Bibee","Cleveland Guardians","R","pitcher","R",428,304,0.736700373375936,0.647601867572156,0.315433255269321,0.283585526315789,0.031847728953532,0.752,"Tanner Bibee is limiting right-handed batters more effectively","Estimated wOBA: 0.315 vs L, 0.284 vs R.","two_sided_opponent_hand_woba_gap_v1",53.2,242,"2026-09-18","2026-09-19 13:56:10 UTC"
"663158","Robert Suarez","Atlanta Braves","R","pitcher","L",67,54,0.372294372294372,0.532679738562091,0.168484848484848,0.240555555555556,0.072070707070708,0.351,"Robert Suarez is limiting left-handed batters more effectively","Estimated wOBA: 0.168 vs L, 0.241 vs R.","two_sided_opponent_hand_woba_gap_v1",53.1,243,"2026-09-18","2026-09-19 13:56:10 UTC"
"605483","Blake Snell","Los Angeles Dodgers","L","pitcher","R",48,111,0.59683578832515,0.451164035322451,0.282553191489362,0.208648648648649,0.073904542840713,0.324,"Blake Snell is limiting right-handed batters more effectively","Estimated wOBA: 0.283 vs L, 0.209 vs R.","two_sided_opponent_hand_woba_gap_v1",52.8,244,"2026-09-18","2026-09-19 13:56:10 UTC"
"669373","Tarik Skubal","Los Angeles Dodgers","L","pitcher","R",132,441,0.686789772727273,0.562727060627271,0.292121212121212,0.24689497716895,0.045226234952262,0.569,"Tarik Skubal is limiting right-handed batters more effectively","Estimated wOBA: 0.292 vs L, 0.247 vs R.","two_sided_opponent_hand_woba_gap_v1",52.7,245,"2026-09-18","2026-09-19 13:56:10 UTC"
"656492","Foster Griffin","Cleveland Guardians","L","pitcher","L",188,505,0.643864423552697,0.73258927993859,0.279840425531915,0.316719681908549,0.036879256376634,0.653,"Foster Griffin is limiting left-handed batters more effectively","Estimated wOBA: 0.280 vs L, 0.317 vs R.","two_sided_opponent_hand_woba_gap_v1",52.6,246,"2026-09-18","2026-09-19 13:56:10 UTC"
"804267","Zac Thornton","New York Mets","L","pitcher","L",106,213,0.624150943396226,0.748228139067139,0.271415094339623,0.320801886792453,0.04938679245283,0.515,"Zac Thornton is limiting left-handed batters more effectively","Estimated wOBA: 0.271 vs L, 0.321 vs R.","two_sided_opponent_hand_woba_gap_v1",52,247,"2026-09-18","2026-09-19 13:56:10 UTC"
"548384","Brooks Raley","Philadelphia Phillies","L","pitcher","L",87,128,0.614367816091954,0.735642135642136,0.264252873563218,0.318730158730159,0.0544772851669409,0.465,"Brooks Raley is limiting left-handed batters more effectively","Estimated wOBA: 0.264 vs L, 0.319 vs R.","two_sided_opponent_hand_woba_gap_v1",52,247,"2026-09-18","2026-09-19 13:56:10 UTC"
"656641","Jacob Latz","Texas Rangers","L","pitcher","R",92,163,0.573088455772114,0.423558261457805,0.23967032967033,0.1865,0.05317032967033,0.479,"Jacob Latz is limiting right-handed batters more effectively","Estimated wOBA: 0.240 vs L, 0.186 vs R.","two_sided_opponent_hand_woba_gap_v1",51.9,249,"2026-09-18","2026-09-19 13:56:10 UTC"
"669923","George Kirby","Seattle Mariners","R","pitcher","R",381,340,0.808256059683084,0.73162754905733,0.345947368421053,0.316165191740413,0.02978217668064,0.773,"George Kirby is limiting right-handed batters more effectively","Estimated wOBA: 0.346 vs L, 0.316 vs R.","two_sided_opponent_hand_woba_gap_v1",51.8,250,"2026-09-18","2026-09-19 13:56:10 UTC"
"668674","Lucas Erceg","Kansas City Royals","R","pitcher","R",117,97,0.940525949146639,0.766801513767454,0.401120689655172,0.349587628865979,0.051533060789193,0.492,"Lucas Erceg is limiting right-handed batters more effectively","Estimated wOBA: 0.401 vs L, 0.350 vs R.","two_sided_opponent_hand_woba_gap_v1",51.8,250,"2026-09-18","2026-09-19 13:56:10 UTC"
"666661","Juan Morillo","Arizona Diamondbacks","R","pitcher","L",133,112,0.502100840336134,0.614230486008837,0.227348484848485,0.274553571428571,0.047205086580086,0.528,"Juan Morillo is limiting left-handed batters more effectively","Estimated wOBA: 0.227 vs L, 0.275 vs R.","two_sided_opponent_hand_woba_gap_v1",51.6,252,"2026-09-18","2026-09-19 13:56:10 UTC"
"677865","Justin Bruihl","St. Louis Cardinals","L","pitcher","L",174,152,0.644585741811175,0.755573530155199,0.289075144508671,0.32794701986755,0.038871875358879,0.603,"Justin Bruihl is limiting left-handed batters more effectively","Estimated wOBA: 0.289 vs L, 0.328 vs R.","two_sided_opponent_hand_woba_gap_v1",51.5,253,"2026-09-18","2026-09-19 13:56:10 UTC"
"663623","Jake Irvin","Washington Nationals","R","pitcher","L",256,170,0.730611444063927,0.824165341812401,0.31953125,0.356411764705882,0.036880514705882,0.63,"Jake Irvin is limiting left-handed batters more effectively","Estimated wOBA: 0.320 vs L, 0.356 vs R.","two_sided_opponent_hand_woba_gap_v1",51.4,254,"2026-09-18","2026-09-19 13:56:10 UTC"
"664076","Garrett Cleavinger","Tampa Bay Rays","L","pitcher","R",73,108,0.831837505904582,0.699172576832151,0.355479452054795,0.29688679245283,0.058592659601965,0.422,"Garrett Cleavinger is limiting right-handed batters more effectively","Estimated wOBA: 0.355 vs L, 0.297 vs R.","two_sided_opponent_hand_woba_gap_v1",51.2,255,"2026-09-18","2026-09-19 13:56:10 UTC"
"656730","Trevor Megill","Milwaukee Brewers","R","pitcher","L",106,124,0.406004709576138,0.521929824561403,0.183173076923077,0.230967741935484,0.047794665012407,0.515,"Trevor Megill is limiting left-handed batters more effectively","Estimated wOBA: 0.183 vs L, 0.231 vs R.","two_sided_opponent_hand_woba_gap_v1",51,256,"2026-09-18","2026-09-19 13:56:10 UTC"
"693313","Carson Seymour","San Francisco Giants","R","pitcher","R",69,59,0.877281947261663,0.735411140583554,0.379402985074627,0.315344827586207,0.06405815748842,0.371,"Carson Seymour is limiting right-handed batters more effectively","Estimated wOBA: 0.379 vs L, 0.315 vs R.","two_sided_opponent_hand_woba_gap_v1",51,256,"2026-09-18","2026-09-19 13:56:10 UTC"
"691799","Grant Taylor","Chicago White Sox","R","pitcher","R",171,154,0.63719905825169,0.534349708262752,0.280058479532164,0.242337662337662,0.037720817194502,0.606,"Grant Taylor is limiting right-handed batters more effectively","Estimated wOBA: 0.280 vs L, 0.242 vs R.","two_sided_opponent_hand_woba_gap_v1",50.9,258,"2026-09-18","2026-09-19 13:56:10 UTC"
"664199","Taylor Clarke","Arizona Diamondbacks","R","pitcher","R",155,114,0.606002025223235,0.502979145978153,0.26359477124183,0.217631578947368,0.045963192294462,0.533,"Taylor Clarke is limiting right-handed batters more effectively","Estimated wOBA: 0.264 vs L, 0.218 vs R.","two_sided_opponent_hand_woba_gap_v1",50.9,258,"2026-09-18","2026-09-19 13:56:10 UTC"
"703615","Jose Cabrera","Arizona Diamondbacks","R","pitcher","L",68,51,0.693418155126009,0.820855614973262,0.299253731343284,0.367254901960784,0.0680011706175,0.338,"Jose Cabrera is limiting left-handed batters more effectively","Estimated wOBA: 0.299 vs L, 0.367 vs R.","two_sided_opponent_hand_woba_gap_v1",50.9,258,"2026-09-18","2026-09-19 13:56:10 UTC"
"808963","Roki Sasaki","Los Angeles Dodgers","R","pitcher","L",294,219,0.74652491729107,0.839507035690989,0.322252559726962,0.354885844748858,0.032633285021896,0.687,"Roki Sasaki is limiting left-handed batters more effectively","Estimated wOBA: 0.322 vs L, 0.355 vs R.","two_sided_opponent_hand_woba_gap_v1",50.5,261,"2026-09-18","2026-09-19 13:56:10 UTC"
"669456","Shane Bieber","Toronto Blue Jays","R","pitcher","L",133,109,0.720551378446115,0.833526320477421,0.312781954887218,0.359082568807339,0.046300613920121,0.522,"Shane Bieber is limiting left-handed batters more effectively","Estimated wOBA: 0.313 vs L, 0.359 vs R.","two_sided_opponent_hand_woba_gap_v1",50.3,262,"2026-09-18","2026-09-19 13:56:10 UTC"
"656876","Drew Rasmussen","Tampa Bay Rays","R","pitcher","R",374,272,0.585255920550038,0.50766765850309,0.255294117647059,0.225404411764706,0.029889705882353,0.731,"Drew Rasmussen is limiting right-handed batters more effectively","Estimated wOBA: 0.255 vs L, 0.225 vs R.","two_sided_opponent_hand_woba_gap_v1",50.2,263,"2026-09-18","2026-09-19 13:56:10 UTC"
"690279","Mason Adams","Colorado Rockies","R","pitcher","R",51,50,1.0222816399287,0.874883720930232,0.433333333333333,0.3664,0.066933333333333,0.333,"Mason Adams is limiting right-handed batters more effectively","Estimated wOBA: 0.433 vs L, 0.366 vs R.","two_sided_opponent_hand_woba_gap_v1",50.1,264,"2026-09-18","2026-09-19 13:56:10 UTC"
"656271","Brock Burke","Cincinnati Reds","L","pitcher","L",131,170,0.555183946488294,0.656075220880279,0.253384615384615,0.292544378698225,0.03915976331361,0.567,"Brock Burke is limiting left-handed batters more effectively","Estimated wOBA: 0.253 vs L, 0.293 vs R.","two_sided_opponent_hand_woba_gap_v1",49.9,265,"2026-09-18","2026-09-19 13:56:10 UTC"
"699823","Tyler Davis","Chicago White Sox","R","pitcher","R",45,77,0.67008547008547,0.483620856755185,0.293777777777778,0.225714285714286,0.068063492063492,0.31,"Tyler Davis is limiting right-handed batters more effectively","Estimated wOBA: 0.294 vs L, 0.226 vs R.","two_sided_opponent_hand_woba_gap_v1",49.9,265,"2026-09-18","2026-09-19 13:56:10 UTC"
"592332","Kevin Gausman","Chicago Cubs","R","pitcher","L",414,316,0.687114976445618,0.762973836456265,0.297170731707317,0.325303514376997,0.02813278266968,0.76,"Kevin Gausman is limiting left-handed batters more effectively","Estimated wOBA: 0.297 vs L, 0.325 vs R.","two_sided_opponent_hand_woba_gap_v1",49.8,267,"2026-09-18","2026-09-19 13:56:10 UTC"
"657514","Brennan Bernardino","Colorado Rockies","L","pitcher","L",125,131,0.63267082547512,0.723001871157445,0.273524590163934,0.314263565891473,0.040738975727539,0.556,"Brennan Bernardino is limiting left-handed batters more effectively","Estimated wOBA: 0.274 vs L, 0.314 vs R.","two_sided_opponent_hand_woba_gap_v1",49.7,268,"2026-09-18","2026-09-19 13:56:10 UTC"
"607259","Nick Martinez","Tampa Bay Rays","R","pitcher","L",398,284,0.638393212249768,0.704397330192383,0.273652392947103,0.302226148409894,0.028573755462791,0.74,"Nick Martinez is limiting left-handed batters more effectively","Estimated wOBA: 0.274 vs L, 0.302 vs R.","two_sided_opponent_hand_woba_gap_v1",49.6,269,"2026-09-18","2026-09-19 13:56:10 UTC"
"657571","Caleb Ferguson","St. Louis Cardinals","L","pitcher","L",81,67,0.7625,0.932456362256514,0.335875,0.392089552238806,0.056214552238806,0.401,"Caleb Ferguson is limiting left-handed batters more effectively","Estimated wOBA: 0.336 vs L, 0.392 vs R.","two_sided_opponent_hand_woba_gap_v1",49.5,270,"2026-09-18","2026-09-19 13:56:10 UTC"
"669302","Logan Gilbert","Seattle Mariners","R","pitcher","L",403,314,0.643297002724796,0.720225464190981,0.27885,0.306634615384615,0.027784615384615,0.758,"Logan Gilbert is limiting left-handed batters more effectively","Estimated wOBA: 0.279 vs L, 0.307 vs R.","two_sided_opponent_hand_woba_gap_v1",49.4,271,"2026-09-18","2026-09-19 13:56:10 UTC"
"690928","Hunter Dobbins","St. Louis Cardinals","R","pitcher","L",131,100,0.661140583554377,0.783181818181818,0.293,0.3398,0.0468,0.5,"Hunter Dobbins is limiting left-handed batters more effectively","Estimated wOBA: 0.293 vs L, 0.340 vs R.","two_sided_opponent_hand_woba_gap_v1",49.4,271,"2026-09-18","2026-09-19 13:56:10 UTC"
"676083","Janson Junk","Miami Marlins","R","pitcher","R",306,182,0.776405152224824,0.703959484346225,0.335573770491803,0.302430939226519,0.033142831265284,0.645,"Janson Junk is limiting right-handed batters more effectively","Estimated wOBA: 0.336 vs L, 0.302 vs R.","two_sided_opponent_hand_woba_gap_v1",49.3,273,"2026-09-18","2026-09-19 13:56:10 UTC"
"695549","Jackson Jobe","Detroit Tigers","R","pitcher","L",108,41,0.721828211189913,0.876730388925511,0.310648148148148,0.379512195121951,0.068864046973803,0.291,"Jackson Jobe is limiting left-handed batters more effectively","Estimated wOBA: 0.311 vs L, 0.380 vs R.","two_sided_opponent_hand_woba_gap_v1",49.1,274,"2026-09-18","2026-09-19 13:56:10 UTC"
"518585","Fernando Cruz","New York Yankees","R","pitcher","L",121,112,0.625785123966942,0.748724489795918,0.282148760330579,0.323873873873874,0.041725113543295,0.528,"Fernando Cruz is limiting left-handed batters more effectively","Estimated wOBA: 0.282 vs L, 0.324 vs R.","two_sided_opponent_hand_woba_gap_v1",48.4,275,"2026-09-18","2026-09-19 13:56:10 UTC"
"665665","Reiver Sanmartin","San Francisco Giants","L","pitcher","L",42,50,0.642857142857143,0.827861579414374,0.283571428571429,0.348979591836735,0.065408163265306,0.296,"Reiver Sanmartin is limiting left-handed batters more effectively","Estimated wOBA: 0.284 vs L, 0.349 vs R.","two_sided_opponent_hand_woba_gap_v1",48.3,276,"2026-09-18","2026-09-19 13:56:10 UTC"
"693645","Cam Schlittler","New York Yankees","R","pitcher","R",436,286,0.570496632996633,0.504412149777429,0.25025462962963,0.22319298245614,0.02706164717349,0.741,"Cam Schlittler is limiting right-handed batters more effectively","Estimated wOBA: 0.250 vs L, 0.223 vs R.","two_sided_opponent_hand_woba_gap_v1",48,277,"2026-09-18","2026-09-19 13:56:10 UTC"
"669194","Ryne Nelson","Arizona Diamondbacks","R","pitcher","L",189,172,0.742361684558216,0.817931239989571,0.315396825396825,0.347836257309941,0.032439431913116,0.632,"Ryne Nelson is limiting left-handed batters more effectively","Estimated wOBA: 0.315 vs L, 0.348 vs R.","two_sided_opponent_hand_woba_gap_v1",47.9,278,"2026-09-18","2026-09-19 13:56:10 UTC"
"676617","Riley O'Brien","St. Louis Cardinals","R","pitcher","R",145,124,0.720996732026144,0.627352762598664,0.319290780141844,0.282295081967213,0.036995698174631,0.554,"Riley O'Brien is limiting right-handed batters more effectively","Estimated wOBA: 0.319 vs L, 0.282 vs R.","two_sided_opponent_hand_woba_gap_v1",47.7,279,"2026-09-18","2026-09-19 13:56:10 UTC"
"690925","Clayton Beeter","Washington Nationals","R","pitcher","R",107,102,0.75002814998311,0.649550561797753,0.327809523809524,0.2853,0.042509523809524,0.505,"Clayton Beeter is limiting right-handed batters more effectively","Estimated wOBA: 0.328 vs L, 0.285 vs R.","two_sided_opponent_hand_woba_gap_v1",47.6,280,"2026-09-18","2026-09-19 13:56:10 UTC"
"676604","Tyler Zuber","Miami Marlins","R","pitcher","R",79,92,0.943471475637246,0.795966474594028,0.391518987341772,0.342173913043478,0.049345074298294,0.441,"Tyler Zuber is limiting right-handed batters more effectively","Estimated wOBA: 0.392 vs L, 0.342 vs R.","two_sided_opponent_hand_woba_gap_v1",47.6,280,"2026-09-18","2026-09-19 13:56:10 UTC"
"643511","Tyler Rogers","Toronto Blue Jays","R","pitcher","R",151,125,0.578445676490614,0.492847124824684,0.26,0.223225806451613,0.036774193548387,0.556,"Tyler Rogers is limiting right-handed batters more effectively","Estimated wOBA: 0.260 vs L, 0.223 vs R.","two_sided_opponent_hand_woba_gap_v1",47.5,282,"2026-09-18","2026-09-19 13:56:10 UTC"
"680802","Ryan Weiss","Houston Astros","R","pitcher","R",80,51,1.03825757575758,0.908496732026144,0.44325,0.383921568627451,0.059328431372549,0.338,"Ryan Weiss is limiting right-handed batters more effectively","Estimated wOBA: 0.443 vs L, 0.384 vs R.","two_sided_opponent_hand_woba_gap_v1",47.5,282,"2026-09-18","2026-09-19 13:56:10 UTC"
"608372","Tomoyuki Sugano","Colorado Rockies","R","pitcher","R",340,274,0.886179474616515,0.821167883211679,0.370798816568047,0.343941605839416,0.026857210728631,0.733,"Tomoyuki Sugano is limiting right-handed batters more effectively","Estimated wOBA: 0.371 vs L, 0.344 vs R.","two_sided_opponent_hand_woba_gap_v1",47.3,284,"2026-09-18","2026-09-19 13:56:10 UTC"
"669622","Anthony Bender","Miami Marlins","R","pitcher","R",58,81,0.530344827586207,0.439606272939606,0.253620689655172,0.198641975308642,0.05497871434653,0.367,"Anthony Bender is limiting right-handed batters more effectively","Estimated wOBA: 0.254 vs L, 0.199 vs R.","two_sided_opponent_hand_woba_gap_v1",47.3,284,"2026-09-18","2026-09-19 13:56:10 UTC"
"682825","Luis Mey","Cincinnati Reds","R","pitcher","R",80,67,0.820335820895522,0.675757575757576,0.358625,0.306818181818182,0.051806818181818,0.401,"Luis Mey is limiting right-handed batters more effectively","Estimated wOBA: 0.359 vs L, 0.307 vs R.","two_sided_opponent_hand_woba_gap_v1",47.2,286,"2026-09-18","2026-09-19 13:56:10 UTC"
"680573","Simeon Woods Richardson","Toronto Blue Jays","R","pitcher","L",167,138,0.845324961819107,0.934722721283986,0.365060240963855,0.399710144927536,0.034649903963681,0.58,"Simeon Woods Richardson is limiting left-handed batters more effectively","Estimated wOBA: 0.365 vs L, 0.400 vs R.","two_sided_opponent_hand_woba_gap_v1",47.1,287,"2026-09-18","2026-09-19 13:56:10 UTC"
"680732","Sean Burke","Chicago White Sox","R","pitcher","R",399,276,0.71033367381682,0.63218793828892,0.306969696969697,0.281159420289855,0.025810276679842,0.734,"Sean Burke is limiting right-handed batters more effectively","Estimated wOBA: 0.307 vs L, 0.281 vs R.","two_sided_opponent_hand_woba_gap_v1",46.8,288,"2026-09-18","2026-09-19 13:56:10 UTC"
"695076","Rhett Lowder","Cincinnati Reds","R","pitcher","R",349,213,0.825645124457639,0.762274881516588,0.356810344827586,0.328293838862559,0.028516505965027,0.681,"Rhett Lowder is limiting right-handed batters more effectively","Estimated wOBA: 0.357 vs L, 0.328 vs R.","two_sided_opponent_hand_woba_gap_v1",46.6,289,"2026-09-18","2026-09-19 13:56:10 UTC"
"669684","Chris Murphy","Chicago White Sox","L","pitcher","R",77,74,0.832386363636364,0.708939708939709,0.358571428571429,0.309594594594595,0.048976833976834,0.425,"Chris Murphy is limiting right-handed batters more effectively","Estimated wOBA: 0.359 vs L, 0.310 vs R.","two_sided_opponent_hand_woba_gap_v1",46.5,290,"2026-09-18","2026-09-19 13:56:10 UTC"
"669467","Andre Pallante","St. Louis Cardinals","R","pitcher","R",352,279,0.70133248394118,0.636432686520107,0.306552706552707,0.282374100719424,0.024178605833283,0.736,"Andre Pallante is limiting right-handed batters more effectively","Estimated wOBA: 0.307 vs L, 0.282 vs R.","two_sided_opponent_hand_woba_gap_v1",46.3,291,"2026-09-18","2026-09-19 13:56:10 UTC"
"702070","Noah Cameron","Kansas City Royals","L","pitcher","R",163,529,0.73768115942029,0.648263293310463,0.314409937888199,0.283225806451613,0.031184131436586,0.62,"Noah Cameron is limiting right-handed batters more effectively","Estimated wOBA: 0.314 vs L, 0.283 vs R.","two_sided_opponent_hand_woba_gap_v1",46.2,292,"2026-09-18","2026-09-19 13:56:10 UTC"
"676879","Aaron Ashby","Milwaukee Brewers","L","pitcher","L",135,231,0.615968427443837,0.687662337662338,0.274148148148148,0.308181818181818,0.03403367003367,0.574,"Aaron Ashby is limiting left-handed batters more effectively","Estimated wOBA: 0.274 vs L, 0.308 vs R.","two_sided_opponent_hand_woba_gap_v1",46.2,292,"2026-09-18","2026-09-19 13:56:10 UTC"
"573124","Taylor Rogers","Minnesota Twins","L","pitcher","L",135,118,0.719119917653114,0.838885169065952,0.322686567164179,0.358448275862069,0.03576170869789,0.541,"Taylor Rogers is limiting left-handed batters more effectively","Estimated wOBA: 0.323 vs L, 0.358 vs R.","two_sided_opponent_hand_woba_gap_v1",45.7,294,"2026-09-18","2026-09-19 13:56:10 UTC"
"672335","Cionel Pérez","New York Mets","L","pitcher","L",84,97,0.695054945054945,0.797606351463443,0.302142857142857,0.347319587628866,0.045176730486009,0.457,"Cionel Pérez is limiting left-handed batters more effectively","Estimated wOBA: 0.302 vs L, 0.347 vs R.","two_sided_opponent_hand_woba_gap_v1",45.7,294,"2026-09-18","2026-09-19 13:56:10 UTC"
"656550","Grant Holmes","Atlanta Braves","R","pitcher","L",364,237,0.673709652268829,0.745908750345045,0.295867768595041,0.321983122362869,0.026115353767828,0.703,"Grant Holmes is limiting left-handed batters more effectively","Estimated wOBA: 0.296 vs L, 0.322 vs R.","two_sided_opponent_hand_woba_gap_v1",45.5,296,"2026-09-18","2026-09-19 13:56:10 UTC"
"669093","Jeremiah Estrada","San Diego Padres","R","pitcher","L",67,59,0.498955067920585,0.616151545363908,0.231666666666667,0.282881355932203,0.051214689265536,0.371,"Jeremiah Estrada is limiting left-handed batters more effectively","Estimated wOBA: 0.232 vs L, 0.283 vs R.","two_sided_opponent_hand_woba_gap_v1",45.5,296,"2026-09-18","2026-09-19 13:56:10 UTC"
"641755","Tyler Kinley","Detroit Tigers","R","pitcher","R",103,117,0.725997842502697,0.599573742540494,0.309708737864078,0.271391304347826,0.038317433516252,0.507,"Tyler Kinley is limiting right-handed batters more effectively","Estimated wOBA: 0.310 vs L, 0.271 vs R.","two_sided_opponent_hand_woba_gap_v1",45.3,298,"2026-09-18","2026-09-19 13:56:10 UTC"
"703725","Luis Gastelum","St. Louis Cardinals","R","pitcher","R",71,66,0.855193661971831,0.724961479198767,0.361549295774648,0.312424242424242,0.049125053350406,0.398,"Luis Gastelum is limiting right-handed batters more effectively","Estimated wOBA: 0.362 vs L, 0.312 vs R.","two_sided_opponent_hand_woba_gap_v1",45.3,298,"2026-09-18","2026-09-19 13:56:10 UTC"
"669276","Dylan Lee","Atlanta Braves","L","pitcher","R",101,148,0.610659340659341,0.519453824695346,0.2644,0.225986394557823,0.038413605442177,0.502,"Dylan Lee is limiting right-handed batters more effectively","Estimated wOBA: 0.264 vs L, 0.226 vs R.","two_sided_opponent_hand_woba_gap_v1",45.2,300,"2026-09-18","2026-09-19 13:56:10 UTC"
"621097","Jacob Waguespack","Detroit Tigers","R","pitcher","L",76,87,0.446575342465753,0.592028660994178,0.211643835616438,0.258045977011494,0.046402141395056,0.432,"Jacob Waguespack is limiting left-handed batters more effectively","Estimated wOBA: 0.212 vs L, 0.258 vs R.","two_sided_opponent_hand_woba_gap_v1",45.2,300,"2026-09-18","2026-09-19 13:56:10 UTC"
"543056","Danny Coulombe","Boston Red Sox","L","pitcher","R",47,49,0.686306601200218,0.574415131906421,0.324042553191489,0.268775510204082,0.055267042987407,0.32,"Danny Coulombe is limiting right-handed batters more effectively","Estimated wOBA: 0.324 vs L, 0.269 vs R.","two_sided_opponent_hand_woba_gap_v1",45.1,302,"2026-09-18","2026-09-19 13:56:10 UTC"
"679358","Eric Orze","Minnesota Twins","R","pitcher","R",104,83,0.788888888888889,0.616666666666667,0.331470588235294,0.28797619047619,0.043494397759104,0.454,"Eric Orze is limiting right-handed batters more effectively","Estimated wOBA: 0.331 vs L, 0.288 vs R.","two_sided_opponent_hand_woba_gap_v1",45,303,"2026-09-18","2026-09-19 13:56:10 UTC"
"665622","Luis Medina","Athletics","R","pitcher","R",137,161,0.743065693430657,0.657322551662174,0.324379562043796,0.292830188679245,0.031549373364551,0.578,"Luis Medina is limiting right-handed batters more effectively","Estimated wOBA: 0.324 vs L, 0.293 vs R.","two_sided_opponent_hand_woba_gap_v1",44.8,304,"2026-09-18","2026-09-19 13:56:10 UTC"
"702193","Andrew Morris","Minnesota Twins","R","pitcher","R",149,151,0.722843649018146,0.634276821320883,0.312684563758389,0.282013422818792,0.030671140939597,0.598,"Andrew Morris is limiting right-handed batters more effectively","Estimated wOBA: 0.313 vs L, 0.282 vs R.","two_sided_opponent_hand_woba_gap_v1",44.8,304,"2026-09-18","2026-09-19 13:56:10 UTC"
"687064","Brandon Young","Baltimore Orioles","R","pitcher","L",380,251,0.717460317460317,0.777520337761302,0.312619047619048,0.335863453815261,0.023244406196213,0.715,"Brandon Young is limiting left-handed batters more effectively","Estimated wOBA: 0.313 vs L, 0.336 vs R.","two_sided_opponent_hand_woba_gap_v1",44.6,306,"2026-09-18","2026-09-19 13:56:10 UTC"
"677944","Slade Cecconi","Cleveland Guardians","R","pitcher","L",293,226,0.764764996907854,0.837777777777778,0.330238095238095,0.355733333333333,0.025495238095238,0.693,"Slade Cecconi is limiting left-handed batters more effectively","Estimated wOBA: 0.330 vs L, 0.356 vs R.","two_sided_opponent_hand_woba_gap_v1",44.6,306,"2026-09-18","2026-09-19 13:56:10 UTC"
"623211","Huascar Brazobán","Chicago White Sox","R","pitcher","L",114,140,0.544826951399116,0.65668202764977,0.250357142857143,0.2855,0.035142857142857,0.533,"Huascar Brazobán is limiting left-handed batters more effectively","Estimated wOBA: 0.250 vs L, 0.285 vs R.","two_sided_opponent_hand_woba_gap_v1",44.6,306,"2026-09-18","2026-09-19 13:56:10 UTC"
"663574","Tony Santillan","Cincinnati Reds","R","pitcher","R",95,95,0.901752835469141,0.823763137657011,0.387826086956522,0.348617021276596,0.039209065679926,0.487,"Tony Santillan is limiting right-handed batters more effectively","Estimated wOBA: 0.388 vs L, 0.349 vs R.","two_sided_opponent_hand_woba_gap_v1",44.6,306,"2026-09-18","2026-09-19 13:56:10 UTC"
"681676","Ryan Fernandez","St. Louis Cardinals","R","pitcher","R",59,41,0.722033898305085,0.58408215661104,0.314237288135593,0.257317073170732,0.056920214964861,0.291,"Ryan Fernandez is limiting right-handed batters more effectively","Estimated wOBA: 0.314 vs L, 0.257 vs R.","two_sided_opponent_hand_woba_gap_v1",44.6,306,"2026-09-18","2026-09-19 13:56:10 UTC"
"681870","Erik Sabrowski","Cleveland Guardians","L","pitcher","R",71,118,0.636319612590799,0.518609121090337,0.287857142857143,0.241271186440678,0.046585956416465,0.415,"Erik Sabrowski is limiting right-handed batters more effectively","Estimated wOBA: 0.288 vs L, 0.241 vs R.","two_sided_opponent_hand_woba_gap_v1",44.5,311,"2026-09-18","2026-09-19 13:56:10 UTC"
"664991","Grant Wolfram","Baltimore Orioles","L","pitcher","R",111,106,0.751737559077009,0.691964285714286,0.332018348623853,0.295428571428571,0.036589777195282,0.515,"Grant Wolfram is limiting right-handed batters more effectively","Estimated wOBA: 0.332 vs L, 0.295 vs R.","two_sided_opponent_hand_woba_gap_v1",44.5,311,"2026-09-18","2026-09-19 13:56:10 UTC"
"676664","JP Sears","San Diego Padres","L","pitcher","L",47,96,0.647872340425532,0.791387559808612,0.287234042553192,0.341368421052632,0.05413437849944,0.32,"JP Sears is limiting left-handed batters more effectively","Estimated wOBA: 0.287 vs L, 0.341 vs R.","two_sided_opponent_hand_woba_gap_v1",44.4,313,"2026-09-18","2026-09-19 13:56:10 UTC"
"695534","Chase Petty","Cincinnati Reds","R","pitcher","L",73,66,0.689429564506236,0.835423197492163,0.300958904109589,0.348181818181818,0.047222914072229,0.398,"Chase Petty is limiting left-handed batters more effectively","Estimated wOBA: 0.301 vs L, 0.348 vs R.","two_sided_opponent_hand_woba_gap_v1",44.4,313,"2026-09-18","2026-09-19 13:56:10 UTC"
"663567","Peter Lambert","Houston Astros","R","pitcher","L",359,284,0.6088064588139,0.696819787985866,0.280224719101124,0.301625441696113,0.021400722594989,0.74,"Peter Lambert is limiting left-handed batters more effectively","Estimated wOBA: 0.280 vs L, 0.302 vs R.","two_sided_opponent_hand_woba_gap_v1",44.3,315,"2026-09-18","2026-09-19 13:56:10 UTC"
"592791","Jameson Taillon","Toronto Blue Jays","R","pitcher","R",194,176,0.875500303214069,0.810424605334785,0.370412371134021,0.342272727272727,0.028139643861294,0.638,"Jameson Taillon is limiting right-handed batters more effectively","Estimated wOBA: 0.370 vs L, 0.342 vs R.","two_sided_opponent_hand_woba_gap_v1",44.3,315,"2026-09-18","2026-09-19 13:56:10 UTC"
"641835","Tim Mayza","Philadelphia Phillies","L","pitcher","L",111,147,0.590559440559441,0.680263825469305,0.258090909090909,0.293287671232877,0.035196762141968,0.526,"Tim Mayza is limiting left-handed batters more effectively","Estimated wOBA: 0.258 vs L, 0.293 vs R.","two_sided_opponent_hand_woba_gap_v1",44.3,315,"2026-09-18","2026-09-19 13:56:10 UTC"
"621383","Tanner Banks","Philadelphia Phillies","L","pitcher","R",67,96,1.04493207941484,0.936797752808989,0.441060606060606,0.394375,0.046685606060606,0.401,"Tanner Banks is limiting right-handed batters more effectively","Estimated wOBA: 0.441 vs L, 0.394 vs R.","two_sided_opponent_hand_woba_gap_v1",44,318,"2026-09-18","2026-09-19 13:56:10 UTC"
"657756","Connor Seabold","Kansas City Royals","R","pitcher","R",61,53,0.854981084489281,0.722601364913689,0.367540983606557,0.316415094339623,0.051125889266934,0.346,"Connor Seabold is limiting right-handed batters more effectively","Estimated wOBA: 0.368 vs L, 0.316 vs R.","two_sided_opponent_hand_woba_gap_v1",44,318,"2026-09-18","2026-09-19 13:56:10 UTC"
"663372","Ryan Feltner","Colorado Rockies","R","pitcher","R",281,240,0.861580992229528,0.808626239696333,0.365107142857143,0.342199170124481,0.022907972732662,0.706,"Ryan Feltner is limiting right-handed batters more effectively","Estimated wOBA: 0.365 vs L, 0.342 vs R.","two_sided_opponent_hand_woba_gap_v1",43.9,320,"2026-09-18","2026-09-19 13:56:10 UTC"
"669330","Tyler Wells","Tampa Bay Rays","R","pitcher","L",151,125,0.526870131778768,0.62519298245614,0.232885906040268,0.2652,0.032314093959732,0.556,"Tyler Wells is limiting left-handed batters more effectively","Estimated wOBA: 0.233 vs L, 0.265 vs R.","two_sided_opponent_hand_woba_gap_v1",43.8,321,"2026-09-18","2026-09-19 13:56:10 UTC"
"690953","Mick Abel","Minnesota Twins","R","pitcher","R",46,46,0.791304347826087,0.647826086956522,0.351521739130435,0.298260869565217,0.053260869565218,0.315,"Mick Abel is limiting right-handed batters more effectively","Estimated wOBA: 0.352 vs L, 0.298 vs R.","two_sided_opponent_hand_woba_gap_v1",43.7,322,"2026-09-18","2026-09-19 13:56:10 UTC"
"663556","Shane McClanahan","Tampa Bay Rays","L","pitcher","L",110,377,0.542486085343228,0.623563711198765,0.242,0.276657754010695,0.034657754010695,0.524,"Shane McClanahan is limiting left-handed batters more effectively","Estimated wOBA: 0.242 vs L, 0.277 vs R.","two_sided_opponent_hand_woba_gap_v1",43.6,323,"2026-09-18","2026-09-19 13:56:10 UTC"
"801139","Payton Tolle","Boston Red Sox","L","pitcher","R",163,412,0.687036368739725,0.617772528671094,0.297484662576687,0.269172749391727,0.02831191318496,0.62,"Payton Tolle is limiting right-handed batters more effectively","Estimated wOBA: 0.297 vs L, 0.269 vs R.","two_sided_opponent_hand_woba_gap_v1",43.5,324,"2026-09-18","2026-09-19 13:56:10 UTC"
"622663","Luis Severino","Athletics","R","pitcher","R",153,119,0.808639245171753,0.739316239316239,0.35359477124183,0.320854700854701,0.032740070387129,0.543,"Luis Severino is limiting right-handed batters more effectively","Estimated wOBA: 0.354 vs L, 0.321 vs R.","two_sided_opponent_hand_woba_gap_v1",43.5,324,"2026-09-18","2026-09-19 13:56:10 UTC"
"593958","Eduardo Rodriguez","Arizona Diamondbacks","L","pitcher","R",227,535,0.712263557438242,0.652737214938172,0.309601769911504,0.286522556390977,0.023079213520527,0.694,"Eduardo Rodriguez is limiting right-handed batters more effectively","Estimated wOBA: 0.310 vs L, 0.287 vs R.","two_sided_opponent_hand_woba_gap_v1",43.4,326,"2026-09-18","2026-09-19 13:56:10 UTC"
"650633","Michael King","San Diego Padres","R","pitcher","L",466,272,0.628758271298594,0.676159352629941,0.279806451612903,0.300777777777778,0.020971326164875,0.731,"Michael King is limiting left-handed batters more effectively","Estimated wOBA: 0.280 vs L, 0.301 vs R.","two_sided_opponent_hand_woba_gap_v1",43.3,327,"2026-09-18","2026-09-19 13:56:10 UTC"
"663855","Jordan Hicks","Chicago White Sox","R","pitcher","L",80,128,0.633557800224467,0.729071100917431,0.282405063291139,0.32328125,0.040876186708861,0.444,"Jordan Hicks is limiting left-handed batters more effectively","Estimated wOBA: 0.282 vs L, 0.323 vs R.","two_sided_opponent_hand_woba_gap_v1",43.1,328,"2026-09-18","2026-09-19 13:56:10 UTC"
"808967","Yoshinobu Yamamoto","Los Angeles Dodgers","R","pitcher","L",367,315,0.517118127905113,0.568914892464381,0.228801089918256,0.247555555555556,0.0187544656373,0.759,"Yoshinobu Yamamoto is limiting left-handed batters more effectively","Estimated wOBA: 0.229 vs L, 0.248 vs R.","two_sided_opponent_hand_woba_gap_v1",42.9,329,"2026-09-18","2026-09-19 13:56:10 UTC"
"594798","Jacob deGrom","Texas Rangers","R","pitcher","L",374,249,0.609329758713137,0.64675675201991,0.261854838709677,0.282874493927125,0.021019655217448,0.713,"Jacob deGrom is limiting left-handed batters more effectively","Estimated wOBA: 0.262 vs L, 0.283 vs R.","two_sided_opponent_hand_woba_gap_v1",42.6,330,"2026-09-18","2026-09-19 13:56:10 UTC"
"594027","Tyron Guerrero","Boston Red Sox","R","pitcher","L",73,85,0.550129045066508,0.64702380952381,0.243972602739726,0.286071428571429,0.042098825831703,0.422,"Tyron Guerrero is limiting left-handed batters more effectively","Estimated wOBA: 0.244 vs L, 0.286 vs R.","two_sided_opponent_hand_woba_gap_v1",42.5,331,"2026-09-18","2026-09-19 13:56:10 UTC"
"663992","Richard Lovelady","Washington Nationals","L","pitcher","R",75,77,0.898297491039427,0.80979020979021,0.390281690140845,0.348684210526316,0.041597479614529,0.429,"Richard Lovelady is limiting right-handed batters more effectively","Estimated wOBA: 0.390 vs L, 0.349 vs R.","two_sided_opponent_hand_woba_gap_v1",42.3,332,"2026-09-18","2026-09-19 13:56:10 UTC"
"678022","Jack Perkins","Athletics","R","pitcher","R",266,229,0.825467614146859,0.783393269971744,0.357433962264151,0.335982532751092,0.021451429513059,0.696,"Jack Perkins is limiting right-handed batters more effectively","Estimated wOBA: 0.357 vs L, 0.336 vs R.","two_sided_opponent_hand_woba_gap_v1",42.2,333,"2026-09-18","2026-09-19 13:56:10 UTC"
"677976","Randy Dobnak","Kansas City Royals","R","pitcher","R",195,117,0.740935943472721,0.63546593643681,0.319432989690722,0.288119658119658,0.031313331571064,0.539,"Randy Dobnak is limiting right-handed batters more effectively","Estimated wOBA: 0.319 vs L, 0.288 vs R.","two_sided_opponent_hand_woba_gap_v1",42.1,334,"2026-09-18","2026-09-19 13:56:10 UTC"
"605280","Clay Holmes","Chicago Cubs","R","pitcher","R",245,154,0.616604823747681,0.536626080125687,0.274571428571429,0.2475,0.027071428571429,0.606,"Clay Holmes is limiting right-handed batters more effectively","Estimated wOBA: 0.275 vs L, 0.247 vs R.","two_sided_opponent_hand_woba_gap_v1",41.8,335,"2026-09-18","2026-09-19 13:56:10 UTC"
"806188","Cade Gibson","Miami Marlins","L","pitcher","L",119,95,0.681483850335785,0.746615087040619,0.299661016949153,0.33531914893617,0.035658131987017,0.487,"Cade Gibson is limiting left-handed batters more effectively","Estimated wOBA: 0.300 vs L, 0.335 vs R.","two_sided_opponent_hand_woba_gap_v1",41.8,335,"2026-09-18","2026-09-19 13:56:10 UTC"
"680767","Victor Vodnik","Miami Marlins","R","pitcher","L",133,114,0.729132152414936,0.784857423795477,0.317894736842105,0.349115044247788,0.031220307405683,0.533,"Victor Vodnik is limiting left-handed batters more effectively","Estimated wOBA: 0.318 vs L, 0.349 vs R.","two_sided_opponent_hand_woba_gap_v1",41.7,337,"2026-09-18","2026-09-19 13:56:10 UTC"
"701542","Will Warren","New York Yankees","R","pitcher","R",366,275,0.776562394660554,0.741501148689912,0.33404958677686,0.315656934306569,0.018392652470291,0.733,"Will Warren is limiting right-handed batters more effectively","Estimated wOBA: 0.334 vs L, 0.316 vs R.","two_sided_opponent_hand_woba_gap_v1",41.5,338,"2026-09-18","2026-09-19 13:56:10 UTC"
"663767","Chase Shugart","Philadelphia Phillies","R","pitcher","R",96,109,0.816964285714286,0.666765315182007,0.329263157894737,0.294587155963303,0.034676001931434,0.49,"Chase Shugart is limiting right-handed batters more effectively","Estimated wOBA: 0.329 vs L, 0.295 vs R.","two_sided_opponent_hand_woba_gap_v1",41.5,338,"2026-09-18","2026-09-19 13:56:10 UTC"
"542888","Shawn Armstrong","Cleveland Guardians","R","pitcher","L",73,73,0.685985247629083,0.747881355932203,0.297671232876712,0.337916666666667,0.040245433789955,0.422,"Shawn Armstrong is limiting left-handed batters more effectively","Estimated wOBA: 0.298 vs L, 0.338 vs R.","two_sided_opponent_hand_woba_gap_v1",41.5,338,"2026-09-18","2026-09-19 13:56:10 UTC"
"643410","Mark Leiter Jr.","Athletics","R","pitcher","L",87,59,0.609649122807018,0.747959824231011,0.277674418604651,0.322033898305085,0.044359479700434,0.371,"Mark Leiter Jr. is limiting left-handed batters more effectively","Estimated wOBA: 0.278 vs L, 0.322 vs R.","two_sided_opponent_hand_woba_gap_v1",41.2,341,"2026-09-18","2026-09-19 13:56:10 UTC"
"608331","Max Fried","New York Yankees","L","pitcher","L",97,311,0.469468390804598,0.553961016755956,0.213333333333333,0.247709677419355,0.034376344086022,0.492,"Max Fried is limiting left-handed batters more effectively","Estimated wOBA: 0.213 vs L, 0.248 vs R.","two_sided_opponent_hand_woba_gap_v1",41.1,342,"2026-09-18","2026-09-19 13:56:10 UTC"
"661395","Jhoan Duran","Philadelphia Phillies","R","pitcher","L",123,101,0.516989785282468,0.592391870766024,0.230731707317073,0.263762376237624,0.033030668920551,0.502,"Jhoan Duran is limiting left-handed batters more effectively","Estimated wOBA: 0.231 vs L, 0.264 vs R.","two_sided_opponent_hand_woba_gap_v1",41,343,"2026-09-18","2026-09-19 13:56:10 UTC"
"682227","Brandon Williamson","Cincinnati Reds","L","pitcher","L",55,140,0.749242424242424,0.833082706766917,0.317090909090909,0.363,0.045909090909091,0.355,"Brandon Williamson is limiting left-handed batters more effectively","Estimated wOBA: 0.317 vs L, 0.363 vs R.","two_sided_opponent_hand_woba_gap_v1",40.9,344,"2026-09-18","2026-09-19 13:56:10 UTC"
"701719","Tyler Samaniego","Boston Red Sox","L","pitcher","R",41,49,0.778554778554779,0.665120593692022,0.348205128205128,0.297755102040816,0.050450026164312,0.291,"Tyler Samaniego is limiting right-handed batters more effectively","Estimated wOBA: 0.348 vs L, 0.298 vs R.","two_sided_opponent_hand_woba_gap_v1",40.8,345,"2026-09-18","2026-09-19 13:56:10 UTC"
"684007","Shota Imanaga","Chicago Cubs","L","pitcher","R",186,498,0.750715421303657,0.699283273820228,0.320648648648649,0.299176706827309,0.02147194182134,0.65,"Shota Imanaga is limiting right-handed batters more effectively","Estimated wOBA: 0.321 vs L, 0.299 vs R.","two_sided_opponent_hand_woba_gap_v1",40.7,346,"2026-09-18","2026-09-19 13:56:10 UTC"
"681799","Ethan Roberts","Chicago Cubs","R","pitcher","R",47,63,0.775683890577508,0.696770662287904,0.354042553191489,0.306825396825397,0.047217156366092,0.32,"Ethan Roberts is limiting right-handed batters more effectively","Estimated wOBA: 0.354 vs L, 0.307 vs R.","two_sided_opponent_hand_woba_gap_v1",40.4,347,"2026-09-18","2026-09-19 13:56:10 UTC"
"673540","Kodai Senga","New York Mets","R","pitcher","R",143,130,0.886502386502387,0.810989010989011,0.378951048951049,0.351461538461538,0.027489510489511,0.565,"Kodai Senga is limiting right-handed batters more effectively","Estimated wOBA: 0.379 vs L, 0.351 vs R.","two_sided_opponent_hand_woba_gap_v1",40.2,348,"2026-09-18","2026-09-19 13:56:10 UTC"
"657277","Logan Webb","San Francisco Giants","R","pitcher","R",397,272,0.671882762046697,0.62862498125656,0.294191919191919,0.27762962962963,0.016562289562289,0.731,"Logan Webb is limiting right-handed batters more effectively","Estimated wOBA: 0.294 vs L, 0.278 vs R.","two_sided_opponent_hand_woba_gap_v1",39.8,349,"2026-09-18","2026-09-19 13:56:10 UTC"
"670036","Matt Festa","Cleveland Guardians","R","pitcher","R",129,149,0.75,0.685647909137842,0.326201550387597,0.299127516778524,0.027074033609073,0.563,"Matt Festa is limiting right-handed batters more effectively","Estimated wOBA: 0.326 vs L, 0.299 vs R.","two_sided_opponent_hand_woba_gap_v1",39.8,349,"2026-09-18","2026-09-19 13:56:10 UTC"
"686560","Gavin Collyer","Texas Rangers","R","pitcher","R",49,55,0.729860365198711,0.577922077922078,0.336938775510204,0.290909090909091,0.046029684601113,0.329,"Gavin Collyer is limiting right-handed batters more effectively","Estimated wOBA: 0.337 vs L, 0.291 vs R.","two_sided_opponent_hand_woba_gap_v1",39.8,349,"2026-09-18","2026-09-19 13:56:10 UTC"
"681402","Gus Varland","Washington Nationals","R","pitcher","L",71,79,0.904091213950369,1.03678929765886,0.385774647887324,0.423333333333333,0.037558685446009,0.415,"Gus Varland is limiting left-handed batters more effectively","Estimated wOBA: 0.386 vs L, 0.423 vs R.","two_sided_opponent_hand_woba_gap_v1",39.7,352,"2026-09-18","2026-09-19 13:56:10 UTC"
"680694","Kyle Bradish","Baltimore Orioles","R","pitcher","R",408,261,0.790339616509587,0.752011912529907,0.34156862745098,0.324961538461538,0.016607088989442,0.723,"Kyle Bradish is limiting right-handed batters more effectively","Estimated wOBA: 0.342 vs L, 0.325 vs R.","two_sided_opponent_hand_woba_gap_v1",39.5,353,"2026-09-18","2026-09-19 13:56:10 UTC"
"684974","Craig Yoho","Cleveland Guardians","R","pitcher","R",92,67,0.71025641025641,0.605615987857324,0.309555555555556,0.271791044776119,0.037764510779437,0.401,"Craig Yoho is limiting right-handed batters more effectively","Estimated wOBA: 0.310 vs L, 0.272 vs R.","two_sided_opponent_hand_woba_gap_v1",39.4,354,"2026-09-18","2026-09-19 13:56:10 UTC"
"601713","Nick Pivetta","San Diego Padres","R","pitcher","L",66,54,0.500488758553275,0.612200435729848,0.223636363636364,0.266111111111111,0.042474747474747,0.351,"Nick Pivetta is limiting left-handed batters more effectively","Estimated wOBA: 0.224 vs L, 0.266 vs R.","two_sided_opponent_hand_woba_gap_v1",39.4,354,"2026-09-18","2026-09-19 13:56:10 UTC"
"683003","Jared Jones","Pittsburgh Pirates","R","pitcher","R",225,156,0.704642857142857,0.647568523430592,0.303794642857143,0.281666666666667,0.022127976190476,0.609,"Jared Jones is limiting right-handed batters more effectively","Estimated wOBA: 0.304 vs L, 0.282 vs R.","two_sided_opponent_hand_woba_gap_v1",39.2,356,"2026-09-18","2026-09-19 13:56:10 UTC"
"669084","DL Hall","Milwaukee Brewers","L","pitcher","L",90,131,0.466966966966967,0.581912681912682,0.231555555555556,0.264461538461538,0.032905982905982,0.474,"DL Hall is limiting left-handed batters more effectively","Estimated wOBA: 0.232 vs L, 0.264 vs R.","two_sided_opponent_hand_woba_gap_v1",39.2,356,"2026-09-18","2026-09-19 13:56:10 UTC"
"660853","Enyel De Los Santos","Houston Astros","R","pitcher","L",157,144,0.713119072708114,0.76570757486788,0.303397435897436,0.327342657342657,0.023945221445221,0.59,"Enyel De Los Santos is limiting left-handed batters more effectively","Estimated wOBA: 0.303 vs L, 0.327 vs R.","two_sided_opponent_hand_woba_gap_v1",39.1,358,"2026-09-18","2026-09-19 13:56:10 UTC"
"670280","David Bednar","New York Yankees","R","pitcher","L",148,119,0.522772772772773,0.618302366818287,0.235102040816327,0.26218487394958,0.027082833133253,0.543,"David Bednar is limiting left-handed batters more effectively","Estimated wOBA: 0.235 vs L, 0.262 vs R.","two_sided_opponent_hand_woba_gap_v1",38.6,359,"2026-09-18","2026-09-19 13:56:10 UTC"
"681810","Austin Warren","New York Mets","R","pitcher","R",97,105,0.819587628865979,0.696825396825397,0.345876288659794,0.315142857142857,0.030733431516937,0.492,"Austin Warren is limiting right-handed batters more effectively","Estimated wOBA: 0.346 vs L, 0.315 vs R.","two_sided_opponent_hand_woba_gap_v1",38.4,360,"2026-09-18","2026-09-19 13:56:10 UTC"
"592662","Robbie Ray","San Diego Padres","L","pitcher","L",187,502,0.653592617007251,0.711047672097665,0.291513513513514,0.310339321357285,0.018825807843771,0.652,"Robbie Ray is limiting left-handed batters more effectively","Estimated wOBA: 0.292 vs L, 0.310 vs R.","two_sided_opponent_hand_woba_gap_v1",38.3,361,"2026-09-18","2026-09-19 13:56:10 UTC"
"837227","Tatsuya Imai","Houston Astros","R","pitcher","R",201,128,0.726517115023684,0.634918231374924,0.322089552238806,0.29748031496063,0.024609237278176,0.561,"Tatsuya Imai is limiting right-handed batters more effectively","Estimated wOBA: 0.322 vs L, 0.297 vs R.","two_sided_opponent_hand_woba_gap_v1",38.1,362,"2026-09-18","2026-09-19 13:56:10 UTC"
"607074","Carlos Rodón","New York Yankees","L","pitcher","R",78,238,0.664502164502164,0.552990816579797,0.287272727272727,0.253206751054852,0.034065976217875,0.438,"Carlos Rodón is limiting right-handed batters more effectively","Estimated wOBA: 0.287 vs L, 0.253 vs R.","two_sided_opponent_hand_woba_gap_v1",38,363,"2026-09-18","2026-09-19 13:56:10 UTC"
"527048","Martín Pérez","Atlanta Braves","L","pitcher","R",166,409,0.703802221874511,0.643868023868024,0.305481927710843,0.285246305418719,0.020235622292124,0.624,"Martín Pérez is limiting right-handed batters more effectively","Estimated wOBA: 0.305 vs L, 0.285 vs R.","two_sided_opponent_hand_woba_gap_v1",37.9,364,"2026-09-18","2026-09-19 13:56:10 UTC"
"656302","Dylan Cease","Toronto Blue Jays","R","pitcher","L",401,288,0.533571428571429,0.556969148001757,0.24395,0.254965277777778,0.011015277777778,0.742,"Dylan Cease is limiting left-handed batters more effectively","Estimated wOBA: 0.244 vs L, 0.255 vs R.","two_sided_opponent_hand_woba_gap_v1",37.9,364,"2026-09-18","2026-09-19 13:56:10 UTC"
"666157","Nick Lodolo","Cincinnati Reds","L","pitcher","R",106,330,0.900165871863985,0.84881764140222,0.388490566037736,0.359603658536585,0.028886907501151,0.515,"Nick Lodolo is limiting right-handed batters more effectively","Estimated wOBA: 0.388 vs L, 0.360 vs R.","two_sided_opponent_hand_woba_gap_v1",37.9,364,"2026-09-18","2026-09-19 13:56:10 UTC"
"681035","Christian Scott","New York Mets","R","pitcher","R",282,171,0.699056234991903,0.606060606060606,0.304219858156028,0.284385964912281,0.019833893243747,0.631,"Christian Scott is limiting right-handed batters more effectively","Estimated wOBA: 0.304 vs L, 0.284 vs R.","two_sided_opponent_hand_woba_gap_v1",37.9,364,"2026-09-18","2026-09-19 13:56:10 UTC"
"669060","Bryse Wilson","Milwaukee Brewers","R","pitcher","R",68,77,0.762477718360071,0.677079677079677,0.329705882352941,0.294025974025974,0.035679908326967,0.405,"Bryse Wilson is limiting right-handed batters more effectively","Estimated wOBA: 0.330 vs L, 0.294 vs R.","two_sided_opponent_hand_woba_gap_v1",37.9,364,"2026-09-18","2026-09-19 13:56:10 UTC"
"543135","Nathan Eovaldi","Texas Rangers","R","pitcher","R",322,261,0.747363409610747,0.702933507170795,0.318909657320872,0.304884615384615,0.014025041936257,0.723,"Nathan Eovaldi is limiting right-handed batters more effectively","Estimated wOBA: 0.319 vs L, 0.305 vs R.","two_sided_opponent_hand_woba_gap_v1",37.7,369,"2026-09-18","2026-09-19 13:56:10 UTC"
"665795","Edward Cabrera","Chicago Cubs","R","pitcher","R",203,136,0.830761920733412,0.77807486631016,0.356069651741294,0.333897058823529,0.022172592917765,0.576,"Edward Cabrera is limiting right-handed batters more effectively","Estimated wOBA: 0.356 vs L, 0.334 vs R.","two_sided_opponent_hand_woba_gap_v1",37.7,369,"2026-09-18","2026-09-19 13:56:10 UTC"
"622608","Antonio Senzatela","Milwaukee Brewers","R","pitcher","L",143,156,0.689704116169888,0.734109786926688,0.299929577464789,0.321410256410256,0.021480678945467,0.588,"Antonio Senzatela is limiting left-handed batters more effectively","Estimated wOBA: 0.300 vs L, 0.321 vs R.","two_sided_opponent_hand_woba_gap_v1",37.7,369,"2026-09-18","2026-09-19 13:56:10 UTC"
"650556","Bryan Abreu","Houston Astros","R","pitcher","R",137,119,0.730453080818044,0.661521018663876,0.325839416058394,0.29982905982906,0.026010356229334,0.543,"Bryan Abreu is limiting right-handed batters more effectively","Estimated wOBA: 0.326 vs L, 0.300 vs R.","two_sided_opponent_hand_woba_gap_v1",37.6,372,"2026-09-18","2026-09-19 13:56:10 UTC"
"665660","Elvis Alvarado","Athletics","R","pitcher","R",98,112,0.776096645554774,0.695324005891016,0.333061224489796,0.303571428571429,0.029489795918367,0.495,"Elvis Alvarado is limiting right-handed batters more effectively","Estimated wOBA: 0.333 vs L, 0.304 vs R.","two_sided_opponent_hand_woba_gap_v1",37.5,373,"2026-09-18","2026-09-19 13:56:10 UTC"
"689266","Dylan Dodd","Atlanta Braves","L","pitcher","R",81,96,0.62037037037037,0.546185688941455,0.271481481481481,0.239157894736842,0.032323586744639,0.448,"Dylan Dodd is limiting right-handed batters more effectively","Estimated wOBA: 0.271 vs L, 0.239 vs R.","two_sided_opponent_hand_woba_gap_v1",37.3,374,"2026-09-18","2026-09-19 13:56:10 UTC"
"688883","Peyton Pallette","Cleveland Guardians","R","pitcher","R",48,49,0.789634146341463,0.637617209045781,0.349583333333333,0.307755102040816,0.041828231292517,0.324,"Peyton Pallette is limiting right-handed batters more effectively","Estimated wOBA: 0.350 vs L, 0.308 vs R.","two_sided_opponent_hand_woba_gap_v1",37.3,374,"2026-09-18","2026-09-19 13:56:10 UTC"
"674444","Steven Cruz","Kansas City Royals","R","pitcher","L",139,96,0.739301609038001,0.794427244582043,0.315507246376812,0.344947368421053,0.029440122044241,0.49,"Steven Cruz is limiting left-handed batters more effectively","Estimated wOBA: 0.316 vs L, 0.345 vs R.","two_sided_opponent_hand_woba_gap_v1",36.9,376,"2026-09-18","2026-09-19 13:56:10 UTC"
"642232","Ryan Yarbrough","New York Yankees","L","pitcher","L",97,156,0.575969563082965,0.659206042184766,0.260309278350515,0.289346405228758,0.029037126878243,0.492,"Ryan Yarbrough is limiting left-handed batters more effectively","Estimated wOBA: 0.260 vs L, 0.289 vs R.","two_sided_opponent_hand_woba_gap_v1",36.7,377,"2026-09-18","2026-09-19 13:56:10 UTC"
"641778","Eric Lauer","Los Angeles Dodgers","L","pitcher","R",110,358,0.838207186544343,0.788523735002608,0.360366972477064,0.333661971830986,0.026705000646078,0.524,"Eric Lauer is limiting right-handed batters more effectively","Estimated wOBA: 0.360 vs L, 0.334 vs R.","two_sided_opponent_hand_woba_gap_v1",36.6,378,"2026-09-18","2026-09-19 13:56:10 UTC"
"689147","Orion Kerkering","Philadelphia Phillies","R","pitcher","R",120,137,0.725490196078431,0.651115618661258,0.318583333333333,0.295073529411765,0.023509803921568,0.545,"Orion Kerkering is limiting right-handed batters more effectively","Estimated wOBA: 0.319 vs L, 0.295 vs R.","two_sided_opponent_hand_woba_gap_v1",36.5,379,"2026-09-18","2026-09-19 13:56:10 UTC"
"681217","Chase Silseth","Texas Rangers","R","pitcher","R",124,125,0.705587152893944,0.675681415929203,0.32016393442623,0.29736,0.02280393442623,0.554,"Chase Silseth is limiting right-handed batters more effectively","Estimated wOBA: 0.320 vs L, 0.297 vs R.","two_sided_opponent_hand_woba_gap_v1",36.5,379,"2026-09-18","2026-09-19 13:56:10 UTC"
"642547","Freddy Peralta","Tampa Bay Rays","R","pitcher","R",432,253,0.759925565618853,0.710606060606061,0.325638051044083,0.31468253968254,0.010955511361543,0.717,"Freddy Peralta is limiting right-handed batters more effectively","Estimated wOBA: 0.326 vs L, 0.315 vs R.","two_sided_opponent_hand_woba_gap_v1",36.4,381,"2026-09-18","2026-09-19 13:56:10 UTC"
"689296","Anthony Nunez","Baltimore Orioles","R","pitcher","R",127,117,0.656877662811929,0.592485083051121,0.290483870967742,0.266239316239316,0.024244554728426,0.539,"Anthony Nunez is limiting right-handed batters more effectively","Estimated wOBA: 0.290 vs L, 0.266 vs R.","two_sided_opponent_hand_woba_gap_v1",36.4,381,"2026-09-18","2026-09-19 13:56:10 UTC"
"543037","Gerrit Cole","New York Yankees","R","pitcher","L",298,199,0.685922091616042,0.719457735247209,0.292727272727273,0.307525252525253,0.01479797979798,0.666,"Gerrit Cole is limiting left-handed batters more effectively","Estimated wOBA: 0.293 vs L, 0.308 vs R.","two_sided_opponent_hand_woba_gap_v1",36.3,383,"2026-09-18","2026-09-19 13:56:10 UTC"
"689441","Coleman Crow","Milwaukee Brewers","R","pitcher","L",42,43,0.69047619047619,0.864435621100397,0.30952380952381,0.351395348837209,0.041871539313399,0.296,"Coleman Crow is limiting left-handed batters more effectively","Estimated wOBA: 0.310 vs L, 0.351 vs R.","two_sided_opponent_hand_woba_gap_v1",36.3,383,"2026-09-18","2026-09-19 13:56:10 UTC"
"676282","Joey Cantillo","Cleveland Guardians","L","pitcher","L",169,502,0.696225811610427,0.745847575057737,0.309467455621302,0.32748,0.018012544378698,0.628,"Joey Cantillo is limiting left-handed batters more effectively","Estimated wOBA: 0.309 vs L, 0.327 vs R.","two_sided_opponent_hand_woba_gap_v1",36.2,385,"2026-09-18","2026-09-19 13:56:10 UTC"
"669620","Brady Basso","Athletics","L","pitcher","L",66,112,0.752136752136752,0.839285714285714,0.319692307692308,0.354196428571429,0.034504120879121,0.398,"Brady Basso is limiting left-handed batters more effectively","Estimated wOBA: 0.320 vs L, 0.354 vs R.","two_sided_opponent_hand_woba_gap_v1",36.2,385,"2026-09-18","2026-09-19 13:56:10 UTC"
"656848","Michael Petersen","Miami Marlins","R","pitcher","R",154,97,0.610726310726311,0.545088280601967,0.274350649350649,0.245979381443299,0.02837126790735,0.492,"Michael Petersen is limiting right-handed batters more effectively","Estimated wOBA: 0.274 vs L, 0.246 vs R.","two_sided_opponent_hand_woba_gap_v1",36.1,387,"2026-09-18","2026-09-19 13:56:10 UTC"
"664875","Justin Lawrence","Washington Nationals","R","pitcher","R",76,100,0.989741302408564,0.93421686746988,0.425526315789474,0.3938,0.031726315789474,0.432,"Justin Lawrence is limiting right-handed batters more effectively","Estimated wOBA: 0.426 vs L, 0.394 vs R.","two_sided_opponent_hand_woba_gap_v1",36,388,"2026-09-18","2026-09-19 13:56:10 UTC"
"696270","Ryan Johnson","Los Angeles Angels","R","pitcher","R",234,155,0.770226537216828,0.733910533910534,0.334444444444444,0.316038961038961,0.018405483405483,0.608,"Ryan Johnson is limiting right-handed batters more effectively","Estimated wOBA: 0.334 vs L, 0.316 vs R.","two_sided_opponent_hand_woba_gap_v1",35.9,389,"2026-09-18","2026-09-19 13:56:10 UTC"
"691725","Andrew Painter","Philadelphia Phillies","R","pitcher","R",293,215,0.797135024518321,0.754244385230301,0.342302405498282,0.32943661971831,0.012865785779972,0.683,"Andrew Painter is limiting right-handed batters more effectively","Estimated wOBA: 0.342 vs L, 0.329 vs R.","two_sided_opponent_hand_woba_gap_v1",35.7,390,"2026-09-18","2026-09-19 13:56:10 UTC"
"702273","Noah Schultz","Chicago White Sox","L","pitcher","L",65,233,0.656898656898657,0.782585401397283,0.305396825396825,0.339047619047619,0.033650793650794,0.394,"Noah Schultz is limiting left-handed batters more effectively","Estimated wOBA: 0.305 vs L, 0.339 vs R.","two_sided_opponent_hand_woba_gap_v1",35.5,391,"2026-09-18","2026-09-19 13:56:10 UTC"
"640448","Kyle Finnegan","Detroit Tigers","R","pitcher","L",125,147,0.82258187067852,0.875944078418769,0.357235772357724,0.378639455782313,0.021403683424589,0.556,"Kyle Finnegan is limiting left-handed batters more effectively","Estimated wOBA: 0.357 vs L, 0.379 vs R.","two_sided_opponent_hand_woba_gap_v1",35.5,391,"2026-09-18","2026-09-19 13:56:10 UTC"
"687606","Paxton Schultz","Washington Nationals","R","pitcher","L",78,76,0.803093964858671,0.902857142857143,0.348815789473684,0.379866666666667,0.031050877192983,0.432,"Paxton Schultz is limiting left-handed batters more effectively","Estimated wOBA: 0.349 vs L, 0.380 vs R.","two_sided_opponent_hand_woba_gap_v1",35.2,393,"2026-09-18","2026-09-19 13:56:10 UTC"
"663978","Chris Paddack","Texas Rangers","R","pitcher","R",158,109,0.862856626941134,0.830275229357798,0.374423076923077,0.350366972477064,0.024056104446013,0.522,"Chris Paddack is limiting right-handed batters more effectively","Estimated wOBA: 0.374 vs L, 0.350 vs R.","two_sided_opponent_hand_woba_gap_v1",35.1,394,"2026-09-18","2026-09-19 13:56:10 UTC"
"641302","Tyler Alexander","Texas Rangers","L","pitcher","L",125,166,0.621986567691764,0.673018605032374,0.276829268292683,0.297771084337349,0.020941816044666,0.556,"Tyler Alexander is limiting left-handed batters more effectively","Estimated wOBA: 0.277 vs L, 0.298 vs R.","two_sided_opponent_hand_woba_gap_v1",34.9,395,"2026-09-18","2026-09-19 13:56:10 UTC"
"572955","Pierce Johnson","Cincinnati Reds","R","pitcher","R",94,104,0.802628285356696,0.71169269734065,0.337978723404255,0.310388349514563,0.027590373889692,0.485,"Pierce Johnson is limiting right-handed batters more effectively","Estimated wOBA: 0.338 vs L, 0.310 vs R.","two_sided_opponent_hand_woba_gap_v1",34.9,395,"2026-09-18","2026-09-19 13:56:10 UTC"
"676106","Emerson Hancock","Seattle Mariners","R","pitcher","R",324,244,0.69023569023569,0.678688524590164,0.299938271604938,0.291024590163934,0.00891368144100402,0.709,"Emerson Hancock is limiting right-handed batters more effectively","Estimated wOBA: 0.300 vs L, 0.291 vs R.","two_sided_opponent_hand_woba_gap_v1",34.5,397,"2026-09-18","2026-09-19 13:56:10 UTC"
"669165","Kyle Hurt","Los Angeles Dodgers","R","pitcher","L",81,110,0.639612676056338,0.70094696969697,0.283,0.312272727272727,0.029272727272727,0.448,"Kyle Hurt is limiting left-handed batters more effectively","Estimated wOBA: 0.283 vs L, 0.312 vs R.","two_sided_opponent_hand_woba_gap_v1",34.5,397,"2026-09-18","2026-09-19 13:56:10 UTC"
"543243","Sonny Gray","Boston Red Sox","R","pitcher","L",427,237,0.661504787961696,0.682460941954613,0.287929411764706,0.296877637130802,0.00894822536609602,0.703,"Sonny Gray is limiting left-handed batters more effectively","Estimated wOBA: 0.288 vs L, 0.297 vs R.","two_sided_opponent_hand_woba_gap_v1",34.3,399,"2026-09-18","2026-09-19 13:56:10 UTC"
"695684","Elmer Rodríguez","New York Yankees","R","pitcher","R",54,71,0.757199602780536,0.711487676056338,0.352264150943396,0.317605633802817,0.034658517140579,0.351,"Elmer Rodríguez is limiting right-handed batters more effectively","Estimated wOBA: 0.352 vs L, 0.318 vs R.","two_sided_opponent_hand_woba_gap_v1",34.3,399,"2026-09-18","2026-09-19 13:56:10 UTC"
"695243","Mason Miller","San Diego Padres","R","pitcher","R",135,111,0.420915032679739,0.393481717011129,0.203851851851852,0.182342342342342,0.02150950950951,0.526,"Mason Miller is limiting right-handed batters more effectively","Estimated wOBA: 0.204 vs L, 0.182 vs R.","two_sided_opponent_hand_woba_gap_v1",34.2,401,"2026-09-18","2026-09-19 13:56:10 UTC"
"592866","Trevor Williams","Texas Rangers","R","pitcher","R",51,59,0.713725490196078,0.621468926553672,0.30843137254902,0.273050847457627,0.035380525091393,0.338,"Trevor Williams is limiting right-handed batters more effectively","Estimated wOBA: 0.308 vs L, 0.273 vs R.","two_sided_opponent_hand_woba_gap_v1",34.1,402,"2026-09-18","2026-09-19 13:56:10 UTC"
"641927","Bailey Ober","Minnesota Twins","R","pitcher","R",299,227,0.747205387205387,0.710545545650041,0.319259259259259,0.31,0.00925925925925902,0.694,"Bailey Ober is limiting right-handed batters more effectively","Estimated wOBA: 0.319 vs L, 0.310 vs R.","two_sided_opponent_hand_woba_gap_v1",34,403,"2026-09-18","2026-09-19 13:56:10 UTC"
"571945","Miles Mikolas","Washington Nationals","R","pitcher","L",286,214,0.832375032375032,0.870520828441272,0.352692307692308,0.362570093457944,0.00987778576563597,0.682,"Miles Mikolas is limiting left-handed batters more effectively","Estimated wOBA: 0.353 vs L, 0.363 vs R.","two_sided_opponent_hand_woba_gap_v1",34,403,"2026-09-18","2026-09-19 13:56:10 UTC"
"663436","Davis Martin","Chicago White Sox","R","pitcher","R",347,245,0.72917128500702,0.708064988290398,0.317925072046109,0.310040983606557,0.00788408843955196,0.71,"Davis Martin is limiting right-handed batters more effectively","Estimated wOBA: 0.318 vs L, 0.310 vs R.","two_sided_opponent_hand_woba_gap_v1",33.7,405,"2026-09-18","2026-09-19 13:56:10 UTC"
"593974","Wandy Peralta","San Diego Padres","L","pitcher","R",149,160,0.750688061484136,0.7325,0.330952380952381,0.3146875,0.016264880952381,0.598,"Wandy Peralta is limiting right-handed batters more effectively","Estimated wOBA: 0.331 vs L, 0.315 vs R.","two_sided_opponent_hand_woba_gap_v1",33.5,406,"2026-09-18","2026-09-19 13:56:10 UTC"
"686973","Louis Varland","Toronto Blue Jays","R","pitcher","L",167,133,0.479246016323358,0.522305764411028,0.216746987951807,0.234360902255639,0.017613914303832,0.571,"Louis Varland is limiting left-handed batters more effectively","Estimated wOBA: 0.217 vs L, 0.234 vs R.","two_sided_opponent_hand_woba_gap_v1",33.4,407,"2026-09-18","2026-09-19 13:56:10 UTC"
"670329","Rico Garcia","Baltimore Orioles","R","pitcher","L",152,106,0.570447560507107,0.631443298969072,0.250662251655629,0.272211538461538,0.021549286805909,0.515,"Rico Garcia is limiting left-handed batters more effectively","Estimated wOBA: 0.251 vs L, 0.272 vs R.","two_sided_opponent_hand_woba_gap_v1",33.4,407,"2026-09-18","2026-09-19 13:56:10 UTC"
"607067","Colin Rea","Chicago Cubs","R","pitcher","R",342,233,0.755581440496991,0.757892180670228,0.331382352941176,0.323491379310345,0.00789097363083102,0.7,"Colin Rea is limiting right-handed batters more effectively","Estimated wOBA: 0.331 vs L, 0.323 vs R.","two_sided_opponent_hand_woba_gap_v1",33.3,409,"2026-09-18","2026-09-19 13:56:10 UTC"
"607455","Anthony Banda","Minnesota Twins","L","pitcher","L",68,89,0.688111168296449,0.788314606741573,0.31044776119403,0.340568181818182,0.030120420624152,0.405,"Anthony Banda is limiting left-handed batters more effectively","Estimated wOBA: 0.310 vs L, 0.341 vs R.","two_sided_opponent_hand_woba_gap_v1",33.3,409,"2026-09-18","2026-09-19 13:56:10 UTC"
"680736","Justin Wrobleski","Los Angeles Dodgers","L","pitcher","R",150,411,0.708880459099309,0.671112804878049,0.304563758389262,0.289780487804878,0.014783270584384,0.6,"Justin Wrobleski is limiting right-handed batters more effectively","Estimated wOBA: 0.305 vs L, 0.290 vs R.","two_sided_opponent_hand_woba_gap_v1",33.1,411,"2026-09-18","2026-09-19 13:56:10 UTC"
"702056","Trey Yesavage","Toronto Blue Jays","R","pitcher","R",220,166,0.63191003594676,0.613363105462041,0.281689497716895,0.268475609756098,0.013213887960797,0.624,"Trey Yesavage is limiting right-handed batters more effectively","Estimated wOBA: 0.282 vs L, 0.268 vs R.","two_sided_opponent_hand_woba_gap_v1",33.1,411,"2026-09-18","2026-09-19 13:56:10 UTC"
"656794","Sean Newcomb","Chicago White Sox","L","pitcher","R",144,212,0.655664335664336,0.627172195892575,0.294295774647887,0.278056872037915,0.016238902609972,0.59,"Sean Newcomb is limiting right-handed batters more effectively","Estimated wOBA: 0.294 vs L, 0.278 vs R.","two_sided_opponent_hand_woba_gap_v1",32.9,413,"2026-09-18","2026-09-19 13:56:10 UTC"
"668678","Zac Gallen","Arizona Diamondbacks","R","pitcher","R",251,218,0.866533864541833,0.850622119815668,0.369203187250996,0.361203703703704,0.00799948354729196,0.686,"Zac Gallen is limiting right-handed batters more effectively","Estimated wOBA: 0.369 vs L, 0.361 vs R.","two_sided_opponent_hand_woba_gap_v1",32.8,414,"2026-09-18","2026-09-19 13:56:10 UTC"
"687473","Ryan Gusto","Miami Marlins","R","pitcher","L",216,155,0.756013745704467,0.793817204301075,0.327268518518519,0.34141935483871,0.014150836320191,0.608,"Ryan Gusto is limiting left-handed batters more effectively","Estimated wOBA: 0.327 vs L, 0.341 vs R.","two_sided_opponent_hand_woba_gap_v1",32.8,414,"2026-09-18","2026-09-19 13:56:10 UTC"
"643377","Griffin Jax","Tampa Bay Rays","R","pitcher","R",263,170,0.698165432893466,0.662524654832347,0.3,0.288934911242604,0.011065088757396,0.63,"Griffin Jax is limiting right-handed batters more effectively","Estimated wOBA: 0.300 vs L, 0.289 vs R.","two_sided_opponent_hand_woba_gap_v1",32.6,416,"2026-09-18","2026-09-19 13:56:10 UTC"
"660604","Alan Rangel","Philadelphia Phillies","R","pitcher","L",72,51,0.837301587301587,0.914884135472371,0.358333333333333,0.39156862745098,0.033235294117647,0.338,"Alan Rangel is limiting left-handed batters more effectively","Estimated wOBA: 0.358 vs L, 0.392 vs R.","two_sided_opponent_hand_woba_gap_v1",32.6,416,"2026-09-18","2026-09-19 13:56:10 UTC"
"641745","Brad Keller","Philadelphia Phillies","R","pitcher","L",66,69,0.636904761904762,0.738195418419822,0.29,0.319275362318841,0.029275362318841,0.398,"Brad Keller is limiting left-handed batters more effectively","Estimated wOBA: 0.290 vs L, 0.319 vs R.","two_sided_opponent_hand_woba_gap_v1",32.1,418,"2026-09-18","2026-09-19 13:56:10 UTC"
"702752","Jonathan Pintaro","New York Mets","R","pitcher","L",60,65,0.663976522377109,0.780704041720991,0.306379310344828,0.336923076923077,0.030543766578249,0.375,"Jonathan Pintaro is limiting left-handed batters more effectively","Estimated wOBA: 0.306 vs L, 0.337 vs R.","two_sided_opponent_hand_woba_gap_v1",32.1,418,"2026-09-18","2026-09-19 13:56:10 UTC"
"681911","Alex Vesia","Los Angeles Dodgers","L","pitcher","L",100,122,0.501363636363636,0.535831381733021,0.2273,0.248770491803279,0.021470491803279,0.5,"Alex Vesia is limiting left-handed batters more effectively","Estimated wOBA: 0.227 vs L, 0.249 vs R.","two_sided_opponent_hand_woba_gap_v1",32,420,"2026-09-18","2026-09-19 13:56:10 UTC"
"595345","Steven Okert","Houston Astros","L","pitcher","L",126,136,0.540181097906056,0.591218637992832,0.238064516129032,0.254888888888889,0.016824372759857,0.558,"Steven Okert is limiting left-handed batters more effectively","Estimated wOBA: 0.238 vs L, 0.255 vs R.","two_sided_opponent_hand_woba_gap_v1",31.9,421,"2026-09-18","2026-09-19 13:56:10 UTC"
"671737","Taj Bradley","Minnesota Twins","R","pitcher","R",427,297,0.669107981220657,0.659907626450377,0.29406103286385,0.290673400673401,0.00338763219044902,0.748,"Taj Bradley is limiting right-handed batters more effectively","Estimated wOBA: 0.294 vs L, 0.291 vs R.","two_sided_opponent_hand_woba_gap_v1",31.8,422,"2026-09-18","2026-09-19 13:56:10 UTC"
"676974","Max Meyer","Miami Marlins","R","pitcher","R",264,201,0.625329380764163,0.619726775956284,0.279166666666667,0.2717,0.00746666666666701,0.668,"Max Meyer is limiting right-handed batters more effectively","Estimated wOBA: 0.279 vs L, 0.272 vs R.","two_sided_opponent_hand_woba_gap_v1",31.5,423,"2026-09-18","2026-09-19 13:56:10 UTC"
"519242","Chris Sale","Atlanta Braves","L","pitcher","R",162,467,0.59566034651847,0.563513574220212,0.261987577639752,0.25203426124197,0.00995331639778202,0.618,"Chris Sale is limiting right-handed batters more effectively","Estimated wOBA: 0.262 vs L, 0.252 vs R.","two_sided_opponent_hand_woba_gap_v1",31.3,424,"2026-09-18","2026-09-19 13:56:10 UTC"
"675911","Spencer Strider","Atlanta Braves","R","pitcher","L",107,59,0.79754164973588,0.865736124958458,0.336728971962617,0.366440677966102,0.029711706003485,0.371,"Spencer Strider is limiting left-handed batters more effectively","Estimated wOBA: 0.337 vs L, 0.366 vs R.","two_sided_opponent_hand_woba_gap_v1",31.3,424,"2026-09-18","2026-09-19 13:56:10 UTC"
"605400","Aaron Nola","Philadelphia Phillies","R","pitcher","L",437,277,0.778870100151565,0.801818181818182,0.334805491990847,0.338290909090909,0.00348541710006195,0.735,"Aaron Nola is limiting left-handed batters more effectively","Estimated wOBA: 0.335 vs L, 0.338 vs R.","two_sided_opponent_hand_woba_gap_v1",31.2,426,"2026-09-18","2026-09-19 13:56:10 UTC"
"694973","Paul Skenes","Pittsburgh Pirates","R","pitcher","R",404,287,0.678779570410989,0.663615010943255,0.293790523690773,0.290524475524475,0.003266048166298,0.742,"Paul Skenes is limiting right-handed batters more effectively","Estimated wOBA: 0.294 vs L, 0.291 vs R.","two_sided_opponent_hand_woba_gap_v1",31.2,426,"2026-09-18","2026-09-19 13:56:10 UTC"
"702021","Will Dion","Washington Nationals","L","pitcher","R",68,108,0.749758919961427,0.681818181818182,0.322352941176471,0.294537037037037,0.027815904139434,0.405,"Will Dion is limiting right-handed batters more effectively","Estimated wOBA: 0.322 vs L, 0.295 vs R.","two_sided_opponent_hand_woba_gap_v1",31.2,426,"2026-09-18","2026-09-19 13:56:10 UTC"
"676760","Ron Marinaccio","Cincinnati Reds","R","pitcher","L",135,126,0.809963946247132,0.876357560568087,0.356962962962963,0.372301587301587,0.015338624338624,0.558,"Ron Marinaccio is limiting left-handed batters more effectively","Estimated wOBA: 0.357 vs L, 0.372 vs R.","two_sided_opponent_hand_woba_gap_v1",31.1,429,"2026-09-18","2026-09-19 13:56:10 UTC"
"665152","Dean Kremer","Minnesota Twins","R","pitcher","R",197,123,0.795520376265451,0.758237056054771,0.335837563451777,0.319593495934959,0.016244067516818,0.552,"Dean Kremer is limiting right-handed batters more effectively","Estimated wOBA: 0.336 vs L, 0.320 vs R.","two_sided_opponent_hand_woba_gap_v1",31,430,"2026-09-18","2026-09-19 13:56:10 UTC"
"592773","Ryne Stanek","St. Louis Cardinals","R","pitcher","L",119,138,0.696663131271926,0.741690293780539,0.306949152542373,0.323795620437956,0.016846467895583,0.543,"Ryne Stanek is limiting left-handed batters more effectively","Estimated wOBA: 0.307 vs L, 0.324 vs R.","two_sided_opponent_hand_woba_gap_v1",31,430,"2026-09-18","2026-09-19 13:56:10 UTC"
"681892","Kody Funderburk","Minnesota Twins","L","pitcher","L",108,105,0.601643335362142,0.646883289124669,0.274905660377358,0.294519230769231,0.019613570391873,0.512,"Kody Funderburk is limiting left-handed batters more effectively","Estimated wOBA: 0.275 vs L, 0.295 vs R.","two_sided_opponent_hand_woba_gap_v1",30.9,432,"2026-09-18","2026-09-19 13:56:10 UTC"
"596001","Jakob Junis","Texas Rangers","R","pitcher","L",112,106,0.62797619047619,0.655070754716981,0.273333333333333,0.292547169811321,0.019213836477988,0.515,"Jakob Junis is limiting left-handed batters more effectively","Estimated wOBA: 0.273 vs L, 0.293 vs R.","two_sided_opponent_hand_woba_gap_v1",30.8,433,"2026-09-18","2026-09-19 13:56:10 UTC"
"656427","Jack Flaherty","Detroit Tigers","R","pitcher","L",214,174,0.7306840940234,0.767000370782351,0.32122641509434,0.329310344827586,0.00808392973324595,0.635,"Jack Flaherty is limiting left-handed batters more effectively","Estimated wOBA: 0.321 vs L, 0.329 vs R.","two_sided_opponent_hand_woba_gap_v1",30.7,434,"2026-09-18","2026-09-19 13:56:10 UTC"
"663947","Tyler Holton","Detroit Tigers","L","pitcher","L",127,170,0.685592185592186,0.719526627218935,0.300238095238095,0.314437869822485,0.01419977458439,0.559,"Tyler Holton is limiting left-handed batters more effectively","Estimated wOBA: 0.300 vs L, 0.314 vs R.","two_sided_opponent_hand_woba_gap_v1",30.5,435,"2026-09-18","2026-09-19 13:56:10 UTC"
"702474","Mike Paredes","Minnesota Twins","R","pitcher","R",96,58,0.833504492939666,0.777327935222672,0.358,0.328771929824561,0.029228070175439,0.367,"Mike Paredes is limiting right-handed batters more effectively","Estimated wOBA: 0.358 vs L, 0.329 vs R.","two_sided_opponent_hand_woba_gap_v1",30.4,436,"2026-09-18","2026-09-19 13:56:10 UTC"
"687312","Gabriel Hughes","Colorado Rockies","R","pitcher","L",187,96,0.757440573103224,0.801225490196078,0.324510869565217,0.3453125,0.020801630434783,0.49,"Gabriel Hughes is limiting left-handed batters more effectively","Estimated wOBA: 0.325 vs L, 0.345 vs R.","two_sided_opponent_hand_woba_gap_v1",30.3,437,"2026-09-18","2026-09-19 13:56:10 UTC"
"642397","Gregory Soto","Pittsburgh Pirates","L","pitcher","R",96,176,0.658921694480103,0.61128526645768,0.294736842105263,0.274195402298851,0.020541439806412,0.49,"Gregory Soto is limiting right-handed batters more effectively","Estimated wOBA: 0.295 vs L, 0.274 vs R.","two_sided_opponent_hand_woba_gap_v1",30.1,438,"2026-09-18","2026-09-19 13:56:10 UTC"
"670059","Colin Holderman","Cleveland Guardians","R","pitcher","R",115,106,0.541461228148812,0.526190476190476,0.259130434782609,0.240761904761905,0.018368530020704,0.515,"Colin Holderman is limiting right-handed batters more effectively","Estimated wOBA: 0.259 vs L, 0.241 vs R.","two_sided_opponent_hand_woba_gap_v1",30,439,"2026-09-18","2026-09-19 13:56:10 UTC"
"677053","Andrew Nardi","Miami Marlins","L","pitcher","R",48,51,0.811702127659575,0.748508098891731,0.354042553191489,0.322941176470588,0.031101376720901,0.324,"Andrew Nardi is limiting right-handed batters more effectively","Estimated wOBA: 0.354 vs L, 0.323 vs R.","two_sided_opponent_hand_woba_gap_v1",30,439,"2026-09-18","2026-09-19 13:56:10 UTC"
"669022","MacKenzie Gore","Texas Rangers","L","pitcher","R",181,538,0.715959157983076,0.717817164179104,0.316629834254144,0.310859813084112,0.005770021170032,0.644,"MacKenzie Gore is limiting right-handed batters more effectively","Estimated wOBA: 0.317 vs L, 0.311 vs R.","two_sided_opponent_hand_woba_gap_v1",29.4,441,"2026-09-18","2026-09-19 13:56:10 UTC"
"688642","Zach Agnos","Colorado Rockies","R","pitcher","R",192,197,0.817559403946839,0.805404937701892,0.349842931937173,0.344720812182741,0.005122119754432,0.658,"Zach Agnos is limiting right-handed batters more effectively","Estimated wOBA: 0.350 vs L, 0.345 vs R.","two_sided_opponent_hand_woba_gap_v1",29.3,442,"2026-09-18","2026-09-19 13:56:10 UTC"
"664129","Geoff Hartlieb","Athletics","R","pitcher","L",47,53,0.673758865248227,0.786431152147732,0.301702127659574,0.332264150943396,0.030562023283822,0.32,"Geoff Hartlieb is limiting left-handed batters more effectively","Estimated wOBA: 0.302 vs L, 0.332 vs R.","two_sided_opponent_hand_woba_gap_v1",29.3,442,"2026-09-18","2026-09-19 13:56:10 UTC"
"674841","Andrew Alvarez","Washington Nationals","L","pitcher","R",114,315,0.675949582694601,0.623457222183337,0.296228070175439,0.281496815286624,0.014731254888815,0.533,"Andrew Alvarez is limiting right-handed batters more effectively","Estimated wOBA: 0.296 vs L, 0.281 vs R.","two_sided_opponent_hand_woba_gap_v1",29.1,444,"2026-09-18","2026-09-19 13:56:10 UTC"
"669461","Matthew Liberatore","St. Louis Cardinals","L","pitcher","L",167,489,0.797693204195636,0.816766020864382,0.343592814371257,0.35,0.00640718562874298,0.625,"Matthew Liberatore is limiting left-handed batters more effectively","Estimated wOBA: 0.344 vs L, 0.350 vs R.","two_sided_opponent_hand_woba_gap_v1",28.7,445,"2026-09-18","2026-09-19 13:56:10 UTC"
"668941","JoJo Romero","Milwaukee Brewers","L","pitcher","R",87,133,0.752325581395349,0.682588597842835,0.322325581395349,0.302348484848485,0.019977096546864,0.465,"JoJo Romero is limiting right-handed batters more effectively","Estimated wOBA: 0.322 vs L, 0.302 vs R.","two_sided_opponent_hand_woba_gap_v1",28.7,445,"2026-09-18","2026-09-19 13:56:10 UTC"
"694738","Landen Roupp","San Francisco Giants","R","pitcher","R",392,267,0.637448180561953,0.657958801498127,0.289538461538462,0.288913857677903,0.000624603860559014,0.728,"Landen Roupp is limiting right-handed batters more effectively","Estimated wOBA: 0.290 vs L, 0.289 vs R.","two_sided_opponent_hand_woba_gap_v1",28.6,447,"2026-09-18","2026-09-19 13:56:10 UTC"
"621345","A.J. Minter","Minnesota Twins","L","pitcher","R",87,86,0.705331820760068,0.675567039908125,0.302674418604651,0.282705882352941,0.01996853625171,0.462,"A.J. Minter is limiting right-handed batters more effectively","Estimated wOBA: 0.303 vs L, 0.283 vs R.","two_sided_opponent_hand_woba_gap_v1",28.5,448,"2026-09-18","2026-09-19 13:56:10 UTC"
"687273","Quinn Mathews","St. Louis Cardinals","L","pitcher","L",42,120,0.644688644688645,0.703761116096924,0.281904761904762,0.31218487394958,0.030280112044818,0.296,"Quinn Mathews is limiting left-handed batters more effectively","Estimated wOBA: 0.282 vs L, 0.312 vs R.","two_sided_opponent_hand_woba_gap_v1",28.1,449,"2026-09-18","2026-09-19 13:56:10 UTC"
"622554","Seranthony Domínguez","Seattle Mariners","R","pitcher","R",119,129,0.679568797215856,0.669430401078531,0.303305084745763,0.292635658914729,0.010669425831034,0.543,"Seranthony Domínguez is limiting right-handed batters more effectively","Estimated wOBA: 0.303 vs L, 0.293 vs R.","two_sided_opponent_hand_woba_gap_v1",27.7,450,"2026-09-18","2026-09-19 13:56:10 UTC"
"688158","David Morgan","San Diego Padres","R","pitcher","L",60,85,0.771551724137931,0.83531746031746,0.342631578947368,0.367261904761905,0.024630325814537,0.375,"David Morgan is limiting left-handed batters more effectively","Estimated wOBA: 0.343 vs L, 0.367 vs R.","two_sided_opponent_hand_woba_gap_v1",27.7,450,"2026-09-18","2026-09-19 13:56:10 UTC"
"696519","Samy Natera Jr.","Los Angeles Angels","L","pitcher","R",56,76,0.555471124620061,0.544117647058824,0.265714285714286,0.239210526315789,0.026503759398497,0.359,"Samy Natera Jr. is limiting right-handed batters more effectively","Estimated wOBA: 0.266 vs L, 0.239 vs R.","two_sided_opponent_hand_woba_gap_v1",27.6,452,"2026-09-18","2026-09-19 13:56:10 UTC"
"664285","Framber Valdez","Detroit Tigers","L","pitcher","R",171,565,0.720437405731523,0.702284946236559,0.315764705882353,0.311063829787234,0.00470087609511899,0.631,"Framber Valdez is limiting right-handed batters more effectively","Estimated wOBA: 0.316 vs L, 0.311 vs R.","two_sided_opponent_hand_woba_gap_v1",27.5,453,"2026-09-18","2026-09-19 13:56:10 UTC"
"671096","Andrew Abbott","Cincinnati Reds","L","pitcher","L",184,519,0.772184083396898,0.755008289582758,0.325978260869565,0.33,0.00402173913043502,0.648,"Andrew Abbott is limiting left-handed batters more effectively","Estimated wOBA: 0.326 vs L, 0.330 vs R.","two_sided_opponent_hand_woba_gap_v1",27.4,454,"2026-09-18","2026-09-19 13:56:10 UTC"
"687075","Brandon Sproat","Milwaukee Brewers","R","pitcher","L",230,195,0.777647653164324,0.796530920060332,0.344210526315789,0.345487179487179,0.00127665317138997,0.661,"Brandon Sproat is limiting left-handed batters more effectively","Estimated wOBA: 0.344 vs L, 0.345 vs R.","two_sided_opponent_hand_woba_gap_v1",26.3,455,"2026-09-18","2026-09-19 13:56:10 UTC"
"805299","Brandyn Garcia","Arizona Diamondbacks","L","pitcher","R",84,90,0.469228264408987,0.448412698412698,0.22144578313253,0.204111111111111,0.017334672021419,0.457,"Brandyn Garcia is limiting right-handed batters more effectively","Estimated wOBA: 0.221 vs L, 0.204 vs R.","two_sided_opponent_hand_woba_gap_v1",26.3,455,"2026-09-18","2026-09-19 13:56:10 UTC"
"672282","Reid Detmers","Los Angeles Angels","L","pitcher","L",197,500,0.598563447725459,0.615349801833153,0.265918367346939,0.266827309236948,0.000908941890008952,0.663,"Reid Detmers is limiting left-handed batters more effectively","Estimated wOBA: 0.266 vs L, 0.267 vs R.","two_sided_opponent_hand_woba_gap_v1",26,457,"2026-09-18","2026-09-19 13:56:10 UTC"
"686613","Hunter Brown","Houston Astros","R","pitcher","L",240,168,0.649085365853659,0.656999041227229,0.291791666666667,0.295059523809524,0.00326785714285699,0.627,"Hunter Brown is limiting left-handed batters more effectively","Estimated wOBA: 0.292 vs L, 0.295 vs R.","two_sided_opponent_hand_woba_gap_v1",25.8,458,"2026-09-18","2026-09-19 13:56:10 UTC"
"695611","Gage Jump","Athletics","L","pitcher","L",117,321,0.74896466649044,0.78518783852725,0.33,0.33846875,0.00846874999999997,0.539,"Gage Jump is limiting left-handed batters more effectively","Estimated wOBA: 0.330 vs L, 0.338 vs R.","two_sided_opponent_hand_woba_gap_v1",25.7,459,"2026-09-18","2026-09-19 13:56:10 UTC"
"605540","Brandon Woodruff","Milwaukee Brewers","R","pitcher","L",91,83,0.497947835297233,0.545371358853134,0.218241758241758,0.235180722891566,0.016938964649808,0.454,"Brandon Woodruff is limiting left-handed batters more effectively","Estimated wOBA: 0.218 vs L, 0.235 vs R.","two_sided_opponent_hand_woba_gap_v1",25.7,459,"2026-09-18","2026-09-19 13:56:10 UTC"
"685299","Tanner Gordon","Colorado Rockies","R","pitcher","L",253,193,0.916684434093779,0.907746895328208,0.383636363636364,0.383736842105263,0.00010047846889899,0.659,"Tanner Gordon is limiting left-handed batters more effectively","Estimated wOBA: 0.384 vs L, 0.384 vs R.","two_sided_opponent_hand_woba_gap_v1",25.5,461,"2026-09-18","2026-09-19 13:56:10 UTC"
"641941","Emilio Pagán","Cincinnati Reds","R","pitcher","L",87,80,0.668457978802806,0.675,0.277558139534884,0.29475,0.017191860465116,0.444,"Emilio Pagán is limiting left-handed batters more effectively","Estimated wOBA: 0.278 vs L, 0.295 vs R.","two_sided_opponent_hand_woba_gap_v1",25.3,462,"2026-09-18","2026-09-19 13:56:10 UTC"
"677960","Ryan Weathers","New York Yankees","L","pitcher","L",136,432,0.683823529411765,0.699303944315545,0.297720588235294,0.302714617169374,0.00499402893407996,0.576,"Ryan Weathers is limiting left-handed batters more effectively","Estimated wOBA: 0.298 vs L, 0.303 vs R.","two_sided_opponent_hand_woba_gap_v1",25.2,463,"2026-09-18","2026-09-19 13:56:10 UTC"
"605130","Scott Barlow","Athletics","R","pitcher","L",69,83,0.736842105263158,0.793231750531538,0.323478260869565,0.342771084337349,0.019292823467784,0.408,"Scott Barlow is limiting left-handed batters more effectively","Estimated wOBA: 0.323 vs L, 0.343 vs R.","two_sided_opponent_hand_woba_gap_v1",25.2,463,"2026-09-18","2026-09-19 13:56:10 UTC"
"544150","Albert Suárez","Baltimore Orioles","R","pitcher","R",121,127,0.738797482750777,0.712259027966332,0.312727272727273,0.306141732283465,0.00658554044380805,0.548,"Albert Suárez is limiting right-handed batters more effectively","Estimated wOBA: 0.313 vs L, 0.306 vs R.","two_sided_opponent_hand_woba_gap_v1",25,465,"2026-09-18","2026-09-19 13:56:10 UTC"
"663687","Hogan Harris","Athletics","L","pitcher","R",121,176,0.67918142463597,0.680544217687075,0.31,0.303714285714286,0.00628571428571401,0.548,"Hogan Harris is limiting right-handed batters more effectively","Estimated wOBA: 0.310 vs L, 0.304 vs R.","two_sided_opponent_hand_woba_gap_v1",24.7,466,"2026-09-18","2026-09-19 13:56:10 UTC"
"686580","Justin Slaten","Boston Red Sox","R","pitcher","L",71,66,0.726890756302521,0.74367666232073,0.309142857142857,0.328615384615385,0.019472527472528,0.398,"Justin Slaten is limiting left-handed batters more effectively","Estimated wOBA: 0.309 vs L, 0.329 vs R.","two_sided_opponent_hand_woba_gap_v1",24.6,467,"2026-09-18","2026-09-19 13:56:10 UTC"
"660825","Eduard Bazardo","Seattle Mariners","R","pitcher","L",137,140,0.789814814814815,0.829241071428571,0.342296296296296,0.3465,0.00420370370370399,0.578,"Eduard Bazardo is limiting left-handed batters more effectively","Estimated wOBA: 0.342 vs L, 0.346 vs R.","two_sided_opponent_hand_woba_gap_v1",24.4,468,"2026-09-18","2026-09-19 13:56:10 UTC"
"701656","Logan Henderson","Milwaukee Brewers","R","pitcher","R",229,122,0.572786617707058,0.560294526257294,0.245877192982456,0.240327868852459,0.00554932412999701,0.55,"Logan Henderson is limiting right-handed batters more effectively","Estimated wOBA: 0.246 vs L, 0.240 vs R.","two_sided_opponent_hand_woba_gap_v1",24.3,469,"2026-09-18","2026-09-19 13:56:10 UTC"
"681895","Evan Sisk","Pittsburgh Pirates","L","pitcher","L",92,95,0.630242996440179,0.702925531914894,0.301758241758242,0.313085106382979,0.011326864624737,0.479,"Evan Sisk is limiting left-handed batters more effectively","Estimated wOBA: 0.302 vs L, 0.313 vs R.","two_sided_opponent_hand_woba_gap_v1",24.1,470,"2026-09-18","2026-09-19 13:56:10 UTC"
"696070","Kendry Rojas","Minnesota Twins","L","pitcher","L",55,75,0.644204851752022,0.719703574542284,0.304150943396226,0.325405405405405,0.021254462009179,0.355,"Kendry Rojas is limiting left-handed batters more effectively","Estimated wOBA: 0.304 vs L, 0.325 vs R.","two_sided_opponent_hand_woba_gap_v1",24,471,"2026-09-18","2026-09-19 13:56:10 UTC"
"663558","Jovani Morán","Boston Red Sox","L","pitcher","R",109,153,0.616570509789085,0.588223214744083,0.271559633027523,0.264039735099338,0.00751989792818503,0.522,"Jovani Morán is limiting right-handed batters more effectively","Estimated wOBA: 0.272 vs L, 0.264 vs R.","two_sided_opponent_hand_woba_gap_v1",23.7,472,"2026-09-18","2026-09-19 13:56:10 UTC"
"621016","Jose Cuas","Kansas City Royals","R","pitcher","L",41,50,0.6801393728223,0.766363636363636,0.311707317073171,0.337,0.025292682926829,0.291,"Jose Cuas is limiting left-handed batters more effectively","Estimated wOBA: 0.312 vs L, 0.337 vs R.","two_sided_opponent_hand_woba_gap_v1",23.7,472,"2026-09-18","2026-09-19 13:56:10 UTC"
"571948","Hoby Milner","Seattle Mariners","L","pitcher","L",81,83,0.713888888888889,0.765404364569962,0.31125,0.325365853658537,0.014115853658537,0.448,"Hoby Milner is limiting left-handed batters more effectively","Estimated wOBA: 0.311 vs L, 0.325 vs R.","two_sided_opponent_hand_woba_gap_v1",23.3,474,"2026-09-18","2026-09-19 13:56:10 UTC"
"694361","Will Klein","Los Angeles Dodgers","R","pitcher","L",95,94,0.697689345314506,0.712509612919764,0.309677419354839,0.31936170212766,0.00968428277282102,0.485,"Will Klein is limiting left-handed batters more effectively","Estimated wOBA: 0.310 vs L, 0.319 vs R.","two_sided_opponent_hand_woba_gap_v1",23,475,"2026-09-18","2026-09-19 13:56:10 UTC"
"445276","Kenley Jansen","Detroit Tigers","R","pitcher","L",96,77,0.558333333333333,0.625668449197861,0.2575,0.271818181818182,0.014318181818182,0.435,"Kenley Jansen is limiting left-handed batters more effectively","Estimated wOBA: 0.258 vs L, 0.272 vs R.","two_sided_opponent_hand_woba_gap_v1",22.9,476,"2026-09-18","2026-09-19 13:56:10 UTC"
"686930","Mason Barnett","Athletics","R","pitcher","L",115,90,0.892981539533264,0.925108225108225,0.382155172413793,0.391777777777778,0.00962260536398502,0.474,"Mason Barnett is limiting left-handed batters more effectively","Estimated wOBA: 0.382 vs L, 0.392 vs R.","two_sided_opponent_hand_woba_gap_v1",22.4,477,"2026-09-18","2026-09-19 13:56:10 UTC"
"680744","Ty Madden","Detroit Tigers","R","pitcher","L",89,79,0.578304896656957,0.613045007032349,0.257078651685393,0.269493670886076,0.012415019200683,0.441,"Ty Madden is limiting left-handed batters more effectively","Estimated wOBA: 0.257 vs L, 0.269 vs R.","two_sided_opponent_hand_woba_gap_v1",22.3,478,"2026-09-18","2026-09-19 13:56:10 UTC"
"676742","Cam Sanders","Baltimore Orioles","R","pitcher","R",67,56,0.678451178451178,0.618012422360248,0.313484848484848,0.295357142857143,0.018127705627705,0.359,"Cam Sanders is limiting right-handed batters more effectively","Estimated wOBA: 0.313 vs L, 0.295 vs R.","two_sided_opponent_hand_woba_gap_v1",21.7,479,"2026-09-18","2026-09-19 13:56:10 UTC"
"607192","Tyler Glasnow","Los Angeles Dodgers","R","pitcher","R",166,97,0.562484420440382,0.558836996336996,0.249518072289157,0.242395833333333,0.00712223895582401,0.492,"Tyler Glasnow is limiting right-handed batters more effectively","Estimated wOBA: 0.250 vs L, 0.242 vs R.","two_sided_opponent_hand_woba_gap_v1",21.5,480,"2026-09-18","2026-09-19 13:56:10 UTC"
"606996","Kyle Hart","San Diego Padres","L","pitcher","R",121,138,0.665303959421606,0.633628101203635,0.28563025210084,0.282898550724638,0.00273170137620199,0.548,"Kyle Hart is limiting right-handed batters more effectively","Estimated wOBA: 0.286 vs L, 0.283 vs R.","two_sided_opponent_hand_woba_gap_v1",21.4,481,"2026-09-18","2026-09-19 13:56:10 UTC"
"676263","Jack Dreyer","Los Angeles Dodgers","L","pitcher","R",108,133,0.619047619047619,0.628195488721804,0.274857142857143,0.270152671755725,0.00470447110141803,0.519,"Jack Dreyer is limiting right-handed batters more effectively","Estimated wOBA: 0.275 vs L, 0.270 vs R.","two_sided_opponent_hand_woba_gap_v1",21.3,482,"2026-09-18","2026-09-19 13:56:10 UTC"
"683627","Anthony Molina","San Francisco Giants","R","pitcher","R",63,51,0.689196108550947,0.62233589087809,0.292539682539683,0.273333333333333,0.01920634920635,0.338,"Anthony Molina is limiting right-handed batters more effectively","Estimated wOBA: 0.293 vs L, 0.273 vs R.","two_sided_opponent_hand_woba_gap_v1",21.3,482,"2026-09-18","2026-09-19 13:56:10 UTC"
"656464","Kevin Ginkel","Arizona Diamondbacks","R","pitcher","R",149,109,0.643923999187157,0.651552575864502,0.280202702702703,0.275504587155963,0.00469811554673999,0.522,"Kevin Ginkel is limiting right-handed batters more effectively","Estimated wOBA: 0.280 vs L, 0.276 vs R.","two_sided_opponent_hand_woba_gap_v1",21.2,484,"2026-09-18","2026-09-19 13:56:10 UTC"
"677020","Josh Walker","Baltimore Orioles","L","pitcher","R",55,60,0.59965034965035,0.549685534591195,0.263818181818182,0.2465,0.017318181818182,0.355,"Josh Walker is limiting right-handed batters more effectively","Estimated wOBA: 0.264 vs L, 0.246 vs R.","two_sided_opponent_hand_woba_gap_v1",21,485,"2026-09-18","2026-09-19 13:56:10 UTC"
"805326","Tyler Schweitzer","Chicago White Sox","L","pitcher","L",63,92,0.678787878787879,0.74447391688771,0.304285714285714,0.318901098901099,0.014615384615385,0.387,"Tyler Schweitzer is limiting left-handed batters more effectively","Estimated wOBA: 0.304 vs L, 0.319 vs R.","two_sided_opponent_hand_woba_gap_v1",20.7,486,"2026-09-18","2026-09-19 13:56:10 UTC"
"573204","Caleb Thielbar","Chicago Cubs","L","pitcher","R",84,112,0.782217477504957,0.7625,0.332650602409639,0.325045045045045,0.00760555736459401,0.457,"Caleb Thielbar is limiting right-handed batters more effectively","Estimated wOBA: 0.333 vs L, 0.325 vs R.","two_sided_opponent_hand_woba_gap_v1",20.1,487,"2026-09-18","2026-09-19 13:56:10 UTC"
"552640","Andrew Kittredge","Baltimore Orioles","R","pitcher","L",108,101,0.746030305779875,0.730250684642932,0.315420560747664,0.31970297029703,0.00428240954936598,0.502,"Andrew Kittredge is limiting left-handed batters more effectively","Estimated wOBA: 0.315 vs L, 0.320 vs R.","two_sided_opponent_hand_woba_gap_v1",19.7,488,"2026-09-18","2026-09-19 13:56:10 UTC"
"579328","Yusei Kikuchi","Los Angeles Angels","L","pitcher","L",69,190,0.76231884057971,0.811617458279846,0.334492753623188,0.344105263157895,0.00961250953470705,0.408,"Yusei Kikuchi is limiting left-handed batters more effectively","Estimated wOBA: 0.334 vs L, 0.344 vs R.","two_sided_opponent_hand_woba_gap_v1",19,489,"2026-09-18","2026-09-19 13:56:10 UTC"
"663423","Trent Thornton","Chicago Cubs","R","pitcher","L",79,116,0.709594569803706,0.737571780147662,0.309620253164557,0.316228070175439,0.00660781701088203,0.441,"Trent Thornton is limiting left-handed batters more effectively","Estimated wOBA: 0.310 vs L, 0.316 vs R.","two_sided_opponent_hand_woba_gap_v1",18.5,490,"2026-09-18","2026-09-19 13:56:10 UTC"
"621121","Lance McCullers Jr.","Milwaukee Brewers","R","pitcher","R",119,77,0.823529411764706,0.794405594405594,0.355042016806723,0.348181818181818,0.006860198624905,0.435,"Lance McCullers Jr. is limiting right-handed batters more effectively","Estimated wOBA: 0.355 vs L, 0.348 vs R.","two_sided_opponent_hand_woba_gap_v1",18.3,491,"2026-09-18","2026-09-19 13:56:10 UTC"
"669713","Hayden Wesneski","Houston Astros","R","pitcher","L",116,82,0.642725752508361,0.657547791694133,0.281304347826087,0.286951219512195,0.005646871686108,0.451,"Hayden Wesneski is limiting left-handed batters more effectively","Estimated wOBA: 0.281 vs L, 0.287 vs R.","two_sided_opponent_hand_woba_gap_v1",18.3,491,"2026-09-18","2026-09-19 13:56:10 UTC"
"628452","Raisel Iglesias","Atlanta Braves","R","pitcher","R",129,100,0.641065728617028,0.623333333333333,0.278294573643411,0.2756,0.00269457364341097,0.5,"Raisel Iglesias is limiting right-handed batters more effectively","Estimated wOBA: 0.278 vs L, 0.276 vs R.","two_sided_opponent_hand_woba_gap_v1",18,493,"2026-09-18","2026-09-19 13:56:10 UTC"
"676477","Garrett Whitlock","Boston Red Sox","R","pitcher","R",104,85,0.498116574147502,0.498677248677249,0.220192307692308,0.215357142857143,0.004835164835165,0.459,"Garrett Whitlock is limiting right-handed batters more effectively","Estimated wOBA: 0.220 vs L, 0.215 vs R.","two_sided_opponent_hand_woba_gap_v1",18,493,"2026-09-18","2026-09-19 13:56:10 UTC"
"805427","Drew Sommers","Detroit Tigers","L","pitcher","L",82,78,0.598927875243665,0.607524828113063,0.268518518518519,0.274675324675325,0.00615680615680603,0.438,"Drew Sommers is limiting left-handed batters more effectively","Estimated wOBA: 0.269 vs L, 0.275 vs R.","two_sided_opponent_hand_woba_gap_v1",17.8,495,"2026-09-18","2026-09-19 13:56:10 UTC"
"686751","Seth Johnson","Athletics","R","pitcher","R",66,68,0.838212634822804,0.8062435500516,0.361363636363636,0.352941176470588,0.00842245989304802,0.398,"Seth Johnson is limiting right-handed batters more effectively","Estimated wOBA: 0.361 vs L, 0.353 vs R.","two_sided_opponent_hand_woba_gap_v1",17.6,496,"2026-09-18","2026-09-19 13:56:10 UTC"
"683352","Mitch Bratt","Arizona Diamondbacks","L","pitcher","L",53,140,0.771274547554871,0.760869565217391,0.327169811320755,0.339202898550725,0.01203308722997,0.346,"Mitch Bratt is limiting left-handed batters more effectively","Estimated wOBA: 0.327 vs L, 0.339 vs R.","two_sided_opponent_hand_woba_gap_v1",17.5,497,"2026-09-18","2026-09-19 13:56:10 UTC"
"663568","Stephen Kolek","Kansas City Royals","R","pitcher","L",126,99,0.756132756132756,0.746464646464646,0.321666666666667,0.322727272727273,0.00106060606060598,0.497,"Stephen Kolek is limiting left-handed batters more effectively","Estimated wOBA: 0.322 vs L, 0.323 vs R.","two_sided_opponent_hand_woba_gap_v1",17,498,"2026-09-18","2026-09-19 13:56:10 UTC"
"663460","Kris Bubic","Los Angeles Dodgers","L","pitcher","R",52,163,0.641025641025641,0.61529881161783,0.2875,0.277484662576687,0.010015337423313,0.342,"Kris Bubic is limiting right-handed batters more effectively","Estimated wOBA: 0.287 vs L, 0.277 vs R.","two_sided_opponent_hand_woba_gap_v1",16.4,499,"2026-09-18","2026-09-19 13:56:10 UTC"
"668881","Hunter Greene","Cincinnati Reds","R","pitcher","L",74,47,0.712384025816862,0.775145067698259,0.312567567567568,0.325106382978723,0.012538815411155,0.32,"Hunter Greene is limiting left-handed batters more effectively","Estimated wOBA: 0.313 vs L, 0.325 vs R.","two_sided_opponent_hand_woba_gap_v1",16.3,500,"2026-09-18","2026-09-19 13:56:10 UTC"
"700363","AJ Smith-Shawver","Atlanta Braves","R","pitcher","L",72,53,0.828853046594982,0.844025157232704,0.356527777777778,0.366415094339623,0.00988731656184499,0.346,"AJ Smith-Shawver is limiting left-handed batters more effectively","Estimated wOBA: 0.357 vs L, 0.366 vs R.","two_sided_opponent_hand_woba_gap_v1",16.3,500,"2026-09-18","2026-09-19 13:56:10 UTC"
"694346","Trey Gibson","Baltimore Orioles","R","pitcher","L",94,68,0.854255319148936,0.89144385026738,0.375,0.380441176470588,0.00544117647058801,0.405,"Trey Gibson is limiting left-handed batters more effectively","Estimated wOBA: 0.375 vs L, 0.380 vs R.","two_sided_opponent_hand_woba_gap_v1",15.8,502,"2026-09-18","2026-09-19 13:56:10 UTC"
"642207","Devin Williams","New York Mets","R","pitcher","L",96,83,0.747368421052632,0.740853658536585,0.328421052631579,0.330121951219512,0.00170089858793299,0.454,"Devin Williams is limiting left-handed batters more effectively","Estimated wOBA: 0.328 vs L, 0.330 vs R.","two_sided_opponent_hand_woba_gap_v1",15.1,503,"2026-09-18","2026-09-19 13:56:10 UTC"
"681867","Cooper Criswell","Seattle Mariners","R","pitcher","R",79,72,0.703282828282828,0.650252525252525,0.297012987012987,0.292777777777778,0.00423520923520898,0.419,"Cooper Criswell is limiting right-handed batters more effectively","Estimated wOBA: 0.297 vs L, 0.293 vs R.","two_sided_opponent_hand_woba_gap_v1",15,504,"2026-09-18","2026-09-19 13:56:10 UTC"
"547973","Aroldis Chapman","Boston Red Sox","L","pitcher","R",64,146,0.579365079365079,0.583554376657825,0.266666666666667,0.261379310344828,0.00528735632183902,0.39,"Aroldis Chapman is limiting right-handed batters more effectively","Estimated wOBA: 0.267 vs L, 0.261 vs R.","two_sided_opponent_hand_woba_gap_v1",14.7,505,"2026-09-18","2026-09-19 13:56:10 UTC"
"690978","Dax Fulton","Miami Marlins","L","pitcher","R",41,69,0.640602582496413,0.606976172930484,0.288292682926829,0.277971014492754,0.010321668434075,0.291,"Dax Fulton is limiting right-handed batters more effectively","Estimated wOBA: 0.288 vs L, 0.278 vs R.","two_sided_opponent_hand_woba_gap_v1",14.1,506,"2026-09-18","2026-09-19 13:56:10 UTC"
"695380","Alex Hoppe","Baltimore Orioles","R","pitcher","L",101,80,0.679411764705882,0.726666666666667,0.3091,0.310125,0.001025,0.444,"Alex Hoppe is limiting left-handed batters more effectively","Estimated wOBA: 0.309 vs L, 0.310 vs R.","two_sided_opponent_hand_woba_gap_v1",14,507,"2026-09-18","2026-09-19 13:56:10 UTC"
"607481","Aaron Bummer","Kansas City Royals","L","pitcher","R",44,44,1.09428032683847,1.08476658476658,0.454186046511628,0.445681818181818,0.00850422832981002,0.306,"Aaron Bummer is limiting right-handed batters more effectively","Estimated wOBA: 0.454 vs L, 0.446 vs R.","two_sided_opponent_hand_woba_gap_v1",13.5,508,"2026-09-18","2026-09-19 13:56:10 UTC"
"671936","Adam Macko","Texas Rangers","L","pitcher","L",73,61,0.812644889357218,0.879886506935687,0.36027397260274,0.364833333333333,0.00455936073059299,0.379,"Adam Macko is limiting left-handed batters more effectively","Estimated wOBA: 0.360 vs L, 0.365 vs R.","two_sided_opponent_hand_woba_gap_v1",13.4,509,"2026-09-18","2026-09-19 13:56:10 UTC"
"682989","Victor Mederos","Atlanta Braves","R","pitcher","L",69,64,0.645563310069791,0.663377192982456,0.289558823529412,0.29375,0.00419117647058803,0.39,"Victor Mederos is limiting left-handed batters more effectively","Estimated wOBA: 0.290 vs L, 0.294 vs R.","two_sided_opponent_hand_woba_gap_v1",13.3,510,"2026-09-18","2026-09-19 13:56:10 UTC"
"683175","Connor Phillips","Cincinnati Reds","R","pitcher","L",77,56,0.735930735930736,0.761363636363636,0.341038961038961,0.343035714285714,0.00199675324675302,0.359,"Connor Phillips is limiting left-handed batters more effectively","Estimated wOBA: 0.341 vs L, 0.343 vs R.","two_sided_opponent_hand_woba_gap_v1",10.5,511,"2026-09-18","2026-09-19 13:56:10 UTC"
"691946","George Klassen","Los Angeles Angels","R","pitcher","R",75,51,0.700512820512821,0.635706914344685,0.312133333333333,0.308627450980392,0.00350588235294097,0.338,"George Klassen is limiting right-handed batters more effectively","Estimated wOBA: 0.312 vs L, 0.309 vs R.","two_sided_opponent_hand_woba_gap_v1",10.5,511,"2026-09-18","2026-09-19 13:56:10 UTC"
"623465","Evan Phillips","Los Angeles Dodgers","R","pitcher","L",41,49,0.728580362726704,0.76530612244898,0.31219512195122,0.317551020408163,0.00535589845694301,0.291,"Evan Phillips is limiting left-handed batters more effectively","Estimated wOBA: 0.312 vs L, 0.318 vs R.","two_sided_opponent_hand_woba_gap_v1",10.1,513,"2026-09-18","2026-09-19 13:56:10 UTC"
"476594","Robert Stock","New York Mets","R","pitcher","L",96,52,0.786764705882353,0.767482517482518,0.347083333333333,0.348653846153846,0.00157051282051296,0.342,"Robert Stock is limiting left-handed batters more effectively","Estimated wOBA: 0.347 vs L, 0.349 vs R.","two_sided_opponent_hand_woba_gap_v1",9.3,514,"2026-09-18","2026-09-19 13:56:10 UTC"
"675989","Cody Bolton","Houston Astros","R","pitcher","R",52,43,0.806372549019608,0.878212974296206,0.367450980392157,0.364418604651163,0.00303237574099402,0.301,"Cody Bolton is limiting right-handed batters more effectively","Estimated wOBA: 0.367 vs L, 0.364 vs R.","two_sided_opponent_hand_woba_gap_v1",8.2,515,"2026-09-18","2026-09-19 13:56:10 UTC"
"641312","Shaun Anderson","Los Angeles Angels","R","pitcher","R",51,42,0.868372093023256,0.852130325814536,0.3762,0.373571428571429,0.00262857142857098,0.296,"Shaun Anderson is limiting right-handed batters more effectively","Estimated wOBA: 0.376 vs L, 0.374 vs R.","two_sided_opponent_hand_woba_gap_v1",7.6,516,"2026-09-18","2026-09-19 13:56:10 UTC"
"683742","Jose Franco","Cincinnati Reds","R","pitcher","R",49,43,0.812755102040816,0.848837209302326,0.358775510204082,0.357209302325581,0.00156620787850098,0.301,"Jose Franco is limiting right-handed batters more effectively","Estimated wOBA: 0.359 vs L, 0.357 vs R.","two_sided_opponent_hand_woba_gap_v1",7.3,517,"2026-09-18","2026-09-19 13:56:10 UTC"
