"player_id","player_name","team","hand","first_game","last_game","pa","ab","hits","singles","doubles","triples","home_runs","walks","intentional_walks","hit_by_pitch","strikeouts","sacrifice_flies","total_bases","batted_balls","hard_hit","barrel_proxy","ground_balls","line_drives","fly_balls","popups","pulled_batted_balls","average_exit_velocity","average_launch_angle","run_value_total","run_value_opportunities","batting_average","on_base_percentage","slugging_percentage","ops","isolated_power","strikeout_rate","walk_rate","hard_hit_rate","barrel_proxy_rate","ground_ball_rate","line_drive_rate","fly_ball_rate","pull_rate","woba_estimate","run_value_per_pa","pa_reliability","bbe_reliability","sample_label","perspective","woba_method","summary_method","discipline_pitches","swing_rate","zone_rate","source_through","generated_at_utc","race_score","race_rank","race_label"
694819,"Jacob Misiorowski","Milwaukee Brewers","R","2026-03-26","2026-09-15",637,584,93,69,8,2,14,42,0,9,243,1,147,342,113,12,153,75,84,30,126,86.605,12.6627565982405,-42.9227449465808,637,0.159246575342466,0.226415094339623,0.251712328767123,0.478127423106746,0.0924657534246575,0.381475667189953,0.0659340659340659,0.330409356725146,0.0350877192982456,0.447368421052632,0.219298245614035,0.245614035087719,0.368421052631579,0.215974842767296,-0.0673826451280704,0.864,0.872,"strong","pitcher","fixed_linear_weights_v1","sabrhood_player_summary_v1",2534,0.512628255722178,0.502367797947908,"2026-09-19","2026-09-20 14:10:26 UTC",95.5,1,"descriptive_run_prevention_not_award_prediction"
695243,"Mason Miller","San Diego Padres","R","2026-03-28","2026-09-19",252,227,33,28,2,0,3,22,0,2,123,1,44,104,30,5,50,22,27,5,51,85.9788461538461,10.0576923076923,-22.2080197689362,252,0.145374449339207,0.226190476190476,0.193832599118943,0.420023075309419,0.0484581497797357,0.488095238095238,0.0873015873015873,0.288461538461538,0.0480769230769231,0.480769230769231,0.211538461538462,0.259615384615385,0.490384615384615,0.1975,-0.0881270625751437,0.716,0.675,"strong","pitcher","fixed_linear_weights_v1","sabrhood_player_summary_v1",1083,0.472760849492151,0.450600184672207,"2026-09-19","2026-09-20 14:10:26 UTC",95.2,2,"descriptive_run_prevention_not_award_prediction"
656302,"Dylan Cease","Toronto Blue Jays","R","2026-03-28","2026-09-18",689,603,108,76,21,0,11,78,0,3,239,4,162,365,115,19,155,86,84,40,172,85.3842975206612,13.3994490358127,-30.3076611050941,689,0.17910447761194,0.274709302325581,0.26865671641791,0.543366018743492,0.0895522388059702,0.346879535558781,0.113207547169811,0.315068493150685,0.0520547945205479,0.424657534246575,0.235616438356164,0.23013698630137,0.471232876712329,0.248561046511628,-0.0439878971046358,0.873,0.88,"strong","pitcher","fixed_linear_weights_v1","sabrhood_player_summary_v1",2893,0.458693397856896,0.424818527480124,"2026-09-19","2026-09-20 14:10:26 UTC",93,3,"descriptive_run_prevention_not_award_prediction"
623352,"Josh Hader","Houston Astros","L","2026-06-03","2026-09-17",158,147,17,12,4,0,1,11,0,0,55,0,24,92,30,6,36,13,27,16,39,86.245652173913,21.25,-16.9908664668302,158,0.115646258503401,0.177215189873418,0.163265306122449,0.340480495995867,0.0476190476190476,0.348101265822785,0.069620253164557,0.326086956521739,0.0652173913043478,0.391304347826087,0.141304347826087,0.293478260869565,0.423913043478261,0.158987341772152,-0.1075371295369,0.612,0.648,"moderate","pitcher","fixed_linear_weights_v1","sabrhood_player_summary_v1",632,0.544303797468354,0.460443037974684,"2026-09-19","2026-09-20 14:10:26 UTC",92.4,4,"descriptive_run_prevention_not_award_prediction"
805299,"Brandyn Garcia","Arizona Diamondbacks","L","2026-05-01","2026-09-19",179,162,26,21,3,0,2,10,0,6,56,0,35,106,33,5,64,14,19,9,46,86.3037735849057,0.509433962264151,-16.9177701455218,179,0.160493827160494,0.235955056179775,0.216049382716049,0.452004438895825,0.0555555555555556,0.312849162011173,0.0558659217877095,0.311320754716981,0.0471698113207547,0.60377358490566,0.132075471698113,0.179245283018868,0.433962264150943,0.210337078651685,-0.0945126823772168,0.642,0.679,"moderate","pitcher","fixed_linear_weights_v1","sabrhood_player_summary_v1",658,0.440729483282675,0.527355623100304,"2026-09-19","2026-09-20 14:10:26 UTC",92.3,5,"descriptive_run_prevention_not_award_prediction"
605483,"Blake Snell","Los Angeles Dodgers","L","2026-05-09","2026-09-16",159,140,26,21,5,0,0,16,0,1,52,1,31,88,14,2,40,15,20,13,38,81.7647727272727,16.2272727272727,-11.2229139325604,159,0.185714285714286,0.272151898734177,0.221428571428571,0.493580470162749,0.0357142857142857,0.327044025157233,0.10062893081761,0.159090909090909,0.0227272727272727,0.454545454545455,0.170454545454545,0.227272727272727,0.431818181818182,0.230632911392405,-0.0705843643557258,0.614,0.638,"moderate","pitcher","fixed_linear_weights_v1","sabrhood_player_summary_v1",664,0.495481927710843,0.412650602409639,"2026-09-19","2026-09-20 14:10:26 UTC",92.3,5,"descriptive_run_prevention_not_award_prediction"
670970,"Adrian Morejon","San Diego Padres","L","2026-03-27","2026-09-19",334,306,63,50,9,0,4,21,2,5,103,2,84,204,65,5,121,45,31,7,88,86.3206896551724,0.556650246305419,-8.30942509636568,334,0.205882352941176,0.266467065868263,0.274509803921569,0.540976869789832,0.0686274509803922,0.308383233532934,0.062874251497006,0.318627450980392,0.0245098039215686,0.593137254901961,0.220588235294118,0.151960784313725,0.431372549019608,0.240692771084337,-0.0248785182525918,0.77,0.803,"strong","pitcher","fixed_linear_weights_v1","sabrhood_player_summary_v1",1280,0.5234375,0.490625,"2026-09-19","2026-09-20 14:10:26 UTC",91.7,7,"descriptive_run_prevention_not_award_prediction"
683618,"Edgardo Henriquez","Los Angeles Dodgers","R","2026-03-27","2026-09-13",242,209,37,27,8,1,1,25,0,6,71,0,50,140,38,3,61,27,33,19,70,82.5157142857143,14.6071428571429,-8.06291839467709,242,0.177033492822967,0.283333333333333,0.239234449760766,0.522567783094099,0.062200956937799,0.293388429752066,0.103305785123967,0.271428571428571,0.0214285714285714,0.435714285714286,0.192857142857143,0.235714285714286,0.5,0.245083333333333,-0.0333178446061037,0.708,0.737,"moderate","pitcher","fixed_linear_weights_v1","sabrhood_player_summary_v1",968,0.490702479338843,0.446280991735537,"2026-09-19","2026-09-20 14:10:26 UTC",90.7,8,"descriptive_run_prevention_not_award_prediction"
686973,"Louis Varland","Toronto Blue Jays","R","2026-03-27","2026-09-16",300,275,54,44,8,0,2,21,0,0,95,3,68,183,67,7,101,40,34,8,67,86.1989071038251,4.07103825136612,-24.9761386465341,300,0.196363636363636,0.250836120401338,0.247272727272727,0.498108847674065,0.0509090909090909,0.316666666666667,0.07,0.366120218579235,0.0382513661202186,0.551912568306011,0.218579234972678,0.185792349726776,0.366120218579235,0.224581939799331,-0.0832537954884469,0.75,0.785,"strong","pitcher","fixed_linear_weights_v1","sabrhood_player_summary_v1",1209,0.518610421836228,0.468155500413565,"2026-09-19","2026-09-20 14:10:26 UTC",90.6,9,"descriptive_run_prevention_not_award_prediction"
676477,"Garrett Whitlock","Boston Red Sox","R","2026-03-26","2026-09-19",194,183,37,28,6,0,3,8,0,0,59,2,52,127,43,5,50,27,36,14,57,87.436220472441,16.2992125984252,-10.6621132691793,194,0.202185792349727,0.233160621761658,0.284153005464481,0.517313627226139,0.0819672131147541,0.304123711340206,0.0412371134020619,0.338582677165354,0.0393700787401575,0.393700787401575,0.21259842519685,0.283464566929134,0.448818897637795,0.226062176165803,-0.054959346748347,0.66,0.718,"moderate","pitcher","fixed_linear_weights_v1","sabrhood_player_summary_v1",723,0.575380359612725,0.500691562932227,"2026-09-19","2026-09-20 14:10:26 UTC",90.3,10,"descriptive_run_prevention_not_award_prediction"
681911,"Alex Vesia","Los Angeles Dodgers","L","2026-03-27","2026-09-19",225,196,30,19,6,1,4,28,0,0,69,1,50,127,44,8,38,25,49,15,48,87.5661417322835,21.3779527559055,-13.2585164296865,225,0.153061224489796,0.257777777777778,0.255102040816327,0.512879818594104,0.102040816326531,0.306666666666667,0.124444444444444,0.346456692913386,0.062992125984252,0.299212598425197,0.196850393700787,0.385826771653543,0.377952755905512,0.235911111111111,-0.0589267396874957,0.692,0.718,"moderate","pitcher","fixed_linear_weights_v1","sabrhood_player_summary_v1",968,0.480371900826446,0.457644628099174,"2026-09-19","2026-09-20 14:10:26 UTC",90.1,11,"descriptive_run_prevention_not_award_prediction"
660271,"Shohei Ohtani","Los Angeles Dodgers","R","2026-03-31","2026-07-03",340,305,55,38,13,0,4,26,0,6,95,2,80,213,72,8,111,40,43,19,101,86.8910798122066,10.6807511737089,-23.2585748668018,340,0.180327868852459,0.256637168141593,0.262295081967213,0.518932250108806,0.0819672131147541,0.279411764705882,0.0764705882352941,0.338028169014085,0.0375586854460094,0.52112676056338,0.187793427230047,0.2018779342723,0.474178403755869,0.235575221238938,-0.0684075731376524,0.773,0.81,"strong","pitcher","fixed_linear_weights_v1","sabrhood_player_summary_v1",1335,0.474906367041198,0.502621722846442,"2026-09-19","2026-09-20 14:10:26 UTC",90,12,"descriptive_run_prevention_not_award_prediction"
693645,"Cam Schlittler","New York Yankees","R","2026-03-27","2026-09-19",747,684,126,81,26,3,16,47,0,6,234,4,206,459,176,33,201,100,118,39,174,87.5120350109409,12.9150326797386,-39.3892493596394,747,0.184210526315789,0.241565452091768,0.301169590643275,0.542735042735043,0.116959064327485,0.313253012048193,0.0629183400267738,0.383442265795207,0.0718954248366013,0.437908496732026,0.217864923747277,0.257080610021787,0.379084967320261,0.239014844804319,-0.0527299188214718,0.882,0.902,"strong","pitcher","fixed_linear_weights_v1","sabrhood_player_summary_v1",2971,0.519690339952878,0.490407270279367,"2026-09-19","2026-09-20 14:10:26 UTC",89.6,13,"descriptive_run_prevention_not_award_prediction"
669622,"Anthony Bender","Miami Marlins","R","2026-03-27","2026-06-27",139,124,21,16,4,0,1,11,0,3,41,1,28,84,28,6,37,17,27,3,36,88.4369047619048,12.1547619047619,-5.56341497881049,139,0.169354838709677,0.251798561151079,0.225806451612903,0.477605012763982,0.0564516129032258,0.294964028776978,0.079136690647482,0.333333333333333,0.0714285714285714,0.44047619047619,0.202380952380952,0.321428571428571,0.428571428571429,0.22158273381295,-0.0400245681928812,0.582,0.627,"moderate","pitcher","fixed_linear_weights_v1","sabrhood_player_summary_v1",539,0.402597402597403,0.545454545454545,"2026-09-19","2026-09-20 14:10:26 UTC",89.4,14,"descriptive_run_prevention_not_award_prediction"
696146,"Hagen Smith","Chicago White Sox","L","2026-08-09","2026-09-18",95,82,9,6,2,0,1,13,0,0,37,0,14,45,16,1,19,14,8,4,25,87.8659090909091,10.6888888888889,-11.5042039166461,95,0.109756097560976,0.231578947368421,0.170731707317073,0.402310654685494,0.0609756097560976,0.389473684210526,0.136842105263158,0.355555555555556,0.0222222222222222,0.422222222222222,0.311111111111111,0.177777777777778,0.555555555555556,0.197263157894737,-0.121096883333117,0.487,0.474,"developing","pitcher","fixed_linear_weights_v1","sabrhood_player_summary_v1",400,0.4325,0.445,"2026-09-19","2026-09-20 14:10:26 UTC",89.2,15,"descriptive_run_prevention_not_award_prediction"
800311,"Didier Fuentes","Atlanta Braves","R","2026-03-29","2026-09-18",288,261,55,42,8,0,5,20,1,2,91,3,78,174,57,10,69,45,46,14,70,86.4595375722543,14.4797687861272,-18.5592538623554,288,0.210727969348659,0.269230769230769,0.298850574712644,0.568081343943413,0.0881226053639847,0.315972222222222,0.0694444444444444,0.327586206896552,0.0574712643678161,0.396551724137931,0.258620689655172,0.264367816091954,0.402298850574713,0.25080701754386,-0.0644418536887339,0.742,0.777,"strong","pitcher","fixed_linear_weights_v1","sabrhood_player_summary_v1",1183,0.525781910397295,0.506339814032122,"2026-09-19","2026-09-20 14:10:26 UTC",89,16,"descriptive_run_prevention_not_award_prediction"
666661,"Juan Morillo","Arizona Diamondbacks","R","2026-03-26","2026-09-19",250,220,41,28,9,1,3,22,0,4,71,3,61,153,49,6,79,30,32,12,62,85.7013245033113,9.21854304635762,-10.9491665911667,250,0.186363636363636,0.269076305220884,0.277272727272727,0.546349032493611,0.0909090909090909,0.284,0.088,0.320261437908497,0.0392156862745098,0.516339869281046,0.196078431372549,0.209150326797386,0.405228758169935,0.246787148594378,-0.0437966663646669,0.714,0.754,"strong","pitcher","fixed_linear_weights_v1","sabrhood_player_summary_v1",999,0.491491491491492,0.467467467467467,"2026-09-19","2026-09-20 14:10:26 UTC",88.4,17,"descriptive_run_prevention_not_award_prediction"
519242,"Chris Sale","Atlanta Braves","L","2026-03-27","2026-09-11",629,581,125,94,21,1,9,31,0,14,190,2,175,392,138,21,176,99,93,24,169,87.6566326530612,11.2295918367347,-34.7925069464743,629,0.215146299483649,0.270700636942675,0.301204819277108,0.571905456219784,0.0860585197934596,0.302066772655008,0.0492845786963434,0.352040816326531,0.0535714285714286,0.448979591836735,0.252551020408163,0.237244897959184,0.431122448979592,0.254585987261147,-0.0553140015047287,0.863,0.887,"strong","pitcher","fixed_linear_weights_v1","sabrhood_player_summary_v1",2477,0.504642712959225,0.494953572870408,"2026-09-19","2026-09-20 14:10:26 UTC",88.3,18,"descriptive_run_prevention_not_award_prediction"
669276,"Dylan Lee","Atlanta Braves","L","2026-03-27","2026-09-19",255,235,47,29,11,4,3,16,0,0,76,2,75,163,53,9,53,42,56,12,84,85.9950920245399,18.6319018404908,-8.57165025994796,255,0.2,0.24901185770751,0.319148936170213,0.568160793877723,0.119148936170213,0.298039215686275,0.0627450980392157,0.325153374233129,0.0552147239263804,0.325153374233129,0.257668711656442,0.343558282208589,0.515337423312883,0.246916996047431,-0.033614314744894,0.718,0.765,"strong","pitcher","fixed_linear_weights_v1","sabrhood_player_summary_v1",1031,0.528612997090204,0.49078564500485,"2026-09-19","2026-09-20 14:10:26 UTC",88.3,18,"descriptive_run_prevention_not_award_prediction"
608331,"Max Fried","New York Yankees","L","2026-03-25","2026-09-15",408,370,73,55,12,2,4,31,0,2,100,3,101,274,81,7,132,50,71,21,111,85.0989010989011,9.80586080586081,-22.1780243284182,408,0.197297297297297,0.261083743842365,0.272972972972973,0.534056716815338,0.0756756756756757,0.245098039215686,0.0759803921568627,0.295620437956204,0.0255474452554745,0.481751824817518,0.182481751824818,0.259124087591241,0.405109489051095,0.239581280788177,-0.0543579027657309,0.803,0.846,"strong","pitcher","fixed_linear_weights_v1","sabrhood_player_summary_v1",1599,0.460913070669168,0.467166979362101,"2026-09-19","2026-09-20 14:10:26 UTC",87.9,20,"descriptive_run_prevention_not_award_prediction"
650960,"Daniel Duarte","New York Mets","R","2026-05-19","2026-09-15",113,105,17,12,2,0,3,7,0,1,30,0,28,74,18,5,23,19,23,9,28,82.4756756756757,20.5945945945946,-5.91165264831981,113,0.161904761904762,0.221238938053097,0.266666666666667,0.487905604719764,0.104761904761905,0.265486725663717,0.0619469026548673,0.243243243243243,0.0675675675675676,0.310810810810811,0.256756756756757,0.310810810810811,0.378378378378378,0.21787610619469,-0.0523155101621222,0.531,0.597,"moderate","pitcher","fixed_linear_weights_v1","sabrhood_player_summary_v1",463,0.526997840172786,0.481641468682505,"2026-09-19","2026-09-20 14:10:26 UTC",87.9,20,"descriptive_run_prevention_not_award_prediction"
808967,"Yoshinobu Yamamoto","Los Angeles Dodgers","R","2026-03-26","2026-09-15",682,633,114,73,21,1,19,40,0,6,178,3,194,457,165,27,220,99,106,32,234,87.0673245614035,8.80482456140351,-36.4080411556291,682,0.180094786729858,0.234604105571848,0.306477093206951,0.541081198778799,0.126382306477093,0.26099706744868,0.0586510263929619,0.361050328227571,0.0590809628008753,0.481400437636761,0.216630196936543,0.231947483588621,0.512035010940919,0.237463343108504,-0.0533842245683711,0.872,0.901,"strong","pitcher","fixed_linear_weights_v1","sabrhood_player_summary_v1",2646,0.493197278911565,0.482237339380197,"2026-09-19","2026-09-20 14:10:26 UTC",87.6,22,"descriptive_run_prevention_not_award_prediction"
656641,"Jacob Latz","Texas Rangers","L","2026-03-28","2026-09-19",258,236,34,15,14,0,5,19,3,0,78,2,63,161,65,15,61,32,46,22,79,87.724375,20.06875,-12.3963822230973,258,0.144067796610169,0.206225680933852,0.266949152542373,0.473174833476225,0.122881355932203,0.302325581395349,0.0736434108527132,0.403726708074534,0.093167701863354,0.37888198757764,0.198757763975155,0.285714285714286,0.490683229813665,0.203346456692913,-0.0480479931127801,0.721,0.763,"strong","pitcher","fixed_linear_weights_v1","sabrhood_player_summary_v1",1091,0.526122823098075,0.473877176901925,"2026-09-19","2026-09-20 14:10:26 UTC",87.3,23,"descriptive_run_prevention_not_award_prediction"
656945,"Tanner Scott","Los Angeles Dodgers","L","2026-03-26","2026-09-18",236,222,48,30,14,0,4,10,0,1,77,1,74,148,50,9,60,35,42,11,61,87.5297297297297,14.1756756756757,-8.48871738812858,236,0.216216216216216,0.252136752136752,0.333333333333333,0.585470085470085,0.117117117117117,0.326271186440678,0.0423728813559322,0.337837837837838,0.0608108108108108,0.405405405405405,0.236486486486486,0.283783783783784,0.412162162162162,0.253931623931624,-0.0359691414751211,0.702,0.747,"moderate","pitcher","fixed_linear_weights_v1","sabrhood_player_summary_v1",914,0.563457330415755,0.5,"2026-09-19","2026-09-20 14:10:26 UTC",87.3,23,"descriptive_run_prevention_not_award_prediction"
682842,"Abner Uribe","Milwaukee Brewers","R","2026-03-28","2026-09-19",225,203,40,34,3,0,3,18,1,1,60,1,52,146,50,1,79,28,28,11,78,86.9186206896552,7.87586206896552,-17.7205096042718,225,0.197044334975369,0.26457399103139,0.25615763546798,0.52073162649937,0.0591133004926108,0.266666666666667,0.08,0.342465753424658,0.00684931506849315,0.541095890410959,0.191780821917808,0.191780821917808,0.534246575342466,0.234774774774775,-0.0787578204634303,0.692,0.745,"moderate","pitcher","fixed_linear_weights_v1","sabrhood_player_summary_v1",893,0.428891377379619,0.481522956326988,"2026-09-19","2026-09-20 14:10:26 UTC",87.3,23,"descriptive_run_prevention_not_award_prediction"
681870,"Erik Sabrowski","Cleveland Guardians","L","2026-03-26","2026-09-16",189,156,25,15,5,2,3,27,0,2,70,3,43,90,31,6,18,24,34,14,28,88.7943820224719,27.0561797752809,-5.79856359658722,189,0.16025641025641,0.287234042553192,0.275641025641026,0.562875068194217,0.115384615384615,0.37037037037037,0.142857142857143,0.344444444444444,0.0666666666666667,0.2,0.266666666666667,0.377777777777778,0.311111111111111,0.258617021276596,-0.0306802306697737,0.654,0.643,"moderate","pitcher","fixed_linear_weights_v1","sabrhood_player_summary_v1",774,0.465116279069767,0.457364341085271,"2026-09-19","2026-09-20 14:10:26 UTC",87.1,26,"descriptive_run_prevention_not_award_prediction"
656876,"Drew Rasmussen","Tampa Bay Rays","R","2026-03-26","2026-09-17",646,607,124,92,17,1,14,29,0,7,163,3,185,446,152,24,202,110,103,31,217,87.7354260089686,12.1726457399103,-29.4755713204362,646,0.204283360790774,0.247678018575851,0.304777594728171,0.552455613304023,0.100494233937397,0.252321981424149,0.0448916408668731,0.340807174887892,0.0538116591928251,0.452914798206278,0.246636771300448,0.230941704035874,0.486547085201794,0.242708978328173,-0.0456278193814801,0.866,0.899,"strong","pitcher","fixed_linear_weights_v1","sabrhood_player_summary_v1",2545,0.502554027504912,0.498624754420432,"2026-09-19","2026-09-20 14:10:26 UTC",87,27,"descriptive_run_prevention_not_award_prediction"
605540,"Brandon Woodruff","Milwaukee Brewers","R","2026-03-31","2026-07-04",174,162,28,17,6,0,5,9,0,1,47,2,49,116,40,9,32,24,49,11,46,89.4474137931035,23.3448275862069,-6.68033998611762,174,0.172839506172839,0.218390804597701,0.302469135802469,0.52085994040017,0.12962962962963,0.270114942528736,0.0517241379310345,0.344827586206897,0.0775862068965517,0.275862068965517,0.206896551724138,0.422413793103448,0.396551724137931,0.22632183908046,-0.0383927585409058,0.635,0.699,"moderate","pitcher","fixed_linear_weights_v1","sabrhood_player_summary_v1",638,0.510971786833856,0.526645768025078,"2026-09-19","2026-09-20 14:10:26 UTC",87,27,"descriptive_run_prevention_not_award_prediction"
641329,"Bryan Baker","Tampa Bay Rays","R","2026-03-28","2026-09-19",235,211,34,20,9,1,4,20,0,2,62,1,57,151,54,11,61,35,39,16,70,86.0470198675497,17.6754966887417,-19.4613614177746,235,0.161137440758294,0.239316239316239,0.270142180094787,0.509458419411026,0.109004739336493,0.263829787234043,0.0851063829787234,0.357615894039735,0.0728476821192053,0.403973509933775,0.231788079470199,0.258278145695364,0.463576158940397,0.229059829059829,-0.082814303905424,0.701,0.751,"moderate","pitcher","fixed_linear_weights_v1","sabrhood_player_summary_v1",946,0.525369978858351,0.488372093023256,"2026-09-19","2026-09-20 14:10:26 UTC",86.8,29,"descriptive_run_prevention_not_award_prediction"
666200,"Jesús Luzardo","Philadelphia Phillies","L","2026-03-29","2026-09-07",730,660,141,96,29,1,15,52,0,11,221,3,217,443,147,26,221,98,99,25,208,86.5104545454546,8.75227272727273,-23.7016033838014,730,0.213636363636364,0.28099173553719,0.328787878787879,0.609779614325069,0.115151515151515,0.302739726027397,0.0712328767123288,0.331828442437923,0.0586907449209932,0.498871331828442,0.221218961625282,0.223476297968397,0.469525959367946,0.269903581267218,-0.0324679498408238,0.88,0.899,"strong","pitcher","fixed_linear_weights_v1","sabrhood_player_summary_v1",2860,0.462937062937063,0.465384615384615,"2026-09-19","2026-09-20 14:10:26 UTC",86.7,30,"descriptive_run_prevention_not_award_prediction"
682254,"Mason Montgomery","Pittsburgh Pirates","L","2026-03-26","2026-09-19",261,235,41,28,8,0,5,24,0,1,98,1,64,138,56,9,74,28,26,10,60,86.8804347826087,8.79710144927536,-17.6517813346671,261,0.174468085106383,0.252873563218391,0.272340425531915,0.525213988750306,0.0978723404255319,0.375478927203065,0.0919540229885057,0.405797101449275,0.0652173913043478,0.536231884057971,0.202898550724638,0.188405797101449,0.434782608695652,0.237126436781609,-0.0676313461098356,0.723,0.734,"strong","pitcher","fixed_linear_weights_v1","sabrhood_player_summary_v1",1107,0.492321589882565,0.492321589882565,"2026-09-19","2026-09-20 14:10:26 UTC",86.7,30,"descriptive_run_prevention_not_award_prediction"
701656,"Logan Henderson","Milwaukee Brewers","R","2026-04-04","2026-09-16",351,333,60,33,12,1,14,16,0,1,107,0,116,225,86,21,72,57,69,27,105,87.7186666666667,20.3244444444444,-20.8730334746291,351,0.18018018018018,0.22,0.348348348348348,0.568348348348348,0.168168168168168,0.304843304843305,0.0455840455840456,0.382222222222222,0.0933333333333333,0.32,0.253333333333333,0.306666666666667,0.466666666666667,0.243942857142857,-0.0594673318365503,0.778,0.818,"strong","pitcher","fixed_linear_weights_v1","sabrhood_player_summary_v1",1418,0.535966149506347,0.541607898448519,"2026-09-19","2026-09-20 14:10:26 UTC",86.5,32,"descriptive_run_prevention_not_award_prediction"
670280,"David Bednar","New York Yankees","R","2026-03-27","2026-09-16",267,244,51,38,7,2,4,17,1,2,74,4,74,174,60,8,88,32,36,18,91,86.0114942528736,8,-9.3451130817682,267,0.209016393442623,0.262172284644195,0.30327868852459,0.565450973168785,0.0942622950819672,0.277153558052434,0.0636704119850187,0.344827586206897,0.0459770114942529,0.505747126436782,0.183908045977011,0.206896551724138,0.522988505747126,0.247218045112782,-0.0350004235272217,0.728,0.777,"strong","pitcher","fixed_linear_weights_v1","sabrhood_player_summary_v1",1099,0.536851683348499,0.456778889899909,"2026-09-19","2026-09-20 14:10:26 UTC",86.4,33,"descriptive_run_prevention_not_award_prediction"
669084,"DL Hall","Milwaukee Brewers","L","2026-03-26","2026-09-18",221,185,28,19,4,0,5,33,0,1,59,1,47,128,41,6,58,25,35,10,52,86.7385826771654,10.2913385826772,-13.6975646213791,221,0.151351351351351,0.281818181818182,0.254054054054054,0.535872235872236,0.102702702702703,0.266968325791855,0.149321266968326,0.3203125,0.046875,0.453125,0.1953125,0.2734375,0.40625,0.251,-0.0619799304134801,0.688,0.719,"moderate","pitcher","fixed_linear_weights_v1","sabrhood_player_summary_v1",917,0.423118865866957,0.47546346782988,"2026-09-19","2026-09-20 14:10:26 UTC",86.4,33,"descriptive_run_prevention_not_award_prediction"
696519,"Samy Natera Jr.","Los Angeles Angels","L","2026-06-06","2026-09-11",132,115,22,15,6,0,1,13,0,2,48,2,31,68,24,5,15,21,25,7,29,87.2191176470588,25.8235294117647,-3.52200197100703,132,0.191304347826087,0.28030303030303,0.269565217391304,0.549868247694335,0.0782608695652174,0.363636363636364,0.0984848484848485,0.352941176470588,0.0735294117647059,0.220588235294118,0.308823529411765,0.367647058823529,0.426470588235294,0.250454545454545,-0.0266818331136896,0.569,0.576,"moderate","pitcher","fixed_linear_weights_v1","sabrhood_player_summary_v1",580,0.477586206896552,0.489655172413793,"2026-09-19","2026-09-20 14:10:26 UTC",86.4,33,"descriptive_run_prevention_not_award_prediction"
642048,"Tayler Saucedo","Los Angeles Angels","L","2026-05-03","2026-09-19",81,73,15,12,2,0,1,5,0,2,24,1,20,50,15,4,19,11,15,5,27,86.728,14.68,-7.31119809505943,81,0.205479452054795,0.271604938271605,0.273972602739726,0.545577541011331,0.0684931506849315,0.296296296296296,0.0617283950617284,0.3,0.08,0.38,0.22,0.3,0.54,0.246172839506173,-0.0902617048772769,0.448,0.5,"developing","pitcher","fixed_linear_weights_v1","sabrhood_player_summary_v1",313,0.472843450479233,0.44408945686901,"2026-09-19","2026-09-20 14:10:26 UTC",86,36,"descriptive_run_prevention_not_award_prediction"
670990,"Yohan Ramírez","Pittsburgh Pirates","R","2026-03-26","2026-09-18",339,291,55,35,16,0,4,36,2,12,95,0,83,195,59,10,97,48,37,13,99,83.9394871794872,8.6974358974359,-11.9188668968906,339,0.189003436426117,0.303834808259587,0.285223367697594,0.589058175957182,0.0962199312714777,0.28023598820059,0.106194690265487,0.302564102564103,0.0512820512820513,0.497435897435897,0.246153846153846,0.18974358974359,0.507692307692308,0.269376854599407,-0.0351588994008573,0.772,0.796,"strong","pitcher","fixed_linear_weights_v1","sabrhood_player_summary_v1",1340,0.444029850746269,0.467164179104478,"2026-09-19","2026-09-20 14:10:26 UTC",85.8,37,"descriptive_run_prevention_not_award_prediction"
607192,"Tyler Glasnow","Los Angeles Dodgers","R","2026-03-28","2026-09-18",263,236,42,25,9,1,7,22,0,1,87,3,74,153,60,12,63,37,44,9,69,90.0202614379085,15.7385620915033,-7.24237356237138,263,0.177966101694915,0.248091603053435,0.313559322033898,0.561650925087333,0.135593220338983,0.330798479087452,0.0836501901140684,0.392156862745098,0.0784313725490196,0.411764705882353,0.241830065359477,0.287581699346405,0.450980392156863,0.246908396946565,-0.0275375420622486,0.725,0.754,"strong","pitcher","fixed_linear_weights_v1","sabrhood_player_summary_v1",1058,0.424385633270321,0.459357277882798,"2026-09-19","2026-09-20 14:10:26 UTC",85.5,38,"descriptive_run_prevention_not_award_prediction"
656730,"Trevor Megill","Milwaukee Brewers","R","2026-03-29","2026-09-18",230,212,39,29,9,0,1,12,0,1,66,3,51,150,62,10,54,35,46,15,55,88.6758389261745,17.1266666666667,-6.96906316588813,230,0.183962264150943,0.228070175438596,0.240566037735849,0.468636213174446,0.0566037735849057,0.28695652173913,0.0521739130434783,0.413333333333333,0.0666666666666667,0.36,0.233333333333333,0.306666666666667,0.366666666666667,0.209166666666667,-0.0303002746342962,0.697,0.75,"moderate","pitcher","fixed_linear_weights_v1","sabrhood_player_summary_v1",843,0.537366548042705,0.504151838671412,"2026-09-19","2026-09-20 14:10:26 UTC",85.5,38,"descriptive_run_prevention_not_award_prediction"
669373,"Tarik Skubal","Los Angeles Dodgers","L","2026-03-26","2026-09-19",598,560,123,81,25,3,14,27,0,5,176,1,196,389,138,26,176,93,95,25,175,85.9015424164524,10.6760925449871,-27.0218263310482,598,0.219642857142857,0.261382799325464,0.35,0.611382799325464,0.130357142857143,0.294314381270903,0.0451505016722408,0.354755784061697,0.0668380462724936,0.452442159383033,0.239074550128535,0.244215938303342,0.44987146529563,0.26531197301855,-0.0451870005535923,0.857,0.886,"strong","pitcher","fixed_linear_weights_v1","sabrhood_player_summary_v1",2281,0.53266111354669,0.492327926348093,"2026-09-19","2026-09-20 14:10:26 UTC",85.2,40,"descriptive_run_prevention_not_award_prediction"
673513,"Yuki Matsui","San Diego Padres","L","2026-05-08","2026-09-19",251,213,35,20,8,0,7,32,0,2,66,5,64,148,43,12,52,25,43,28,69,84.9802721088435,23.6394557823129,-21.6798932987334,251,0.164319248826291,0.273809523809524,0.300469483568075,0.574279007377599,0.136150234741784,0.262948207171315,0.127490039840637,0.290540540540541,0.0810810810810811,0.351351351351351,0.168918918918919,0.290540540540541,0.466216216216216,0.258373015873016,-0.0863740768873842,0.715,0.747,"strong","pitcher","fixed_linear_weights_v1","sabrhood_player_summary_v1",1042,0.469289827255278,0.422264875239923,"2026-09-19","2026-09-20 14:10:26 UTC",85.2,40,"descriptive_run_prevention_not_award_prediction"
805427,"Drew Sommers","Detroit Tigers","L","2026-05-28","2026-09-18",160,144,33,28,2,0,3,11,0,3,58,0,44,87,24,4,55,17,12,3,30,82.5413793103448,0.0919540229885057,1.23347241065069,160,0.229166666666667,0.29746835443038,0.305555555555556,0.603023909985935,0.0763888888888889,0.3625,0.06875,0.275862068965517,0.0459770114942529,0.632183908045977,0.195402298850575,0.137931034482759,0.344827586206897,0.271518987341772,0.0077092025665668,0.615,0.635,"moderate","pitcher","fixed_linear_weights_v1","sabrhood_player_summary_v1",613,0.502446982055465,0.504078303425775,"2026-09-19","2026-09-20 14:10:26 UTC",85.2,40,"descriptive_run_prevention_not_award_prediction"
661395,"Jhoan Duran","Philadelphia Phillies","R","2026-03-26","2026-09-17",224,212,48,41,4,1,2,8,0,4,79,0,60,133,53,5,79,28,16,10,63,89.1572519083969,2.41984732824427,-13.3833063461387,224,0.226415094339623,0.267857142857143,0.283018867924528,0.550876010781671,0.0566037735849056,0.352678571428571,0.0357142857142857,0.398496240601504,0.037593984962406,0.593984962406015,0.210526315789474,0.120300751879699,0.473684210526316,0.245625,-0.0597469033309765,0.691,0.727,"moderate","pitcher","fixed_linear_weights_v1","sabrhood_player_summary_v1",896,0.527901785714286,0.464285714285714,"2026-09-19","2026-09-20 14:10:26 UTC",85.1,43,"descriptive_run_prevention_not_award_prediction"
669093,"Jeremiah Estrada","San Diego Padres","R","2026-03-27","2026-08-24",126,109,20,15,3,0,2,16,0,0,38,0,29,72,24,5,27,20,19,6,30,83.3138888888889,14.6527777777778,-2.75878253470818,126,0.18348623853211,0.288,0.26605504587156,0.55405504587156,0.0825688073394495,0.301587301587302,0.126984126984127,0.333333333333333,0.0694444444444444,0.375,0.277777777777778,0.263888888888889,0.416666666666667,0.25584,-0.0218950994818109,0.558,0.59,"moderate","pitcher","fixed_linear_weights_v1","sabrhood_player_summary_v1",512,0.46875,0.412109375,"2026-09-19","2026-09-20 14:10:26 UTC",85.1,43,"descriptive_run_prevention_not_award_prediction"
669330,"Tyler Wells","Tampa Bay Rays","R","2026-03-26","2026-09-12",276,251,47,28,10,1,8,17,0,2,72,4,83,185,61,12,51,43,61,30,78,86.792972972973,25.6594594594595,-13.6597475026511,276,0.187250996015936,0.240875912408759,0.330677290836653,0.571553203245412,0.143426294820717,0.260869565217391,0.0615942028985507,0.32972972972973,0.0648648648648649,0.275675675675676,0.232432432432432,0.32972972972973,0.421621621621622,0.247627737226277,-0.0494918387777212,0.734,0.787,"strong","pitcher","fixed_linear_weights_v1","sabrhood_player_summary_v1",1068,0.523408239700375,0.502808988764045,"2026-09-19","2026-09-20 14:10:26 UTC",84.9,45,"descriptive_run_prevention_not_award_prediction"
669062,"Erik Miller","Boston Red Sox","L","2026-03-27","2026-09-18",216,178,35,26,6,0,3,31,1,4,73,1,50,107,28,6,58,25,17,7,42,81.6190476190476,3.52380952380952,-3.76401387308031,216,0.196629213483146,0.327102803738318,0.280898876404494,0.608001680142812,0.0842696629213483,0.337962962962963,0.143518518518519,0.261682242990654,0.0560747663551402,0.542056074766355,0.233644859813084,0.158878504672897,0.392523364485981,0.281361502347418,-0.0174259901531496,0.684,0.682,"moderate","pitcher","fixed_linear_weights_v1","sabrhood_player_summary_v1",940,0.402127659574468,0.412765957446808,"2026-09-19","2026-09-20 14:10:26 UTC",84.7,46,"descriptive_run_prevention_not_award_prediction"
601713,"Nick Pivetta","San Diego Padres","R","2026-03-26","2026-09-18",120,113,23,16,5,0,2,7,0,0,35,0,34,78,28,7,27,16,26,9,36,88.5474358974359,20.8461538461538,-4.20113746705507,120,0.20353982300885,0.25,0.300884955752212,0.550884955752212,0.0973451327433628,0.291666666666667,0.0583333333333333,0.358974358974359,0.0897435897435897,0.346153846153846,0.205128205128205,0.333333333333333,0.461538461538462,0.24275,-0.0350094788921256,0.545,0.609,"moderate","pitcher","fixed_linear_weights_v1","sabrhood_player_summary_v1",487,0.478439425051335,0.509240246406571,"2026-09-19","2026-09-20 14:10:26 UTC",84.7,46,"descriptive_run_prevention_not_award_prediction"
592155,"Cam Booser","Tampa Bay Rays","L","2026-06-02","2026-09-19",144,136,24,15,4,0,5,6,0,0,42,2,43,95,37,7,29,20,33,13,39,87.7574468085106,22.3578947368421,-12.1431473256243,144,0.176470588235294,0.208333333333333,0.316176470588235,0.524509803921569,0.139705882352941,0.291666666666667,0.0416666666666667,0.389473684210526,0.0736842105263158,0.305263157894737,0.210526315789474,0.347368421052632,0.410526315789474,0.224652777777778,-0.0843274119835021,0.59,0.655,"moderate","pitcher","fixed_linear_weights_v1","sabrhood_player_summary_v1",537,0.5512104283054,0.513966480446927,"2026-09-19","2026-09-20 14:10:26 UTC",84.6,48,"descriptive_run_prevention_not_award_prediction"
699134,"Bradgley Rodriguez","San Diego Padres","R","2026-03-26","2026-09-19",283,262,56,35,13,2,6,18,1,0,76,1,91,189,56,9,96,33,47,13,101,86.0595744680851,9.18617021276596,-2.94523013346412,283,0.213740458015267,0.263345195729537,0.347328244274809,0.610673440004347,0.133587786259542,0.268551236749117,0.0636042402826855,0.296296296296296,0.0476190476190476,0.507936507936508,0.174603174603175,0.248677248677249,0.534391534391534,0.263678571428571,-0.010407173616481,0.739,0.791,"strong","pitcher","fixed_linear_weights_v1","sabrhood_player_summary_v1",1105,0.518552036199095,0.495927601809955,"2026-09-19","2026-09-20 14:10:26 UTC",84.3,49,"descriptive_run_prevention_not_award_prediction"
671922,"Cade Smith","Cleveland Guardians","R","2026-03-26","2026-09-18",281,250,47,32,10,0,5,22,1,4,100,4,72,155,68,13,62,34,47,12,65,91.6529411764706,13.9607843137255,-16.7412660297335,281,0.188,0.260714285714286,0.288,0.548714285714286,0.1,0.355871886120996,0.0782918149466192,0.438709677419355,0.0838709677419355,0.4,0.219354838709677,0.303225806451613,0.419354838709677,0.243655913978495,-0.0595774591805464,0.738,0.756,"strong","pitcher","fixed_linear_weights_v1","sabrhood_player_summary_v1",1182,0.493231810490694,0.488155668358714,"2026-09-19","2026-09-20 14:10:26 UTC",84.1,50,"descriptive_run_prevention_not_award_prediction"
595345,"Steven Okert","Houston Astros","L","2026-03-27","2026-08-31",262,238,45,29,7,2,7,14,0,4,68,3,77,175,62,11,49,36,62,28,72,86.4942196531792,25.7861271676301,-14.5735954749706,262,0.189075630252101,0.243243243243243,0.323529411764706,0.566772655007949,0.134453781512605,0.259541984732824,0.0534351145038168,0.354285714285714,0.0628571428571429,0.28,0.205714285714286,0.354285714285714,0.411428571428571,0.246833976833977,-0.0556244102098113,0.724,0.778,"strong","pitcher","fixed_linear_weights_v1","sabrhood_player_summary_v1",1050,0.5,0.511428571428571,"2026-09-19","2026-09-20 14:10:26 UTC",83.9,51,"descriptive_run_prevention_not_award_prediction"
663558,"Jovani Morán","Boston Red Sox","L","2026-03-29","2026-09-15",262,226,39,23,6,1,9,30,0,2,69,2,74,161,47,11,66,31,48,16,68,84.7308176100629,16.3081761006289,-7.2492467580002,262,0.172566371681416,0.273076923076923,0.327433628318584,0.600510551395507,0.154867256637168,0.263358778625954,0.114503816793893,0.291925465838509,0.0683229813664596,0.409937888198758,0.192546583850932,0.298136645962733,0.422360248447205,0.267192307692308,-0.0276688807557259,0.724,0.763,"strong","pitcher","fixed_linear_weights_v1","sabrhood_player_summary_v1",1028,0.459143968871595,0.468871595330739,"2026-09-19","2026-09-20 14:10:26 UTC",83.6,52,"descriptive_run_prevention_not_award_prediction"
800048,"Parker Messick","Cleveland Guardians","L","2026-03-30","2026-09-16",711,655,138,88,28,5,17,46,1,4,186,3,227,474,160,25,213,104,105,52,200,86.3281183932347,13.9492600422833,-34.8135409274884,711,0.210687022900763,0.265536723163842,0.346564885496183,0.612101608660025,0.13587786259542,0.261603375527426,0.0646976090014065,0.337552742616034,0.0527426160337553,0.449367088607595,0.219409282700422,0.221518987341772,0.421940928270042,0.265997171145686,-0.0489641925843718,0.877,0.905,"strong","pitcher","fixed_linear_weights_v1","sabrhood_player_summary_v1",2788,0.484218077474892,0.474533715925395,"2026-09-19","2026-09-20 14:10:26 UTC",83.5,53,"descriptive_run_prevention_not_award_prediction"
596133,"Luke Weaver","Pittsburgh Pirates","R","2026-03-28","2026-09-19",229,209,41,27,8,1,5,14,0,3,60,2,66,152,53,12,58,34,46,14,61,87.3401315789474,18.0986842105263,-8.84838971873911,229,0.196172248803828,0.254385964912281,0.315789473684211,0.570175438596491,0.119617224880383,0.262008733624454,0.0611353711790393,0.348684210526316,0.0789473684210526,0.381578947368421,0.223684210526316,0.302631578947368,0.401315789473684,0.250482456140351,-0.0386392564137079,0.696,0.752,"moderate","pitcher","fixed_linear_weights_v1","sabrhood_player_summary_v1",869,0.533947065592635,0.491369390103567,"2026-09-19","2026-09-20 14:10:26 UTC",83.4,54,"descriptive_run_prevention_not_award_prediction"
805345,"Trent Harris","San Francisco Giants","R","2026-08-08","2026-09-16",77,70,15,9,5,1,0,7,0,0,25,0,22,45,10,0,25,12,5,3,28,83.3333333333333,7.26666666666667,-4.06752578944592,77,0.214285714285714,0.285714285714286,0.314285714285714,0.6,0.1,0.324675324675325,0.0909090909090909,0.222222222222222,0,0.555555555555556,0.266666666666667,0.111111111111111,0.622222222222222,0.266363636363636,-0.0528250102525445,0.435,0.474,"developing","pitcher","fixed_linear_weights_v1","sabrhood_player_summary_v1",304,0.417763157894737,0.526315789473684,"2026-09-19","2026-09-20 14:10:26 UTC",83.4,54,"descriptive_run_prevention_not_award_prediction"
547973,"Aroldis Chapman","Boston Red Sox","L","2026-03-26","2026-09-13",210,184,35,22,9,1,3,23,0,1,68,0,55,118,45,8,57,20,33,8,61,85.8822033898305,11.0423728813559,-10.2492759256585,210,0.190217391304348,0.283653846153846,0.298913043478261,0.582566889632107,0.108695652173913,0.323809523809524,0.10952380952381,0.38135593220339,0.0677966101694915,0.483050847457627,0.169491525423729,0.279661016949153,0.516949152542373,0.262980769230769,-0.0488060758364692,0.677,0.702,"moderate","pitcher","fixed_linear_weights_v1","sabrhood_player_summary_v1",829,0.516284680337756,0.490952955367913,"2026-09-19","2026-09-20 14:10:26 UTC",83.1,56,"descriptive_run_prevention_not_award_prediction"
554430,"Zack Wheeler","Philadelphia Phillies","R","2026-04-25","2026-09-16",599,547,113,70,22,1,20,46,0,4,177,2,197,372,132,23,163,82,93,34,175,86.4932614555256,14.0080862533693,-24.5566200112147,599,0.206581352833638,0.27212020033389,0.360146252285192,0.632266452619082,0.153564899451554,0.295492487479132,0.0767946577629382,0.354838709677419,0.0618279569892473,0.438172043010753,0.220430107526882,0.25,0.470430107526882,0.275893155258765,-0.0409960267299077,0.857,0.882,"strong","pitcher","fixed_linear_weights_v1","sabrhood_player_summary_v1",2451,0.49734802121583,0.420236638106895,"2026-09-19","2026-09-20 14:10:26 UTC",82.8,57,"descriptive_run_prevention_not_award_prediction"
680742,"Jonathan Bowlan","Philadelphia Phillies","R","2026-03-26","2026-09-17",232,211,43,30,4,1,8,15,0,4,73,2,73,137,50,10,64,28,39,6,56,86.6911764705882,12.0948905109489,-6.04734811799264,232,0.203791469194313,0.267241379310345,0.345971563981043,0.613212943291388,0.14218009478673,0.314655172413793,0.0646551724137931,0.364963503649635,0.072992700729927,0.467153284671533,0.204379562043796,0.284671532846715,0.408759124087591,0.26823275862069,-0.0260661556810027,0.699,0.733,"moderate","pitcher","fixed_linear_weights_v1","sabrhood_player_summary_v1",959,0.501564129301356,0.451511991657977,"2026-09-19","2026-09-20 14:10:26 UTC",82.5,58,"descriptive_run_prevention_not_award_prediction"
801139,"Payton Tolle","Boston Red Sox","L","2026-04-23","2026-09-13",575,530,115,68,31,1,15,37,0,5,166,2,193,366,127,24,137,83,100,46,150,86.5355371900826,17.3526170798898,-20.6516263742497,575,0.216981132075472,0.273519163763066,0.364150943396226,0.637670107159293,0.147169811320755,0.288695652173913,0.0643478260869565,0.346994535519126,0.0655737704918033,0.37431693989071,0.226775956284153,0.273224043715847,0.409836065573771,0.277212543554007,-0.0359158719552168,0.852,0.88,"strong","pitcher","fixed_linear_weights_v1","sabrhood_player_summary_v1",2191,0.553628480146052,0.527612962117754,"2026-09-19","2026-09-20 14:10:26 UTC",82.4,59,"descriptive_run_prevention_not_award_prediction"
672282,"Reid Detmers","Los Angeles Angels","L","2026-03-28","2026-09-19",718,657,142,95,26,2,19,46,0,5,204,7,229,463,175,35,181,107,137,37,190,88.9729437229437,16.034632034632,-19.1940092800835,718,0.216133942161339,0.26993006993007,0.34855403348554,0.61848410341561,0.132420091324201,0.284122562674095,0.064066852367688,0.377969762419006,0.0755939524838013,0.390928725701944,0.23110151187905,0.295896328293737,0.41036717062635,0.269216783216783,-0.0267326034541553,0.878,0.903,"strong","pitcher","fixed_linear_weights_v1","sabrhood_player_summary_v1",2872,0.494428969359331,0.501392757660167,"2026-09-19","2026-09-20 14:10:26 UTC",82.3,60,"descriptive_run_prevention_not_award_prediction"
693686,"Spencer Miles","Toronto Blue Jays","R","2026-03-28","2026-09-16",371,345,76,61,9,1,5,23,0,1,87,1,102,258,89,8,132,60,51,15,103,86.4058139534884,6.15891472868217,-19.0427280134186,371,0.220289855072464,0.27027027027027,0.295652173913043,0.565922444183314,0.0753623188405797,0.234501347708895,0.0619946091644205,0.344961240310078,0.0310077519379845,0.511627906976744,0.232558139534884,0.197674418604651,0.39922480620155,0.251459459459459,-0.0513281078528803,0.788,0.838,"strong","pitcher","fixed_linear_weights_v1","sabrhood_player_summary_v1",1429,0.478656403079076,0.526242127361791,"2026-09-19","2026-09-20 14:10:26 UTC",81.8,61,"descriptive_run_prevention_not_award_prediction"
691799,"Grant Taylor","Chicago White Sox","R","2026-03-28","2026-09-19",330,297,60,42,11,0,7,30,0,1,103,2,92,196,82,14,93,42,53,8,84,89.4866666666667,9.7025641025641,-16.0960057212181,330,0.202020202020202,0.275757575757576,0.30976430976431,0.585521885521886,0.107744107744108,0.312121212121212,0.0909090909090909,0.418367346938776,0.0714285714285714,0.474489795918367,0.214285714285714,0.270408163265306,0.428571428571429,0.260878787878788,-0.0487757749127821,0.767,0.797,"strong","pitcher","fixed_linear_weights_v1","sabrhood_player_summary_v1",1316,0.463525835866261,0.487082066869301,"2026-09-19","2026-09-20 14:10:26 UTC",81.6,62,"descriptive_run_prevention_not_award_prediction"
670329,"Rico Garcia","Baltimore Orioles","R","2026-03-29","2026-09-18",258,234,43,24,10,0,9,20,1,2,66,0,80,169,59,10,71,34,42,22,75,85.4213017751479,16.3550295857988,-11.2378404243481,258,0.183760683760684,0.25390625,0.341880341880342,0.595786591880342,0.158119658119658,0.255813953488372,0.0775193798449612,0.349112426035503,0.0591715976331361,0.420118343195266,0.201183431952663,0.248520710059172,0.443786982248521,0.259450980392157,-0.0435575210246049,0.721,0.772,"strong","pitcher","fixed_linear_weights_v1","sabrhood_player_summary_v1",973,0.491264131551901,0.487153134635149,"2026-09-19","2026-09-20 14:10:26 UTC",81.3,63,"descriptive_run_prevention_not_award_prediction"
445276,"Kenley Jansen","Detroit Tigers","R","2026-03-27","2026-09-18",173,148,24,15,2,0,7,22,0,1,49,2,47,101,37,11,25,21,39,16,44,87.4128712871287,25.8910891089109,-1.02851696920828,173,0.162162162162162,0.271676300578035,0.317567567567568,0.589243868145602,0.155405405405405,0.283236994219653,0.127167630057803,0.366336633663366,0.108910891089109,0.247524752475248,0.207920792079208,0.386138613861386,0.435643564356436,0.263872832369942,-0.00594518479311144,0.634,0.669,"moderate","pitcher","fixed_linear_weights_v1","sabrhood_player_summary_v1",703,0.489331436699858,0.490753911806543,"2026-09-19","2026-09-20 14:10:26 UTC",81.3,63,"descriptive_run_prevention_not_award_prediction"
680744,"Ty Madden","Detroit Tigers","R","2026-05-04","2026-09-17",168,153,30,19,6,1,4,13,0,2,41,0,50,111,32,5,44,24,29,14,51,86.2144144144144,17.6216216216216,-5.76922753985936,168,0.196078431372549,0.267857142857143,0.326797385620915,0.594654528478058,0.130718954248366,0.244047619047619,0.0773809523809524,0.288288288288288,0.045045045045045,0.396396396396396,0.216216216216216,0.261261261261261,0.459459459459459,0.262916666666667,-0.0343406401182105,0.627,0.689,"moderate","pitcher","fixed_linear_weights_v1","sabrhood_player_summary_v1",671,0.49478390461997,0.414307004470939,"2026-09-19","2026-09-20 14:10:26 UTC",80.9,65,"descriptive_run_prevention_not_award_prediction"
689266,"Dylan Dodd","Atlanta Braves","L","2026-04-12","2026-09-16",177,161,28,14,8,0,6,13,0,2,47,0,54,115,43,10,32,28,38,17,60,88.2782608695652,25.6434782608696,-12.7647106592818,177,0.173913043478261,0.244318181818182,0.335403726708075,0.579721908526256,0.161490683229814,0.265536723163842,0.0734463276836158,0.373913043478261,0.0869565217391304,0.278260869565217,0.243478260869565,0.330434782608696,0.521739130434783,0.254034090909091,-0.0721170093744735,0.639,0.697,"moderate","pitcher","fixed_linear_weights_v1","sabrhood_player_summary_v1",720,0.541666666666667,0.452777777777778,"2026-09-19","2026-09-20 14:10:26 UTC",80.5,66,"descriptive_run_prevention_not_award_prediction"
663158,"Robert Suarez","Atlanta Braves","R","2026-03-27","2026-06-19",121,114,21,19,1,0,1,6,0,0,26,0,25,88,29,2,42,18,21,7,35,84.3586206896552,8.54022988505747,-15.0076166784915,121,0.184210526315789,0.225,0.219298245614035,0.444298245614035,0.0350877192982456,0.214876033057851,0.0495867768595041,0.329545454545455,0.0227272727272727,0.477272727272727,0.204545454545455,0.238636363636364,0.397727272727273,0.200916666666667,-0.124029889904888,0.548,0.638,"moderate","pitcher","fixed_linear_weights_v1","sabrhood_player_summary_v1",466,0.536480686695279,0.44206008583691,"2026-09-19","2026-09-20 14:10:26 UTC",80.5,66,"descriptive_run_prevention_not_award_prediction"
676962,"Ben Brown","Chicago Cubs","R","2026-03-26","2026-06-19",265,242,45,35,7,1,2,19,0,2,65,2,60,179,77,12,80,42,45,12,79,89.7197740112994,9.79213483146067,-17.7222932242809,265,0.18595041322314,0.249056603773585,0.247933884297521,0.496990488071106,0.0619834710743802,0.245283018867925,0.0716981132075472,0.430167597765363,0.0670391061452514,0.446927374301676,0.23463687150838,0.251396648044693,0.441340782122905,0.224943396226415,-0.0668765782048338,0.726,0.782,"strong","pitcher","fixed_linear_weights_v1","sabrhood_player_summary_v1",1004,0.471115537848606,0.495019920318725,"2026-09-19","2026-09-20 14:10:26 UTC",80.4,68,"descriptive_run_prevention_not_award_prediction"
607074,"Carlos Rodón","New York Yankees","L","2026-05-10","2026-09-16",316,270,48,29,12,0,7,38,0,2,83,4,81,192,75,14,71,53,56,12,85,89.521052631579,15.9052631578947,-7.82543371040694,316,0.177777777777778,0.280254777070064,0.3,0.580254777070064,0.122222222222222,0.262658227848101,0.120253164556962,0.390625,0.0729166666666667,0.369791666666667,0.276041666666667,0.291666666666667,0.442708333333333,0.26156050955414,-0.0247640307291359,0.76,0.793,"strong","pitcher","fixed_linear_weights_v1","sabrhood_player_summary_v1",1342,0.477645305514158,0.444858420268256,"2026-09-19","2026-09-20 14:10:26 UTC",80.1,69,"descriptive_run_prevention_not_award_prediction"
642397,"Gregory Soto","Pittsburgh Pirates","L","2026-03-26","2026-09-18",272,236,47,27,14,1,5,26,0,7,76,0,78,162,55,8,74,31,38,19,67,85.2944444444445,12.0740740740741,-1.29274918319486,272,0.199152542372881,0.297397769516729,0.330508474576271,0.627906244093,0.13135593220339,0.279411764705882,0.0955882352941176,0.339506172839506,0.0493827160493827,0.45679012345679,0.191358024691358,0.234567901234568,0.41358024691358,0.281449814126394,-0.00475275434998111,0.731,0.764,"strong","pitcher","fixed_linear_weights_v1","sabrhood_player_summary_v1",1106,0.432188065099458,0.445750452079566,"2026-09-19","2026-09-20 14:10:26 UTC",80,70,"descriptive_run_prevention_not_award_prediction"
687396,"Brent Headrick","New York Yankees","L","2026-03-25","2026-09-19",314,286,65,43,12,6,4,24,1,0,95,0,101,195,72,9,72,60,48,15,81,85.9103092783505,15.8,-24.9032901031895,314,0.227272727272727,0.287096774193548,0.353146853146853,0.640243627340402,0.125874125874126,0.302547770700637,0.0764331210191083,0.369230769230769,0.0461538461538462,0.369230769230769,0.307692307692308,0.246153846153846,0.415384615384615,0.278284789644013,-0.0793098410929603,0.758,0.796,"strong","pitcher","fixed_linear_weights_v1","sabrhood_player_summary_v1",1238,0.530694668820679,0.478190630048465,"2026-09-19","2026-09-20 14:10:26 UTC",79.6,71,"descriptive_run_prevention_not_award_prediction"
689254,"Mason Fluharty","Toronto Blue Jays","L","2026-03-28","2026-09-16",253,223,49,37,6,0,6,24,0,1,65,2,73,161,51,10,60,40,50,11,69,84.8180124223603,16.5031055900621,1.27090411292997,253,0.219730941704036,0.296,0.327354260089686,0.623354260089686,0.10762331838565,0.256916996047431,0.0948616600790514,0.316770186335404,0.062111801242236,0.372670807453416,0.248447204968944,0.31055900621118,0.428571428571429,0.27736,0.00502333641474296,0.717,0.763,"strong","pitcher","fixed_linear_weights_v1","sabrhood_player_summary_v1",989,0.494438827098079,0.461071789686552,"2026-09-19","2026-09-20 14:10:26 UTC",79.5,72,"descriptive_run_prevention_not_award_prediction"
656271,"Brock Burke","Cincinnati Reds","L","2026-03-26","2026-09-18",301,261,52,34,11,2,5,33,0,4,73,1,82,189,60,11,74,43,58,14,78,87.2681318681319,17.1648351648352,-6.82021584563935,301,0.199233716475096,0.297658862876254,0.314176245210728,0.611835108086982,0.114942528735632,0.242524916943522,0.109634551495017,0.317460317460317,0.0582010582010582,0.391534391534392,0.227513227513228,0.306878306878307,0.412698412698413,0.275518394648829,-0.0226585244041175,0.751,0.791,"strong","pitcher","fixed_linear_weights_v1","sabrhood_player_summary_v1",1147,0.455972101133391,0.476896251089799,"2026-09-19","2026-09-20 14:10:26 UTC",79.3,73,"descriptive_run_prevention_not_award_prediction"
656848,"Michael Petersen","Miami Marlins","R","2026-03-29","2026-09-19",257,228,43,25,12,1,5,26,0,3,78,0,72,147,63,17,53,26,46,22,64,90.9753424657534,21.527397260274,-12.4134410776609,257,0.18859649122807,0.280155642023346,0.315789473684211,0.595945115707557,0.12719298245614,0.303501945525292,0.101167315175097,0.428571428571429,0.115646258503401,0.360544217687075,0.17687074829932,0.312925170068027,0.435374149659864,0.266887159533074,-0.0483013271504316,0.72,0.746,"strong","pitcher","fixed_linear_weights_v1","sabrhood_player_summary_v1",1072,0.502798507462687,0.473880597014925,"2026-09-19","2026-09-20 14:10:26 UTC",79,74,"descriptive_run_prevention_not_award_prediction"
700712,"Walbert Ureña","Los Angeles Angels","R","2026-03-26","2026-09-17",606,527,107,77,21,0,9,67,2,8,140,3,155,390,139,22,216,75,85,14,195,86.7141388174807,4.17179487179487,-20.3482640540483,606,0.20303605313093,0.300826446280992,0.294117647058824,0.594944093339815,0.0910815939278938,0.231023102310231,0.110561056105611,0.356410256410256,0.0564102564102564,0.553846153846154,0.192307692307692,0.217948717948718,0.5,0.269485903814262,-0.0335779934885285,0.858,0.886,"strong","pitcher","fixed_linear_weights_v1","sabrhood_player_summary_v1",2400,0.467083333333333,0.457083333333333,"2026-09-19","2026-09-20 14:10:26 UTC",78.7,75,"descriptive_run_prevention_not_award_prediction"
695505,"Chase Burns","Cincinnati Reds","R","2026-03-30","2026-09-18",630,570,124,80,24,3,17,56,0,1,185,2,205,387,148,31,147,91,112,37,178,89.2791005291005,18.6015831134565,-19.9565361912911,630,0.217543859649123,0.287758346581876,0.359649122807018,0.647407469388894,0.142105263157895,0.293650793650794,0.0888888888888889,0.382428940568475,0.0801033591731266,0.37984496124031,0.235142118863049,0.289405684754522,0.459948320413437,0.283577106518283,-0.0316770415734779,0.863,0.886,"strong","pitcher","fixed_linear_weights_v1","sabrhood_player_summary_v1",2569,0.488906189178669,0.436745815492409,"2026-09-19","2026-09-20 14:10:26 UTC",78.2,76,"descriptive_run_prevention_not_award_prediction"
594798,"Jacob deGrom","Texas Rangers","R","2026-03-31","2026-09-15",623,581,126,84,21,1,20,37,1,1,194,1,209,387,176,31,142,106,105,34,176,90.1496124031008,16.2093023255814,-14.2449687162427,623,0.216867469879518,0.264516129032258,0.359724612736661,0.624240741768919,0.142857142857143,0.31139646869984,0.0593900481540931,0.454780361757106,0.0801033591731266,0.366925064599483,0.27390180878553,0.271317829457364,0.454780361757106,0.270242326332795,-0.0228651183246271,0.862,0.886,"strong","pitcher","fixed_linear_weights_v1","sabrhood_player_summary_v1",2564,0.515210608424337,0.453978159126365,"2026-09-19","2026-09-20 14:10:26 UTC",78.2,76,"descriptive_run_prevention_not_award_prediction"
666171,"Ryan Zeferjahn","Chicago Cubs","R","2026-03-27","2026-09-19",292,246,48,31,9,1,7,34,0,9,93,2,80,155,57,8,70,34,35,16,66,88.9227272727273,12.7662337662338,-3.77825944907072,292,0.195121951219512,0.312714776632302,0.32520325203252,0.637918028664823,0.130081300813008,0.318493150684932,0.116438356164384,0.367741935483871,0.0516129032258065,0.451612903225806,0.219354838709677,0.225806451612903,0.425806451612903,0.288694158075601,-0.0129392446885984,0.745,0.756,"strong","pitcher","fixed_linear_weights_v1","sabrhood_player_summary_v1",1256,0.419585987261146,0.442675159235669,"2026-09-19","2026-09-20 14:10:26 UTC",78.2,76,"descriptive_run_prevention_not_award_prediction"
656546,"Jeff Hoffman","Minnesota Twins","R","2026-03-27","2026-09-19",285,250,57,37,14,2,4,25,2,6,101,4,87,151,55,10,67,37,34,13,65,88.0206666666667,11.2733333333333,0.799940040804076,285,0.228,0.308771929824561,0.348,0.656771929824561,0.12,0.354385964912281,0.087719298245614,0.364238410596026,0.0662251655629139,0.443708609271523,0.245033112582781,0.225165562913907,0.43046357615894,0.287173144876325,0.00280680716071605,0.74,0.751,"strong","pitcher","fixed_linear_weights_v1","sabrhood_player_summary_v1",1187,0.498736310025274,0.426284751474305,"2026-09-19","2026-09-20 14:10:26 UTC",77.7,79,"descriptive_run_prevention_not_award_prediction"
669199,"Lake Bachar","Pittsburgh Pirates","R","2026-03-30","2026-09-19",339,295,57,36,8,0,13,35,1,5,86,3,104,212,72,18,80,40,71,20,99,88.1825471698113,17.5707547169811,-6.60257722979972,339,0.193220338983051,0.28698224852071,0.352542372881356,0.639524621402066,0.159322033898305,0.253687315634218,0.103244837758112,0.339622641509434,0.0849056603773585,0.377358490566038,0.188679245283019,0.334905660377358,0.466981132075472,0.281275964391691,-0.0194766289964593,0.772,0.809,"strong","pitcher","fixed_linear_weights_v1","sabrhood_player_summary_v1",1369,0.448502556610665,0.454346238130022,"2026-09-19","2026-09-20 14:10:26 UTC",77.6,80,"descriptive_run_prevention_not_award_prediction"
621097,"Jacob Waguespack","Detroit Tigers","R","2026-06-12","2026-09-19",170,147,22,16,0,0,6,17,0,2,31,1,40,120,33,5,60,21,29,10,69,82.9333333333333,11.375,-10.6391021765034,170,0.149659863945578,0.245508982035928,0.272108843537415,0.517617825573343,0.122448979591837,0.182352941176471,0.1,0.275,0.0416666666666667,0.5,0.175,0.241666666666667,0.575,0.235389221556886,-0.062582953979432,0.63,0.706,"moderate","pitcher","fixed_linear_weights_v1","sabrhood_player_summary_v1",620,0.466129032258065,0.485483870967742,"2026-09-19","2026-09-20 14:10:26 UTC",77.6,80,"descriptive_run_prevention_not_award_prediction"
702056,"Trey Yesavage","Toronto Blue Jays","R","2026-04-28","2026-08-04",386,330,61,30,21,0,10,46,0,2,91,5,112,247,84,16,88,62,71,26,102,87.0283400809717,19.9919028340081,-8.61287780569683,386,0.184848484848485,0.284595300261097,0.339393939393939,0.623989239655036,0.154545454545455,0.235751295336788,0.119170984455959,0.340080971659919,0.0647773279352227,0.356275303643725,0.251012145748988,0.287449392712551,0.412955465587045,0.276031331592689,-0.0223131549370384,0.794,0.832,"strong","pitcher","fixed_linear_weights_v1","sabrhood_player_summary_v1",1549,0.473208521626856,0.437701743060039,"2026-09-19","2026-09-20 14:10:26 UTC",77.1,82,"descriptive_run_prevention_not_award_prediction"
676534,"Calvin Faucher","Miami Marlins","R","2026-03-28","2026-09-19",279,238,50,38,11,0,1,35,0,3,69,2,64,172,66,7,96,39,32,5,81,87.6023255813953,6.16860465116279,0.650968067610443,279,0.210084033613445,0.316546762589928,0.26890756302521,0.585454325615138,0.0588235294117647,0.247311827956989,0.125448028673835,0.383720930232558,0.0406976744186047,0.558139534883721,0.226744186046512,0.186046511627907,0.47093023255814,0.271223021582734,0.00233321888032417,0.736,0.775,"strong","pitcher","fixed_linear_weights_v1","sabrhood_player_summary_v1",1116,0.426523297491039,0.444444444444444,"2026-09-19","2026-09-20 14:10:26 UTC",77.1,82,"descriptive_run_prevention_not_award_prediction"
621112,"Paul Blackburn","New York Yankees","R","2026-03-30","2026-09-19",326,294,57,42,8,0,7,31,0,1,68,0,86,225,79,12,123,43,49,10,111,86.7782222222222,6.80444444444444,-20.1388420830967,326,0.193877551020408,0.273006134969325,0.292517006802721,0.565523141772046,0.0986394557823129,0.208588957055215,0.0950920245398773,0.351111111111111,0.0533333333333333,0.546666666666667,0.191111111111111,0.217777777777778,0.493333333333333,0.25478527607362,-0.0617755892119529,0.765,0.818,"strong","pitcher","fixed_linear_weights_v1","sabrhood_player_summary_v1",1203,0.459684123025769,0.453865336658354,"2026-09-19","2026-09-20 14:10:26 UTC",77,84,"descriptive_run_prevention_not_award_prediction"
628452,"Raisel Iglesias","Atlanta Braves","R","2026-03-30","2026-09-19",232,215,47,32,8,1,6,16,0,1,61,0,75,153,57,15,59,39,41,14,69,87.9671052631579,17.2894736842105,-8.33761519444667,232,0.218604651162791,0.275862068965517,0.348837209302326,0.624699278267843,0.130232558139535,0.262931034482759,0.0689655172413793,0.372549019607843,0.0980392156862745,0.38562091503268,0.254901960784314,0.26797385620915,0.450980392156863,0.273534482758621,-0.0359379965277874,0.699,0.754,"moderate","pitcher","fixed_linear_weights_v1","sabrhood_player_summary_v1",888,0.522522522522523,0.496621621621622,"2026-09-19","2026-09-20 14:10:26 UTC",77,84,"descriptive_run_prevention_not_award_prediction"
690997,"Nolan McLean","New York Mets","R","2026-03-29","2026-09-17",724,631,137,95,25,0,17,69,0,15,189,4,213,449,160,28,205,110,106,28,201,87.1784753363229,9.81390134529148,-12.7999818410416,724,0.217115689381933,0.307371349095967,0.337559429477021,0.644930778572987,0.120443740095087,0.261049723756906,0.0953038674033149,0.356347438752784,0.0623608017817372,0.456570155902004,0.244988864142539,0.236080178173719,0.447661469933185,0.288150208623088,-0.0176795329296155,0.879,0.9,"strong","pitcher","fixed_linear_weights_v1","sabrhood_player_summary_v1",2832,0.442090395480226,0.474223163841808,"2026-09-19","2026-09-20 14:10:26 UTC",76.8,86,"descriptive_run_prevention_not_award_prediction"
592779,"Brock Stewart","Los Angeles Dodgers","R","2026-05-06","2026-09-15",91,83,16,10,3,0,3,8,1,0,21,0,28,61,15,3,34,5,14,8,27,81.1688524590164,11.5901639344262,-6.00705077872975,91,0.192771084337349,0.263736263736264,0.337349397590361,0.601085661326625,0.144578313253012,0.230769230769231,0.0879120879120879,0.245901639344262,0.0491803278688525,0.557377049180328,0.0819672131147541,0.229508196721311,0.442622950819672,0.259777777777778,-0.0660115470190082,0.476,0.55,"developing","pitcher","fixed_linear_weights_v1","sabrhood_player_summary_v1",340,0.502941176470588,0.476470588235294,"2026-09-19","2026-09-20 14:10:26 UTC",76.8,86,"descriptive_run_prevention_not_award_prediction"
683769,"Hunter Gaddis","Cleveland Guardians","R","2026-04-13","2026-09-18",239,212,47,37,5,0,5,21,0,3,53,3,67,162,47,9,59,38,48,17,76,84.8339506172839,18.8148148148148,-8.61176090605693,239,0.221698113207547,0.297071129707113,0.316037735849057,0.61310886555617,0.0943396226415094,0.221757322175732,0.0878661087866109,0.290123456790123,0.0555555555555556,0.364197530864198,0.234567901234568,0.296296296296296,0.469135802469136,0.273891213389121,-0.03603247241028,0.705,0.764,"moderate","pitcher","fixed_linear_weights_v1","sabrhood_player_summary_v1",917,0.513631406761178,0.470010905125409,"2026-09-19","2026-09-20 14:10:26 UTC",76.2,88,"descriptive_run_prevention_not_award_prediction"
594027,"Tyron Guerrero","Boston Red Sox","R","2026-05-22","2026-08-31",158,149,37,31,4,0,2,6,0,2,36,0,47,114,38,3,62,26,21,5,39,84.4873873873874,3.12389380530973,-5.85113739876381,158,0.248322147651007,0.286624203821656,0.315436241610738,0.602060445432394,0.0671140939597315,0.227848101265823,0.0379746835443038,0.333333333333333,0.0263157894736842,0.543859649122807,0.228070175438596,0.184210526315789,0.342105263157895,0.266496815286624,-0.0370325151820495,0.612,0.695,"moderate","pitcher","fixed_linear_weights_v1","sabrhood_player_summary_v1",573,0.568935427574171,0.582897033158813,"2026-09-19","2026-09-20 14:10:26 UTC",76,89,"descriptive_run_prevention_not_award_prediction"
677020,"Josh Walker","Baltimore Orioles","L","2026-05-12","2026-09-18",115,105,22,16,4,0,2,8,0,1,27,1,32,79,29,3,34,15,24,6,35,87.4126582278481,16.8227848101266,-7.03006051117981,115,0.20952380952381,0.269565217391304,0.304761904761905,0.574327122153209,0.0952380952380953,0.234782608695652,0.0695652173913043,0.367088607594937,0.0379746835443038,0.430379746835443,0.189873417721519,0.30379746835443,0.443037974683544,0.254782608695652,-0.0611309609667809,0.535,0.612,"moderate","pitcher","fixed_linear_weights_v1","sabrhood_player_summary_v1",464,0.493534482758621,0.480603448275862,"2026-09-19","2026-09-20 14:10:26 UTC",75.8,90,"descriptive_run_prevention_not_award_prediction"
666974,"Yennier Cano","Baltimore Orioles","R","2026-03-28","2026-09-18",199,184,39,31,6,0,2,11,0,3,43,1,51,140,55,7,88,24,24,4,77,89.1007352941176,1.625,-1.92939962869475,199,0.21195652173913,0.266331658291457,0.277173913043478,0.543505571334935,0.0652173913043478,0.21608040201005,0.0552763819095477,0.392857142857143,0.05,0.628571428571429,0.171428571428571,0.171428571428571,0.55,0.243668341708543,-0.00969547552107915,0.666,0.737,"moderate","pitcher","fixed_linear_weights_v1","sabrhood_player_summary_v1",763,0.450851900393185,0.461336828309305,"2026-09-19","2026-09-20 14:10:26 UTC",75.5,91,"descriptive_run_prevention_not_award_prediction"
623211,"Huascar Brazobán","Chicago White Sox","R","2026-03-28","2026-08-24",254,221,42,23,13,1,5,28,0,1,54,2,72,168,52,7,84,32,39,13,100,85.385628742515,8.54491017964072,-7.17050932322513,254,0.190045248868778,0.281746031746032,0.32579185520362,0.607537886949652,0.135746606334842,0.21259842519685,0.110236220472441,0.30952380952381,0.0416666666666667,0.5,0.19047619047619,0.232142857142857,0.595238095238095,0.269880952380952,-0.0282303516662407,0.718,0.771,"strong","pitcher","fixed_linear_weights_v1","sabrhood_player_summary_v1",981,0.492354740061162,0.478083588175331,"2026-09-19","2026-09-20 14:10:26 UTC",75.4,92,"descriptive_run_prevention_not_award_prediction"
676263,"Jack Dreyer","Los Angeles Dodgers","L","2026-03-27","2026-09-16",241,216,45,30,8,0,7,20,2,2,68,0,74,150,64,11,72,26,40,12,62,88.2371621621622,11.5743243243243,-6.81793722163299,241,0.208333333333333,0.281512605042017,0.342592592592593,0.624105197634609,0.134259259259259,0.282157676348548,0.0829875518672199,0.426666666666667,0.0733333333333333,0.48,0.173333333333333,0.266666666666667,0.413333333333333,0.272245762711864,-0.0282901959403858,0.707,0.75,"moderate","pitcher","fixed_linear_weights_v1","sabrhood_player_summary_v1",963,0.482866043613707,0.481827622014538,"2026-09-19","2026-09-20 14:10:26 UTC",75.4,92,"descriptive_run_prevention_not_award_prediction"
671212,"Joe Boyle","Tampa Bay Rays","R","2026-03-28","2026-08-16",82,72,13,6,6,0,1,9,0,0,21,1,22,51,20,2,21,10,11,9,21,86.464,18.96,5.60268309246413,82,0.180555555555556,0.268292682926829,0.305555555555556,0.573848238482385,0.125,0.25609756097561,0.109756097560976,0.392156862745098,0.0392156862745098,0.411764705882353,0.196078431372549,0.215686274509804,0.411764705882353,0.255365853658537,0.0683254035666358,0.451,0.505,"developing","pitcher","fixed_linear_weights_v1","sabrhood_player_summary_v1",347,0.452449567723343,0.498559077809798,"2026-09-19","2026-09-20 14:10:26 UTC",75.2,94,"descriptive_run_prevention_not_award_prediction"
676974,"Max Meyer","Miami Marlins","R","2026-03-29","2026-07-18",465,413,85,55,17,2,11,41,0,7,121,3,139,293,123,25,127,64,78,24,128,89.2855670103093,13.9759450171821,-14.4786226662054,465,0.205811138014528,0.286637931034483,0.336561743341404,0.623199674375887,0.130750605326877,0.260215053763441,0.0881720430107527,0.419795221843003,0.0853242320819113,0.433447098976109,0.218430034129693,0.266211604095563,0.436860068259386,0.275948275862069,-0.0311368229380761,0.823,0.854,"strong","pitcher","fixed_linear_weights_v1","sabrhood_player_summary_v1",1789,0.467300167691448,0.472889882615987,"2026-09-19","2026-09-20 14:10:26 UTC",75.1,95,"descriptive_run_prevention_not_award_prediction"
624133,"Ranger Suarez","Boston Red Sox","L","2026-03-30","2026-09-18",595,538,127,91,26,1,9,45,0,7,135,4,182,406,136,21,174,111,93,28,185,86.1039408866995,12.4458128078818,-18.205620777857,595,0.236059479553903,0.301346801346801,0.338289962825279,0.63963676417208,0.102230483271375,0.226890756302521,0.0756302521008403,0.334975369458128,0.0517241379310345,0.428571428571429,0.273399014778325,0.229064039408867,0.455665024630542,0.282929292929293,-0.0305976819795915,0.856,0.89,"strong","pitcher","fixed_linear_weights_v1","sabrhood_player_summary_v1",2298,0.451261966927763,0.440818102697998,"2026-09-19","2026-09-20 14:10:26 UTC",75,96,"descriptive_run_prevention_not_award_prediction"
647336,"Michael Soroka","Arizona Diamondbacks","R","2026-03-30","2026-09-15",430,395,92,61,20,3,8,26,1,6,101,2,142,296,99,25,111,79,81,25,149,87.1101351351351,16.6216216216216,-11.6454445641867,430,0.232911392405063,0.289044289044289,0.359493670886076,0.648537959930365,0.126582278481013,0.234883720930233,0.0604651162790698,0.334459459459459,0.0844594594594595,0.375,0.266891891891892,0.273648648648649,0.503378378378378,0.282266355140187,-0.0270824292190389,0.811,0.855,"strong","pitcher","fixed_linear_weights_v1","sabrhood_player_summary_v1",1669,0.496105452366687,0.474535650089874,"2026-09-19","2026-09-20 14:10:26 UTC",75,96,"descriptive_run_prevention_not_award_prediction"
642528,"Jonathan Loáisiga","Arizona Diamondbacks","R","2026-03-27","2026-09-16",240,225,53,39,11,0,3,9,0,1,47,3,73,183,60,8,99,42,34,8,83,84.4262295081967,5.18579234972678,-15.0405806854587,240,0.235555555555556,0.264705882352941,0.324444444444444,0.589150326797386,0.0888888888888889,0.195833333333333,0.0375,0.327868852459016,0.0437158469945355,0.540983606557377,0.229508196721311,0.185792349726776,0.453551912568306,0.255966386554622,-0.0626690861894111,0.706,0.785,"moderate","pitcher","fixed_linear_weights_v1","sabrhood_player_summary_v1",900,0.527777777777778,0.481111111111111,"2026-09-19","2026-09-20 14:10:26 UTC",74.7,98,"descriptive_run_prevention_not_award_prediction"
689296,"Anthony Nunez","Baltimore Orioles","R","2026-03-28","2026-09-18",244,212,43,28,8,2,5,24,0,4,66,1,70,149,61,8,64,39,35,11,68,86.6530201342282,10.496644295302,-0.544639375482986,244,0.202830188679245,0.294605809128631,0.330188679245283,0.624794488373914,0.127358490566038,0.270491803278689,0.0983606557377049,0.409395973154362,0.0536912751677852,0.429530201342282,0.261744966442953,0.23489932885906,0.456375838926175,0.278713692946058,-0.00223212858804502,0.709,0.749,"moderate","pitcher","fixed_linear_weights_v1","sabrhood_player_summary_v1",965,0.481865284974093,0.413471502590674,"2026-09-19","2026-09-20 14:10:26 UTC",74.6,99,"descriptive_run_prevention_not_award_prediction"
676917,"Cade Cavalli","Washington Nationals","R","2026-03-26","2026-09-18",707,638,148,108,22,0,18,48,0,16,200,4,224,442,179,32,224,94,107,17,201,88.9441913439636,7.75681818181818,-13.9315892433226,707,0.231974921630094,0.30028328611898,0.351097178683386,0.651380464802366,0.119122257053292,0.282885431400283,0.0678925035360679,0.404977375565611,0.0723981900452489,0.506787330316742,0.212669683257919,0.242081447963801,0.454751131221719,0.287733711048159,-0.0197052181659443,0.876,0.898,"strong","pitcher","fixed_linear_weights_v1","sabrhood_player_summary_v1",2777,0.47641339575081,0.489016924738927,"2026-09-19","2026-09-20 14:10:26 UTC",74.5,100,"descriptive_run_prevention_not_award_prediction"
687330,"Kevin Kelly","Tampa Bay Rays","R","2026-03-29","2026-09-19",271,257,54,38,9,1,6,9,1,3,62,1,83,197,88,10,113,54,26,4,93,89.3225641025641,1.87179487179487,-15.2954274691463,271,0.21011673151751,0.244444444444444,0.32295719844358,0.567401642888024,0.11284046692607,0.228782287822878,0.033210332103321,0.446700507614213,0.050761421319797,0.573604060913706,0.274111675126904,0.131979695431472,0.472081218274112,0.244981412639405,-0.0564406917680673,0.73,0.798,"strong","pitcher","fixed_linear_weights_v1","sabrhood_player_summary_v1",969,0.493292053663571,0.497420020639835,"2026-09-19","2026-09-20 14:10:26 UTC",74.5,100,"descriptive_run_prevention_not_award_prediction"
670062,"Julian Garcia","Cincinnati Reds","R","2026-06-23","2026-09-16",180,158,29,16,6,0,7,19,0,1,41,2,56,118,38,6,48,24,38,8,62,86.4623931623932,17.8974358974359,-6.69392995572858,180,0.183544303797468,0.272222222222222,0.354430379746835,0.626652601969058,0.170886075949367,0.227777777777778,0.105555555555556,0.322033898305085,0.0508474576271186,0.406779661016949,0.203389830508475,0.322033898305085,0.525423728813559,0.274555555555556,-0.0371884997540477,0.643,0.702,"moderate","pitcher","fixed_linear_weights_v1","sabrhood_player_summary_v1",712,0.462078651685393,0.487359550561798,"2026-09-19","2026-09-20 14:10:26 UTC",74.5,100,"descriptive_run_prevention_not_award_prediction"
687377,"Orlando Ribalta","Washington Nationals","R","2026-04-13","2026-09-01",178,157,34,24,5,0,5,18,0,0,42,2,54,118,38,9,47,19,37,15,54,84.2110169491525,17.5254237288136,-8.8030568446884,178,0.21656050955414,0.293785310734463,0.343949044585987,0.637734355320451,0.127388535031847,0.235955056179775,0.101123595505618,0.322033898305085,0.076271186440678,0.398305084745763,0.161016949152542,0.313559322033898,0.457627118644068,0.281299435028249,-0.0494553755319573,0.64,0.702,"moderate","pitcher","fixed_linear_weights_v1","sabrhood_player_summary_v1",750,0.514666666666667,0.438666666666667,"2026-09-19","2026-09-20 14:10:26 UTC",74.5,100,"descriptive_run_prevention_not_award_prediction"
643511,"Tyler Rogers","Toronto Blue Jays","R","2026-03-27","2026-09-19",279,256,57,49,6,1,1,17,0,2,39,1,68,218,59,3,141,33,30,14,62,83.5544186046512,-2.44186046511628,-12.7953842994905,279,0.22265625,0.27536231884058,0.265625,0.54098731884058,0.04296875,0.139784946236559,0.0609318996415771,0.270642201834862,0.0137614678899083,0.646788990825688,0.151376146788991,0.137614678899083,0.284403669724771,0.243840579710145,-0.0458615924712922,0.736,0.813,"strong","pitcher","fixed_linear_weights_v1","sabrhood_player_summary_v1",978,0.496932515337423,0.558282208588957,"2026-09-19","2026-09-20 14:10:26 UTC",74,104,"descriptive_run_prevention_not_award_prediction"
662253,"Andrés Muñoz","Seattle Mariners","R","2026-03-27","2026-09-18",237,211,45,32,4,1,8,23,0,1,89,2,75,124,54,11,64,27,25,8,53,88.8243902439024,5.10483870967742,-2.3300200141685,237,0.213270142180095,0.291139240506329,0.355450236966825,0.646589477473154,0.14218009478673,0.375527426160338,0.0970464135021097,0.435483870967742,0.0887096774193548,0.516129032258065,0.217741935483871,0.201612903225806,0.42741935483871,0.284177215189873,-0.00983130807666032,0.703,0.713,"moderate","pitcher","fixed_linear_weights_v1","sabrhood_player_summary_v1",942,0.478768577494692,0.427813163481953,"2026-09-19","2026-09-20 14:10:26 UTC",74,104,"descriptive_run_prevention_not_award_prediction"
670059,"Colin Holderman","Cleveland Guardians","R","2026-03-27","2026-09-03",221,189,35,27,6,1,1,19,0,10,50,2,46,142,63,10,79,23,32,8,52,87.1475177304965,7.30496453900709,-9.11395663410613,221,0.185185185185185,0.290909090909091,0.243386243386243,0.534295334295334,0.0582010582010582,0.226244343891403,0.085972850678733,0.443661971830986,0.0704225352112676,0.556338028169014,0.161971830985915,0.225352112676056,0.366197183098592,0.250363636363636,-0.0412396227787608,0.688,0.74,"moderate","pitcher","fixed_linear_weights_v1","sabrhood_player_summary_v1",859,0.443538998835856,0.435389988358556,"2026-09-19","2026-09-20 14:10:26 UTC",73.9,106,"descriptive_run_prevention_not_award_prediction"
676428,"Brant Hurter","Detroit Tigers","L","2026-03-28","2026-09-18",125,110,20,14,5,0,1,12,0,1,21,1,28,91,28,3,54,21,12,4,38,84.0955555555555,3.61111111111111,-10.5898570828238,125,0.181818181818182,0.266129032258065,0.254545454545455,0.520674486803519,0.0727272727272727,0.168,0.096,0.307692307692308,0.032967032967033,0.593406593406593,0.230769230769231,0.131868131868132,0.417582417582418,0.238145161290323,-0.0847188566625902,0.556,0.645,"moderate","pitcher","fixed_linear_weights_v1","sabrhood_player_summary_v1",444,0.434684684684685,0.513513513513513,"2026-09-19","2026-09-20 14:10:26 UTC",73.9,106,"descriptive_run_prevention_not_award_prediction"
681035,"Christian Scott","New York Mets","R","2026-04-23","2026-09-19",474,416,93,63,17,1,12,47,0,9,134,2,148,284,98,18,93,81,84,26,128,86.0419014084507,17.6654929577465,-5.97184219834322,474,0.223557692307692,0.314345991561181,0.355769230769231,0.670115222330412,0.132211538461538,0.282700421940928,0.0991561181434599,0.345070422535211,0.0633802816901408,0.327464788732394,0.285211267605634,0.295774647887324,0.450704225352113,0.297700421940928,-0.0125988232032557,0.826,0.85,"strong","pitcher","fixed_linear_weights_v1","sabrhood_player_summary_v1",1964,0.494908350305499,0.492362525458248,"2026-09-19","2026-09-20 14:10:26 UTC",73.7,108,"descriptive_run_prevention_not_award_prediction"
686613,"Hunter Brown","Houston Astros","R","2026-03-26","2026-09-15",408,354,76,55,10,0,11,49,0,4,110,1,119,243,90,16,136,39,56,12,107,85.9864197530864,5.19341563786008,-6.49892899475888,408,0.214689265536723,0.316176470588235,0.336158192090395,0.652334662678631,0.121468926553672,0.269607843137255,0.120098039215686,0.37037037037037,0.065843621399177,0.559670781893004,0.160493827160494,0.230452674897119,0.440329218106996,0.293137254901961,-0.0159287475361737,0.803,0.829,"strong","pitcher","fixed_linear_weights_v1","sabrhood_player_summary_v1",1683,0.419489007724302,0.450386215092097,"2026-09-19","2026-09-20 14:10:26 UTC",73.6,109,"descriptive_run_prevention_not_award_prediction"
664199,"Taylor Clarke","Arizona Diamondbacks","R","2026-03-26","2026-09-18",269,248,50,34,9,1,6,12,0,3,43,4,79,210,69,17,99,41,51,19,110,86.762380952381,11.3,-3.32522393318769,269,0.201612903225806,0.243445692883895,0.318548387096774,0.561994079980669,0.116935483870968,0.159851301115242,0.0446096654275093,0.328571428571429,0.080952380952381,0.471428571428571,0.195238095238095,0.242857142857143,0.523809523809524,0.243970037453184,-0.0123614272609208,0.729,0.808,"strong","pitcher","fixed_linear_weights_v1","sabrhood_player_summary_v1",988,0.497975708502024,0.455465587044534,"2026-09-19","2026-09-20 14:10:26 UTC",73.2,110,"descriptive_run_prevention_not_award_prediction"
668909,"Gavin Williams","Cleveland Guardians","R","2026-03-27","2026-09-14",706,641,136,83,25,1,27,56,0,6,235,0,244,408,186,46,179,96,104,29,194,89.4833333333333,10.8905472636816,-9.57725573041527,706,0.21216848673947,0.281650071123755,0.380655226209048,0.662305297332804,0.168486739469579,0.3328611898017,0.0793201133144476,0.455882352941176,0.112745098039216,0.438725490196078,0.235294117647059,0.254901960784314,0.475490196078431,0.288520625889047,-0.0135655180317497,0.876,0.891,"strong","pitcher","fixed_linear_weights_v1","sabrhood_player_summary_v1",2828,0.489391796322489,0.478429985855728,"2026-09-19","2026-09-20 14:10:26 UTC",73.1,111,"descriptive_run_prevention_not_award_prediction"
694973,"Paul Skenes","Pittsburgh Pirates","R","2026-03-26","2026-09-18",691,624,143,89,33,2,19,47,0,11,192,5,237,439,167,31,183,112,97,46,195,86.9630979498861,16.1776765375854,-4.55544628080336,691,0.229166666666667,0.292576419213974,0.379807692307692,0.672384111521666,0.150641025641026,0.277858176555716,0.0680173661360347,0.380410022779043,0.0706150341685649,0.416856492027335,0.255125284738041,0.220956719817768,0.444191343963554,0.292430858806405,-0.00659254165094553,0.874,0.898,"strong","pitcher","fixed_linear_weights_v1","sabrhood_player_summary_v1",2794,0.511453113815319,0.469219756621331,"2026-09-19","2026-09-20 14:10:26 UTC",73.1,111,"descriptive_run_prevention_not_award_prediction"
663460,"Kris Bubic","Los Angeles Dodgers","L","2026-03-30","2026-09-18",215,188,38,25,8,1,4,26,0,1,54,0,60,134,53,10,63,29,37,5,64,89.1345864661654,11.3308270676692,-4.24232017598516,215,0.202127659574468,0.302325581395349,0.319148936170213,0.621474517565562,0.117021276595745,0.251162790697674,0.12093023255814,0.395522388059701,0.0746268656716418,0.470149253731343,0.216417910447761,0.276119402985075,0.477611940298507,0.279906976744186,-0.0197317217487682,0.683,0.728,"moderate","pitcher","fixed_linear_weights_v1","sabrhood_player_summary_v1",844,0.476303317535545,0.4739336492891,"2026-09-19","2026-09-20 14:10:26 UTC",73.1,111,"descriptive_run_prevention_not_award_prediction"
681892,"Kody Funderburk","Minnesota Twins","L","2026-03-26","2026-09-19",214,181,40,32,5,0,3,26,0,2,46,2,54,140,39,8,81,24,28,7,59,82.2271428571429,3.43571428571429,-7.98023093140964,214,0.220994475138122,0.322274881516588,0.298342541436464,0.620617422953052,0.0773480662983426,0.214953271028037,0.121495327102804,0.278571428571429,0.0571428571428571,0.578571428571429,0.171428571428571,0.2,0.421428571428571,0.283270142180095,-0.0372907987449049,0.682,0.737,"moderate","pitcher","fixed_linear_weights_v1","sabrhood_player_summary_v1",844,0.440758293838863,0.476303317535545,"2026-09-19","2026-09-20 14:10:26 UTC",73.1,111,"descriptive_run_prevention_not_award_prediction"
676879,"Aaron Ashby","Milwaukee Brewers","L","2026-03-26","2026-09-19",369,325,76,59,9,0,8,40,0,2,112,2,109,215,87,10,118,45,42,10,96,87.8562790697674,4.6,-3.09428054512216,369,0.233846153846154,0.319783197831978,0.335384615384615,0.655167813216594,0.101538461538462,0.303523035230352,0.10840108401084,0.404651162790698,0.0465116279069767,0.548837209302326,0.209302325581395,0.195348837209302,0.446511627906977,0.293224932249323,-0.00838558413312239,0.787,0.811,"strong","pitcher","fixed_linear_weights_v1","sabrhood_player_summary_v1",1524,0.404199475065617,0.436351706036745,"2026-09-19","2026-09-20 14:10:26 UTC",73,115,"descriptive_run_prevention_not_award_prediction"
804636,"Jonah Tong","New York Mets","R","2026-05-22","2026-09-14",91,79,16,12,1,1,2,9,0,1,20,1,25,61,19,5,28,9,22,2,31,87.2283333333333,11.4590163934426,0.501596715144167,91,0.20253164556962,0.288888888888889,0.316455696202532,0.605344585091421,0.113924050632911,0.21978021978022,0.0989010989010989,0.311475409836066,0.0819672131147541,0.459016393442623,0.147540983606557,0.360655737704918,0.508196721311475,0.270111111111111,0.00551205181477107,0.476,0.55,"developing","pitcher","fixed_linear_weights_v1","sabrhood_player_summary_v1",357,0.512605042016807,0.473389355742297,"2026-09-19","2026-09-20 14:10:26 UTC",72.9,116,"descriptive_run_prevention_not_award_prediction"
694738,"Landen Roupp","San Francisco Giants","R","2026-03-30","2026-09-14",659,574,126,86,26,3,11,75,0,5,143,3,191,434,130,22,220,93,99,22,216,85.0710648148148,9.31944444444444,-9.41610700794129,659,0.219512195121951,0.313546423135464,0.332752613240418,0.646299036375882,0.113240418118467,0.216995447647951,0.113808801213961,0.299539170506912,0.0506912442396313,0.506912442396313,0.214285714285714,0.228110599078341,0.497695852534562,0.289284627092846,-0.0142884780090156,0.868,0.897,"strong","pitcher","fixed_linear_weights_v1","sabrhood_player_summary_v1",2712,0.434734513274336,0.422197640117994,"2026-09-19","2026-09-20 14:10:26 UTC",72.8,117,"descriptive_run_prevention_not_award_prediction"
693433,"Bryan Woo","Seattle Mariners","R","2026-03-28","2026-09-18",685,638,145,97,26,4,18,36,1,7,167,4,233,474,203,32,183,113,131,47,197,89.284355179704,16.2980972515856,-7.10964612205568,685,0.227272727272727,0.274452554744526,0.365203761755486,0.639656316500012,0.137931034482759,0.243795620437956,0.0525547445255474,0.428270042194093,0.0675105485232067,0.386075949367089,0.238396624472574,0.276371308016878,0.415611814345992,0.276622807017544,-0.0103790454336579,0.873,0.905,"strong","pitcher","fixed_linear_weights_v1","sabrhood_player_summary_v1",2561,0.532604451386177,0.512690355329949,"2026-09-19","2026-09-20 14:10:26 UTC",72.7,118,"descriptive_run_prevention_not_award_prediction"
674841,"Andrew Alvarez","Washington Nationals","L","2026-04-19","2026-09-19",452,398,88,60,20,3,5,48,0,3,107,2,129,292,116,17,145,77,54,16,152,88.6649484536082,8.88356164383562,-20.617910291724,452,0.221105527638191,0.30820399113082,0.324120603015075,0.632324594145896,0.103015075376884,0.236725663716814,0.106194690265487,0.397260273972603,0.0582191780821918,0.496575342465753,0.263698630136986,0.184931506849315,0.520547945205479,0.282949002217295,-0.0456148457781503,0.819,0.854,"strong","pitcher","fixed_linear_weights_v1","sabrhood_player_summary_v1",1756,0.441343963553531,0.447608200455581,"2026-09-19","2026-09-20 14:10:26 UTC",72.1,119,"descriptive_run_prevention_not_award_prediction"
606996,"Kyle Hart","San Diego Padres","L","2026-03-28","2026-09-14",259,229,50,30,13,2,5,22,0,3,57,3,82,177,54,13,92,34,40,11,78,85.5074285714286,7.47159090909091,1.11683885903611,259,0.218340611353712,0.291828793774319,0.358078602620087,0.649907396394406,0.139737991266376,0.22007722007722,0.0849420849420849,0.305084745762712,0.0734463276836158,0.519774011299435,0.192090395480226,0.225988700564972,0.440677966101695,0.284163424124514,0.00431211914685756,0.721,0.78,"strong","pitcher","fixed_linear_weights_v1","sabrhood_player_summary_v1",1037,0.434908389585342,0.484088717454195,"2026-09-19","2026-09-20 14:10:26 UTC",72.1,119,"descriptive_run_prevention_not_award_prediction"
518585,"Fernando Cruz","New York Yankees","R","2026-03-27","2026-08-25",233,198,41,23,11,0,7,31,1,2,67,2,73,133,36,12,43,24,48,18,61,85.8135338345865,21.9323308270677,-9.31835696298661,233,0.207070707070707,0.317596566523605,0.368686868686869,0.686283435210474,0.161616161616162,0.28755364806867,0.133047210300429,0.270676691729323,0.0902255639097744,0.323308270676692,0.180451127819549,0.360902255639098,0.458646616541353,0.302112068965517,-0.0399929483389983,0.7,0.727,"moderate","pitcher","fixed_linear_weights_v1","sabrhood_player_summary_v1",944,0.436440677966102,0.422669491525424,"2026-09-19","2026-09-20 14:10:26 UTC",71.8,121,"descriptive_run_prevention_not_award_prediction"
663556,"Shane McClanahan","Tampa Bay Rays","L","2026-03-31","2026-09-03",487,441,93,64,18,1,10,39,0,4,106,0,143,337,140,28,158,72,92,15,174,87.4627976190476,8.95845697329377,-5.26529331160216,487,0.210884353741497,0.28099173553719,0.324263038548753,0.605254774085943,0.113378684807256,0.217659137577002,0.080082135523614,0.415430267062315,0.0830860534124629,0.468842729970326,0.213649851632047,0.27299703264095,0.516320474777448,0.268780991735537,-0.0108116905782385,0.83,0.871,"strong","pitcher","fixed_linear_weights_v1","sabrhood_player_summary_v1",1830,0.485245901639344,0.489617486338798,"2026-09-19","2026-09-20 14:10:26 UTC",71.6,122,"descriptive_run_prevention_not_award_prediction"
650633,"Michael King","San Diego Padres","R","2026-03-27","2026-09-17",738,654,142,101,19,2,20,68,0,12,154,1,225,501,164,41,226,103,134,38,225,86.3285714285714,13.6224899598394,-28.2186226148489,738,0.217125382262997,0.302040816326531,0.344036697247706,0.646077513574237,0.126911314984709,0.208672086720867,0.0921409214092141,0.327345309381238,0.0818363273453094,0.451097804391218,0.205588822355289,0.267465069860279,0.449101796407186,0.287510204081633,-0.0382366160092804,0.881,0.909,"strong","pitcher","fixed_linear_weights_v1","sabrhood_player_summary_v1",2900,0.464137931034483,0.466206896551724,"2026-09-19","2026-09-20 14:10:26 UTC",71.5,123,"descriptive_run_prevention_not_award_prediction"
663567,"Peter Lambert","Houston Astros","R","2026-04-17","2026-09-18",643,567,128,92,21,0,15,57,0,12,147,3,194,425,152,31,160,92,138,35,179,87.0630588235294,18.5858823529412,-12.7144005824482,643,0.225749559082892,0.30829420970266,0.342151675485009,0.650445885187669,0.116402116402116,0.228615863141524,0.088646967340591,0.357647058823529,0.0729411764705882,0.376470588235294,0.216470588235294,0.324705882352941,0.421176470588235,0.289702660406886,-0.0197735623366224,0.865,0.895,"strong","pitcher","fixed_linear_weights_v1","sabrhood_player_summary_v1",2540,0.489370078740157,0.467716535433071,"2026-09-19","2026-09-20 14:10:26 UTC",71.4,124,"descriptive_run_prevention_not_award_prediction"
663878,"Nate Pearson","Kansas City Royals","R","2026-05-20","2026-09-18",187,159,34,25,8,0,1,21,0,6,40,1,45,119,42,8,54,25,31,9,58,87.5194915254237,13.9830508474576,-2.94283129954606,187,0.213836477987421,0.32620320855615,0.283018867924528,0.609222076480678,0.0691823899371069,0.213903743315508,0.112299465240642,0.352941176470588,0.0672268907563025,0.453781512605042,0.210084033613445,0.260504201680672,0.487394957983193,0.282032085561497,-0.0157370657729736,0.652,0.704,"moderate","pitcher","fixed_linear_weights_v1","sabrhood_player_summary_v1",715,0.45034965034965,0.46013986013986,"2026-09-19","2026-09-20 14:10:26 UTC",70.9,125,"descriptive_run_prevention_not_award_prediction"
676742,"Cam Sanders","Baltimore Orioles","R","2026-04-18","2026-09-13",123,100,22,17,4,0,1,18,0,4,35,0,29,66,21,3,29,16,17,4,31,87.3848484848485,12.5757575757576,-1.89065508829859,123,0.22,0.360655737704918,0.29,0.650655737704918,0.07,0.284552845528455,0.146341463414634,0.318181818181818,0.0454545454545455,0.439393939393939,0.242424242424242,0.257575757575758,0.46969696969697,0.305163934426229,-0.0153711795796634,0.552,0.569,"moderate","pitcher","fixed_linear_weights_v1","sabrhood_player_summary_v1",510,0.447058823529412,0.429411764705882,"2026-09-19","2026-09-20 14:10:26 UTC",70.8,126,"descriptive_run_prevention_not_award_prediction"
684974,"Craig Yoho","Cleveland Guardians","R","2026-06-05","2026-09-15",159,137,26,13,7,0,6,17,0,3,40,0,51,98,31,7,41,27,24,6,48,84.5989583333333,15.125,-4.50939888121335,159,0.18978102189781,0.292993630573248,0.372262773722628,0.665256404295876,0.182481751824818,0.251572327044025,0.106918238993711,0.316326530612245,0.0714285714285714,0.418367346938776,0.275510204081633,0.244897959183673,0.489795918367347,0.29343949044586,-0.0283609992529142,0.614,0.662,"moderate","pitcher","fixed_linear_weights_v1","sabrhood_player_summary_v1",612,0.46078431372549,0.454248366013072,"2026-09-19","2026-09-20 14:10:26 UTC",70.6,127,"descriptive_run_prevention_not_award_prediction"
667755,"José Soriano","Toronto Blue Jays","R","2026-03-26","2026-09-19",730,645,147,111,19,0,17,72,0,9,167,1,217,480,178,34,257,108,99,16,247,87.9232217573222,4.92677824267782,-14.2032956420024,730,0.227906976744186,0.313617606602476,0.336434108527132,0.650051715129608,0.108527131782946,0.228767123287671,0.0986301369863014,0.370833333333333,0.0708333333333333,0.535416666666667,0.225,0.20625,0.514583333333333,0.29101788170564,-0.019456569372606,0.88,0.906,"strong","pitcher","fixed_linear_weights_v1","sabrhood_player_summary_v1",2868,0.466875871687587,0.444909344490934,"2026-09-19","2026-09-20 14:10:26 UTC",70.5,128,"descriptive_run_prevention_not_award_prediction"
592866,"Trevor Williams","Texas Rangers","R","2026-07-29","2026-09-18",110,96,22,15,4,0,3,9,0,2,30,3,35,69,25,4,32,16,18,3,32,86.3028985507246,10.9130434782609,-3.68849832367894,110,0.229166666666667,0.3,0.364583333333333,0.664583333333333,0.135416666666667,0.272727272727273,0.0818181818181818,0.36231884057971,0.0579710144927536,0.463768115942029,0.231884057971014,0.260869565217391,0.463768115942029,0.289454545454545,-0.0335318029425358,0.524,0.58,"moderate","pitcher","fixed_linear_weights_v1","sabrhood_player_summary_v1",470,0.487234042553191,0.431914893617021,"2026-09-19","2026-09-20 14:10:26 UTC",70.4,129,"descriptive_run_prevention_not_award_prediction"
669302,"Logan Gilbert","Seattle Mariners","R","2026-03-26","2026-09-15",717,657,143,78,36,1,28,45,0,7,194,3,265,466,191,44,183,111,134,38,217,88.4321888412017,15.6587982832618,-16.2676681344968,717,0.21765601217656,0.273876404494382,0.403348554033486,0.677224958527868,0.185692541856925,0.270571827057183,0.0627615062761506,0.409871244635193,0.0944206008583691,0.392703862660944,0.238197424892704,0.28755364806867,0.465665236051502,0.291025280898876,-0.0226885190160346,0.878,0.903,"strong","pitcher","fixed_linear_weights_v1","sabrhood_player_summary_v1",2841,0.504047870468145,0.486800422386484,"2026-09-19","2026-09-20 14:10:26 UTC",70.3,130,"descriptive_run_prevention_not_award_prediction"
683003,"Jared Jones","Pittsburgh Pirates","R","2026-05-29","2026-09-16",381,345,77,45,18,2,12,31,0,2,109,2,135,238,92,18,89,60,67,22,109,88.3806722689076,16.3529411764706,-3.12367289335396,381,0.223188405797101,0.289473684210526,0.391304347826087,0.680778032036613,0.168115942028986,0.286089238845144,0.0813648293963255,0.38655462184874,0.0756302521008403,0.373949579831933,0.252100840336134,0.281512605042017,0.457983193277311,0.294710526315789,-0.0081986165179894,0.792,0.826,"strong","pitcher","fixed_linear_weights_v1","sabrhood_player_summary_v1",1493,0.486269256530476,0.48292029470864,"2026-09-19","2026-09-20 14:10:26 UTC",70.2,131,"descriptive_run_prevention_not_award_prediction"
643410,"Mark Leiter Jr.","Athletics","R","2026-03-28","2026-07-18",146,130,33,26,5,0,2,11,1,4,38,1,44,91,29,3,39,25,22,5,49,86.7791208791209,14.4285714285714,0.479294662388114,146,0.253846153846154,0.328767123287671,0.338461538461538,0.66722866174921,0.0846153846153846,0.26027397260274,0.0753424657534247,0.318681318681319,0.032967032967033,0.428571428571429,0.274725274725275,0.241758241758242,0.538461538461538,0.295724137931034,0.00328284015334325,0.593,0.645,"moderate","pitcher","fixed_linear_weights_v1","sabrhood_player_summary_v1",551,0.460980036297641,0.451905626134301,"2026-09-19","2026-09-20 14:10:26 UTC",70.2,131,"descriptive_run_prevention_not_award_prediction"
699823,"Tyler Davis","Chicago White Sox","R","2026-04-25","2026-09-08",122,106,20,15,3,0,2,14,0,0,26,2,29,81,34,4,31,19,21,10,35,90.0037037037037,19.8271604938272,-1.82409108687259,122,0.188679245283019,0.278688524590164,0.273584905660377,0.552273430250541,0.0849056603773585,0.213114754098361,0.114754098360656,0.419753086419753,0.0493827160493827,0.382716049382716,0.234567901234568,0.259259259259259,0.432098765432099,0.250819672131148,-0.0149515662858409,0.55,0.618,"moderate","pitcher","fixed_linear_weights_v1","sabrhood_player_summary_v1",470,0.514893617021277,0.476595744680851,"2026-09-19","2026-09-20 14:10:26 UTC",70.2,131,"descriptive_run_prevention_not_award_prediction"
605447,"Jordan Romano","Colorado Rockies","R","2026-03-26","2026-09-18",142,122,27,19,4,1,3,17,0,1,36,2,42,88,29,4,28,26,23,11,43,87.1613636363636,17.7386363636364,4.08288433414903,142,0.221311475409836,0.316901408450704,0.344262295081967,0.661163703532671,0.122950819672131,0.253521126760563,0.119718309859155,0.329545454545455,0.0454545454545455,0.318181818181818,0.295454545454545,0.261363636363636,0.488636363636364,0.293802816901408,0.0287527065785143,0.587,0.638,"moderate","pitcher","fixed_linear_weights_v1","sabrhood_player_summary_v1",602,0.456810631229236,0.460132890365449,"2026-09-19","2026-09-20 14:10:26 UTC",70,134,"descriptive_run_prevention_not_award_prediction"
615698,"Cal Quantrill","Texas Rangers","R","2026-04-16","2026-09-19",442,409,89,61,15,0,13,24,0,6,81,2,143,331,120,23,133,78,92,28,133,88.6533333333333,16.9242424242424,-16.5451367872053,442,0.21760391198044,0.26984126984127,0.349633251833741,0.619474521675011,0.132029339853301,0.183257918552036,0.0542986425339367,0.362537764350453,0.0694864048338369,0.401812688821752,0.235649546827795,0.277945619335347,0.401812688821752,0.270498866213152,-0.0374324361701477,0.815,0.869,"strong","pitcher","fixed_linear_weights_v1","sabrhood_player_summary_v1",1669,0.481126423007789,0.486518873576992,"2026-09-19","2026-09-20 14:10:26 UTC",69.9,135,"descriptive_run_prevention_not_award_prediction"
680755,"Braydon Fisher","Toronto Blue Jays","R","2026-03-28","2026-09-18",303,254,52,36,7,1,8,38,1,3,73,4,85,187,74,17,83,42,47,15,101,86.2957219251337,11.951871657754,-9.55533744805427,303,0.204724409448819,0.311036789297659,0.334645669291339,0.645682458588998,0.12992125984252,0.240924092409241,0.125412541254125,0.39572192513369,0.0909090909090909,0.443850267379679,0.224598930481283,0.251336898395722,0.540106951871658,0.28755033557047,-0.0315357671552946,0.752,0.789,"strong","pitcher","fixed_linear_weights_v1","sabrhood_player_summary_v1",1237,0.437348423605497,0.436540016168149,"2026-09-19","2026-09-20 14:10:26 UTC",69.8,136,"descriptive_run_prevention_not_award_prediction"
668873,"Caleb Kilian","Philadelphia Phillies","R","2026-03-25","2026-08-09",207,181,43,34,2,1,6,20,0,1,56,1,65,129,45,10,63,22,35,9,60,85.5,11.5390625,3.26485387105192,207,0.237569060773481,0.315270935960591,0.359116022099448,0.674386958060039,0.121546961325967,0.270531400966184,0.0966183574879227,0.348837209302326,0.0775193798449612,0.488372093023256,0.170542635658915,0.271317829457364,0.465116279069767,0.298226600985222,0.0157722409229561,0.674,0.721,"moderate","pitcher","fixed_linear_weights_v1","sabrhood_player_summary_v1",786,0.487277353689567,0.482188295165394,"2026-09-19","2026-09-20 14:10:26 UTC",69.8,136,"descriptive_run_prevention_not_award_prediction"
677952,"Braxton Ashcraft","Pittsburgh Pirates","R","2026-03-30","2026-09-05",668,617,146,99,23,2,22,35,0,7,173,7,239,452,188,27,210,97,115,30,204,89.3131111111111,10.7977777777778,-11.311215383578,668,0.236628849270664,0.282282282282282,0.387358184764992,0.669640467047274,0.150729335494327,0.258982035928144,0.0523952095808383,0.415929203539823,0.0597345132743363,0.464601769911504,0.214601769911504,0.254424778761062,0.451327433628319,0.288543543543544,-0.0169329571610449,0.87,0.9,"strong","pitcher","fixed_linear_weights_v1","sabrhood_player_summary_v1",2413,0.520099461251554,0.516369664318276,"2026-09-19","2026-09-20 14:10:26 UTC",69.7,138,"descriptive_run_prevention_not_award_prediction"
663687,"Hogan Harris","Athletics","L","2026-03-27","2026-09-16",297,252,56,41,7,0,8,38,0,5,85,1,87,168,57,11,78,34,43,13,67,86.7059523809524,12.4047619047619,-4.52320926889937,297,0.222222222222222,0.334459459459459,0.345238095238095,0.679697554697555,0.123015873015873,0.286195286195286,0.127946127946128,0.339285714285714,0.0654761904761905,0.464285714285714,0.202380952380952,0.255952380952381,0.398809523809524,0.306283783783784,-0.015229660838045,0.748,0.771,"strong","pitcher","fixed_linear_weights_v1","sabrhood_player_summary_v1",1274,0.430141287284144,0.493720565149137,"2026-09-19","2026-09-20 14:10:26 UTC",69.7,138,"descriptive_run_prevention_not_award_prediction"
656794,"Sean Newcomb","Chicago White Sox","L","2026-03-26","2026-09-18",356,314,71,52,10,5,4,31,1,8,78,1,103,238,90,16,109,60,53,16,91,86.8743697478992,10.4915966386555,-13.6390907645606,356,0.226114649681529,0.310734463276836,0.328025477707006,0.638759940983842,0.101910828025478,0.219101123595506,0.0870786516853933,0.378151260504202,0.0672268907563025,0.457983193277311,0.252100840336134,0.222689075630252,0.382352941176471,0.284589235127479,-0.0383120527094398,0.781,0.826,"strong","pitcher","fixed_linear_weights_v1","sabrhood_player_summary_v1",1408,0.451704545454545,0.505681818181818,"2026-09-19","2026-09-20 14:10:26 UTC",69.5,140,"descriptive_run_prevention_not_award_prediction"
671737,"Taj Bradley","Minnesota Twins","R","2026-03-28","2026-09-17",724,644,139,89,26,1,23,73,0,4,199,2,236,448,202,39,160,120,132,36,201,90.5770089285714,14.9017857142857,-16.2457855481704,724,0.21583850931677,0.298755186721992,0.366459627329193,0.665214814051184,0.150621118012422,0.274861878453039,0.100828729281768,0.450892857142857,0.0870535714285714,0.357142857142857,0.267857142857143,0.294642857142857,0.448660714285714,0.292669432918396,-0.0224389303151525,0.879,0.9,"strong","pitcher","fixed_linear_weights_v1","sabrhood_player_summary_v1",2893,0.473211199446941,0.485655029381265,"2026-09-19","2026-09-20 14:10:26 UTC",69.4,141,"descriptive_run_prevention_not_award_prediction"
622088,"Tejay Antone","Cincinnati Reds","R","2026-05-06","2026-09-18",224,195,42,24,11,1,6,16,1,7,54,2,73,144,50,10,63,29,40,12,62,85.8442028985507,14.7826086956522,-7.59554594100438,224,0.215384615384615,0.295454545454545,0.374358974358974,0.66981351981352,0.158974358974359,0.241071428571429,0.0714285714285714,0.347222222222222,0.0694444444444444,0.4375,0.201388888888889,0.277777777777778,0.430555555555556,0.291187214611872,-0.0339086872366267,0.691,0.742,"moderate","pitcher","fixed_linear_weights_v1","sabrhood_player_summary_v1",867,0.463667820069204,0.489042675893887,"2026-09-19","2026-09-20 14:10:26 UTC",69.3,142,"descriptive_run_prevention_not_award_prediction"
642100,"Gabe Speier","Seattle Mariners","L","2026-03-26","2026-09-19",181,159,34,21,7,1,5,13,0,5,42,2,58,121,43,12,54,24,34,9,53,87.3025210084034,12.7416666666667,-2.78409545280275,181,0.213836477987421,0.290502793296089,0.364779874213836,0.655282667509926,0.150943396226415,0.232044198895028,0.0718232044198895,0.355371900826446,0.0991735537190083,0.446280991735537,0.198347107438017,0.28099173553719,0.43801652892562,0.286815642458101,-0.0153817428331644,0.644,0.708,"moderate","pitcher","fixed_linear_weights_v1","sabrhood_player_summary_v1",674,0.516320474777448,0.532640949554896,"2026-09-19","2026-09-20 14:10:26 UTC",69.3,142,"descriptive_run_prevention_not_award_prediction"
656240,"Scott Blewett","Athletics","R","2026-07-21","2026-09-18",139,125,31,23,6,0,2,10,0,0,30,3,43,99,34,4,55,21,19,4,44,86.9606060606061,6.65656565656566,-2.00448774448693,139,0.248,0.297101449275362,0.344,0.641101449275362,0.096,0.215827338129496,0.0719424460431655,0.343434343434343,0.0404040404040404,0.555555555555556,0.212121212121212,0.191919191919192,0.444444444444444,0.279710144927536,-0.0144207751401938,0.582,0.664,"moderate","pitcher","fixed_linear_weights_v1","sabrhood_player_summary_v1",512,0.533203125,0.435546875,"2026-09-19","2026-09-20 14:10:26 UTC",69.2,144,"descriptive_run_prevention_not_award_prediction"
605280,"Clay Holmes","Chicago Cubs","R","2026-03-30","2026-09-18",399,354,74,56,11,1,6,39,0,2,75,2,105,282,116,12,170,52,53,7,146,89.2637010676157,3.4270462633452,-14.9486514783014,399,0.209039548022599,0.289672544080605,0.296610169491525,0.58628271357213,0.0875706214689266,0.18796992481203,0.0977443609022556,0.411347517730496,0.0425531914893617,0.602836879432624,0.184397163120567,0.187943262411348,0.517730496453901,0.264206549118388,-0.0374652919255673,0.8,0.849,"strong","pitcher","fixed_linear_weights_v1","sabrhood_player_summary_v1",1535,0.457328990228013,0.456026058631922,"2026-09-19","2026-09-20 14:10:26 UTC",69.1,145,"descriptive_run_prevention_not_award_prediction"
489446,"Kirby Yates","Pittsburgh Pirates","R","2026-05-08","2026-08-30",169,145,31,20,8,0,3,17,0,4,47,2,48,101,47,6,32,29,28,12,44,90.1237623762376,20.2178217821782,-0.520396141536485,169,0.213793103448276,0.30952380952381,0.331034482758621,0.64055829228243,0.117241379310345,0.27810650887574,0.100591715976331,0.465346534653465,0.0594059405940594,0.316831683168317,0.287128712871287,0.277227722772277,0.435643564356436,0.286666666666667,-0.00307926710968335,0.628,0.669,"moderate","pitcher","fixed_linear_weights_v1","sabrhood_player_summary_v1",684,0.521929824561403,0.450292397660819,"2026-09-19","2026-09-20 14:10:26 UTC",69.1,145,"descriptive_run_prevention_not_award_prediction"
622554,"Seranthony Domínguez","Seattle Mariners","R","2026-03-28","2026-09-18",248,214,44,29,5,1,9,30,1,3,62,1,78,153,51,11,63,32,41,17,71,87.3966666666667,15.5894039735099,-0.21388610781495,248,0.205607476635514,0.310483870967742,0.364485981308411,0.674969852276153,0.158878504672897,0.25,0.120967741935484,0.333333333333333,0.0718954248366013,0.411764705882353,0.209150326797386,0.26797385620915,0.464052287581699,0.297732793522267,-0.0008624439831248,0.713,0.754,"moderate","pitcher","fixed_linear_weights_v1","sabrhood_player_summary_v1",1066,0.467166979362101,0.456848030018762,"2026-09-19","2026-09-20 14:10:26 UTC",68.9,147,"descriptive_run_prevention_not_award_prediction"
650911,"Cristopher Sánchez","Philadelphia Phillies","L","2026-03-26","2026-09-15",805,749,193,141,35,0,17,44,0,6,215,1,279,539,221,38,313,120,89,17,273,88.3919776119403,2.48237476808905,-27.3476965683284,805,0.257676902536716,0.30375,0.372496662216288,0.676246662216288,0.114819759679573,0.267080745341615,0.0546583850931677,0.410018552875696,0.0705009276437848,0.580705009276438,0.222634508348794,0.165120593692022,0.506493506493506,0.2954125,-0.0339722938736999,0.89,0.915,"strong","pitcher","fixed_linear_weights_v1","sabrhood_player_summary_v1",2960,0.502364864864865,0.465202702702703,"2026-09-19","2026-09-20 14:10:26 UTC",68.8,148,"descriptive_run_prevention_not_award_prediction"
641835,"Tim Mayza","Philadelphia Phillies","L","2026-03-28","2026-09-18",258,239,55,37,10,2,6,15,0,1,63,1,87,179,81,10,86,47,39,7,62,88.6290502793296,8.26815642458101,-5.02200201465909,258,0.230125523012552,0.27734375,0.364016736401674,0.641360486401674,0.133891213389121,0.244186046511628,0.0581395348837209,0.452513966480447,0.0558659217877095,0.480446927374302,0.262569832402235,0.217877094972067,0.346368715083799,0.2781640625,-0.0194651240878259,0.721,0.782,"strong","pitcher","fixed_linear_weights_v1","sabrhood_player_summary_v1",1049,0.452812202097235,0.483317445185891,"2026-09-19","2026-09-20 14:10:26 UTC",68.8,148,"descriptive_run_prevention_not_award_prediction"
642232,"Ryan Yarbrough","New York Yankees","L","2026-04-03","2026-09-18",253,225,49,33,10,3,3,22,1,4,43,0,74,182,44,6,65,45,52,20,80,81.9532967032967,17.5274725274725,-0.140897199588362,253,0.217777777777778,0.298804780876494,0.328888888888889,0.627693669765383,0.111111111111111,0.1699604743083,0.0869565217391304,0.241758241758242,0.032967032967033,0.357142857142857,0.247252747252747,0.285714285714286,0.43956043956044,0.27808,-0.000556905927226727,0.717,0.784,"strong","pitcher","fixed_linear_weights_v1","sabrhood_player_summary_v1",989,0.47118301314459,0.50252780586451,"2026-09-19","2026-09-20 14:10:26 UTC",68.7,150,"descriptive_run_prevention_not_award_prediction"
641755,"Tyler Kinley","Detroit Tigers","R","2026-03-27","2026-09-18",220,192,38,23,6,0,9,22,0,3,47,1,71,147,40,8,51,31,46,19,81,83.7705479452055,20.3972602739726,-6.44654104044157,220,0.197916666666667,0.288990825688073,0.369791666666667,0.65878249235474,0.171875,0.213636363636364,0.1,0.272108843537415,0.054421768707483,0.346938775510204,0.210884353741497,0.312925170068027,0.551020408163265,0.289495412844037,-0.0293024592747344,0.688,0.746,"moderate","pitcher","fixed_linear_weights_v1","sabrhood_player_summary_v1",885,0.44180790960452,0.466666666666667,"2026-09-19","2026-09-20 14:10:26 UTC",68.7,150,"descriptive_run_prevention_not_award_prediction"
680732,"Sean Burke","Chicago White Sox","R","2026-03-28","2026-09-19",701,625,140,86,32,4,18,61,0,9,178,3,234,446,174,38,161,110,136,39,187,89.105393258427,17.7533632286996,-12.1009826006791,701,0.224,0.300859598853868,0.3744,0.675259598853868,0.1504,0.253922967189729,0.087018544935806,0.390134529147982,0.0852017937219731,0.360986547085202,0.246636771300448,0.304932735426009,0.419282511210762,0.295630372492837,-0.0172624573476163,0.875,0.899,"strong","pitcher","fixed_linear_weights_v1","sabrhood_player_summary_v1",2789,0.487271423449265,0.491932592326999,"2026-09-19","2026-09-20 14:10:26 UTC",68.5,152,"descriptive_run_prevention_not_award_prediction"
700669,"Gordon Graceffo","St. Louis Cardinals","R","2026-03-31","2026-09-19",312,268,50,31,14,0,5,33,1,3,59,6,79,216,94,18,105,45,58,8,103,90.1194444444444,9.93055555555556,-14.5864997682464,312,0.186567164179104,0.27741935483871,0.294776119402985,0.572195474241695,0.108208955223881,0.189102564102564,0.105769230769231,0.435185185185185,0.0833333333333333,0.486111111111111,0.208333333333333,0.268518518518519,0.476851851851852,0.255436893203883,-0.0467516018213026,0.757,0.812,"strong","pitcher","fixed_linear_weights_v1","sabrhood_player_summary_v1",1178,0.456706281833616,0.440577249575552,"2026-09-19","2026-09-20 14:10:26 UTC",68.5,152,"descriptive_run_prevention_not_award_prediction"
656464,"Kevin Ginkel","Arizona Diamondbacks","R","2026-03-27","2026-09-19",263,242,56,34,12,1,9,15,0,1,67,4,97,178,70,17,70,44,51,13,76,88.1095505617977,14.4775280898876,1.54588776139664,263,0.231404958677686,0.274809160305344,0.400826446280992,0.675635606586335,0.169421487603306,0.254752851711027,0.0570342205323194,0.393258426966292,0.0955056179775281,0.393258426966292,0.247191011235955,0.286516853932584,0.426966292134831,0.28824427480916,0.0058779002334473,0.725,0.781,"strong","pitcher","fixed_linear_weights_v1","sabrhood_player_summary_v1",1047,0.501432664756447,0.445081184336199,"2026-09-19","2026-09-20 14:10:26 UTC",68.1,154,"descriptive_run_prevention_not_award_prediction"
656529,"Sam Hentges","San Francisco Giants","L","2026-05-10","2026-08-25",154,126,30,25,5,0,0,22,1,4,35,2,35,92,28,3,44,18,23,7,31,85.8597826086957,11.2173913043478,2.81509159723533,154,0.238095238095238,0.363636363636364,0.277777777777778,0.641414141414141,0.0396825396825397,0.227272727272727,0.142857142857143,0.304347826086957,0.0326086956521739,0.478260869565217,0.195652173913043,0.25,0.33695652173913,0.297843137254902,0.0182798155664632,0.606,0.648,"moderate","pitcher","fixed_linear_weights_v1","sabrhood_player_summary_v1",617,0.431118314424635,0.453808752025932,"2026-09-19","2026-09-20 14:10:26 UTC",68,155,"descriptive_run_prevention_not_award_prediction"
681676,"Ryan Fernandez","St. Louis Cardinals","R","2026-04-13","2026-09-02",100,88,19,10,7,0,2,11,0,0,28,1,32,61,24,4,25,16,17,3,29,87.1393442622951,7.62295081967213,1.69364077750732,100,0.215909090909091,0.3,0.363636363636364,0.663636363636364,0.147727272727273,0.28,0.11,0.39344262295082,0.0655737704918033,0.409836065573771,0.262295081967213,0.278688524590164,0.475409836065574,0.2909,0.0169364077750732,0.5,0.55,"moderate","pitcher","fixed_linear_weights_v1","sabrhood_player_summary_v1",387,0.48578811369509,0.439276485788114,"2026-09-19","2026-09-20 14:10:26 UTC",68,155,"descriptive_run_prevention_not_award_prediction"
681895,"Evan Sisk","Pittsburgh Pirates","L","2026-04-13","2026-09-01",187,151,33,22,9,0,2,23,0,9,48,2,48,106,32,4,47,27,16,16,44,84.161320754717,11.4716981132075,0.951863825366399,187,0.218543046357616,0.351351351351351,0.317880794701987,0.669232146053338,0.0993377483443709,0.25668449197861,0.122994652406417,0.30188679245283,0.0377358490566038,0.443396226415094,0.254716981132075,0.150943396226415,0.415094339622642,0.307513513513513,0.00509018088431229,0.652,0.679,"moderate","pitcher","fixed_linear_weights_v1","sabrhood_player_summary_v1",791,0.410872313527181,0.439949431099874,"2026-09-19","2026-09-20 14:10:26 UTC",67.9,157,"descriptive_run_prevention_not_award_prediction"
668933,"Graham Ashcraft","Cincinnati Reds","R","2026-03-26","2026-09-16",136,114,25,17,5,1,2,22,2,0,37,0,38,76,25,4,39,16,16,5,32,86.6085714285714,14.7714285714286,0.647470205430153,136,0.219298245614035,0.345588235294118,0.333333333333333,0.678921568627451,0.114035087719298,0.272058823529412,0.161764705882353,0.328947368421053,0.0526315789473684,0.513157894736842,0.210526315789474,0.210526315789474,0.421052631578947,0.302537313432836,0.00476081033404524,0.576,0.603,"moderate","pitcher","fixed_linear_weights_v1","sabrhood_player_summary_v1",555,0.448648648648649,0.43963963963964,"2026-09-19","2026-09-20 14:10:26 UTC",67.9,157,"descriptive_run_prevention_not_award_prediction"
641302,"Tyler Alexander","Texas Rangers","L","2026-03-26","2026-09-18",291,262,66,51,11,1,3,21,0,4,58,2,88,208,66,7,110,40,46,12,104,85.6153846153846,7.84134615384615,-6.88402006747213,291,0.251908396946565,0.314878892733564,0.33587786259542,0.650756755328984,0.083969465648855,0.199312714776632,0.0721649484536082,0.317307692307692,0.0336538461538462,0.528846153846154,0.192307692307692,0.221153846153846,0.5,0.288858131487889,-0.0236564263487015,0.744,0.806,"strong","pitcher","fixed_linear_weights_v1","sabrhood_player_summary_v1",1119,0.464700625558534,0.46916890080429,"2026-09-19","2026-09-20 14:10:26 UTC",67.8,159,"descriptive_run_prevention_not_award_prediction"
682243,"Bryce Miller","Seattle Mariners","R","2026-05-13","2026-09-19",458,419,94,57,15,2,20,35,0,2,112,1,173,309,99,24,118,64,104,23,150,86.7937908496732,15.843137254902,-3.49709233766018,458,0.224343675417661,0.286652078774617,0.412887828162291,0.699539906936908,0.18854415274463,0.244541484716157,0.0764192139737991,0.320388349514563,0.0776699029126214,0.381877022653722,0.207119741100324,0.336569579288026,0.485436893203884,0.301247264770241,-0.00763557278965104,0.821,0.861,"strong","pitcher","fixed_linear_weights_v1","sabrhood_player_summary_v1",1793,0.539877300613497,0.489124372559955,"2026-09-19","2026-09-20 14:10:26 UTC",67.7,160,"descriptive_run_prevention_not_award_prediction"
690978,"Dax Fulton","Miami Marlins","L","2026-05-06","2026-09-18",110,93,19,14,2,2,1,15,0,1,26,1,28,68,28,4,40,17,8,3,33,89.6253731343284,3.85074626865672,-3.82872272801787,110,0.204301075268817,0.318181818181818,0.301075268817204,0.619257086999022,0.0967741935483871,0.236363636363636,0.136363636363636,0.411764705882353,0.0588235294117647,0.588235294117647,0.25,0.117647058823529,0.485294117647059,0.281818181818182,-0.034806570254708,0.524,0.576,"moderate","pitcher","fixed_linear_weights_v1","sabrhood_player_summary_v1",437,0.439359267734554,0.432494279176201,"2026-09-19","2026-09-20 14:10:26 UTC",67.7,160,"descriptive_run_prevention_not_award_prediction"
694477,"Chad Patrick","Milwaukee Brewers","R","2026-03-28","2026-09-18",426,375,82,53,17,2,10,41,0,4,93,2,133,287,106,19,113,58,87,29,121,87.2524475524475,16,-12.1585160963264,426,0.218666666666667,0.300947867298578,0.354666666666667,0.655614533965245,0.136,0.21830985915493,0.0962441314553991,0.369337979094077,0.0662020905923345,0.393728222996516,0.202090592334495,0.303135888501742,0.421602787456446,0.28936018957346,-0.0285411175970103,0.81,0.852,"strong","pitcher","fixed_linear_weights_v1","sabrhood_player_summary_v1",1676,0.479713603818616,0.474940334128878,"2026-09-19","2026-09-20 14:10:26 UTC",67.5,162,"descriptive_run_prevention_not_award_prediction"
663855,"Jordan Hicks","Chicago White Sox","R","2026-03-26","2026-09-18",208,175,40,27,9,0,4,31,2,1,61,2,61,114,39,2,54,25,28,7,44,88.5410714285714,12.9203539823009,-2.49141053208055,208,0.228571428571429,0.344497607655502,0.348571428571429,0.693069036226931,0.12,0.293269230769231,0.149038461538462,0.342105263157895,0.0175438596491228,0.473684210526316,0.219298245614035,0.245614035087719,0.385964912280702,0.30768115942029,-0.0119779352503873,0.675,0.695,"moderate","pitcher","fixed_linear_weights_v1","sabrhood_player_summary_v1",850,0.443529411764706,0.470588235294118,"2026-09-19","2026-09-20 14:10:26 UTC",67.4,163,"descriptive_run_prevention_not_award_prediction"
702021,"Will Dion","Washington Nationals","L","2026-05-26","2026-09-19",177,161,37,22,8,0,7,14,0,1,49,1,66,112,36,8,42,23,38,9,47,85.7883928571429,14.9553571428571,0.281400857613111,177,0.229813664596273,0.293785310734463,0.409937888198758,0.703723198933221,0.180124223602484,0.27683615819209,0.0790960451977401,0.321428571428571,0.0714285714285714,0.375,0.205357142857143,0.339285714285714,0.419642857142857,0.303559322033898,0.00158983535374639,0.639,0.691,"moderate","pitcher","fixed_linear_weights_v1","sabrhood_player_summary_v1",685,0.510948905109489,0.487591240875912,"2026-09-19","2026-09-20 14:10:26 UTC",67.3,164,"descriptive_run_prevention_not_award_prediction"
696147,"Sam Bachman","Los Angeles Angels","R","2026-03-27","2026-09-19",204,174,35,22,7,0,6,27,0,3,47,0,60,125,40,9,63,30,26,6,67,85.6666666666667,5.52032520325203,-4.6053577837528,204,0.201149425287356,0.318627450980392,0.344827586206897,0.663455037187289,0.14367816091954,0.230392156862745,0.132352941176471,0.32,0.072,0.504,0.24,0.208,0.536,0.298480392156863,-0.0225752832536902,0.671,0.714,"moderate","pitcher","fixed_linear_weights_v1","sabrhood_player_summary_v1",776,0.439432989690722,0.456185567010309,"2026-09-19","2026-09-20 14:10:26 UTC",67.2,165,"descriptive_run_prevention_not_award_prediction"
687562,"Jake Bennett","Boston Red Sox","L","2026-05-01","2026-09-16",439,410,101,73,16,0,12,18,0,3,90,4,153,328,126,26,145,67,90,26,144,86.8621951219512,11.4542682926829,-9.82096757836356,439,0.246341463414634,0.280459770114943,0.373170731707317,0.65363050182226,0.126829268292683,0.20501138952164,0.041002277904328,0.384146341463415,0.0792682926829268,0.442073170731707,0.204268292682927,0.274390243902439,0.439024390243902,0.282252873563218,-0.022371224552081,0.814,0.868,"strong","pitcher","fixed_linear_weights_v1","sabrhood_player_summary_v1",1553,0.540244687701223,0.482292337411462,"2026-09-19","2026-09-20 14:10:26 UTC",67,166,"descriptive_run_prevention_not_award_prediction"
672456,"Keider Montero","Detroit Tigers","R","2026-04-05","2026-09-16",611,562,123,77,27,2,17,35,1,6,102,4,205,467,172,34,190,97,126,54,212,87.9304721030043,15.4678111587983,-15.5774935712621,611,0.218861209964413,0.270181219110379,0.364768683274021,0.6349499023844,0.145907473309609,0.166939443535188,0.0572831423895254,0.36830835117773,0.0728051391862955,0.406852248394004,0.207708779443255,0.269807280513919,0.453961456102784,0.274438943894389,-0.0254950794947007,0.859,0.903,"strong","pitcher","fixed_linear_weights_v1","sabrhood_player_summary_v1",2247,0.478415665331553,0.522474410324878,"2026-09-19","2026-09-20 14:10:26 UTC",66.9,167,"descriptive_run_prevention_not_award_prediction"
663738,"Daniel Lynch IV","Kansas City Royals","L","2026-03-30","2026-09-16",312,284,59,35,17,1,6,23,0,3,52,1,96,234,87,13,113,48,57,16,112,87.987982832618,12.1072961373391,-8.18313141420897,312,0.207746478873239,0.273311897106109,0.338028169014085,0.611340066120194,0.130281690140845,0.166666666666667,0.0737179487179487,0.371794871794872,0.0555555555555556,0.482905982905983,0.205128205128205,0.243589743589744,0.478632478632479,0.268585209003215,-0.0262279853019518,0.757,0.824,"strong","pitcher","fixed_linear_weights_v1","sabrhood_player_summary_v1",1146,0.469458987783595,0.468586387434555,"2026-09-19","2026-09-20 14:10:26 UTC",66.9,167,"descriptive_run_prevention_not_award_prediction"
681217,"Chase Silseth","Texas Rangers","R","2026-03-26","2026-09-19",254,216,51,37,7,2,5,30,0,4,69,2,77,151,49,15,59,40,46,6,55,85.8079470198676,13.3443708609272,0.780609457578911,254,0.236111111111111,0.337301587301587,0.356481481481481,0.693783068783069,0.12037037037037,0.271653543307087,0.118110236220472,0.324503311258278,0.0993377483443709,0.390728476821192,0.264900662251656,0.304635761589404,0.364238410596026,0.309484126984127,0.00307326558101934,0.718,0.751,"strong","pitcher","fixed_linear_weights_v1","sabrhood_player_summary_v1",1045,0.470813397129187,0.45933014354067,"2026-09-19","2026-09-20 14:10:26 UTC",66.8,169,"descriptive_run_prevention_not_award_prediction"
669711,"Greg Weissert","Boston Red Sox","R","2026-03-28","2026-09-18",248,227,55,37,10,0,8,17,0,2,59,2,89,168,52,9,71,34,52,11,74,86.2184523809524,11.4642857142857,-1.32214564114292,248,0.242290748898678,0.298387096774194,0.392070484581498,0.690457581355691,0.149779735682819,0.237903225806452,0.0685483870967742,0.30952380952381,0.0535714285714286,0.422619047619048,0.202380952380952,0.30952380952381,0.44047619047619,0.299233870967742,-0.00533123242396339,0.713,0.771,"moderate","pitcher","fixed_linear_weights_v1","sabrhood_player_summary_v1",969,0.499484004127967,0.484004127966976,"2026-09-19","2026-09-20 14:10:26 UTC",66.7,170,"descriptive_run_prevention_not_award_prediction"
820862,"José Fermin","Los Angeles Angels","R","2026-04-27","2026-09-15",225,197,43,28,9,0,6,23,1,4,61,1,70,137,59,11,66,33,32,6,78,90.107299270073,10.1751824817518,-0.470183007155346,225,0.218274111675127,0.311111111111111,0.355329949238579,0.66644106034969,0.137055837563452,0.271111111111111,0.102222222222222,0.430656934306569,0.0802919708029197,0.481751824817518,0.240875912408759,0.233576642335766,0.569343065693431,0.294285714285714,-0.00208970225402376,0.692,0.733,"moderate","pitcher","fixed_linear_weights_v1","sabrhood_player_summary_v1",940,0.491489361702128,0.471276595744681,"2026-09-19","2026-09-20 14:10:26 UTC",66.4,171,"descriptive_run_prevention_not_award_prediction"
543243,"Sonny Gray","Boston Red Sox","R","2026-03-28","2026-09-17",664,609,144,92,35,1,16,45,0,5,146,3,229,465,179,29,217,121,108,19,251,88.9332608695652,10.1913043478261,-28.5221695090141,664,0.236453201970443,0.293051359516616,0.376026272577997,0.669077632094613,0.139573070607553,0.219879518072289,0.0677710843373494,0.38494623655914,0.0623655913978495,0.466666666666667,0.260215053763441,0.232258064516129,0.539784946236559,0.291132930513595,-0.0429550745617683,0.869,0.903,"strong","pitcher","fixed_linear_weights_v1","sabrhood_player_summary_v1",2397,0.47392574050897,0.467250730079266,"2026-09-19","2026-09-20 14:10:26 UTC",66.3,172,"descriptive_run_prevention_not_award_prediction"
702193,"Andrew Morris","Minnesota Twins","R","2026-04-12","2026-09-19",304,277,71,53,12,2,4,21,0,2,65,2,99,215,72,11,99,47,57,12,85,85.8730232558139,10.9488372093023,3.18771423347844,304,0.256317689530686,0.311258278145695,0.357400722021661,0.668659000167356,0.101083032490975,0.213815789473684,0.0690789473684211,0.334883720930233,0.0511627906976744,0.46046511627907,0.218604651162791,0.265116279069767,0.395348837209302,0.29341059602649,0.0104859020838106,0.752,0.811,"strong","pitcher","fixed_linear_weights_v1","sabrhood_player_summary_v1",1237,0.489894907033145,0.519805982215036,"2026-09-19","2026-09-20 14:10:26 UTC",66.3,172,"descriptive_run_prevention_not_award_prediction"
676775,"Keaton Winn","San Francisco Giants","R","2026-03-25","2026-08-16",176,154,34,23,7,1,3,16,0,3,33,2,52,123,41,6,61,29,26,7,67,86.3508196721312,6.60975609756098,-5.41626207304201,176,0.220779220779221,0.302857142857143,0.337662337662338,0.64051948051948,0.116883116883117,0.1875,0.0909090909090909,0.333333333333333,0.0487804878048781,0.495934959349593,0.235772357723577,0.211382113821138,0.544715447154472,0.284057142857143,-0.0307742163241023,0.638,0.711,"moderate","pitcher","fixed_linear_weights_v1","sabrhood_player_summary_v1",644,0.47360248447205,0.492236024844721,"2026-09-19","2026-09-20 14:10:26 UTC",66.2,174,"descriptive_run_prevention_not_award_prediction"
663542,"Bryan Hudson","Chicago White Sox","L","2026-03-28","2026-09-18",270,238,62,51,6,0,5,17,2,4,59,6,83,188,71,9,88,42,49,9,85,86.3409574468085,11.781914893617,-4.15627166453326,270,0.260504201680672,0.313207547169811,0.348739495798319,0.661947042968131,0.088235294117647,0.218518518518519,0.062962962962963,0.377659574468085,0.0478723404255319,0.468085106382979,0.223404255319149,0.26063829787234,0.452127659574468,0.28745247148289,-0.0153935987575306,0.73,0.79,"strong","pitcher","fixed_linear_weights_v1","sabrhood_player_summary_v1",1013,0.479763079960513,0.567620927936821,"2026-09-19","2026-09-20 14:10:26 UTC",66.1,175,"descriptive_run_prevention_not_award_prediction"
657277,"Logan Webb","San Francisco Giants","R","2026-03-25","2026-09-13",669,613,147,110,16,8,13,41,0,11,134,1,218,481,186,23,249,111,99,22,229,87.7320083682008,7.14435146443515,-0.0500804453635964,669,0.239804241435563,0.298798798798799,0.355628058727569,0.654426857526368,0.115823817292006,0.200298953662182,0.0612855007473842,0.386694386694387,0.0478170478170478,0.517671517671518,0.230769230769231,0.205821205821206,0.476091476091476,0.287477477477477,-7.48586627258541e-05,0.87,0.906,"strong","pitcher","fixed_linear_weights_v1","sabrhood_player_summary_v1",2488,0.47588424437299,0.467845659163987,"2026-09-19","2026-09-20 14:10:26 UTC",65.8,176,"descriptive_run_prevention_not_award_prediction"
675512,"Troy Melton","Detroit Tigers","R","2026-05-24","2026-09-14",451,408,88,52,21,2,13,34,0,6,90,2,152,321,120,20,137,79,76,29,154,88.2676012461059,14.1152647975078,-17.6205324757886,451,0.215686274509804,0.284444444444444,0.372549019607843,0.656993464052288,0.156862745098039,0.199556541019956,0.0753880266075388,0.373831775700935,0.0623052959501558,0.426791277258567,0.246105919003115,0.236760124610592,0.479750778816199,0.286288888888889,-0.0390699167977575,0.819,0.865,"strong","pitcher","fixed_linear_weights_v1","sabrhood_player_summary_v1",1690,0.500591715976331,0.481065088757396,"2026-09-19","2026-09-20 14:10:26 UTC",65.8,176,"descriptive_run_prevention_not_award_prediction"
643377,"Griffin Jax","Tampa Bay Rays","R","2026-03-26","2026-09-15",433,389,92,62,15,0,15,32,0,2,110,6,152,285,115,27,130,71,70,14,126,87.6954225352113,10.6197183098592,3.29910310004616,433,0.236503856041131,0.293706293706294,0.390745501285347,0.684451794991641,0.154241645244216,0.254041570438799,0.0739030023094688,0.403508771929825,0.0947368421052632,0.456140350877193,0.249122807017544,0.245614035087719,0.442105263157895,0.295641025641026,0.00761917575068397,0.812,0.851,"strong","pitcher","fixed_linear_weights_v1","sabrhood_player_summary_v1",1602,0.483770287141074,0.450062421972534,"2026-09-19","2026-09-20 14:10:26 UTC",65.7,178,"descriptive_run_prevention_not_award_prediction"
669165,"Kyle Hurt","Los Angeles Dodgers","R","2026-04-15","2026-09-04",191,167,37,24,8,0,5,22,0,1,56,0,60,111,46,9,48,27,28,8,55,89.2288288288288,12.3243243243243,1.76177094054227,191,0.221556886227545,0.315789473684211,0.359281437125749,0.675070910809959,0.137724550898204,0.293193717277487,0.115183246073298,0.414414414414414,0.0810810810810811,0.432432432432432,0.243243243243243,0.252252252252252,0.495495495495495,0.299947368421053,0.00922393162587575,0.656,0.689,"moderate","pitcher","fixed_linear_weights_v1","sabrhood_player_summary_v1",718,0.515320334261838,0.513927576601671,"2026-09-19","2026-09-20 14:10:26 UTC",65.7,178,"descriptive_run_prevention_not_award_prediction"
665622,"Luis Medina","Athletics","R","2026-03-28","2026-09-18",298,255,60,41,11,1,7,33,0,4,89,4,94,171,66,9,70,38,54,9,72,89.1726190476191,11.3630952380952,-2.73618374090016,298,0.235294117647059,0.327702702702703,0.368627450980392,0.696330153683095,0.133333333333333,0.298657718120805,0.110738255033557,0.385964912280702,0.0526315789473684,0.409356725146199,0.222222222222222,0.315789473684211,0.421052631578947,0.307432432432432,-0.00918182463389315,0.749,0.774,"strong","pitcher","fixed_linear_weights_v1","sabrhood_player_summary_v1",1203,0.435577722360765,0.458021612635079,"2026-09-19","2026-09-20 14:10:26 UTC",65.6,180,"descriptive_run_prevention_not_award_prediction"
670950,"Trevor Richards","Chicago White Sox","R","2026-04-30","2026-09-18",310,286,63,37,14,1,11,19,0,1,68,3,112,221,91,17,68,47,83,23,93,90.4226244343891,21.0723981900452,-6.40019906542023,310,0.22027972027972,0.268608414239482,0.391608391608392,0.660216805847874,0.171328671328671,0.219354838709677,0.0612903225806452,0.411764705882353,0.0769230769230769,0.307692307692308,0.212669683257919,0.375565610859729,0.420814479638009,0.282912621359223,-0.0206458034368395,0.756,0.815,"strong","pitcher","fixed_linear_weights_v1","sabrhood_player_summary_v1",1186,0.489038785834739,0.483136593591906,"2026-09-19","2026-09-20 14:10:26 UTC",65.5,181,"descriptive_run_prevention_not_award_prediction"
682989,"Victor Mederos","Atlanta Braves","R","2026-05-20","2026-09-19",136,119,27,19,5,2,1,12,0,3,30,1,39,91,36,5,31,21,25,14,37,87.5296703296703,22.6813186813187,-3.0530359243121,136,0.226890756302521,0.311111111111111,0.327731092436975,0.638842203548086,0.100840336134454,0.220588235294118,0.0882352941176471,0.395604395604396,0.0549450549450549,0.340659340659341,0.230769230769231,0.274725274725275,0.406593406593407,0.285111111111111,-0.0224487935611184,0.576,0.645,"moderate","pitcher","fixed_linear_weights_v1","sabrhood_player_summary_v1",533,0.49155722326454,0.433395872420263,"2026-09-19","2026-09-20 14:10:26 UTC",65.4,182,"descriptive_run_prevention_not_award_prediction"
695418,"Brad Lord","Washington Nationals","R","2026-03-26","2026-09-18",343,301,68,49,9,0,10,29,1,8,74,2,107,231,85,14,128,42,46,15,93,86.7109649122807,5.26315789473684,1.15999693606196,343,0.225913621262458,0.308823529411765,0.355481727574751,0.664305256986516,0.129568106312292,0.215743440233236,0.0845481049562682,0.367965367965368,0.0606060606060606,0.554112554112554,0.181818181818182,0.199134199134199,0.402597402597403,0.293392330383481,0.00338191526548678,0.774,0.822,"strong","pitcher","fixed_linear_weights_v1","sabrhood_player_summary_v1",1418,0.499294781382228,0.521861777150917,"2026-09-19","2026-09-20 14:10:26 UTC",65.3,183,"descriptive_run_prevention_not_award_prediction"
687941,"Alec Gamboa","Boston Red Sox","L","2026-05-05","2026-09-17",115,102,22,14,6,1,1,9,0,1,21,2,33,84,33,2,45,19,15,5,44,88.8746987951807,5.7710843373494,-7.78777333155971,115,0.215686274509804,0.280701754385965,0.323529411764706,0.604231166150671,0.107843137254902,0.182608695652174,0.0782608695652174,0.392857142857143,0.0238095238095238,0.535714285714286,0.226190476190476,0.178571428571429,0.523809523809524,0.265438596491228,-0.0677197681005192,0.535,0.627,"moderate","pitcher","fixed_linear_weights_v1","sabrhood_player_summary_v1",397,0.521410579345088,0.513853904282116,"2026-09-19","2026-09-20 14:10:26 UTC",64.9,184,"descriptive_run_prevention_not_award_prediction"
656756,"Jordan Montgomery","Texas Rangers","L","2026-08-09","2026-09-19",87,81,17,11,3,0,3,5,0,1,15,0,29,66,22,5,39,9,15,3,31,86.5348484848485,3.81818181818182,-0.301653255343225,87,0.209876543209877,0.264367816091954,0.358024691358025,0.622392507449979,0.148148148148148,0.172413793103448,0.0574712643678161,0.333333333333333,0.0757575757575758,0.590909090909091,0.136363636363636,0.227272727272727,0.46969696969697,0.271264367816092,-0.00346727879704856,0.465,0.569,"developing","pitcher","fixed_linear_weights_v1","sabrhood_player_summary_v1",357,0.470588235294118,0.464985994397759,"2026-09-19","2026-09-20 14:10:26 UTC",64.7,185,"descriptive_run_prevention_not_award_prediction"
641941,"Emilio Pagán","Cincinnati Reds","R","2026-03-28","2026-09-18",167,149,31,18,5,1,7,11,1,4,43,3,59,108,49,11,27,20,44,17,53,90.0953703703704,26.6851851851852,-5.46886717521903,167,0.208053691275168,0.275449101796407,0.395973154362416,0.671422256158823,0.187919463087248,0.25748502994012,0.0658682634730539,0.453703703703704,0.101851851851852,0.25,0.185185185185185,0.407407407407407,0.490740740740741,0.285843373493976,-0.0327477076360421,0.625,0.684,"moderate","pitcher","fixed_linear_weights_v1","sabrhood_player_summary_v1",650,0.510769230769231,0.48,"2026-09-19","2026-09-20 14:10:26 UTC",64.6,186,"descriptive_run_prevention_not_award_prediction"
593958,"Eduardo Rodriguez","Arizona Diamondbacks","L","2026-03-28","2026-09-18",762,695,164,110,32,4,18,62,0,1,140,0,258,558,184,38,227,132,160,39,244,86.3729390681004,14.7347670250896,-29.1019322362922,762,0.235971223021583,0.299472295514512,0.371223021582734,0.670695317097246,0.135251798561151,0.183727034120735,0.0813648293963255,0.329749103942652,0.0681003584229391,0.406810035842294,0.236559139784946,0.28673835125448,0.437275985663082,0.293403693931398,-0.0381915121211183,0.884,0.918,"strong","pitcher","fixed_linear_weights_v1","sabrhood_player_summary_v1",2975,0.484033613445378,0.463865546218487,"2026-09-19","2026-09-20 14:10:26 UTC",64.5,187,"descriptive_run_prevention_not_award_prediction"
681982,"Grant Anderson","Milwaukee Brewers","R","2026-03-26","2026-09-06",234,211,43,20,13,2,8,21,0,1,52,1,84,159,59,12,62,28,47,22,90,87.6119496855346,20.4591194968553,-6.19837635147459,234,0.203791469194313,0.277777777777778,0.398104265402844,0.675882043180621,0.194312796208531,0.222222222222222,0.0897435897435897,0.371069182389937,0.0754716981132075,0.389937106918239,0.176100628930818,0.29559748427673,0.566037735849057,0.291153846153846,-0.0264887878268145,0.701,0.761,"moderate","pitcher","fixed_linear_weights_v1","sabrhood_player_summary_v1",918,0.486928104575163,0.470588235294118,"2026-09-19","2026-09-20 14:10:26 UTC",64.1,188,"descriptive_run_prevention_not_award_prediction"
702070,"Noah Cameron","Kansas City Royals","L","2026-04-01","2026-09-19",719,652,152,94,36,3,19,54,1,5,155,5,251,504,190,41,203,129,139,33,249,87.8324055666004,14.5049701789264,-4.85115065314362,719,0.233128834355828,0.294692737430168,0.384969325153374,0.679662062583542,0.151840490797546,0.21557719054242,0.0751043115438109,0.376984126984127,0.0813492063492064,0.402777777777778,0.255952380952381,0.275793650793651,0.494047619047619,0.294265734265734,-0.00674708018517888,0.878,0.91,"strong","pitcher","fixed_linear_weights_v1","sabrhood_player_summary_v1",2792,0.484598853868195,0.474928366762178,"2026-09-19","2026-09-20 14:10:26 UTC",64,189,"descriptive_run_prevention_not_award_prediction"
669372,"J.T. Ginn","Athletics","R","2026-03-29","2026-08-26",582,508,114,76,21,0,17,57,1,9,121,6,186,393,139,25,182,91,95,25,191,86.5434782608696,10,-9.01004495488943,582,0.224409448818898,0.310344827586207,0.366141732283465,0.676486559869671,0.141732283464567,0.207903780068729,0.0979381443298969,0.353689567430025,0.0636132315521628,0.463104325699746,0.231552162849873,0.241730279898219,0.486005089058524,0.297426597582038,-0.0154811768984354,0.853,0.887,"strong","pitcher","fixed_linear_weights_v1","sabrhood_player_summary_v1",2183,0.45716903344022,0.42647732478241,"2026-09-19","2026-09-20 14:10:26 UTC",63.9,190,"descriptive_run_prevention_not_award_prediction"
596001,"Jakob Junis","Texas Rangers","R","2026-03-28","2026-09-17",218,201,49,38,7,0,4,12,1,5,37,0,68,164,58,6,70,47,39,8,76,87.434756097561,12.140243902439,-7.78731303565686,218,0.243781094527363,0.302752293577982,0.338308457711443,0.641060751289424,0.0945273631840796,0.169724770642202,0.055045871559633,0.353658536585366,0.0365853658536585,0.426829268292683,0.286585365853659,0.23780487804878,0.463414634146341,0.282718894009217,-0.0357216194296186,0.686,0.766,"moderate","pitcher","fixed_linear_weights_v1","sabrhood_player_summary_v1",779,0.468549422336329,0.518613607188703,"2026-09-19","2026-09-20 14:10:26 UTC",63.8,191,"descriptive_run_prevention_not_award_prediction"
669432,"Trevor Rogers","Baltimore Orioles","L","2026-03-26","2026-09-19",683,635,157,99,34,5,19,39,0,3,153,6,258,487,176,30,193,118,121,55,215,87.6507246376812,17.5185950413223,-2.51769633023087,683,0.247244094488189,0.291361639824305,0.406299212598425,0.69766085242273,0.159055118110236,0.224011713030747,0.0571010248901903,0.361396303901437,0.0616016427104723,0.396303901437372,0.242299794661191,0.248459958932238,0.441478439425051,0.299180087847731,-0.00368623181585779,0.872,0.907,"strong","pitcher","fixed_linear_weights_v1","sabrhood_player_summary_v1",2634,0.529612756264237,0.518223234624146,"2026-09-19","2026-09-20 14:10:26 UTC",63.7,192,"descriptive_run_prevention_not_award_prediction"
683627,"Anthony Molina","San Francisco Giants","R","2026-05-01","2026-09-16",114,108,25,15,6,1,3,6,0,0,25,0,42,83,32,7,33,21,27,2,33,86.466265060241,12.1686746987952,1.81227169741527,114,0.231481481481481,0.271929824561404,0.388888888888889,0.660818713450292,0.157407407407407,0.219298245614035,0.0526315789473684,0.385542168674699,0.0843373493975904,0.397590361445783,0.253012048192771,0.325301204819277,0.397590361445783,0.283947368421053,0.0158971201527655,0.533,0.624,"moderate","pitcher","fixed_linear_weights_v1","sabrhood_player_summary_v1",457,0.512035010940919,0.487964989059081,"2026-09-19","2026-09-20 14:10:26 UTC",63.6,193,"descriptive_run_prevention_not_award_prediction"
657097,"Jacob Webb","Chicago Cubs","R","2026-03-26","2026-09-18",275,247,58,43,5,0,10,24,0,1,70,3,93,180,76,14,72,52,46,10,89,88.4779661016949,13.4745762711864,-4.41369665667156,275,0.234817813765182,0.301818181818182,0.376518218623482,0.678336400441664,0.1417004048583,0.254545454545455,0.0872727272727273,0.422222222222222,0.0777777777777778,0.4,0.288888888888889,0.255555555555556,0.494444444444444,0.296072727272727,-0.0160498060242602,0.733,0.783,"strong","pitcher","fixed_linear_weights_v1","sabrhood_player_summary_v1",1098,0.500910746812386,0.48816029143898,"2026-09-19","2026-09-20 14:10:26 UTC",63.5,194,"descriptive_run_prevention_not_award_prediction"
677960,"Ryan Weathers","New York Yankees","L","2026-03-30","2026-08-22",568,523,130,92,18,2,18,38,0,3,143,3,206,384,156,34,190,94,82,18,183,88.6253926701571,8.86387434554974,-7.66880017356744,568,0.248565965583174,0.301587301587302,0.393881453154876,0.695468754742177,0.145315487571702,0.251760563380282,0.0669014084507042,0.40625,0.0885416666666667,0.494791666666667,0.244791666666667,0.213541666666667,0.4765625,0.301516754850088,-0.0135014087562807,0.85,0.885,"strong","pitcher","fixed_linear_weights_v1","sabrhood_player_summary_v1",2279,0.448442299254059,0.466432645897323,"2026-09-19","2026-09-20 14:10:26 UTC",63.4,195,"descriptive_run_prevention_not_award_prediction"
607259,"Nick Martinez","Tampa Bay Rays","R","2026-03-30","2026-09-16",682,650,159,107,29,2,21,24,0,3,101,3,255,554,181,35,204,136,161,53,256,86.4705776173285,17.2815884476534,-28.5768628531697,682,0.244615384615385,0.273529411764706,0.392307692307692,0.665837104072398,0.147692307692308,0.148093841642229,0.0351906158357771,0.326714801444043,0.0631768953068592,0.368231046931408,0.245487364620939,0.290613718411552,0.462093862815884,0.285544117647059,-0.0419015584357328,0.872,0.917,"strong","pitcher","fixed_linear_weights_v1","sabrhood_player_summary_v1",2380,0.508403361344538,0.529411764705882,"2026-09-19","2026-09-20 14:10:26 UTC",63.3,196,"descriptive_run_prevention_not_award_prediction"
684007,"Shota Imanaga","Chicago Cubs","L","2026-03-29","2026-09-16",684,639,149,92,21,2,34,37,0,6,164,1,276,476,173,46,179,99,155,43,208,88.0476890756302,17.7415966386555,-12.900267024312,684,0.233176838810642,0.281112737920937,0.431924882629108,0.713037620550045,0.198748043818466,0.239766081871345,0.054093567251462,0.36344537815126,0.0966386554621849,0.376050420168067,0.207983193277311,0.32563025210084,0.436974789915966,0.304992679355783,-0.018860039509228,0.872,0.905,"strong","pitcher","fixed_linear_weights_v1","sabrhood_player_summary_v1",2707,0.516438862209088,0.461396379756188,"2026-09-19","2026-09-20 14:10:26 UTC",63.2,197,"descriptive_run_prevention_not_award_prediction"
642376,"Jefry Yan","New York Mets","L","2026-08-05","2026-09-19",78,63,14,11,1,0,2,11,0,1,23,2,21,42,17,2,22,9,9,2,21,87.3071428571428,7.40476190476191,2.29086233440147,78,0.222222222222222,0.337662337662338,0.333333333333333,0.670995670995671,0.111111111111111,0.294871794871795,0.141025641025641,0.404761904761905,0.0476190476190476,0.523809523809524,0.214285714285714,0.214285714285714,0.5,0.301948051948052,0.029370029928224,0.438,0.457,"developing","pitcher","fixed_linear_weights_v1","sabrhood_player_summary_v1",,,,"2026-09-19","2026-09-20 14:10:26 UTC",63.1,198,"descriptive_run_prevention_not_award_prediction"
657514,"Brennan Bernardino","Colorado Rockies","L","2026-03-27","2026-09-19",260,233,57,37,14,1,5,14,0,5,48,3,88,192,57,10,89,42,50,11,74,85.8354497354497,10.0680628272251,-8.18295020703379,260,0.244635193133047,0.298039215686275,0.377682403433476,0.675721619119751,0.133047210300429,0.184615384615385,0.0538461538461538,0.296875,0.0520833333333333,0.463541666666667,0.21875,0.260416666666667,0.385416666666667,0.293294117647059,-0.0314728854116684,0.722,0.793,"strong","pitcher","fixed_linear_weights_v1","sabrhood_player_summary_v1",988,0.459514170040486,0.484817813765182,"2026-09-19","2026-09-20 14:10:26 UTC",62.9,199,"descriptive_run_prevention_not_award_prediction"
641745,"Brad Keller","Philadelphia Phillies","R","2026-03-29","2026-07-08",135,118,29,23,2,0,4,13,0,2,32,2,43,88,28,4,39,20,25,4,31,85.5379310344828,12.6551724137931,-2.18304653533718,135,0.245762711864407,0.325925925925926,0.364406779661017,0.690332705586943,0.11864406779661,0.237037037037037,0.0962962962962963,0.318181818181818,0.0454545454545455,0.443181818181818,0.227272727272727,0.284090909090909,0.352272727272727,0.304962962962963,-0.0161707150765717,0.574,0.638,"moderate","pitcher","fixed_linear_weights_v1","sabrhood_player_summary_v1",533,0.450281425891182,0.457786116322702,"2026-09-19","2026-09-20 14:10:26 UTC",62.9,199,"descriptive_run_prevention_not_award_prediction"
667463,"John King","Miami Marlins","L","2026-03-29","2026-08-19",195,172,33,17,8,1,7,15,0,4,33,3,64,143,54,11,68,30,38,7,71,88.956338028169,10.9366197183099,-6.90543171579408,195,0.191860465116279,0.268041237113402,0.372093023255814,0.640134260369216,0.180232558139535,0.169230769230769,0.0769230769230769,0.377622377622378,0.0769230769230769,0.475524475524476,0.20979020979021,0.265734265734266,0.496503496503497,0.277010309278351,-0.0354124703374056,0.661,0.741,"moderate","pitcher","fixed_linear_weights_v1","sabrhood_player_summary_v1",714,0.471988795518207,0.464985994397759,"2026-09-19","2026-09-20 14:10:26 UTC",62.7,201,"descriptive_run_prevention_not_award_prediction"
660787,"Yerry De los Santos","New York Yankees","R","2026-04-14","2026-08-29",83,74,16,13,1,0,2,7,0,0,15,0,23,61,25,2,31,11,14,5,27,88.4704918032787,9.68852459016393,-5.02995712732352,83,0.216216216216216,0.283950617283951,0.310810810810811,0.594761428094761,0.0945945945945946,0.180722891566265,0.0843373493975904,0.409836065573771,0.0327868852459016,0.508196721311475,0.180327868852459,0.229508196721311,0.442622950819672,0.265802469135802,-0.0606018931002834,0.454,0.55,"developing","pitcher","fixed_linear_weights_v1","sabrhood_player_summary_v1",317,0.485804416403785,0.555205047318612,"2026-09-19","2026-09-20 14:10:26 UTC",62.6,202,"descriptive_run_prevention_not_award_prediction"
527048,"Martín Pérez","Atlanta Braves","L","2026-03-31","2026-09-15",575,504,113,78,17,5,13,60,1,3,100,6,179,412,149,19,193,106,89,24,230,86.8557177615572,8.56447688564477,-18.0469487723248,575,0.224206349206349,0.307155322862129,0.35515873015873,0.662314053020859,0.130952380952381,0.173913043478261,0.104347826086957,0.361650485436893,0.0461165048543689,0.468446601941748,0.257281553398058,0.216019417475728,0.558252427184466,0.291118881118881,-0.0313859978649127,0.852,0.892,"strong","pitcher","fixed_linear_weights_v1","sabrhood_player_summary_v1",2165,0.430484988452656,0.453117782909931,"2026-09-19","2026-09-20 14:10:26 UTC",62.5,203,"descriptive_run_prevention_not_award_prediction"
608379,"Michael Wacha","Kansas City Royals","R","2026-03-28","2026-09-15",760,700,158,90,37,4,27,49,1,7,149,2,284,555,201,39,211,129,165,50,238,87.1178378378378,16.6594594594595,-20.9778174879586,760,0.225714285714286,0.282321899736148,0.405714285714286,0.688036185450433,0.18,0.196052631578947,0.0644736842105263,0.362162162162162,0.0702702702702703,0.38018018018018,0.232432432432432,0.297297297297297,0.428828828828829,0.29557463672391,-0.0276023914315245,0.884,0.917,"strong","pitcher","fixed_linear_weights_v1","sabrhood_player_summary_v1",2825,0.485309734513274,0.501238938053097,"2026-09-19","2026-09-20 14:10:26 UTC",62.2,204,"descriptive_run_prevention_not_award_prediction"
669020,"Ryan Rolison","Chicago Cubs","L","2026-04-14","2026-09-19",246,218,49,33,10,0,6,26,0,0,51,1,77,166,65,10,73,36,48,9,75,87.819018404908,12.1226993865031,-8.35110306728548,246,0.224770642201835,0.306122448979592,0.353211009174312,0.659333458153904,0.128440366972477,0.207317073170732,0.105691056910569,0.391566265060241,0.0602409638554217,0.439759036144578,0.216867469879518,0.289156626506024,0.451807228915663,0.291591836734694,-0.0339475734442499,0.711,0.769,"moderate","pitcher","fixed_linear_weights_v1","sabrhood_player_summary_v1",946,0.453488372093023,0.474630021141649,"2026-09-19","2026-09-20 14:10:26 UTC",62.2,204,"descriptive_run_prevention_not_award_prediction"
693855,"Ian Seymour","Tampa Bay Rays","L","2026-03-26","2026-09-18",532,487,113,62,21,5,25,33,1,5,155,4,219,338,126,34,117,79,104,38,167,86.7970414201183,19.1597633136095,-1.49468320703238,532,0.232032854209446,0.285444234404537,0.449691991786448,0.735136226190985,0.217659137577002,0.291353383458647,0.0620300751879699,0.372781065088757,0.100591715976331,0.346153846153846,0.233727810650888,0.307692307692308,0.494082840236686,0.311231060606061,-0.0028095549004368,0.842,0.871,"strong","pitcher","fixed_linear_weights_v1","sabrhood_player_summary_v1",2063,0.515269025690742,0.504604944255938,"2026-09-19","2026-09-20 14:10:26 UTC",62,206,"descriptive_run_prevention_not_award_prediction"
548384,"Brooks Raley","Philadelphia Phillies","L","2026-03-28","2026-09-19",219,192,45,27,11,1,6,19,0,3,51,3,76,146,47,10,53,43,35,15,68,84.9561643835616,15.8630136986301,-0.581819871158945,219,0.234375,0.308755760368664,0.395833333333333,0.704589093701997,0.161458333333333,0.232876712328767,0.0867579908675799,0.321917808219178,0.0684931506849315,0.363013698630137,0.294520547945205,0.23972602739726,0.465753424657534,0.305483870967742,-0.0026567117404518,0.687,0.745,"moderate","pitcher","fixed_linear_weights_v1","sabrhood_player_summary_v1",831,0.465703971119134,0.483754512635379,"2026-09-19","2026-09-20 14:10:26 UTC",62,206,"descriptive_run_prevention_not_award_prediction"
669713,"Hayden Wesneski","Houston Astros","R","2026-07-29","2026-09-19",219,196,43,28,8,3,4,19,0,2,41,1,69,157,63,9,67,41,34,15,78,87.2668789808917,13.2165605095541,-2.42279133158439,219,0.219387755102041,0.293577981651376,0.352040816326531,0.645618797977907,0.13265306122449,0.187214611872146,0.0867579908675799,0.401273885350318,0.0573248407643312,0.426751592356688,0.261146496815287,0.21656050955414,0.496815286624204,0.283623853211009,-0.0110629741168237,0.687,0.758,"moderate","pitcher","fixed_linear_weights_v1","sabrhood_player_summary_v1",816,0.487745098039216,0.446078431372549,"2026-09-19","2026-09-20 14:10:26 UTC",62,206,"descriptive_run_prevention_not_award_prediction"
641816,"Tyler Mahle","Atlanta Braves","R","2026-03-28","2026-09-18",593,538,132,91,21,2,18,44,0,3,133,5,211,412,154,27,182,93,111,26,196,89.09,12.5048780487805,-9.80245700654916,593,0.245353159851301,0.303389830508475,0.392193308550186,0.69558313905866,0.146840148698885,0.224283305227656,0.0741989881956155,0.37378640776699,0.0655339805825243,0.441747572815534,0.225728155339806,0.269417475728155,0.475728155339806,0.301593220338983,-0.0165302816299311,0.856,0.892,"strong","pitcher","fixed_linear_weights_v1","sabrhood_player_summary_v1",2311,0.45954132410212,0.467762873215058,"2026-09-19","2026-09-20 14:10:26 UTC",61.9,209,"descriptive_run_prevention_not_award_prediction"
696070,"Kendry Rojas","Minnesota Twins","L","2026-04-22","2026-08-02",130,104,23,16,5,0,2,22,0,1,34,0,34,73,23,4,32,12,21,8,24,83.7657534246575,12.0684931506849,-4.26195436696023,130,0.221153846153846,0.362204724409449,0.326923076923077,0.689127801332526,0.105769230769231,0.261538461538462,0.169230769230769,0.315068493150685,0.0547945205479452,0.438356164383562,0.164383561643836,0.287671232876712,0.328767123287671,0.316535433070866,-0.0327842643612325,0.565,0.593,"moderate","pitcher","fixed_linear_weights_v1","sabrhood_player_summary_v1",521,0.437619961612284,0.445297504798464,"2026-09-19","2026-09-20 14:10:26 UTC",61.8,210,"descriptive_run_prevention_not_award_prediction"
682120,"Tim Herrin","Cleveland Guardians","L","2026-03-28","2026-09-19",227,189,41,26,8,2,5,26,1,5,51,6,68,145,55,13,67,28,37,13,74,87.1813793103448,11.4206896551724,-5.37267728960407,227,0.216931216931217,0.31858407079646,0.35978835978836,0.67837243058482,0.142857142857143,0.224669603524229,0.114537444933921,0.379310344827586,0.0896551724137931,0.462068965517241,0.193103448275862,0.255172413793103,0.510344827586207,0.296977777777778,-0.0236681818925289,0.694,0.744,"moderate","pitcher","fixed_linear_weights_v1","sabrhood_player_summary_v1",930,0.465591397849462,0.445161290322581,"2026-09-19","2026-09-20 14:10:26 UTC",61.6,211,"descriptive_run_prevention_not_award_prediction"
696062,"Wilber Dotel","Pittsburgh Pirates","R","2026-04-19","2026-09-17",159,142,37,29,6,0,2,14,0,0,38,2,49,107,46,3,52,22,29,4,49,88.9616822429906,10.8971962616822,3.93049322614635,159,0.26056338028169,0.322784810126582,0.345070422535211,0.667855232661793,0.0845070422535211,0.238993710691824,0.0880503144654088,0.429906542056075,0.0280373831775701,0.485981308411215,0.205607476635514,0.271028037383178,0.457943925233645,0.295189873417722,0.0247200831833104,0.614,0.682,"moderate","pitcher","fixed_linear_weights_v1","sabrhood_player_summary_v1",627,0.478468899521531,0.508771929824561,"2026-09-19","2026-09-20 14:10:26 UTC",61.5,212,"descriptive_run_prevention_not_award_prediction"
687273,"Quinn Mathews","St. Louis Cardinals","L","2026-08-01","2026-09-14",162,142,36,27,6,0,3,16,0,1,36,2,51,109,35,3,46,29,28,6,54,86.2311926605505,14.1743119266055,-2.8768366402301,162,0.253521126760563,0.329192546583851,0.359154929577465,0.688347476161316,0.105633802816901,0.222222222222222,0.0987654320987654,0.321100917431193,0.0275229357798165,0.422018348623853,0.26605504587156,0.256880733944954,0.495412844036697,0.304285714285714,-0.0177582508656179,0.618,0.686,"moderate","pitcher","fixed_linear_weights_v1","sabrhood_player_summary_v1",690,0.449275362318841,0.465217391304348,"2026-09-19","2026-09-20 14:10:26 UTC",61.4,213,"descriptive_run_prevention_not_award_prediction"
683000,"Riley Cornelio","Washington Nationals","R","2026-04-24","2026-09-19",142,113,24,17,5,0,2,24,0,0,34,4,35,83,37,6,35,14,25,9,33,86.5481927710843,17.421686746988,0.628136623268429,142,0.212389380530973,0.340425531914894,0.309734513274336,0.65016004518923,0.0973451327433628,0.23943661971831,0.169014084507042,0.44578313253012,0.072289156626506,0.421686746987952,0.168674698795181,0.301204819277108,0.397590361445783,0.296028368794326,0.00442349734696076,0.587,0.624,"moderate","pitcher","fixed_linear_weights_v1","sabrhood_player_summary_v1",594,0.481481481481481,0.415824915824916,"2026-09-19","2026-09-20 14:10:26 UTC",61.4,213,"descriptive_run_prevention_not_award_prediction"
543037,"Gerrit Cole","New York Yankees","R","2026-05-22","2026-09-18",497,471,112,68,21,2,21,22,0,2,123,0,200,348,153,32,120,100,94,34,151,90.9140762463343,19.3343108504399,-9.38469642980953,497,0.237791932059448,0.274747474747475,0.424628450106157,0.699375924853632,0.186836518046709,0.24748490945674,0.0442655935613682,0.439655172413793,0.0919540229885057,0.344827586206897,0.28735632183908,0.270114942528736,0.433908045977011,0.298646464646465,-0.0188826889935805,0.832,0.874,"strong","pitcher","fixed_linear_weights_v1","sabrhood_player_summary_v1",1846,0.495124593716143,0.527085590465872,"2026-09-19","2026-09-20 14:10:26 UTC",61.3,215,"descriptive_run_prevention_not_award_prediction"
657746,"Joe Ryan","Minnesota Twins","R","2026-03-26","2026-09-19",591,546,133,81,29,2,21,30,0,10,151,5,229,397,161,40,146,93,118,40,207,88.8750629722922,18.5037783375315,1.97894067672837,591,0.243589743589744,0.292724196277496,0.419413919413919,0.712138115691415,0.175824175824176,0.255499153976311,0.050761421319797,0.405541561712846,0.100755667506297,0.367758186397985,0.234256926952141,0.297229219143577,0.521410579345088,0.305363790186125,0.0033484613819431,0.855,0.888,"strong","pitcher","fixed_linear_weights_v1","sabrhood_player_summary_v1",2338,0.500427715996578,0.510265183917879,"2026-09-19","2026-09-20 14:10:26 UTC",61.1,216,"descriptive_run_prevention_not_award_prediction"
695380,"Alex Hoppe","Baltimore Orioles","R","2026-04-27","2026-09-19",184,163,40,26,11,0,3,17,0,2,45,1,60,120,46,3,57,36,22,5,59,87.335,3.71666666666667,8.70073456499639,184,0.245398773006135,0.322404371584699,0.368098159509202,0.690502531093902,0.122699386503067,0.244565217391304,0.0923913043478261,0.383333333333333,0.025,0.475,0.3,0.183333333333333,0.491666666666667,0.30448087431694,0.0472866008967195,0.648,0.706,"moderate","pitcher","fixed_linear_weights_v1","sabrhood_player_summary_v1",711,0.465541490857947,0.476793248945148,"2026-09-19","2026-09-20 14:10:26 UTC",61.1,216,"descriptive_run_prevention_not_award_prediction"
623454,"Drew Anderson","Detroit Tigers","R","2026-03-26","2026-09-15",435,381,88,56,17,1,14,44,1,6,109,2,149,276,103,19,136,51,67,22,139,88.8622710622711,10.2445255474453,-5.9050933065018,435,0.230971128608924,0.318706697459584,0.391076115485564,0.709782812945149,0.16010498687664,0.250574712643678,0.101149425287356,0.373188405797101,0.0688405797101449,0.492753623188406,0.184782608695652,0.242753623188406,0.503623188405797,0.310300925925926,-0.0135749271413835,0.813,0.847,"strong","pitcher","fixed_linear_weights_v1","sabrhood_player_summary_v1",1702,0.490599294947121,0.440658049353702,"2026-09-19","2026-09-20 14:10:26 UTC",61,218,"descriptive_run_prevention_not_award_prediction"
676617,"Riley O'Brien","St. Louis Cardinals","R","2026-03-26","2026-09-19",273,231,53,38,10,0,5,28,3,10,64,1,78,170,71,12,81,50,36,3,68,87.3337278106509,5.32544378698225,10.7842048034984,273,0.229437229437229,0.337037037037037,0.337662337662338,0.674699374699375,0.108225108225108,0.234432234432234,0.102564102564103,0.417647058823529,0.0705882352941176,0.476470588235294,0.294117647058824,0.211764705882353,0.4,0.300898876404494,0.0395025816977963,0.732,0.773,"strong","pitcher","fixed_linear_weights_v1","sabrhood_player_summary_v1",1058,0.440453686200378,0.456521739130435,"2026-09-19","2026-09-20 14:10:26 UTC",60.9,219,"descriptive_run_prevention_not_award_prediction"
691587,"Eury Pérez","Miami Marlins","R","2026-03-28","2026-09-19",630,550,123,73,29,1,20,67,0,10,159,3,214,392,155,39,153,84,111,44,163,88.0696428571429,18.8061224489796,4.10946484358531,630,0.223636363636364,0.317460317460317,0.389090909090909,0.706551226551227,0.165454545454545,0.252380952380952,0.106349206349206,0.395408163265306,0.0994897959183673,0.39030612244898,0.214285714285714,0.283163265306122,0.415816326530612,0.310142857142857,0.00652296006918303,0.863,0.887,"strong","pitcher","fixed_linear_weights_v1","sabrhood_player_summary_v1",2554,0.50822239624119,0.456538762725137,"2026-09-19","2026-09-20 14:10:26 UTC",60.8,220,"descriptive_run_prevention_not_award_prediction"
676106,"Emerson Hancock","Seattle Mariners","R","2026-03-29","2026-08-28",568,527,126,83,23,0,20,31,0,7,126,3,209,401,167,36,176,80,116,29,165,89.5416040100251,13.4035087719298,-15.0370883345892,568,0.239089184060721,0.288732394366197,0.396584440227704,0.685316834593901,0.157495256166983,0.221830985915493,0.0545774647887324,0.41645885286783,0.0897755610972569,0.438902743142145,0.199501246882793,0.28927680798005,0.411471321695761,0.296109154929577,-0.0264737470679388,0.85,0.889,"strong","pitcher","fixed_linear_weights_v1","sabrhood_player_summary_v1",2171,0.519115614923998,0.515891294334408,"2026-09-19","2026-09-20 14:10:26 UTC",60.7,221,"descriptive_run_prevention_not_award_prediction"
805123,"AJ Blubaugh","Houston Astros","R","2026-03-26","2026-09-19",387,336,75,44,16,2,13,40,0,3,92,6,134,252,96,25,90,60,81,21,117,88.1588,17.7529880478088,-10.529430294924,387,0.223214285714286,0.306493506493506,0.398809523809524,0.70530303030303,0.175595238095238,0.237726098191214,0.103359173126615,0.380952380952381,0.0992063492063492,0.357142857142857,0.238095238095238,0.321428571428571,0.464285714285714,0.305376623376623,-0.0272078302194419,0.795,0.834,"strong","pitcher","fixed_linear_weights_v1","sabrhood_player_summary_v1",1591,0.488372093023256,0.455688246385921,"2026-09-19","2026-09-20 14:10:26 UTC",60.7,221,"descriptive_run_prevention_not_award_prediction"
670167,"John Schreiber","New York Yankees","R","2026-03-29","2026-09-16",229,202,43,27,9,0,7,23,1,1,39,2,73,164,61,8,76,41,39,8,74,87.4030674846626,11.3803680981595,-5.14756423410725,229,0.212871287128713,0.293859649122807,0.361386138613861,0.655245787736668,0.148514851485149,0.170305676855895,0.100436681222707,0.371951219512195,0.0487804878048781,0.463414634146341,0.25,0.23780487804878,0.451219512195122,0.285859030837004,-0.0224784464371496,0.696,0.766,"moderate","pitcher","fixed_linear_weights_v1","sabrhood_player_summary_v1",947,0.441393875395987,0.475184794086589,"2026-09-19","2026-09-20 14:10:26 UTC",60.6,223,"descriptive_run_prevention_not_award_prediction"
667297,"Tommy Nance","Minnesota Twins","R","2026-03-28","2026-09-18",255,227,59,45,6,0,8,22,1,1,68,4,89,163,62,13,79,40,36,8,67,87.9515337423313,9.04294478527607,7.26809098612324,255,0.259911894273128,0.322834645669291,0.392070484581498,0.714905130250789,0.13215859030837,0.266666666666667,0.0862745098039216,0.380368098159509,0.0797546012269939,0.484662576687117,0.245398773006135,0.220858895705521,0.411042944785276,0.309604743083004,0.0285023175926402,0.718,0.765,"strong","pitcher","fixed_linear_weights_v1","sabrhood_player_summary_v1",970,0.476288659793814,0.460824742268041,"2026-09-19","2026-09-20 14:10:26 UTC",60.5,224,"descriptive_run_prevention_not_award_prediction"
694037,"Daniel Palencia","Chicago Cubs","R","2026-03-29","2026-09-19",114,103,25,16,5,0,4,9,0,1,29,1,42,75,24,4,24,26,21,4,33,88.7173333333333,15.6533333333333,0.798872904086249,114,0.242718446601942,0.307017543859649,0.407766990291262,0.714784534150911,0.16504854368932,0.254385964912281,0.0789473684210526,0.32,0.0533333333333333,0.32,0.346666666666667,0.28,0.44,0.309210526315789,0.00700765705338815,0.533,0.6,"moderate","pitcher","fixed_linear_weights_v1","sabrhood_player_summary_v1",451,0.501108647450111,0.485587583148559,"2026-09-19","2026-09-20 14:10:26 UTC",60.5,224,"descriptive_run_prevention_not_award_prediction"
664141,"JT Brubaker","San Francisco Giants","R","2026-03-25","2026-08-23",252,220,49,34,8,2,5,26,0,2,39,4,76,183,66,12,76,51,47,9,97,87.7273224043716,13.5355191256831,-5.14828875513808,252,0.222727272727273,0.305555555555556,0.345454545454545,0.651010101010101,0.122727272727273,0.154761904761905,0.103174603174603,0.360655737704918,0.0655737704918033,0.415300546448087,0.278688524590164,0.256830601092896,0.530054644808743,0.287261904761905,-0.020429717282294,0.716,0.785,"strong","pitcher","fixed_linear_weights_v1","sabrhood_player_summary_v1",1000,0.45,0.448,"2026-09-19","2026-09-20 14:10:26 UTC",60.4,226,"descriptive_run_prevention_not_award_prediction"
621345,"A.J. Minter","Minnesota Twins","L","2026-05-26","2026-09-19",177,167,39,24,5,2,8,8,1,1,40,0,72,127,46,13,50,21,41,15,55,85.4677165354331,17.748031496063,-4.93008578567688,177,0.233532934131737,0.272727272727273,0.431137724550898,0.703864997278171,0.197604790419162,0.225988700564972,0.0451977401129944,0.362204724409449,0.102362204724409,0.393700787401575,0.165354330708661,0.322834645669291,0.433070866141732,0.297542857142857,-0.0278535920094739,0.639,0.718,"moderate","pitcher","fixed_linear_weights_v1","sabrhood_player_summary_v1",652,0.523006134969325,0.473926380368098,"2026-09-19","2026-09-20 14:10:26 UTC",60.4,226,"descriptive_run_prevention_not_award_prediction"
672629,"Gerardo Carrillo","Arizona Diamondbacks","R","2026-07-22","2026-09-07",80,63,14,9,5,0,0,15,0,1,21,0,19,42,12,3,19,11,9,3,23,87.3690476190476,9.30952380952381,1.23628415694905,80,0.222222222222222,0.379746835443038,0.301587301587302,0.68133413703034,0.0793650793650794,0.2625,0.1875,0.285714285714286,0.0714285714285714,0.452380952380952,0.261904761904762,0.214285714285714,0.547619047619048,0.318860759493671,0.0154535519618631,0.444,0.457,"developing","pitcher","fixed_linear_weights_v1","sabrhood_player_summary_v1",316,0.395569620253165,0.430379746835443,"2026-09-19","2026-09-20 14:10:26 UTC",60.4,226,"descriptive_run_prevention_not_award_prediction"
669467,"Andre Pallante","St. Louis Cardinals","R","2026-03-31","2026-09-15",631,573,143,103,27,2,11,47,0,6,104,3,207,471,161,26,265,107,79,20,217,86.7232905982906,5.00213675213675,-9.01320102897676,631,0.24956369982548,0.311605723370429,0.361256544502618,0.672862267873047,0.111692844677138,0.164817749603803,0.0744849445324881,0.341825902335456,0.0552016985138004,0.562632696390658,0.227176220806794,0.167728237791932,0.46072186836518,0.295866454689984,-0.0142839952915638,0.863,0.904,"strong","pitcher","fixed_linear_weights_v1","sabrhood_player_summary_v1",2462,0.447603574329813,0.484159220146223,"2026-09-19","2026-09-20 14:10:26 UTC",60.2,229,"descriptive_run_prevention_not_award_prediction"
663767,"Chase Shugart","Philadelphia Phillies","R","2026-04-14","2026-09-19",208,179,39,22,5,2,10,19,1,4,55,6,78,130,45,14,46,26,51,7,52,87.6607692307692,16.9461538461538,2.25610067056627,208,0.217877094972067,0.298076923076923,0.435754189944134,0.733831113021057,0.217877094972067,0.264423076923077,0.0913461538461538,0.346153846153846,0.107692307692308,0.353846153846154,0.2,0.392307692307692,0.4,0.309565217391304,0.0108466378392609,0.675,0.722,"moderate","pitcher","fixed_linear_weights_v1","sabrhood_player_summary_v1",812,0.401477832512315,0.483990147783251,"2026-09-19","2026-09-20 14:10:26 UTC",60.2,229,"descriptive_run_prevention_not_award_prediction"
689147,"Orion Kerkering","Philadelphia Phillies","R","2026-04-07","2026-09-19",267,225,51,33,10,3,5,33,0,7,63,1,82,164,51,10,57,42,49,16,74,85.3537037037037,17.8282208588957,6.85960523579715,267,0.226666666666667,0.342105263157895,0.364444444444444,0.706549707602339,0.137777777777778,0.235955056179775,0.123595505617978,0.310975609756098,0.0609756097560976,0.347560975609756,0.25609756097561,0.298780487804878,0.451219512195122,0.315714285714286,0.0256914053775174,0.728,0.766,"strong","pitcher","fixed_linear_weights_v1","sabrhood_player_summary_v1",1093,0.419945105215005,0.460201280878317,"2026-09-19","2026-09-20 14:10:26 UTC",60,231,"descriptive_run_prevention_not_award_prediction"
664991,"Grant Wolfram","Baltimore Orioles","L","2026-03-29","2026-09-18",217,195,51,32,14,2,3,14,0,4,59,1,78,140,50,9,62,30,39,9,48,85.9625899280576,13.1798561151079,5.71816701412868,217,0.261538461538462,0.322429906542056,0.4,0.722429906542056,0.138461538461538,0.271889400921659,0.0645161290322581,0.357142857142857,0.0642857142857143,0.442857142857143,0.214285714285714,0.278571428571429,0.342857142857143,0.314065420560748,0.0263510000651091,0.685,0.737,"moderate","pitcher","fixed_linear_weights_v1","sabrhood_player_summary_v1",872,0.487385321100917,0.480504587155963,"2026-09-19","2026-09-20 14:10:26 UTC",60,231,"descriptive_run_prevention_not_award_prediction"
837227,"Tatsuya Imai","Houston Astros","R","2026-03-29","2026-09-16",329,271,58,40,9,0,9,51,0,4,92,2,94,182,82,15,77,43,49,13,71,88.1912087912088,13.1208791208791,5.82583521265212,329,0.214022140221402,0.344512195121951,0.346863468634686,0.691375663756638,0.132841328413284,0.279635258358663,0.155015197568389,0.450549450549451,0.0824175824175824,0.423076923076923,0.236263736263736,0.269230769230769,0.39010989010989,0.312560975609756,0.0177077058135323,0.767,0.784,"strong","pitcher","fixed_linear_weights_v1","sabrhood_player_summary_v1",1417,0.434721242060692,0.435426958362738,"2026-09-19","2026-09-20 14:10:26 UTC",59.5,233,"descriptive_run_prevention_not_award_prediction"
694297,"Brandon Pfaadt","Arizona Diamondbacks","R","2026-03-31","2026-09-19",530,491,120,81,23,2,14,29,0,6,87,3,189,408,143,29,185,92,95,36,208,88.305637254902,12.703431372549,-4.3910541870533,530,0.244399185336049,0.293005671077505,0.384928716904277,0.677934387981782,0.140529531568228,0.164150943396226,0.0547169811320755,0.350490196078431,0.071078431372549,0.45343137254902,0.225490196078431,0.232843137254902,0.509803921568627,0.293742911153119,-0.00828500790010057,0.841,0.891,"strong","pitcher","fixed_linear_weights_v1","sabrhood_player_summary_v1",1927,0.497145822522055,0.481577581733264,"2026-09-19","2026-09-20 14:10:26 UTC",59.4,234,"descriptive_run_prevention_not_award_prediction"
686560,"Gavin Collyer","Texas Rangers","R","2026-04-15","2026-07-17",104,80,15,10,4,0,1,18,0,6,22,0,22,58,17,2,21,13,14,10,24,86.6793103448276,17.1551724137931,1.72454489483001,104,0.1875,0.375,0.275,0.65,0.0875,0.211538461538462,0.173076923076923,0.293103448275862,0.0344827586206897,0.362068965517241,0.224137931034483,0.241379310344828,0.413793103448276,0.312596153846154,0.0165821624502885,0.51,0.537,"moderate","pitcher","fixed_linear_weights_v1","sabrhood_player_summary_v1",446,0.37219730941704,0.461883408071749,"2026-09-19","2026-09-20 14:10:26 UTC",59.4,234,"descriptive_run_prevention_not_award_prediction"
681916,"Dylan Smith","San Francisco Giants","R","2026-05-10","2026-09-16",159,134,33,25,5,0,3,17,0,2,42,4,47,98,48,6,35,25,23,15,43,87.6867346938776,17.5204081632653,-1.9865915472062,159,0.246268656716418,0.331210191082803,0.350746268656716,0.681956459739519,0.104477611940299,0.264150943396226,0.106918238993711,0.489795918367347,0.0612244897959184,0.357142857142857,0.255102040816327,0.23469387755102,0.438775510204082,0.301910828025478,-0.0124942864604163,0.614,0.662,"moderate","pitcher","fixed_linear_weights_v1","sabrhood_player_summary_v1",648,0.486111111111111,0.496913580246914,"2026-09-19","2026-09-20 14:10:26 UTC",59.3,236,"descriptive_run_prevention_not_award_prediction"
592773,"Ryne Stanek","St. Louis Cardinals","R","2026-03-26","2026-09-19",259,226,52,35,7,1,9,30,1,2,64,0,88,162,58,14,66,38,42,16,81,88.6574074074074,13.4814814814815,-2.2984909091847,259,0.230088495575221,0.325581395348837,0.389380530973451,0.714961926322289,0.15929203539823,0.247104247104247,0.115830115830116,0.358024691358025,0.0864197530864197,0.407407407407407,0.234567901234568,0.259259259259259,0.5,0.313540856031128,-0.00887448227484441,0.721,0.764,"strong","pitcher","fixed_linear_weights_v1","sabrhood_player_summary_v1",1047,0.489971346704871,0.446991404011461,"2026-09-19","2026-09-20 14:10:26 UTC",58.8,237,"descriptive_run_prevention_not_award_prediction"
592332,"Kevin Gausman","Chicago Cubs","R","2026-03-27","2026-09-15",730,672,173,119,26,3,25,46,1,1,177,5,280,504,199,42,207,130,123,44,204,87.6735586481113,13.8747514910537,6.90222002286059,730,0.257440476190476,0.303867403314917,0.416666666666667,0.720534069981584,0.159226190476191,0.242465753424658,0.063013698630137,0.39484126984127,0.0833333333333333,0.410714285714286,0.257936507936508,0.244047619047619,0.404761904761905,0.309349930843707,0.00945509592172684,0.88,0.91,"strong","pitcher","fixed_linear_weights_v1","sabrhood_player_summary_v1",2902,0.500344589937974,0.458304617505169,"2026-09-19","2026-09-20 14:10:26 UTC",58.7,238,"descriptive_run_prevention_not_award_prediction"
670036,"Matt Festa","Cleveland Guardians","R","2026-03-28","2026-09-19",283,254,64,41,17,0,6,20,0,6,69,3,99,186,73,14,70,45,46,25,77,87.2145161290323,19.6236559139785,-1.85110300001793,283,0.251968503937008,0.318021201413428,0.389763779527559,0.707784980940987,0.137795275590551,0.243816254416961,0.0706713780918728,0.39247311827957,0.0752688172043011,0.376344086021505,0.241935483870968,0.247311827956989,0.413978494623656,0.308621908127208,-0.00654100000006337,0.739,0.788,"strong","pitcher","fixed_linear_weights_v1","sabrhood_player_summary_v1",1067,0.479850046860356,0.479850046860356,"2026-09-19","2026-09-20 14:10:26 UTC",58.7,238,"descriptive_run_prevention_not_award_prediction"
656492,"Foster Griffin","Cleveland Guardians","L","2026-03-30","2026-09-15",693,633,154,99,30,2,23,45,0,10,151,3,257,487,182,36,222,115,123,27,217,87.4956611570248,11.8429752066116,-9.15303455641407,693,0.243285939968404,0.30246020260492,0.406003159557662,0.708463362162582,0.162717219589258,0.217893217893218,0.0649350649350649,0.373716632443532,0.0739219712525667,0.455852156057495,0.236139630390144,0.252566735112936,0.445585215605749,0.306685962373372,-0.0132078420727476,0.874,0.907,"strong","pitcher","fixed_linear_weights_v1","sabrhood_player_summary_v1",2750,0.481818181818182,0.477818181818182,"2026-09-19","2026-09-20 14:10:26 UTC",58.6,240,"descriptive_run_prevention_not_award_prediction"
680736,"Justin Wrobleski","Los Angeles Dodgers","L","2026-03-30","2026-09-17",561,522,123,80,22,0,21,30,0,5,114,2,208,411,177,40,168,94,133,16,173,89.1990267639903,14.3868613138686,-11.80767365592,561,0.235632183908046,0.282647584973166,0.398467432950192,0.681115017923358,0.162835249042146,0.203208556149733,0.053475935828877,0.430656934306569,0.097323600973236,0.408759124087591,0.228710462287105,0.32360097323601,0.420924574209246,0.293720930232558,-0.0210475466237434,0.849,0.892,"strong","pitcher","fixed_linear_weights_v1","sabrhood_player_summary_v1",2066,0.5,0.535333978702807,"2026-09-19","2026-09-20 14:10:26 UTC",58.4,241,"descriptive_run_prevention_not_award_prediction"
663554,"Casey Mize","San Diego Padres","R","2026-03-31","2026-09-19",533,486,116,64,36,1,15,36,0,2,109,6,199,381,147,31,128,97,119,37,176,88.5320209973753,17.8871391076115,-7.30206441537456,533,0.238683127572016,0.290566037735849,0.409465020576132,0.700031058311981,0.170781893004115,0.204502814258912,0.0675422138836773,0.385826771653543,0.0813648293963255,0.335958005249344,0.254593175853018,0.312335958005249,0.461942257217848,0.299905660377358,-0.0136999332371005,0.842,0.884,"strong","pitcher","fixed_linear_weights_v1","sabrhood_player_summary_v1",2012,0.475646123260437,0.481113320079523,"2026-09-19","2026-09-20 14:10:26 UTC",58.2,242,"descriptive_run_prevention_not_award_prediction"
694361,"Will Klein","Los Angeles Dodgers","R","2026-03-26","2026-07-31",189,165,44,37,4,0,3,21,2,3,49,0,57,116,44,2,65,28,12,11,41,88.5228070175439,5.36521739130435,2.47200817644972,189,0.266666666666667,0.35978835978836,0.345454545454545,0.705242905242905,0.0787878787878788,0.259259259259259,0.111111111111111,0.379310344827586,0.0172413793103448,0.560344827586207,0.241379310344828,0.103448275862069,0.353448275862069,0.314545454545455,0.0130794083410038,0.654,0.699,"moderate","pitcher","fixed_linear_weights_v1","sabrhood_player_summary_v1",762,0.433070866141732,0.479002624671916,"2026-09-19","2026-09-20 14:10:26 UTC",58.1,243,"descriptive_run_prevention_not_award_prediction"
645261,"Sandy Alcantara","Miami Marlins","R","2026-03-27","2026-09-16",865,793,195,134,35,3,23,58,0,9,149,3,305,645,233,36,273,153,163,56,258,87.8428348909657,12.9688473520249,-9.07804235292058,865,0.245901639344262,0.303592120509849,0.384615384615385,0.688207505125234,0.138713745271122,0.172254335260116,0.0670520231213873,0.361240310077519,0.0558139534883721,0.423255813953488,0.237209302325581,0.252713178294574,0.4,0.299803012746234,-0.0104948466507752,0.896,0.928,"strong","pitcher","fixed_linear_weights_v1","sabrhood_player_summary_v1",3174,0.504725897920605,0.506301197227473,"2026-09-19","2026-09-20 14:10:26 UTC",58,244,"descriptive_run_prevention_not_award_prediction"
623465,"Evan Phillips","Los Angeles Dodgers","R","2026-07-07","2026-09-19",93,88,21,12,4,0,5,3,0,1,28,1,40,61,25,10,21,10,26,4,18,90.9934426229508,20.3934426229508,1.1654869895824,93,0.238636363636364,0.268817204301075,0.454545454545455,0.72336265884653,0.215909090909091,0.301075268817204,0.032258064516129,0.409836065573771,0.163934426229508,0.344262295081967,0.163934426229508,0.426229508196721,0.295081967213115,0.30494623655914,0.0125321181675526,0.482,0.55,"developing","pitcher","fixed_linear_weights_v1","sabrhood_player_summary_v1",383,0.477806788511749,0.506527415143603,"2026-09-19","2026-09-20 14:10:26 UTC",58,244,"descriptive_run_prevention_not_award_prediction"
623149,"Paul Sewald","Toronto Blue Jays","R","2026-03-28","2026-09-19",210,190,39,19,5,2,13,12,0,4,53,3,87,141,57,21,32,28,62,19,55,89.8808510638298,26.6382978723404,0.692715737022944,210,0.205263157894737,0.263157894736842,0.457894736842105,0.721052631578947,0.252631578947368,0.252380952380952,0.0571428571428571,0.404255319148936,0.148936170212766,0.226950354609929,0.198581560283688,0.439716312056738,0.390070921985816,0.303014354066986,0.00329864636677592,0.677,0.738,"moderate","pitcher","fixed_linear_weights_v1","sabrhood_player_summary_v1",814,0.517199017199017,0.515970515970516,"2026-09-19","2026-09-20 14:10:26 UTC",57.9,246,"descriptive_run_prevention_not_award_prediction"
592662,"Robbie Ray","San Diego Padres","L","2026-03-27","2026-09-16",689,594,132,84,25,1,22,83,0,2,138,7,225,462,176,36,169,106,155,32,185,88.4526086956522,17.7217391304348,-8.14296687776074,689,0.222222222222222,0.316326530612245,0.378787878787879,0.695114409400124,0.156565656565657,0.200290275761974,0.120464441219158,0.380952380952381,0.0779220779220779,0.365800865800866,0.229437229437229,0.335497835497836,0.4004329004329,0.305262390670554,-0.0118185295758501,0.873,0.902,"strong","pitcher","fixed_linear_weights_v1","sabrhood_player_summary_v1",2770,0.46101083032491,0.427436823104693,"2026-09-19","2026-09-20 14:10:26 UTC",57.6,247,"descriptive_run_prevention_not_award_prediction"
608718,"Brent Suter","Atlanta Braves","L","2026-03-28","2026-09-16",362,334,85,56,15,5,9,24,0,1,74,0,137,262,80,17,132,63,55,12,112,85.3189189189189,7.45173745173745,-2.44094862216887,362,0.254491017964072,0.306406685236769,0.410179640718563,0.716586325955332,0.155688622754491,0.204419889502762,0.0662983425414365,0.305343511450382,0.0648854961832061,0.50381679389313,0.240458015267176,0.209923664122137,0.427480916030534,0.30933147632312,-0.00674295199494163,0.784,0.84,"strong","pitcher","fixed_linear_weights_v1","sabrhood_player_summary_v1",1470,0.464625850340136,0.502721088435374,"2026-09-19","2026-09-20 14:10:26 UTC",57.6,247,"descriptive_run_prevention_not_award_prediction"
646241,"Enmanuel De Jesus","Detroit Tigers","L","2026-03-27","2026-08-21",178,159,38,28,4,3,3,15,0,2,39,0,57,122,53,10,51,29,33,9,50,89.566393442623,14.2622950819672,0.989792738662957,178,0.238993710691824,0.3125,0.358490566037736,0.670990566037736,0.119496855345912,0.219101123595506,0.0842696629213483,0.434426229508197,0.0819672131147541,0.418032786885246,0.237704918032787,0.270491803278689,0.409836065573771,0.296022727272727,0.00556063336327504,0.64,0.709,"moderate","pitcher","fixed_linear_weights_v1","sabrhood_player_summary_v1",669,0.475336322869955,0.508221225710015,"2026-09-19","2026-09-20 14:10:26 UTC",57.6,247,"descriptive_run_prevention_not_award_prediction"
543056,"Danny Coulombe","Boston Red Sox","L","2026-03-28","2026-07-11",96,80,18,16,1,0,1,15,0,1,10,0,22,70,15,0,30,16,17,7,29,81.4557142857143,8.34285714285714,-3.07997465297524,96,0.225,0.354166666666667,0.275,0.629166666666667,0.05,0.104166666666667,0.15625,0.214285714285714,0,0.428571428571429,0.228571428571429,0.242857142857143,0.414285714285714,0.295833333333333,-0.0320830693018254,0.49,0.583,"developing","pitcher","fixed_linear_weights_v1","sabrhood_player_summary_v1",386,0.440414507772021,0.461139896373057,"2026-09-19","2026-09-20 14:10:26 UTC",57.4,250,"descriptive_run_prevention_not_award_prediction"
571510,"Matthew Boyd","Chicago Cubs","L","2026-03-26","2026-09-19",495,450,109,79,14,1,15,37,0,7,93,0,170,356,136,28,151,83,87,35,178,87.5589887640449,14.3567415730337,-6.0735166042023,495,0.242222222222222,0.309716599190283,0.377777777777778,0.687494376968061,0.135555555555556,0.187878787878788,0.0747474747474747,0.382022471910112,0.0786516853932584,0.424157303370786,0.23314606741573,0.24438202247191,0.5,0.301943319838057,-0.01226973051354,0.832,0.877,"strong","pitcher","fixed_linear_weights_v1","sabrhood_player_summary_v1",1867,0.488484199250134,0.478843063738618,"2026-09-19","2026-09-20 14:10:26 UTC",57.2,251,"descriptive_run_prevention_not_award_prediction"
682608,"Peyton Gray","Texas Rangers","R","2026-04-23","2026-08-29",243,219,55,35,9,2,9,15,2,3,58,3,95,166,56,14,62,44,42,18,80,86.130487804878,17.0060975609756,5.19981741769827,243,0.251141552511416,0.304166666666667,0.4337899543379,0.737956621004566,0.182648401826484,0.238683127572016,0.0617283950617284,0.337349397590361,0.0843373493975904,0.373493975903614,0.265060240963855,0.253012048192771,0.481927710843373,0.31218487394958,0.0213984255872357,0.708,0.769,"moderate","pitcher","fixed_linear_weights_v1","sabrhood_player_summary_v1",929,0.4994617868676,0.510226049515608,"2026-09-19","2026-09-20 14:10:26 UTC",56.9,252,"descriptive_run_prevention_not_award_prediction"
669022,"MacKenzie Gore","Texas Rangers","L","2026-03-29","2026-09-16",719,638,154,95,37,3,19,68,1,7,172,4,254,472,191,38,188,125,126,33,209,88.1855626326964,15.1273885350318,4.88481246348618,719,0.241379310344828,0.319386331938633,0.398119122257053,0.717505454195686,0.156739811912226,0.239221140472879,0.0945757997218359,0.404661016949153,0.0805084745762712,0.398305084745763,0.264830508474576,0.266949152542373,0.442796610169492,0.31231843575419,0.0067938977239029,0.878,0.904,"strong","pitcher","fixed_linear_weights_v1","sabrhood_player_summary_v1",2860,0.488461538461538,0.466083916083916,"2026-09-19","2026-09-20 14:10:26 UTC",56.8,253,"descriptive_run_prevention_not_award_prediction"
650556,"Bryan Abreu","Houston Astros","R","2026-03-28","2026-09-19",260,213,42,22,10,1,9,40,0,5,79,0,81,135,57,9,56,31,41,7,70,88.9798507462687,15.0298507462687,1.14629381688153,260,0.197183098591549,0.337209302325581,0.380281690140845,0.717490992466426,0.183098591549296,0.303846153846154,0.153846153846154,0.422222222222222,0.0666666666666667,0.414814814814815,0.22962962962963,0.303703703703704,0.518518518518518,0.320193798449612,0.00440882237262128,0.722,0.73,"strong","pitcher","fixed_linear_weights_v1","sabrhood_player_summary_v1",1061,0.418473138548539,0.432610744580584,"2026-09-19","2026-09-20 14:10:26 UTC",56.6,254,"descriptive_run_prevention_not_award_prediction"
687570,"Connor Prielipp","Minnesota Twins","L","2026-04-22","2026-09-18",514,455,114,78,20,2,14,42,0,7,125,6,180,338,142,24,145,84,91,18,139,89.4154302670623,11.8545994065282,10.5552190242377,514,0.250549450549451,0.319607843137255,0.395604395604396,0.71521223874165,0.145054945054945,0.243190661478599,0.0817120622568093,0.420118343195266,0.0710059171597633,0.428994082840237,0.248520710059172,0.269230769230769,0.411242603550296,0.31121568627451,0.0205354455724468,0.837,0.871,"strong","pitcher","fixed_linear_weights_v1","sabrhood_player_summary_v1",1990,0.475376884422111,0.489949748743719,"2026-09-19","2026-09-20 14:10:26 UTC",56.4,255,"descriptive_run_prevention_not_award_prediction"
688107,"Robert Gasser","Milwaukee Brewers","L","2026-05-17","2026-09-19",442,396,94,56,23,1,14,33,0,10,94,1,161,305,102,22,104,84,83,34,151,86.1252459016393,19.0032786885246,-5.5317650625682,442,0.237373737373737,0.311363636363636,0.406565656565657,0.717929292929293,0.169191919191919,0.212669683257919,0.0746606334841629,0.334426229508197,0.0721311475409836,0.340983606557377,0.275409836065574,0.272131147540984,0.495081967213115,0.312431818181818,-0.0125153055714213,0.815,0.859,"strong","pitcher","fixed_linear_weights_v1","sabrhood_player_summary_v1",1728,0.498263888888889,0.523726851851852,"2026-09-19","2026-09-20 14:10:26 UTC",56.4,255,"descriptive_run_prevention_not_award_prediction"
670245,"Ryan Watson","Los Angeles Angels","R","2026-03-28","2026-09-19",302,274,68,44,14,2,8,21,0,3,63,2,110,215,79,21,87,59,50,19,96,87.9621495327103,14.2056074766355,-4.50521839498861,302,0.248175182481752,0.306666666666667,0.401459854014599,0.708126520681265,0.153284671532847,0.208609271523179,0.0695364238410596,0.367441860465116,0.0976744186046512,0.404651162790698,0.274418604651163,0.232558139534884,0.446511627906977,0.306433333333333,-0.0149179417052603,0.751,0.811,"strong","pitcher","fixed_linear_weights_v1","sabrhood_player_summary_v1",1129,0.492471213463242,0.478299379982285,"2026-09-19","2026-09-20 14:10:26 UTC",56.2,257,"descriptive_run_prevention_not_award_prediction"
642207,"Devin Williams","New York Mets","R","2026-03-28","2026-08-07",179,157,43,31,9,0,3,20,0,0,51,0,61,106,31,5,42,31,21,12,59,86.4452830188679,15.9150943396226,7.42477259108868,179,0.273885350318471,0.355932203389831,0.388535031847134,0.744467235236964,0.114649681528662,0.284916201117318,0.111731843575419,0.292452830188679,0.0471698113207547,0.39622641509434,0.292452830188679,0.19811320754717,0.556603773584906,0.329209039548023,0.0414791764865289,0.642,0.679,"moderate","pitcher","fixed_linear_weights_v1","sabrhood_player_summary_v1",728,0.508241758241758,0.425824175824176,"2026-09-19","2026-09-20 14:10:26 UTC",56.2,257,"descriptive_run_prevention_not_award_prediction"
686580,"Justin Slaten","Boston Red Sox","R","2026-03-26","2026-08-12",137,127,35,25,6,0,4,8,0,0,39,0,53,90,33,4,39,25,23,3,40,86.9662921348315,7.35555555555556,2.04775790173157,137,0.275590551181102,0.318518518518519,0.417322834645669,0.735841353164188,0.141732283464567,0.284671532846715,0.0583941605839416,0.366666666666667,0.0444444444444444,0.433333333333333,0.277777777777778,0.255555555555556,0.444444444444444,0.318518518518519,0.0149471379688436,0.578,0.643,"moderate","pitcher","fixed_linear_weights_v1","sabrhood_player_summary_v1",508,0.507874015748031,0.521653543307087,"2026-09-19","2026-09-20 14:10:26 UTC",56.2,257,"descriptive_run_prevention_not_award_prediction"
642121,"Cole Sulser","Tampa Bay Rays","R","2026-03-28","2026-09-19",217,201,50,28,15,0,7,13,2,0,52,1,86,152,62,16,59,34,47,12,69,86.9913907284768,15.0331125827815,3.44138409310235,217,0.248756218905473,0.293023255813953,0.427860696517413,0.720883952331366,0.17910447761194,0.23963133640553,0.0599078341013825,0.407894736842105,0.105263157894737,0.388157894736842,0.223684210526316,0.309210526315789,0.453947368421053,0.304694835680751,0.0158589128714394,0.685,0.752,"moderate","pitcher","fixed_linear_weights_v1","sabrhood_player_summary_v1",863,0.512166859791425,0.424101969872538,"2026-09-19","2026-09-20 14:10:26 UTC",56.1,260,"descriptive_run_prevention_not_award_prediction"
696149,"Bubba Chandler","Pittsburgh Pirates","R","2026-03-31","2026-09-19",656,568,133,87,28,3,15,75,0,7,138,4,212,435,169,29,173,98,123,41,190,88.247816091954,15.6574712643678,5.43275692820487,656,0.234154929577465,0.328746177370031,0.373239436619718,0.701985613989749,0.139084507042254,0.210365853658537,0.114329268292683,0.388505747126437,0.0666666666666667,0.397701149425287,0.225287356321839,0.282758620689655,0.436781609195402,0.310244648318043,0.00828164165884888,0.868,0.897,"strong","pitcher","fixed_linear_weights_v1","sabrhood_player_summary_v1",2609,0.469145266385588,0.48486009965504,"2026-09-19","2026-09-20 14:10:26 UTC",55.9,261,"descriptive_run_prevention_not_award_prediction"
694918,"Blade Tidwell","San Francisco Giants","R","2026-04-02","2026-09-15",222,193,43,30,6,0,7,21,0,6,42,2,70,153,59,15,58,31,40,24,75,88.5503267973856,21.7254901960784,0.940321388521367,222,0.22279792746114,0.315315315315315,0.362694300518135,0.67800961583345,0.139896373056995,0.189189189189189,0.0945945945945946,0.38562091503268,0.0980392156862745,0.379084967320261,0.202614379084967,0.261437908496732,0.490196078431373,0.30054054054054,0.00423568193027643,0.689,0.754,"moderate","pitcher","fixed_linear_weights_v1","sabrhood_player_summary_v1",902,0.442350332594235,0.496674057649667,"2026-09-19","2026-09-20 14:10:26 UTC",55.9,261,"descriptive_run_prevention_not_award_prediction"
685801,"Hunter Bigge","Tampa Bay Rays","R","2026-04-03","2026-05-29",84,70,14,7,6,0,1,13,0,0,14,1,23,57,21,3,24,9,17,7,28,89.5947368421053,18.719298245614,5.58434582344744,84,0.2,0.321428571428571,0.328571428571429,0.65,0.128571428571429,0.166666666666667,0.154761904761905,0.368421052631579,0.0526315789473684,0.421052631578947,0.157894736842105,0.298245614035088,0.491228070175439,0.292619047619048,0.0664803074219933,0.457,0.533,"developing","pitcher","fixed_linear_weights_v1","sabrhood_player_summary_v1",319,0.435736677115987,0.429467084639498,"2026-09-19","2026-09-20 14:10:26 UTC",55.8,263,"descriptive_run_prevention_not_award_prediction"
518886,"Craig Kimbrel","Kansas City Royals","R","2026-04-11","2026-09-16",196,170,40,26,9,1,4,20,0,3,40,2,63,131,48,7,44,33,44,10,57,88.9748091603053,18.7709923664122,5.25298812982643,196,0.235294117647059,0.323076923076923,0.370588235294118,0.693665158371041,0.135294117647059,0.204081632653061,0.102040816326531,0.366412213740458,0.0534351145038168,0.33587786259542,0.251908396946565,0.33587786259542,0.435114503816794,0.305641025641026,0.0268009598460532,0.662,0.724,"moderate","pitcher","fixed_linear_weights_v1","sabrhood_player_summary_v1",776,0.479381443298969,0.434278350515464,"2026-09-19","2026-09-20 14:10:26 UTC",55.7,264,"descriptive_run_prevention_not_award_prediction"
669160,"Dustin May","Milwaukee Brewers","R","2026-03-29","2026-09-18",602,538,138,98,27,1,12,47,0,11,137,4,203,404,178,28,171,105,98,29,179,89.2835411471322,11.8802992518703,6.34221686708665,602,0.256505576208178,0.326666666666667,0.377323420074349,0.703990086741016,0.120817843866171,0.227574750830565,0.0780730897009967,0.440594059405941,0.0693069306930693,0.423267326732673,0.25990099009901,0.242574257425743,0.443069306930693,0.309583333333333,0.0105352439652602,0.858,0.89,"strong","pitcher","fixed_linear_weights_v1","sabrhood_player_summary_v1",2305,0.47765726681128,0.488937093275488,"2026-09-19","2026-09-20 14:10:26 UTC",55.1,265,"descriptive_run_prevention_not_award_prediction"
695549,"Jackson Jobe","Detroit Tigers","R","2026-08-08","2026-09-19",173,153,35,19,8,1,7,14,0,4,43,2,66,111,39,11,52,21,32,6,58,88.2754545454546,11.9181818181818,-0.966476731347809,173,0.228758169934641,0.30635838150289,0.431372549019608,0.737730930522498,0.202614379084967,0.248554913294798,0.0809248554913295,0.351351351351351,0.0990990990990991,0.468468468468468,0.189189189189189,0.288288288288288,0.522522522522523,0.316820809248555,-0.00558657070143242,0.634,0.689,"moderate","pitcher","fixed_linear_weights_v1","sabrhood_player_summary_v1",685,0.484671532846715,0.443795620437956,"2026-09-19","2026-09-20 14:10:26 UTC",54.7,266,"descriptive_run_prevention_not_award_prediction"
685126,"Brandon Eisert","Pittsburgh Pirates","L","2026-04-12","2026-09-19",180,161,40,23,11,0,6,13,0,1,48,0,69,118,45,7,51,29,33,5,56,86.7177966101695,11.8559322033898,0.484122445787863,180,0.248447204968944,0.308571428571429,0.428571428571429,0.737142857142857,0.180124223602484,0.266666666666667,0.0722222222222222,0.38135593220339,0.0593220338983051,0.432203389830508,0.245762711864407,0.279661016949153,0.474576271186441,0.317885714285714,0.0026895691432659,0.643,0.702,"moderate","pitcher","fixed_linear_weights_v1","sabrhood_player_summary_v1",749,0.46328437917223,0.425901201602136,"2026-09-19","2026-09-20 14:10:26 UTC",54.5,267,"descriptive_run_prevention_not_award_prediction"
543135,"Nathan Eovaldi","Texas Rangers","R","2026-03-26","2026-09-19",589,542,135,88,21,2,24,32,0,10,141,3,232,404,167,36,195,86,102,21,201,88.520297029703,10.5346534653465,-3.64776398323836,589,0.249077490774908,0.301533219761499,0.428044280442804,0.729577500204304,0.178966789667897,0.239388794567063,0.0543293718166384,0.413366336633663,0.0891089108910891,0.482673267326733,0.212871287128713,0.252475247524752,0.497524752475248,0.31366269165247,-0.00619314767952183,0.855,0.89,"strong","pitcher","fixed_linear_weights_v1","sabrhood_player_summary_v1",2120,0.520283018867924,0.477830188679245,"2026-09-19","2026-09-20 14:10:26 UTC",54.2,268,"descriptive_run_prevention_not_award_prediction"
681293,"Spencer Arrighetti","Toronto Blue Jays","R","2026-04-15","2026-09-15",482,398,87,56,14,0,17,62,0,15,104,4,152,299,93,27,107,73,94,25,147,86.493265993266,18.2289562289562,11.4773947877638,482,0.218592964824121,0.342379958246347,0.381909547738693,0.72428950598504,0.163316582914573,0.215767634854772,0.128630705394191,0.311036789297659,0.0903010033444816,0.357859531772575,0.244147157190635,0.31438127090301,0.491638795986622,0.322317327766179,0.0238120223812527,0.828,0.857,"strong","pitcher","fixed_linear_weights_v1","sabrhood_player_summary_v1",1899,0.41969457609268,0.449183780937335,"2026-09-19","2026-09-20 14:10:26 UTC",54.1,269,"descriptive_run_prevention_not_award_prediction"
679358,"Eric Orze","Minnesota Twins","R","2026-03-28","2026-07-08",187,160,42,27,13,1,1,19,0,2,36,5,60,130,38,7,57,36,25,12,66,85.493023255814,12.0387596899225,6.14710403614904,187,0.2625,0.338709677419355,0.375,0.713709677419355,0.1125,0.192513368983957,0.101604278074866,0.292307692307692,0.0538461538461538,0.438461538461538,0.276923076923077,0.192307692307692,0.507692307692308,0.311827956989247,0.0328722140970537,0.652,0.722,"moderate","pitcher","fixed_linear_weights_v1","sabrhood_player_summary_v1",677,0.434268833087149,0.485967503692762,"2026-09-19","2026-09-20 14:10:26 UTC",54.1,269,"descriptive_run_prevention_not_award_prediction"
681867,"Cooper Criswell","Seattle Mariners","R","2026-03-26","2026-09-19",155,140,38,31,3,1,3,10,0,1,30,2,52,113,43,4,68,20,21,4,50,86.5699115044248,4.53097345132743,2.56166087686485,155,0.271428571428571,0.320261437908497,0.371428571428571,0.691690009337068,0.1,0.193548387096774,0.0645161290322581,0.380530973451327,0.0353982300884956,0.601769911504425,0.176991150442478,0.185840707964602,0.442477876106195,0.30202614379085,0.01652684436687,0.608,0.693,"moderate","pitcher","fixed_linear_weights_v1","sabrhood_player_summary_v1",593,0.48397976391231,0.463743676222597,"2026-09-19","2026-09-20 14:10:26 UTC",54.1,269,"descriptive_run_prevention_not_award_prediction"
813349,"Connelly Early","Boston Red Sox","L","2026-03-29","2026-06-30",390,344,81,54,12,0,15,34,0,9,93,2,138,254,104,28,112,50,77,15,118,89.5345238095238,11.8346456692913,-10.8474180538899,390,0.23546511627907,0.318766066838046,0.401162790697674,0.719928857535721,0.165697674418605,0.238461538461538,0.0871794871794872,0.409448818897638,0.110236220472441,0.440944881889764,0.196850393700787,0.303149606299213,0.464566929133858,0.314884318766067,-0.0278138924458715,0.796,0.836,"strong","pitcher","fixed_linear_weights_v1","sabrhood_player_summary_v1",1528,0.469240837696335,0.464659685863874,"2026-09-19","2026-09-20 14:10:26 UTC",54,272,"descriptive_run_prevention_not_award_prediction"
690925,"Clayton Beeter","Washington Nationals","R","2026-03-26","2026-09-11",209,172,36,24,4,0,8,29,2,3,47,3,64,128,55,10,62,26,36,4,53,88.9543307086614,8.36220472440945,3.89780793616001,209,0.209302325581395,0.328502415458937,0.372093023255814,0.700595438714751,0.162790697674419,0.22488038277512,0.138755980861244,0.4296875,0.078125,0.484375,0.203125,0.28125,0.4140625,0.307073170731707,0.0186497987376077,0.676,0.719,"moderate","pitcher","fixed_linear_weights_v1","sabrhood_player_summary_v1",796,0.444723618090452,0.4321608040201,"2026-09-19","2026-09-20 14:10:26 UTC",53.8,273,"descriptive_run_prevention_not_award_prediction"
621074,"Michael Rucker","Seattle Mariners","R","2026-06-12","2026-09-14",170,153,39,28,5,0,6,14,0,2,44,0,62,110,41,10,51,30,22,7,44,87.8336363636364,8.91818181818182,5.69725359270042,170,0.254901960784314,0.325443786982249,0.405228758169935,0.730672545152183,0.150326797385621,0.258823529411765,0.0823529411764706,0.372727272727273,0.0909090909090909,0.463636363636364,0.272727272727273,0.2,0.4,0.319526627218935,0.0335132564276495,0.63,0.688,"moderate","pitcher","fixed_linear_weights_v1","sabrhood_player_summary_v1",686,0.465014577259475,0.475218658892128,"2026-09-19","2026-09-20 14:10:26 UTC",53.8,273,"descriptive_run_prevention_not_award_prediction"
677865,"Justin Bruihl","St. Louis Cardinals","L","2026-03-26","2026-09-19",331,286,73,51,18,0,4,25,0,11,53,7,103,242,85,12,124,55,47,16,111,85.154132231405,8.64049586776859,2.72606703204178,331,0.255244755244755,0.331306990881459,0.36013986013986,0.691446851021319,0.104895104895105,0.16012084592145,0.0755287009063444,0.351239669421488,0.0495867768595041,0.512396694214876,0.227272727272727,0.194214876033058,0.458677685950413,0.305197568389058,0.00823585206054918,0.768,0.829,"strong","pitcher","fixed_linear_weights_v1","sabrhood_player_summary_v1",1276,0.457680250783699,0.474921630094044,"2026-09-19","2026-09-20 14:10:26 UTC",53.7,275,"descriptive_run_prevention_not_award_prediction"
668941,"JoJo Romero","Milwaukee Brewers","L","2026-03-26","2026-09-17",220,198,48,32,8,1,7,16,0,4,49,0,79,151,60,13,78,34,33,6,82,89.7060402684564,7.24,-4.02470696445698,220,0.242424242424242,0.311926605504587,0.398989898989899,0.710916504494486,0.156565656565657,0.222727272727273,0.0727272727272727,0.397350993377483,0.0860927152317881,0.516556291390728,0.225165562913907,0.218543046357616,0.543046357615894,0.310229357798165,-0.0182941225657135,0.688,0.751,"moderate","pitcher","fixed_linear_weights_v1","sabrhood_player_summary_v1",857,0.413068844807468,0.466744457409568,"2026-09-19","2026-09-20 14:10:26 UTC",53.4,276,"descriptive_run_prevention_not_award_prediction"
675660,"Shane Drohan","Milwaukee Brewers","L","2026-04-08","2026-09-18",511,459,118,76,26,2,14,42,0,5,121,4,190,342,131,30,141,81,101,19,155,87.6345132743363,12.7794117647059,-0.810905385713705,511,0.257080610021787,0.323529411764706,0.413943355119826,0.737472766884532,0.156862745098039,0.23679060665362,0.0821917808219178,0.383040935672515,0.087719298245614,0.412280701754386,0.236842105263158,0.295321637426901,0.453216374269006,0.319529411764706,-0.00158689899356889,0.836,0.872,"strong","pitcher","fixed_linear_weights_v1","sabrhood_player_summary_v1",1933,0.482152095188826,0.47801345059493,"2026-09-19","2026-09-20 14:10:26 UTC",53.2,277,"descriptive_run_prevention_not_award_prediction"
693821,"Bryce Elder","Atlanta Braves","R","2026-03-30","2026-08-31",635,575,140,97,17,2,24,49,0,3,121,3,233,459,183,32,203,108,121,27,210,88.5882352941177,12.4466230936819,-1.91850580141636,635,0.243478260869565,0.304761904761905,0.405217391304348,0.709979296066253,0.161739130434783,0.190551181102362,0.0771653543307087,0.398692810457516,0.0697167755991285,0.442265795206972,0.235294117647059,0.263616557734205,0.457516339869281,0.307571428571429,-0.00302126897860844,0.864,0.902,"strong","pitcher","fixed_linear_weights_v1","sabrhood_player_summary_v1",2245,0.462806236080178,0.476614699331849,"2026-09-19","2026-09-20 14:10:26 UTC",53,278,"descriptive_run_prevention_not_award_prediction"
542888,"Shawn Armstrong","Cleveland Guardians","R","2026-03-26","2026-07-24",146,124,29,19,6,0,4,18,0,2,33,1,47,92,32,6,41,17,26,8,33,87.1260869565217,15.2391304347826,-0.141104850400277,146,0.233870967741935,0.337931034482759,0.379032258064516,0.716963292547275,0.145161290322581,0.226027397260274,0.123287671232877,0.347826086956522,0.0652173913043478,0.445652173913043,0.184782608695652,0.282608695652174,0.358695652173913,0.317655172413793,-0.00096647157808409,0.593,0.648,"moderate","pitcher","fixed_linear_weights_v1","sabrhood_player_summary_v1",597,0.485762144053601,0.510887772194305,"2026-09-19","2026-09-20 14:10:26 UTC",53,278,"descriptive_run_prevention_not_award_prediction"
676282,"Joey Cantillo","Cleveland Guardians","L","2026-03-28","2026-09-18",671,581,143,94,30,2,17,79,0,6,167,3,228,416,167,31,188,90,111,27,199,87.6067632850242,10.3397590361446,-0.921146744313065,671,0.246127366609294,0.340807174887892,0.392426850258176,0.733234025146068,0.146299483648881,0.248882265275708,0.117734724292101,0.401442307692308,0.0745192307692308,0.451923076923077,0.216346153846154,0.266826923076923,0.478365384615385,0.322929745889387,-0.00137279693638311,0.87,0.893,"strong","pitcher","fixed_linear_weights_v1","sabrhood_player_summary_v1",2668,0.444902548725637,0.473388305847076,"2026-09-19","2026-09-20 14:10:26 UTC",52.9,280,"descriptive_run_prevention_not_award_prediction"
690928,"Hunter Dobbins","St. Louis Cardinals","R","2026-04-30","2026-08-21",231,204,48,31,9,1,7,24,0,2,52,0,80,153,60,12,67,38,41,7,80,88.3588235294118,11.6339869281046,-3.69443828937823,231,0.235294117647059,0.321739130434783,0.392156862745098,0.713895993179881,0.156862745098039,0.225108225108225,0.103896103896104,0.392156862745098,0.0784313725490196,0.437908496732026,0.248366013071895,0.26797385620915,0.522875816993464,0.313347826086956,-0.0159932393479577,0.698,0.754,"moderate","pitcher","fixed_linear_weights_v1","sabrhood_player_summary_v1",931,0.445757250268528,0.469387755102041,"2026-09-19","2026-09-20 14:10:26 UTC",52.9,280,"descriptive_run_prevention_not_award_prediction"
814490,"Ethan Pecko","Houston Astros","R","2026-08-19","2026-09-17",117,103,20,11,4,0,5,12,0,2,19,0,39,83,32,8,31,16,26,10,37,89.2780487804878,19.4512195121951,-1.42975791734304,117,0.194174757281553,0.290598290598291,0.378640776699029,0.66923906729732,0.184466019417476,0.162393162393162,0.102564102564103,0.385542168674699,0.0963855421686747,0.373493975903614,0.192771084337349,0.313253012048193,0.44578313253012,0.294102564102564,-0.0122201531396841,0.539,0.624,"moderate","pitcher","fixed_linear_weights_v1","sabrhood_player_summary_v1",487,0.453798767967146,0.42299794661191,"2026-09-19","2026-09-20 14:10:26 UTC",52.9,280,"descriptive_run_prevention_not_award_prediction"
642546,"Jonathan Hernández","Los Angeles Dodgers","R","2026-05-22","2026-08-15",108,96,21,13,4,0,4,12,1,0,22,0,37,74,30,4,30,18,23,3,29,88.3506849315068,14.8219178082192,3.71128981899373,108,0.21875,0.305555555555556,0.385416666666667,0.690972222222222,0.166666666666667,0.203703703703704,0.111111111111111,0.405405405405405,0.0540540540540541,0.405405405405405,0.243243243243243,0.310810810810811,0.391891891891892,0.299345794392523,0.0343637946203123,0.519,0.597,"moderate","pitcher","fixed_linear_weights_v1","sabrhood_player_summary_v1",413,0.438256658595642,0.472154963680387,"2026-09-19","2026-09-20 14:10:26 UTC",52.6,283,"descriptive_run_prevention_not_award_prediction"
686218,"Emmet Sheehan","Los Angeles Dodgers","R","2026-03-27","2026-09-13",453,409,98,51,26,0,21,31,0,8,123,4,187,291,113,29,106,66,86,33,138,88.3329896907216,19.5085910652921,2.56028972128989,453,0.23960880195599,0.303097345132743,0.45721271393643,0.760310059069174,0.21760391198044,0.271523178807947,0.0684326710816777,0.388316151202749,0.0996563573883162,0.36426116838488,0.22680412371134,0.29553264604811,0.474226804123711,0.324070796460177,0.00565185368938166,0.819,0.853,"strong","pitcher","fixed_linear_weights_v1","sabrhood_player_summary_v1",1861,0.505104782375067,0.450832885545406,"2026-09-19","2026-09-20 14:10:26 UTC",52.5,284,"descriptive_run_prevention_not_award_prediction"
663947,"Tyler Holton","Detroit Tigers","L","2026-03-26","2026-09-16",297,272,70,51,10,1,8,17,0,6,55,0,106,218,82,11,113,50,37,18,105,86.7870967741935,9.38248847926267,-6.46172823315775,297,0.257352941176471,0.315254237288136,0.389705882352941,0.704960119641077,0.132352941176471,0.185185185185185,0.0572390572390572,0.376146788990826,0.0504587155963303,0.518348623853211,0.229357798165138,0.169724770642202,0.481651376146789,0.308372881355932,-0.0217566607177029,0.748,0.813,"strong","pitcher","fixed_linear_weights_v1","sabrhood_player_summary_v1",1107,0.46973803071364,0.491418247515808,"2026-09-19","2026-09-20 14:10:26 UTC",52.5,284,"descriptive_run_prevention_not_award_prediction"
664076,"Garrett Cleavinger","Tampa Bay Rays","L","2026-03-26","2026-09-04",181,152,37,24,6,1,6,22,2,2,54,5,63,103,42,8,41,30,23,9,40,85.3582524271845,10.4660194174757,0.726953289007381,181,0.243421052631579,0.337016574585635,0.414473684210526,0.751490258796162,0.171052631578947,0.298342541436464,0.121546961325967,0.407766990291262,0.0776699029126214,0.398058252427184,0.29126213592233,0.223300970873786,0.388349514563107,0.320782122905028,0.00401631651385294,0.644,0.673,"moderate","pitcher","fixed_linear_weights_v1","sabrhood_player_summary_v1",734,0.476839237057221,0.440054495912807,"2026-09-19","2026-09-20 14:10:26 UTC",52.4,286,"descriptive_run_prevention_not_award_prediction"
676440,"Tanner Bibee","Cleveland Guardians","R","2026-03-26","2026-09-19",757,691,168,108,30,1,29,54,0,6,142,5,287,553,218,44,207,133,159,54,227,88.5509090909091,17.3745454545455,-5.74602422346771,757,0.243125904486252,0.301587301587302,0.41534008683068,0.716927388417982,0.172214182344428,0.187582562747688,0.071334214002642,0.394213381555154,0.0795660036166365,0.374321880650995,0.240506329113924,0.2875226039783,0.410488245931284,0.309087301587302,-0.00759052077076316,0.883,0.917,"strong","pitcher","fixed_linear_weights_v1","sabrhood_player_summary_v1",2874,0.471120389700765,0.495128740431454,"2026-09-19","2026-09-20 14:10:26 UTC",52.1,287,"descriptive_run_prevention_not_award_prediction"
701519,"Travis Adams","Minnesota Twins","R","2026-05-10","2026-09-18",234,207,50,29,10,3,8,24,0,0,55,2,90,155,49,10,63,37,44,11,68,85.0545454545454,11.7597402597403,7.54717277034369,234,0.241545893719807,0.317596566523605,0.434782608695652,0.752379175219257,0.193236714975845,0.235042735042735,0.102564102564103,0.316129032258064,0.0645161290322581,0.406451612903226,0.238709677419355,0.283870967741935,0.438709677419355,0.322918454935622,0.0322528750869388,0.701,0.756,"moderate","pitcher","fixed_linear_weights_v1","sabrhood_player_summary_v1",890,0.48314606741573,0.431460674157303,"2026-09-19","2026-09-20 14:10:26 UTC",52.1,287,"descriptive_run_prevention_not_award_prediction"
690986,"Kyle Harrison","Milwaukee Brewers","L","2026-03-30","2026-09-17",491,448,116,73,22,1,20,35,0,6,136,1,200,311,119,26,116,87,88,20,132,88.7128617363344,14.4340836012862,5.11778362318154,491,0.258928571428571,0.320408163265306,0.446428571428571,0.766836734693878,0.1875,0.276985743380855,0.0712830957230143,0.382636655948553,0.0836012861736334,0.372990353697749,0.279742765273312,0.282958199356913,0.42443729903537,0.330102040816327,0.0104231845685978,0.831,0.861,"strong","pitcher","fixed_linear_weights_v1","sabrhood_player_summary_v1",2043,0.484092021536955,0.487518355359765,"2026-09-19","2026-09-20 14:10:26 UTC",51.8,289,"descriptive_run_prevention_not_award_prediction"
663969,"Tyler Phillips","Miami Marlins","R","2026-03-29","2026-09-18",522,464,109,75,14,3,17,52,0,3,99,1,180,365,155,30,173,80,103,9,170,88.9282191780822,9.64657534246575,-9.27236277991138,522,0.234913793103448,0.315384615384615,0.387931034482759,0.703315649867374,0.15301724137931,0.189655172413793,0.0996168582375479,0.424657534246575,0.0821917808219178,0.473972602739726,0.219178082191781,0.282191780821918,0.465753424657534,0.308173076923077,-0.0177631470879528,0.839,0.88,"strong","pitcher","fixed_linear_weights_v1","sabrhood_player_summary_v1",1964,0.457739307535642,0.465885947046843,"2026-09-19","2026-09-20 14:10:26 UTC",51.6,290,"descriptive_run_prevention_not_award_prediction"
664126,"Pete Fairbanks","Miami Marlins","R","2026-03-27","2026-09-14",183,158,35,21,4,2,8,21,1,3,57,1,67,102,44,14,25,23,44,10,36,90.2633663366337,23.4059405940594,9.74435865534121,183,0.221518987341772,0.322404371584699,0.424050632911392,0.746455004496092,0.20253164556962,0.311475409836066,0.114754098360656,0.431372549019608,0.137254901960784,0.245098039215686,0.225490196078431,0.431372549019608,0.352941176470588,0.321978021978022,0.0532478615045968,0.647,0.671,"moderate","pitcher","fixed_linear_weights_v1","sabrhood_player_summary_v1",765,0.450980392156863,0.46797385620915,"2026-09-19","2026-09-20 14:10:26 UTC",51.6,290,"descriptive_run_prevention_not_award_prediction"
665660,"Elvis Alvarado","Athletics","R","2026-03-28","2026-09-18",210,184,40,20,11,0,9,23,0,2,58,1,78,127,62,16,48,20,55,4,49,89.936220472441,15.748031496063,1.10199802203492,210,0.217391304347826,0.30952380952381,0.423913043478261,0.73343685300207,0.206521739130435,0.276190476190476,0.10952380952381,0.488188976377953,0.125984251968504,0.377952755905512,0.15748031496063,0.433070866141732,0.385826771653543,0.317333333333333,0.00524760962873772,0.677,0.718,"moderate","pitcher","fixed_linear_weights_v1","sabrhood_player_summary_v1",877,0.513112884834664,0.483466362599772,"2026-09-19","2026-09-20 14:10:26 UTC",51.5,292,"descriptive_run_prevention_not_award_prediction"
689818,"David Sandlin","Chicago White Sox","R","2026-05-27","2026-09-18",145,131,31,20,3,2,6,13,0,1,33,0,56,98,33,8,46,25,24,3,47,86.8928571428571,8.72448979591837,6.11708394249666,145,0.236641221374046,0.310344827586207,0.427480916030534,0.737825743616741,0.190839694656489,0.227586206896552,0.0896551724137931,0.336734693877551,0.0816326530612245,0.469387755102041,0.255102040816327,0.244897959183673,0.479591836734694,0.318551724137931,0.0421867858103218,0.592,0.662,"moderate","pitcher","fixed_linear_weights_v1","sabrhood_player_summary_v1",553,0.448462929475588,0.466546112115732,"2026-09-19","2026-09-20 14:10:26 UTC",51.5,292,"descriptive_run_prevention_not_award_prediction"
621237,"José Alvarado","Philadelphia Phillies","L","2026-03-28","2026-09-19",258,224,61,44,9,3,5,25,1,8,69,0,91,155,46,7,55,45,37,18,55,85.9051948051948,17.9675324675325,8.00910127604535,258,0.272321428571429,0.365758754863813,0.40625,0.772008754863813,0.133928571428571,0.267441860465116,0.0968992248062016,0.296774193548387,0.0451612903225806,0.354838709677419,0.290322580645161,0.238709677419355,0.354838709677419,0.3395703125,0.0310430282017262,0.721,0.756,"strong","pitcher","fixed_linear_weights_v1","sabrhood_player_summary_v1",1072,0.462686567164179,0.416044776119403,"2026-09-19","2026-09-20 14:10:26 UTC",51.4,294,"descriptive_run_prevention_not_award_prediction"
660853,"Enyel De Los Santos","Houston Astros","R","2026-04-06","2026-09-18",301,277,69,39,18,1,11,19,0,1,67,2,122,213,80,12,76,48,66,23,92,87.530985915493,18.9530516431925,5.49426291409595,301,0.249097472924188,0.297658862876254,0.44043321299639,0.738092075872644,0.191335740072202,0.222591362126246,0.0631229235880399,0.375586854460094,0.0563380281690141,0.356807511737089,0.225352112676056,0.309859154929577,0.431924882629108,0.314849498327759,0.0182533651631095,0.751,0.81,"strong","pitcher","fixed_linear_weights_v1","sabrhood_player_summary_v1",1153,0.538594969644406,0.485689505637467,"2026-09-19","2026-09-20 14:10:26 UTC",51.3,295,"descriptive_run_prevention_not_award_prediction"
694795,"Josh Ekness","Miami Marlins","R","2026-05-03","2026-09-19",120,98,23,18,3,0,2,17,0,2,21,1,32,80,27,5,32,16,27,5,30,85.72,16.325,4.29145637467159,120,0.23469387755102,0.355932203389831,0.326530612244898,0.682462815634728,0.0918367346938775,0.175,0.141666666666667,0.3375,0.0625,0.4,0.2,0.3375,0.375,0.311440677966102,0.0357621364555966,0.545,0.615,"moderate","pitcher","fixed_linear_weights_v1","sabrhood_player_summary_v1",496,0.409274193548387,0.485887096774194,"2026-09-19","2026-09-20 14:10:26 UTC",51.2,296,"descriptive_run_prevention_not_award_prediction"
804267,"Zac Thornton","New York Mets","L","2026-05-20","2026-09-18",319,297,73,49,11,0,13,17,0,3,59,1,123,239,99,19,93,59,73,14,98,88.3556485355649,14.6066945606695,-8.40307866344207,319,0.245791245791246,0.292452830188679,0.414141414141414,0.706594244330093,0.168350168350168,0.184952978056426,0.0532915360501567,0.414225941422594,0.0794979079497908,0.389121338912134,0.246861924686192,0.305439330543933,0.410041841004184,0.304339622641509,-0.0263419393838309,0.761,0.827,"strong","pitcher","fixed_linear_weights_v1","sabrhood_player_summary_v1",1174,0.520442930153322,0.501703577512777,"2026-09-19","2026-09-20 14:10:26 UTC",51,297,"descriptive_run_prevention_not_award_prediction"
621016,"Jose Cuas","Kansas City Royals","R","2026-07-01","2026-09-17",91,79,23,18,5,0,0,11,0,0,22,1,28,58,19,1,15,22,12,9,24,83.2,18.7068965517241,-0.983888044569691,91,0.291139240506329,0.373626373626374,0.354430379746835,0.728056753373209,0.0632911392405063,0.241758241758242,0.120879120879121,0.327586206896552,0.0172413793103448,0.258620689655172,0.379310344827586,0.206896551724138,0.413793103448276,0.325604395604396,-0.0108119565337329,0.476,0.537,"developing","pitcher","fixed_linear_weights_v1","sabrhood_player_summary_v1",407,0.474201474201474,0.42014742014742,"2026-09-19","2026-09-20 14:10:26 UTC",51,297,"descriptive_run_prevention_not_award_prediction"
642547,"Freddy Peralta","Tampa Bay Rays","R","2026-03-26","2026-09-19",708,633,157,97,35,2,23,60,0,8,152,3,265,488,183,29,193,118,139,38,214,86.8696721311475,16.4651639344262,1.51252963080065,708,0.248025276461295,0.319602272727273,0.418641390205371,0.738243662932644,0.170616113744076,0.214689265536723,0.0847457627118644,0.375,0.0594262295081967,0.395491803278689,0.241803278688525,0.284836065573771,0.438524590163934,0.319985795454545,0.0021363412864416,0.876,0.907,"strong","pitcher","fixed_linear_weights_v1","sabrhood_player_summary_v1",2866,0.477320307048151,0.423586880669923,"2026-09-19","2026-09-20 14:10:26 UTC",50.4,299,"descriptive_run_prevention_not_award_prediction"
669387,"Carmen Mlodzinski","Pittsburgh Pirates","R","2026-03-29","2026-09-16",514,467,121,87,24,1,9,41,1,3,91,2,174,377,176,27,159,102,91,25,189,90.306100795756,13.6923076923077,-3.10868884138443,514,0.259100642398287,0.321637426900585,0.372591006423983,0.694228433324568,0.113490364025696,0.17704280155642,0.0797665369649805,0.46684350132626,0.0716180371352785,0.421750663129974,0.270557029177719,0.241379310344828,0.50132625994695,0.30416015625,-0.00604803276533935,0.837,0.883,"strong","pitcher","fixed_linear_weights_v1","sabrhood_player_summary_v1",1986,0.453172205438066,0.491943605236657,"2026-09-19","2026-09-20 14:10:26 UTC",50.3,300,"descriptive_run_prevention_not_award_prediction"
806188,"Cade Gibson","Miami Marlins","L","2026-05-01","2026-09-18",214,183,47,35,8,0,4,20,0,6,41,3,67,145,53,5,74,34,30,7,60,85.2268965517241,7.2551724137931,7.09911329830035,214,0.256830601092896,0.344339622641509,0.366120218579235,0.710459841220744,0.109289617486339,0.191588785046729,0.0934579439252336,0.36551724137931,0.0344827586206897,0.510344827586207,0.23448275862069,0.206896551724138,0.413793103448276,0.315471698113208,0.0331734266275717,0.682,0.744,"moderate","pitcher","fixed_linear_weights_v1","sabrhood_player_summary_v1",841,0.441141498216409,0.464922711058264,"2026-09-19","2026-09-20 14:10:26 UTC",50.1,301,"descriptive_run_prevention_not_award_prediction"
676684,"Will Vest","Detroit Tigers","R","2026-03-26","2026-06-27",116,102,28,21,5,0,2,10,0,2,27,1,39,77,27,4,48,13,15,1,31,88.3,2.21052631578947,10.1476616219387,116,0.274509803921569,0.347826086956522,0.382352941176471,0.730179028132992,0.107843137254902,0.232758620689655,0.0862068965517241,0.350649350649351,0.051948051948052,0.623376623376623,0.168831168831169,0.194805194805195,0.402597402597403,0.322086956521739,0.0874798415684373,0.537,0.606,"moderate","pitcher","fixed_linear_weights_v1","sabrhood_player_summary_v1",484,0.481404958677686,0.462809917355372,"2026-09-19","2026-09-20 14:10:26 UTC",50.1,301,"descriptive_run_prevention_not_award_prediction"
622608,"Antonio Senzatela","Milwaukee Brewers","R","2026-03-29","2026-09-18",299,271,72,54,9,3,6,23,0,2,58,2,105,216,87,13,104,48,52,12,85,88.1657407407407,9.40740740740741,2.49266119725986,299,0.265682656826568,0.325503355704698,0.387453874538745,0.712957230243443,0.121771217712177,0.193979933110368,0.0769230769230769,0.402777777777778,0.0601851851851852,0.481481481481481,0.222222222222222,0.240740740740741,0.393518518518519,0.311174496644295,0.00833665952260821,0.749,0.812,"strong","pitcher","fixed_linear_weights_v1","sabrhood_player_summary_v1",1130,0.494690265486726,0.487610619469027,"2026-09-19","2026-09-20 14:10:26 UTC",50,303,"descriptive_run_prevention_not_award_prediction"
801403,"Chase Dollander","Colorado Rockies","R","2026-03-30","2026-05-14",190,165,39,23,10,0,6,18,0,3,47,3,67,121,63,12,60,21,30,10,46,89.7859504132231,11.7851239669421,-1.52885064094756,190,0.236363636363636,0.317460317460317,0.406060606060606,0.723520923520923,0.16969696969697,0.247368421052632,0.0947368421052632,0.520661157024793,0.0991735537190083,0.495867768595041,0.173553719008264,0.247933884297521,0.380165289256198,0.313650793650794,-0.00804658232077662,0.655,0.708,"moderate","pitcher","fixed_linear_weights_v1","sabrhood_player_summary_v1",743,0.480484522207268,0.492597577388964,"2026-09-19","2026-09-20 14:10:26 UTC",50,303,"descriptive_run_prevention_not_award_prediction"
592094,"Jason Adam","San Diego Padres","R","2026-04-10","2026-06-29",134,124,30,20,5,0,5,8,0,2,22,0,50,102,37,7,47,15,32,8,47,87.2852941176471,11.4607843137255,-7.79928557000068,134,0.241935483870968,0.298507462686567,0.403225806451613,0.70173326913818,0.161290322580645,0.164179104477612,0.0597014925373134,0.362745098039216,0.0686274509803922,0.46078431372549,0.147058823529412,0.313725490196078,0.46078431372549,0.30455223880597,-0.0582036236567215,0.573,0.671,"moderate","pitcher","fixed_linear_weights_v1","sabrhood_player_summary_v1",551,0.533575317604356,0.459165154264973,"2026-09-19","2026-09-20 14:10:26 UTC",49.9,305,"descriptive_run_prevention_not_award_prediction"
676571,"PJ Poulin","Washington Nationals","L","2026-03-26","2026-07-11",152,131,27,16,7,0,4,20,0,1,25,0,46,106,47,10,50,18,30,8,48,91.2913461538461,13.5096153846154,-3.40698082445786,152,0.206106870229008,0.315789473684211,0.351145038167939,0.666934511852149,0.145038167938931,0.164473684210526,0.131578947368421,0.443396226415094,0.0943396226415094,0.471698113207547,0.169811320754717,0.283018867924528,0.452830188679245,0.298157894736842,-0.022414347529328,0.603,0.679,"moderate","pitcher","fixed_linear_weights_v1","sabrhood_player_summary_v1",635,0.4,0.474015748031496,"2026-09-19","2026-09-20 14:10:26 UTC",49.8,306,"descriptive_run_prevention_not_award_prediction"
666808,"Camilo Doval","Pittsburgh Pirates","R","2026-03-25","2026-09-19",266,224,56,40,9,0,7,30,0,3,62,8,86,169,81,10,89,38,31,11,83,89.6517857142857,6.44642857142857,11.3807075397624,266,0.25,0.335849056603774,0.383928571428571,0.719777628032345,0.133928571428571,0.233082706766917,0.112781954887218,0.479289940828402,0.0591715976331361,0.526627218934911,0.224852071005917,0.183431952662722,0.49112426035503,0.314301886792453,0.0427846148111368,0.727,0.772,"strong","pitcher","fixed_linear_weights_v1","sabrhood_player_summary_v1",1007,0.464746772591857,0.455809334657398,"2026-09-19","2026-09-20 14:10:26 UTC",49.6,307,"descriptive_run_prevention_not_award_prediction"
677955,"Jaden Hill","Colorado Rockies","R","2026-03-28","2026-09-18",172,146,35,23,7,2,3,21,0,3,37,1,55,110,40,6,45,28,31,6,48,88.6636363636364,13.9181818181818,2.75701344843122,172,0.23972602739726,0.345029239766082,0.376712328767123,0.721741568533205,0.136986301369863,0.215116279069767,0.122093023255814,0.363636363636364,0.0545454545454545,0.409090909090909,0.254545454545455,0.281818181818182,0.436363636363636,0.32,0.0160291479559955,0.632,0.688,"moderate","pitcher","fixed_linear_weights_v1","sabrhood_player_summary_v1",667,0.484257871064468,0.48575712143928,"2026-09-19","2026-09-20 14:10:26 UTC",49.5,308,"descriptive_run_prevention_not_award_prediction"
668881,"Hunter Greene","Cincinnati Reds","R","2026-07-04","2026-07-31",121,111,29,19,6,0,4,9,0,0,33,1,47,79,37,4,21,28,22,8,29,90.225641025641,21.8333333333333,7.16778305183465,121,0.261261261261261,0.31404958677686,0.423423423423423,0.737473010200283,0.162162162162162,0.272727272727273,0.0743801652892562,0.468354430379747,0.0506329113924051,0.265822784810127,0.354430379746835,0.278481012658228,0.367088607594937,0.317438016528926,0.0592378764614434,0.548,0.612,"moderate","pitcher","fixed_linear_weights_v1","sabrhood_player_summary_v1",456,0.532894736842105,0.506578947368421,"2026-09-19","2026-09-20 14:10:26 UTC",49.4,309,"descriptive_run_prevention_not_award_prediction"
669358,"Shane Baz","Baltimore Orioles","R","2026-03-29","2026-09-15",743,663,175,116,42,2,15,59,0,6,152,13,266,524,220,35,202,145,143,34,229,89.9157088122605,14.1261950286807,0.168606119142281,743,0.26395173453997,0.323886639676113,0.401206636500754,0.725093276176868,0.137254901960784,0.204576043068641,0.0794078061911171,0.419847328244275,0.066793893129771,0.385496183206107,0.276717557251908,0.272900763358779,0.437022900763359,0.313711201079622,0.000226926136126892,0.881,0.913,"strong","pitcher","fixed_linear_weights_v1","sabrhood_player_summary_v1",2819,0.482085846044697,0.496984746363959,"2026-09-19","2026-09-20 14:10:26 UTC",49.3,310,"descriptive_run_prevention_not_award_prediction"
573204,"Caleb Thielbar","Chicago Cubs","L","2026-03-28","2026-09-13",196,179,44,27,6,0,11,15,1,1,58,0,83,122,49,14,37,29,43,13,57,88.5082644628099,19.9421487603306,1.67270896844929,196,0.245810055865922,0.307692307692308,0.463687150837989,0.771379458530297,0.217877094972067,0.295918367346939,0.076530612244898,0.401639344262295,0.114754098360656,0.30327868852459,0.237704918032787,0.352459016393443,0.467213114754098,0.328298969072165,0.00853422943086372,0.662,0.709,"moderate","pitcher","fixed_linear_weights_v1","sabrhood_player_summary_v1",800,0.51375,0.47625,"2026-09-19","2026-09-20 14:10:26 UTC",49.3,310,"descriptive_run_prevention_not_award_prediction"
656550,"Grant Holmes","Atlanta Braves","R","2026-03-29","2026-09-19",625,556,133,89,21,2,21,59,0,3,114,6,221,449,200,44,195,112,120,22,228,90.8158482142857,11.7834821428571,-11.4265422250262,625,0.239208633093525,0.3125,0.397482014388489,0.709982014388489,0.158273381294964,0.1824,0.0944,0.44543429844098,0.0979955456570156,0.434298440979955,0.249443207126949,0.267260579064588,0.507795100222717,0.308589743589744,-0.018282467560042,0.862,0.9,"strong","pitcher","fixed_linear_weights_v1","sabrhood_player_summary_v1",2328,0.48754295532646,0.451890034364261,"2026-09-19","2026-09-20 14:10:26 UTC",48.9,312,"descriptive_run_prevention_not_award_prediction"
664285,"Framber Valdez","Detroit Tigers","L","2026-03-27","2026-09-17",736,652,166,122,26,2,16,64,0,14,129,4,244,529,221,27,298,112,99,20,282,88.9144212523719,5.05313092979127,-1.19200624552852,736,0.254601226993865,0.332425068119891,0.374233128834356,0.706658196954247,0.119631901840491,0.175271739130435,0.0869565217391304,0.417769376181474,0.0510396975425331,0.563327032136106,0.2117202268431,0.187145557655955,0.533081285444234,0.312152588555858,-0.00161957370316376,0.88,0.914,"strong","pitcher","fixed_linear_weights_v1","sabrhood_player_summary_v1",2681,0.4692279000373,0.474822827303245,"2026-09-19","2026-09-20 14:10:26 UTC",48.7,313,"descriptive_run_prevention_not_award_prediction"
666277,"George Soriano","St. Louis Cardinals","R","2026-03-29","2026-09-19",284,244,57,34,13,0,10,32,0,3,64,3,100,185,73,18,83,39,47,16,93,89.0896739130435,13.625,2.44782718057793,284,0.233606557377049,0.326241134751773,0.409836065573771,0.736077200325544,0.176229508196721,0.225352112676056,0.112676056338028,0.394594594594595,0.0972972972972973,0.448648648648649,0.210810810810811,0.254054054054054,0.502702702702703,0.320496453900709,0.00861910979076736,0.74,0.787,"strong","pitcher","fixed_linear_weights_v1","sabrhood_player_summary_v1",1144,0.479020979020979,0.449300699300699,"2026-09-19","2026-09-20 14:10:26 UTC",48.7,313,"descriptive_run_prevention_not_award_prediction"
594580,"Sam Moll","Cincinnati Reds","L","2026-03-26","2026-09-04",256,215,54,39,8,2,5,28,0,6,56,2,81,165,62,7,88,38,30,9,64,86.2084967320261,7.3921568627451,7.29754997675339,256,0.251162790697674,0.350597609561753,0.376744186046512,0.727341795608265,0.125581395348837,0.21875,0.109375,0.375757575757576,0.0424242424242424,0.533333333333333,0.23030303030303,0.181818181818182,0.387878787878788,0.322908366533865,0.0285060545966929,0.719,0.767,"strong","pitcher","fixed_linear_weights_v1","sabrhood_player_summary_v1",1073,0.421248835041938,0.451071761416589,"2026-09-19","2026-09-20 14:10:26 UTC",48.7,313,"descriptive_run_prevention_not_award_prediction"
656427,"Jack Flaherty","Detroit Tigers","R","2026-03-28","2026-07-20",388,334,80,46,20,3,11,41,0,7,102,4,139,238,110,19,75,63,75,25,109,89.3227848101266,21.5443037974684,9.24397592095263,388,0.239520958083832,0.33160621761658,0.416167664670659,0.747773882287239,0.176646706586826,0.262886597938144,0.105670103092784,0.46218487394958,0.0798319327731092,0.315126050420168,0.264705882352941,0.315126050420168,0.457983193277311,0.324870466321244,0.0238246802086408,0.795,0.826,"strong","pitcher","fixed_linear_weights_v1","sabrhood_player_summary_v1",1639,0.450884685784015,0.445393532641855,"2026-09-19","2026-09-20 14:10:26 UTC",48.5,316,"descriptive_run_prevention_not_award_prediction"
674444,"Steven Cruz","Kansas City Royals","R","2026-04-01","2026-09-19",240,217,53,33,6,0,14,18,0,3,63,0,101,156,57,16,72,36,35,13,68,87.525641025641,13.1089743589744,-3.09305937760228,240,0.244239631336406,0.310924369747899,0.465437788018433,0.776362157766332,0.221198156682028,0.2625,0.075,0.365384615384615,0.102564102564103,0.461538461538462,0.230769230769231,0.224358974358974,0.435897435897436,0.332773109243697,-0.0128877474066762,0.706,0.757,"moderate","pitcher","fixed_linear_weights_v1","sabrhood_player_summary_v1",915,0.52896174863388,0.531147540983607,"2026-09-19","2026-09-20 14:10:26 UTC",48.5,316,"descriptive_run_prevention_not_award_prediction"
573009,"Joe Mantiply","Toronto Blue Jays","L","2026-04-05","2026-09-18",112,103,28,20,5,0,3,5,0,1,22,1,42,83,32,9,42,24,12,5,44,86.7385542168675,1.90361445783133,-2.53964558426077,112,0.271844660194175,0.309090909090909,0.407766990291262,0.716857899382171,0.135922330097087,0.196428571428571,0.0446428571428571,0.385542168674699,0.108433734939759,0.506024096385542,0.289156626506024,0.144578313253012,0.530120481927711,0.309090909090909,-0.0226754070023283,0.528,0.624,"moderate","pitcher","fixed_linear_weights_v1","sabrhood_player_summary_v1",399,0.493734335839599,0.463659147869674,"2026-09-19","2026-09-20 14:10:26 UTC",48.5,316,"descriptive_run_prevention_not_award_prediction"
689546,"Nick Davila","Seattle Mariners","R","2026-05-03","2026-08-30",119,100,24,17,5,0,2,13,0,4,13,2,35,89,25,4,46,19,18,6,47,88.1640449438202,9.57303370786517,4.62199252651571,119,0.24,0.34453781512605,0.35,0.69453781512605,0.11,0.109243697478992,0.109243697478992,0.280898876404494,0.0449438202247191,0.51685393258427,0.213483146067416,0.202247191011236,0.528089887640449,0.311176470588235,0.0388402733320648,0.543,0.64,"moderate","pitcher","fixed_linear_weights_v1","sabrhood_player_summary_v1",446,0.455156950672646,0.504484304932735,"2026-09-19","2026-09-20 14:10:26 UTC",48.2,319,"descriptive_run_prevention_not_award_prediction"
681810,"Austin Warren","New York Mets","R","2026-04-15","2026-09-17",202,176,43,24,13,0,6,22,0,3,53,1,74,124,48,11,51,39,28,6,51,88.0245901639344,11.4344262295082,-1.23806809008664,202,0.244318181818182,0.336633663366337,0.420454545454545,0.757088208820882,0.176136363636364,0.262376237623762,0.108910891089109,0.387096774193548,0.0887096774193548,0.411290322580645,0.314516129032258,0.225806451612903,0.411290322580645,0.32990099009901,-0.00612904995092394,0.669,0.713,"moderate","pitcher","fixed_linear_weights_v1","sabrhood_player_summary_v1",864,0.400462962962963,0.451388888888889,"2026-09-19","2026-09-20 14:10:26 UTC",48.1,320,"descriptive_run_prevention_not_award_prediction"
677976,"Randy Dobnak","Kansas City Royals","R","2026-07-02","2026-09-18",312,281,72,52,12,1,7,25,0,3,48,2,107,232,92,10,120,54,52,6,128,89.4082251082251,8.11688311688312,-11.9804135606423,312,0.256227758007117,0.321543408360129,0.380782918149466,0.702326326509595,0.124555160142349,0.153846153846154,0.0801282051282051,0.396551724137931,0.0431034482758621,0.517241379310345,0.232758620689655,0.224137931034483,0.551724137931034,0.307652733118971,-0.0383987614123152,0.757,0.823,"strong","pitcher","fixed_linear_weights_v1","sabrhood_player_summary_v1",1222,0.45417348608838,0.441080196399345,"2026-09-19","2026-09-20 14:10:26 UTC",47.9,321,"descriptive_run_prevention_not_award_prediction"
690953,"Mick Abel","Minnesota Twins","R","2026-03-29","2026-04-14",92,80,22,16,6,0,0,9,0,3,23,0,28,57,23,3,23,16,14,4,27,85.6228070175439,13.1754385964912,-0.739942197292922,92,0.275,0.369565217391304,0.35,0.719565217391304,0.075,0.25,0.0978260869565217,0.403508771929825,0.0526315789473684,0.403508771929825,0.280701754385965,0.245614035087719,0.473684210526316,0.324891304347826,-0.00804284997057524,0.479,0.533,"developing","pitcher","fixed_linear_weights_v1","sabrhood_player_summary_v1",357,0.495798319327731,0.509803921568627,"2026-09-19","2026-09-20 14:10:26 UTC",47.9,321,"descriptive_run_prevention_not_award_prediction"
665871,"Javier Assad","Chicago Cubs","R","2026-04-07","2026-09-18",369,338,81,57,8,0,16,25,0,3,60,1,137,280,124,15,134,53,76,17,113,89.2327338129496,11.4136690647482,-6.11093603978189,369,0.239644970414201,0.29700272479564,0.405325443786982,0.702328168582623,0.165680473372781,0.16260162601626,0.0677506775067751,0.442857142857143,0.0535714285714286,0.478571428571429,0.189285714285714,0.271428571428571,0.403571428571429,0.304223433242507,-0.0165608022758317,0.787,0.848,"strong","pitcher","fixed_linear_weights_v1","sabrhood_player_summary_v1",1469,0.442477876106195,0.511912865895167,"2026-09-19","2026-09-20 14:10:26 UTC",47.8,323,"descriptive_run_prevention_not_award_prediction"
595014,"Blake Treinen","Los Angeles Dodgers","R","2026-03-26","2026-09-17",120,107,27,16,6,2,3,10,1,1,31,1,46,78,33,9,37,15,24,2,31,85.761038961039,12.7922077922078,-1.66923285831445,120,0.252336448598131,0.319327731092437,0.429906542056075,0.749234273148512,0.177570093457944,0.258333333333333,0.0833333333333333,0.423076923076923,0.115384615384615,0.474358974358974,0.192307692307692,0.307692307692308,0.397435897435897,0.31864406779661,-0.0139102738192871,0.545,0.609,"moderate","pitcher","fixed_linear_weights_v1","sabrhood_player_summary_v1",457,0.483588621444201,0.466083150984683,"2026-09-19","2026-09-20 14:10:26 UTC",47.4,324,"descriptive_run_prevention_not_award_prediction"
663436,"Davis Martin","Chicago White Sox","R","2026-03-30","2026-09-15",592,536,140,96,30,0,14,43,0,9,115,3,212,425,187,26,183,118,97,27,197,89.6340527577938,11.9043062200957,-5.06456552226885,592,0.261194029850746,0.3248730964467,0.395522388059701,0.720395484506402,0.134328358208955,0.194256756756757,0.0726351351351351,0.44,0.0611764705882353,0.430588235294118,0.277647058823529,0.228235294117647,0.463529411764706,0.314670050761421,-0.00855500932815683,0.855,0.895,"strong","pitcher","fixed_linear_weights_v1","sabrhood_player_summary_v1",2254,0.484028393966282,0.46583850931677,"2026-09-19","2026-09-20 14:10:26 UTC",47.1,325,"descriptive_run_prevention_not_award_prediction"
691946,"George Klassen","Los Angeles Angels","R","2026-04-05","2026-08-24",126,103,23,17,4,0,2,21,0,1,24,1,33,79,36,6,41,16,19,3,41,88.9846153846154,5.5,-0.367083799887621,126,0.223300970873786,0.357142857142857,0.320388349514563,0.67753120665742,0.0970873786407767,0.19047619047619,0.166666666666667,0.455696202531646,0.0759493670886076,0.518987341772152,0.20253164556962,0.240506329113924,0.518987341772152,0.310714285714286,-0.0029133634911716,0.558,0.612,"moderate","pitcher","fixed_linear_weights_v1","sabrhood_player_summary_v1",491,0.456211812627291,0.462321792260692,"2026-09-19","2026-09-20 14:10:26 UTC",47.1,325,"descriptive_run_prevention_not_award_prediction"
678394,"Brayan Bello","Boston Red Sox","R","2026-03-31","2026-09-19",486,438,119,89,17,1,12,33,0,7,90,7,174,356,142,26,193,79,76,8,200,87.7935393258427,5.27247191011236,2.27967140701368,486,0.271689497716895,0.327835051546392,0.397260273972603,0.725095325518994,0.125570776255708,0.185185185185185,0.0679012345679012,0.398876404494382,0.0730337078651685,0.542134831460674,0.221910112359551,0.213483146067416,0.561797752808989,0.315237113402062,0.00469068190743556,0.829,0.877,"strong","pitcher","fixed_linear_weights_v1","sabrhood_player_summary_v1",1848,0.497835497835498,0.471861471861472,"2026-09-19","2026-09-20 14:10:26 UTC",47,327,"descriptive_run_prevention_not_award_prediction"
571927,"Steven Matz","Tampa Bay Rays","L","2026-03-29","2026-09-17",324,294,70,40,14,2,14,24,0,2,56,3,130,242,84,26,94,70,61,17,103,87.2851239669422,13.698347107438,9.66321040188504,324,0.238095238095238,0.297213622291022,0.442176870748299,0.739390493039321,0.204081632653061,0.172839506172839,0.0740740740740741,0.347107438016529,0.107438016528926,0.388429752066116,0.289256198347107,0.252066115702479,0.425619834710744,0.315232198142415,0.0298247234626081,0.764,0.829,"strong","pitcher","fixed_linear_weights_v1","sabrhood_player_summary_v1",1275,0.48078431372549,0.512156862745098,"2026-09-19","2026-09-20 14:10:26 UTC",46.8,328,"descriptive_run_prevention_not_award_prediction"
686790,"Trevor McDonald","San Francisco Giants","R","2026-05-04","2026-07-20",310,271,69,49,12,1,7,23,0,12,57,2,104,217,82,10,118,52,38,9,99,88.6786046511628,3.35648148148148,3.99120074226203,310,0.254612546125461,0.337662337662338,0.383763837638376,0.721426175300714,0.129151291512915,0.183870967741935,0.0741935483870968,0.377880184331797,0.0460829493087558,0.543778801843318,0.23963133640553,0.175115207373272,0.456221198156682,0.318636363636364,0.0128748411040711,0.756,0.813,"strong","pitcher","fixed_linear_weights_v1","sabrhood_player_summary_v1",1137,0.445030782761653,0.482849604221636,"2026-09-19","2026-09-20 14:10:26 UTC",46.8,328,"descriptive_run_prevention_not_award_prediction"
703725,"Luis Gastelum","St. Louis Cardinals","R","2026-07-08","2026-09-19",140,126,33,19,7,1,6,11,0,2,40,1,60,87,28,9,35,24,19,9,39,86.8172413793103,10.4022988505747,6.44613613382428,140,0.261904761904762,0.328571428571429,0.476190476190476,0.804761904761905,0.214285714285714,0.285714285714286,0.0785714285714286,0.32183908045977,0.103448275862069,0.402298850574713,0.275862068965517,0.218390804597701,0.448275862068966,0.343214285714286,0.0460438295273163,0.583,0.635,"moderate","pitcher","fixed_linear_weights_v1","sabrhood_player_summary_v1",540,0.474074074074074,0.453703703703704,"2026-09-19","2026-09-20 14:10:26 UTC",46.8,328,"descriptive_run_prevention_not_award_prediction"
702752,"Jonathan Pintaro","New York Mets","R","2026-05-23","2026-09-19",127,107,24,16,3,0,5,15,0,3,30,0,42,79,32,5,34,17,21,7,29,87.9423076923077,15.4487179487179,2.52535396485378,127,0.224299065420561,0.336,0.392523364485981,0.728523364485981,0.168224299065421,0.236220472440945,0.118110236220472,0.40506329113924,0.0632911392405063,0.430379746835443,0.215189873417722,0.265822784810127,0.367088607594937,0.32288,0.0198846768886124,0.559,0.612,"moderate","pitcher","fixed_linear_weights_v1","sabrhood_player_summary_v1",507,0.45956607495069,0.457593688362919,"2026-09-19","2026-09-20 14:10:26 UTC",46.8,328,"descriptive_run_prevention_not_award_prediction"
641927,"Bailey Ober","Minnesota Twins","R","2026-03-29","2026-09-15",526,486,122,75,28,0,19,36,0,2,88,0,207,398,147,39,139,82,128,49,192,88.4655778894472,21.0502512562814,2.29935647672437,526,0.251028806584362,0.305343511450382,0.425925925925926,0.731269437376308,0.174897119341564,0.167300380228137,0.0684410646387833,0.369346733668342,0.0979899497487437,0.349246231155779,0.206030150753769,0.321608040201005,0.482412060301508,0.315248091603053,0.00437140014586383,0.84,0.888,"strong","pitcher","fixed_linear_weights_v1","sabrhood_player_summary_v1",1982,0.491422805247225,0.491927346115035,"2026-09-19","2026-09-20 14:10:26 UTC",46.5,332,"descriptive_run_prevention_not_award_prediction"
665152,"Dean Kremer","Minnesota Twins","R","2026-04-13","2026-09-14",320,291,70,37,13,3,17,26,0,0,74,3,140,219,78,22,78,56,72,13,106,87.3776255707763,15.9771689497717,10.1128512721775,320,0.240549828178694,0.3,0.481099656357388,0.781099656357388,0.240549828178694,0.23125,0.08125,0.356164383561644,0.100456621004566,0.356164383561644,0.255707762557078,0.328767123287671,0.484018264840183,0.32959375,0.0316026602255547,0.762,0.814,"strong","pitcher","fixed_linear_weights_v1","sabrhood_player_summary_v1",1296,0.457561728395062,0.451388888888889,"2026-09-19","2026-09-20 14:10:26 UTC",46.5,332,"descriptive_run_prevention_not_award_prediction"
672782,"Yoendrys Gómez","Minnesota Twins","R","2026-03-26","2026-09-19",286,245,58,36,14,1,7,36,0,3,62,1,95,185,77,17,50,50,60,25,81,87.7202247191011,20.7752808988764,8.06619286135455,286,0.236734693877551,0.340350877192982,0.387755102040816,0.728105979233799,0.151020408163265,0.216783216783217,0.125874125874126,0.416216216216216,0.0918918918918919,0.27027027027027,0.27027027027027,0.324324324324324,0.437837837837838,0.321649122807018,0.0282034715431977,0.741,0.787,"strong","pitcher","fixed_linear_weights_v1","sabrhood_player_summary_v1",1119,0.468275245755139,0.462913315460232,"2026-09-19","2026-09-20 14:10:26 UTC",46.3,334,"descriptive_run_prevention_not_award_prediction"
700241,"Michael McGreevy","St. Louis Cardinals","R","2026-03-28","2026-09-19",677,624,159,100,35,3,21,46,0,1,113,6,263,517,212,46,228,125,144,20,225,89.2478682170543,10.7093023255814,-8.88932140344027,677,0.254807692307692,0.304283604135894,0.421474358974359,0.725757963110253,0.166666666666667,0.166912850812408,0.0679468242245199,0.410058027079304,0.0889748549323017,0.44100580270793,0.241779497098646,0.27852998065764,0.435203094777563,0.311299852289513,-0.0131304599755395,0.871,0.912,"strong","pitcher","fixed_linear_weights_v1","sabrhood_player_summary_v1",2682,0.447054436987323,0.450037285607755,"2026-09-19","2026-09-20 14:10:26 UTC",45.9,335,"descriptive_run_prevention_not_award_prediction"
677961,"Cole Wilcox","Seattle Mariners","R","2026-03-28","2026-08-06",122,103,27,23,2,0,2,16,0,2,28,1,35,76,35,5,34,26,13,3,35,91.0893333333333,6.64,-1.85850884963113,122,0.262135922330097,0.368852459016393,0.339805825242718,0.708658284259112,0.0776699029126214,0.229508196721311,0.131147540983607,0.460526315789474,0.0657894736842105,0.447368421052632,0.342105263157895,0.171052631578947,0.460526315789474,0.321475409836066,-0.0152336790953371,0.55,0.603,"moderate","pitcher","fixed_linear_weights_v1","sabrhood_player_summary_v1",484,0.462809917355372,0.473140495867769,"2026-09-19","2026-09-20 14:10:26 UTC",45.9,335,"descriptive_run_prevention_not_award_prediction"
669060,"Bryse Wilson","Milwaukee Brewers","R","2026-06-18","2026-08-30",145,140,41,34,2,2,3,3,0,2,30,0,56,110,51,3,43,33,27,7,50,90.4954128440367,14.6238532110092,0.158072274062458,145,0.292857142857143,0.317241379310345,0.4,0.717241379310345,0.107142857142857,0.206896551724138,0.0206896551724138,0.463636363636364,0.0272727272727273,0.390909090909091,0.3,0.245454545454545,0.454545454545455,0.310758620689655,0.00109015361422385,0.592,0.688,"moderate","pitcher","fixed_linear_weights_v1","sabrhood_player_summary_v1",533,0.538461538461538,0.566604127579737,"2026-09-19","2026-09-20 14:10:26 UTC",45.6,337,"descriptive_run_prevention_not_award_prediction"
682825,"Luis Mey","Cincinnati Reds","R","2026-04-29","2026-09-17",147,122,32,24,4,1,3,19,0,3,46,2,47,78,37,6,39,14,21,4,34,92.9346666666667,11.0133333333333,8.88604513420394,147,0.262295081967213,0.36986301369863,0.385245901639344,0.755108915337974,0.122950819672131,0.312925170068027,0.129251700680272,0.474358974358974,0.0769230769230769,0.5,0.179487179487179,0.269230769230769,0.435897435897436,0.335205479452055,0.0604492866272377,0.595,0.609,"moderate","pitcher","fixed_linear_weights_v1","sabrhood_player_summary_v1",595,0.411764705882353,0.502521008403361,"2026-09-19","2026-09-20 14:10:26 UTC",45.5,338,"descriptive_run_prevention_not_award_prediction"
621111,"Walker Buehler","San Diego Padres","R","2026-03-30","2026-09-15",611,550,142,96,23,3,20,53,1,6,122,1,231,427,163,35,198,98,99,32,201,89.0557647058824,12.1082352941176,5.68689748104258,611,0.258181818181818,0.329508196721311,0.42,0.749508196721312,0.161818181818182,0.199672667757774,0.0867430441898527,0.381733021077283,0.0819672131147541,0.463700234192037,0.229508196721311,0.231850117096019,0.470725995316159,0.325254515599343,0.00930752451889129,0.859,0.895,"strong","pitcher","fixed_linear_weights_v1","sabrhood_player_summary_v1",2446,0.452575633687653,0.480784955028618,"2026-09-19","2026-09-20 14:10:26 UTC",45.1,339,"descriptive_run_prevention_not_award_prediction"
681517,"Kyle Leahy","St. Louis Cardinals","R","2026-03-30","2026-09-18",588,538,144,95,33,1,15,41,0,5,129,1,224,411,193,38,188,107,98,18,189,90.7644768856448,9.70316301703163,-11.2565090269578,588,0.267657992565056,0.324786324786325,0.41635687732342,0.741143202109745,0.148698884758364,0.219387755102041,0.0697278911564626,0.469586374695864,0.0924574209245742,0.457420924574209,0.260340632603406,0.238442822384428,0.45985401459854,0.32157264957265,-0.0191437228349622,0.855,0.892,"strong","pitcher","fixed_linear_weights_v1","sabrhood_player_summary_v1",2288,0.46284965034965,0.490821678321678,"2026-09-19","2026-09-20 14:10:26 UTC",45.1,339,"descriptive_run_prevention_not_award_prediction"
695611,"Gage Jump","Athletics","L","2026-05-26","2026-09-12",438,384,104,69,22,1,12,45,1,4,108,5,164,279,111,19,109,79,73,18,122,88.9802158273381,15.5232974910394,8.47485089263559,438,0.270833333333333,0.349315068493151,0.427083333333333,0.776398401826484,0.15625,0.246575342465753,0.102739726027397,0.397849462365591,0.0681003584229391,0.390681003584229,0.283154121863799,0.261648745519713,0.437275985663082,0.336201372997712,0.0193489746407205,0.814,0.848,"strong","pitcher","fixed_linear_weights_v1","sabrhood_player_summary_v1",1756,0.482915717539863,0.485193621867882,"2026-09-19","2026-09-20 14:10:26 UTC",45.1,339,"descriptive_run_prevention_not_award_prediction"
544150,"Albert Suárez","Baltimore Orioles","R","2026-04-01","2026-09-05",248,225,54,31,12,3,8,20,0,0,41,3,96,186,74,13,63,55,50,18,76,87.9661290322581,17.1612903225806,3.14053422278895,248,0.24,0.298387096774194,0.426666666666667,0.72505376344086,0.186666666666667,0.165322580645161,0.0806451612903226,0.397849462365591,0.0698924731182796,0.338709677419355,0.295698924731183,0.268817204301075,0.408602150537634,0.309354838709677,0.0126634444467296,0.713,0.788,"moderate","pitcher","fixed_linear_weights_v1","sabrhood_player_summary_v1",912,0.496710526315789,0.450657894736842,"2026-09-19","2026-09-20 14:10:26 UTC",45.1,339,"descriptive_run_prevention_not_award_prediction"
805673,"Zebby Matthews","Minnesota Twins","R","2026-05-14","2026-09-16",523,476,117,72,21,1,23,39,0,4,107,4,209,372,157,40,159,88,102,23,179,90.4177897574124,13.9191374663073,5.50865334726726,523,0.245798319327731,0.305927342256214,0.439075630252101,0.745002972508315,0.19327731092437,0.204588910133843,0.0745697896749522,0.422043010752688,0.10752688172043,0.42741935483871,0.236559139784946,0.274193548387097,0.481182795698925,0.319273422562141,0.0105327979871267,0.839,0.882,"strong","pitcher","fixed_linear_weights_v1","sabrhood_player_summary_v1",2017,0.475954387704512,0.485374318294497,"2026-09-19","2026-09-20 14:10:26 UTC",45,343,"descriptive_run_prevention_not_award_prediction"
701719,"Tyler Samaniego","Boston Red Sox","L","2026-04-08","2026-06-02",90,77,22,19,2,0,1,8,0,2,17,1,27,63,23,2,31,15,13,4,27,85.7809523809524,8.14285714285714,-0.665440297665656,90,0.285714285714286,0.363636363636364,0.350649350649351,0.714285714285714,0.064935064935065,0.188888888888889,0.0888888888888889,0.365079365079365,0.0317460317460317,0.492063492063492,0.238095238095238,0.206349206349206,0.428571428571429,0.320113636363636,-0.00739378108517396,0.474,0.558,"developing","pitcher","fixed_linear_weights_v1","sabrhood_player_summary_v1",314,0.442675159235669,0.490445859872611,"2026-09-19","2026-09-20 14:10:26 UTC",44.9,344,"descriptive_run_prevention_not_award_prediction"
552640,"Andrew Kittredge","Baltimore Orioles","R","2026-04-24","2026-09-18",209,197,55,38,11,0,6,10,0,0,39,1,84,160,60,10,70,43,41,6,90,86.920625,9.2125,6.83870505471794,209,0.279187817258883,0.3125,0.426395939086294,0.738895939086294,0.147208121827411,0.186602870813397,0.0478468899521531,0.375,0.0625,0.4375,0.26875,0.25625,0.5625,0.3175,0.0327210768168322,0.676,0.762,"moderate","pitcher","fixed_linear_weights_v1","sabrhood_player_summary_v1",701,0.533523537803138,0.49358059914408,"2026-09-19","2026-09-20 14:10:26 UTC",44.6,345,"descriptive_run_prevention_not_award_prediction"
691951,"Sam Aldegheri","Los Angeles Angels","L","2026-04-16","2026-07-04",152,131,31,21,4,1,5,17,0,1,22,3,52,111,39,9,42,23,35,11,51,85.9936936936937,19.6756756756757,4.36812360715376,152,0.236641221374046,0.322368421052632,0.396946564885496,0.719314985938128,0.16030534351145,0.144736842105263,0.111842105263158,0.351351351351351,0.0810810810810811,0.378378378378378,0.207207207207207,0.315315315315315,0.459459459459459,0.3125,0.0287376553102221,0.603,0.689,"moderate","pitcher","fixed_linear_weights_v1","sabrhood_player_summary_v1",610,0.457377049180328,0.460655737704918,"2026-09-19","2026-09-20 14:10:26 UTC",44.6,345,"descriptive_run_prevention_not_award_prediction"
687064,"Brandon Young","Baltimore Orioles","R","2026-04-06","2026-09-14",631,564,145,99,23,2,21,55,0,4,118,4,235,450,177,30,193,105,116,36,211,88.8288590604027,13.7767857142857,-3.4442556296447,631,0.25709219858156,0.325358851674641,0.416666666666667,0.742025518341308,0.159574468085106,0.187004754358162,0.0871632329635499,0.393333333333333,0.0666666666666667,0.428888888888889,0.233333333333333,0.257777777777778,0.468888888888889,0.321850079744817,-0.00545840828786799,0.863,0.9,"strong","pitcher","fixed_linear_weights_v1","sabrhood_player_summary_v1",2364,0.492808798646362,0.467005076142132,"2026-09-19","2026-09-20 14:10:26 UTC",44.4,347,"descriptive_run_prevention_not_award_prediction"
625643,"Reynaldo López","Atlanta Braves","R","2026-03-28","2026-09-14",346,307,80,51,17,1,11,34,0,1,73,2,132,237,85,17,90,67,62,18,90,87.0978813559322,14.3559322033898,6.03807066321669,346,0.260586319218241,0.334302325581395,0.429967426710098,0.764269752291493,0.169381107491857,0.210982658959538,0.0982658959537572,0.358649789029536,0.0717299578059072,0.379746835443038,0.282700421940928,0.261603375527426,0.379746835443038,0.330843023255814,0.0174510712809731,0.776,0.826,"strong","pitcher","fixed_linear_weights_v1","sabrhood_player_summary_v1",1369,0.455076698319942,0.471877282688093,"2026-09-19","2026-09-20 14:10:26 UTC",44.3,348,"descriptive_run_prevention_not_award_prediction"
701542,"Will Warren","New York Yankees","R","2026-03-28","2026-09-14",641,577,150,91,35,3,21,51,1,4,147,6,254,437,194,32,200,109,102,26,199,90.4727064220183,11.4885321100917,7.68583288495744,641,0.259965337954939,0.321316614420063,0.440207972270364,0.761524586690427,0.180242634315425,0.229329173166927,0.0795631825273011,0.443935926773455,0.0732265446224256,0.45766590389016,0.249427917620137,0.233409610983982,0.455377574370709,0.326138147566719,0.0119903789156902,0.865,0.897,"strong","pitcher","fixed_linear_weights_v1","sabrhood_player_summary_v1",2505,0.441516966067864,0.461477045908184,"2026-09-19","2026-09-20 14:10:26 UTC",44.2,349,"descriptive_run_prevention_not_award_prediction"
677958,"Kumar Rocker","Texas Rangers","R","2026-04-04","2026-09-18",628,561,144,93,26,5,20,59,0,4,134,4,240,430,173,32,184,112,103,31,208,88.969696969697,12.4638694638695,1.80625025655853,628,0.25668449197861,0.329617834394904,0.427807486631016,0.757425321025921,0.171122994652406,0.213375796178344,0.0939490445859873,0.402325581395349,0.0744186046511628,0.427906976744186,0.26046511627907,0.23953488372093,0.483720930232558,0.3275,0.00287619467604861,0.863,0.896,"strong","pitcher","fixed_linear_weights_v1","sabrhood_player_summary_v1",2422,0.479355904211396,0.460363336085879,"2026-09-19","2026-09-20 14:10:26 UTC",44,350,"descriptive_run_prevention_not_award_prediction"
605400,"Aaron Nola","Philadelphia Phillies","R","2026-03-28","2026-09-17",714,649,169,104,28,3,34,56,0,2,169,5,305,485,195,44,200,119,133,33,237,87.851652892562,13.0020661157025,2.96745133635316,714,0.26040061633282,0.318820224719101,0.469953775038521,0.788773999757622,0.209553158705701,0.236694677871148,0.0784313725490196,0.402061855670103,0.0907216494845361,0.412371134020619,0.245360824742268,0.274226804123711,0.488659793814433,0.336151685393258,0.00415609430861787,0.877,0.907,"strong","pitcher","fixed_linear_weights_v1","sabrhood_player_summary_v1",2837,0.462460345435319,0.437433909058865,"2026-09-19","2026-09-20 14:10:26 UTC",43.8,351,"descriptive_run_prevention_not_award_prediction"
678022,"Jack Perkins","Athletics","R","2026-04-10","2026-09-15",495,435,115,72,21,2,20,46,0,10,127,3,200,312,115,25,116,75,104,17,121,88.2851132686084,14.0032362459547,21.965684605058,495,0.264367816091954,0.346153846153846,0.459770114942529,0.805923961096375,0.195402298850575,0.256565656565657,0.0929292929292929,0.368589743589744,0.0801282051282051,0.371794871794872,0.240384615384615,0.333333333333333,0.387820512820513,0.34748987854251,0.0443751204142585,0.832,0.862,"strong","pitcher","fixed_linear_weights_v1","sabrhood_player_summary_v1",1927,0.47794499221588,0.46081992734821,"2026-09-19","2026-09-20 14:10:26 UTC",43.8,351,"descriptive_run_prevention_not_award_prediction"
668984,"Casey Legumina","Tampa Bay Rays","R","2026-03-26","2026-09-18",293,261,71,47,16,1,7,16,0,8,54,6,110,215,79,13,91,53,61,10,96,86.3478672985782,11.1990521327014,-4.34882476606272,293,0.272030651340996,0.326460481099656,0.421455938697318,0.747916419796974,0.149425287356322,0.184300341296928,0.0546075085324232,0.367441860465116,0.0604651162790698,0.423255813953488,0.246511627906977,0.283720930232558,0.446511627906977,0.321752577319588,-0.0148424053449239,0.746,0.811,"strong","pitcher","fixed_linear_weights_v1","sabrhood_player_summary_v1",1097,0.519598906107566,0.510483135824977,"2026-09-19","2026-09-20 14:10:26 UTC",43.8,351,"descriptive_run_prevention_not_award_prediction"
573124,"Taylor Rogers","Minnesota Twins","L","2026-03-26","2026-09-19",260,225,62,43,13,1,5,25,0,5,52,2,92,177,50,12,66,46,53,12,76,84.2570621468927,14.6779661016949,5.7533600098929,260,0.275555555555556,0.357976653696498,0.408888888888889,0.766865542585387,0.133333333333333,0.2,0.0961538461538462,0.282485875706215,0.0677966101694915,0.372881355932203,0.259887005649718,0.299435028248588,0.429378531073446,0.336264591439689,0.0221283077303573,0.722,0.78,"strong","pitcher","fixed_linear_weights_v1","sabrhood_player_summary_v1",1029,0.420796890184645,0.486880466472303,"2026-09-19","2026-09-20 14:10:26 UTC",43.8,351,"descriptive_run_prevention_not_award_prediction"
669684,"Chris Murphy","Chicago White Sox","L","2026-03-28","2026-09-18",151,129,32,18,9,1,4,16,0,4,35,2,55,95,34,7,25,23,37,10,37,86.5168421052632,23.0736842105263,3.94713558708979,151,0.248062015503876,0.344370860927152,0.426356589147287,0.770727450074439,0.178294573643411,0.231788079470199,0.105960264900662,0.357894736842105,0.0736842105263158,0.263157894736842,0.242105263157895,0.389473684210526,0.389473684210526,0.334569536423841,0.0261399707754291,0.602,0.655,"moderate","pitcher","fixed_linear_weights_v1","sabrhood_player_summary_v1",614,0.503257328990228,0.504885993485342,"2026-09-19","2026-09-20 14:10:26 UTC",43.8,351,"descriptive_run_prevention_not_award_prediction"
687312,"Gabriel Hughes","Colorado Rockies","R","2026-07-03","2026-09-18",283,251,68,44,14,3,7,24,1,3,56,3,109,200,64,12,83,55,53,9,87,86.5959798994975,12.6180904522613,14.7019184244553,283,0.270916334661355,0.338078291814947,0.434262948207171,0.772341240022118,0.163346613545817,0.197879858657244,0.0848056537102474,0.32,0.06,0.415,0.275,0.265,0.435,0.331642857142857,0.0519502417825274,0.739,0.8,"strong","pitcher","fixed_linear_weights_v1","sabrhood_player_summary_v1",1142,0.478984238178634,0.507005253940455,"2026-09-19","2026-09-20 14:10:26 UTC",43.5,356,"descriptive_run_prevention_not_award_prediction"
683004,"Jack Leiter","Texas Rangers","R","2026-03-30","2026-06-18",355,314,80,52,12,2,14,35,0,4,83,2,138,233,93,25,87,57,73,16,96,87.7781115879828,15.9484978540773,9.47198157716974,355,0.254777070063694,0.335211267605634,0.439490445859873,0.774701713465506,0.184713375796178,0.233802816901408,0.0985915492957746,0.399141630901288,0.107296137339056,0.373390557939914,0.244635193133047,0.313304721030043,0.412017167381974,0.335014084507042,0.0266816382455486,0.78,0.823,"strong","pitcher","fixed_linear_weights_v1","sabrhood_player_summary_v1",1397,0.478883321403006,0.479599141016464,"2026-09-19","2026-09-20 14:10:26 UTC",43.2,357,"descriptive_run_prevention_not_award_prediction"
678606,"José A. Ferrer","Seattle Mariners","L","2026-03-26","2026-09-19",279,254,72,55,11,0,6,16,0,7,50,0,101,204,74,9,118,36,44,6,59,85.8748768472906,3.47549019607843,-0.166631662105017,279,0.283464566929134,0.342960288808664,0.397637795275591,0.740598084084255,0.114173228346457,0.17921146953405,0.0573476702508961,0.362745098039216,0.0441176470588235,0.57843137254902,0.176470588235294,0.215686274509804,0.28921568627451,0.325559566787004,-0.000597246100734829,0.736,0.803,"strong","pitcher","fixed_linear_weights_v1","sabrhood_player_summary_v1",1024,0.5048828125,0.5419921875,"2026-09-19","2026-09-20 14:10:26 UTC",43,358,"descriptive_run_prevention_not_award_prediction"
572955,"Pierce Johnson","Cincinnati Reds","R","2026-03-26","2026-09-19",203,181,45,28,8,1,8,19,0,0,39,2,79,145,53,15,54,36,49,6,50,89.751048951049,16.034965034965,-2.1367219045968,203,0.248618784530387,0.316831683168317,0.43646408839779,0.753295771566107,0.187845303867403,0.192118226600985,0.0935960591133005,0.36551724137931,0.103448275862069,0.372413793103448,0.248275862068966,0.337931034482759,0.344827586206897,0.323316831683168,-0.0105257236679646,0.67,0.744,"moderate","pitcher","fixed_linear_weights_v1","sabrhood_player_summary_v1",803,0.462017434620174,0.493150684931507,"2026-09-19","2026-09-20 14:10:26 UTC",43,358,"descriptive_run_prevention_not_award_prediction"
689520,"Cody Laweryson","Minnesota Twins","R","2026-04-01","2026-07-01",78,66,15,9,3,0,3,8,0,2,18,2,27,50,25,4,20,15,11,4,22,92.4428571428572,14.1836734693878,1.11258282689574,78,0.227272727272727,0.320512820512821,0.409090909090909,0.72960372960373,0.181818181818182,0.230769230769231,0.102564102564103,0.5,0.08,0.4,0.3,0.22,0.44,0.315769230769231,0.0142638823960993,0.438,0.5,"developing","pitcher","fixed_linear_weights_v1","sabrhood_player_summary_v1",,,,"2026-09-19","2026-09-20 14:10:26 UTC",43,358,"descriptive_run_prevention_not_award_prediction"
678906,"Kai-Wei Teng","Houston Astros","R","2026-03-28","2026-09-05",332,285,69,43,14,2,10,33,0,13,73,0,117,210,82,17,83,58,51,18,93,88.8785714285714,15.7619047619048,5.73423410570291,332,0.242105263157895,0.347432024169184,0.410526315789474,0.757958339958658,0.168421052631579,0.219879518072289,0.0993975903614458,0.39047619047619,0.080952380952381,0.395238095238095,0.276190476190476,0.242857142857143,0.442857142857143,0.333987915407855,0.0172717894750088,0.769,0.808,"strong","pitcher","fixed_linear_weights_v1","sabrhood_player_summary_v1",1266,0.439178515007899,0.477093206951027,"2026-09-19","2026-09-20 14:10:26 UTC",42.9,361,"descriptive_run_prevention_not_award_prediction"
622663,"Luis Severino","Athletics","R","2026-03-27","2026-05-29",272,237,61,40,10,2,9,31,0,2,65,0,102,173,67,14,78,41,46,8,71,88.0872832369942,11.150289017341,2.55323708491305,272,0.257383966244726,0.348148148148148,0.430379746835443,0.778527894983591,0.172995780590717,0.238970588235294,0.113970588235294,0.38728323699422,0.0809248554913295,0.450867052023121,0.236994219653179,0.265895953757225,0.410404624277457,0.339407407407407,0.00938690104747444,0.731,0.776,"strong","pitcher","fixed_linear_weights_v1","sabrhood_player_summary_v1",1086,0.476058931860037,0.479742173112339,"2026-09-19","2026-09-20 14:10:26 UTC",42.8,362,"descriptive_run_prevention_not_award_prediction"
688883,"Peyton Pallette","Cleveland Guardians","R","2026-03-27","2026-05-23",97,78,17,11,4,0,2,16,0,3,22,0,27,56,24,3,20,18,10,8,22,89.5321428571429,16.1071428571429,2.32734358068543,97,0.217948717948718,0.371134020618557,0.346153846153846,0.717287866772403,0.128205128205128,0.22680412371134,0.164948453608247,0.428571428571429,0.0535714285714286,0.357142857142857,0.321428571428571,0.178571428571429,0.392857142857143,0.328453608247423,0.0239932327905714,0.492,0.528,"developing","pitcher","fixed_linear_weights_v1","sabrhood_player_summary_v1",442,0.398190045248869,0.463800904977376,"2026-09-19","2026-09-20 14:10:26 UTC",42.8,362,"descriptive_run_prevention_not_award_prediction"
691725,"Andrew Painter","Philadelphia Phillies","R","2026-03-31","2026-09-19",529,472,127,88,17,1,21,44,0,5,107,4,209,372,132,30,160,79,97,36,178,86.6800539083558,13.7311827956989,12.2137100054354,529,0.269067796610169,0.335238095238095,0.442796610169492,0.778034705407587,0.173728813559322,0.20226843100189,0.0831758034026465,0.354838709677419,0.0806451612903226,0.43010752688172,0.212365591397849,0.260752688172043,0.478494623655914,0.335714285714286,0.0230882986870234,0.841,0.882,"strong","pitcher","fixed_linear_weights_v1","sabrhood_player_summary_v1",2033,0.494343334972946,0.47073290703394,"2026-09-19","2026-09-20 14:10:26 UTC",42.5,364,"descriptive_run_prevention_not_award_prediction"
664299,"Cristian Javier","Houston Astros","R","2026-03-28","2026-09-16",267,238,63,43,8,2,10,26,0,2,57,1,105,182,61,13,46,46,74,16,82,88.8159340659341,22.5604395604396,3.66958875780287,267,0.264705882352941,0.340823970037453,0.441176470588235,0.782000440625688,0.176470588235294,0.213483146067416,0.0973782771535581,0.335164835164835,0.0714285714285714,0.252747252747253,0.252747252747253,0.406593406593407,0.450549450549451,0.338426966292135,0.0137437781191119,0.728,0.784,"strong","pitcher","fixed_linear_weights_v1","sabrhood_player_summary_v1",1064,0.518796992481203,0.461466165413534,"2026-09-19","2026-09-20 14:10:26 UTC",42.3,365,"descriptive_run_prevention_not_award_prediction"
675911,"Spencer Strider","Atlanta Braves","R","2026-05-03","2026-06-12",166,143,33,14,9,1,9,20,0,1,46,2,71,98,36,10,29,22,37,10,37,88.5204081632653,21.5918367346939,2.82474627340545,166,0.230769230769231,0.325301204819277,0.496503496503497,0.821804701322774,0.265734265734266,0.27710843373494,0.120481927710843,0.36734693877551,0.102040816326531,0.295918367346939,0.224489795918367,0.377551020408163,0.377551020408163,0.347289156626506,0.0170165438156955,0.624,0.662,"moderate","pitcher","fixed_linear_weights_v1","sabrhood_player_summary_v1",691,0.465991316931983,0.450072358900145,"2026-09-19","2026-09-20 14:10:26 UTC",42.2,366,"descriptive_run_prevention_not_award_prediction"
593974,"Wandy Peralta","San Diego Padres","L","2026-03-26","2026-09-18",309,281,77,53,16,2,6,22,0,3,48,1,115,234,82,9,114,67,38,15,106,86.4910256410256,7.67948717948718,-9.8145332612167,309,0.274021352313167,0.332247557003257,0.409252669039146,0.741500226042403,0.135231316725979,0.155339805825243,0.0711974110032362,0.35042735042735,0.0384615384615385,0.487179487179487,0.286324786324786,0.162393162393162,0.452991452991453,0.322475570032573,-0.0317622435638081,0.756,0.824,"strong","pitcher","fixed_linear_weights_v1","sabrhood_player_summary_v1",1175,0.515744680851064,0.442553191489362,"2026-09-19","2026-09-20 14:10:26 UTC",42.1,367,"descriptive_run_prevention_not_award_prediction"
607455,"Anthony Banda","Minnesota Twins","L","2026-03-28","2026-06-28",157,133,31,15,13,0,3,15,1,8,33,0,53,100,39,8,41,22,32,5,39,88.4272727272727,15.5151515151515,5.00365263191782,157,0.233082706766917,0.346153846153846,0.398496240601504,0.74465008675535,0.165413533834586,0.210191082802548,0.0955414012738854,0.39,0.08,0.41,0.22,0.32,0.39,0.327548387096774,0.0318703989294129,0.611,0.667,"moderate","pitcher","fixed_linear_weights_v1","sabrhood_player_summary_v1",608,0.449013157894737,0.442434210526316,"2026-09-19","2026-09-20 14:10:26 UTC",42,368,"descriptive_run_prevention_not_award_prediction"
680694,"Kyle Bradish","Baltimore Orioles","R","2026-03-28","2026-09-12",669,591,156,101,30,5,20,70,1,3,142,5,256,454,176,37,209,103,110,32,185,88.0270089285714,10.7433035714286,6.03104789879054,669,0.263959390862944,0.342301943198804,0.433164128595601,0.775466071794405,0.169204737732656,0.212257100149477,0.104633781763827,0.387665198237885,0.0814977973568282,0.460352422907489,0.226872246696035,0.242290748898678,0.407488986784141,0.335104790419162,0.00901501928070336,0.87,0.901,"strong","pitcher","fixed_linear_weights_v1","sabrhood_player_summary_v1",2629,0.456066945606695,0.450741726892355,"2026-09-19","2026-09-20 14:10:26 UTC",41.9,369,"descriptive_run_prevention_not_award_prediction"
453286,"Max Scherzer","Toronto Blue Jays","R","2026-03-31","2026-09-16",315,280,68,43,11,0,14,31,0,2,54,1,121,228,79,19,74,46,76,32,101,87.0219298245614,21.5,10.6752003377635,315,0.242857142857143,0.321656050955414,0.432142857142857,0.753798908098271,0.189285714285714,0.171428571428571,0.0984126984126984,0.346491228070175,0.0833333333333333,0.324561403508772,0.201754385964912,0.333333333333333,0.442982456140351,0.326273885350318,0.0338895248817888,0.759,0.82,"strong","pitcher","fixed_linear_weights_v1","sabrhood_player_summary_v1",1254,0.495215311004785,0.467304625199362,"2026-09-19","2026-09-20 14:10:26 UTC",41.9,369,"descriptive_run_prevention_not_award_prediction"
656849,"David Peterson","Chicago Cubs","L","2026-03-28","2026-09-14",624,551,151,110,23,4,14,62,0,4,124,5,224,432,174,25,222,110,85,15,202,88.2525700934579,6.38461538461539,13.576197356092,624,0.274047186932849,0.34887459807074,0.406533575317604,0.755408173388344,0.132486388384755,0.198717948717949,0.0993589743589744,0.402777777777778,0.0578703703703704,0.513888888888889,0.25462962962963,0.196759259259259,0.467592592592593,0.33016077170418,0.0217567265321987,0.862,0.896,"strong","pitcher","fixed_linear_weights_v1","sabrhood_player_summary_v1",2302,0.460903562119896,0.46611642050391,"2026-09-19","2026-09-20 14:10:26 UTC",41.8,371,"descriptive_run_prevention_not_award_prediction"
688158,"David Morgan","San Diego Padres","R","2026-03-26","2026-09-19",149,123,36,27,7,0,2,18,2,4,36,1,49,90,29,3,46,21,19,4,38,84.8733333333333,7.12222222222222,9.02290597694749,149,0.292682926829268,0.397260273972603,0.398373983739837,0.79563425771244,0.105691056910569,0.241610738255034,0.120805369127517,0.322222222222222,0.0333333333333333,0.511111111111111,0.233333333333333,0.211111111111111,0.422222222222222,0.349861111111111,0.0605564159526677,0.598,0.643,"moderate","pitcher","fixed_linear_weights_v1","sabrhood_player_summary_v1",551,0.508166969147005,0.473684210526316,"2026-09-19","2026-09-20 14:10:26 UTC",41.8,371,"descriptive_run_prevention_not_award_prediction"
702273,"Noah Schultz","Chicago White Sox","L","2026-04-14","2026-09-19",306,261,64,41,12,2,9,31,0,9,63,1,107,202,79,17,74,55,54,19,80,87.3960199004975,16.1641791044776,8.96786735174415,306,0.245210727969349,0.344370860927152,0.409961685823755,0.754332546750907,0.164750957854406,0.205882352941176,0.101307189542484,0.391089108910891,0.0841584158415842,0.366336633663366,0.272277227722772,0.267326732673267,0.396039603960396,0.331258278145695,0.0293067560514515,0.754,0.802,"strong","pitcher","fixed_linear_weights_v1","sabrhood_player_summary_v1",1197,0.445279866332498,0.491228070175439,"2026-09-19","2026-09-20 14:10:26 UTC",41.7,373,"descriptive_run_prevention_not_award_prediction"
696270,"Ryan Johnson","Los Angeles Angels","R","2026-03-30","2026-09-15",389,341,82,54,9,1,18,39,0,5,70,3,147,274,101,28,97,58,99,20,122,87.6430656934307,19.3102189781022,7.33671833831684,389,0.240469208211144,0.324742268041237,0.43108504398827,0.755827312029507,0.190615835777126,0.179948586118252,0.10025706940874,0.368613138686131,0.102189781021898,0.354014598540146,0.211678832116788,0.361313868613139,0.445255474452555,0.327139175257732,0.0188604584532566,0.796,0.846,"strong","pitcher","fixed_linear_weights_v1","sabrhood_player_summary_v1",1544,0.459844559585492,0.487694300518135,"2026-09-19","2026-09-20 14:10:26 UTC",41.6,374,"descriptive_run_prevention_not_award_prediction"
642701,"Dennis Santana","Arizona Diamondbacks","R","2026-03-26","2026-09-16",231,205,49,27,13,0,9,22,1,3,48,0,89,158,63,13,54,39,52,13,74,88.3917721518987,18.2594936708861,6.85094487463653,231,0.239024390243902,0.321739130434783,0.434146341463415,0.755885471898197,0.195121951219512,0.207792207792208,0.0952380952380952,0.39873417721519,0.0822784810126582,0.341772151898734,0.246835443037975,0.329113924050633,0.468354430379747,0.325851528384279,0.0296577700200716,0.698,0.76,"moderate","pitcher","fixed_linear_weights_v1","sabrhood_player_summary_v1",871,0.48564867967853,0.451205510907003,"2026-09-19","2026-09-20 14:10:26 UTC",41.5,375,"descriptive_run_prevention_not_award_prediction"
686753,"Drey Jameson","Arizona Diamondbacks","R","2026-06-06","2026-08-24",86,74,19,13,4,1,1,10,0,1,13,1,28,62,19,2,22,22,15,3,31,87.108064516129,13.4032258064516,0.0766497084880084,86,0.256756756756757,0.348837209302326,0.378378378378378,0.727215587680704,0.121621621621622,0.151162790697674,0.116279069767442,0.306451612903226,0.032258064516129,0.354838709677419,0.354838709677419,0.241935483870968,0.5,0.320813953488372,0.000891275680093121,0.462,0.554,"developing","pitcher","fixed_linear_weights_v1","sabrhood_player_summary_v1",306,0.470588235294118,0.486928104575163,"2026-09-19","2026-09-20 14:10:26 UTC",41.4,376,"descriptive_run_prevention_not_award_prediction"
666142,"Cole Ragans","Kansas City Royals","L","2026-03-27","2026-05-06",152,128,27,12,5,0,10,23,0,0,45,1,62,83,33,12,29,16,31,7,40,89.0843373493976,19.4939759036145,1.7375112733613,152,0.2109375,0.328947368421053,0.484375,0.813322368421053,0.2734375,0.296052631578947,0.151315789473684,0.397590361445783,0.144578313253012,0.349397590361446,0.192771084337349,0.373493975903614,0.481927710843373,0.346907894736842,0.0114309952194822,0.603,0.624,"moderate","pitcher","fixed_linear_weights_v1","sabrhood_player_summary_v1",639,0.453834115805947,0.444444444444444,"2026-09-19","2026-09-20 14:10:26 UTC",41.3,377,"descriptive_run_prevention_not_award_prediction"
607200,"Erick Fedde","Chicago White Sox","R","2026-03-31","2026-09-17",593,534,135,89,22,1,23,48,0,4,97,5,228,440,178,36,166,109,132,33,204,88.6407744874715,15.9088838268793,1.40639801987067,593,0.252808988764045,0.316412859560068,0.426966292134831,0.743379151694899,0.174157303370786,0.163575042158516,0.0809443507588533,0.404545454545455,0.0818181818181818,0.377272727272727,0.247727272727273,0.3,0.463636363636364,0.320456852791878,0.00237166613806184,0.856,0.898,"strong","pitcher","fixed_linear_weights_v1","sabrhood_player_summary_v1",2349,0.424861643252448,0.458492975734355,"2026-09-19","2026-09-20 14:10:26 UTC",41,378,"descriptive_run_prevention_not_award_prediction"
669923,"George Kirby","Seattle Mariners","R","2026-03-27","2026-09-16",721,671,191,131,36,3,21,44,1,3,143,2,296,528,211,33,236,125,128,39,219,89.212927756654,11.7310606060606,0.554913774381994,721,0.284649776453055,0.330555555555556,0.441132637853949,0.771688193409505,0.156482861400894,0.198335644937587,0.0610263522884882,0.399621212121212,0.0625,0.446969696969697,0.236742424242424,0.242424242424242,0.414772727272727,0.331905424200278,0.00076964462466296,0.878,0.913,"strong","pitcher","fixed_linear_weights_v1","sabrhood_player_summary_v1",2662,0.518407212622089,0.494740796393689,"2026-09-19","2026-09-20 14:10:26 UTC",40.5,379,"descriptive_run_prevention_not_award_prediction"
687075,"Brandon Sproat","Milwaukee Brewers","R","2026-03-29","2026-09-09",425,361,88,54,17,0,17,52,0,10,101,0,156,259,107,24,112,60,72,15,116,89.5603174603175,12.9642857142857,7.81964569197039,425,0.243767313019391,0.354609929078014,0.43213296398892,0.786742893066934,0.188365650969529,0.237647058823529,0.122352941176471,0.413127413127413,0.0926640926640927,0.432432432432432,0.231660231660232,0.277992277992278,0.447876447876448,0.344799054373522,0.018399166334048,0.81,0.838,"strong","pitcher","fixed_linear_weights_v1","sabrhood_player_summary_v1",1749,0.4568324757004,0.485991995425958,"2026-09-19","2026-09-20 14:10:26 UTC",40.4,380,"descriptive_run_prevention_not_award_prediction"
671096,"Andrew Abbott","Cincinnati Reds","L","2026-03-26","2026-09-16",703,619,159,104,29,2,24,75,0,0,125,7,264,499,193,40,200,118,137,44,202,88.8156057494867,16.0759753593429,8.40823107972816,703,0.25686591276252,0.333808844507846,0.426494345718901,0.760303190226747,0.169628432956381,0.177809388335704,0.106685633001422,0.386773547094188,0.0801603206412826,0.400801603206413,0.236472945891784,0.274549098196393,0.404809619238477,0.328944365192582,0.0119604994021738,0.875,0.909,"strong","pitcher","fixed_linear_weights_v1","sabrhood_player_summary_v1",2769,0.460093896713615,0.471650415312387,"2026-09-19","2026-09-20 14:10:26 UTC",40.3,381,"descriptive_run_prevention_not_award_prediction"
687911,"Bryan King","Houston Astros","L","2026-03-26","2026-09-17",262,233,63,46,8,1,8,19,0,6,46,2,97,190,69,9,96,50,31,13,80,86.1925531914894,6,8.19907312091565,262,0.270386266094421,0.338461538461538,0.416309012875536,0.754770551337075,0.145922746781116,0.175572519083969,0.0725190839694656,0.363157894736842,0.0473684210526316,0.505263157894737,0.263157894736842,0.163157894736842,0.421052631578947,0.328730769230769,0.0312941722172353,0.724,0.792,"strong","pitcher","fixed_linear_weights_v1","sabrhood_player_summary_v1",1001,0.495504495504495,0.498501498501498,"2026-09-19","2026-09-20 14:10:26 UTC",40.3,381,"descriptive_run_prevention_not_award_prediction"
641743,"Anthony Kay","Chicago White Sox","L","2026-03-29","2026-09-16",671,583,149,98,27,4,20,53,0,24,121,5,244,471,182,40,206,120,105,40,251,87.230686695279,11.8608137044968,5.52653585178695,671,0.25557461406518,0.33984962406015,0.41852487135506,0.758374495415211,0.16295025728988,0.180327868852459,0.0789865871833085,0.386411889596603,0.0849256900212314,0.437367303609342,0.254777070063694,0.222929936305732,0.532908704883227,0.330842105263158,0.00823626803545,0.87,0.904,"strong","pitcher","fixed_linear_weights_v1","sabrhood_player_summary_v1",2649,0.46885617214043,0.442431106077765,"2026-09-19","2026-09-20 14:10:26 UTC",40.2,383,"descriptive_run_prevention_not_award_prediction"
808963,"Roki Sasaki","Los Angeles Dodgers","R","2026-03-30","2026-08-26",513,457,111,55,32,2,22,48,0,5,117,2,213,341,147,33,148,79,90,24,132,89.2376470588235,12.0791788856305,5.43606312978595,513,0.242888402625821,0.3203125,0.466083150984683,0.786395650984683,0.223194748358862,0.228070175438596,0.0935672514619883,0.43108504398827,0.0967741935483871,0.434017595307918,0.231671554252199,0.263929618768328,0.387096774193548,0.3362109375,0.0105966142880818,0.837,0.872,"strong","pitcher","fixed_linear_weights_v1","sabrhood_player_summary_v1",2052,0.501949317738791,0.468323586744639,"2026-09-19","2026-09-20 14:10:26 UTC",40.2,383,"descriptive_run_prevention_not_award_prediction"
695239,"Robby Ahlstrom","Texas Rangers","L","2026-06-03","2026-09-17",162,145,38,25,4,2,7,12,0,3,34,0,67,111,34,8,42,30,31,8,38,85.4108108108108,15.5495495495495,4.93455516116947,162,0.262068965517241,0.33125,0.462068965517241,0.793318965517241,0.2,0.209876543209877,0.0740740740740741,0.306306306306306,0.0720720720720721,0.378378378378378,0.27027027027027,0.279279279279279,0.342342342342342,0.3411875,0.030460217044256,0.618,0.689,"moderate","pitcher","fixed_linear_weights_v1","sabrhood_player_summary_v1",648,0.476851851851852,0.503086419753086,"2026-09-19","2026-09-20 14:10:26 UTC",40.2,383,"descriptive_run_prevention_not_award_prediction"
671345,"Jason Foley","San Francisco Giants","R","2026-07-17","2026-09-18",103,94,26,18,6,1,1,8,0,0,14,1,37,81,30,4,42,18,18,3,38,86.9506172839506,4.88888888888889,3.62964311436177,103,0.276595744680851,0.330097087378641,0.393617021276596,0.723714108655237,0.117021276595745,0.135922330097087,0.0776699029126214,0.37037037037037,0.0493827160493827,0.518518518518518,0.222222222222222,0.222222222222222,0.469135802469136,0.314271844660194,0.0352392535374929,0.507,0.618,"moderate","pitcher","fixed_linear_weights_v1","sabrhood_player_summary_v1",403,0.424317617866005,0.471464019851117,"2026-09-19","2026-09-20 14:10:26 UTC",40.2,383,"descriptive_run_prevention_not_award_prediction"
675848,"Juan Mejia","Colorado Rockies","R","2026-03-27","2026-09-19",308,262,73,55,11,1,6,37,0,3,64,3,104,203,77,8,88,51,52,12,82,88.0935643564356,12.3465346534653,10.2956635386016,308,0.278625954198473,0.370491803278689,0.396946564885496,0.767438368164185,0.118320610687023,0.207792207792208,0.12012987012987,0.379310344827586,0.0394088669950739,0.433497536945813,0.251231527093596,0.25615763546798,0.403940886699507,0.338852459016393,0.0334274790214336,0.755,0.802,"strong","pitcher","fixed_linear_weights_v1","sabrhood_player_summary_v1",1260,0.471428571428571,0.468253968253968,"2026-09-19","2026-09-20 14:10:26 UTC",40.1,387,"descriptive_run_prevention_not_award_prediction"
672335,"Cionel Pérez","New York Mets","L","2026-03-26","2026-09-19",185,168,45,35,2,1,7,17,0,0,42,0,70,126,62,13,71,24,25,6,52,90.884,5.152,2.40299049175694,185,0.267857142857143,0.335135135135135,0.416666666666667,0.751801801801802,0.148809523809524,0.227027027027027,0.0918918918918919,0.492063492063492,0.103174603174603,0.563492063492063,0.19047619047619,0.198412698412698,0.412698412698413,0.327783783783784,0.0129891377932808,0.649,0.716,"moderate","pitcher","fixed_linear_weights_v1","sabrhood_player_summary_v1",726,0.464187327823691,0.466942148760331,"2026-09-19","2026-09-20 14:10:26 UTC",40.1,387,"descriptive_run_prevention_not_award_prediction"
663623,"Jake Irvin","Washington Nationals","R","2026-03-29","2026-09-13",426,367,90,57,16,0,17,46,0,9,96,4,157,275,124,29,104,63,82,26,128,88.9992727272727,16.5454545454545,13.8158382350847,426,0.245231607629428,0.34037558685446,0.427792915531335,0.768168502385795,0.182561307901907,0.225352112676056,0.107981220657277,0.450909090909091,0.105454545454545,0.378181818181818,0.229090909090909,0.298181818181818,0.465454545454545,0.33424882629108,0.0324315451527809,0.81,0.846,"strong","pitcher","fixed_linear_weights_v1","sabrhood_player_summary_v1",1741,0.463526708788053,0.500287191269385,"2026-09-19","2026-09-20 14:10:26 UTC",40,389,"descriptive_run_prevention_not_award_prediction"
684665,"Luke Murphy","Los Angeles Angels","R","2026-07-31","2026-09-18",77,66,18,14,2,1,1,10,0,1,18,0,25,47,18,2,17,14,10,6,25,88.3425531914894,13.8936170212766,5.57923727247096,77,0.272727272727273,0.376623376623377,0.378787878787879,0.755411255411255,0.106060606060606,0.233766233766234,0.12987012987013,0.382978723404255,0.0425531914893617,0.361702127659574,0.297872340425532,0.212765957446809,0.531914893617021,0.337532467532467,0.0724576269152073,0.435,0.485,"developing","pitcher","fixed_linear_weights_v1","sabrhood_player_summary_v1",329,0.458966565349544,0.452887537993921,"2026-09-19","2026-09-20 14:10:26 UTC",40,389,"descriptive_run_prevention_not_award_prediction"
656234,"Jake Bird","Washington Nationals","R","2026-03-25","2026-08-25",172,152,42,27,9,0,6,13,0,5,41,2,69,113,41,10,44,25,31,13,57,89.041592920354,15.0619469026549,4.55277523334488,172,0.276315789473684,0.348837209302326,0.453947368421053,0.802784577723378,0.177631578947368,0.238372093023256,0.0755813953488372,0.36283185840708,0.0884955752212389,0.389380530973451,0.221238938053097,0.274336283185841,0.504424778761062,0.346220930232558,0.0264696234496795,0.632,0.693,"moderate","pitcher","fixed_linear_weights_v1","sabrhood_player_summary_v1",679,0.412371134020619,0.505154639175258,"2026-09-19","2026-09-20 14:10:26 UTC",39.9,391,"descriptive_run_prevention_not_award_prediction"
677053,"Andrew Nardi","Miami Marlins","L","2026-03-27","2026-05-27",99,86,21,12,5,0,4,11,0,1,27,0,38,60,27,9,26,13,19,2,26,88.7116666666667,11.1,3.6154316518632,99,0.244186046511628,0.336734693877551,0.441860465116279,0.77859515899383,0.197674418604651,0.272727272727273,0.111111111111111,0.45,0.15,0.433333333333333,0.216666666666667,0.316666666666667,0.433333333333333,0.337857142857143,0.0365195116349818,0.497,0.545,"developing","pitcher","fixed_linear_weights_v1","sabrhood_player_summary_v1",378,0.478835978835979,0.497354497354497,"2026-09-19","2026-09-20 14:10:26 UTC",39.9,391,"descriptive_run_prevention_not_award_prediction"
663423,"Trent Thornton","Chicago Cubs","R","2026-05-06","2026-09-11",195,175,41,25,8,0,8,16,1,3,31,0,73,145,63,17,68,26,40,11,73,89.8006944444444,13.1180555555556,-3.31683045202413,195,0.234285714285714,0.309278350515464,0.417142857142857,0.726421207658321,0.182857142857143,0.158974358974359,0.0820512820512821,0.43448275862069,0.117241379310345,0.468965517241379,0.179310344827586,0.275862068965517,0.503448275862069,0.313523316062176,-0.0170093869334571,0.661,0.744,"moderate","pitcher","fixed_linear_weights_v1","sabrhood_player_summary_v1",714,0.488795518207283,0.477591036414566,"2026-09-19","2026-09-20 14:10:26 UTC",39.8,393,"descriptive_run_prevention_not_award_prediction"
676083,"Janson Junk","Miami Marlins","R","2026-03-31","2026-09-15",488,448,122,83,23,2,14,31,0,4,78,3,191,374,146,26,164,78,86,45,163,88.8922459893048,13.3048128342246,6.5172260686655,488,0.272321428571429,0.323045267489712,0.426339285714286,0.749384553203998,0.154017857142857,0.159836065573771,0.0635245901639344,0.390374331550802,0.0695187165775401,0.438502673796791,0.20855614973262,0.229946524064171,0.435828877005348,0.323230452674897,0.0133549714521834,0.83,0.882,"strong","pitcher","fixed_linear_weights_v1","sabrhood_player_summary_v1",1833,0.484451718494272,0.52645935624659,"2026-09-19","2026-09-20 14:10:26 UTC",39.7,394,"descriptive_run_prevention_not_award_prediction"
665665,"Reiver Sanmartin","San Francisco Giants","L","2026-06-10","2026-09-16",92,85,22,14,4,1,3,6,0,0,16,0,37,70,26,5,44,15,9,2,34,86.1714285714286,0.871428571428571,4.37075937035004,92,0.258823529411765,0.307692307692308,0.435294117647059,0.742986425339367,0.176470588235294,0.173913043478261,0.0652173913043478,0.371428571428571,0.0714285714285714,0.628571428571429,0.214285714285714,0.128571428571429,0.485714285714286,0.318791208791209,0.0475082540255439,0.479,0.583,"developing","pitcher","fixed_linear_weights_v1","sabrhood_player_summary_v1",345,0.440579710144928,0.449275362318841,"2026-09-19","2026-09-20 14:10:26 UTC",39.6,395,"descriptive_run_prevention_not_award_prediction"
682052,"Jacob Lopez","Athletics","L","2026-03-30","2026-09-19",529,461,124,80,22,0,22,56,0,4,108,5,212,361,113,23,116,67,127,51,155,83.6011142061281,20.5459610027855,15.4947601621304,529,0.268980477223427,0.349809885931559,0.459869848156182,0.809679734087741,0.190889370932755,0.204158790170132,0.10586011342155,0.313019390581717,0.0637119113573407,0.321329639889197,0.185595567867036,0.351800554016621,0.429362880886427,0.348707224334601,0.0292906619321937,0.841,0.878,"strong","pitcher","fixed_linear_weights_v1","sabrhood_player_summary_v1",2149,0.460679385760819,0.470451372731503,"2026-09-19","2026-09-20 14:10:26 UTC",39.5,396,"descriptive_run_prevention_not_award_prediction"
683363,"Matt Wilkinson","San Francisco Giants","L","2026-08-19","2026-09-13",81,77,18,11,2,1,4,4,0,0,12,0,34,65,32,5,19,15,21,10,21,90.2246153846154,26.4153846153846,1.62297923118762,81,0.233766233766234,0.271604938271605,0.441558441558442,0.713163379830047,0.207792207792208,0.148148148148148,0.0493827160493827,0.492307692307692,0.0769230769230769,0.292307692307692,0.230769230769231,0.323076923076923,0.323076923076923,0.302716049382716,0.0200367806319459,0.448,0.565,"developing","pitcher","fixed_linear_weights_v1","sabrhood_player_summary_v1",306,0.447712418300654,0.477124183006536,"2026-09-19","2026-09-20 14:10:26 UTC",39.5,396,"descriptive_run_prevention_not_award_prediction"
689225,"Beau Brieske","Detroit Tigers","R","2026-05-30","2026-09-18",84,78,19,12,2,0,5,6,0,0,20,0,36,58,28,5,26,11,16,5,35,90.6344827586207,15.948275862069,-0.809613093150373,84,0.243589743589744,0.297619047619048,0.461538461538462,0.759157509157509,0.217948717948718,0.238095238095238,0.0714285714285714,0.482758620689655,0.0862068965517241,0.448275862068966,0.189655172413793,0.275862068965517,0.603448275862069,0.324166666666667,-0.00963825110893301,0.457,0.537,"developing","pitcher","fixed_linear_weights_v1","sabrhood_player_summary_v1",338,0.514792899408284,0.488165680473373,"2026-09-19","2026-09-20 14:10:26 UTC",39.1,398,"descriptive_run_prevention_not_award_prediction"
621053,"Tyler Ferguson","Chicago Cubs","R","2026-05-05","2026-09-01",78,71,15,6,3,0,6,4,0,3,21,0,36,50,23,8,17,10,21,2,19,90.388,16.44,3.41434858549643,78,0.211267605633803,0.282051282051282,0.507042253521127,0.789093535572409,0.295774647887324,0.269230769230769,0.0512820512820513,0.46,0.16,0.34,0.2,0.42,0.38,0.333076923076923,0.0437736998140567,0.438,0.5,"developing","pitcher","fixed_linear_weights_v1","sabrhood_player_summary_v1",,,,"2026-09-19","2026-09-20 14:10:26 UTC",38.8,399,"descriptive_run_prevention_not_award_prediction"
605130,"Scott Barlow","Athletics","R","2026-03-27","2026-06-20",152,125,26,12,7,0,7,18,0,7,29,2,54,97,35,10,36,20,34,7,52,87.8989690721649,18.979381443299,9.80419148289827,152,0.208,0.335526315789474,0.432,0.767526315789474,0.224,0.190789473684211,0.118421052631579,0.360824742268041,0.103092783505155,0.371134020618557,0.206185567010309,0.350515463917526,0.536082474226804,0.334013157894737,0.0645012597559096,0.603,0.66,"moderate","pitcher","fixed_linear_weights_v1","sabrhood_player_summary_v1",583,0.425385934819897,0.397941680960549,"2026-09-19","2026-09-20 14:10:26 UTC",38.6,400,"descriptive_run_prevention_not_award_prediction"
660761,"José Suarez","Athletics","L","2026-03-31","2026-09-01",276,242,72,47,19,0,6,26,0,3,61,3,109,186,60,7,76,53,44,13,98,86.927027027027,15.4594594594595,18.1763375635751,276,0.297520661157025,0.368613138686131,0.450413223140496,0.819026361826627,0.152892561983471,0.221014492753623,0.0942028985507246,0.32258064516129,0.0376344086021505,0.408602150537634,0.28494623655914,0.236559139784946,0.526881720430108,0.354306569343066,0.0658562955201996,0.734,0.788,"strong","pitcher","fixed_linear_weights_v1","sabrhood_player_summary_v1",1069,0.487371375116932,0.441534144059869,"2026-09-19","2026-09-20 14:10:26 UTC",38.5,401,"descriptive_run_prevention_not_award_prediction"
663568,"Stephen Kolek","Kansas City Royals","R","2026-05-05","2026-07-02",225,211,55,34,11,2,8,12,0,2,34,0,94,176,65,11,81,43,40,12,82,88.1632183908046,10.183908045977,3.72921618277008,225,0.260663507109005,0.306666666666667,0.445497630331754,0.75216429699842,0.184834123222749,0.151111111111111,0.0533333333333333,0.369318181818182,0.0625,0.460227272727273,0.244318181818182,0.227272727272727,0.465909090909091,0.322133333333333,0.0165742941456448,0.692,0.779,"moderate","pitcher","fixed_linear_weights_v1","sabrhood_player_summary_v1",837,0.482676224611709,0.502986857825568,"2026-09-19","2026-09-20 14:10:26 UTC",38.5,401,"descriptive_run_prevention_not_award_prediction"
605288,"Adrian Houser","San Francisco Giants","R","2026-04-01","2026-08-25",470,424,109,66,26,2,15,34,0,4,75,5,184,357,150,30,160,87,87,23,160,88.7676966292135,10.9915730337079,-0.625838279455777,470,0.257075471698113,0.314775160599572,0.433962264150943,0.748737424750515,0.17688679245283,0.159574468085106,0.0723404255319149,0.420168067226891,0.0840336134453782,0.448179271708683,0.243697478991597,0.243697478991597,0.448179271708683,0.321049250535332,-0.00133157080735272,0.825,0.877,"strong","pitcher","fixed_linear_weights_v1","sabrhood_player_summary_v1",1730,0.463005780346821,0.491329479768786,"2026-09-19","2026-09-20 14:10:26 UTC",38.4,403,"descriptive_run_prevention_not_award_prediction"
695684,"Elmer Rodríguez","New York Yankees","R","2026-04-29","2026-08-31",125,102,26,20,4,0,2,16,0,5,21,1,36,83,30,5,39,22,18,4,34,86.8084337349398,11.0602409638554,4.16782562720108,125,0.254901960784314,0.379032258064516,0.352941176470588,0.731973434535104,0.0980392156862746,0.168,0.128,0.36144578313253,0.0602409638554217,0.469879518072289,0.265060240963855,0.216867469879518,0.409638554216867,0.33241935483871,0.0333426050176086,0.556,0.624,"moderate","pitcher","fixed_linear_weights_v1","sabrhood_player_summary_v1",497,0.398390342052314,0.442655935613682,"2026-09-19","2026-09-20 14:10:26 UTC",38.2,404,"descriptive_run_prevention_not_award_prediction"
680916,"Franco Aleman","Cleveland Guardians","R","2026-05-10","2026-09-12",105,91,25,19,2,0,4,10,0,4,28,0,39,61,24,4,18,16,18,9,24,89.4344262295082,23.7540983606557,6.16425276738863,105,0.274725274725275,0.371428571428571,0.428571428571429,0.8,0.153846153846154,0.266666666666667,0.0952380952380952,0.39344262295082,0.0655737704918033,0.295081967213115,0.262295081967213,0.295081967213115,0.39344262295082,0.352571428571429,0.0587071692132251,0.512,0.55,"moderate","pitcher","fixed_linear_weights_v1","sabrhood_player_summary_v1",427,0.456674473067916,0.475409836065574,"2026-09-19","2026-09-20 14:10:26 UTC",38.1,405,"descriptive_run_prevention_not_award_prediction"
607067,"Colin Rea","Chicago Cubs","R","2026-03-30","2026-09-09",575,516,134,90,22,1,21,47,0,7,100,2,221,421,176,43,185,95,120,21,186,89.3232779097387,11.7933491686461,2.89145993154582,575,0.25968992248062,0.328671328671329,0.428294573643411,0.756965902314739,0.168604651162791,0.173913043478261,0.0817391304347826,0.418052256532067,0.102137767220903,0.439429928741093,0.225653206650831,0.285035629453682,0.441805225653207,0.328181818181818,0.00502862596790577,0.852,0.894,"strong","pitcher","fixed_linear_weights_v1","sabrhood_player_summary_v1",2187,0.465020576131687,0.473708276177412,"2026-09-19","2026-09-20 14:10:26 UTC",38,406,"descriptive_run_prevention_not_award_prediction"
681190,"Randy Vásquez","San Diego Padres","R","2026-03-28","2026-09-19",567,520,138,88,30,4,16,36,0,5,85,6,224,439,192,43,176,112,122,29,213,91.0674259681093,15.9772209567198,1.0759753778299,567,0.265384615384615,0.315696649029982,0.430769230769231,0.746465879799213,0.165384615384615,0.149911816578483,0.0634920634920635,0.437357630979499,0.0979498861047836,0.400911161731207,0.255125284738041,0.277904328018223,0.485193621867882,0.320070546737213,0.00189766380569647,0.85,0.898,"strong","pitcher","fixed_linear_weights_v1","sabrhood_player_summary_v1",2158,0.504633920296571,0.516218721037998,"2026-09-19","2026-09-20 14:10:26 UTC",37.8,407,"descriptive_run_prevention_not_award_prediction"
680767,"Victor Vodnik","Miami Marlins","R","2026-03-29","2026-09-19",254,214,57,41,11,2,3,31,0,3,40,5,81,179,71,6,99,45,30,5,79,89.8310734463277,3.55367231638418,4.36632580375823,254,0.266355140186916,0.359683794466403,0.378504672897196,0.738188467363599,0.11214953271028,0.15748031496063,0.122047244094488,0.396648044692737,0.0335195530726257,0.553072625698324,0.251396648044693,0.167597765363128,0.441340782122905,0.325770750988142,0.0171902590699143,0.718,0.782,"strong","pitcher","fixed_linear_weights_v1","sabrhood_player_summary_v1",983,0.464903357070193,0.459816887080366,"2026-09-19","2026-09-20 14:10:26 UTC",37.7,408,"descriptive_run_prevention_not_award_prediction"
660825,"Eduard Bazardo","Seattle Mariners","R","2026-03-27","2026-09-14",277,248,70,46,12,0,12,20,0,2,64,5,118,191,76,16,68,48,58,17,80,88.4083769633508,16.5497382198953,7.6863748903171,277,0.282258064516129,0.334545454545455,0.475806451612903,0.810351906158358,0.193548387096774,0.231046931407942,0.0722021660649819,0.397905759162304,0.0837696335078534,0.356020942408377,0.25130890052356,0.303664921465969,0.418848167539267,0.344436363636364,0.0277486458134191,0.735,0.793,"strong","pitcher","fixed_linear_weights_v1","sabrhood_player_summary_v1",1061,0.452403393025448,0.535344015080113,"2026-09-19","2026-09-20 14:10:26 UTC",37.6,409,"descriptive_run_prevention_not_award_prediction"
640455,"Sean Manaea","New York Mets","L","2026-03-29","2026-09-15",604,539,142,82,30,7,23,41,0,14,132,6,255,414,172,42,168,97,125,24,197,88.4424757281553,14.3228155339806,16.474154303117,604,0.263450834879406,0.328333333333333,0.473098330241187,0.801431663574521,0.209647495361781,0.218543046357616,0.0678807947019868,0.415458937198068,0.101449275362319,0.405797101449275,0.234299516908213,0.301932367149758,0.475845410628019,0.341466666666667,0.0272750899058229,0.858,0.892,"strong","pitcher","fixed_linear_weights_v1","sabrhood_player_summary_v1",2294,0.502615518744551,0.517872711421098,"2026-09-19","2026-09-20 14:10:26 UTC",37.5,410,"descriptive_run_prevention_not_award_prediction"
702275,"JR Ritchie","Atlanta Braves","R","2026-04-23","2026-09-16",278,233,54,33,8,2,11,37,0,6,58,2,99,176,72,18,78,37,52,9,88,89.5548571428571,11.875,6.26346834727874,278,0.231759656652361,0.348920863309353,0.424892703862661,0.773813567172013,0.1931330472103,0.20863309352518,0.133093525179856,0.409090909090909,0.102272727272727,0.443181818181818,0.210227272727273,0.295454545454545,0.5,0.338273381294964,0.0225304616808588,0.735,0.779,"strong","pitcher","fixed_linear_weights_v1","sabrhood_player_summary_v1",1105,0.415384615384615,0.438914027149321,"2026-09-19","2026-09-20 14:10:26 UTC",37.5,410,"descriptive_run_prevention_not_award_prediction"
703615,"Jose Cabrera","Arizona Diamondbacks","R","2026-06-21","2026-09-07",119,105,27,19,4,0,4,10,0,3,18,0,43,88,29,11,42,15,22,9,35,82.8840909090909,10.7613636363636,0.960722541870761,119,0.257142857142857,0.338983050847458,0.40952380952381,0.748506860371267,0.152380952380952,0.151260504201681,0.0840336134453782,0.329545454545455,0.125,0.477272727272727,0.170454545454545,0.25,0.397727272727273,0.32864406779661,0.00807329867118286,0.543,0.638,"moderate","pitcher","fixed_linear_weights_v1","sabrhood_player_summary_v1",423,0.439716312056738,0.458628841607565,"2026-09-19","2026-09-20 14:10:26 UTC",37.5,410,"descriptive_run_prevention_not_award_prediction"
679775,"Kyle Backhus","Philadelphia Phillies","L","2026-03-26","2026-08-03",94,85,25,19,2,1,3,6,0,2,20,1,38,66,20,3,30,18,15,3,24,85.1476923076923,8.30769230769231,1.75528167559502,94,0.294117647058824,0.351063829787234,0.447058823529412,0.798122653316646,0.152941176470588,0.212765957446809,0.0638297872340425,0.303030303030303,0.0454545454545455,0.454545454545455,0.272727272727273,0.227272727272727,0.363636363636364,0.34436170212766,0.0186732093148406,0.485,0.569,"developing","pitcher","fixed_linear_weights_v1","sabrhood_player_summary_v1",354,0.432203389830508,0.488700564971751,"2026-09-19","2026-09-20 14:10:26 UTC",37.5,410,"descriptive_run_prevention_not_award_prediction"
656605,"Mitch Keller","Pittsburgh Pirates","R","2026-03-28","2026-08-02",503,451,117,74,26,2,15,42,0,8,89,2,192,364,154,26,138,109,94,23,147,89.197520661157,13.8264462809917,15.7257926847867,503,0.259423503325942,0.332007952286282,0.425720620842572,0.757728573128854,0.16629711751663,0.176938369781312,0.0834990059642147,0.423076923076923,0.0714285714285714,0.379120879120879,0.299450549450549,0.258241758241758,0.403846153846154,0.328767395626243,0.031264001361405,0.834,0.879,"strong","pitcher","fixed_linear_weights_v1","sabrhood_player_summary_v1",1887,0.473767885532591,0.485426603073662,"2026-09-19","2026-09-20 14:10:26 UTC",37.3,414,"descriptive_run_prevention_not_award_prediction"
679883,"Luinder Avila","Kansas City Royals","R","2026-04-04","2026-08-01",312,264,71,46,17,1,7,42,0,2,61,2,111,204,72,12,97,45,52,10,97,87.3564356435644,11.2955665024631,7.73949492191131,312,0.268939393939394,0.370967741935484,0.420454545454545,0.791422287390029,0.151515151515152,0.195512820512821,0.134615384615385,0.352941176470588,0.0588235294117647,0.475490196078431,0.220588235294118,0.254901960784314,0.475490196078431,0.347129032258064,0.0248060734676644,0.757,0.803,"strong","pitcher","fixed_linear_weights_v1","sabrhood_player_summary_v1",1293,0.423820572312452,0.438515081206497,"2026-09-19","2026-09-20 14:10:26 UTC",37.3,414,"descriptive_run_prevention_not_award_prediction"
673540,"Kodai Senga","New York Mets","R","2026-03-31","2026-09-15",273,231,58,32,11,1,14,38,0,3,73,1,113,159,62,19,48,47,54,10,64,88.7232704402516,18.7358490566038,17.1579110208712,273,0.251082251082251,0.362637362637363,0.489177489177489,0.851814851814852,0.238095238095238,0.267399267399267,0.139194139194139,0.389937106918239,0.119496855345912,0.30188679245283,0.29559748427673,0.339622641509434,0.40251572327044,0.365860805860806,0.0628494909189422,0.732,0.761,"strong","pitcher","fixed_linear_weights_v1","sabrhood_player_summary_v1",1078,0.449907235621521,0.435992578849722,"2026-09-19","2026-09-20 14:10:26 UTC",37,416,"descriptive_run_prevention_not_award_prediction"
571948,"Hoby Milner","Seattle Mariners","L","2026-03-26","2026-09-12",164,148,39,25,9,0,5,9,0,3,21,2,63,131,52,7,58,36,29,8,50,87.9669230769231,11.5846153846154,-0.178823032325057,164,0.263513513513513,0.314814814814815,0.425675675675676,0.740490490490491,0.162162162162162,0.128048780487805,0.0548780487804878,0.396946564885496,0.0534351145038168,0.442748091603053,0.274809160305344,0.221374045801527,0.381679389312977,0.318395061728395,-0.00109038434344547,0.621,0.724,"moderate","pitcher","fixed_linear_weights_v1","sabrhood_player_summary_v1",632,0.454113924050633,0.504746835443038,"2026-09-19","2026-09-20 14:10:26 UTC",36.8,417,"descriptive_run_prevention_not_award_prediction"
805326,"Tyler Schweitzer","Chicago White Sox","L","2026-04-08","2026-09-11",155,142,37,23,11,0,3,12,0,0,18,0,57,124,58,11,47,34,39,4,50,90.1861788617886,13.4227642276423,-3.30774903273062,155,0.26056338028169,0.318181818181818,0.401408450704225,0.719590268886044,0.140845070422535,0.116129032258065,0.0774193548387097,0.467741935483871,0.0887096774193548,0.379032258064516,0.274193548387097,0.314516129032258,0.403225806451613,0.312922077922078,-0.0213403163401976,0.608,0.713,"moderate","pitcher","fixed_linear_weights_v1","sabrhood_player_summary_v1",566,0.522968197879859,0.537102473498233,"2026-09-19","2026-09-20 14:10:26 UTC",36.8,417,"descriptive_run_prevention_not_award_prediction"
683175,"Connor Phillips","Cincinnati Reds","R","2026-03-26","2026-05-23",133,101,21,13,4,1,3,28,0,3,28,1,36,74,30,7,19,20,28,7,28,89.7675675675676,20.7162162162162,6.95430968134813,133,0.207920792079208,0.390977443609023,0.356435643564356,0.747413087173379,0.148514851485149,0.210526315789474,0.210526315789474,0.405405405405405,0.0945945945945946,0.256756756756757,0.27027027027027,0.378378378378378,0.378378378378378,0.34187969924812,0.0522880427169032,0.571,0.597,"moderate","pitcher","fixed_linear_weights_v1","sabrhood_player_summary_v1",547,0.402193784277879,0.451553930530165,"2026-09-19","2026-09-20 14:10:26 UTC",36.6,419,"descriptive_run_prevention_not_award_prediction"
664129,"Geoff Hartlieb","Athletics","R","2026-06-20","2026-09-19",105,91,25,18,4,2,1,10,0,1,18,3,36,76,32,3,30,21,21,4,41,90.0355263157895,15.7763157894737,0.671833518391764,105,0.274725274725275,0.342857142857143,0.395604395604396,0.738461538461539,0.120879120879121,0.171428571428571,0.0952380952380952,0.421052631578947,0.0394736842105263,0.394736842105263,0.276315789473684,0.276315789473684,0.539473684210526,0.31952380952381,0.00639841446087394,0.512,0.603,"moderate","pitcher","fixed_linear_weights_v1","sabrhood_player_summary_v1",367,0.49591280653951,0.471389645776567,"2026-09-19","2026-09-20 14:10:26 UTC",36.4,420,"descriptive_run_prevention_not_award_prediction"
686799,"Jack Kochanowicz","Los Angeles Angels","R","2026-03-29","2026-06-06",295,251,65,50,6,2,7,35,0,5,47,4,96,208,89,15,119,39,41,9,105,88.9112745098039,4.27941176470588,12.3932118844412,295,0.258964143426295,0.355932203389831,0.382470119521912,0.738402322911743,0.123505976095618,0.159322033898305,0.11864406779661,0.427884615384615,0.0721153846153846,0.572115384615385,0.1875,0.197115384615385,0.504807692307692,0.32671186440678,0.0420108877438685,0.747,0.806,"strong","pitcher","fixed_linear_weights_v1","sabrhood_player_summary_v1",1106,0.452079566003617,0.471066907775769,"2026-09-19","2026-09-20 14:10:26 UTC",36.3,421,"descriptive_run_prevention_not_award_prediction"
669461,"Matthew Liberatore","St. Louis Cardinals","L","2026-03-26","2026-09-16",656,589,166,112,26,1,27,55,0,5,148,6,275,444,186,42,168,115,128,33,209,89.6033783783784,15.6193693693694,20.3518126285624,656,0.281833616298812,0.345038167938931,0.466893039049236,0.811931206988167,0.185059422750424,0.225609756097561,0.0838414634146342,0.418918918918919,0.0945945945945946,0.378378378378378,0.259009009009009,0.288288288288288,0.470720720720721,0.34836641221374,0.031024104616711,0.868,0.899,"strong","pitcher","fixed_linear_weights_v1","sabrhood_player_summary_v1",2529,0.461842625543693,0.484381178331356,"2026-09-19","2026-09-20 14:10:26 UTC",36.2,422,"descriptive_run_prevention_not_award_prediction"
683352,"Mitch Bratt","Arizona Diamondbacks","L","2026-06-24","2026-08-29",193,164,40,23,11,1,5,26,0,1,30,0,68,136,46,9,39,30,43,24,65,85.2279411764706,24.9852941176471,0.765295192039026,193,0.24390243902439,0.350785340314136,0.414634146341463,0.765419486655599,0.170731707317073,0.155440414507772,0.134715025906736,0.338235294117647,0.0661764705882353,0.286764705882353,0.220588235294118,0.316176470588235,0.477941176470588,0.33586387434555,0.00396526006237837,0.659,0.731,"moderate","pitcher","fixed_linear_weights_v1","sabrhood_player_summary_v1",726,0.472451790633609,0.494490358126722,"2026-09-19","2026-09-20 14:10:26 UTC",36.1,423,"descriptive_run_prevention_not_award_prediction"
656986,"Bennett Sousa","Houston Astros","L","2026-04-25","2026-09-19",125,107,30,22,4,0,4,16,0,0,27,1,46,82,28,8,27,18,33,4,40,87.530487804878,19.3048780487805,5.45823932992759,125,0.280373831775701,0.370967741935484,0.429906542056075,0.800874283991559,0.149532710280374,0.216,0.128,0.341463414634146,0.0975609756097561,0.329268292682927,0.219512195121951,0.402439024390244,0.48780487804878,0.35,0.0436659146394207,0.556,0.621,"moderate","pitcher","fixed_linear_weights_v1","sabrhood_player_summary_v1",475,0.488421052631579,0.515789473684211,"2026-09-19","2026-09-20 14:10:26 UTC",35.9,424,"descriptive_run_prevention_not_award_prediction"
657612,"Tim Hill","New York Yankees","L","2026-03-27","2026-09-14",231,210,51,35,4,0,12,12,1,7,25,1,91,187,83,12,126,27,29,5,80,88.1786096256684,-4.01604278074866,-0.968727135065013,231,0.242857142857143,0.304347826086957,0.433333333333333,0.73768115942029,0.19047619047619,0.108225108225108,0.051948051948052,0.443850267379679,0.0641711229946524,0.67379679144385,0.144385026737968,0.155080213903743,0.427807486631016,0.316637554585153,-0.0041936239613204,0.698,0.789,"moderate","pitcher","fixed_linear_weights_v1","sabrhood_player_summary_v1",789,0.493029150823828,0.538656527249683,"2026-09-19","2026-09-20 14:10:26 UTC",35.8,425,"descriptive_run_prevention_not_award_prediction"
677944,"Slade Cecconi","Cleveland Guardians","R","2026-03-29","2026-09-19",525,478,134,89,26,0,19,38,0,3,99,6,217,384,159,32,169,92,102,21,171,88.7240208877285,12.8381201044386,11.9517603446604,525,0.280334728033473,0.333333333333333,0.45397489539749,0.787308228730823,0.173640167364017,0.188571428571429,0.0723809523809524,0.4140625,0.0833333333333333,0.440104166666667,0.239583333333333,0.265625,0.4453125,0.337390476190476,0.0227652577993532,0.84,0.885,"strong","pitcher","fixed_linear_weights_v1","sabrhood_player_summary_v1",1997,0.467701552328493,0.498748122183275,"2026-09-19","2026-09-20 14:10:26 UTC",35.7,426,"descriptive_run_prevention_not_award_prediction"
668390,"Cole Winn","Texas Rangers","R","2026-03-28","2026-08-25",215,195,55,37,8,3,7,16,1,1,49,1,90,149,65,9,57,41,43,8,69,87.4628378378378,10.7162162162162,5.91893413271976,215,0.282051282051282,0.338028169014085,0.461538461538462,0.799566630552546,0.17948717948718,0.227906976744186,0.0744186046511628,0.436241610738255,0.0604026845637584,0.38255033557047,0.275167785234899,0.288590604026846,0.463087248322148,0.341037735849057,0.0275299261986965,0.683,0.749,"moderate","pitcher","fixed_linear_weights_v1","sabrhood_player_summary_v1",787,0.536213468869123,0.480304955527319,"2026-09-19","2026-09-20 14:10:26 UTC",35.7,426,"descriptive_run_prevention_not_award_prediction"
656288,"Griffin Canning","San Diego Padres","R","2026-05-03","2026-09-18",368,321,88,63,11,1,13,38,0,5,83,2,140,241,109,20,116,54,57,14,108,90.1356846473029,9.67219917012448,11.3792969014515,368,0.274143302180685,0.35792349726776,0.43613707165109,0.79406056891885,0.161993769470405,0.22554347826087,0.103260869565217,0.452282157676349,0.0829875518672199,0.481327800829876,0.224066390041494,0.236514522821577,0.448132780082988,0.345874316939891,0.0309220024495964,0.786,0.828,"strong","pitcher","fixed_linear_weights_v1","sabrhood_player_summary_v1",1438,0.451321279554937,0.450625869262865,"2026-09-19","2026-09-20 14:10:26 UTC",35.5,428,"descriptive_run_prevention_not_award_prediction"
687473,"Ryan Gusto","Miami Marlins","R","2026-04-08","2026-09-16",371,338,93,63,16,3,11,26,0,5,69,2,148,269,116,22,106,75,69,19,117,89.8189591078067,14.7695167286245,-0.239291083315625,371,0.275147928994083,0.334231805929919,0.437869822485207,0.772101628415126,0.162721893491124,0.185983827493261,0.0700808625336927,0.431226765799257,0.0817843866171004,0.394052044609665,0.278810408921933,0.256505576208178,0.434944237918216,0.333180592991914,-0.00064498944289926,0.788,0.843,"strong","pitcher","fixed_linear_weights_v1","sabrhood_player_summary_v1",1353,0.492239467849224,0.538063562453806,"2026-09-19","2026-09-20 14:10:26 UTC",35.3,429,"descriptive_run_prevention_not_award_prediction"
686751,"Seth Johnson","Athletics","R","2026-04-13","2026-09-18",134,116,31,17,10,0,4,17,0,1,36,0,53,80,34,9,30,26,18,6,35,88.46375,12.1875,9.16465850921302,134,0.267241379310345,0.365671641791045,0.456896551724138,0.822568193515183,0.189655172413793,0.26865671641791,0.126865671641791,0.425,0.1125,0.375,0.325,0.225,0.4375,0.357089552238806,0.0683929739493509,0.573,0.615,"moderate","pitcher","fixed_linear_weights_v1","sabrhood_player_summary_v1",513,0.46588693957115,0.473684210526316,"2026-09-19","2026-09-20 14:10:26 UTC",35.2,430,"descriptive_run_prevention_not_award_prediction"
669211,"Keegan Akin","Baltimore Orioles","L","2026-04-25","2026-06-27",114,102,29,21,3,2,3,9,0,0,17,2,45,88,25,4,31,18,31,8,34,84.2593023255814,21.3720930232558,5.27406620452073,114,0.284313725490196,0.336283185840708,0.441176470588235,0.777459656428943,0.156862745098039,0.149122807017544,0.0789473684210526,0.284090909090909,0.0454545454545455,0.352272727272727,0.204545454545455,0.352272727272727,0.386363636363636,0.332389380530973,0.0462637386361467,0.533,0.638,"moderate","pitcher","fixed_linear_weights_v1","sabrhood_player_summary_v1",443,0.492099322799097,0.523702031602709,"2026-09-19","2026-09-20 14:10:26 UTC",35.2,430,"descriptive_run_prevention_not_award_prediction"
673929,"Jordan Leasure","Chicago White Sox","R","2026-03-26","2026-05-28",77,69,15,7,2,0,6,7,0,0,18,1,35,52,23,11,12,9,26,5,19,92.4153846153846,26.8653846153846,7.50303218866185,77,0.217391304347826,0.285714285714286,0.507246376811594,0.79296066252588,0.289855072463768,0.233766233766234,0.0909090909090909,0.442307692307692,0.211538461538462,0.230769230769231,0.173076923076923,0.5,0.365384615384615,0.331558441558442,0.0974419764761279,0.435,0.51,"developing","pitcher","fixed_linear_weights_v1","sabrhood_player_summary_v1",313,0.517571884984026,0.4185303514377,"2026-09-19","2026-09-20 14:10:26 UTC",35.2,430,"descriptive_run_prevention_not_award_prediction"
605135,"Chris Bassitt","Baltimore Orioles","R","2026-03-30","2026-09-16",440,390,113,84,19,0,10,37,0,9,72,4,162,320,119,16,149,73,79,19,143,87.556875,10.428125,4.50025161718415,440,0.28974358974359,0.361363636363636,0.415384615384615,0.776748251748252,0.125641025641026,0.163636363636364,0.0840909090909091,0.371875,0.05,0.465625,0.228125,0.246875,0.446875,0.339977272727273,0.0102278445845094,0.815,0.865,"strong","pitcher","fixed_linear_weights_v1","sabrhood_player_summary_v1",1641,0.460694698354662,0.485679463741621,"2026-09-19","2026-09-20 14:10:26 UTC",35.1,433,"descriptive_run_prevention_not_award_prediction"
663776,"Patrick Sandoval","Boston Red Sox","L","2026-07-09","2026-09-15",267,233,74,54,14,0,6,29,0,1,62,3,106,175,63,12,65,48,45,17,69,87.028,14.5542857142857,8.61448218205616,267,0.317596566523605,0.390977443609023,0.454935622317597,0.845913065926619,0.137339055793991,0.232209737827715,0.108614232209738,0.36,0.0685714285714286,0.371428571428571,0.274285714285714,0.257142857142857,0.394285714285714,0.36718045112782,0.0322639782099482,0.728,0.778,"strong","pitcher","fixed_linear_weights_v1","sabrhood_player_summary_v1",1015,0.463054187192118,0.488669950738916,"2026-09-19","2026-09-20 14:10:26 UTC",35.1,433,"descriptive_run_prevention_not_award_prediction"
815083,"Mitch Farris","Los Angeles Angels","L","2026-04-07","2026-09-19",230,205,54,30,15,0,9,24,0,1,57,0,96,146,66,15,55,44,38,9,82,89.5485714285714,14.5428571428571,-1.82590780090267,230,0.263414634146341,0.343478260869565,0.468292682926829,0.811770943796394,0.204878048780488,0.247826086956522,0.104347826086957,0.452054794520548,0.102739726027397,0.376712328767123,0.301369863013699,0.26027397260274,0.561643835616438,0.349434782608696,-0.00793872956914205,0.697,0.745,"moderate","pitcher","fixed_linear_weights_v1","sabrhood_player_summary_v1",885,0.442937853107345,0.423728813559322,"2026-09-19","2026-09-20 14:10:26 UTC",35.1,433,"descriptive_run_prevention_not_award_prediction"
579328,"Yusei Kikuchi","Los Angeles Angels","L","2026-03-27","2026-09-16",259,224,61,36,17,1,7,27,0,2,58,6,101,172,77,15,74,45,39,14,88,90.9238372093023,12.2383720930233,5.16842006619986,259,0.272321428571429,0.347490347490348,0.450892857142857,0.798383204633205,0.178571428571429,0.223938223938224,0.104247104247104,0.447674418604651,0.0872093023255814,0.430232558139535,0.261627906976744,0.226744186046512,0.511627906976744,0.341544401544402,0.0199552898308875,0.721,0.775,"strong","pitcher","fixed_linear_weights_v1","sabrhood_player_summary_v1",1024,0.4833984375,0.51171875,"2026-09-19","2026-09-20 14:10:26 UTC",34.8,436,"descriptive_run_prevention_not_award_prediction"
676664,"JP Sears","San Diego Padres","L","2026-06-24","2026-08-02",143,128,33,24,3,0,6,11,0,2,25,1,54,105,47,9,45,21,35,3,45,90.1271844660194,15.378640776699,0.942485004595218,143,0.2578125,0.323943661971831,0.421875,0.745818661971831,0.1640625,0.174825174825175,0.0769230769230769,0.447619047619048,0.0857142857142857,0.428571428571429,0.2,0.333333333333333,0.428571428571429,0.323450704225352,0.00659080422793859,0.588,0.677,"moderate","pitcher","fixed_linear_weights_v1","sabrhood_player_summary_v1",529,0.474480151228733,0.472589792060492,"2026-09-19","2026-09-20 14:10:26 UTC",34.7,437,"descriptive_run_prevention_not_award_prediction"
676979,"Garrett Crochet","Boston Red Sox","L","2026-03-26","2026-04-25",138,122,33,19,9,0,5,11,0,4,37,0,57,86,39,8,32,31,21,2,37,89.0095238095238,13.3809523809524,8.03483721086974,138,0.270491803278689,0.35036496350365,0.467213114754098,0.817578078257748,0.19672131147541,0.268115942028986,0.0797101449275362,0.453488372093023,0.0930232558139535,0.372093023255814,0.36046511627907,0.244186046511628,0.430232558139535,0.353284671532847,0.0582234580497807,0.58,0.632,"moderate","pitcher","fixed_linear_weights_v1","sabrhood_player_summary_v1",518,0.49034749034749,0.455598455598456,"2026-09-19","2026-09-20 14:10:26 UTC",34.7,437,"descriptive_run_prevention_not_award_prediction"
476594,"Robert Stock","New York Mets","R","2026-08-02","2026-09-09",148,129,38,29,7,0,2,15,0,4,29,0,51,99,36,8,38,26,28,7,45,87.3959595959596,15.5757575757576,8.64674098497854,148,0.294573643410853,0.385135135135135,0.395348837209302,0.780483972344437,0.10077519379845,0.195945945945946,0.101351351351351,0.363636363636364,0.0808080808080808,0.383838383838384,0.262626262626263,0.282828282828283,0.454545454545455,0.347635135135135,0.0584239255741793,0.597,0.664,"moderate","pitcher","fixed_linear_weights_v1","sabrhood_player_summary_v1",560,0.491071428571429,0.496428571428571,"2026-09-19","2026-09-20 14:10:26 UTC",34.4,439,"descriptive_run_prevention_not_award_prediction"
641778,"Eric Lauer","Los Angeles Dodgers","L","2026-03-29","2026-09-01",468,420,107,64,16,1,26,35,0,5,72,4,203,353,127,39,112,72,135,34,146,87.4949008498584,21.3767705382436,10.0744824126241,468,0.254761904761905,0.316810344827586,0.483333333333333,0.800143678160919,0.228571428571429,0.153846153846154,0.0747863247863248,0.359773371104816,0.110481586402266,0.31728045325779,0.203966005665722,0.382436260623229,0.413597733711048,0.339935344827586,0.0215266718218463,0.824,0.876,"strong","pitcher","fixed_linear_weights_v1","sabrhood_player_summary_v1",1814,0.519294377067255,0.477398015435502,"2026-09-19","2026-09-20 14:10:26 UTC",33.8,440,"descriptive_run_prevention_not_award_prediction"
695534,"Chase Petty","Cincinnati Reds","R","2026-05-04","2026-08-07",139,125,31,18,7,0,6,9,0,3,15,2,56,112,42,9,43,28,34,7,47,88.5281818181818,15.7545454545455,1.51488387560917,139,0.248,0.309352517985612,0.448,0.757352517985612,0.2,0.107913669064748,0.0647482014388489,0.375,0.0803571428571429,0.383928571428571,0.25,0.303571428571429,0.419642857142857,0.323381294964029,0.0108984451482674,0.582,0.691,"moderate","pitcher","fixed_linear_weights_v1","sabrhood_player_summary_v1",477,0.482180293501048,0.484276729559748,"2026-09-19","2026-09-20 14:10:26 UTC",33.8,440,"descriptive_run_prevention_not_award_prediction"
660604,"Alan Rangel","Philadelphia Phillies","R","2026-04-22","2026-08-10",123,107,31,18,8,1,4,13,0,2,29,1,53,79,24,6,26,19,23,11,44,86.9708860759494,19.4430379746835,2.47376885056951,123,0.289719626168224,0.373983739837398,0.495327102803738,0.869310842641137,0.205607476635514,0.235772357723577,0.105691056910569,0.30379746835443,0.0759493670886076,0.329113924050633,0.240506329113924,0.291139240506329,0.556962025316456,0.372113821138211,0.0201119418745489,0.552,0.612,"moderate","pitcher","fixed_linear_weights_v1","sabrhood_player_summary_v1",491,0.5010183299389,0.470468431771894,"2026-09-19","2026-09-20 14:10:26 UTC",33.7,442,"descriptive_run_prevention_not_award_prediction"
664353,"José Urquidy","Philadelphia Phillies","R","2026-03-29","2026-09-18",150,140,42,28,10,0,4,7,0,2,27,1,64,114,40,7,45,30,30,9,66,87.4477876106195,16.1150442477876,6.01204120524521,150,0.3,0.34,0.457142857142857,0.797142857142857,0.157142857142857,0.18,0.0466666666666667,0.350877192982456,0.0614035087719298,0.394736842105263,0.263157894736842,0.263157894736842,0.578947368421053,0.342333333333333,0.0400802747016347,0.6,0.695,"moderate","pitcher","fixed_linear_weights_v1","sabrhood_player_summary_v1",557,0.51705565529623,0.529622980251346,"2026-09-19","2026-09-20 14:10:26 UTC",33.6,443,"descriptive_run_prevention_not_award_prediction"
657044,"Ryan Thompson","Arizona Diamondbacks","R","2026-03-26","2026-08-04",183,168,51,35,13,0,3,10,0,3,29,1,73,141,48,5,73,35,21,12,65,87.2049645390071,6.14184397163121,4.99848527929737,183,0.303571428571429,0.351648351648352,0.43452380952381,0.786172161172161,0.130952380952381,0.158469945355191,0.0546448087431694,0.340425531914894,0.0354609929078014,0.517730496453901,0.24822695035461,0.148936170212766,0.460992907801418,0.340714285714286,0.0273141272092753,0.647,0.738,"moderate","pitcher","fixed_linear_weights_v1","sabrhood_player_summary_v1",654,0.486238532110092,0.475535168195719,"2026-09-19","2026-09-20 14:10:26 UTC",33.5,444,"descriptive_run_prevention_not_award_prediction"
621121,"Lance McCullers Jr.","Milwaukee Brewers","R","2026-03-30","2026-07-25",196,167,41,21,12,1,7,27,0,2,48,0,76,118,56,9,52,26,29,11,65,90.528813559322,13.3813559322034,11.5847906407368,196,0.245508982035928,0.357142857142857,0.455089820359281,0.812232677502139,0.209580838323353,0.244897959183673,0.137755102040816,0.474576271186441,0.076271186440678,0.440677966101695,0.220338983050847,0.245762711864407,0.550847457627119,0.35234693877551,0.0591060746976366,0.662,0.702,"moderate","pitcher","fixed_linear_weights_v1","sabrhood_player_summary_v1",793,0.416141235813367,0.443883984867591,"2026-09-19","2026-09-20 14:10:26 UTC",33.4,445,"descriptive_run_prevention_not_award_prediction"
669194,"Ryne Nelson","Arizona Diamondbacks","R","2026-03-27","2026-09-16",361,330,82,46,16,2,18,23,0,5,62,2,156,270,118,27,88,60,101,21,105,90.5078066914498,19.037037037037,8.92863557798974,361,0.248484848484848,0.305555555555556,0.472727272727273,0.778282828282828,0.224242424242424,0.171745152354571,0.0637119113573407,0.437037037037037,0.1,0.325925925925926,0.222222222222222,0.374074074074074,0.388888888888889,0.330805555555556,0.0247330625429079,0.783,0.844,"strong","pitcher","fixed_linear_weights_v1","sabrhood_player_summary_v1",1324,0.540030211480363,0.500755287009063,"2026-09-19","2026-09-20 14:10:26 UTC",33.3,446,"descriptive_run_prevention_not_award_prediction"
669947,"Jesse Scholtens","Tampa Bay Rays","R","2026-04-08","2026-08-18",197,178,46,26,9,1,10,14,1,3,34,2,87,145,51,14,56,35,39,15,75,87.0620689655172,16.8896551724138,-0.511409467632438,197,0.258426966292135,0.319796954314721,0.48876404494382,0.808560999258541,0.230337078651685,0.17258883248731,0.0710659898477157,0.351724137931034,0.096551724137931,0.386206896551724,0.241379310344828,0.268965517241379,0.517241379310345,0.340969387755102,-0.00259598714534233,0.663,0.744,"moderate","pitcher","fixed_linear_weights_v1","sabrhood_player_summary_v1",723,0.49792531120332,0.477178423236515,"2026-09-19","2026-09-20 14:10:26 UTC",33.2,447,"descriptive_run_prevention_not_award_prediction"
650644,"Aaron Civale","Chicago Cubs","R","2026-03-31","2026-09-19",473,432,121,76,26,2,17,32,0,4,89,2,202,346,142,28,107,99,106,34,171,88.3650289017341,18.9884393063584,-0.0705748889263627,473,0.280092592592593,0.334042553191489,0.467592592592593,0.801635145784082,0.1875,0.18816067653277,0.0676532769556025,0.410404624277457,0.0809248554913295,0.309248554913295,0.286127167630058,0.30635838150289,0.494219653179191,0.343340425531915,-0.000149206953332691,0.825,0.874,"strong","pitcher","fixed_linear_weights_v1","sabrhood_player_summary_v1",1828,0.462800875273523,0.49562363238512,"2026-09-19","2026-09-20 14:10:26 UTC",33.1,448,"descriptive_run_prevention_not_award_prediction"
695076,"Rhett Lowder","Cincinnati Reds","R","2026-03-29","2026-09-15",562,502,138,87,30,3,18,50,0,6,98,1,228,406,158,38,169,103,112,22,182,89.7377833753149,14.0755667506297,14.0074998996388,562,0.274900398406374,0.347048300536673,0.454183266932271,0.801231567468944,0.179282868525896,0.174377224199288,0.0889679715302491,0.389162561576355,0.0935960591133005,0.416256157635468,0.253694581280788,0.275862068965517,0.448275862068966,0.346046511627907,0.0249243770456206,0.849,0.89,"strong","pitcher","fixed_linear_weights_v1","sabrhood_player_summary_v1",2156,0.440166975881262,0.49025974025974,"2026-09-19","2026-09-20 14:10:26 UTC",32.6,449,"descriptive_run_prevention_not_award_prediction"
663893,"Brendon Little","Toronto Blue Jays","L","2026-03-28","2026-09-18",122,101,28,17,6,0,5,20,1,0,42,0,49,58,25,4,35,11,10,2,24,89.2241379310345,-1.22413793103448,11.6961450563458,122,0.277227722772277,0.396694214876033,0.485148514851485,0.881842729727518,0.207920792079208,0.344262295081967,0.163934426229508,0.431034482758621,0.0689655172413793,0.603448275862069,0.189655172413793,0.172413793103448,0.413793103448276,0.379666666666667,0.0958700414454574,0.55,0.537,"moderate","pitcher","fixed_linear_weights_v1","sabrhood_player_summary_v1",535,0.416822429906542,0.360747663551402,"2026-09-19","2026-09-20 14:10:26 UTC",32.6,449,"descriptive_run_prevention_not_award_prediction"
669456,"Shane Bieber","Toronto Blue Jays","R","2026-06-23","2026-08-20",242,217,56,36,10,0,10,24,0,0,44,1,96,174,80,18,76,39,44,15,81,89.9281609195402,12.7701149425287,0.888378270321093,242,0.258064516129032,0.330578512396694,0.442396313364055,0.77297482576075,0.184331797235023,0.181818181818182,0.0991735537190083,0.459770114942529,0.103448275862069,0.436781609195402,0.224137931034483,0.252873563218391,0.46551724137931,0.333636363636364,0.00367098458810369,0.708,0.777,"moderate","pitcher","fixed_linear_weights_v1","sabrhood_player_summary_v1",930,0.43010752688172,0.408602150537634,"2026-09-19","2026-09-20 14:10:26 UTC",32.4,451,"descriptive_run_prevention_not_award_prediction"
665795,"Edward Cabrera","Chicago Cubs","R","2026-03-30","2026-09-15",339,299,80,52,12,0,16,34,0,1,70,3,140,233,100,25,102,62,57,12,117,90.4336206896552,11.0689655172414,15.4030354035549,339,0.267558528428094,0.341246290801187,0.468227424749164,0.809473715550351,0.20066889632107,0.206489675516224,0.100294985250737,0.429184549356223,0.107296137339056,0.437768240343348,0.266094420600858,0.244635193133047,0.502145922746781,0.347121661721068,0.0454366826063566,0.772,0.823,"strong","pitcher","fixed_linear_weights_v1","sabrhood_player_summary_v1",1319,0.477634571645186,0.4275966641395,"2026-09-19","2026-09-20 14:10:26 UTC",32.3,452,"descriptive_run_prevention_not_award_prediction"
671936,"Adam Macko","Texas Rangers","L","2026-05-18","2026-09-11",134,117,36,28,3,0,5,11,1,4,30,2,54,88,32,6,34,24,23,7,42,85.6306818181818,12.6136363636364,4.83609526603949,134,0.307692307692308,0.380597014925373,0.461538461538462,0.842135476463835,0.153846153846154,0.223880597014925,0.082089552238806,0.363636363636364,0.0681818181818182,0.386363636363636,0.272727272727273,0.261363636363636,0.477272727272727,0.362330827067669,0.0360902631793992,0.573,0.638,"moderate","pitcher","fixed_linear_weights_v1","sabrhood_player_summary_v1",544,0.476102941176471,0.470588235294118,"2026-09-19","2026-09-20 14:10:26 UTC",32.2,453,"descriptive_run_prevention_not_award_prediction"
681799,"Ethan Roberts","Chicago Cubs","R","2026-04-05","2026-06-28",110,93,22,16,2,1,3,14,0,3,17,0,35,76,34,3,36,17,16,7,39,91.0565789473684,13.9078947368421,4.30057652871057,110,0.236559139784946,0.354545454545455,0.376344086021505,0.73088954056696,0.139784946236559,0.154545454545455,0.127272727272727,0.447368421052632,0.0394736842105263,0.473684210526316,0.223684210526316,0.210526315789474,0.513157894736842,0.327,0.0390961502610052,0.524,0.603,"moderate","pitcher","fixed_linear_weights_v1","sabrhood_player_summary_v1",436,0.435779816513761,0.470183486238532,"2026-09-19","2026-09-20 14:10:26 UTC",32.2,453,"descriptive_run_prevention_not_award_prediction"
605488,"Jeffrey Springs","Athletics","L","2026-03-28","2026-09-17",614,548,147,84,24,6,33,56,0,4,109,6,282,443,153,41,154,114,147,28,194,86.9656036446469,16.4077448747153,31.4170702627501,614,0.268248175182482,0.337133550488599,0.514598540145985,0.851732090634585,0.246350364963504,0.177524429967427,0.0912052117263844,0.345372460496614,0.0925507900677201,0.347629796839729,0.257336343115124,0.331828442437923,0.437923250564334,0.359755700325733,0.0511678668774432,0.86,0.899,"strong","pitcher","fixed_linear_weights_v1","sabrhood_player_summary_v1",2378,0.462573591253154,0.463414634146341,"2026-09-19","2026-09-20 14:10:26 UTC",31.6,455,"descriptive_run_prevention_not_award_prediction"
807739,"Kade Anderson","Seattle Mariners","L","2026-08-22","2026-09-14",107,97,28,20,3,1,4,8,0,0,21,2,45,78,31,6,30,21,20,7,38,86.9602564102564,13.5,-0.114915707021216,107,0.288659793814433,0.336448598130841,0.463917525773196,0.800366123904037,0.175257731958763,0.196261682242991,0.0747663551401869,0.397435897435897,0.0769230769230769,0.384615384615385,0.269230769230769,0.256410256410256,0.487179487179487,0.340560747663551,-0.00107397857029174,0.517,0.609,"moderate","pitcher","fixed_linear_weights_v1","sabrhood_player_summary_v1",398,0.537688442211055,0.525125628140704,"2026-09-19","2026-09-20 14:10:26 UTC",31.2,456,"descriptive_run_prevention_not_award_prediction"
592791,"Jameson Taillon","Toronto Blue Jays","R","2026-03-31","2026-09-04",370,337,85,47,11,0,27,31,0,2,76,0,177,260,103,37,89,54,99,18,125,88.9665384615385,18.5115384615385,12.4861249038981,370,0.252225519287834,0.318918918918919,0.525222551928783,0.844141470847702,0.27299703264095,0.205405405405405,0.0837837837837838,0.396153846153846,0.142307692307692,0.342307692307692,0.207692307692308,0.380769230769231,0.480769230769231,0.357027027027027,0.033746283524049,0.787,0.839,"strong","pitcher","fixed_linear_weights_v1","sabrhood_player_summary_v1",1443,0.462924462924463,0.453915453915454,"2026-09-19","2026-09-20 14:10:26 UTC",31.1,457,"descriptive_run_prevention_not_award_prediction"
800600,"Jackson Kent","Washington Nationals","L","2026-08-12","2026-09-15",151,128,34,23,8,1,2,23,0,0,27,0,50,101,42,7,50,24,21,6,53,87.509900990099,10.2376237623762,5.41916847007897,151,0.265625,0.377483443708609,0.390625,0.768108443708609,0.125,0.178807947019868,0.152317880794702,0.415841584158416,0.0693069306930693,0.495049504950495,0.237623762376238,0.207920792079208,0.524752475247525,0.341788079470199,0.0358885329144302,0.602,0.669,"moderate","pitcher","fixed_linear_weights_v1","sabrhood_player_summary_v1",605,0.449586776859504,0.429752066115702,"2026-09-19","2026-09-20 14:10:26 UTC",30.9,458,"descriptive_run_prevention_not_award_prediction"
657756,"Connor Seabold","Kansas City Royals","R","2026-03-28","2026-06-30",114,99,30,22,6,0,2,9,0,3,20,3,42,81,30,4,35,20,23,3,30,87.45625,11.0625,8.06145860840088,114,0.303030303030303,0.368421052631579,0.424242424242424,0.792663476874003,0.121212121212121,0.175438596491228,0.0789473684210526,0.37037037037037,0.0493827160493827,0.432098765432099,0.246913580246914,0.283950617283951,0.37037037037037,0.343771929824561,0.070714549196499,0.533,0.618,"moderate","pitcher","fixed_linear_weights_v1","sabrhood_player_summary_v1",468,0.476495726495726,0.47008547008547,"2026-09-19","2026-09-20 14:10:26 UTC",30.8,459,"descriptive_run_prevention_not_award_prediction"
669620,"Brady Basso","Athletics","L","2026-04-22","2026-09-16",178,169,52,30,18,1,3,6,0,0,28,2,81,143,51,6,60,40,37,6,59,87.4,13.6713286713287,2.94569946794769,178,0.307692307692308,0.327683615819209,0.479289940828402,0.806973556647611,0.171597633136095,0.157303370786517,0.0337078651685393,0.356643356643357,0.041958041958042,0.41958041958042,0.27972027972028,0.258741258741259,0.412587412587413,0.341525423728814,0.0165488734154365,0.64,0.741,"moderate","pitcher","fixed_linear_weights_v1","sabrhood_player_summary_v1",625,0.5248,0.5056,"2026-09-19","2026-09-20 14:10:26 UTC",30.6,460,"descriptive_run_prevention_not_award_prediction"
623474,"Jimmy Herget","Colorado Rockies","R","2026-03-27","2026-09-16",220,187,51,30,11,1,9,23,0,3,43,5,91,150,56,14,51,39,46,14,63,87.05,16.98,15.9537477310893,220,0.272727272727273,0.353211009174312,0.486631016042781,0.839842025217093,0.213903743315508,0.195454545454545,0.104545454545455,0.373333333333333,0.0933333333333333,0.34,0.26,0.306666666666667,0.42,0.35651376146789,0.072517035141315,0.688,0.75,"moderate","pitcher","fixed_linear_weights_v1","sabrhood_player_summary_v1",881,0.467650397275823,0.467650397275823,"2026-09-19","2026-09-20 14:10:26 UTC",30.4,461,"descriptive_run_prevention_not_award_prediction"
693308,"Nick Frasso","Colorado Rockies","R","2026-08-04","2026-09-19",89,78,24,14,7,0,3,7,0,2,21,1,40,59,20,5,19,19,20,1,23,89.7661016949152,15.4576271186441,8.46623267437778,89,0.307692307692308,0.375,0.512820512820513,0.887820512820513,0.205128205128205,0.235955056179775,0.0786516853932584,0.338983050847458,0.0847457627118644,0.322033898305085,0.322033898305085,0.338983050847458,0.389830508474576,0.378409090909091,0.0951262098244695,0.471,0.541,"developing","pitcher","fixed_linear_weights_v1","sabrhood_player_summary_v1",353,0.481586402266289,0.473087818696884,"2026-09-19","2026-09-20 14:10:26 UTC",30.4,461,"descriptive_run_prevention_not_award_prediction"
663992,"Richard Lovelady","Washington Nationals","L","2026-03-28","2026-09-19",157,132,39,26,9,0,4,19,2,3,30,0,60,105,31,6,47,30,21,7,45,84.7980392156863,8.57281553398058,5.95929157769536,157,0.295454545454545,0.396103896103896,0.454545454545455,0.850649350649351,0.159090909090909,0.191082802547771,0.121019108280255,0.295238095238095,0.0571428571428571,0.447619047619048,0.285714285714286,0.2,0.428571428571429,0.368223684210526,0.0379572711955119,0.611,0.677,"moderate","pitcher","fixed_linear_weights_v1","sabrhood_player_summary_v1",592,0.45777027027027,0.478040540540541,"2026-09-19","2026-09-20 14:10:26 UTC",30.3,463,"descriptive_run_prevention_not_award_prediction"
622491,"Luis Castillo","Chicago White Sox","R","2026-03-30","2026-09-12",583,524,148,91,30,3,24,42,1,7,111,5,256,420,176,39,155,111,123,31,171,88.9890214797136,16.5107398568019,27.591158313016,583,0.282442748091603,0.34083044982699,0.488549618320611,0.8293800681476,0.206106870229008,0.190394511149228,0.072041166380789,0.419047619047619,0.0928571428571429,0.369047619047619,0.264285714285714,0.292857142857143,0.407142857142857,0.352738301559792,0.0473261720634923,0.854,0.894,"strong","pitcher","fixed_linear_weights_v1","sabrhood_player_summary_v1",2335,0.517344753747323,0.485224839400428,"2026-09-19","2026-09-20 14:10:26 UTC",30.2,464,"descriptive_run_prevention_not_award_prediction"
663372,"Ryan Feltner","Colorado Rockies","R","2026-03-31","2026-09-15",521,462,128,72,32,4,20,50,0,1,88,8,228,379,139,34,163,79,112,25,187,86.8255936675462,13.0633245382586,21.1532743612439,521,0.277056277056277,0.343570057581574,0.493506493506494,0.837076551088067,0.216450216450216,0.168905950095969,0.0959692898272553,0.366754617414248,0.0897097625329815,0.430079155672823,0.20844327176781,0.295514511873351,0.493403693931398,0.354510556621881,0.0406012943593932,0.839,0.883,"strong","pitcher","fixed_linear_weights_v1","sabrhood_player_summary_v1",1924,0.489085239085239,0.503638253638254,"2026-09-19","2026-09-20 14:10:26 UTC",30.2,464,"descriptive_run_prevention_not_award_prediction"
676755,"Isaac Mattson","Pittsburgh Pirates","R","2026-03-26","2026-09-05",176,156,44,26,15,0,3,18,0,1,36,1,68,121,63,13,33,41,38,9,42,90.6314049586777,17.0247933884298,5.79455825803142,176,0.282051282051282,0.357954545454545,0.435897435897436,0.793851981351981,0.153846153846154,0.204545454545455,0.102272727272727,0.520661157024793,0.107438016528926,0.272727272727273,0.338842975206612,0.31404958677686,0.347107438016529,0.344602272727273,0.0329236264660876,0.638,0.708,"moderate","pitcher","fixed_linear_weights_v1","sabrhood_player_summary_v1",728,0.497252747252747,0.513736263736264,"2026-09-19","2026-09-20 14:10:26 UTC",29.8,466,"descriptive_run_prevention_not_award_prediction"
700249,"Cade Povich","Baltimore Orioles","L","2026-04-05","2026-09-18",160,144,40,28,6,0,6,15,0,1,28,0,64,116,46,9,51,21,34,10,45,89.9608695652174,16.1379310344828,0.130295528434988,160,0.277777777777778,0.35,0.444444444444444,0.794444444444444,0.166666666666667,0.175,0.09375,0.396551724137931,0.0775862068965517,0.439655172413793,0.181034482758621,0.293103448275862,0.387931034482759,0.3450625,0.000814347052718672,0.615,0.699,"moderate","pitcher","fixed_linear_weights_v1","sabrhood_player_summary_v1",611,0.463175122749591,0.454991816693944,"2026-09-19","2026-09-20 14:10:26 UTC",29.5,467,"descriptive_run_prevention_not_award_prediction"
656638,"Alex Lange","Kansas City Royals","R","2026-03-27","2026-09-17",261,224,60,37,11,2,10,30,0,6,57,1,105,167,72,19,77,43,43,4,85,90.2562874251497,9.2934131736527,14.238455421968,261,0.267857142857143,0.367816091954023,0.46875,0.836566091954023,0.200892857142857,0.218390804597701,0.114942528735632,0.431137724550898,0.11377245508982,0.461077844311377,0.25748502994012,0.25748502994012,0.508982035928144,0.36183908045977,0.0545534690496858,0.723,0.77,"strong","pitcher","fixed_linear_weights_v1","sabrhood_player_summary_v1",1076,0.470260223048327,0.448884758364312,"2026-09-19","2026-09-20 14:10:26 UTC",29.4,468,"descriptive_run_prevention_not_award_prediction"
689441,"Coleman Crow","Milwaukee Brewers","R","2026-04-17","2026-06-09",85,77,21,11,7,1,2,5,0,1,10,2,36,68,25,5,25,17,18,8,30,89.2323529411765,17.2647058823529,3.47895260015348,85,0.272727272727273,0.317647058823529,0.467532467532468,0.785179526355997,0.194805194805195,0.117647058823529,0.0588235294117647,0.367647058823529,0.0735294117647059,0.367647058823529,0.25,0.264705882352941,0.441176470588235,0.330705882352941,0.0409288541194527,0.459,0.576,"developing","pitcher","fixed_linear_weights_v1","sabrhood_player_summary_v1",,,,"2026-09-19","2026-09-20 14:10:26 UTC",29.4,468,"descriptive_run_prevention_not_award_prediction"
657571,"Caleb Ferguson","St. Louis Cardinals","L","2026-05-27","2026-08-28",148,129,37,24,7,1,5,17,0,0,31,1,61,99,38,7,50,22,22,5,44,88.55,8.25510204081633,5.3598280160882,148,0.286821705426357,0.36734693877551,0.472868217054264,0.840215155829774,0.186046511627907,0.209459459459459,0.114864864864865,0.383838383838384,0.0707070707070707,0.505050505050505,0.222222222222222,0.222222222222222,0.444444444444444,0.361496598639456,0.0362150541627581,0.597,0.664,"moderate","pitcher","fixed_linear_weights_v1","sabrhood_player_summary_v1",587,0.458262350936968,0.505962521294719,"2026-09-19","2026-09-20 14:10:26 UTC",29.2,470,"descriptive_run_prevention_not_award_prediction"
669438,"Mason Englert","Tampa Bay Rays","R","2026-03-29","2026-07-17",157,147,43,24,10,0,9,6,1,1,32,2,80,116,42,15,36,31,38,11,56,88.0840707964602,18.6017699115044,1.67119017017514,157,0.292517006802721,0.320512820512821,0.54421768707483,0.864730507587651,0.251700680272109,0.203821656050955,0.0382165605095541,0.362068965517241,0.129310344827586,0.310344827586207,0.267241379310345,0.327586206896552,0.482758620689655,0.359870967741935,0.0106445233769117,0.611,0.699,"moderate","pitcher","fixed_linear_weights_v1","sabrhood_player_summary_v1",597,0.525963149078727,0.462311557788945,"2026-09-19","2026-09-20 14:10:26 UTC",29.1,471,"descriptive_run_prevention_not_award_prediction"
694360,"Beck Way","Kansas City Royals","R","2026-06-05","2026-07-24",105,92,27,22,1,0,4,10,0,1,21,2,40,73,31,6,38,16,16,3,27,90.2972602739726,3.95890410958904,-2.17966980979414,105,0.293478260869565,0.361904761904762,0.434782608695652,0.796687370600414,0.141304347826087,0.2,0.0952380952380952,0.424657534246575,0.0821917808219178,0.520547945205479,0.219178082191781,0.219178082191781,0.36986301369863,0.345333333333333,-0.0207587600932775,0.512,0.593,"moderate","pitcher","fixed_linear_weights_v1","sabrhood_player_summary_v1",389,0.447300771208226,0.48586118251928,"2026-09-19","2026-09-20 14:10:26 UTC",29.1,471,"descriptive_run_prevention_not_award_prediction"
687223,"Carson Palmquist","Washington Nationals","L","2026-06-24","2026-08-04",79,66,21,16,4,0,1,8,0,3,15,1,28,52,12,2,19,14,15,4,14,83.0134615384615,14.6153846153846,6.17061916171972,79,0.318181818181818,0.41025641025641,0.424242424242424,0.834498834498834,0.106060606060606,0.189873417721519,0.10126582278481,0.230769230769231,0.0384615384615385,0.365384615384615,0.269230769230769,0.288461538461538,0.269230769230769,0.368333333333333,0.0781091033129079,0.441,0.51,"developing","pitcher","fixed_linear_weights_v1","sabrhood_player_summary_v1",313,0.482428115015974,0.450479233226837,"2026-09-19","2026-09-20 14:10:26 UTC",28.8,473,"descriptive_run_prevention_not_award_prediction"
607625,"Seth Lugo","Kansas City Royals","R","2026-03-29","2026-09-17",733,661,193,120,45,5,23,54,0,7,131,8,317,540,231,48,222,134,160,24,232,88.8420074349442,13.5167286245353,17.9195997200594,733,0.291981845688351,0.347945205479452,0.479576399394856,0.827521604874308,0.187594553706505,0.178717598908595,0.0736698499317872,0.427777777777778,0.0888888888888889,0.411111111111111,0.248148148148148,0.296296296296296,0.42962962962963,0.353054794520548,0.0244469300410087,0.88,0.915,"strong","pitcher","fixed_linear_weights_v1","sabrhood_player_summary_v1",2786,0.460516870064609,0.51794687724336,"2026-09-19","2026-09-20 14:10:26 UTC",28.7,474,"descriptive_run_prevention_not_award_prediction"
518876,"Merrill Kelly","Arizona Diamondbacks","R","2026-04-14","2026-09-16",687,604,162,102,28,4,28,69,2,4,111,6,282,498,210,54,206,132,133,27,250,89.1339357429719,13.3333333333333,15.1161949680909,687,0.268211920529801,0.34407027818448,0.466887417218543,0.810957695403023,0.198675496688742,0.161572052401747,0.100436681222707,0.421686746987952,0.108433734939759,0.413654618473896,0.265060240963855,0.267068273092369,0.502008032128514,0.346710719530103,0.0220031950044992,0.873,0.909,"strong","pitcher","fixed_linear_weights_v1","sabrhood_player_summary_v1",2543,0.489972473456547,0.429807314195832,"2026-09-19","2026-09-20 14:10:26 UTC",28.7,474,"descriptive_run_prevention_not_award_prediction"
686993,"Justin Sterner","Athletics","R","2026-03-27","2026-07-17",183,168,46,26,9,0,11,12,0,0,40,2,88,131,59,12,54,26,42,9,55,87.9692307692308,14.9692307692308,6.80112531818394,183,0.273809523809524,0.318681318681319,0.523809523809524,0.842490842490842,0.25,0.218579234972678,0.0655737704918033,0.450381679389313,0.0916030534351145,0.412213740458015,0.198473282442748,0.320610687022901,0.419847328244275,0.354010989010989,0.0371646192250489,0.647,0.724,"moderate","pitcher","fixed_linear_weights_v1","sabrhood_player_summary_v1",726,0.520661157024793,0.466942148760331,"2026-09-19","2026-09-20 14:10:26 UTC",28.3,476,"descriptive_run_prevention_not_award_prediction"
676604,"Tyler Zuber","Miami Marlins","R","2026-06-05","2026-09-18",171,156,45,29,5,1,10,11,0,2,41,2,82,117,53,9,52,20,40,5,50,90.4299145299145,13.3247863247863,10.3038443718156,171,0.288461538461538,0.339181286549708,0.525641025641026,0.864822312190733,0.237179487179487,0.239766081871345,0.064327485380117,0.452991452991453,0.0769230769230769,0.444444444444444,0.170940170940171,0.341880341880342,0.427350427350427,0.364970760233918,0.0602563998351788,0.631,0.701,"moderate","pitcher","fixed_linear_weights_v1","sabrhood_player_summary_v1",674,0.474777448071217,0.51186943620178,"2026-09-19","2026-09-20 14:10:26 UTC",28.3,476,"descriptive_run_prevention_not_award_prediction"
680570,"Grayson Rodriguez","Los Angeles Angels","R","2026-05-17","2026-09-18",421,370,106,67,21,3,15,37,1,7,83,7,178,293,132,26,114,82,81,16,140,90.2481228668942,14.3378839590444,16.6515842527989,421,0.286486486486487,0.356294536817102,0.481081081081081,0.837375617898183,0.194594594594595,0.197149643705463,0.0878859857482185,0.450511945392491,0.0887372013651877,0.389078498293515,0.279863481228669,0.276450511945392,0.477815699658703,0.356452380952381,0.0395524566574795,0.808,0.854,"strong","pitcher","fixed_linear_weights_v1","sabrhood_player_summary_v1",1667,0.49130173965207,0.50629874025195,"2026-09-19","2026-09-20 14:10:26 UTC",28,478,"descriptive_run_prevention_not_award_prediction"
621383,"Tanner Banks","Philadelphia Phillies","L","2026-03-28","2026-09-18",163,147,50,32,8,2,8,13,0,1,35,1,86,114,38,7,43,30,35,6,46,85.6283185840708,14.8318584070796,13.5663794137282,163,0.340136054421769,0.395061728395062,0.585034013605442,0.980095742000504,0.244897959183673,0.214723926380368,0.0797546012269939,0.333333333333333,0.0614035087719298,0.37719298245614,0.263157894736842,0.307017543859649,0.403508771929825,0.413395061728395,0.0832293215566147,0.62,0.695,"moderate","pitcher","fixed_linear_weights_v1","sabrhood_player_summary_v1",623,0.495987158908507,0.500802568218299,"2026-09-19","2026-09-20 14:10:26 UTC",27.5,479,"descriptive_run_prevention_not_award_prediction"
687606,"Paxton Schultz","Washington Nationals","R","2026-04-07","2026-07-29",154,138,43,30,7,1,5,12,1,1,32,1,67,107,42,10,37,24,39,7,41,89.7700934579439,20.196261682243,7.40841584748949,154,0.311594202898551,0.368421052631579,0.485507246376812,0.853928299008391,0.173913043478261,0.207792207792208,0.0779220779220779,0.392523364485981,0.0934579439252336,0.345794392523364,0.224299065420561,0.364485981308411,0.383177570093458,0.364238410596026,0.0481065964122694,0.606,0.682,"moderate","pitcher","fixed_linear_weights_v1","sabrhood_player_summary_v1",610,0.447540983606557,0.450819672131148,"2026-09-19","2026-09-20 14:10:26 UTC",27.2,480,"descriptive_run_prevention_not_award_prediction"
668964,"Tobias Myers","New York Mets","R","2026-03-26","2026-09-19",225,205,56,30,16,1,9,15,0,0,39,3,101,171,76,10,55,45,48,23,78,89.987573964497,21.4235294117647,7.59521135276303,225,0.273170731707317,0.318385650224215,0.492682926829268,0.811068577053484,0.219512195121951,0.173333333333333,0.0666666666666667,0.444444444444444,0.0584795321637427,0.321637426900585,0.263157894736842,0.280701754385965,0.456140350877193,0.341883408071749,0.033756494901169,0.692,0.774,"moderate","pitcher","fixed_linear_weights_v1","sabrhood_player_summary_v1",822,0.523114355231144,0.509732360097324,"2026-09-19","2026-09-20 14:10:26 UTC",27,481,"descriptive_run_prevention_not_award_prediction"
688642,"Zach Agnos","Colorado Rockies","R","2026-03-28","2026-09-17",389,345,99,60,27,3,9,32,0,5,57,6,159,295,122,22,113,79,92,11,128,88.4785714285714,14.5050847457627,17.5482171278562,389,0.28695652173913,0.350515463917526,0.460869565217391,0.811385029134917,0.173913043478261,0.146529562982005,0.0822622107969152,0.413559322033898,0.0745762711864407,0.383050847457627,0.267796610169492,0.311864406779661,0.433898305084746,0.347242268041237,0.0451110980150545,0.796,0.855,"strong","pitcher","fixed_linear_weights_v1","sabrhood_player_summary_v1",1449,0.503105590062112,0.459627329192547,"2026-09-19","2026-09-20 14:10:26 UTC",26.3,482,"descriptive_run_prevention_not_award_prediction"
571578,"Patrick Corbin","Toronto Blue Jays","L","2026-04-10","2026-07-21",363,328,98,65,21,0,12,25,0,6,63,3,155,266,112,20,105,79,64,18,129,88.1962264150943,13.5849056603774,10.422251101159,363,0.298780487804878,0.356353591160221,0.472560975609756,0.828914566769977,0.173780487804878,0.173553719008264,0.068870523415978,0.421052631578947,0.075187969924812,0.394736842105263,0.296992481203008,0.240601503759398,0.484962406015038,0.356160220994475,0.0287114355403829,0.784,0.842,"strong","pitcher","fixed_linear_weights_v1","sabrhood_player_summary_v1",1412,0.473087818696884,0.427053824362606,"2026-09-19","2026-09-20 14:10:26 UTC",26.3,482,"descriptive_run_prevention_not_award_prediction"
693313,"Carson Seymour","San Francisco Giants","R","2026-06-05","2026-09-18",128,110,29,18,6,0,5,15,1,1,21,0,50,90,34,8,43,21,22,4,41,87.1855555555556,6.93333333333333,7.17856800347765,128,0.263636363636364,0.357142857142857,0.454545454545455,0.811688311688312,0.190909090909091,0.1640625,0.1171875,0.377777777777778,0.0888888888888889,0.477777777777778,0.233333333333333,0.244444444444444,0.455555555555556,0.34968,0.0560825625271692,0.561,0.643,"moderate","pitcher","fixed_linear_weights_v1","sabrhood_player_summary_v1",487,0.468172484599589,0.470225872689938,"2026-09-19","2026-09-20 14:10:26 UTC",26.3,482,"descriptive_run_prevention_not_award_prediction"
680604,"Blas Castaño","Colorado Rockies","R","2026-05-17","2026-09-14",112,100,27,18,3,2,4,9,0,2,21,1,46,79,38,7,35,18,24,2,37,91.2653846153846,8.43589743589744,0.508694472256741,112,0.27,0.339285714285714,0.46,0.799285714285714,0.19,0.1875,0.0803571428571429,0.481012658227848,0.0886075949367089,0.443037974683544,0.227848101265823,0.30379746835443,0.468354430379747,0.342589285714286,0.00454191493086376,0.528,0.612,"moderate","pitcher","fixed_linear_weights_v1","sabrhood_player_summary_v1",460,0.467391304347826,0.5,"2026-09-19","2026-09-20 14:10:26 UTC",26.3,482,"descriptive_run_prevention_not_award_prediction"
694335,"Matt Svanson","St. Louis Cardinals","R","2026-03-26","2026-07-28",207,180,55,39,11,0,5,21,0,2,41,3,81,143,64,11,54,38,39,12,49,90.3230769230769,16.5174825174825,16.5111998045191,207,0.305555555555556,0.378640776699029,0.45,0.828640776699029,0.144444444444444,0.198067632850242,0.101449275362319,0.447552447552448,0.0769230769230769,0.377622377622378,0.265734265734266,0.272727272727273,0.342657342657343,0.358932038834951,0.0797642502633772,0.674,0.741,"moderate","pitcher","fixed_linear_weights_v1","sabrhood_player_summary_v1",788,0.487309644670051,0.526649746192893,"2026-09-19","2026-09-20 14:10:26 UTC",26.2,486,"descriptive_run_prevention_not_award_prediction"
664875,"Justin Lawrence","Washington Nationals","R","2026-03-26","2026-07-12",176,142,39,19,10,1,9,27,0,6,43,1,78,100,43,11,43,26,25,6,44,89.315,11.84,19.7122130502871,176,0.274647887323944,0.409090909090909,0.549295774647887,0.958386683738796,0.274647887323944,0.244318181818182,0.153409090909091,0.43,0.11,0.43,0.26,0.25,0.44,0.4075,0.112001210512995,0.638,0.667,"moderate","pitcher","fixed_linear_weights_v1","sabrhood_player_summary_v1",684,0.406432748538012,0.440058479532164,"2026-09-19","2026-09-20 14:10:26 UTC",26.1,487,"descriptive_run_prevention_not_award_prediction"
656222,"Jalen Beeks","Texas Rangers","L","2026-03-26","2026-06-09",112,103,28,17,5,0,6,7,0,0,21,0,51,84,36,8,37,19,23,5,42,88.1845238095238,12.2261904761905,0.445285888186413,112,0.271844660194175,0.318181818181818,0.495145631067961,0.813327449249779,0.223300970873786,0.1875,0.0625,0.428571428571429,0.0952380952380952,0.44047619047619,0.226190476190476,0.273809523809524,0.5,0.345909090909091,0.00397576685880725,0.528,0.627,"moderate","pitcher","fixed_linear_weights_v1","sabrhood_player_summary_v1",407,0.471744471744472,0.523341523341523,"2026-09-19","2026-09-20 14:10:26 UTC",26.1,487,"descriptive_run_prevention_not_award_prediction"
674370,"Osvaldo Bido","Chicago White Sox","R","2026-03-28","2026-05-06",81,67,15,9,3,0,3,10,0,4,11,0,27,56,23,4,18,16,18,4,26,88.4571428571429,18.7678571428571,3.60183498811081,81,0.223880597014925,0.358024691358025,0.402985074626866,0.76100976598489,0.17910447761194,0.135802469135802,0.123456790123457,0.410714285714286,0.0714285714285714,0.321428571428571,0.285714285714286,0.321428571428571,0.464285714285714,0.338888888888889,0.044467098618652,0.448,0.528,"developing","pitcher","fixed_linear_weights_v1","sabrhood_player_summary_v1",317,0.457413249211356,0.419558359621451,"2026-09-19","2026-09-20 14:10:26 UTC",26.1,487,"descriptive_run_prevention_not_award_prediction"
683742,"Jose Franco","Cincinnati Reds","R","2026-03-30","2026-07-28",92,76,19,10,5,1,3,15,0,0,15,1,35,62,21,6,21,14,21,6,27,88.04,19.6,0.923945666163743,92,0.25,0.369565217391304,0.460526315789474,0.830091533180778,0.210526315789474,0.16304347826087,0.16304347826087,0.338709677419355,0.0967741935483871,0.338709677419355,0.225806451612903,0.338709677419355,0.435483870967742,0.35804347826087,0.0100428876756929,0.479,0.554,"developing","pitcher","fixed_linear_weights_v1","sabrhood_player_summary_v1",346,0.445086705202312,0.459537572254335,"2026-09-19","2026-09-20 14:10:26 UTC",25.8,490,"descriptive_run_prevention_not_award_prediction"
669854,"Ronel Blanco","Houston Astros","R","2026-07-20","2026-09-13",136,119,30,17,3,1,9,15,0,1,26,0,62,94,35,9,33,19,35,7,48,88.9265957446809,18.4148936170213,9.43468888219458,136,0.252100840336134,0.340740740740741,0.521008403361345,0.861749144102085,0.26890756302521,0.191176470588235,0.110294117647059,0.372340425531915,0.0957446808510638,0.351063829787234,0.202127659574468,0.372340425531915,0.51063829787234,0.365925925925926,0.0693727123690778,0.576,0.653,"moderate","pitcher","fixed_linear_weights_v1","sabrhood_player_summary_v1",540,0.496296296296296,0.47962962962963,"2026-09-19","2026-09-20 14:10:26 UTC",25.7,491,"descriptive_run_prevention_not_award_prediction"
657424,"Matt Gage","San Francisco Giants","L","2026-03-27","2026-07-03",127,106,28,16,5,1,6,17,0,1,22,2,53,86,27,9,36,22,24,4,44,86.0918604651163,11.4651162790698,6.31162441353528,127,0.264150943396226,0.365079365079365,0.5,0.865079365079365,0.235849056603774,0.173228346456693,0.133858267716535,0.313953488372093,0.104651162790698,0.418604651162791,0.255813953488372,0.27906976744186,0.511627906976744,0.367857142857143,0.0496978300278369,0.559,0.632,"moderate","pitcher","fixed_linear_weights_v1","sabrhood_player_summary_v1",526,0.475285171102662,0.376425855513308,"2026-09-19","2026-09-20 14:10:26 UTC",25.7,491,"descriptive_run_prevention_not_award_prediction"
663903,"Brady Singer","Cincinnati Reds","R","2026-03-28","2026-09-17",709,626,180,120,26,3,31,60,0,15,125,4,305,507,218,48,216,139,133,19,230,90.3475806451613,13.5403225806452,30.2914774707216,709,0.287539936102236,0.361702127659574,0.487220447284345,0.84892257494392,0.199680511182109,0.176304654442877,0.0846262341325811,0.429980276134122,0.0946745562130177,0.42603550295858,0.274161735700197,0.26232741617357,0.453648915187377,0.364581560283688,0.0427242277443182,0.876,0.91,"strong","pitcher","fixed_linear_weights_v1","sabrhood_player_summary_v1",2738,0.440467494521549,0.45763330898466,"2026-09-19","2026-09-20 14:10:26 UTC",25.4,493,"descriptive_run_prevention_not_award_prediction"
676760,"Ron Marinaccio","Cincinnati Reds","R","2026-03-26","2026-08-16",261,227,61,37,11,2,11,27,0,7,48,0,109,178,73,14,70,46,47,15,85,88.9426966292135,15.9719101123596,9.72966821119756,261,0.268722466960352,0.363984674329502,0.480176211453745,0.844160885783246,0.211453744493392,0.183908045977011,0.103448275862069,0.410112359550562,0.0786516853932584,0.393258426966292,0.258426966292135,0.264044943820225,0.47752808988764,0.364367816091954,0.0372784222651248,0.723,0.781,"strong","pitcher","fixed_linear_weights_v1","sabrhood_player_summary_v1",1042,0.471209213051823,0.452015355086372,"2026-09-19","2026-09-20 14:10:26 UTC",25.4,493,"descriptive_run_prevention_not_award_prediction"
674003,"Cody Bradford","Texas Rangers","L","2026-08-05","2026-09-17",169,156,48,32,12,0,4,10,0,1,20,1,72,138,51,12,48,29,49,12,59,87.4401459854015,18.4598540145985,0.647956317603718,169,0.307692307692308,0.351190476190476,0.461538461538462,0.812728937728938,0.153846153846154,0.118343195266272,0.0591715976331361,0.369565217391304,0.0869565217391304,0.347826086956522,0.210144927536232,0.355072463768116,0.427536231884058,0.349404761904762,0.00383406105090957,0.628,0.734,"moderate","pitcher","fixed_linear_weights_v1","sabrhood_player_summary_v1",628,0.495222929936306,0.525477707006369,"2026-09-19","2026-09-20 14:10:26 UTC",25.4,493,"descriptive_run_prevention_not_award_prediction"
681347,"Mike Burrows","Houston Astros","R","2026-03-27","2026-07-06",424,385,112,72,18,1,21,35,0,4,75,0,195,309,120,24,117,79,88,25,145,88.1353896103896,15.4837662337662,18.3262117514678,424,0.290909090909091,0.356132075471698,0.506493506493506,0.862625581965205,0.215584415584416,0.17688679245283,0.0825471698113208,0.388349514563107,0.0776699029126214,0.378640776699029,0.255663430420712,0.284789644012945,0.469255663430421,0.369056603773585,0.0432221975270466,0.809,0.861,"strong","pitcher","fixed_linear_weights_v1","sabrhood_player_summary_v1",1567,0.492661135928526,0.470325462667518,"2026-09-19","2026-09-20 14:10:26 UTC",25.3,496,"descriptive_run_prevention_not_award_prediction"
686930,"Mason Barnett","Athletics","R","2026-04-19","2026-09-18",205,176,49,30,6,1,12,27,0,2,42,1,93,133,51,11,48,32,44,9,44,89.6774436090226,17.1353383458647,14.3855252569345,205,0.278409090909091,0.378640776699029,0.528409090909091,0.90704986760812,0.25,0.204878048780488,0.131707317073171,0.383458646616541,0.0827067669172932,0.360902255639098,0.240601503759398,0.330827067669173,0.330827067669173,0.386359223300971,0.0701732939362657,0.672,0.727,"moderate","pitcher","fixed_linear_weights_v1","sabrhood_player_summary_v1",822,0.430656934306569,0.442822384428224,"2026-09-19","2026-09-20 14:10:26 UTC",25.3,496,"descriptive_run_prevention_not_award_prediction"
666157,"Nick Lodolo","Cincinnati Reds","L","2026-05-08","2026-09-19",465,395,108,66,18,4,20,44,0,15,80,9,194,323,132,28,134,90,84,15,130,89.3854430379747,12.3101265822785,8.51428812293429,465,0.273417721518987,0.360691144708423,0.491139240506329,0.851830385214752,0.217721518987342,0.172043010752688,0.0946236559139785,0.408668730650155,0.086687306501548,0.414860681114551,0.278637770897833,0.260061919504644,0.402476780185758,0.362850971922246,0.0183102970385684,0.823,0.866,"strong","pitcher","fixed_linear_weights_v1","sabrhood_player_summary_v1",1807,0.454897620365246,0.462645268400664,"2026-09-19","2026-09-20 14:10:26 UTC",25.2,498,"descriptive_run_prevention_not_award_prediction"
683232,"Nick Mears","Kansas City Royals","R","2026-03-30","2026-05-27",83,70,18,10,5,1,2,11,1,0,15,1,31,57,29,7,27,13,14,3,28,90.2964285714286,14.5178571428571,1.92360110610934,83,0.257142857142857,0.353658536585366,0.442857142857143,0.796515679442509,0.185714285714286,0.180722891566265,0.132530120481928,0.508771929824561,0.12280701754386,0.473684210526316,0.228070175438596,0.245614035087719,0.491228070175439,0.339259259259259,0.0231759169410764,0.454,0.533,"developing","pitcher","fixed_linear_weights_v1","sabrhood_player_summary_v1",341,0.439882697947214,0.428152492668622,"2026-09-19","2026-09-20 14:10:26 UTC",25.2,498,"descriptive_run_prevention_not_award_prediction"
675989,"Cody Bolton","Houston Astros","R","2026-03-31","2026-05-17",95,78,21,12,6,0,3,14,0,1,22,1,36,58,28,7,22,16,17,3,21,89.0844827586207,12.9310344827586,3.73011419839259,95,0.269230769230769,0.382978723404255,0.461538461538462,0.844517184942717,0.192307692307692,0.231578947368421,0.147368421052632,0.482758620689655,0.120689655172414,0.379310344827586,0.275862068965517,0.293103448275862,0.362068965517241,0.366063829787234,0.0392643599830799,0.487,0.537,"developing","pitcher","fixed_linear_weights_v1","sabrhood_player_summary_v1",388,0.414948453608247,0.479381443298969,"2026-09-19","2026-09-20 14:10:26 UTC",25.1,500,"descriptive_run_prevention_not_award_prediction"
671111,"Sammy Peralta","Los Angeles Angels","L","2026-05-19","2026-09-18",81,69,22,15,4,0,3,7,0,4,21,0,35,48,21,4,16,17,11,4,25,87.2208333333333,14.0833333333333,4.18776459774187,81,0.318840579710145,0.4125,0.507246376811594,0.919746376811594,0.188405797101449,0.259259259259259,0.0864197530864197,0.4375,0.0833333333333333,0.333333333333333,0.354166666666667,0.229166666666667,0.520833333333333,0.39875,0.051700797502986,0.448,0.49,"developing","pitcher","fixed_linear_weights_v1","sabrhood_player_summary_v1",,,,"2026-09-19","2026-09-20 14:10:26 UTC",25.1,500,"descriptive_run_prevention_not_award_prediction"
805074,"Yunior Marte","San Francisco Giants","R","2026-08-29","2026-09-19",83,74,18,9,5,1,3,9,0,0,11,0,34,63,26,6,25,15,18,5,38,87.7873015873016,14.3968253968254,-1.56934975160109,83,0.243243243243243,0.325301204819277,0.459459459459459,0.784760664278737,0.216216216216216,0.132530120481928,0.108433734939759,0.412698412698413,0.0952380952380952,0.396825396825397,0.238095238095238,0.285714285714286,0.603174603174603,0.336385542168675,-0.0189078283325432,0.454,0.558,"developing","pitcher","fixed_linear_weights_v1","sabrhood_player_summary_v1",312,0.448717948717949,0.474358974358974,"2026-09-19","2026-09-20 14:10:26 UTC",25,502,"descriptive_run_prevention_not_award_prediction"
682227,"Brandon Williamson","Cincinnati Reds","L","2026-03-31","2026-09-17",195,162,40,24,7,1,8,26,0,4,31,3,73,134,56,14,52,31,39,12,60,87.7067164179104,15.3805970149254,9.54747605359688,195,0.246913580246914,0.358974358974359,0.450617283950617,0.809591642924976,0.203703703703704,0.158974358974359,0.133333333333333,0.417910447761194,0.104477611940299,0.388059701492537,0.23134328358209,0.291044776119403,0.447761194029851,0.350051282051282,0.0489614156594712,0.661,0.728,"moderate","pitcher","fixed_linear_weights_v1","sabrhood_player_summary_v1",763,0.440366972477064,0.46002621231979,"2026-09-19","2026-09-20 14:10:26 UTC",24.6,503,"descriptive_run_prevention_not_award_prediction"
663978,"Chris Paddack","Texas Rangers","R","2026-03-30","2026-06-29",267,242,76,54,12,1,9,19,0,2,40,2,117,206,76,16,81,53,60,12,91,88.020197044335,14.8325123152709,16.8046348295622,267,0.31404958677686,0.366037735849057,0.483471074380165,0.849508810229222,0.169421487603306,0.149812734082397,0.0711610486891386,0.368932038834951,0.0776699029126214,0.393203883495146,0.257281553398058,0.29126213592233,0.441747572815534,0.364528301886792,0.0629387072268247,0.728,0.805,"strong","pitcher","fixed_linear_weights_v1","sabrhood_player_summary_v1",1015,0.501477832512315,0.461083743842365,"2026-09-19","2026-09-20 14:10:26 UTC",24.4,504,"descriptive_run_prevention_not_award_prediction"
700363,"AJ Smith-Shawver","Atlanta Braves","R","2026-07-29","2026-09-14",125,107,29,18,6,0,5,16,0,1,20,1,50,87,32,7,34,19,23,11,35,88.1045977011494,17.3218390804598,6.80174755869728,125,0.271028037383178,0.368,0.467289719626168,0.835289719626168,0.196261682242991,0.16,0.128,0.367816091954023,0.0804597701149425,0.390804597701149,0.218390804597701,0.264367816091954,0.402298850574713,0.36072,0.0544139804695782,0.556,0.635,"moderate","pitcher","fixed_linear_weights_v1","sabrhood_player_summary_v1",482,0.487551867219917,0.464730290456432,"2026-09-19","2026-09-20 14:10:26 UTC",24.3,505,"descriptive_run_prevention_not_award_prediction"
500779,"Jose Quintana","Colorado Rockies","L","2026-03-29","2026-09-19",200,174,50,29,11,2,8,18,0,1,22,5,89,158,54,17,55,36,52,15,78,87.3594936708861,17.7088607594937,7.07487661321809,200,0.28735632183908,0.348484848484849,0.511494252873563,0.859979101358412,0.224137931034483,0.11,0.09,0.341772151898734,0.107594936708861,0.348101265822785,0.227848101265823,0.329113924050633,0.493670886075949,0.361111111111111,0.0353743830660905,0.667,0.76,"moderate","pitcher","fixed_linear_weights_v1","sabrhood_player_summary_v1",757,0.474240422721268,0.421400264200793,"2026-09-19","2026-09-20 14:10:26 UTC",23.9,506,"descriptive_run_prevention_not_award_prediction"
680730,"Mitchell Parker","Washington Nationals","L","2026-04-14","2026-06-28",178,159,46,31,5,1,9,13,0,2,34,0,80,129,54,11,52,33,36,8,56,87.5558139534884,10.7441860465116,11.8476687498109,178,0.289308176100629,0.350574712643678,0.50314465408805,0.853719366731728,0.213836477987421,0.191011235955056,0.0730337078651685,0.418604651162791,0.0852713178294574,0.403100775193798,0.255813953488372,0.27906976744186,0.434108527131783,0.365172413793103,0.0665599367966907,0.64,0.721,"moderate","pitcher","fixed_linear_weights_v1","sabrhood_player_summary_v1",664,0.503012048192771,0.501506024096386,"2026-09-19","2026-09-20 14:10:26 UTC",23.9,506,"descriptive_run_prevention_not_award_prediction"
664208,"Phil Maton","Chicago Cubs","R","2026-03-28","2026-07-19",136,111,34,23,4,2,5,16,0,5,31,3,57,84,36,10,35,30,16,3,34,87.3642857142857,8.09523809523809,7.53561971649231,136,0.306306306306306,0.407407407407407,0.513513513513513,0.920920920920921,0.207207207207207,0.227941176470588,0.117647058823529,0.428571428571429,0.119047619047619,0.416666666666667,0.357142857142857,0.19047619047619,0.404761904761905,0.392666666666667,0.0554089685036199,0.576,0.627,"moderate","pitcher","fixed_linear_weights_v1","sabrhood_player_summary_v1",546,0.470695970695971,0.518315018315018,"2026-09-19","2026-09-20 14:10:26 UTC",23.9,506,"descriptive_run_prevention_not_award_prediction"
621242,"Edwin Díaz","Los Angeles Dodgers","R","2026-03-27","2026-09-19",86,72,26,18,3,2,3,10,1,3,23,1,42,50,25,3,15,17,15,3,22,91.9061224489796,19.3877551020408,9.87268553494149,86,0.361111111111111,0.453488372093023,0.583333333333333,1.03682170542636,0.222222222222222,0.267441860465116,0.116279069767442,0.5,0.06,0.3,0.34,0.3,0.44,0.436235294117647,0.114798669010948,0.462,0.5,"developing","pitcher","fixed_linear_weights_v1","sabrhood_player_summary_v1",351,0.45014245014245,0.464387464387464,"2026-09-19","2026-09-20 14:10:26 UTC",23.8,509,"descriptive_run_prevention_not_award_prediction"
663362,"Matt Waldron","Washington Nationals","R","2026-04-17","2026-09-02",195,178,57,38,10,2,7,11,0,2,33,3,92,148,54,7,66,27,44,11,65,86.8081081081081,15.1013513513514,9.7695506913108,195,0.320224719101124,0.360824742268041,0.51685393258427,0.877678674852311,0.196629213483146,0.169230769230769,0.0564102564102564,0.364864864864865,0.0472972972972973,0.445945945945946,0.182432432432432,0.297297297297297,0.439189189189189,0.371443298969072,0.05010025995544,0.661,0.747,"moderate","pitcher","fixed_linear_weights_v1","sabrhood_player_summary_v1",690,0.495652173913044,0.507246376811594,"2026-09-19","2026-09-20 14:10:26 UTC",23.4,510,"descriptive_run_prevention_not_award_prediction"
808825,"Andrew Sears","Detroit Tigers","L","2026-08-23","2026-09-18",82,72,20,9,9,0,2,7,0,3,13,0,35,59,18,3,16,16,21,6,20,88.5423728813559,23.4067796610169,6.96676689880357,82,0.277777777777778,0.365853658536585,0.486111111111111,0.851964769647696,0.208333333333333,0.158536585365854,0.0853658536585366,0.305084745762712,0.0508474576271186,0.271186440677966,0.271186440677966,0.355932203389831,0.338983050847458,0.366951219512195,0.0849605719366289,0.451,0.541,"developing","pitcher","fixed_linear_weights_v1","sabrhood_player_summary_v1",323,0.461300309597523,0.436532507739938,"2026-09-19","2026-09-20 14:10:26 UTC",23.4,510,"descriptive_run_prevention_not_award_prediction"
607536,"Kyle Freeland","Colorado Rockies","L","2026-03-27","2026-09-15",575,538,161,91,38,5,27,28,0,6,104,3,290,436,188,42,178,111,129,18,202,89.9742528735632,13.7333333333333,28.9771174804113,575,0.299256505576208,0.339130434782609,0.539033457249071,0.878163892031679,0.239776951672862,0.180869565217391,0.048695652173913,0.431192660550459,0.0963302752293578,0.408256880733945,0.254587155963303,0.295871559633028,0.463302752293578,0.370278260869565,0.0503949869224545,0.852,0.897,"strong","pitcher","fixed_linear_weights_v1","sabrhood_player_summary_v1",2056,0.510700389105058,0.4965953307393,"2026-09-19","2026-09-20 14:10:26 UTC",23.2,512,"descriptive_run_prevention_not_award_prediction"
702885,"Cesar Perdomo","San Francisco Giants","L","2026-09-01","2026-09-18",84,76,22,17,2,0,3,7,0,0,12,1,33,64,30,4,27,14,19,4,32,89.103125,12.8125,-1.43875909955987,84,0.289473684210526,0.345238095238095,0.434210526315789,0.779448621553885,0.144736842105263,0.142857142857143,0.0833333333333333,0.46875,0.0625,0.421875,0.21875,0.296875,0.5,0.336904761904762,-0.0171280845185699,0.457,0.561,"developing","pitcher","fixed_linear_weights_v1","sabrhood_player_summary_v1",,,,"2026-09-19","2026-09-20 14:10:26 UTC",23.2,512,"descriptive_run_prevention_not_award_prediction"
641793,"Zack Littell","Arizona Diamondbacks","R","2026-03-31","2026-08-22",542,491,136,83,22,1,30,39,0,3,73,8,250,425,186,49,149,100,144,32,189,91.1164705882353,18.1552941176471,20.9928439036371,542,0.276985743380855,0.32902033271719,0.509164969450102,0.838185302167292,0.232179226069246,0.134686346863469,0.0719557195571956,0.437647058823529,0.115294117647059,0.350588235294118,0.235294117647059,0.338823529411765,0.444705882352941,0.353512014787431,0.0387321843240536,0.844,0.895,"strong","pitcher","fixed_linear_weights_v1","sabrhood_player_summary_v1",1977,0.501264542235711,0.493677288821447,"2026-09-19","2026-09-20 14:10:26 UTC",23,514,"descriptive_run_prevention_not_award_prediction"
676254,"Ryan Walker","San Francisco Giants","R","2026-03-27","2026-09-03",154,130,40,31,2,2,5,17,1,1,23,2,61,112,39,7,52,27,27,6,31,84.6675675675676,7.57657657657658,11.1889243612704,154,0.307692307692308,0.386666666666667,0.469230769230769,0.855897435897436,0.161538461538462,0.149350649350649,0.11038961038961,0.348214285714286,0.0625,0.464285714285714,0.241071428571429,0.241071428571429,0.276785714285714,0.367046979865772,0.0726553529952624,0.606,0.691,"moderate","pitcher","fixed_linear_weights_v1","sabrhood_player_summary_v1",609,0.428571428571429,0.499178981937603,"2026-09-19","2026-09-20 14:10:26 UTC",23,514,"descriptive_run_prevention_not_award_prediction"
685299,"Tanner Gordon","Colorado Rockies","R","2026-04-15","2026-09-17",446,419,136,79,34,4,19,18,0,2,84,4,235,342,145,36,115,89,121,17,146,89.8909090909091,18.3070175438597,12.4539711005215,446,0.324582338902148,0.352144469525959,0.560859188544153,0.913003658070112,0.236276849642005,0.188340807174888,0.0403587443946188,0.423976608187135,0.105263157894737,0.33625730994152,0.260233918128655,0.353801169590643,0.426900584795322,0.383679458239278,0.0279237020191066,0.817,0.872,"strong","pitcher","fixed_linear_weights_v1","sabrhood_player_summary_v1",1596,0.532581453634085,0.529448621553885,"2026-09-19","2026-09-20 14:10:26 UTC",22.9,516,"descriptive_run_prevention_not_award_prediction"
684049,"Brandan Bidois","Pittsburgh Pirates","R","2026-05-13","2026-06-30",80,64,19,13,1,0,5,12,0,1,20,2,35,47,22,6,12,10,21,4,21,89.6297872340426,20.8936170212766,7.86909804602287,80,0.296875,0.40506329113924,0.546875,0.95193829113924,0.25,0.25,0.15,0.468085106382979,0.127659574468085,0.25531914893617,0.212765957446809,0.446808510638298,0.446808510638298,0.401645569620253,0.0983637255752859,0.444,0.485,"developing","pitcher","fixed_linear_weights_v1","sabrhood_player_summary_v1",325,0.489230769230769,0.446153846153846,"2026-09-19","2026-09-20 14:10:26 UTC",22.6,517,"descriptive_run_prevention_not_award_prediction"
621381,"Matt Strahm","Kansas City Royals","L","2026-03-28","2026-08-01",161,145,38,19,7,0,12,14,1,2,30,0,81,115,45,13,32,20,51,12,49,89.5173913043478,24.4782608695652,12.9537518527418,161,0.262068965517241,0.335403726708075,0.558620689655172,0.894024416363247,0.296551724137931,0.186335403726708,0.0869565217391304,0.391304347826087,0.11304347826087,0.278260869565217,0.173913043478261,0.443478260869565,0.426086956521739,0.3745625,0.0804580860418748,0.617,0.697,"moderate","pitcher","fixed_linear_weights_v1","sabrhood_player_summary_v1",633,0.497630331753554,0.515007898894155,"2026-09-19","2026-09-20 14:10:26 UTC",22.5,518,"descriptive_run_prevention_not_award_prediction"
678020,"Seth Halvorsen","Los Angeles Dodgers","R","2026-04-23","2026-09-19",139,122,33,20,6,1,6,15,0,2,23,0,59,99,39,7,44,28,21,6,47,89.5989898989899,11.5252525252525,5.62290084904689,139,0.270491803278689,0.359712230215827,0.483606557377049,0.843318787592876,0.213114754098361,0.165467625899281,0.107913669064748,0.393939393939394,0.0707070707070707,0.444444444444444,0.282828282828283,0.212121212121212,0.474747474747475,0.36294964028777,0.0404525240938625,0.582,0.664,"moderate","pitcher","fixed_linear_weights_v1","sabrhood_player_summary_v1",522,0.482758620689655,0.446360153256705,"2026-09-19","2026-09-20 14:10:26 UTC",22.5,518,"descriptive_run_prevention_not_award_prediction"
669270,"Joel Kuhnel","San Francisco Giants","R","2026-04-07","2026-09-19",192,169,49,33,9,0,7,16,1,4,25,3,79,147,60,10,74,38,25,10,81,89.1737931034483,8.71034482758621,4.08979345130891,192,0.289940828402367,0.359375,0.467455621301775,0.826830621301775,0.177514792899408,0.130208333333333,0.0833333333333333,0.408163265306122,0.0680272108843537,0.503401360544218,0.258503401360544,0.170068027210884,0.551020408163265,0.353403141361256,0.0213010075589006,0.658,0.746,"moderate","pitcher","fixed_linear_weights_v1","sabrhood_player_summary_v1",708,0.463276836158192,0.470338983050847,"2026-09-19","2026-09-20 14:10:26 UTC",22.3,520,"descriptive_run_prevention_not_award_prediction"
608372,"Tomoyuki Sugano","Colorado Rockies","R","2026-03-30","2026-09-14",614,568,160,84,39,6,31,34,0,3,86,7,304,491,212,59,188,131,151,21,218,90.6207739307536,14.5539714867617,19.0351150602404,614,0.28169014084507,0.321895424836601,0.535211267605634,0.857106692442235,0.253521126760563,0.140065146579805,0.0553745928338762,0.431771894093686,0.120162932790224,0.382892057026477,0.266802443991853,0.307535641547862,0.443991853360489,0.358774509803922,0.0310018160590234,0.86,0.908,"strong","pitcher","fixed_linear_weights_v1","sabrhood_player_summary_v1",2360,0.471610169491525,0.471610169491525,"2026-09-19","2026-09-20 14:10:26 UTC",21.9,521,"descriptive_run_prevention_not_award_prediction"
571945,"Miles Mikolas","Washington Nationals","R","2026-03-28","2026-08-11",500,469,137,82,28,0,27,23,0,2,58,6,246,415,181,36,188,93,110,24,197,89.7863746958637,11.698296836983,21.9431340711655,500,0.292110874200426,0.324,0.524520255863539,0.848520255863539,0.232409381663113,0.116,0.046,0.436144578313253,0.0867469879518072,0.453012048192771,0.224096385542169,0.265060240963855,0.474698795180723,0.35692,0.043886268142331,0.833,0.892,"strong","pitcher","fixed_linear_weights_v1","sabrhood_player_summary_v1",1827,0.48440065681445,0.519430760810071,"2026-09-19","2026-09-20 14:10:26 UTC",21.5,522,"descriptive_run_prevention_not_award_prediction"
696131,"Mason Black","Kansas City Royals","R","2026-04-19","2026-08-26",142,119,30,21,3,0,6,20,0,2,19,1,51,101,47,10,34,28,31,8,39,91.3405940594059,17.2871287128713,4.29025237604136,142,0.252100840336134,0.366197183098592,0.428571428571429,0.79476861167002,0.176470588235294,0.133802816901408,0.140845070422535,0.465346534653465,0.099009900990099,0.336633663366337,0.277227722772277,0.306930693069307,0.386138613861386,0.348591549295775,0.0302130449016997,0.587,0.669,"moderate","pitcher","fixed_linear_weights_v1","sabrhood_player_summary_v1",556,0.41726618705036,0.487410071942446,"2026-09-19","2026-09-20 14:10:26 UTC",21.4,523,"descriptive_run_prevention_not_award_prediction"
663574,"Tony Santillan","Cincinnati Reds","R","2026-03-28","2026-09-17",190,156,40,25,4,0,11,27,1,2,36,2,77,125,57,17,43,27,48,7,53,89.920325203252,17.4065040650407,11.2259977044814,190,0.256410256410256,0.368983957219251,0.493589743589744,0.862573700808995,0.237179487179487,0.189473684210526,0.142105263157895,0.456,0.136,0.344,0.216,0.384,0.424,0.368010752688172,0.059084198444639,0.655,0.714,"moderate","pitcher","fixed_linear_weights_v1","sabrhood_player_summary_v1",698,0.438395415472779,0.455587392550143,"2026-09-19","2026-09-20 14:10:26 UTC",21.2,524,"descriptive_run_prevention_not_award_prediction"
641312,"Shaun Anderson","Los Angeles Angels","R","2026-03-30","2026-08-09",93,81,25,20,1,0,4,10,0,1,17,0,38,65,25,6,30,16,14,5,29,86.3230769230769,12.8461538461538,8.58966876456486,93,0.308641975308642,0.391304347826087,0.469135802469136,0.860440150295223,0.160493827160494,0.182795698924731,0.10752688172043,0.384615384615385,0.0923076923076923,0.461538461538462,0.246153846153846,0.215384615384615,0.446153846153846,0.375,0.0923620297265038,0.482,0.565,"developing","pitcher","fixed_linear_weights_v1","sabrhood_player_summary_v1",351,0.45014245014245,0.47008547008547,"2026-09-19","2026-09-20 14:10:26 UTC",21.2,524,"descriptive_run_prevention_not_award_prediction"
519141,"Drew Pomeranz","Chicago Cubs","L","2026-03-26","2026-07-19",131,115,32,21,4,0,7,12,0,2,17,1,57,100,37,9,28,22,32,18,33,87.8717171717172,26.3232323232323,8.74162329361207,131,0.278260869565217,0.353846153846154,0.495652173913044,0.849498327759197,0.217391304347826,0.129770992366412,0.0916030534351145,0.37,0.09,0.28,0.22,0.32,0.33,0.363307692307692,0.066729948806199,0.567,0.667,"moderate","pitcher","fixed_linear_weights_v1","sabrhood_player_summary_v1",478,0.497907949790795,0.497907949790795,"2026-09-19","2026-09-20 14:10:26 UTC",21.1,526,"descriptive_run_prevention_not_award_prediction"
680802,"Ryan Weiss","Houston Astros","R","2026-03-27","2026-05-04",131,111,35,24,2,1,8,20,0,0,30,0,63,81,40,11,27,25,22,7,35,90.258024691358,16.8271604938272,11.0150503491359,131,0.315315315315315,0.419847328244275,0.567567567567568,0.987414895811842,0.252252252252252,0.229007633587786,0.152671755725191,0.493827160493827,0.135802469135802,0.333333333333333,0.308641975308642,0.271604938271605,0.432098765432099,0.420152671755725,0.0840843538101974,0.567,0.618,"moderate","pitcher","fixed_linear_weights_v1","sabrhood_player_summary_v1",530,0.445283018867925,0.445283018867925,"2026-09-19","2026-09-20 14:10:26 UTC",20.9,527,"descriptive_run_prevention_not_award_prediction"
661563,"Luis Gil","New York Yankees","R","2026-04-10","2026-09-18",112,94,21,12,3,0,6,14,0,4,16,0,42,77,37,7,32,12,28,5,33,91.5350649350649,17.4675324675325,2.73654867599355,112,0.223404255319149,0.348214285714286,0.446808510638298,0.795022796352584,0.223404255319149,0.142857142857143,0.125,0.480519480519481,0.0909090909090909,0.415584415584416,0.155844155844156,0.363636363636364,0.428571428571429,0.347142857142857,0.0244334703213709,0.528,0.606,"moderate","pitcher","fixed_linear_weights_v1","sabrhood_player_summary_v1",440,0.420454545454545,0.454545454545455,"2026-09-19","2026-09-20 14:10:26 UTC",20.9,527,"descriptive_run_prevention_not_award_prediction"
640448,"Kyle Finnegan","Detroit Tigers","R","2026-03-27","2026-09-15",272,234,68,47,10,1,10,34,0,1,47,1,110,188,84,16,87,44,47,10,98,89.2196808510638,10.1063829787234,4.22646869083743,272,0.290598290598291,0.381481481481481,0.47008547008547,0.851566951566952,0.179487179487179,0.172794117647059,0.125,0.446808510638298,0.0851063829787234,0.462765957446808,0.234042553191489,0.25,0.521276595744681,0.368888888888889,0.0155384878339611,0.731,0.79,"strong","pitcher","fixed_linear_weights_v1","sabrhood_player_summary_v1",1062,0.474576271186441,0.468926553672316,"2026-09-19","2026-09-20 14:10:26 UTC",20.8,529,"descriptive_run_prevention_not_award_prediction"
668674,"Lucas Erceg","Kansas City Royals","R","2026-03-28","2026-09-18",214,178,54,37,12,0,5,27,0,6,32,2,81,148,56,7,76,37,22,13,60,85.8067567567568,7.98648648648649,17.0264539579203,214,0.303370786516854,0.408450704225352,0.455056179775281,0.863506884000633,0.151685393258427,0.149532710280374,0.126168224299065,0.378378378378378,0.0472972972972973,0.513513513513513,0.25,0.148648648648649,0.405405405405405,0.377652582159624,0.0795628689622446,0.682,0.747,"moderate","pitcher","fixed_linear_weights_v1","sabrhood_player_summary_v1",850,0.475294117647059,0.450588235294118,"2026-09-19","2026-09-20 14:10:26 UTC",20.7,530,"descriptive_run_prevention_not_award_prediction"
621366,"Ryan Borucki","San Francisco Giants","L","2026-03-27","2026-05-30",103,92,27,16,8,0,3,8,0,2,15,1,44,78,31,4,35,15,23,5,42,88.301282051282,14.1794871794872,3.93490585923781,103,0.293478260869565,0.359223300970874,0.478260869565217,0.837484170536091,0.184782608695652,0.145631067961165,0.0776699029126214,0.397435897435897,0.0512820512820513,0.448717948717949,0.192307692307692,0.294871794871795,0.538461538461538,0.359126213592233,0.0382029695071632,0.507,0.609,"moderate","pitcher","fixed_linear_weights_v1","sabrhood_player_summary_v1",380,0.494736842105263,0.471052631578947,"2026-09-19","2026-09-20 14:10:26 UTC",20.1,531,"descriptive_run_prevention_not_award_prediction"
690279,"Mason Adams","Colorado Rockies","R","2026-08-25","2026-09-16",101,87,26,16,3,1,6,12,0,1,23,1,49,65,36,7,24,17,22,2,29,92.2123076923077,14.7384615384615,0.904619833853028,101,0.298850574712644,0.386138613861386,0.563218390804598,0.949357004665984,0.264367816091954,0.227722772277228,0.118811881188119,0.553846153846154,0.107692307692308,0.369230769230769,0.261538461538462,0.338461538461538,0.446153846153846,0.40019801980198,0.00895663201834681,0.502,0.565,"moderate","pitcher","fixed_linear_weights_v1","sabrhood_player_summary_v1",388,0.463917525773196,0.489690721649485,"2026-09-19","2026-09-20 14:10:26 UTC",20,532,"descriptive_run_prevention_not_award_prediction"
668678,"Zac Gallen","Arizona Diamondbacks","R","2026-03-26","2026-09-18",469,426,128,85,19,5,19,35,1,4,64,3,214,366,160,38,162,91,100,13,188,90.4357142857143,11.510989010989,21.6477792544838,469,0.300469483568075,0.356837606837607,0.502347417840376,0.859185024677982,0.2018779342723,0.136460554371002,0.0746268656716418,0.437158469945355,0.103825136612022,0.442622950819672,0.248633879781421,0.273224043715847,0.513661202185792,0.365503211991435,0.046157311843249,0.824,0.88,"strong","pitcher","fixed_linear_weights_v1","sabrhood_player_summary_v1",1780,0.460674157303371,0.443820224719101,"2026-09-19","2026-09-20 14:10:26 UTC",19.9,533,"descriptive_run_prevention_not_award_prediction"
702474,"Mike Paredes","Minnesota Twins","R","2026-05-31","2026-07-21",154,134,36,23,5,2,6,13,0,3,19,2,63,118,60,8,46,31,35,6,63,91.1118644067797,15.7457627118644,2.27449261764902,154,0.26865671641791,0.342105263157895,0.470149253731343,0.812254516889238,0.201492537313433,0.123376623376623,0.0844155844155844,0.508474576271186,0.0677966101694915,0.389830508474576,0.26271186440678,0.296610169491525,0.533898305084746,0.347039473684211,0.0147694325821365,0.606,0.702,"moderate","pitcher","fixed_linear_weights_v1","sabrhood_player_summary_v1",551,0.497277676950998,0.490018148820327,"2026-09-19","2026-09-20 14:10:26 UTC",19.9,533,"descriptive_run_prevention_not_award_prediction"
608566,"Germán Márquez","San Diego Padres","R","2026-03-31","2026-08-04",237,209,55,30,11,0,14,24,0,2,37,2,108,173,76,19,67,35,58,13,76,88.3803468208093,16.1156069364162,7.78557507521779,237,0.263157894736842,0.341772151898734,0.516746411483254,0.858518563381988,0.253588516746412,0.156118143459916,0.10126582278481,0.439306358381503,0.109826589595376,0.38728323699422,0.202312138728324,0.335260115606936,0.439306358381503,0.363628691983122,0.032850527743535,0.703,0.776,"moderate","pitcher","fixed_linear_weights_v1","sabrhood_player_summary_v1",918,0.474945533769063,0.492374727668845,"2026-09-19","2026-09-20 14:10:26 UTC",19.6,535,"descriptive_run_prevention_not_award_prediction"
694346,"Trey Gibson","Baltimore Orioles","R","2026-05-03","2026-06-30",162,135,38,26,5,0,7,25,0,1,30,1,64,105,50,9,54,27,21,3,50,91.2086538461539,8.74038461538461,7.35372645530906,162,0.281481481481481,0.395061728395062,0.474074074074074,0.869135802469136,0.192592592592593,0.185185185185185,0.154320987654321,0.476190476190476,0.0857142857142857,0.514285714285714,0.257142857142857,0.2,0.476190476190476,0.377283950617284,0.0453933731809201,0.618,0.677,"moderate","pitcher","fixed_linear_weights_v1","sabrhood_player_summary_v1",619,0.411954765751212,0.453957996768982,"2026-09-19","2026-09-20 14:10:26 UTC",18.7,536,"descriptive_run_prevention_not_award_prediction"
687931,"Carson Whisenhunt","San Francisco Giants","L","2026-06-17","2026-08-24",164,140,41,28,7,1,5,21,0,1,26,2,65,116,52,9,39,32,39,6,58,90.9129310344828,16.3448275862069,7.75503402184525,164,0.292857142857143,0.384146341463415,0.464285714285714,0.848432055749129,0.171428571428571,0.158536585365854,0.128048780487805,0.448275862068966,0.0775862068965517,0.336206896551724,0.275862068965517,0.336206896551724,0.5,0.366707317073171,0.0472867928161296,0.621,0.699,"moderate","pitcher","fixed_linear_weights_v1","sabrhood_player_summary_v1",616,0.454545454545455,0.433441558441558,"2026-09-19","2026-09-20 14:10:26 UTC",18.2,537,"descriptive_run_prevention_not_award_prediction"
608337,"Lucas Giolito","San Diego Padres","R","2026-05-17","2026-06-21",138,114,32,25,3,0,4,23,0,1,18,0,47,96,42,4,30,32,23,11,43,89.2635416666667,19.25,3.63861401287196,138,0.280701754385965,0.405797101449275,0.412280701754386,0.818077803203661,0.131578947368421,0.130434782608696,0.166666666666667,0.4375,0.0416666666666667,0.3125,0.333333333333333,0.239583333333333,0.447916666666667,0.364855072463768,0.0263667682092171,0.58,0.658,"moderate","pitcher","fixed_linear_weights_v1","sabrhood_player_summary_v1",551,0.408348457350272,0.464609800362976,"2026-09-19","2026-09-20 14:10:26 UTC",18,538,"descriptive_run_prevention_not_award_prediction"
669920,"Jason Alexander","Houston Astros","R","2026-04-30","2026-05-26",84,75,21,11,3,3,4,8,0,1,14,0,42,61,23,6,27,13,17,4,34,87.1033333333333,12.9,9.77498777417009,84,0.28,0.357142857142857,0.56,0.917142857142857,0.28,0.166666666666667,0.0952380952380952,0.377049180327869,0.0983606557377049,0.442622950819672,0.213114754098361,0.278688524590164,0.557377049180328,0.385238095238095,0.116368902073453,0.457,0.55,"developing","pitcher","fixed_linear_weights_v1","sabrhood_player_summary_v1",,,,"2026-09-19","2026-09-20 14:10:26 UTC",17.7,539,"descriptive_run_prevention_not_award_prediction"
681402,"Gus Varland","Washington Nationals","R","2026-03-29","2026-07-28",150,132,43,23,12,1,7,14,0,0,30,3,78,106,53,15,30,32,34,10,50,91.872380952381,19.6095238095238,12.9852993439055,150,0.325757575757576,0.38255033557047,0.590909090909091,0.973459426479561,0.265151515151515,0.2,0.0933333333333333,0.5,0.141509433962264,0.283018867924528,0.30188679245283,0.320754716981132,0.471698113207547,0.405436241610738,0.0865686622927033,0.6,0.679,"moderate","pitcher","fixed_linear_weights_v1","sabrhood_player_summary_v1",565,0.499115044247788,0.502654867256637,"2026-09-19","2026-09-20 14:10:26 UTC",17.5,540,"descriptive_run_prevention_not_award_prediction"
671106,"Logan Allen","Cleveland Guardians","L","2026-05-25","2026-09-04",81,72,23,16,4,0,3,6,0,2,16,1,36,57,27,5,28,7,21,1,29,90.925,12.5178571428571,5.93864794184024,81,0.319444444444444,0.382716049382716,0.5,0.882716049382716,0.180555555555556,0.197530864197531,0.0740740740740741,0.473684210526316,0.087719298245614,0.491228070175439,0.12280701754386,0.368421052631579,0.508771929824561,0.378395061728395,0.0733166412572869,0.448,0.533,"developing","pitcher","fixed_linear_weights_v1","sabrhood_player_summary_v1",325,0.483076923076923,0.486153846153846,"2026-09-19","2026-09-20 14:10:26 UTC",17.4,541,"descriptive_run_prevention_not_award_prediction"
807743,"Sean Sullivan","Colorado Rockies","L","2026-06-12","2026-07-04",114,99,34,13,14,2,5,11,0,3,16,1,67,84,29,8,17,25,34,8,29,87.8845238095238,28.6309523809524,9.39801791271315,114,0.343434343434343,0.421052631578947,0.676767676767677,1.09782030834662,0.333333333333333,0.140350877192982,0.0964912280701754,0.345238095238095,0.0952380952380952,0.202380952380952,0.297619047619048,0.404761904761905,0.345238095238095,0.453684210526316,0.0824387536202908,0.533,0.627,"moderate","pitcher","fixed_linear_weights_v1","sabrhood_player_summary_v1",412,0.478155339805825,0.533980582524272,"2026-09-19","2026-09-20 14:10:26 UTC",16.8,542,"descriptive_run_prevention_not_award_prediction"
663765,"Jake Woodford","Chicago Cubs","R","2026-03-26","2026-08-03",126,115,40,30,4,2,4,7,0,0,23,3,60,96,47,8,37,30,25,4,36,90.8322916666667,12.8958333333333,11.368284253828,126,0.347826086956522,0.376,0.521739130434783,0.897739130434783,0.173913043478261,0.182539682539683,0.0555555555555556,0.489583333333333,0.0833333333333333,0.385416666666667,0.3125,0.260416666666667,0.375,0.3788,0.090224478204984,0.558,0.658,"moderate","pitcher","fixed_linear_weights_v1","sabrhood_player_summary_v1",457,0.459518599562363,0.49671772428884,"2026-09-19","2026-09-20 14:10:26 UTC",16.6,543,"descriptive_run_prevention_not_award_prediction"
592836,"Taijuan Walker","Philadelphia Phillies","R","2026-03-30","2026-04-22",116,103,36,22,5,1,8,11,0,1,17,1,67,86,31,11,34,19,29,4,29,87.5470588235294,13.3647058823529,13.9674581909869,116,0.349514563106796,0.413793103448276,0.650485436893204,1.06427854034148,0.300970873786408,0.146551724137931,0.0948275862068965,0.36046511627907,0.127906976744186,0.395348837209302,0.22093023255814,0.337209302325581,0.337209302325581,0.444051724137931,0.120409122336094,0.537,0.632,"moderate","pitcher","fixed_linear_weights_v1","sabrhood_player_summary_v1",424,0.450471698113208,0.464622641509434,"2026-09-19","2026-09-20 14:10:26 UTC",16.5,544,"descriptive_run_prevention_not_award_prediction"
696522,"Hayden Juenger","Athletics","R","2026-05-31","2026-08-24",81,67,24,17,6,1,0,8,0,1,6,3,32,65,23,5,19,22,17,7,25,87.5969230769231,19.6461538461538,9.46512593919775,81,0.358208955223881,0.417721518987342,0.477611940298507,0.895333459285849,0.119402985074627,0.0740740740740741,0.0987654320987654,0.353846153846154,0.0769230769230769,0.292307692307692,0.338461538461538,0.261538461538462,0.384615384615385,0.382278481012658,0.116853406656762,0.448,0.565,"developing","pitcher","fixed_linear_weights_v1","sabrhood_player_summary_v1",,,,"2026-09-19","2026-09-20 14:10:26 UTC",16.5,544,"descriptive_run_prevention_not_award_prediction"
547179,"Michael Lorenzen","Toronto Blue Jays","R","2026-03-28","2026-09-15",619,549,186,124,33,6,23,54,0,6,90,9,300,469,217,43,205,125,116,23,229,90.9775641025641,11.8418803418803,48.3818571034427,619,0.33879781420765,0.398058252427184,0.546448087431694,0.944506339858878,0.207650273224044,0.145395799676898,0.0872374798061389,0.462686567164179,0.0916844349680171,0.437100213219616,0.266524520255864,0.247334754797441,0.488272921108742,0.400016181229773,0.0781613200378718,0.861,0.904,"strong","pitcher","fixed_linear_weights_v1","sabrhood_player_summary_v1",2400,0.444583333333333,0.484583333333333,"2026-09-19","2026-09-20 14:10:26 UTC",16.3,546,"descriptive_run_prevention_not_award_prediction"
680573,"Simeon Woods Richardson","Toronto Blue Jays","R","2026-03-30","2026-08-27",305,263,79,49,19,0,11,37,0,2,40,2,131,224,99,19,87,52,64,21,89,88.9321428571429,17.5401785714286,20.9712217053074,305,0.300380228136882,0.388157894736842,0.498098859315589,0.886256754052431,0.197718631178707,0.131147540983607,0.121311475409836,0.441964285714286,0.0848214285714286,0.388392857142857,0.232142857142857,0.285714285714286,0.397321428571429,0.380789473684211,0.0687581039518276,0.753,0.818,"strong","pitcher","fixed_linear_weights_v1","sabrhood_player_summary_v1",1161,0.4229112833764,0.48062015503876,"2026-09-19","2026-09-20 14:10:26 UTC",16.2,547,"descriptive_run_prevention_not_award_prediction"
669212,"Eli Morgan","Kansas City Royals","R","2026-04-04","2026-07-18",91,80,24,16,3,0,5,9,0,2,16,0,42,64,27,4,21,23,13,7,33,88.9174603174603,19.5625,1.80218797054457,91,0.3,0.384615384615385,0.525,0.909615384615385,0.225,0.175824175824176,0.0989010989010989,0.421875,0.0625,0.328125,0.359375,0.203125,0.515625,0.39010989010989,0.0198042634125777,0.476,0.561,"developing","pitcher","fixed_linear_weights_v1","sabrhood_player_summary_v1",339,0.466076696165192,0.421828908554572,"2026-09-19","2026-09-20 14:10:26 UTC",16,548,"descriptive_run_prevention_not_award_prediction"
668820,"Max Kranick","Washington Nationals","R","2026-07-18","2026-09-02",94,79,27,15,7,1,4,13,0,1,11,0,48,69,24,5,22,20,18,9,35,86.5521739130435,19.7246376811594,8.39561117060398,94,0.341772151898734,0.440860215053763,0.607594936708861,1.04845515176262,0.265822784810127,0.117021276595745,0.138297872340426,0.347826086956522,0.072463768115942,0.318840579710145,0.289855072463768,0.260869565217391,0.507246376811594,0.442688172043011,0.0893150124532339,0.485,0.58,"developing","pitcher","fixed_linear_weights_v1","sabrhood_player_summary_v1",340,0.479411764705882,0.444117647058824,"2026-09-19","2026-09-20 14:10:26 UTC",15.6,549,"descriptive_run_prevention_not_award_prediction"
669724,"Brenan Hanifee","Detroit Tigers","R","2026-04-26","2026-08-06",93,85,24,15,4,0,5,6,0,1,10,0,43,75,34,6,46,11,16,2,36,89.0121621621622,2.36486486486486,2.01216295507293,93,0.282352941176471,0.33695652173913,0.505882352941176,0.842838874680307,0.223529411764706,0.10752688172043,0.0645161290322581,0.453333333333333,0.08,0.613333333333333,0.146666666666667,0.213333333333333,0.48,0.35945652173913,0.0216361608072358,0.482,0.6,"developing","pitcher","fixed_linear_weights_v1","sabrhood_player_summary_v1",321,0.454828660436137,0.529595015576324,"2026-09-19","2026-09-20 14:10:26 UTC",15.2,550,"descriptive_run_prevention_not_award_prediction"
675540,"Xzavion Curry","New York Mets","R","2026-07-08","2026-09-16",95,85,22,11,4,0,7,9,0,1,15,0,47,69,29,8,18,11,30,10,24,91.0797101449275,31.6666666666667,1.25631982200561,95,0.258823529411765,0.336842105263158,0.552941176470588,0.889783281733746,0.294117647058824,0.157894736842105,0.0947368421052632,0.420289855072464,0.115942028985507,0.260869565217391,0.159420289855072,0.434782608695652,0.347826086956522,0.375157894736842,0.0132244191790064,0.487,0.58,"developing","pitcher","fixed_linear_weights_v1","sabrhood_player_summary_v1",354,0.457627118644068,0.491525423728814,"2026-09-19","2026-09-20 14:10:26 UTC",15,551,"descriptive_run_prevention_not_award_prediction"
688297,"Chris Roycroft","Athletics","R","2026-03-26","2026-09-19",175,153,48,35,4,0,9,17,1,3,25,1,79,130,56,13,77,26,22,5,48,89.0203125,1.67441860465116,15.5151686088487,175,0.313725490196078,0.390804597701149,0.516339869281046,0.907144466982195,0.202614379084967,0.142857142857143,0.0971428571428571,0.430769230769231,0.1,0.592307692307692,0.2,0.169230769230769,0.369230769230769,0.38757225433526,0.0886581063362782,0.636,0.722,"moderate","pitcher","fixed_linear_weights_v1","sabrhood_player_summary_v1",633,0.477093206951027,0.516587677725118,"2026-09-19","2026-09-20 14:10:26 UTC",14.8,552,"descriptive_run_prevention_not_award_prediction"
671162,"Connor Thomas","Kansas City Royals","L","2026-07-07","2026-09-18",97,84,29,21,4,0,4,8,0,2,15,3,45,72,29,5,39,15,15,3,26,88.5666666666667,3.81944444444444,11.3768723147382,97,0.345238095238095,0.402061855670103,0.535714285714286,0.937776141384389,0.19047619047619,0.154639175257732,0.0824742268041237,0.402777777777778,0.0694444444444444,0.541666666666667,0.208333333333333,0.208333333333333,0.361111111111111,0.396288659793814,0.117287343450909,0.492,0.59,"developing","pitcher","fixed_linear_weights_v1","sabrhood_player_summary_v1",337,0.462908011869436,0.468842729970326,"2026-09-19","2026-09-20 14:10:26 UTC",14.6,553,"descriptive_run_prevention_not_award_prediction"
691769,"Philip Abner","San Francisco Giants","L","2026-04-30","2026-09-19",86,74,21,12,3,0,6,11,0,0,10,1,42,65,25,10,27,16,21,1,33,88.9353846153846,10.5538461538462,7.7841506692844,86,0.283783783783784,0.372093023255814,0.567567567567568,0.939660590823381,0.283783783783784,0.116279069767442,0.127906976744186,0.384615384615385,0.153846153846154,0.415384615384615,0.246153846153846,0.323076923076923,0.507692307692308,0.39453488372093,0.0905133798754,0.462,0.565,"developing","pitcher","fixed_linear_weights_v1","sabrhood_player_summary_v1",313,0.472843450479233,0.498402555910543,"2026-09-19","2026-09-20 14:10:26 UTC",13.9,554,"descriptive_run_prevention_not_award_prediction"
681151,"Jayden Murray","Chicago Cubs","R","2026-04-12","2026-06-26",79,69,25,15,7,0,3,9,0,0,14,1,41,56,24,8,15,16,24,1,28,91.4142857142857,20.8571428571429,7.93711970868352,79,0.36231884057971,0.430379746835443,0.594202898550725,1.02458264538617,0.231884057971014,0.177215189873418,0.113924050632911,0.428571428571429,0.142857142857143,0.267857142857143,0.285714285714286,0.428571428571429,0.5,0.431898734177215,0.100469869730171,0.441,0.528,"developing","pitcher","fixed_linear_weights_v1","sabrhood_player_summary_v1",307,0.488599348534202,0.472312703583062,"2026-09-19","2026-09-20 14:10:26 UTC",13.8,555,"descriptive_run_prevention_not_award_prediction"
684442,"Kohl Drake","Arizona Diamondbacks","L","2026-07-21","2026-08-28",95,82,24,11,7,1,5,7,0,4,17,2,48,67,33,12,20,18,25,4,25,89.744776119403,17.3582089552239,4.88484479870248,95,0.292682926829268,0.368421052631579,0.585365853658537,0.953786906290115,0.292682926829268,0.178947368421053,0.0736842105263158,0.492537313432836,0.17910447761194,0.298507462686567,0.26865671641791,0.373134328358209,0.373134328358209,0.396631578947368,0.0514194189337103,0.487,0.573,"developing","pitcher","fixed_linear_weights_v1","sabrhood_player_summary_v1",382,0.43979057591623,0.465968586387435,"2026-09-19","2026-09-20 14:10:26 UTC",13.7,556,"descriptive_run_prevention_not_award_prediction"
682995,"Hunter Barco","Pittsburgh Pirates","L","2026-03-28","2026-08-16",87,71,21,12,5,0,4,13,0,2,14,1,38,58,24,3,27,12,13,6,22,89.0607142857143,12.375,9.72984524967205,87,0.295774647887324,0.413793103448276,0.535211267605634,0.94900437105391,0.23943661971831,0.160919540229885,0.149425287356322,0.413793103448276,0.0517241379310345,0.46551724137931,0.206896551724138,0.224137931034483,0.379310344827586,0.404712643678161,0.111837301720368,0.465,0.537,"developing","pitcher","fixed_linear_weights_v1","sabrhood_player_summary_v1",351,0.384615384615385,0.444444444444444,"2026-09-19","2026-09-20 14:10:26 UTC",13.6,557,"descriptive_run_prevention_not_award_prediction"
687849,"Zak Kent","Washington Nationals","R","2026-04-01","2026-09-08",78,69,19,8,7,1,3,8,0,0,12,1,37,57,25,7,21,12,22,2,27,90.021052631579,15.4736842105263,6.27359540308253,78,0.27536231884058,0.346153846153846,0.536231884057971,0.882385730211817,0.260869565217391,0.153846153846154,0.102564102564103,0.43859649122807,0.12280701754386,0.368421052631579,0.210526315789474,0.385964912280702,0.473684210526316,0.369615384615385,0.0804307102959298,0.438,0.533,"developing","pitcher","fixed_linear_weights_v1","sabrhood_player_summary_v1",,,,"2026-09-19","2026-09-20 14:10:26 UTC",13.5,558,"descriptive_run_prevention_not_award_prediction"
623437,"Justin Topa","New York Yankees","R","2026-03-26","2026-08-29",108,92,31,23,4,0,4,12,0,2,15,2,47,79,34,6,43,15,18,3,28,90.0181818181818,8.15584415584416,6.56052319480847,108,0.33695652173913,0.416666666666667,0.510869565217391,0.927536231884058,0.173913043478261,0.138888888888889,0.111111111111111,0.430379746835443,0.0759493670886076,0.544303797468354,0.189873417721519,0.227848101265823,0.354430379746835,0.397777777777778,0.0607455851371155,0.519,0.612,"moderate","pitcher","fixed_linear_weights_v1","sabrhood_player_summary_v1",414,0.43719806763285,0.468599033816425,"2026-09-19","2026-09-20 14:10:26 UTC",12.3,559,"descriptive_run_prevention_not_award_prediction"
806960,"Luis Morales","Athletics","R","2026-03-29","2026-07-31",90,74,27,14,6,0,7,14,0,1,13,1,54,62,25,7,24,17,13,8,35,88.4967741935484,14.4838709677419,18.8059263928953,90,0.364864864864865,0.466666666666667,0.72972972972973,1.1963963963964,0.364864864864865,0.144444444444444,0.155555555555556,0.403225806451613,0.112903225806452,0.387096774193548,0.274193548387097,0.209677419354839,0.564516129032258,0.491222222222222,0.208954737698836,0.474,0.554,"developing","pitcher","fixed_linear_weights_v1","sabrhood_player_summary_v1",348,0.436781609195402,0.42816091954023,"2026-09-19","2026-09-20 14:10:26 UTC",11.7,560,"descriptive_run_prevention_not_award_prediction"
607481,"Aaron Bummer","Kansas City Royals","L","2026-03-28","2026-08-06",88,74,24,12,5,0,7,11,0,1,13,1,50,63,31,9,30,10,19,4,28,90.8285714285714,13.7777777777778,14.5202427208514,88,0.324324324324324,0.413793103448276,0.675675675675676,1.08946877912395,0.351351351351351,0.147727272727273,0.125,0.492063492063492,0.142857142857143,0.476190476190476,0.158730158730159,0.301587301587302,0.444444444444444,0.449885057471264,0.165002758191493,0.468,0.558,"developing","pitcher","fixed_linear_weights_v1","sabrhood_player_summary_v1",328,0.469512195121951,0.5,"2026-09-19","2026-09-20 14:10:26 UTC",8.9,561,"descriptive_run_prevention_not_award_prediction"
695034,"Kade Morris","Athletics","R","2026-06-06","2026-09-04",89,77,30,21,3,1,5,7,0,3,10,2,50,69,31,4,36,16,14,3,33,88.6205882352941,9.01449275362319,11.1105940159196,89,0.38961038961039,0.449438202247191,0.649350649350649,1.09878885159784,0.25974025974026,0.112359550561798,0.0786516853932584,0.449275362318841,0.0579710144927536,0.521739130434783,0.231884057971014,0.202898550724638,0.478260869565217,0.458426966292135,0.124838135010332,0.471,0.58,"developing","pitcher","fixed_linear_weights_v1","sabrhood_player_summary_v1",322,0.493788819875776,0.447204968944099,"2026-09-19","2026-09-20 14:10:26 UTC",8.4,562,"descriptive_run_prevention_not_award_prediction"
