"pitcher_id","pitcher_name","fielding_team","target_base","note_type","note","count_key","eligible_pitches","run_window_index","reliability","model_version","source_through","generated_at_utc"
"445276","Kenley Jansen","Detroit Tigers",2,"best_count_to_run","Best projected count window: 1-2. 9% offspeed and 30% breaking balls across 20 eligible pitches; reliability 40%.","1-2",20,79.5920832078058,0.4,"run_game_count_window_v1","2026-09-21","2026-09-22 14:30:35 UTC"
"453286","Max Scherzer","Toronto Blue Jays",2,"best_count_to_run","Best projected count window: 2-2. 17% offspeed and 39% breaking balls across 26 eligible pitches; reliability 46%.","2-2",26,116.496370199391,0.464285714285714,"run_game_count_window_v1","2026-09-21","2026-09-22 14:30:35 UTC"
"453286","Max Scherzer","Toronto Blue Jays",3,"best_count_to_run","Best projected count window: 3-2. 22% offspeed and 31% breaking balls across 18 eligible pitches; reliability 38%.","3-2",18,124.094159360027,0.375,"run_game_count_window_v1","2026-09-21","2026-09-22 14:30:35 UTC"
"476594","Robert Stock","New York Mets",2,"best_count_to_run","Best projected count window: 0-1. 11% offspeed and 28% breaking balls across 21 eligible pitches; reliability 41%.","0-1",21,83.3298544161802,0.411764705882353,"run_game_count_window_v1","2026-09-21","2026-09-22 14:30:35 UTC"
"489446","Kirby Yates","Los Angeles Angels",2,"best_count_to_run","Best projected count window: 1-2. 22% offspeed and 19% breaking balls across 18 eligible pitches; reliability 38%.","1-2",18,111.320218606855,0.375,"run_game_count_window_v1","2026-09-21","2026-09-22 14:30:35 UTC"
"500779","Jose Quintana","Colorado Rockies",2,"best_count_to_run","Best projected count window: 1-0. 24% offspeed and 31% breaking balls across 19 eligible pitches; reliability 39%.","1-0",19,129.413597729354,0.387755102040816,"run_game_count_window_v1","2026-09-21","2026-09-22 14:30:35 UTC"
"500779","Jose Quintana","Colorado Rockies",3,"best_count_to_run","Best projected count window: 1-1. 21% offspeed and 36% breaking balls across 15 eligible pitches; reliability 33%.","1-1",15,126.801777974575,0.333333333333333,"run_game_count_window_v1","2026-09-21","2026-09-22 14:30:35 UTC"
"518585","Fernando Cruz","New York Yankees",2,"best_count_to_run","Best projected count window: 0-2. 48% offspeed and 18% breaking balls across 19 eligible pitches; reliability 39%.","0-2",19,199.318586263709,0.387755102040816,"run_game_count_window_v1","2026-09-21","2026-09-22 14:30:35 UTC"
"518585","Fernando Cruz","New York Yankees",3,"best_count_to_run","Best projected count window: 1-1. 38% offspeed and 22% breaking balls across 26 eligible pitches; reliability 46%.","1-1",26,169.971257039215,0.464285714285714,"run_game_count_window_v1","2026-09-21","2026-09-22 14:30:35 UTC"
"518876","Merrill Kelly","Arizona Diamondbacks",2,"best_count_to_run","Best projected count window: 0-2. 32% offspeed and 21% breaking balls across 37 eligible pitches; reliability 55%.","0-2",37,146.928247621713,0.552238805970149,"run_game_count_window_v1","2026-09-21","2026-09-22 14:30:35 UTC"
"518876","Merrill Kelly","Arizona Diamondbacks",3,"best_count_to_run","Best projected count window: 2-2. 27% offspeed and 30% breaking balls across 31 eligible pitches; reliability 51%.","2-2",31,138.963918234612,0.508196721311475,"run_game_count_window_v1","2026-09-21","2026-09-22 14:30:35 UTC"
"519141","Drew Pomeranz","Los Angeles Angels",2,"best_count_to_run","Best projected count window: 1-2. 10% offspeed and 40% breaking balls across 15 eligible pitches; reliability 33%.","1-2",15,93.5237089168628,0.333333333333333,"run_game_count_window_v1","2026-09-21","2026-09-22 14:30:35 UTC"
"519242","Chris Sale","Atlanta Braves",2,"best_count_to_run","Best projected count window: 2-1. 26% offspeed and 25% breaking balls across 18 eligible pitches; reliability 38%.","2-1",18,131.095834693843,0.375,"run_game_count_window_v1","2026-09-21","2026-09-22 14:30:35 UTC"
"519242","Chris Sale","Atlanta Braves",3,"best_count_to_run","Best projected count window: 1-1. 19% offspeed and 28% breaking balls across 31 eligible pitches; reliability 51%.","1-1",31,109.987586032911,0.508196721311475,"run_game_count_window_v1","2026-09-21","2026-09-22 14:30:35 UTC"
"527048","Martín Pérez","Atlanta Braves",2,"best_count_to_run","Best projected count window: 0-2. 35% offspeed and 13% breaking balls across 37 eligible pitches; reliability 55%.","0-2",37,150.546338667945,0.552238805970149,"run_game_count_window_v1","2026-09-21","2026-09-22 14:30:35 UTC"
"527048","Martín Pérez","Atlanta Braves",3,"best_count_to_run","Best projected count window: 1-2. 34% offspeed and 20% breaking balls across 25 eligible pitches; reliability 45%.","1-2",25,152.757071551011,0.454545454545455,"run_game_count_window_v1","2026-09-21","2026-09-22 14:30:35 UTC"
"542888","Shawn Armstrong","Cleveland Guardians",2,"best_count_to_run","Best projected count window: 1-1. 9% offspeed and 32% breaking balls across 20 eligible pitches; reliability 40%.","1-1",20,81.8829931449127,0.4,"run_game_count_window_v1","2026-09-21","2026-09-22 14:30:35 UTC"
"542888","Shawn Armstrong","Cleveland Guardians",3,"best_count_to_run","Best projected count window: 0-1. 10% offspeed and 31% breaking balls across 15 eligible pitches; reliability 33%.","0-1",15,84.1936254214144,0.333333333333333,"run_game_count_window_v1","2026-09-21","2026-09-22 14:30:35 UTC"
"543037","Gerrit Cole","New York Yankees",2,"best_count_to_run","Best projected count window: 1-1. 18% offspeed and 30% breaking balls across 46 eligible pitches; reliability 61%.","1-1",46,108.602788913509,0.605263157894737,"run_game_count_window_v1","2026-09-21","2026-09-22 14:30:35 UTC"
"543037","Gerrit Cole","New York Yankees",3,"best_count_to_run","Best projected count window: 1-1. 19% offspeed and 26% breaking balls across 21 eligible pitches; reliability 41%.","1-1",21,106.525740505613,0.411764705882353,"run_game_count_window_v1","2026-09-21","2026-09-22 14:30:35 UTC"
"543056","Danny Coulombe","Boston Red Sox",2,"best_count_to_run","Best projected count window: 3-2. 10% offspeed and 26% breaking balls across 16 eligible pitches; reliability 35%.","3-2",16,79.5811405423186,0.347826086956522,"run_game_count_window_v1","2026-09-21","2026-09-22 14:30:35 UTC"
"543135","Nathan Eovaldi","Texas Rangers",2,"best_count_to_run","Best projected count window: 2-2. 39% offspeed and 21% breaking balls across 45 eligible pitches; reliability 60%.","2-2",45,171.899883338298,0.6,"run_game_count_window_v1","2026-09-21","2026-09-22 14:30:35 UTC"
"543135","Nathan Eovaldi","Texas Rangers",3,"best_count_to_run","Best projected count window: 0-1. 33% offspeed and 28% breaking balls across 45 eligible pitches; reliability 60%.","0-1",45,156.711432250269,0.6,"run_game_count_window_v1","2026-09-21","2026-09-22 14:30:35 UTC"
"543243","Sonny Gray","Boston Red Sox",2,"best_count_to_run","Best projected count window: 1-2. 10% offspeed and 48% breaking balls across 57 eligible pitches; reliability 66%.","1-2",57,101.27278482343,0.655172413793103,"run_game_count_window_v1","2026-09-21","2026-09-22 14:30:35 UTC"
"543243","Sonny Gray","Boston Red Sox",3,"best_count_to_run","Best projected count window: 0-2. 11% offspeed and 41% breaking balls across 21 eligible pitches; reliability 41%.","0-2",21,97.7864855909514,0.411764705882353,"run_game_count_window_v1","2026-09-21","2026-09-22 14:30:35 UTC"
"544150","Albert Suárez","Baltimore Orioles",2,"best_count_to_run","Best projected count window: 2-1. 23% offspeed and 22% breaking balls across 15 eligible pitches; reliability 33%.","2-1",15,119.938571465798,0.333333333333333,"run_game_count_window_v1","2026-09-21","2026-09-22 14:30:35 UTC"
"544150","Albert Suárez","Baltimore Orioles",3,"best_count_to_run","Best projected count window: 1-1. 22% offspeed and 21% breaking balls across 23 eligible pitches; reliability 43%.","1-1",23,113.000247223654,0.433962264150943,"run_game_count_window_v1","2026-09-21","2026-09-22 14:30:35 UTC"
"547179","Michael Lorenzen","Colorado Rockies",2,"best_count_to_run","Best projected count window: 1-2. 30% offspeed and 27% breaking balls across 53 eligible pitches; reliability 64%.","1-2",53,144.332272942656,0.63855421686747,"run_game_count_window_v1","2026-09-21","2026-09-22 14:30:35 UTC"
"547179","Michael Lorenzen","Colorado Rockies",3,"best_count_to_run","Best projected count window: 1-2. 25% offspeed and 25% breaking balls across 35 eligible pitches; reliability 54%.","1-2",35,128.646375533264,0.538461538461538,"run_game_count_window_v1","2026-09-21","2026-09-22 14:30:35 UTC"
"547973","Aroldis Chapman","Boston Red Sox",2,"best_count_to_run","Best projected count window: 1-2. 16% offspeed and 24% breaking balls across 29 eligible pitches; reliability 49%.","1-2",29,95.8548850344569,0.491525423728814,"run_game_count_window_v1","2026-09-21","2026-09-22 14:30:35 UTC"
"547973","Aroldis Chapman","Boston Red Sox",3,"best_count_to_run","Best projected count window: 1-2. 22% offspeed and 26% breaking balls across 17 eligible pitches; reliability 36%.","1-2",17,118.555460575414,0.361702127659574,"run_game_count_window_v1","2026-09-21","2026-09-22 14:30:35 UTC"
"548384","Brooks Raley","New York Mets",2,"best_count_to_run","Best projected count window: 0-2. 21% offspeed and 31% breaking balls across 16 eligible pitches; reliability 35%.","0-2",16,120.057141993753,0.347826086956522,"run_game_count_window_v1","2026-09-21","2026-09-22 14:30:35 UTC"
"548384","Brooks Raley","New York Mets",3,"best_count_to_run","Best projected count window: 0-1. 12% offspeed and 31% breaking balls across 16 eligible pitches; reliability 35%.","0-1",16,91.1036254711279,0.347826086956522,"run_game_count_window_v1","2026-09-21","2026-09-22 14:30:35 UTC"
"552640","Andrew Kittredge","Baltimore Orioles",2,"best_count_to_run","Best projected count window: 2-2. 10% offspeed and 40% breaking balls across 15 eligible pitches; reliability 33%.","2-2",15,92.9354777802858,0.333333333333333,"run_game_count_window_v1","2026-09-21","2026-09-22 14:30:35 UTC"
"552640","Andrew Kittredge","Baltimore Orioles",3,"best_count_to_run","Best projected count window: 2-2. 10% offspeed and 45% breaking balls across 15 eligible pitches; reliability 33%.","2-2",15,97.408505295786,0.333333333333333,"run_game_count_window_v1","2026-09-21","2026-09-22 14:30:35 UTC"
"554430","Zack Wheeler","Philadelphia Phillies",2,"best_count_to_run","Best projected count window: 2-2. 18% offspeed and 31% breaking balls across 40 eligible pitches; reliability 57%.","2-2",40,110.725815643874,0.571428571428571,"run_game_count_window_v1","2026-09-21","2026-09-22 14:30:35 UTC"
"554430","Zack Wheeler","Philadelphia Phillies",3,"best_count_to_run","Best projected count window: 2-2. 24% offspeed and 28% breaking balls across 30 eligible pitches; reliability 50%.","2-2",30,128.56272527735,0.5,"run_game_count_window_v1","2026-09-21","2026-09-22 14:30:35 UTC"
"571510","Matthew Boyd","Chicago Cubs",2,"best_count_to_run","Best projected count window: 1-2. 31% offspeed and 27% breaking balls across 45 eligible pitches; reliability 60%.","1-2",45,151.753881983928,0.6,"run_game_count_window_v1","2026-09-21","2026-09-22 14:30:35 UTC"
"571510","Matthew Boyd","Chicago Cubs",3,"best_count_to_run","Best projected count window: 1-0. 20% offspeed and 43% breaking balls across 23 eligible pitches; reliability 43%.","1-0",23,130.928333041375,0.433962264150943,"run_game_count_window_v1","2026-09-21","2026-09-22 14:30:35 UTC"
"571578","Patrick Corbin","Toronto Blue Jays",2,"best_count_to_run","Best projected count window: 2-2. 19% offspeed and 36% breaking balls across 32 eligible pitches; reliability 52%.","2-2",32,118.44372499595,0.516129032258065,"run_game_count_window_v1","2026-09-21","2026-09-22 14:30:35 UTC"
"571578","Patrick Corbin","Toronto Blue Jays",3,"best_count_to_run","Best projected count window: 1-1. 20% offspeed and 33% breaking balls across 24 eligible pitches; reliability 44%.","1-1",24,119.383866768824,0.444444444444444,"run_game_count_window_v1","2026-09-21","2026-09-22 14:30:35 UTC"
"571927","Steven Matz","Tampa Bay Rays",2,"best_count_to_run","Best projected count window: 0-2. 33% offspeed and 25% breaking balls across 23 eligible pitches; reliability 43%.","0-2",23,154.735235565162,0.433962264150943,"run_game_count_window_v1","2026-09-21","2026-09-22 14:30:35 UTC"
"571927","Steven Matz","Tampa Bay Rays",3,"best_count_to_run","Best projected count window: 1-1. 24% offspeed and 25% breaking balls across 23 eligible pitches; reliability 43%.","1-1",23,123.01889383424,0.433962264150943,"run_game_count_window_v1","2026-09-21","2026-09-22 14:30:35 UTC"
"571945","Miles Mikolas","Washington Nationals",2,"best_count_to_run","Best projected count window: 2-2. 14% offspeed and 37% breaking balls across 37 eligible pitches; reliability 55%.","2-2",37,104.979736437317,0.552238805970149,"run_game_count_window_v1","2026-09-21","2026-09-22 14:30:35 UTC"
"571945","Miles Mikolas","Washington Nationals",3,"best_count_to_run","Best projected count window: 1-2. 22% offspeed and 36% breaking balls across 31 eligible pitches; reliability 51%.","1-2",31,130.091048038447,0.508196721311475,"run_game_count_window_v1","2026-09-21","2026-09-22 14:30:35 UTC"
"571948","Hoby Milner","Chicago Cubs",2,"best_count_to_run","Best projected count window: 0-1. 21% offspeed and 26% breaking balls across 24 eligible pitches; reliability 44%.","0-1",24,117.854530943889,0.444444444444444,"run_game_count_window_v1","2026-09-21","2026-09-22 14:30:35 UTC"
"572955","Pierce Johnson","Cincinnati Reds",2,"best_count_to_run","Best projected count window: 1-1. 9% offspeed and 48% breaking balls across 20 eligible pitches; reliability 40%.","1-1",20,97.9037916875362,0.4,"run_game_count_window_v1","2026-09-21","2026-09-22 14:30:35 UTC"
"572955","Pierce Johnson","Cincinnati Reds",3,"best_count_to_run","Best projected count window: 0-1. 8% offspeed and 49% breaking balls across 29 eligible pitches; reliability 49%.","0-1",29,94.2545421763152,0.491525423728814,"run_game_count_window_v1","2026-09-21","2026-09-22 14:30:35 UTC"
"573009","Joe Mantiply","Toronto Blue Jays",2,"best_count_to_run","Best projected count window: 0-1. 18% offspeed and 32% breaking balls across 17 eligible pitches; reliability 36%.","0-1",17,113.281619861349,0.361702127659574,"run_game_count_window_v1","2026-09-21","2026-09-22 14:30:35 UTC"
"573124","Taylor Rogers","Minnesota Twins",2,"best_count_to_run","Best projected count window: 0-2. 9% offspeed and 47% breaking balls across 21 eligible pitches; reliability 41%.","0-2",21,98.260975070008,0.411764705882353,"run_game_count_window_v1","2026-09-21","2026-09-22 14:30:35 UTC"
"573124","Taylor Rogers","Minnesota Twins",3,"best_count_to_run","Best projected count window: 1-0. 8% offspeed and 44% breaking balls across 25 eligible pitches; reliability 45%.","1-0",25,92.3389777302988,0.454545454545455,"run_game_count_window_v1","2026-09-21","2026-09-22 14:30:35 UTC"
"573204","Caleb Thielbar","Chicago Cubs",2,"best_count_to_run","Best projected count window: 1-0. 10% offspeed and 46% breaking balls across 16 eligible pitches; reliability 35%.","1-0",16,99.2574011646865,0.347826086956522,"run_game_count_window_v1","2026-09-21","2026-09-22 14:30:35 UTC"
"573204","Caleb Thielbar","Chicago Cubs",3,"best_count_to_run","Best projected count window: 0-1. 9% offspeed and 39% breaking balls across 19 eligible pitches; reliability 39%.","0-1",19,89.9767192861622,0.387755102040816,"run_game_count_window_v1","2026-09-21","2026-09-22 14:30:35 UTC"
"579328","Yusei Kikuchi","Los Angeles Angels",2,"best_count_to_run","Best projected count window: 0-1. 20% offspeed and 42% breaking balls across 41 eligible pitches; reliability 58%.","0-1",41,130.148920789303,0.577464788732394,"run_game_count_window_v1","2026-09-21","2026-09-22 14:30:35 UTC"
"579328","Yusei Kikuchi","Los Angeles Angels",3,"best_count_to_run","Best projected count window: 1-0. 17% offspeed and 38% breaking balls across 26 eligible pitches; reliability 46%.","1-0",26,113.814635828049,0.464285714285714,"run_game_count_window_v1","2026-09-21","2026-09-22 14:30:35 UTC"
"592155","Cam Booser","Tampa Bay Rays",2,"best_count_to_run","Best projected count window: 0-2. 12% offspeed and 26% breaking balls across 17 eligible pitches; reliability 36%.","0-2",17,84.3661923523315,0.361702127659574,"run_game_count_window_v1","2026-09-21","2026-09-22 14:30:35 UTC"
"592332","Kevin Gausman","Toronto Blue Jays",2,"best_count_to_run","Best projected count window: 1-2. 36% offspeed and 15% breaking balls across 65 eligible pitches; reliability 68%.","1-2",65,154.81335446824,0.684210526315789,"run_game_count_window_v1","2026-09-21","2026-09-22 14:30:35 UTC"
"592332","Kevin Gausman","Toronto Blue Jays",3,"best_count_to_run","Best projected count window: 0-2. 36% offspeed and 19% breaking balls across 22 eligible pitches; reliability 42%.","0-2",22,157.248699807662,0.423076923076923,"run_game_count_window_v1","2026-09-21","2026-09-22 14:30:35 UTC"
"592662","Robbie Ray","San Diego Padres",2,"best_count_to_run","Best projected count window: 2-2. 26% offspeed and 31% breaking balls across 15 eligible pitches; reliability 33%.","2-2",15,136.389071236323,0.333333333333333,"run_game_count_window_v1","2026-09-21","2026-09-22 14:30:35 UTC"
"592662","Robbie Ray","San Francisco Giants",3,"best_count_to_run","Best projected count window: 1-0. 23% offspeed and 36% breaking balls across 28 eligible pitches; reliability 48%.","1-0",28,133.803022697234,0.482758620689655,"run_game_count_window_v1","2026-09-21","2026-09-22 14:30:35 UTC"
"592773","Ryne Stanek","St. Louis Cardinals",2,"best_count_to_run","Best projected count window: 2-1. 23% offspeed and 29% breaking balls across 15 eligible pitches; reliability 33%.","2-1",15,125.546979844187,0.333333333333333,"run_game_count_window_v1","2026-09-21","2026-09-22 14:30:35 UTC"
"592773","Ryne Stanek","St. Louis Cardinals",3,"best_count_to_run","Best projected count window: 1-1. 22% offspeed and 28% breaking balls across 17 eligible pitches; reliability 36%.","1-1",17,120.862755381324,0.361702127659574,"run_game_count_window_v1","2026-09-21","2026-09-22 14:30:35 UTC"
"592791","Jameson Taillon","Chicago Cubs",2,"best_count_to_run","Best projected count window: 1-2. 23% offspeed and 29% breaking balls across 15 eligible pitches; reliability 33%.","1-2",15,127.031959642514,0.333333333333333,"run_game_count_window_v1","2026-09-21","2026-09-22 14:30:35 UTC"
"592791","Jameson Taillon","Chicago Cubs",3,"best_count_to_run","Best projected count window: 1-1. 15% offspeed and 28% breaking balls across 20 eligible pitches; reliability 40%.","1-1",20,98.2688197294911,0.4,"run_game_count_window_v1","2026-09-21","2026-09-22 14:30:35 UTC"
"592836","Taijuan Walker","Philadelphia Phillies",2,"best_count_to_run","Best projected count window: 1-0. 19% offspeed and 33% breaking balls across 15 eligible pitches; reliability 33%.","1-0",15,117.158321173555,0.333333333333333,"run_game_count_window_v1","2026-09-21","2026-09-22 14:30:35 UTC"
"592866","Trevor Williams","Washington Nationals",2,"best_count_to_run","Best projected count window: 1-2. 12% offspeed and 39% breaking balls across 16 eligible pitches; reliability 35%.","1-2",16,100.321824403014,0.347826086956522,"run_game_count_window_v1","2026-09-21","2026-09-22 14:30:35 UTC"
"593958","Eduardo Rodriguez","Arizona Diamondbacks",2,"best_count_to_run","Best projected count window: 3-2. 25% offspeed and 15% breaking balls across 36 eligible pitches; reliability 55%.","3-2",36,117.796408213663,0.545454545454545,"run_game_count_window_v1","2026-09-21","2026-09-22 14:30:35 UTC"
"593958","Eduardo Rodriguez","Arizona Diamondbacks",3,"best_count_to_run","Best projected count window: 2-1. 29% offspeed and 24% breaking balls across 21 eligible pitches; reliability 41%.","2-1",21,138.199116023079,0.411764705882353,"run_game_count_window_v1","2026-09-21","2026-09-22 14:30:35 UTC"
"593974","Wandy Peralta","San Diego Padres",2,"best_count_to_run","Best projected count window: 1-2. 34% offspeed and 19% breaking balls across 37 eligible pitches; reliability 55%.","1-2",37,149.76998274255,0.552238805970149,"run_game_count_window_v1","2026-09-21","2026-09-22 14:30:35 UTC"
"593974","Wandy Peralta","San Diego Padres",3,"best_count_to_run","Best projected count window: 1-1. 30% offspeed and 22% breaking balls across 21 eligible pitches; reliability 41%.","1-1",21,141.522048980715,0.411764705882353,"run_game_count_window_v1","2026-09-21","2026-09-22 14:30:35 UTC"
"594027","Tyron Guerrero","Boston Red Sox",2,"best_count_to_run","Best projected count window: 1-2. 15% offspeed and 27% breaking balls across 15 eligible pitches; reliability 33%.","1-2",15,92.9068816454025,0.333333333333333,"run_game_count_window_v1","2026-09-21","2026-09-22 14:30:35 UTC"
"594027","Tyron Guerrero","Boston Red Sox",3,"best_count_to_run","Best projected count window: 1-2. 11% offspeed and 20% breaking balls across 19 eligible pitches; reliability 39%.","1-2",19,75.6457554785496,0.387755102040816,"run_game_count_window_v1","2026-09-21","2026-09-22 14:30:35 UTC"
"594580","Sam Moll","Cincinnati Reds",2,"best_count_to_run","Best projected count window: 1-1. 28% offspeed and 27% breaking balls across 37 eligible pitches; reliability 55%.","1-1",37,138.854739504578,0.552238805970149,"run_game_count_window_v1","2026-09-21","2026-09-22 14:30:35 UTC"
"594580","Sam Moll","Cincinnati Reds",3,"best_count_to_run","Best projected count window: 1-2. 17% offspeed and 43% breaking balls across 19 eligible pitches; reliability 39%.","1-2",19,121.464307033447,0.387755102040816,"run_game_count_window_v1","2026-09-21","2026-09-22 14:30:35 UTC"
"594798","Jacob deGrom","Texas Rangers",2,"best_count_to_run","Best projected count window: 1-2. 21% offspeed and 42% breaking balls across 66 eligible pitches; reliability 69%.","1-2",66,131.528728218723,0.6875,"run_game_count_window_v1","2026-09-21","2026-09-22 14:30:35 UTC"
"594798","Jacob deGrom","Texas Rangers",3,"best_count_to_run","Best projected count window: 1-0. 24% offspeed and 39% breaking balls across 19 eligible pitches; reliability 39%.","1-0",19,136.215281229633,0.387755102040816,"run_game_count_window_v1","2026-09-21","2026-09-22 14:30:35 UTC"
"595014","Blake Treinen","Los Angeles Dodgers",2,"best_count_to_run","Best projected count window: 2-2. 10% offspeed and 38% breaking balls across 15 eligible pitches; reliability 33%.","2-2",15,91.1562102776716,0.333333333333333,"run_game_count_window_v1","2026-09-21","2026-09-22 14:30:35 UTC"
"595014","Blake Treinen","Los Angeles Dodgers",3,"best_count_to_run","Best projected count window: 0-2. 10% offspeed and 36% breaking balls across 17 eligible pitches; reliability 36%.","0-2",17,88.0797054414179,0.361702127659574,"run_game_count_window_v1","2026-09-21","2026-09-22 14:30:35 UTC"
"595345","Steven Okert","Houston Astros",2,"best_count_to_run","Best projected count window: 1-1. 9% offspeed and 42% breaking balls across 18 eligible pitches; reliability 38%.","1-1",18,93.8583732482218,0.375,"run_game_count_window_v1","2026-09-21","2026-09-22 14:30:35 UTC"
"595345","Steven Okert","Houston Astros",3,"best_count_to_run","Best projected count window: 1-0. 8% offspeed and 54% breaking balls across 24 eligible pitches; reliability 44%.","1-0",24,102.739964445765,0.444444444444444,"run_game_count_window_v1","2026-09-21","2026-09-22 14:30:35 UTC"
"596001","Jakob Junis","Texas Rangers",2,"best_count_to_run","Best projected count window: 1-1. 20% offspeed and 35% breaking balls across 24 eligible pitches; reliability 44%.","1-1",24,120.032518338027,0.444444444444444,"run_game_count_window_v1","2026-09-21","2026-09-22 14:30:35 UTC"
"596001","Jakob Junis","Texas Rangers",3,"best_count_to_run","Best projected count window: 0-1. 17% offspeed and 34% breaking balls across 20 eligible pitches; reliability 40%.","0-1",20,110.932552605409,0.4,"run_game_count_window_v1","2026-09-21","2026-09-22 14:30:35 UTC"
"596133","Luke Weaver","New York Mets",2,"best_count_to_run","Best projected count window: 0-2. 29% offspeed and 19% breaking balls across 17 eligible pitches; reliability 36%.","0-2",17,133.823169246588,0.361702127659574,"run_game_count_window_v1","2026-09-21","2026-09-22 14:30:35 UTC"
"605130","Scott Barlow","Athletics",3,"best_count_to_run","Best projected count window: 1-2. 10% offspeed and 55% breaking balls across 17 eligible pitches; reliability 36%.","1-2",17,110.151519807,0.361702127659574,"run_game_count_window_v1","2026-09-21","2026-09-22 14:30:35 UTC"
"605135","Chris Bassitt","Baltimore Orioles",2,"best_count_to_run","Best projected count window: 0-2. 14% offspeed and 35% breaking balls across 30 eligible pitches; reliability 50%.","0-2",30,103.779785168125,0.5,"run_game_count_window_v1","2026-09-21","2026-09-22 14:30:35 UTC"
"605135","Chris Bassitt","Baltimore Orioles",3,"best_count_to_run","Best projected count window: 1-1. 10% offspeed and 43% breaking balls across 26 eligible pitches; reliability 46%.","1-1",26,98.0571525184341,0.464285714285714,"run_game_count_window_v1","2026-09-21","2026-09-22 14:30:35 UTC"
"605280","Clay Holmes","New York Mets",2,"best_count_to_run","Best projected count window: 0-2. 16% offspeed and 41% breaking balls across 17 eligible pitches; reliability 36%.","0-2",17,114.152829636801,0.361702127659574,"run_game_count_window_v1","2026-09-21","2026-09-22 14:30:35 UTC"
"605280","Clay Holmes","New York Mets",3,"best_count_to_run","Best projected count window: 1-2. 18% offspeed and 40% breaking balls across 18 eligible pitches; reliability 38%.","1-2",18,118.890024201469,0.375,"run_game_count_window_v1","2026-09-21","2026-09-22 14:30:35 UTC"
"605288","Adrian Houser","San Francisco Giants",2,"best_count_to_run","Best projected count window: 2-2. 19% offspeed and 29% breaking balls across 15 eligible pitches; reliability 33%.","2-2",15,111.554452668388,0.333333333333333,"run_game_count_window_v1","2026-09-21","2026-09-22 14:30:35 UTC"
"605288","Adrian Houser","San Francisco Giants",3,"best_count_to_run","Best projected count window: 2-1. 22% offspeed and 21% breaking balls across 18 eligible pitches; reliability 38%.","2-1",18,112.858706003462,0.375,"run_game_count_window_v1","2026-09-21","2026-09-22 14:30:35 UTC"
"605400","Aaron Nola","Philadelphia Phillies",2,"best_count_to_run","Best projected count window: 1-0. 24% offspeed and 26% breaking balls across 65 eligible pitches; reliability 68%.","1-0",65,125.338600417488,0.684210526315789,"run_game_count_window_v1","2026-09-21","2026-09-22 14:30:35 UTC"
"605400","Aaron Nola","Philadelphia Phillies",3,"best_count_to_run","Best projected count window: 1-0. 22% offspeed and 37% breaking balls across 32 eligible pitches; reliability 52%.","1-0",32,130.454293277497,0.516129032258065,"run_game_count_window_v1","2026-09-21","2026-09-22 14:30:35 UTC"
"605447","Jordan Romano","Colorado Rockies",2,"best_count_to_run","Best projected count window: 1-2. 10% offspeed and 50% breaking balls across 16 eligible pitches; reliability 35%.","1-2",16,103.250325033026,0.347826086956522,"run_game_count_window_v1","2026-09-21","2026-09-22 14:30:35 UTC"
"605483","Blake Snell","Los Angeles Dodgers",2,"best_count_to_run","Best projected count window: 0-1. 22% offspeed and 25% breaking balls across 23 eligible pitches; reliability 43%.","0-1",23,116.212403569672,0.433962264150943,"run_game_count_window_v1","2026-09-21","2026-09-22 14:30:35 UTC"
"605488","Jeffrey Springs","Athletics",2,"best_count_to_run","Best projected count window: 1-1. 24% offspeed and 35% breaking balls across 59 eligible pitches; reliability 66%.","1-1",59,135.606477697849,0.662921348314607,"run_game_count_window_v1","2026-09-21","2026-09-22 14:30:35 UTC"
"605488","Jeffrey Springs","Athletics",3,"best_count_to_run","Best projected count window: 1-1. 31% offspeed and 22% breaking balls across 34 eligible pitches; reliability 53%.","1-1",34,143.717464278723,0.53125,"run_game_count_window_v1","2026-09-21","2026-09-22 14:30:35 UTC"
"605540","Brandon Woodruff","Milwaukee Brewers",2,"best_count_to_run","Best projected count window: 1-1. 19% offspeed and 20% breaking balls across 16 eligible pitches; reliability 35%.","1-1",16,100.911254409982,0.347826086956522,"run_game_count_window_v1","2026-09-21","2026-09-22 14:30:35 UTC"
"606996","Kyle Hart","San Diego Padres",2,"best_count_to_run","Best projected count window: 1-2. 30% offspeed and 23% breaking balls across 22 eligible pitches; reliability 42%.","1-2",22,141.875263135336,0.423076923076923,"run_game_count_window_v1","2026-09-21","2026-09-22 14:30:35 UTC"
"606996","Kyle Hart","San Diego Padres",3,"best_count_to_run","Best projected count window: 1-2. 34% offspeed and 26% breaking balls across 21 eligible pitches; reliability 41%.","1-2",21,159.607319930583,0.411764705882353,"run_game_count_window_v1","2026-09-21","2026-09-22 14:30:35 UTC"
"607067","Colin Rea","Chicago Cubs",2,"best_count_to_run","Best projected count window: 2-1. 23% offspeed and 18% breaking balls across 32 eligible pitches; reliability 52%.","2-1",32,114.746321024244,0.516129032258065,"run_game_count_window_v1","2026-09-21","2026-09-22 14:30:35 UTC"
"607067","Colin Rea","Chicago Cubs",3,"best_count_to_run","Best projected count window: 0-2. 22% offspeed and 28% breaking balls across 23 eligible pitches; reliability 43%.","0-2",23,119.961514203514,0.433962264150943,"run_game_count_window_v1","2026-09-21","2026-09-22 14:30:35 UTC"
"607074","Carlos Rodón","New York Yankees",2,"best_count_to_run","Best projected count window: 0-1. 20% offspeed and 25% breaking balls across 27 eligible pitches; reliability 47%.","0-1",27,111.166192219177,0.473684210526316,"run_game_count_window_v1","2026-09-21","2026-09-22 14:30:35 UTC"
"607074","Carlos Rodón","New York Yankees",3,"best_count_to_run","Best projected count window: 0-2. 23% offspeed and 28% breaking balls across 21 eligible pitches; reliability 41%.","0-2",21,122.024959165444,0.411764705882353,"run_game_count_window_v1","2026-09-21","2026-09-22 14:30:35 UTC"
"607192","Tyler Glasnow","Los Angeles Dodgers",2,"best_count_to_run","Best projected count window: 1-0. 10% offspeed and 39% breaking balls across 16 eligible pitches; reliability 35%.","1-0",16,91.51215566232,0.347826086956522,"run_game_count_window_v1","2026-09-21","2026-09-22 14:30:35 UTC"
"607192","Tyler Glasnow","Los Angeles Dodgers",3,"best_count_to_run","Best projected count window: 2-2. 10% offspeed and 31% breaking balls across 15 eligible pitches; reliability 33%.","2-2",15,83.7388729809549,0.333333333333333,"run_game_count_window_v1","2026-09-21","2026-09-22 14:30:35 UTC"
"607200","Erick Fedde","Chicago White Sox",2,"best_count_to_run","Best projected count window: 2-2. 19% offspeed and 37% breaking balls across 53 eligible pitches; reliability 64%.","2-2",53,119.311486478119,0.63855421686747,"run_game_count_window_v1","2026-09-21","2026-09-22 14:30:35 UTC"
"607200","Erick Fedde","Chicago White Sox",3,"best_count_to_run","Best projected count window: 0-2. 15% offspeed and 45% breaking balls across 19 eligible pitches; reliability 39%.","0-2",19,116.502167107897,0.387755102040816,"run_game_count_window_v1","2026-09-21","2026-09-22 14:30:35 UTC"
"607259","Nick Martinez","Tampa Bay Rays",2,"best_count_to_run","Best projected count window: 0-2. 24% offspeed and 16% breaking balls across 54 eligible pitches; reliability 64%.","0-2",54,116.722155227907,0.642857142857143,"run_game_count_window_v1","2026-09-21","2026-09-22 14:30:35 UTC"
"607259","Nick Martinez","Tampa Bay Rays",3,"best_count_to_run","Best projected count window: 1-1. 30% offspeed and 19% breaking balls across 35 eligible pitches; reliability 54%.","1-1",35,138.874811683308,0.538461538461538,"run_game_count_window_v1","2026-09-21","2026-09-22 14:30:35 UTC"
"607455","Anthony Banda","Minnesota Twins",2,"best_count_to_run","Best projected count window: 2-2. 10% offspeed and 41% breaking balls across 24 eligible pitches; reliability 44%.","2-2",24,94.5719836414434,0.444444444444444,"run_game_count_window_v1","2026-09-21","2026-09-22 14:30:35 UTC"
"607455","Anthony Banda","Minnesota Twins",3,"best_count_to_run","Best projected count window: 0-1. 19% offspeed and 31% breaking balls across 16 eligible pitches; reliability 35%.","0-1",16,111.681040279018,0.347826086956522,"run_game_count_window_v1","2026-09-21","2026-09-22 14:30:35 UTC"
"607536","Kyle Freeland","Colorado Rockies",2,"best_count_to_run","Best projected count window: 0-2. 21% offspeed and 29% breaking balls across 29 eligible pitches; reliability 49%.","0-2",29,119.359144313583,0.491525423728814,"run_game_count_window_v1","2026-09-21","2026-09-22 14:30:35 UTC"
"607536","Kyle Freeland","Colorado Rockies",3,"best_count_to_run","Best projected count window: 1-0. 21% offspeed and 29% breaking balls across 36 eligible pitches; reliability 55%.","1-0",36,116.890298214035,0.545454545454545,"run_game_count_window_v1","2026-09-21","2026-09-22 14:30:35 UTC"
"607625","Seth Lugo","Kansas City Royals",2,"best_count_to_run","Best projected count window: 1-2. 11% offspeed and 46% breaking balls across 67 eligible pitches; reliability 69%.","1-2",67,103.480699491919,0.690721649484536,"run_game_count_window_v1","2026-09-21","2026-09-22 14:30:35 UTC"
"607625","Seth Lugo","Kansas City Royals",3,"best_count_to_run","Best projected count window: 2-1. 21% offspeed and 33% breaking balls across 25 eligible pitches; reliability 45%.","2-1",25,123.138414519656,0.454545454545455,"run_game_count_window_v1","2026-09-21","2026-09-22 14:30:35 UTC"
"608331","Max Fried","New York Yankees",2,"best_count_to_run","Best projected count window: 1-1. 20% offspeed and 28% breaking balls across 28 eligible pitches; reliability 48%.","1-1",28,113.78054351174,0.482758620689655,"run_game_count_window_v1","2026-09-21","2026-09-22 14:30:35 UTC"
"608331","Max Fried","New York Yankees",3,"best_count_to_run","Best projected count window: 1-1. 17% offspeed and 28% breaking balls across 21 eligible pitches; reliability 41%.","1-1",21,102.837306693533,0.411764705882353,"run_game_count_window_v1","2026-09-21","2026-09-22 14:30:35 UTC"
"608337","Lucas Giolito","San Diego Padres",2,"best_count_to_run","Best projected count window: 1-2. 23% offspeed and 29% breaking balls across 21 eligible pitches; reliability 41%.","1-2",21,125.262275409443,0.411764705882353,"run_game_count_window_v1","2026-09-21","2026-09-22 14:30:35 UTC"
"608372","Tomoyuki Sugano","Colorado Rockies",2,"best_count_to_run","Best projected count window: 1-1. 26% offspeed and 26% breaking balls across 63 eligible pitches; reliability 68%.","1-1",63,132.986111045246,0.67741935483871,"run_game_count_window_v1","2026-09-21","2026-09-22 14:30:35 UTC"
"608372","Tomoyuki Sugano","Colorado Rockies",3,"best_count_to_run","Best projected count window: 1-1. 24% offspeed and 31% breaking balls across 35 eligible pitches; reliability 54%.","1-1",35,129.916222801637,0.538461538461538,"run_game_count_window_v1","2026-09-21","2026-09-22 14:30:35 UTC"
"608379","Michael Wacha","Kansas City Royals",2,"best_count_to_run","Best projected count window: 2-2. 26% offspeed and 20% breaking balls across 59 eligible pitches; reliability 66%.","2-2",59,128.071498578251,0.662921348314607,"run_game_count_window_v1","2026-09-21","2026-09-22 14:30:35 UTC"
"608379","Michael Wacha","Kansas City Royals",3,"best_count_to_run","Best projected count window: 2-2. 30% offspeed and 22% breaking balls across 35 eligible pitches; reliability 54%.","2-2",35,141.516760070866,0.538461538461538,"run_game_count_window_v1","2026-09-21","2026-09-22 14:30:35 UTC"
"608566","Germán Márquez","San Diego Padres",2,"best_count_to_run","Best projected count window: 0-2. 10% offspeed and 36% breaking balls across 15 eligible pitches; reliability 33%.","0-2",15,88.4760782516626,0.333333333333333,"run_game_count_window_v1","2026-09-21","2026-09-22 14:30:35 UTC"
"608566","Germán Márquez","San Diego Padres",3,"best_count_to_run","Best projected count window: 1-2. 12% offspeed and 28% breaking balls across 16 eligible pitches; reliability 35%.","1-2",16,87.2060205687852,0.347826086956522,"run_game_count_window_v1","2026-09-21","2026-09-22 14:30:35 UTC"
"608650","Dietrich Enns","Baltimore Orioles",3,"best_count_to_run","Best projected count window: 2-2. 19% offspeed and 26% breaking balls across 16 eligible pitches; reliability 35%.","2-2",16,107.467771921849,0.347826086956522,"run_game_count_window_v1","2026-09-21","2026-09-22 14:30:35 UTC"
"608718","Brent Suter","Los Angeles Angels",2,"best_count_to_run","Best projected count window: 1-2. 29% offspeed and 22% breaking balls across 35 eligible pitches; reliability 54%.","1-2",35,137.740843798104,0.538461538461538,"run_game_count_window_v1","2026-09-21","2026-09-22 14:30:35 UTC"
"608718","Brent Suter","Los Angeles Angels",3,"best_count_to_run","Best projected count window: 2-2. 26% offspeed and 22% breaking balls across 42 eligible pitches; reliability 58%.","2-2",42,129.023825804528,0.583333333333333,"run_game_count_window_v1","2026-09-21","2026-09-22 14:30:35 UTC"
"615698","Cal Quantrill","Texas Rangers",2,"best_count_to_run","Best projected count window: 2-0. 24% offspeed and 17% breaking balls across 22 eligible pitches; reliability 42%.","2-0",22,116.990747933559,0.423076923076923,"run_game_count_window_v1","2026-09-21","2026-09-22 14:30:35 UTC"
"615698","Cal Quantrill","Texas Rangers",3,"best_count_to_run","Best projected count window: 1-0. 26% offspeed and 16% breaking balls across 25 eligible pitches; reliability 45%.","1-0",25,123.770567382627,0.454545454545455,"run_game_count_window_v1","2026-09-21","2026-09-22 14:30:35 UTC"
"621016","Jose Cuas","Kansas City Royals",2,"best_count_to_run","Best projected count window: 1-2. 9% offspeed and 32% breaking balls across 20 eligible pitches; reliability 40%.","1-2",20,82.1013522693276,0.4,"run_game_count_window_v1","2026-09-21","2026-09-22 14:30:35 UTC"
"621074","Michael Rucker","Seattle Mariners",2,"best_count_to_run","Best projected count window: 0-1. 9% offspeed and 25% breaking balls across 22 eligible pitches; reliability 42%.","0-1",22,73.2182136083245,0.423076923076923,"run_game_count_window_v1","2026-09-21","2026-09-22 14:30:35 UTC"
"621074","Michael Rucker","Seattle Mariners",3,"best_count_to_run","Best projected count window: 0-1. 12% offspeed and 29% breaking balls across 15 eligible pitches; reliability 33%.","0-1",15,88.9678106825162,0.333333333333333,"run_game_count_window_v1","2026-09-21","2026-09-22 14:30:35 UTC"
"621097","Jacob Waguespack","Detroit Tigers",2,"best_count_to_run","Best projected count window: 0-2. 26% offspeed and 22% breaking balls across 15 eligible pitches; reliability 33%.","0-2",15,127.269459298173,0.333333333333333,"run_game_count_window_v1","2026-09-21","2026-09-22 14:30:35 UTC"
"621111","Walker Buehler","San Diego Padres",2,"best_count_to_run","Best projected count window: 0-2. 17% offspeed and 32% breaking balls across 32 eligible pitches; reliability 52%.","0-2",32,108.301330968127,0.516129032258065,"run_game_count_window_v1","2026-09-21","2026-09-22 14:30:35 UTC"
"621111","Walker Buehler","San Diego Padres",3,"best_count_to_run","Best projected count window: 1-2. 17% offspeed and 38% breaking balls across 33 eligible pitches; reliability 52%.","1-2",33,113.627244105091,0.523809523809524,"run_game_count_window_v1","2026-09-21","2026-09-22 14:30:35 UTC"
"621112","Paul Blackburn","New York Yankees",2,"best_count_to_run","Best projected count window: 1-1. 32% offspeed and 24% breaking balls across 41 eligible pitches; reliability 58%.","1-1",41,148.9276609934,0.577464788732394,"run_game_count_window_v1","2026-09-21","2026-09-22 14:30:35 UTC"
"621112","Paul Blackburn","New York Yankees",3,"best_count_to_run","Best projected count window: 1-2. 19% offspeed and 31% breaking balls across 15 eligible pitches; reliability 33%.","1-2",15,113.867021749615,0.333333333333333,"run_game_count_window_v1","2026-09-21","2026-09-22 14:30:35 UTC"
"621121","Lance McCullers Jr.","Houston Astros",3,"best_count_to_run","Best projected count window: 1-0. 14% offspeed and 32% breaking balls across 24 eligible pitches; reliability 44%.","1-0",24,97.9712727704316,0.444444444444444,"run_game_count_window_v1","2026-09-21","2026-09-22 14:30:35 UTC"
"621237","José Alvarado","Philadelphia Phillies",2,"best_count_to_run","Best projected count window: 2-1. 10% offspeed and 20% breaking balls across 16 eligible pitches; reliability 35%.","2-1",16,70.5374422769889,0.347826086956522,"run_game_count_window_v1","2026-09-21","2026-09-22 14:30:35 UTC"
"621237","José Alvarado","Philadelphia Phillies",3,"best_count_to_run","Best projected count window: 1-2. 10% offspeed and 25% breaking balls across 15 eligible pitches; reliability 33%.","1-2",15,76.7568512959163,0.333333333333333,"run_game_count_window_v1","2026-09-21","2026-09-22 14:30:35 UTC"
"621242","Edwin Díaz","Los Angeles Dodgers",3,"best_count_to_run","Best projected count window: 1-2. 10% offspeed and 36% breaking balls across 15 eligible pitches; reliability 33%.","1-2",15,87.8652127307853,0.333333333333333,"run_game_count_window_v1","2026-09-21","2026-09-22 14:30:35 UTC"
"621345","A.J. Minter","New York Mets",2,"best_count_to_run","Best projected count window: 1-1. 19% offspeed and 20% breaking balls across 15 eligible pitches; reliability 33%.","1-1",15,102.606206535305,0.333333333333333,"run_game_count_window_v1","2026-09-21","2026-09-22 14:30:35 UTC"
"621366","Ryan Borucki","San Francisco Giants",3,"best_count_to_run","Best projected count window: 0-1. 12% offspeed and 31% breaking balls across 15 eligible pitches; reliability 33%.","0-1",15,91.6282930746051,0.333333333333333,"run_game_count_window_v1","2026-09-21","2026-09-22 14:30:35 UTC"
"621381","Matt Strahm","Kansas City Royals",2,"best_count_to_run","Best projected count window: 1-2. 17% offspeed and 36% breaking balls across 26 eligible pitches; reliability 46%.","1-2",26,112.947752186111,0.464285714285714,"run_game_count_window_v1","2026-09-21","2026-09-22 14:30:35 UTC"
"621383","Tanner Banks","Philadelphia Phillies",2,"best_count_to_run","Best projected count window: 1-1. 12% offspeed and 48% breaking balls across 18 eligible pitches; reliability 38%.","1-1",18,106.481473099783,0.375,"run_game_count_window_v1","2026-09-21","2026-09-22 14:30:35 UTC"
"621383","Tanner Banks","Philadelphia Phillies",3,"best_count_to_run","Best projected count window: 1-2. 15% offspeed and 38% breaking balls across 15 eligible pitches; reliability 33%.","1-2",15,106.193833449836,0.333333333333333,"run_game_count_window_v1","2026-09-21","2026-09-22 14:30:35 UTC"
"622088","Tejay Antone","Cincinnati Reds",2,"best_count_to_run","Best projected count window: 1-2. 9% offspeed and 46% breaking balls across 20 eligible pitches; reliability 40%.","1-2",20,96.5334055269983,0.4,"run_game_count_window_v1","2026-09-21","2026-09-22 14:30:35 UTC"
"622088","Tejay Antone","Cincinnati Reds",3,"best_count_to_run","Best projected count window: 1-1. 10% offspeed and 53% breaking balls across 17 eligible pitches; reliability 36%.","1-1",17,106.041898569316,0.361702127659574,"run_game_count_window_v1","2026-09-21","2026-09-22 14:30:35 UTC"
"622491","Luis Castillo","Chicago White Sox",2,"best_count_to_run","Best projected count window: 1-1. 18% offspeed and 32% breaking balls across 17 eligible pitches; reliability 36%.","1-1",17,111.921488906168,0.361702127659574,"run_game_count_window_v1","2026-09-21","2026-09-22 14:30:35 UTC"
"622491","Luis Castillo","Seattle Mariners",3,"best_count_to_run","Best projected count window: 1-0. 14% offspeed and 35% breaking balls across 24 eligible pitches; reliability 44%.","1-0",24,100.836174820031,0.444444444444444,"run_game_count_window_v1","2026-09-21","2026-09-22 14:30:35 UTC"
"622554","Seranthony Domínguez","Chicago White Sox",2,"best_count_to_run","Best projected count window: 1-2. 22% offspeed and 29% breaking balls across 19 eligible pitches; reliability 39%.","1-2",19,119.392716617479,0.387755102040816,"run_game_count_window_v1","2026-09-21","2026-09-22 14:30:35 UTC"
"622554","Seranthony Domínguez","Chicago White Sox",3,"best_count_to_run","Best projected count window: 2-2. 16% offspeed and 33% breaking balls across 16 eligible pitches; reliability 35%.","2-2",16,106.427228700626,0.347826086956522,"run_game_count_window_v1","2026-09-21","2026-09-22 14:30:35 UTC"
"622608","Antonio Senzatela","Colorado Rockies",2,"best_count_to_run","Best projected count window: 1-0. 12% offspeed and 26% breaking balls across 16 eligible pitches; reliability 35%.","1-0",16,85.3128880601432,0.347826086956522,"run_game_count_window_v1","2026-09-21","2026-09-22 14:30:35 UTC"
"622608","Antonio Senzatela","Colorado Rockies",3,"best_count_to_run","Best projected count window: 1-2. 19% offspeed and 20% breaking balls across 20 eligible pitches; reliability 40%.","1-2",20,101.842110095842,0.4,"run_game_count_window_v1","2026-09-21","2026-09-22 14:30:35 UTC"
"622663","Luis Severino","Athletics",2,"best_count_to_run","Best projected count window: 1-2. 12% offspeed and 34% breaking balls across 17 eligible pitches; reliability 36%.","1-2",17,92.637950248285,0.361702127659574,"run_game_count_window_v1","2026-09-21","2026-09-22 14:30:35 UTC"
"622663","Luis Severino","Athletics",3,"best_count_to_run","Best projected count window: 1-1. 15% offspeed and 27% breaking balls across 15 eligible pitches; reliability 33%.","1-1",15,93.8308917893624,0.333333333333333,"run_game_count_window_v1","2026-09-21","2026-09-22 14:30:35 UTC"
"623211","Huascar Brazobán","New York Mets",2,"best_count_to_run","Best projected count window: 2-2. 39% offspeed and 17% breaking balls across 23 eligible pitches; reliability 43%.","2-2",23,164.295856464436,0.433962264150943,"run_game_count_window_v1","2026-09-21","2026-09-22 14:30:35 UTC"
"623352","Josh Hader","Houston Astros",2,"best_count_to_run","Best projected count window: 0-1. 9% offspeed and 42% breaking balls across 23 eligible pitches; reliability 43%.","0-1",23,89.6963210088703,0.433962264150943,"run_game_count_window_v1","2026-09-21","2026-09-22 14:30:35 UTC"
"623352","Josh Hader","Houston Astros",3,"best_count_to_run","Best projected count window: 1-2. 10% offspeed and 31% breaking balls across 16 eligible pitches; reliability 35%.","1-2",16,82.4847197382121,0.347826086956522,"run_game_count_window_v1","2026-09-21","2026-09-22 14:30:35 UTC"
"623437","Justin Topa","Minnesota Twins",2,"best_count_to_run","Best projected count window: 0-1. 16% offspeed and 22% breaking balls across 16 eligible pitches; reliability 35%.","0-1",16,95.4143986709359,0.347826086956522,"run_game_count_window_v1","2026-09-21","2026-09-22 14:30:35 UTC"
"623454","Drew Anderson","Detroit Tigers",2,"best_count_to_run","Best projected count window: 1-1. 26% offspeed and 28% breaking balls across 37 eligible pitches; reliability 55%.","1-1",37,134.877225968285,0.552238805970149,"run_game_count_window_v1","2026-09-21","2026-09-22 14:30:35 UTC"
"623454","Drew Anderson","Detroit Tigers",3,"best_count_to_run","Best projected count window: 1-1. 35% offspeed and 27% breaking balls across 32 eligible pitches; reliability 52%.","1-1",32,162.217056401613,0.516129032258065,"run_game_count_window_v1","2026-09-21","2026-09-22 14:30:35 UTC"
"623474","Jimmy Herget","Colorado Rockies",2,"best_count_to_run","Best projected count window: 1-2. 16% offspeed and 43% breaking balls across 24 eligible pitches; reliability 44%.","1-2",24,115.875228196014,0.444444444444444,"run_game_count_window_v1","2026-09-21","2026-09-22 14:30:35 UTC"
"623474","Jimmy Herget","Colorado Rockies",3,"best_count_to_run","Best projected count window: 0-1. 13% offspeed and 50% breaking balls across 22 eligible pitches; reliability 42%.","0-1",22,112.760518391247,0.423076923076923,"run_game_count_window_v1","2026-09-21","2026-09-22 14:30:35 UTC"
"624133","Ranger Suarez","Boston Red Sox",2,"best_count_to_run","Best projected count window: 2-2. 17% offspeed and 32% breaking balls across 44 eligible pitches; reliability 59%.","2-2",44,109.654371442782,0.594594594594595,"run_game_count_window_v1","2026-09-21","2026-09-22 14:30:35 UTC"
"624133","Ranger Suarez","Boston Red Sox",3,"best_count_to_run","Best projected count window: 0-2. 21% offspeed and 27% breaking balls across 25 eligible pitches; reliability 45%.","0-2",25,117.776504715105,0.454545454545455,"run_game_count_window_v1","2026-09-21","2026-09-22 14:30:35 UTC"
"625643","Reynaldo López","Atlanta Braves",2,"best_count_to_run","Best projected count window: 2-2. 11% offspeed and 37% breaking balls across 40 eligible pitches; reliability 57%.","2-2",40,92.6987908785495,0.571428571428571,"run_game_count_window_v1","2026-09-21","2026-09-22 14:30:35 UTC"
"625643","Reynaldo López","Atlanta Braves",3,"best_count_to_run","Best projected count window: 1-0. 9% offspeed and 47% breaking balls across 19 eligible pitches; reliability 39%.","1-0",19,98.2464135130904,0.387755102040816,"run_game_count_window_v1","2026-09-21","2026-09-22 14:30:35 UTC"
"628452","Raisel Iglesias","Atlanta Braves",2,"best_count_to_run","Best projected count window: 0-1. 28% offspeed and 18% breaking balls across 19 eligible pitches; reliability 39%.","0-1",19,129.142404392101,0.387755102040816,"run_game_count_window_v1","2026-09-21","2026-09-22 14:30:35 UTC"
"628452","Raisel Iglesias","Atlanta Braves",3,"best_count_to_run","Best projected count window: 1-2. 33% offspeed and 18% breaking balls across 20 eligible pitches; reliability 40%.","1-2",20,146.789047668597,0.4,"run_game_count_window_v1","2026-09-21","2026-09-22 14:30:35 UTC"
"640448","Kyle Finnegan","Detroit Tigers",2,"best_count_to_run","Best projected count window: 1-2. 36% offspeed and 18% breaking balls across 32 eligible pitches; reliability 52%.","1-2",32,157.507060351304,0.516129032258065,"run_game_count_window_v1","2026-09-21","2026-09-22 14:30:35 UTC"
"640448","Kyle Finnegan","Detroit Tigers",3,"best_count_to_run","Best projected count window: 1-2. 39% offspeed and 21% breaking balls across 28 eligible pitches; reliability 48%.","1-2",28,168.952165130751,0.482758620689655,"run_game_count_window_v1","2026-09-21","2026-09-22 14:30:35 UTC"
"640455","Sean Manaea","New York Mets",2,"best_count_to_run","Best projected count window: 2-1. 10% offspeed and 36% breaking balls across 23 eligible pitches; reliability 43%.","2-1",23,91.7973083681892,0.433962264150943,"run_game_count_window_v1","2026-09-21","2026-09-22 14:30:35 UTC"
"640455","Sean Manaea","New York Mets",3,"best_count_to_run","Best projected count window: 2-2. 14% offspeed and 31% breaking balls across 29 eligible pitches; reliability 49%.","2-2",29,99.1947028875294,0.491525423728814,"run_game_count_window_v1","2026-09-21","2026-09-22 14:30:35 UTC"
"641302","Tyler Alexander","Texas Rangers",2,"best_count_to_run","Best projected count window: 1-2. 26% offspeed and 22% breaking balls across 30 eligible pitches; reliability 50%.","1-2",30,127.577280405804,0.5,"run_game_count_window_v1","2026-09-21","2026-09-22 14:30:35 UTC"
"641302","Tyler Alexander","Texas Rangers",3,"best_count_to_run","Best projected count window: 2-2. 25% offspeed and 18% breaking balls across 20 eligible pitches; reliability 40%.","2-2",20,121.156352906444,0.4,"run_game_count_window_v1","2026-09-21","2026-09-22 14:30:35 UTC"
"641329","Bryan Baker","Tampa Bay Rays",2,"best_count_to_run","Best projected count window: 1-1. 33% offspeed and 20% breaking balls across 20 eligible pitches; reliability 40%.","1-1",20,149.219756938043,0.4,"run_game_count_window_v1","2026-09-21","2026-09-22 14:30:35 UTC"
"641329","Bryan Baker","Tampa Bay Rays",3,"best_count_to_run","Best projected count window: 1-1. 28% offspeed and 17% breaking balls across 22 eligible pitches; reliability 42%.","1-1",22,129.198661503431,0.423076923076923,"run_game_count_window_v1","2026-09-21","2026-09-22 14:30:35 UTC"
"641743","Anthony Kay","Chicago White Sox",2,"best_count_to_run","Best projected count window: 1-1. 17% offspeed and 28% breaking balls across 66 eligible pitches; reliability 69%.","1-1",66,104.985820030037,0.6875,"run_game_count_window_v1","2026-09-21","2026-09-22 14:30:35 UTC"
"641743","Anthony Kay","Chicago White Sox",3,"best_count_to_run","Best projected count window: 1-1. 25% offspeed and 27% breaking balls across 29 eligible pitches; reliability 49%.","1-1",29,128.693881032768,0.491525423728814,"run_game_count_window_v1","2026-09-21","2026-09-22 14:30:35 UTC"
"641745","Brad Keller","Philadelphia Phillies",2,"best_count_to_run","Best projected count window: 1-1. 21% offspeed and 28% breaking balls across 16 eligible pitches; reliability 35%.","1-1",16,115.82434935138,0.347826086956522,"run_game_count_window_v1","2026-09-21","2026-09-22 14:30:35 UTC"
"641755","Tyler Kinley","Atlanta Braves",2,"best_count_to_run","Best projected count window: 1-0. 9% offspeed and 44% breaking balls across 20 eligible pitches; reliability 40%.","1-0",20,93.8263667717234,0.4,"run_game_count_window_v1","2026-09-21","2026-09-22 14:30:35 UTC"
"641755","Tyler Kinley","Atlanta Braves",3,"best_count_to_run","Best projected count window: 1-0. 9% offspeed and 57% breaking balls across 21 eligible pitches; reliability 41%.","1-0",21,106.608929080998,0.411764705882353,"run_game_count_window_v1","2026-09-21","2026-09-22 14:30:35 UTC"
"641778","Eric Lauer","Los Angeles Dodgers",2,"best_count_to_run","Best projected count window: 2-1. 21% offspeed and 24% breaking balls across 16 eligible pitches; reliability 35%.","2-1",16,112.718225008123,0.347826086956522,"run_game_count_window_v1","2026-09-21","2026-09-22 14:30:35 UTC"
"641778","Eric Lauer","Los Angeles Dodgers",3,"best_count_to_run","Best projected count window: 1-0. 21% offspeed and 22% breaking balls across 16 eligible pitches; reliability 35%.","1-0",16,110.491547983865,0.347826086956522,"run_game_count_window_v1","2026-09-21","2026-09-22 14:30:35 UTC"
"641793","Zack Littell","Washington Nationals",2,"best_count_to_run","Best projected count window: 1-2. 28% offspeed and 32% breaking balls across 72 eligible pitches; reliability 71%.","1-2",72,145.159657456332,0.705882352941177,"run_game_count_window_v1","2026-09-21","2026-09-22 14:30:35 UTC"
"641793","Zack Littell","Washington Nationals",3,"best_count_to_run","Best projected count window: 1-0. 25% offspeed and 31% breaking balls across 21 eligible pitches; reliability 41%.","1-0",21,132.753028437099,0.411764705882353,"run_game_count_window_v1","2026-09-21","2026-09-22 14:30:35 UTC"
"641816","Tyler Mahle","San Francisco Giants",2,"best_count_to_run","Best projected count window: 1-2. 33% offspeed and 18% breaking balls across 33 eligible pitches; reliability 52%.","1-2",33,145.170743234592,0.523809523809524,"run_game_count_window_v1","2026-09-21","2026-09-22 14:30:35 UTC"
"641816","Tyler Mahle","San Francisco Giants",3,"best_count_to_run","Best projected count window: 1-2. 27% offspeed and 20% breaking balls across 16 eligible pitches; reliability 35%.","1-2",16,129.392462128939,0.347826086956522,"run_game_count_window_v1","2026-09-21","2026-09-22 14:30:35 UTC"
"641835","Tim Mayza","Philadelphia Phillies",2,"best_count_to_run","Best projected count window: 1-2. 9% offspeed and 40% breaking balls across 20 eligible pitches; reliability 40%.","1-2",20,89.6614694722746,0.4,"run_game_count_window_v1","2026-09-21","2026-09-22 14:30:35 UTC"
"641835","Tim Mayza","Philadelphia Phillies",3,"best_count_to_run","Best projected count window: 3-2. 13% offspeed and 31% breaking balls across 19 eligible pitches; reliability 39%.","3-2",19,94.0599412727214,0.387755102040816,"run_game_count_window_v1","2026-09-21","2026-09-22 14:30:35 UTC"
"641927","Bailey Ober","Minnesota Twins",2,"best_count_to_run","Best projected count window: 1-0. 35% offspeed and 27% breaking balls across 41 eligible pitches; reliability 58%.","1-0",41,162.465577650127,0.577464788732394,"run_game_count_window_v1","2026-09-21","2026-09-22 14:30:35 UTC"
"641927","Bailey Ober","Minnesota Twins",3,"best_count_to_run","Best projected count window: 1-0. 31% offspeed and 35% breaking balls across 36 eligible pitches; reliability 55%.","1-0",36,159.459985318735,0.545454545454545,"run_game_count_window_v1","2026-09-21","2026-09-22 14:30:35 UTC"
"641941","Emilio Pagán","Cincinnati Reds",2,"best_count_to_run","Best projected count window: 1-1. 24% offspeed and 18% breaking balls across 19 eligible pitches; reliability 39%.","1-1",19,116.095302971463,0.387755102040816,"run_game_count_window_v1","2026-09-21","2026-09-22 14:30:35 UTC"
"641941","Emilio Pagán","Cincinnati Reds",3,"best_count_to_run","Best projected count window: 0-1. 16% offspeed and 19% breaking balls across 18 eligible pitches; reliability 38%.","0-1",18,90.7814108136197,0.375,"run_game_count_window_v1","2026-09-21","2026-09-22 14:30:35 UTC"
"642048","Tayler Saucedo","Los Angeles Angels",2,"best_count_to_run","Best projected count window: 0-1. 12% offspeed and 40% breaking balls across 15 eligible pitches; reliability 33%.","0-1",15,101.120332167938,0.333333333333333,"run_game_count_window_v1","2026-09-21","2026-09-22 14:30:35 UTC"
"642100","Gabe Speier","Seattle Mariners",2,"best_count_to_run","Best projected count window: 1-2. 9% offspeed and 38% breaking balls across 23 eligible pitches; reliability 43%.","1-2",23,85.8648635558351,0.433962264150943,"run_game_count_window_v1","2026-09-21","2026-09-22 14:30:35 UTC"
"642100","Gabe Speier","Seattle Mariners",3,"best_count_to_run","Best projected count window: 0-1. 9% offspeed and 37% breaking balls across 19 eligible pitches; reliability 39%.","0-1",19,87.0657366544601,0.387755102040816,"run_game_count_window_v1","2026-09-21","2026-09-22 14:30:35 UTC"
"642121","Cole Sulser","Tampa Bay Rays",2,"best_count_to_run","Best projected count window: 2-2. 32% offspeed and 20% breaking balls across 21 eligible pitches; reliability 41%.","2-2",21,147.335933838861,0.411764705882353,"run_game_count_window_v1","2026-09-21","2026-09-22 14:30:35 UTC"
"642121","Cole Sulser","Tampa Bay Rays",3,"best_count_to_run","Best projected count window: 1-0. 32% offspeed and 19% breaking balls across 18 eligible pitches; reliability 38%.","1-0",18,146.378718340286,0.375,"run_game_count_window_v1","2026-09-21","2026-09-22 14:30:35 UTC"
"642207","Devin Williams","New York Mets",2,"best_count_to_run","Best projected count window: 1-2. 30% offspeed and 18% breaking balls across 21 eligible pitches; reliability 41%.","1-2",21,138.647695129933,0.411764705882353,"run_game_count_window_v1","2026-09-21","2026-09-22 14:30:35 UTC"
"642232","Ryan Yarbrough","New York Yankees",2,"best_count_to_run","Best projected count window: 1-1. 25% offspeed and 31% breaking balls across 31 eligible pitches; reliability 51%.","1-1",31,138.0895094167,0.508196721311475,"run_game_count_window_v1","2026-09-21","2026-09-22 14:30:35 UTC"
"642232","Ryan Yarbrough","New York Yankees",3,"best_count_to_run","Best projected count window: 0-1. 22% offspeed and 31% breaking balls across 19 eligible pitches; reliability 39%.","0-1",19,124.36839854043,0.387755102040816,"run_game_count_window_v1","2026-09-21","2026-09-22 14:30:35 UTC"
"642397","Gregory Soto","Pittsburgh Pirates",2,"best_count_to_run","Best projected count window: 3-2. 10% offspeed and 41% breaking balls across 17 eligible pitches; reliability 36%.","3-2",17,92.519335747553,0.361702127659574,"run_game_count_window_v1","2026-09-21","2026-09-22 14:30:35 UTC"
"642397","Gregory Soto","Pittsburgh Pirates",3,"best_count_to_run","Best projected count window: 0-2. 9% offspeed and 42% breaking balls across 20 eligible pitches; reliability 40%.","0-2",20,92.0513736158673,0.4,"run_game_count_window_v1","2026-09-21","2026-09-22 14:30:35 UTC"
"642528","Jonathan Loáisiga","Arizona Diamondbacks",2,"best_count_to_run","Best projected count window: 1-1. 25% offspeed and 24% breaking balls across 16 eligible pitches; reliability 35%.","1-1",16,125.797328831129,0.347826086956522,"run_game_count_window_v1","2026-09-21","2026-09-22 14:30:35 UTC"
"642528","Jonathan Loáisiga","Arizona Diamondbacks",3,"best_count_to_run","Best projected count window: 2-1. 21% offspeed and 29% breaking balls across 15 eligible pitches; reliability 33%.","2-1",15,118.044309246582,0.333333333333333,"run_game_count_window_v1","2026-09-21","2026-09-22 14:30:35 UTC"
"642547","Freddy Peralta","Tampa Bay Rays",2,"best_count_to_run","Best projected count window: 1-1. 28% offspeed and 25% breaking balls across 18 eligible pitches; reliability 38%.","1-1",18,138.388815390569,0.375,"run_game_count_window_v1","2026-09-21","2026-09-22 14:30:35 UTC"
"642547","Freddy Peralta","New York Mets",3,"best_count_to_run","Best projected count window: 2-0. 33% offspeed and 21% breaking balls across 17 eligible pitches; reliability 36%.","2-0",17,150.414471077285,0.361702127659574,"run_game_count_window_v1","2026-09-21","2026-09-22 14:30:35 UTC"
"642701","Dennis Santana","Pittsburgh Pirates",2,"best_count_to_run","Best projected count window: 1-2. 14% offspeed and 44% breaking balls across 18 eligible pitches; reliability 38%.","1-2",18,109.077898044121,0.375,"run_game_count_window_v1","2026-09-21","2026-09-22 14:30:35 UTC"
"642701","Dennis Santana","Pittsburgh Pirates",3,"best_count_to_run","Best projected count window: 0-1. 20% offspeed and 32% breaking balls across 17 eligible pitches; reliability 36%.","0-1",17,118.932275512648,0.361702127659574,"run_game_count_window_v1","2026-09-21","2026-09-22 14:30:35 UTC"
"643377","Griffin Jax","Tampa Bay Rays",2,"best_count_to_run","Best projected count window: 0-2. 29% offspeed and 28% breaking balls across 27 eligible pitches; reliability 47%.","0-2",27,143.465351050978,0.473684210526316,"run_game_count_window_v1","2026-09-21","2026-09-22 14:30:35 UTC"
"643377","Griffin Jax","Tampa Bay Rays",3,"best_count_to_run","Best projected count window: 1-2. 25% offspeed and 33% breaking balls across 24 eligible pitches; reliability 44%.","1-2",24,135.743782510167,0.444444444444444,"run_game_count_window_v1","2026-09-21","2026-09-22 14:30:35 UTC"
"643410","Mark Leiter Jr.","Athletics",2,"best_count_to_run","Best projected count window: 0-1. 10% offspeed and 25% breaking balls across 23 eligible pitches; reliability 43%.","0-1",23,79.1937552156607,0.433962264150943,"run_game_count_window_v1","2026-09-21","2026-09-22 14:30:35 UTC"
"643511","Tyler Rogers","Toronto Blue Jays",2,"best_count_to_run","Best projected count window: 1-2. 8% offspeed and 32% breaking balls across 30 eligible pitches; reliability 50%.","1-2",30,79.1274309973087,0.5,"run_game_count_window_v1","2026-09-21","2026-09-22 14:30:35 UTC"
"643511","Tyler Rogers","Toronto Blue Jays",3,"best_count_to_run","Best projected count window: 1-0. 10% offspeed and 33% breaking balls across 15 eligible pitches; reliability 33%.","1-0",15,89.3459421341543,0.333333333333333,"run_game_count_window_v1","2026-09-21","2026-09-22 14:30:35 UTC"
"645261","Sandy Alcantara","Miami Marlins",2,"best_count_to_run","Best projected count window: 2-2. 26% offspeed and 29% breaking balls across 76 eligible pitches; reliability 72%.","2-2",76,134.415840627303,0.716981132075472,"run_game_count_window_v1","2026-09-21","2026-09-22 14:30:35 UTC"
"645261","Sandy Alcantara","Miami Marlins",3,"best_count_to_run","Best projected count window: 1-0. 32% offspeed and 31% breaking balls across 55 eligible pitches; reliability 65%.","1-0",55,157.398814626467,0.647058823529412,"run_game_count_window_v1","2026-09-21","2026-09-22 14:30:35 UTC"
"646241","Enmanuel De Jesus","Detroit Tigers",2,"best_count_to_run","Best projected count window: 1-1. 24% offspeed and 19% breaking balls across 18 eligible pitches; reliability 38%.","1-1",18,117.686422927323,0.375,"run_game_count_window_v1","2026-09-21","2026-09-22 14:30:35 UTC"
"646241","Enmanuel De Jesus","Detroit Tigers",3,"best_count_to_run","Best projected count window: 0-1. 12% offspeed and 19% breaking balls across 23 eligible pitches; reliability 43%.","0-1",23,79.3829006813781,0.433962264150943,"run_game_count_window_v1","2026-09-21","2026-09-22 14:30:35 UTC"
"647336","Michael Soroka","Arizona Diamondbacks",2,"best_count_to_run","Best projected count window: 1-1. 20% offspeed and 30% breaking balls across 49 eligible pitches; reliability 62%.","1-1",49,115.764126371472,0.620253164556962,"run_game_count_window_v1","2026-09-21","2026-09-22 14:30:35 UTC"
"647336","Michael Soroka","Arizona Diamondbacks",3,"best_count_to_run","Best projected count window: 1-1. 24% offspeed and 29% breaking balls across 22 eligible pitches; reliability 42%.","1-1",22,129.035930440338,0.423076923076923,"run_game_count_window_v1","2026-09-21","2026-09-22 14:30:35 UTC"
"650556","Bryan Abreu","Houston Astros",2,"best_count_to_run","Best projected count window: 1-0. 8% offspeed and 41% breaking balls across 26 eligible pitches; reliability 46%.","1-0",26,87.5241398883239,0.464285714285714,"run_game_count_window_v1","2026-09-21","2026-09-22 14:30:35 UTC"
"650556","Bryan Abreu","Houston Astros",3,"best_count_to_run","Best projected count window: 3-2. 8% offspeed and 53% breaking balls across 27 eligible pitches; reliability 47%.","3-2",27,98.9504311520367,0.473684210526316,"run_game_count_window_v1","2026-09-21","2026-09-22 14:30:35 UTC"
"650633","Michael King","San Diego Padres",2,"best_count_to_run","Best projected count window: 1-0. 30% offspeed and 28% breaking balls across 79 eligible pitches; reliability 72%.","1-0",79,146.370004908366,0.724770642201835,"run_game_count_window_v1","2026-09-21","2026-09-22 14:30:35 UTC"
"650633","Michael King","San Diego Padres",3,"best_count_to_run","Best projected count window: 0-1. 26% offspeed and 29% breaking balls across 56 eligible pitches; reliability 65%.","0-1",56,135.755923957238,0.651162790697674,"run_game_count_window_v1","2026-09-21","2026-09-22 14:30:35 UTC"
"650644","Aaron Civale","Athletics",2,"best_count_to_run","Best projected count window: 1-0. 15% offspeed and 22% breaking balls across 33 eligible pitches; reliability 52%.","1-0",33,92.9368546792948,0.523809523809524,"run_game_count_window_v1","2026-09-21","2026-09-22 14:30:35 UTC"
"650644","Aaron Civale","Athletics",3,"best_count_to_run","Best projected count window: 1-1. 16% offspeed and 31% breaking balls across 16 eligible pitches; reliability 35%.","1-1",16,105.408136302629,0.347826086956522,"run_game_count_window_v1","2026-09-21","2026-09-22 14:30:35 UTC"
"650911","Cristopher Sánchez","Philadelphia Phillies",2,"best_count_to_run","Best projected count window: 2-2. 32% offspeed and 25% breaking balls across 58 eligible pitches; reliability 66%.","2-2",58,151.816682379273,0.659090909090909,"run_game_count_window_v1","2026-09-21","2026-09-22 14:30:35 UTC"
"650911","Cristopher Sánchez","Philadelphia Phillies",3,"best_count_to_run","Best projected count window: 1-2. 37% offspeed and 25% breaking balls across 57 eligible pitches; reliability 66%.","1-2",57,168.641861180395,0.655172413793103,"run_game_count_window_v1","2026-09-21","2026-09-22 14:30:35 UTC"
"656222","Jalen Beeks","Texas Rangers",2,"best_count_to_run","Best projected count window: 1-0. 25% offspeed and 19% breaking balls across 17 eligible pitches; reliability 36%.","1-0",17,120.553181786526,0.361702127659574,"run_game_count_window_v1","2026-09-21","2026-09-22 14:30:35 UTC"
"656234","Jake Bird","New York Yankees",2,"best_count_to_run","Best projected count window: 1-2. 10% offspeed and 45% breaking balls across 15 eligible pitches; reliability 33%.","1-2",15,98.5818611400256,0.333333333333333,"run_game_count_window_v1","2026-09-21","2026-09-22 14:30:35 UTC"
"656271","Brock Burke","Cincinnati Reds",2,"best_count_to_run","Best projected count window: 1-1. 22% offspeed and 31% breaking balls across 28 eligible pitches; reliability 48%.","1-1",28,122.083165045166,0.482758620689655,"run_game_count_window_v1","2026-09-21","2026-09-22 14:30:35 UTC"
"656271","Brock Burke","Cincinnati Reds",3,"best_count_to_run","Best projected count window: 1-1. 28% offspeed and 25% breaking balls across 22 eligible pitches; reliability 42%.","1-1",22,137.061511042579,0.423076923076923,"run_game_count_window_v1","2026-09-21","2026-09-22 14:30:35 UTC"
"656288","Griffin Canning","San Diego Padres",2,"best_count_to_run","Best projected count window: 2-0. 29% offspeed and 23% breaking balls across 17 eligible pitches; reliability 36%.","2-0",17,138.092831524659,0.361702127659574,"run_game_count_window_v1","2026-09-21","2026-09-22 14:30:35 UTC"
"656288","Griffin Canning","San Diego Padres",3,"best_count_to_run","Best projected count window: 1-1. 29% offspeed and 28% breaking balls across 27 eligible pitches; reliability 47%.","1-1",27,143.594255361283,0.473684210526316,"run_game_count_window_v1","2026-09-21","2026-09-22 14:30:35 UTC"
"656302","Dylan Cease","Toronto Blue Jays",2,"best_count_to_run","Best projected count window: 1-1. 22% offspeed and 33% breaking balls across 69 eligible pitches; reliability 70%.","1-1",69,125.264424763027,0.696969696969697,"run_game_count_window_v1","2026-09-21","2026-09-22 14:30:35 UTC"
"656302","Dylan Cease","Toronto Blue Jays",3,"best_count_to_run","Best projected count window: 2-0. 26% offspeed and 29% breaking balls across 18 eligible pitches; reliability 38%.","2-0",18,135.704439289068,0.375,"run_game_count_window_v1","2026-09-21","2026-09-22 14:30:35 UTC"
"656427","Jack Flaherty","Detroit Tigers",2,"best_count_to_run","Best projected count window: 2-2. 7% offspeed and 44% breaking balls across 32 eligible pitches; reliability 52%.","2-2",32,87.9307603057687,0.516129032258065,"run_game_count_window_v1","2026-09-21","2026-09-22 14:30:35 UTC"
"656427","Jack Flaherty","Detroit Tigers",3,"best_count_to_run","Best projected count window: 2-2. 8% offspeed and 46% breaking balls across 40 eligible pitches; reliability 57%.","2-2",40,92.3590465615296,0.571428571428571,"run_game_count_window_v1","2026-09-21","2026-09-22 14:30:35 UTC"
"656464","Kevin Ginkel","Arizona Diamondbacks",2,"best_count_to_run","Best projected count window: 2-2. 10% offspeed and 44% breaking balls across 16 eligible pitches; reliability 35%.","2-2",16,96.0090892306955,0.347826086956522,"run_game_count_window_v1","2026-09-21","2026-09-22 14:30:35 UTC"
"656464","Kevin Ginkel","Arizona Diamondbacks",3,"best_count_to_run","Best projected count window: 2-2. 9% offspeed and 46% breaking balls across 20 eligible pitches; reliability 40%.","2-2",20,95.8343888424081,0.4,"run_game_count_window_v1","2026-09-21","2026-09-22 14:30:35 UTC"
"656492","Foster Griffin","Cleveland Guardians",2,"best_count_to_run","Best projected count window: 0-1. 18% offspeed and 35% breaking balls across 24 eligible pitches; reliability 44%.","0-1",24,114.63699824136,0.444444444444444,"run_game_count_window_v1","2026-09-21","2026-09-22 14:30:35 UTC"
"656492","Foster Griffin","Washington Nationals",3,"best_count_to_run","Best projected count window: 2-2. 23% offspeed and 29% breaking balls across 28 eligible pitches; reliability 48%.","2-2",28,127.428694922066,0.482758620689655,"run_game_count_window_v1","2026-09-21","2026-09-22 14:30:35 UTC"
"656529","Sam Hentges","San Francisco Giants",2,"best_count_to_run","Best projected count window: 1-2. 10% offspeed and 43% breaking balls across 17 eligible pitches; reliability 36%.","1-2",17,94.8045426721845,0.361702127659574,"run_game_count_window_v1","2026-09-21","2026-09-22 14:30:35 UTC"
"656529","Sam Hentges","San Francisco Giants",3,"best_count_to_run","Best projected count window: 1-2. 10% offspeed and 37% breaking balls across 16 eligible pitches; reliability 35%.","1-2",16,89.0631624010677,0.347826086956522,"run_game_count_window_v1","2026-09-21","2026-09-22 14:30:35 UTC"
"656546","Jeff Hoffman","Toronto Blue Jays",2,"best_count_to_run","Best projected count window: 1-2. 27% offspeed and 30% breaking balls across 36 eligible pitches; reliability 55%.","1-2",36,137.561835642348,0.545454545454545,"run_game_count_window_v1","2026-09-21","2026-09-22 14:30:35 UTC"
"656546","Jeff Hoffman","Toronto Blue Jays",3,"best_count_to_run","Best projected count window: 1-1. 20% offspeed and 34% breaking balls across 17 eligible pitches; reliability 36%.","1-1",17,120.840539968786,0.361702127659574,"run_game_count_window_v1","2026-09-21","2026-09-22 14:30:35 UTC"
"656550","Grant Holmes","Atlanta Braves",2,"best_count_to_run","Best projected count window: 1-1. 17% offspeed and 28% breaking balls across 65 eligible pitches; reliability 68%.","1-1",65,105.569424226402,0.684210526315789,"run_game_count_window_v1","2026-09-21","2026-09-22 14:30:35 UTC"
"656550","Grant Holmes","Atlanta Braves",3,"best_count_to_run","Best projected count window: 2-1. 18% offspeed and 38% breaking balls across 18 eligible pitches; reliability 38%.","2-1",18,116.265665286016,0.375,"run_game_count_window_v1","2026-09-21","2026-09-22 14:30:35 UTC"
"656605","Mitch Keller","Pittsburgh Pirates",2,"best_count_to_run","Best projected count window: 1-2. 16% offspeed and 33% breaking balls across 48 eligible pitches; reliability 62%.","1-2",48,106.393299795843,0.615384615384615,"run_game_count_window_v1","2026-09-21","2026-09-22 14:30:35 UTC"
"656605","Mitch Keller","Pittsburgh Pirates",3,"best_count_to_run","Best projected count window: 0-1. 17% offspeed and 36% breaking balls across 46 eligible pitches; reliability 61%.","0-1",46,110.237498498155,0.605263157894737,"run_game_count_window_v1","2026-09-21","2026-09-22 14:30:35 UTC"
"656638","Alex Lange","Kansas City Royals",2,"best_count_to_run","Best projected count window: 2-2. 25% offspeed and 36% breaking balls across 28 eligible pitches; reliability 48%.","2-2",28,138.556455030831,0.482758620689655,"run_game_count_window_v1","2026-09-21","2026-09-22 14:30:35 UTC"
"656638","Alex Lange","Kansas City Royals",3,"best_count_to_run","Best projected count window: 3-2. 26% offspeed and 29% breaking balls across 19 eligible pitches; reliability 39%.","3-2",19,132.43151211415,0.387755102040816,"run_game_count_window_v1","2026-09-21","2026-09-22 14:30:35 UTC"
"656641","Jacob Latz","Texas Rangers",2,"best_count_to_run","Best projected count window: 0-1. 21% offspeed and 26% breaking balls across 25 eligible pitches; reliability 45%.","0-1",25,114.65717143819,0.454545454545455,"run_game_count_window_v1","2026-09-21","2026-09-22 14:30:35 UTC"
"656641","Jacob Latz","Texas Rangers",3,"best_count_to_run","Best projected count window: 1-1. 25% offspeed and 24% breaking balls across 20 eligible pitches; reliability 40%.","1-1",20,126.606689593614,0.4,"run_game_count_window_v1","2026-09-21","2026-09-22 14:30:35 UTC"
"656730","Trevor Megill","Milwaukee Brewers",2,"best_count_to_run","Best projected count window: 1-1. 10% offspeed and 30% breaking balls across 17 eligible pitches; reliability 36%.","1-1",17,80.3929760269881,0.361702127659574,"run_game_count_window_v1","2026-09-21","2026-09-22 14:30:35 UTC"
"656730","Trevor Megill","Milwaukee Brewers",3,"best_count_to_run","Best projected count window: 1-2. 10% offspeed and 36% breaking balls across 15 eligible pitches; reliability 33%.","1-2",15,87.910818031456,0.333333333333333,"run_game_count_window_v1","2026-09-21","2026-09-22 14:30:35 UTC"
"656794","Sean Newcomb","Chicago White Sox",2,"best_count_to_run","Best projected count window: 0-2. 11% offspeed and 39% breaking balls across 31 eligible pitches; reliability 51%.","0-2",31,94.8749653381965,0.508196721311475,"run_game_count_window_v1","2026-09-21","2026-09-22 14:30:35 UTC"
"656794","Sean Newcomb","Chicago White Sox",3,"best_count_to_run","Best projected count window: 0-2. 9% offspeed and 42% breaking balls across 23 eligible pitches; reliability 43%.","0-2",23,90.0808805336398,0.433962264150943,"run_game_count_window_v1","2026-09-21","2026-09-22 14:30:35 UTC"
"656848","Michael Petersen","Miami Marlins",2,"best_count_to_run","Best projected count window: 0-1. 26% offspeed and 32% breaking balls across 27 eligible pitches; reliability 47%.","0-1",27,135.471584426102,0.473684210526316,"run_game_count_window_v1","2026-09-21","2026-09-22 14:30:35 UTC"
"656848","Michael Petersen","Miami Marlins",3,"best_count_to_run","Best projected count window: 1-0. 16% offspeed and 28% breaking balls across 16 eligible pitches; reliability 35%.","1-0",16,101.293872899731,0.347826086956522,"run_game_count_window_v1","2026-09-21","2026-09-22 14:30:35 UTC"
"656849","David Peterson","New York Mets",2,"best_count_to_run","Best projected count window: 1-1. 21% offspeed and 29% breaking balls across 26 eligible pitches; reliability 46%.","1-1",26,116.949067640222,0.464285714285714,"run_game_count_window_v1","2026-09-21","2026-09-22 14:30:35 UTC"
"656849","David Peterson","Chicago Cubs",3,"best_count_to_run","Best projected count window: 2-2. 20% offspeed and 36% breaking balls across 17 eligible pitches; reliability 36%.","2-2",17,123.433415900489,0.361702127659574,"run_game_count_window_v1","2026-09-21","2026-09-22 14:30:35 UTC"
"656876","Drew Rasmussen","Tampa Bay Rays",2,"best_count_to_run","Best projected count window: 1-2. 20% offspeed and 10% breaking balls across 70 eligible pitches; reliability 70%.","1-2",70,93.8909693520296,0.7,"run_game_count_window_v1","2026-09-21","2026-09-22 14:30:35 UTC"
"656876","Drew Rasmussen","Tampa Bay Rays",3,"best_count_to_run","Best projected count window: 1-2. 19% offspeed and 20% breaking balls across 31 eligible pitches; reliability 51%.","1-2",31,101.692642950304,0.508196721311475,"run_game_count_window_v1","2026-09-21","2026-09-22 14:30:35 UTC"
"656945","Tanner Scott","Los Angeles Dodgers",2,"best_count_to_run","Best projected count window: 1-1. 9% offspeed and 40% breaking balls across 18 eligible pitches; reliability 38%.","1-1",18,89.9833713686261,0.375,"run_game_count_window_v1","2026-09-21","2026-09-22 14:30:35 UTC"
"656945","Tanner Scott","Los Angeles Dodgers",3,"best_count_to_run","Best projected count window: 2-2. 9% offspeed and 40% breaking balls across 18 eligible pitches; reliability 38%.","2-2",18,89.8449224775148,0.375,"run_game_count_window_v1","2026-09-21","2026-09-22 14:30:35 UTC"
"656986","Bennett Sousa","Houston Astros",2,"best_count_to_run","Best projected count window: 0-1. 10% offspeed and 41% breaking balls across 16 eligible pitches; reliability 35%.","0-1",16,94.0743423176593,0.347826086956522,"run_game_count_window_v1","2026-09-21","2026-09-22 14:30:35 UTC"
"656986","Bennett Sousa","Houston Astros",3,"best_count_to_run","Best projected count window: 1-2. 10% offspeed and 51% breaking balls across 17 eligible pitches; reliability 36%.","1-2",17,103.255938029295,0.361702127659574,"run_game_count_window_v1","2026-09-21","2026-09-22 14:30:35 UTC"
"657044","Ryan Thompson","Arizona Diamondbacks",2,"best_count_to_run","Best projected count window: 1-2. 10% offspeed and 36% breaking balls across 15 eligible pitches; reliability 33%.","1-2",15,90.0662000913358,0.333333333333333,"run_game_count_window_v1","2026-09-21","2026-09-22 14:30:35 UTC"
"657044","Ryan Thompson","Arizona Diamondbacks",3,"best_count_to_run","Best projected count window: 1-2. 10% offspeed and 34% breaking balls across 17 eligible pitches; reliability 36%.","1-2",17,87.0674387940352,0.361702127659574,"run_game_count_window_v1","2026-09-21","2026-09-22 14:30:35 UTC"
"657097","Jacob Webb","Chicago Cubs",2,"best_count_to_run","Best projected count window: 0-1. 32% offspeed and 32% breaking balls across 49 eligible pitches; reliability 62%.","0-1",49,158.767404589776,0.620253164556962,"run_game_count_window_v1","2026-09-21","2026-09-22 14:30:35 UTC"
"657097","Jacob Webb","Chicago Cubs",3,"best_count_to_run","Best projected count window: 0-2. 36% offspeed and 20% breaking balls across 25 eligible pitches; reliability 45%.","0-2",25,157.540179812146,0.454545454545455,"run_game_count_window_v1","2026-09-21","2026-09-22 14:30:35 UTC"
"657277","Logan Webb","San Francisco Giants",2,"best_count_to_run","Best projected count window: 2-2. 28% offspeed and 23% breaking balls across 44 eligible pitches; reliability 59%.","2-2",44,134.739890719476,0.594594594594595,"run_game_count_window_v1","2026-09-21","2026-09-22 14:30:35 UTC"
"657277","Logan Webb","San Francisco Giants",3,"best_count_to_run","Best projected count window: 2-2. 27% offspeed and 24% breaking balls across 28 eligible pitches; reliability 48%.","2-2",28,132.736584640663,0.482758620689655,"run_game_count_window_v1","2026-09-21","2026-09-22 14:30:35 UTC"
"657424","Matt Gage","San Francisco Giants",2,"best_count_to_run","Best projected count window: 2-2. 19% offspeed and 31% breaking balls across 16 eligible pitches; reliability 35%.","2-2",16,111.89566513956,0.347826086956522,"run_game_count_window_v1","2026-09-21","2026-09-22 14:30:35 UTC"
"657424","Matt Gage","San Francisco Giants",3,"best_count_to_run","Best projected count window: 2-2. 19% offspeed and 36% breaking balls across 15 eligible pitches; reliability 33%.","2-2",15,118.678417130296,0.333333333333333,"run_game_count_window_v1","2026-09-21","2026-09-22 14:30:35 UTC"
"657514","Brennan Bernardino","Colorado Rockies",2,"best_count_to_run","Best projected count window: 1-2. 20% offspeed and 31% breaking balls across 18 eligible pitches; reliability 38%.","1-2",18,118.027932002343,0.375,"run_game_count_window_v1","2026-09-21","2026-09-22 14:30:35 UTC"
"657514","Brennan Bernardino","Colorado Rockies",3,"best_count_to_run","Best projected count window: 1-2. 16% offspeed and 33% breaking balls across 18 eligible pitches; reliability 38%.","1-2",18,106.374401104409,0.375,"run_game_count_window_v1","2026-09-21","2026-09-22 14:30:35 UTC"
"657571","Caleb Ferguson","Cincinnati Reds",2,"best_count_to_run","Best projected count window: 0-2. 10% offspeed and 25% breaking balls across 15 eligible pitches; reliability 33%.","0-2",15,77.5175783034392,0.333333333333333,"run_game_count_window_v1","2026-09-21","2026-09-22 14:30:35 UTC"
"657612","Tim Hill","New York Yankees",2,"best_count_to_run","Best projected count window: 0-2. 9% offspeed and 25% breaking balls across 18 eligible pitches; reliability 38%.","0-2",18,76.9345176595192,0.375,"run_game_count_window_v1","2026-09-21","2026-09-22 14:30:35 UTC"
"657746","Joe Ryan","Minnesota Twins",2,"best_count_to_run","Best projected count window: 0-2. 18% offspeed and 34% breaking balls across 35 eligible pitches; reliability 54%.","0-2",35,112.888675192406,0.538461538461538,"run_game_count_window_v1","2026-09-21","2026-09-22 14:30:35 UTC"
"657746","Joe Ryan","Minnesota Twins",3,"best_count_to_run","Best projected count window: 0-2. 16% offspeed and 40% breaking balls across 25 eligible pitches; reliability 45%.","0-2",25,112.161426062139,0.454545454545455,"run_game_count_window_v1","2026-09-21","2026-09-22 14:30:35 UTC"
"660271","Shohei Ohtani","Los Angeles Dodgers",2,"best_count_to_run","Best projected count window: 0-1. 13% offspeed and 46% breaking balls across 35 eligible pitches; reliability 54%.","0-1",35,109.945965137992,0.538461538461538,"run_game_count_window_v1","2026-09-21","2026-09-22 14:30:35 UTC"
"660271","Shohei Ohtani","Los Angeles Dodgers",3,"best_count_to_run","Best projected count window: 0-1. 22% offspeed and 35% breaking balls across 22 eligible pitches; reliability 42%.","0-1",22,128.000404159675,0.423076923076923,"run_game_count_window_v1","2026-09-21","2026-09-22 14:30:35 UTC"
"660604","Alan Rangel","Philadelphia Phillies",2,"best_count_to_run","Best projected count window: 1-2. 26% offspeed and 25% breaking balls across 23 eligible pitches; reliability 43%.","1-2",23,129.676838420954,0.433962264150943,"run_game_count_window_v1","2026-09-21","2026-09-22 14:30:35 UTC"
"660604","Alan Rangel","Philadelphia Phillies",3,"best_count_to_run","Best projected count window: 0-1. 19% offspeed and 37% breaking balls across 16 eligible pitches; reliability 35%.","0-1",16,119.689959830902,0.347826086956522,"run_game_count_window_v1","2026-09-21","2026-09-22 14:30:35 UTC"
"660761","José Suarez","Athletics",2,"best_count_to_run","Best projected count window: 1-1. 26% offspeed and 29% breaking balls across 26 eligible pitches; reliability 46%.","1-1",26,135.154274819315,0.464285714285714,"run_game_count_window_v1","2026-09-21","2026-09-22 14:30:35 UTC"
"660761","José Suarez","Atlanta Braves",3,"best_count_to_run","Best projected count window: 0-1. 17% offspeed and 38% breaking balls across 15 eligible pitches; reliability 33%.","0-1",15,113.737253102786,0.333333333333333,"run_game_count_window_v1","2026-09-21","2026-09-22 14:30:35 UTC"
"660787","Yerry De los Santos","New York Yankees",2,"best_count_to_run","Best projected count window: 0-1. 12% offspeed and 21% breaking balls across 17 eligible pitches; reliability 36%.","0-1",17,79.1158816958699,0.361702127659574,"run_game_count_window_v1","2026-09-21","2026-09-22 14:30:35 UTC"
"660825","Eduard Bazardo","Seattle Mariners",2,"best_count_to_run","Best projected count window: 1-2. 11% offspeed and 37% breaking balls across 19 eligible pitches; reliability 39%.","1-2",19,94.057181554614,0.387755102040816,"run_game_count_window_v1","2026-09-21","2026-09-22 14:30:35 UTC"
"660825","Eduard Bazardo","Seattle Mariners",3,"best_count_to_run","Best projected count window: 2-1. 10% offspeed and 37% breaking balls across 16 eligible pitches; reliability 35%.","2-1",16,89.4275164375869,0.347826086956522,"run_game_count_window_v1","2026-09-21","2026-09-22 14:30:35 UTC"
"660853","Enyel De Los Santos","Houston Astros",2,"best_count_to_run","Best projected count window: 1-0. 21% offspeed and 39% breaking balls across 26 eligible pitches; reliability 46%.","1-0",26,127.395028623353,0.464285714285714,"run_game_count_window_v1","2026-09-21","2026-09-22 14:30:35 UTC"
"660853","Enyel De Los Santos","Houston Astros",3,"best_count_to_run","Best projected count window: 0-1. 26% offspeed and 30% breaking balls across 34 eligible pitches; reliability 53%.","0-1",34,134.968167369248,0.53125,"run_game_count_window_v1","2026-09-21","2026-09-22 14:30:35 UTC"
"661395","Jhoan Duran","Philadelphia Phillies",2,"best_count_to_run","Best projected count window: 0-1. 43% offspeed and 23% breaking balls across 32 eligible pitches; reliability 52%.","0-1",32,182.368657370421,0.516129032258065,"run_game_count_window_v1","2026-09-21","2026-09-22 14:30:35 UTC"
"661395","Jhoan Duran","Philadelphia Phillies",3,"best_count_to_run","Best projected count window: 1-0. 30% offspeed and 27% breaking balls across 15 eligible pitches; reliability 33%.","1-0",15,144.751637751266,0.333333333333333,"run_game_count_window_v1","2026-09-21","2026-09-22 14:30:35 UTC"
"661563","Luis Gil","New York Yankees",2,"best_count_to_run","Best projected count window: 1-2. 20% offspeed and 28% breaking balls across 17 eligible pitches; reliability 36%.","1-2",17,114.113291584862,0.361702127659574,"run_game_count_window_v1","2026-09-21","2026-09-22 14:30:35 UTC"
"662253","Andrés Muñoz","Seattle Mariners",2,"best_count_to_run","Best projected count window: 1-1. 16% offspeed and 37% breaking balls across 22 eligible pitches; reliability 42%.","1-1",22,110.057983732386,0.423076923076923,"run_game_count_window_v1","2026-09-21","2026-09-22 14:30:35 UTC"
"663362","Matt Waldron","San Diego Padres",2,"best_count_to_run","Best projected count window: 2-2. 21% offspeed and 22% breaking balls across 15 eligible pitches; reliability 33%.","2-2",15,112.764162636653,0.333333333333333,"run_game_count_window_v1","2026-09-21","2026-09-22 14:30:35 UTC"
"663362","Matt Waldron","San Diego Padres",3,"best_count_to_run","Best projected count window: 0-1. 21% offspeed and 28% breaking balls across 20 eligible pitches; reliability 40%.","0-1",20,118.417450362866,0.4,"run_game_count_window_v1","2026-09-21","2026-09-22 14:30:35 UTC"
"663372","Ryan Feltner","Colorado Rockies",2,"best_count_to_run","Best projected count window: 2-2. 24% offspeed and 30% breaking balls across 27 eligible pitches; reliability 47%.","2-2",27,128.398681664156,0.473684210526316,"run_game_count_window_v1","2026-09-21","2026-09-22 14:30:35 UTC"
"663372","Ryan Feltner","Colorado Rockies",3,"best_count_to_run","Best projected count window: 0-2. 28% offspeed and 33% breaking balls across 22 eligible pitches; reliability 42%.","0-2",22,145.399637629694,0.423076923076923,"run_game_count_window_v1","2026-09-21","2026-09-22 14:30:35 UTC"
"663423","Trent Thornton","Chicago Cubs",2,"best_count_to_run","Best projected count window: 1-1. 9% offspeed and 29% breaking balls across 21 eligible pitches; reliability 41%.","1-1",21,78.5406156481298,0.411764705882353,"run_game_count_window_v1","2026-09-21","2026-09-22 14:30:35 UTC"
"663423","Trent Thornton","Chicago Cubs",3,"best_count_to_run","Best projected count window: 1-2. 10% offspeed and 37% breaking balls across 16 eligible pitches; reliability 35%.","1-2",16,89.792902364579,0.347826086956522,"run_game_count_window_v1","2026-09-21","2026-09-22 14:30:35 UTC"
"663436","Davis Martin","Chicago White Sox",2,"best_count_to_run","Best projected count window: 1-1. 22% offspeed and 20% breaking balls across 63 eligible pitches; reliability 68%.","1-1",63,113.035998249354,0.67741935483871,"run_game_count_window_v1","2026-09-21","2026-09-22 14:30:35 UTC"
"663436","Davis Martin","Chicago White Sox",3,"best_count_to_run","Best projected count window: 0-2. 21% offspeed and 31% breaking balls across 21 eligible pitches; reliability 41%.","0-2",21,119.252565827244,0.411764705882353,"run_game_count_window_v1","2026-09-21","2026-09-22 14:30:35 UTC"
"663460","Kris Bubic","Kansas City Royals",2,"best_count_to_run","Best projected count window: 0-2. 24% offspeed and 31% breaking balls across 22 eligible pitches; reliability 42%.","0-2",22,130.602821707231,0.423076923076923,"run_game_count_window_v1","2026-09-21","2026-09-22 14:30:35 UTC"
"663460","Kris Bubic","Kansas City Royals",3,"best_count_to_run","Best projected count window: 0-1. 23% offspeed and 29% breaking balls across 15 eligible pitches; reliability 33%.","0-1",15,126.729588559241,0.333333333333333,"run_game_count_window_v1","2026-09-21","2026-09-22 14:30:35 UTC"
"663542","Bryan Hudson","Chicago White Sox",2,"best_count_to_run","Best projected count window: 1-2. 9% offspeed and 33% breaking balls across 21 eligible pitches; reliability 41%.","1-2",21,83.0192104288351,0.411764705882353,"run_game_count_window_v1","2026-09-21","2026-09-22 14:30:35 UTC"
"663542","Bryan Hudson","Chicago White Sox",3,"best_count_to_run","Best projected count window: 2-2. 10% offspeed and 35% breaking balls across 16 eligible pitches; reliability 35%.","2-2",16,87.964310340386,0.347826086956522,"run_game_count_window_v1","2026-09-21","2026-09-22 14:30:35 UTC"
"663554","Casey Mize","Detroit Tigers",2,"best_count_to_run","Best projected count window: 1-2. 26% offspeed and 31% breaking balls across 25 eligible pitches; reliability 45%.","1-2",25,138.05155387656,0.454545454545455,"run_game_count_window_v1","2026-09-21","2026-09-22 14:30:35 UTC"
"663554","Casey Mize","Detroit Tigers",3,"best_count_to_run","Best projected count window: 0-1. 19% offspeed and 39% breaking balls across 31 eligible pitches; reliability 51%.","0-1",31,121.730554105354,0.508196721311475,"run_game_count_window_v1","2026-09-21","2026-09-22 14:30:35 UTC"
"663556","Shane McClanahan","Tampa Bay Rays",2,"best_count_to_run","Best projected count window: 1-2. 37% offspeed and 23% breaking balls across 39 eligible pitches; reliability 57%.","1-2",39,165.252669901309,0.565217391304348,"run_game_count_window_v1","2026-09-21","2026-09-22 14:30:35 UTC"
"663556","Shane McClanahan","Tampa Bay Rays",3,"best_count_to_run","Best projected count window: 1-1. 26% offspeed and 29% breaking balls across 33 eligible pitches; reliability 52%.","1-1",33,135.065428757446,0.523809523809524,"run_game_count_window_v1","2026-09-21","2026-09-22 14:30:35 UTC"
"663558","Jovani Morán","Boston Red Sox",2,"best_count_to_run","Best projected count window: 1-2. 32% offspeed and 18% breaking balls across 37 eligible pitches; reliability 55%.","1-2",37,144.674130234598,0.552238805970149,"run_game_count_window_v1","2026-09-21","2026-09-22 14:30:35 UTC"
"663558","Jovani Morán","Boston Red Sox",3,"best_count_to_run","Best projected count window: 2-2. 24% offspeed and 20% breaking balls across 19 eligible pitches; reliability 39%.","2-2",19,118.445789127637,0.387755102040816,"run_game_count_window_v1","2026-09-21","2026-09-22 14:30:35 UTC"
"663567","Peter Lambert","Houston Astros",2,"best_count_to_run","Best projected count window: 2-2. 28% offspeed and 30% breaking balls across 68 eligible pitches; reliability 69%.","2-2",68,142.424352755296,0.693877551020408,"run_game_count_window_v1","2026-09-21","2026-09-22 14:30:35 UTC"
"663567","Peter Lambert","Houston Astros",3,"best_count_to_run","Best projected count window: 1-1. 26% offspeed and 32% breaking balls across 30 eligible pitches; reliability 50%.","1-1",30,137.529100980983,0.5,"run_game_count_window_v1","2026-09-21","2026-09-22 14:30:35 UTC"
"663568","Stephen Kolek","Kansas City Royals",2,"best_count_to_run","Best projected count window: 1-1. 22% offspeed and 26% breaking balls across 17 eligible pitches; reliability 36%.","1-1",17,119.466870083624,0.361702127659574,"run_game_count_window_v1","2026-09-21","2026-09-22 14:30:35 UTC"
"663574","Tony Santillan","Cincinnati Reds",2,"best_count_to_run","Best projected count window: 0-1. 9% offspeed and 40% breaking balls across 20 eligible pitches; reliability 40%.","0-1",20,89.8704104640429,0.4,"run_game_count_window_v1","2026-09-21","2026-09-22 14:30:35 UTC"
"663574","Tony Santillan","Cincinnati Reds",3,"best_count_to_run","Best projected count window: 1-1. 10% offspeed and 36% breaking balls across 15 eligible pitches; reliability 33%.","1-1",15,88.7151669643378,0.333333333333333,"run_game_count_window_v1","2026-09-21","2026-09-22 14:30:35 UTC"
"663623","Jake Irvin","Washington Nationals",2,"best_count_to_run","Best projected count window: 1-1. 17% offspeed and 28% breaking balls across 37 eligible pitches; reliability 55%.","1-1",37,105.694488429881,0.552238805970149,"run_game_count_window_v1","2026-09-21","2026-09-22 14:30:35 UTC"
"663623","Jake Irvin","Washington Nationals",3,"best_count_to_run","Best projected count window: 0-1. 12% offspeed and 36% breaking balls across 31 eligible pitches; reliability 51%.","0-1",31,97.7373544397535,0.508196721311475,"run_game_count_window_v1","2026-09-21","2026-09-22 14:30:35 UTC"
"663687","Hogan Harris","Athletics",2,"best_count_to_run","Best projected count window: 1-0. 9% offspeed and 42% breaking balls across 44 eligible pitches; reliability 59%.","1-0",44,92.3101527535441,0.594594594594595,"run_game_count_window_v1","2026-09-21","2026-09-22 14:30:35 UTC"
"663687","Hogan Harris","Athletics",3,"best_count_to_run","Best projected count window: 1-1. 16% offspeed and 35% breaking balls across 24 eligible pitches; reliability 44%.","1-1",24,108.437577011442,0.444444444444444,"run_game_count_window_v1","2026-09-21","2026-09-22 14:30:35 UTC"
"663738","Daniel Lynch IV","Kansas City Royals",2,"best_count_to_run","Best projected count window: 1-1. 25% offspeed and 28% breaking balls across 37 eligible pitches; reliability 55%.","1-1",37,129.674511343796,0.552238805970149,"run_game_count_window_v1","2026-09-21","2026-09-22 14:30:35 UTC"
"663738","Daniel Lynch IV","Kansas City Royals",3,"best_count_to_run","Best projected count window: 0-1. 21% offspeed and 35% breaking balls across 25 eligible pitches; reliability 45%.","0-1",25,124.163487178784,0.454545454545455,"run_game_count_window_v1","2026-09-21","2026-09-22 14:30:35 UTC"
"663765","Jake Woodford","Milwaukee Brewers",2,"best_count_to_run","Best projected count window: 1-1. 23% offspeed and 20% breaking balls across 16 eligible pitches; reliability 35%.","1-1",16,115.275189472634,0.347826086956522,"run_game_count_window_v1","2026-09-21","2026-09-22 14:30:35 UTC"
"663765","Jake Woodford","Milwaukee Brewers",3,"best_count_to_run","Best projected count window: 1-0. 16% offspeed and 19% breaking balls across 17 eligible pitches; reliability 36%.","1-0",17,91.9271184304867,0.361702127659574,"run_game_count_window_v1","2026-09-21","2026-09-22 14:30:35 UTC"
"663767","Chase Shugart","Philadelphia Phillies",2,"best_count_to_run","Best projected count window: 0-1. 14% offspeed and 24% breaking balls across 16 eligible pitches; reliability 35%.","0-1",16,90.3882810441881,0.347826086956522,"run_game_count_window_v1","2026-09-21","2026-09-22 14:30:35 UTC"
"663767","Chase Shugart","Philadelphia Phillies",3,"best_count_to_run","Best projected count window: 1-2. 17% offspeed and 31% breaking balls across 15 eligible pitches; reliability 33%.","1-2",15,106.219856096172,0.333333333333333,"run_game_count_window_v1","2026-09-21","2026-09-22 14:30:35 UTC"
"663776","Patrick Sandoval","Boston Red Sox",2,"best_count_to_run","Best projected count window: 1-2. 29% offspeed and 25% breaking balls across 35 eligible pitches; reliability 54%.","1-2",35,138.968181825246,0.538461538461538,"run_game_count_window_v1","2026-09-21","2026-09-22 14:30:35 UTC"
"663776","Patrick Sandoval","Boston Red Sox",3,"best_count_to_run","Best projected count window: 1-1. 27% offspeed and 28% breaking balls across 21 eligible pitches; reliability 41%.","1-1",21,135.490480348563,0.411764705882353,"run_game_count_window_v1","2026-09-21","2026-09-22 14:30:35 UTC"
"663855","Jordan Hicks","Chicago White Sox",2,"best_count_to_run","Best projected count window: 1-2. 16% offspeed and 29% breaking balls across 18 eligible pitches; reliability 38%.","1-2",18,99.9397761424689,0.375,"run_game_count_window_v1","2026-09-21","2026-09-22 14:30:35 UTC"
"663855","Jordan Hicks","Chicago White Sox",3,"best_count_to_run","Best projected count window: 1-0. 10% offspeed and 31% breaking balls across 15 eligible pitches; reliability 33%.","1-0",15,83.1529769920997,0.333333333333333,"run_game_count_window_v1","2026-09-21","2026-09-22 14:30:35 UTC"
"663878","Nate Pearson","Houston Astros",2,"best_count_to_run","Best projected count window: 1-1. 9% offspeed and 40% breaking balls across 20 eligible pitches; reliability 40%.","1-1",20,89.2874103998329,0.4,"run_game_count_window_v1","2026-09-21","2026-09-22 14:30:35 UTC"
"663893","Brendon Little","Toronto Blue Jays",2,"best_count_to_run","Best projected count window: 0-1. 9% offspeed and 46% breaking balls across 18 eligible pitches; reliability 38%.","0-1",18,96.6597974612736,0.375,"run_game_count_window_v1","2026-09-21","2026-09-22 14:30:35 UTC"
"663893","Brendon Little","Toronto Blue Jays",3,"best_count_to_run","Best projected count window: 0-1. 10% offspeed and 33% breaking balls across 16 eligible pitches; reliability 35%.","0-1",16,84.2253107071453,0.347826086956522,"run_game_count_window_v1","2026-09-21","2026-09-22 14:30:35 UTC"
"663903","Brady Singer","Cincinnati Reds",2,"best_count_to_run","Best projected count window: 0-0. 10% offspeed and 33% breaking balls across 15 eligible pitches; reliability 33%.","0-0",15,87.1412852457609,0.333333333333333,"run_game_count_window_v1","2026-09-21","2026-09-22 14:30:35 UTC"
"663903","Brady Singer","Cincinnati Reds",3,"best_count_to_run","Best projected count window: 2-1. 9% offspeed and 39% breaking balls across 21 eligible pitches; reliability 41%.","2-1",21,89.2976691173601,0.411764705882353,"run_game_count_window_v1","2026-09-21","2026-09-22 14:30:35 UTC"
"663947","Tyler Holton","Detroit Tigers",2,"best_count_to_run","Best projected count window: 1-2. 17% offspeed and 34% breaking balls across 46 eligible pitches; reliability 61%.","1-2",46,109.633217914354,0.605263157894737,"run_game_count_window_v1","2026-09-21","2026-09-22 14:30:35 UTC"
"663947","Tyler Holton","Detroit Tigers",3,"best_count_to_run","Best projected count window: 1-0. 23% offspeed and 24% breaking balls across 25 eligible pitches; reliability 45%.","1-0",25,119.589353342717,0.454545454545455,"run_game_count_window_v1","2026-09-21","2026-09-22 14:30:35 UTC"
"663969","Tyler Phillips","Miami Marlins",2,"best_count_to_run","Best projected count window: 0-2. 27% offspeed and 37% breaking balls across 35 eligible pitches; reliability 54%.","0-2",35,146.380337430508,0.538461538461538,"run_game_count_window_v1","2026-09-21","2026-09-22 14:30:35 UTC"
"663969","Tyler Phillips","Miami Marlins",3,"best_count_to_run","Best projected count window: 1-1. 23% offspeed and 41% breaking balls across 29 eligible pitches; reliability 49%.","1-1",29,136.933110061684,0.491525423728814,"run_game_count_window_v1","2026-09-21","2026-09-22 14:30:35 UTC"
"663978","Chris Paddack","Cincinnati Reds",2,"best_count_to_run","Best projected count window: 1-1. 19% offspeed and 31% breaking balls across 16 eligible pitches; reliability 35%.","1-1",16,112.745409032142,0.347826086956522,"run_game_count_window_v1","2026-09-21","2026-09-22 14:30:35 UTC"
"663978","Chris Paddack","Miami Marlins",3,"best_count_to_run","Best projected count window: 0-1. 20% offspeed and 28% breaking balls across 17 eligible pitches; reliability 36%.","0-1",17,115.571002526752,0.361702127659574,"run_game_count_window_v1","2026-09-21","2026-09-22 14:30:35 UTC"
"663992","Richard Lovelady","Washington Nationals",2,"best_count_to_run","Best projected count window: 1-1. 10% offspeed and 35% breaking balls across 16 eligible pitches; reliability 35%.","1-1",16,87.7185954763014,0.347826086956522,"run_game_count_window_v1","2026-09-21","2026-09-22 14:30:35 UTC"
"663992","Richard Lovelady","Washington Nationals",3,"best_count_to_run","Best projected count window: 0-1. 9% offspeed and 46% breaking balls across 20 eligible pitches; reliability 40%.","0-1",20,96.8500466039178,0.4,"run_game_count_window_v1","2026-09-21","2026-09-22 14:30:35 UTC"
"664076","Garrett Cleavinger","Tampa Bay Rays",2,"best_count_to_run","Best projected count window: 1-1. 9% offspeed and 49% breaking balls across 19 eligible pitches; reliability 39%.","1-1",19,99.5648002787293,0.387755102040816,"run_game_count_window_v1","2026-09-21","2026-09-22 14:30:35 UTC"
"664126","Pete Fairbanks","Miami Marlins",2,"best_count_to_run","Best projected count window: 1-1. 10% offspeed and 33% breaking balls across 15 eligible pitches; reliability 33%.","1-1",15,86.3028173874721,0.333333333333333,"run_game_count_window_v1","2026-09-21","2026-09-22 14:30:35 UTC"
"664129","Geoff Hartlieb","Athletics",2,"best_count_to_run","Best projected count window: 1-2. 10% offspeed and 28% breaking balls across 16 eligible pitches; reliability 35%.","1-2",16,80.2277943428699,0.347826086956522,"run_game_count_window_v1","2026-09-21","2026-09-22 14:30:35 UTC"
"664141","JT Brubaker","San Francisco Giants",2,"best_count_to_run","Best projected count window: 1-2. 23% offspeed and 30% breaking balls across 24 eligible pitches; reliability 44%.","1-2",24,126.106853016941,0.444444444444444,"run_game_count_window_v1","2026-09-21","2026-09-22 14:30:35 UTC"
"664141","JT Brubaker","San Francisco Giants",3,"best_count_to_run","Best projected count window: 2-2. 17% offspeed and 33% breaking balls across 15 eligible pitches; reliability 33%.","2-2",15,108.408323879468,0.333333333333333,"run_game_count_window_v1","2026-09-21","2026-09-22 14:30:35 UTC"
"664199","Taylor Clarke","Arizona Diamondbacks",2,"best_count_to_run","Best projected count window: 0-1. 23% offspeed and 30% breaking balls across 24 eligible pitches; reliability 44%.","0-1",24,125.78597515719,0.444444444444444,"run_game_count_window_v1","2026-09-21","2026-09-22 14:30:35 UTC"
"664199","Taylor Clarke","Arizona Diamondbacks",3,"best_count_to_run","Best projected count window: 1-2. 22% offspeed and 31% breaking balls across 18 eligible pitches; reliability 38%.","1-2",18,123.174529077539,0.375,"run_game_count_window_v1","2026-09-21","2026-09-22 14:30:35 UTC"
"664208","Phil Maton","Chicago Cubs",2,"best_count_to_run","Best projected count window: 1-1. 10% offspeed and 36% breaking balls across 15 eligible pitches; reliability 33%.","1-1",15,90.2431955168897,0.333333333333333,"run_game_count_window_v1","2026-09-21","2026-09-22 14:30:35 UTC"
"664285","Framber Valdez","Detroit Tigers",2,"best_count_to_run","Best projected count window: 1-2. 21% offspeed and 40% breaking balls across 65 eligible pitches; reliability 68%.","1-2",65,128.478959278728,0.684210526315789,"run_game_count_window_v1","2026-09-21","2026-09-22 14:30:35 UTC"
"664285","Framber Valdez","Detroit Tigers",3,"best_count_to_run","Best projected count window: 1-2. 20% offspeed and 39% breaking balls across 39 eligible pitches; reliability 57%.","1-2",39,124.55726234521,0.565217391304348,"run_game_count_window_v1","2026-09-21","2026-09-22 14:30:35 UTC"
"664299","Cristian Javier","Houston Astros",2,"best_count_to_run","Best projected count window: 2-1. 20% offspeed and 31% breaking balls across 18 eligible pitches; reliability 38%.","2-1",18,117.463033662808,0.375,"run_game_count_window_v1","2026-09-21","2026-09-22 14:30:35 UTC"
"664299","Cristian Javier","Houston Astros",3,"best_count_to_run","Best projected count window: 0-1. 16% offspeed and 41% breaking balls across 17 eligible pitches; reliability 36%.","0-1",17,114.218061733029,0.361702127659574,"run_game_count_window_v1","2026-09-21","2026-09-22 14:30:35 UTC"
"664991","Grant Wolfram","Baltimore Orioles",2,"best_count_to_run","Best projected count window: 0-2. 9% offspeed and 39% breaking balls across 22 eligible pitches; reliability 42%.","0-2",22,86.7753295570769,0.423076923076923,"run_game_count_window_v1","2026-09-21","2026-09-22 14:30:35 UTC"
"664991","Grant Wolfram","Baltimore Orioles",3,"best_count_to_run","Best projected count window: 1-0. 9% offspeed and 39% breaking balls across 21 eligible pitches; reliability 41%.","1-0",21,88.351569442218,0.411764705882353,"run_game_count_window_v1","2026-09-21","2026-09-22 14:30:35 UTC"
"665152","Dean Kremer","Minnesota Twins",2,"best_count_to_run","Best projected count window: 1-2. 33% offspeed and 18% breaking balls across 20 eligible pitches; reliability 40%.","1-2",20,148.022236129783,0.4,"run_game_count_window_v1","2026-09-21","2026-09-22 14:30:35 UTC"
"665152","Dean Kremer","Minnesota Twins",3,"best_count_to_run","Best projected count window: 1-2. 23% offspeed and 22% breaking balls across 15 eligible pitches; reliability 33%.","1-2",15,120.099011039313,0.333333333333333,"run_game_count_window_v1","2026-09-21","2026-09-22 14:30:35 UTC"
"665622","Luis Medina","Athletics",2,"best_count_to_run","Best projected count window: 1-2. 23% offspeed and 30% breaking balls across 24 eligible pitches; reliability 44%.","1-2",24,125.71529114258,0.444444444444444,"run_game_count_window_v1","2026-09-21","2026-09-22 14:30:35 UTC"
"665622","Luis Medina","Athletics",3,"best_count_to_run","Best projected count window: 1-2. 19% offspeed and 40% breaking balls across 20 eligible pitches; reliability 40%.","1-2",20,122.875164721416,0.4,"run_game_count_window_v1","2026-09-21","2026-09-22 14:30:35 UTC"
"665660","Elvis Alvarado","Athletics",2,"best_count_to_run","Best projected count window: 2-2. 19% offspeed and 26% breaking balls across 21 eligible pitches; reliability 41%.","2-2",21,106.147559387537,0.411764705882353,"run_game_count_window_v1","2026-09-21","2026-09-22 14:30:35 UTC"
"665660","Elvis Alvarado","Athletics",3,"best_count_to_run","Best projected count window: 1-2. 14% offspeed and 33% breaking balls across 18 eligible pitches; reliability 38%.","1-2",18,97.4659685341938,0.375,"run_game_count_window_v1","2026-09-21","2026-09-22 14:30:35 UTC"
"665795","Edward Cabrera","Chicago Cubs",2,"best_count_to_run","Best projected count window: 0-2. 28% offspeed and 27% breaking balls across 15 eligible pitches; reliability 33%.","0-2",15,137.878864462038,0.333333333333333,"run_game_count_window_v1","2026-09-21","2026-09-22 14:30:35 UTC"
"665795","Edward Cabrera","Chicago Cubs",3,"best_count_to_run","Best projected count window: 1-0. 23% offspeed and 36% breaking balls across 25 eligible pitches; reliability 45%.","1-0",25,131.144260161134,0.454545454545455,"run_game_count_window_v1","2026-09-21","2026-09-22 14:30:35 UTC"
"665871","Javier Assad","Chicago Cubs",2,"best_count_to_run","Best projected count window: 1-1. 15% offspeed and 18% breaking balls across 27 eligible pitches; reliability 47%.","1-1",27,86.4617458350991,0.473684210526316,"run_game_count_window_v1","2026-09-21","2026-09-22 14:30:35 UTC"
"665871","Javier Assad","Chicago Cubs",3,"best_count_to_run","Best projected count window: 2-2. 16% offspeed and 27% breaking balls across 18 eligible pitches; reliability 38%.","2-2",18,98.9274875745325,0.375,"run_game_count_window_v1","2026-09-21","2026-09-22 14:30:35 UTC"
"666142","Cole Ragans","Kansas City Royals",2,"best_count_to_run","Best projected count window: 2-2. 21% offspeed and 27% breaking balls across 15 eligible pitches; reliability 33%.","2-2",15,116.712761459395,0.333333333333333,"run_game_count_window_v1","2026-09-21","2026-09-22 14:30:35 UTC"
"666157","Nick Lodolo","Cincinnati Reds",2,"best_count_to_run","Best projected count window: 1-1. 31% offspeed and 19% breaking balls across 48 eligible pitches; reliability 62%.","1-1",48,142.923671110743,0.615384615384615,"run_game_count_window_v1","2026-09-21","2026-09-22 14:30:35 UTC"
"666157","Nick Lodolo","Cincinnati Reds",3,"best_count_to_run","Best projected count window: 2-1. 28% offspeed and 27% breaking balls across 15 eligible pitches; reliability 33%.","2-1",15,138.866395663694,0.333333333333333,"run_game_count_window_v1","2026-09-21","2026-09-22 14:30:35 UTC"
"666171","Ryan Zeferjahn","Los Angeles Angels",2,"best_count_to_run","Best projected count window: 0-1. 10% offspeed and 48% breaking balls across 28 eligible pitches; reliability 48%.","0-1",28,99.6669885659345,0.482758620689655,"run_game_count_window_v1","2026-09-21","2026-09-22 14:30:35 UTC"
"666171","Ryan Zeferjahn","Los Angeles Angels",3,"best_count_to_run","Best projected count window: 2-2. 9% offspeed and 43% breaking balls across 19 eligible pitches; reliability 39%.","2-2",19,93.1627654697579,0.387755102040816,"run_game_count_window_v1","2026-09-21","2026-09-22 14:30:35 UTC"
"666200","Jesús Luzardo","Philadelphia Phillies",2,"best_count_to_run","Best projected count window: 3-2. 27% offspeed and 26% breaking balls across 50 eligible pitches; reliability 62%.","3-2",50,134.68961281455,0.625,"run_game_count_window_v1","2026-09-21","2026-09-22 14:30:35 UTC"
"666200","Jesús Luzardo","Philadelphia Phillies",3,"best_count_to_run","Best projected count window: 2-0. 23% offspeed and 26% breaking balls across 16 eligible pitches; reliability 35%.","2-0",16,121.478267263038,0.347826086956522,"run_game_count_window_v1","2026-09-21","2026-09-22 14:30:35 UTC"
"666277","George Soriano","St. Louis Cardinals",2,"best_count_to_run","Best projected count window: 0-2. 28% offspeed and 32% breaking balls across 30 eligible pitches; reliability 50%.","0-2",30,142.215829831643,0.5,"run_game_count_window_v1","2026-09-21","2026-09-22 14:30:35 UTC"
"666277","George Soriano","St. Louis Cardinals",3,"best_count_to_run","Best projected count window: 1-2. 32% offspeed and 29% breaking balls across 28 eligible pitches; reliability 48%.","1-2",28,154.367676033854,0.482758620689655,"run_game_count_window_v1","2026-09-21","2026-09-22 14:30:35 UTC"
"666661","Juan Morillo","Arizona Diamondbacks",2,"best_count_to_run","Best projected count window: 2-2. 26% offspeed and 19% breaking balls across 33 eligible pitches; reliability 52%.","2-2",33,124.485720294483,0.523809523809524,"run_game_count_window_v1","2026-09-21","2026-09-22 14:30:35 UTC"
"666661","Juan Morillo","Arizona Diamondbacks",3,"best_count_to_run","Best projected count window: 1-0. 19% offspeed and 24% breaking balls across 16 eligible pitches; reliability 35%.","1-0",16,103.856715935395,0.347826086956522,"run_game_count_window_v1","2026-09-21","2026-09-22 14:30:35 UTC"
"666808","Camilo Doval","Pittsburgh Pirates",2,"best_count_to_run","Best projected count window: 2-2. 10% offspeed and 42% breaking balls across 15 eligible pitches; reliability 33%.","2-2",15,94.79644756421,0.333333333333333,"run_game_count_window_v1","2026-09-21","2026-09-22 14:30:35 UTC"
"666974","Yennier Cano","Baltimore Orioles",2,"best_count_to_run","Best projected count window: 1-1. 25% offspeed and 22% breaking balls across 21 eligible pitches; reliability 41%.","1-1",21,122.009579133329,0.411764705882353,"run_game_count_window_v1","2026-09-21","2026-09-22 14:30:35 UTC"
"666974","Yennier Cano","Baltimore Orioles",3,"best_count_to_run","Best projected count window: 1-0. 19% offspeed and 20% breaking balls across 15 eligible pitches; reliability 33%.","1-0",15,101.637073002257,0.333333333333333,"run_game_count_window_v1","2026-09-21","2026-09-22 14:30:35 UTC"
"667297","Tommy Nance","Minnesota Twins",2,"best_count_to_run","Best projected count window: 1-2. 10% offspeed and 47% breaking balls across 17 eligible pitches; reliability 36%.","1-2",17,98.6927539996684,0.361702127659574,"run_game_count_window_v1","2026-09-21","2026-09-22 14:30:35 UTC"
"667297","Tommy Nance","Minnesota Twins",3,"best_count_to_run","Best projected count window: 1-2. 10% offspeed and 50% breaking balls across 16 eligible pitches; reliability 35%.","1-2",16,102.805511800531,0.347826086956522,"run_game_count_window_v1","2026-09-21","2026-09-22 14:30:35 UTC"
"667463","John King","Miami Marlins",2,"best_count_to_run","Best projected count window: 1-1. 18% offspeed and 38% breaking balls across 23 eligible pitches; reliability 43%.","1-1",23,118.229908169704,0.433962264150943,"run_game_count_window_v1","2026-09-21","2026-09-22 14:30:35 UTC"
"667463","John King","Miami Marlins",3,"best_count_to_run","Best projected count window: 1-1. 21% offspeed and 41% breaking balls across 16 eligible pitches; reliability 35%.","1-1",16,131.07367377487,0.347826086956522,"run_game_count_window_v1","2026-09-21","2026-09-22 14:30:35 UTC"
"667755","José Soriano","Los Angeles Angels",2,"best_count_to_run","Best projected count window: 2-2. 26% offspeed and 31% breaking balls across 50 eligible pitches; reliability 62%.","2-2",50,135.353296310767,0.625,"run_game_count_window_v1","2026-09-21","2026-09-22 14:30:35 UTC"
"667755","José Soriano","Toronto Blue Jays",3,"best_count_to_run","Best projected count window: 1-0. 21% offspeed and 42% breaking balls across 20 eligible pitches; reliability 40%.","1-0",20,131.76873702053,0.4,"run_game_count_window_v1","2026-09-21","2026-09-22 14:30:35 UTC"
"668390","Cole Winn","Texas Rangers",2,"best_count_to_run","Best projected count window: 1-2. 20% offspeed and 30% breaking balls across 24 eligible pitches; reliability 44%.","1-2",24,113.873290427917,0.444444444444444,"run_game_count_window_v1","2026-09-21","2026-09-22 14:30:35 UTC"
"668390","Cole Winn","Texas Rangers",3,"best_count_to_run","Best projected count window: 1-0. 16% offspeed and 27% breaking balls across 18 eligible pitches; reliability 38%.","1-0",18,98.6933733613863,0.375,"run_game_count_window_v1","2026-09-21","2026-09-22 14:30:35 UTC"
"668674","Lucas Erceg","Kansas City Royals",2,"best_count_to_run","Best projected count window: 1-0. 19% offspeed and 22% breaking balls across 35 eligible pitches; reliability 54%.","1-0",35,104.294547619543,0.538461538461538,"run_game_count_window_v1","2026-09-21","2026-09-22 14:30:35 UTC"
"668674","Lucas Erceg","Kansas City Royals",3,"best_count_to_run","Best projected count window: 1-0. 21% offspeed and 30% breaking balls across 20 eligible pitches; reliability 40%.","1-0",20,119.206409686426,0.4,"run_game_count_window_v1","2026-09-21","2026-09-22 14:30:35 UTC"
"668678","Zac Gallen","Arizona Diamondbacks",2,"best_count_to_run","Best projected count window: 2-2. 28% offspeed and 38% breaking balls across 33 eligible pitches; reliability 52%.","2-2",33,150.230735258155,0.523809523809524,"run_game_count_window_v1","2026-09-21","2026-09-22 14:30:35 UTC"
"668678","Zac Gallen","Arizona Diamondbacks",3,"best_count_to_run","Best projected count window: 1-0. 16% offspeed and 42% breaking balls across 22 eligible pitches; reliability 42%.","1-0",22,116.410117730969,0.423076923076923,"run_game_count_window_v1","2026-09-21","2026-09-22 14:30:35 UTC"
"668873","Caleb Kilian","San Francisco Giants",2,"best_count_to_run","Best projected count window: 2-2. 9% offspeed and 29% breaking balls across 18 eligible pitches; reliability 38%.","2-2",18,79.7645326219398,0.375,"run_game_count_window_v1","2026-09-21","2026-09-22 14:30:35 UTC"
"668873","Caleb Kilian","San Francisco Giants",3,"best_count_to_run","Best projected count window: 1-1. 10% offspeed and 41% breaking balls across 17 eligible pitches; reliability 36%.","1-1",17,91.9566722616627,0.361702127659574,"run_game_count_window_v1","2026-09-21","2026-09-22 14:30:35 UTC"
"668909","Gavin Williams","Cleveland Guardians",2,"best_count_to_run","Best projected count window: 1-3. 10% offspeed and 41% breaking balls across 16 eligible pitches; reliability 35%.","1-3",16,93.6441249706484,0.347826086956522,"run_game_count_window_v1","2026-09-21","2026-09-22 14:30:35 UTC"
"668909","Gavin Williams","Cleveland Guardians",3,"best_count_to_run","Best projected count window: 2-1. 8% offspeed and 46% breaking balls across 24 eligible pitches; reliability 44%.","2-1",24,93.9711404560114,0.444444444444444,"run_game_count_window_v1","2026-09-21","2026-09-22 14:30:35 UTC"
"668933","Graham Ashcraft","Cincinnati Reds",2,"best_count_to_run","Best projected count window: 1-1. 9% offspeed and 42% breaking balls across 22 eligible pitches; reliability 42%.","1-1",22,90.2216977296202,0.423076923076923,"run_game_count_window_v1","2026-09-21","2026-09-22 14:30:35 UTC"
"668941","JoJo Romero","St. Louis Cardinals",2,"best_count_to_run","Best projected count window: 1-2. 16% offspeed and 41% breaking balls across 17 eligible pitches; reliability 36%.","1-2",17,113.964829699819,0.361702127659574,"run_game_count_window_v1","2026-09-21","2026-09-22 14:30:35 UTC"
"668941","JoJo Romero","St. Louis Cardinals",3,"best_count_to_run","Best projected count window: 1-2. 15% offspeed and 31% breaking balls across 15 eligible pitches; reliability 33%.","1-2",15,98.9122075201627,0.333333333333333,"run_game_count_window_v1","2026-09-21","2026-09-22 14:30:35 UTC"
"668964","Tobias Myers","New York Mets",2,"best_count_to_run","Best projected count window: 1-2. 27% offspeed and 22% breaking balls across 16 eligible pitches; reliability 35%.","1-2",16,132.913699938171,0.347826086956522,"run_game_count_window_v1","2026-09-21","2026-09-22 14:30:35 UTC"
"668964","Tobias Myers","New York Mets",3,"best_count_to_run","Best projected count window: 1-2. 30% offspeed and 23% breaking balls across 19 eligible pitches; reliability 39%.","1-2",19,141.389459628489,0.387755102040816,"run_game_count_window_v1","2026-09-21","2026-09-22 14:30:35 UTC"
"668984","Casey Legumina","Tampa Bay Rays",2,"best_count_to_run","Best projected count window: 0-2. 15% offspeed and 25% breaking balls across 26 eligible pitches; reliability 46%.","0-2",26,95.277540941448,0.464285714285714,"run_game_count_window_v1","2026-09-21","2026-09-22 14:30:35 UTC"
"668984","Casey Legumina","Tampa Bay Rays",3,"best_count_to_run","Best projected count window: 0-1. 13% offspeed and 27% breaking balls across 22 eligible pitches; reliability 42%.","0-1",22,88.4123519572449,0.423076923076923,"run_game_count_window_v1","2026-09-21","2026-09-22 14:30:35 UTC"
"669020","Ryan Rolison","Chicago Cubs",2,"best_count_to_run","Best projected count window: 2-2. 10% offspeed and 37% breaking balls across 16 eligible pitches; reliability 35%.","2-2",16,89.7949208321679,0.347826086956522,"run_game_count_window_v1","2026-09-21","2026-09-22 14:30:35 UTC"
"669020","Ryan Rolison","Chicago Cubs",3,"best_count_to_run","Best projected count window: 1-0. 9% offspeed and 46% breaking balls across 22 eligible pitches; reliability 42%.","1-0",22,95.2679987640969,0.423076923076923,"run_game_count_window_v1","2026-09-21","2026-09-22 14:30:35 UTC"
"669022","MacKenzie Gore","Texas Rangers",2,"best_count_to_run","Best projected count window: 0-2. 14% offspeed and 34% breaking balls across 46 eligible pitches; reliability 61%.","0-2",46,100.068035466514,0.605263157894737,"run_game_count_window_v1","2026-09-21","2026-09-22 14:30:35 UTC"
"669022","MacKenzie Gore","Texas Rangers",3,"best_count_to_run","Best projected count window: 2-1. 20% offspeed and 20% breaking balls across 34 eligible pitches; reliability 53%.","2-1",34,104.607930477921,0.53125,"run_game_count_window_v1","2026-09-21","2026-09-22 14:30:35 UTC"
"669062","Erik Miller","San Francisco Giants",2,"best_count_to_run","Best projected count window: 2-2. 9% offspeed and 40% breaking balls across 23 eligible pitches; reliability 43%.","2-2",23,87.5149018798629,0.433962264150943,"run_game_count_window_v1","2026-09-21","2026-09-22 14:30:35 UTC"
"669062","Erik Miller","San Francisco Giants",3,"best_count_to_run","Best projected count window: 1-1. 17% offspeed and 36% breaking balls across 15 eligible pitches; reliability 33%.","1-1",15,110.723850679579,0.333333333333333,"run_game_count_window_v1","2026-09-21","2026-09-22 14:30:35 UTC"
"669084","DL Hall","Milwaukee Brewers",2,"best_count_to_run","Best projected count window: 1-2. 22% offspeed and 28% breaking balls across 23 eligible pitches; reliability 43%.","1-2",23,120.216012798873,0.433962264150943,"run_game_count_window_v1","2026-09-21","2026-09-22 14:30:35 UTC"
"669084","DL Hall","Milwaukee Brewers",3,"best_count_to_run","Best projected count window: 1-1. 23% offspeed and 35% breaking balls across 21 eligible pitches; reliability 41%.","1-1",21,130.3695834498,0.411764705882353,"run_game_count_window_v1","2026-09-21","2026-09-22 14:30:35 UTC"
"669093","Jeremiah Estrada","San Diego Padres",2,"best_count_to_run","Best projected count window: 1-0. 20% offspeed and 26% breaking balls across 17 eligible pitches; reliability 36%.","1-0",17,112.417273793914,0.361702127659574,"run_game_count_window_v1","2026-09-21","2026-09-22 14:30:35 UTC"
"669093","Jeremiah Estrada","San Diego Padres",3,"best_count_to_run","Best projected count window: 0-1. 25% offspeed and 22% breaking balls across 16 eligible pitches; reliability 35%.","0-1",16,124.823049902836,0.347826086956522,"run_game_count_window_v1","2026-09-21","2026-09-22 14:30:35 UTC"
"669160","Dustin May","St. Louis Cardinals",2,"best_count_to_run","Best projected count window: 1-2. 13% offspeed and 36% breaking balls across 51 eligible pitches; reliability 63%.","1-2",51,98.3034457916563,0.62962962962963,"run_game_count_window_v1","2026-09-21","2026-09-22 14:30:35 UTC"
"669160","Dustin May","St. Louis Cardinals",3,"best_count_to_run","Best projected count window: 1-2. 14% offspeed and 32% breaking balls across 23 eligible pitches; reliability 43%.","1-2",23,98.6699364879513,0.433962264150943,"run_game_count_window_v1","2026-09-21","2026-09-22 14:30:35 UTC"
"669165","Kyle Hurt","Los Angeles Dodgers",2,"best_count_to_run","Best projected count window: 1-0. 29% offspeed and 26% breaking balls across 20 eligible pitches; reliability 40%.","1-0",20,141.626070914287,0.4,"run_game_count_window_v1","2026-09-21","2026-09-22 14:30:35 UTC"
"669165","Kyle Hurt","Los Angeles Dodgers",3,"best_count_to_run","Best projected count window: 1-0. 22% offspeed and 21% breaking balls across 18 eligible pitches; reliability 38%.","1-0",18,112.414655092919,0.375,"run_game_count_window_v1","2026-09-21","2026-09-22 14:30:35 UTC"
"669194","Ryne Nelson","Arizona Diamondbacks",2,"best_count_to_run","Best projected count window: 1-0. 7% offspeed and 36% breaking balls across 34 eligible pitches; reliability 53%.","1-0",34,78.7172195578402,0.53125,"run_game_count_window_v1","2026-09-21","2026-09-22 14:30:35 UTC"
"669194","Ryne Nelson","Arizona Diamondbacks",3,"best_count_to_run","Best projected count window: 1-1. 10% offspeed and 33% breaking balls across 16 eligible pitches; reliability 35%.","1-1",16,84.5411610745802,0.347826086956522,"run_game_count_window_v1","2026-09-21","2026-09-22 14:30:35 UTC"
"669199","Lake Bachar","Miami Marlins",2,"best_count_to_run","Best projected count window: 0-1. 14% offspeed and 44% breaking balls across 25 eligible pitches; reliability 45%.","0-1",25,108.594900598322,0.454545454545455,"run_game_count_window_v1","2026-09-21","2026-09-22 14:30:35 UTC"
"669199","Lake Bachar","Miami Marlins",3,"best_count_to_run","Best projected count window: 1-0. 17% offspeed and 44% breaking balls across 20 eligible pitches; reliability 40%.","1-0",20,120.444595847859,0.4,"run_game_count_window_v1","2026-09-21","2026-09-22 14:30:35 UTC"
"669276","Dylan Lee","Atlanta Braves",2,"best_count_to_run","Best projected count window: 1-0. 19% offspeed and 45% breaking balls across 21 eligible pitches; reliability 41%.","1-0",21,127.893532621426,0.411764705882353,"run_game_count_window_v1","2026-09-21","2026-09-22 14:30:35 UTC"
"669276","Dylan Lee","Atlanta Braves",3,"best_count_to_run","Best projected count window: 0-2. 16% offspeed and 44% breaking balls across 16 eligible pitches; reliability 35%.","0-2",16,118.655330161912,0.347826086956522,"run_game_count_window_v1","2026-09-21","2026-09-22 14:30:35 UTC"
"669302","Logan Gilbert","Seattle Mariners",2,"best_count_to_run","Best projected count window: 1-3. 33% offspeed and 28% breaking balls across 17 eligible pitches; reliability 36%.","1-3",17,157.942207268294,0.361702127659574,"run_game_count_window_v1","2026-09-21","2026-09-22 14:30:35 UTC"
"669302","Logan Gilbert","Seattle Mariners",3,"best_count_to_run","Best projected count window: 1-2. 35% offspeed and 22% breaking balls across 52 eligible pitches; reliability 63%.","1-2",52,157.139776978751,0.634146341463415,"run_game_count_window_v1","2026-09-21","2026-09-22 14:30:35 UTC"
"669330","Tyler Wells","Baltimore Orioles",2,"best_count_to_run","Best projected count window: 1-1. 19% offspeed and 29% breaking balls across 15 eligible pitches; reliability 33%.","1-1",15,111.773272069731,0.333333333333333,"run_game_count_window_v1","2026-09-21","2026-09-22 14:30:35 UTC"
"669330","Tyler Wells","Baltimore Orioles",3,"best_count_to_run","Best projected count window: 0-2. 25% offspeed and 26% breaking balls across 20 eligible pitches; reliability 40%.","0-2",20,128.745066470052,0.4,"run_game_count_window_v1","2026-09-21","2026-09-22 14:30:35 UTC"
"669358","Shane Baz","Baltimore Orioles",2,"best_count_to_run","Best projected count window: 2-0. 18% offspeed and 26% breaking balls across 17 eligible pitches; reliability 36%.","2-0",17,105.334032650768,0.361702127659574,"run_game_count_window_v1","2026-09-21","2026-09-22 14:30:35 UTC"
"669358","Shane Baz","Baltimore Orioles",3,"best_count_to_run","Best projected count window: 2-2. 13% offspeed and 42% breaking balls across 37 eligible pitches; reliability 55%.","2-2",37,103.630765769608,0.552238805970149,"run_game_count_window_v1","2026-09-21","2026-09-22 14:30:35 UTC"
"669372","J.T. Ginn","Athletics",2,"best_count_to_run","Best projected count window: 1-2. 30% offspeed and 19% breaking balls across 44 eligible pitches; reliability 59%.","1-2",44,139.405755774858,0.594594594594595,"run_game_count_window_v1","2026-09-21","2026-09-22 14:30:35 UTC"
"669372","J.T. Ginn","Athletics",3,"best_count_to_run","Best projected count window: 1-1. 30% offspeed and 17% breaking balls across 29 eligible pitches; reliability 49%.","1-1",29,134.9793455475,0.491525423728814,"run_game_count_window_v1","2026-09-21","2026-09-22 14:30:35 UTC"
"669373","Tarik Skubal","Los Angeles Dodgers",2,"best_count_to_run","Best projected count window: 2-2. 28% offspeed and 23% breaking balls across 22 eligible pitches; reliability 42%.","2-2",22,134.888383400133,0.423076923076923,"run_game_count_window_v1","2026-09-21","2026-09-22 14:30:35 UTC"
"669373","Tarik Skubal","Los Angeles Dodgers",3,"best_count_to_run","Best projected count window: 1-2. 29% offspeed and 19% breaking balls across 17 eligible pitches; reliability 36%.","1-2",17,133.606119715072,0.361702127659574,"run_game_count_window_v1","2026-09-21","2026-09-22 14:30:35 UTC"
"669387","Carmen Mlodzinski","Pittsburgh Pirates",2,"best_count_to_run","Best projected count window: 1-1. 31% offspeed and 27% breaking balls across 45 eligible pitches; reliability 60%.","1-1",45,150.390975155769,0.6,"run_game_count_window_v1","2026-09-21","2026-09-22 14:30:35 UTC"
"669387","Carmen Mlodzinski","Pittsburgh Pirates",3,"best_count_to_run","Best projected count window: 1-1. 27% offspeed and 32% breaking balls across 46 eligible pitches; reliability 61%.","1-1",46,140.969931419734,0.605263157894737,"run_game_count_window_v1","2026-09-21","2026-09-22 14:30:35 UTC"
"669432","Trevor Rogers","Baltimore Orioles",2,"best_count_to_run","Best projected count window: 2-1. 29% offspeed and 19% breaking balls across 24 eligible pitches; reliability 44%.","2-1",24,133.747870631186,0.444444444444444,"run_game_count_window_v1","2026-09-21","2026-09-22 14:30:35 UTC"
"669432","Trevor Rogers","Baltimore Orioles",3,"best_count_to_run","Best projected count window: 1-1. 28% offspeed and 20% breaking balls across 41 eligible pitches; reliability 58%.","1-1",41,130.66219831101,0.577464788732394,"run_game_count_window_v1","2026-09-21","2026-09-22 14:30:35 UTC"
"669438","Mason Englert","Tampa Bay Rays",2,"best_count_to_run","Best projected count window: 1-2. 23% offspeed and 33% breaking balls across 24 eligible pitches; reliability 44%.","1-2",24,131.19651138763,0.444444444444444,"run_game_count_window_v1","2026-09-21","2026-09-22 14:30:35 UTC"
"669456","Shane Bieber","Toronto Blue Jays",2,"best_count_to_run","Best projected count window: 1-2. 25% offspeed and 33% breaking balls across 21 eligible pitches; reliability 41%.","1-2",21,134.90732635216,0.411764705882353,"run_game_count_window_v1","2026-09-21","2026-09-22 14:30:35 UTC"
"669456","Shane Bieber","Toronto Blue Jays",3,"best_count_to_run","Best projected count window: 0-1. 15% offspeed and 32% breaking balls across 20 eligible pitches; reliability 40%.","0-1",20,102.137686781325,0.4,"run_game_count_window_v1","2026-09-21","2026-09-22 14:30:35 UTC"
"669461","Matthew Liberatore","St. Louis Cardinals",2,"best_count_to_run","Best projected count window: 1-2. 19% offspeed and 42% breaking balls across 48 eligible pitches; reliability 62%.","1-2",48,123.890893076553,0.615384615384615,"run_game_count_window_v1","2026-09-21","2026-09-22 14:30:35 UTC"
"669461","Matthew Liberatore","St. Louis Cardinals",3,"best_count_to_run","Best projected count window: 1-0. 20% offspeed and 44% breaking balls across 39 eligible pitches; reliability 57%.","1-0",39,128.994931503222,0.565217391304348,"run_game_count_window_v1","2026-09-21","2026-09-22 14:30:35 UTC"
"669467","Andre Pallante","St. Louis Cardinals",2,"best_count_to_run","Best projected count window: 2-2. 6% offspeed and 52% breaking balls across 43 eligible pitches; reliability 59%.","2-2",43,92.7412904617475,0.589041095890411,"run_game_count_window_v1","2026-09-21","2026-09-22 14:30:35 UTC"
"669467","Andre Pallante","St. Louis Cardinals",3,"best_count_to_run","Best projected count window: 3-2. 9% offspeed and 49% breaking balls across 21 eligible pitches; reliability 41%.","3-2",21,98.7085901541804,0.411764705882353,"run_game_count_window_v1","2026-09-21","2026-09-22 14:30:35 UTC"
"669620","Brady Basso","Athletics",2,"best_count_to_run","Best projected count window: 0-2. 12% offspeed and 29% breaking balls across 18 eligible pitches; reliability 38%.","0-2",18,87.5441088307942,0.375,"run_game_count_window_v1","2026-09-21","2026-09-22 14:30:35 UTC"
"669620","Brady Basso","Athletics",3,"best_count_to_run","Best projected count window: 1-1. 15% offspeed and 25% breaking balls across 15 eligible pitches; reliability 33%.","1-1",15,92.5447815796888,0.333333333333333,"run_game_count_window_v1","2026-09-21","2026-09-22 14:30:35 UTC"
"669622","Anthony Bender","Miami Marlins",2,"best_count_to_run","Best projected count window: 0-1. 12% offspeed and 46% breaking balls across 16 eligible pitches; reliability 35%.","0-1",16,105.997537430816,0.347826086956522,"run_game_count_window_v1","2026-09-21","2026-09-22 14:30:35 UTC"
"669622","Anthony Bender","Miami Marlins",3,"best_count_to_run","Best projected count window: 1-0. 10% offspeed and 42% breaking balls across 15 eligible pitches; reliability 33%.","1-0",15,95.9096848311741,0.333333333333333,"run_game_count_window_v1","2026-09-21","2026-09-22 14:30:35 UTC"
"669684","Chris Murphy","Chicago White Sox",2,"best_count_to_run","Best projected count window: 1-1. 17% offspeed and 35% breaking balls across 19 eligible pitches; reliability 39%.","1-1",19,112.335681942123,0.387755102040816,"run_game_count_window_v1","2026-09-21","2026-09-22 14:30:35 UTC"
"669684","Chris Murphy","Chicago White Sox",3,"best_count_to_run","Best projected count window: 2-2. 10% offspeed and 40% breaking balls across 15 eligible pitches; reliability 33%.","2-2",15,93.5832832157152,0.333333333333333,"run_game_count_window_v1","2026-09-21","2026-09-22 14:30:35 UTC"
"669711","Greg Weissert","Boston Red Sox",2,"best_count_to_run","Best projected count window: 0-2. 16% offspeed and 27% breaking balls across 29 eligible pitches; reliability 49%.","0-2",29,100.246102438018,0.491525423728814,"run_game_count_window_v1","2026-09-21","2026-09-22 14:30:35 UTC"
"669711","Greg Weissert","Boston Red Sox",3,"best_count_to_run","Best projected count window: 2-2. 21% offspeed and 24% breaking balls across 16 eligible pitches; reliability 35%.","2-2",16,112.213485166205,0.347826086956522,"run_game_count_window_v1","2026-09-21","2026-09-22 14:30:35 UTC"
"669713","Hayden Wesneski","Houston Astros",2,"best_count_to_run","Best projected count window: 1-0. 16% offspeed and 28% breaking balls across 17 eligible pitches; reliability 36%.","1-0",17,100.808186366499,0.361702127659574,"run_game_count_window_v1","2026-09-21","2026-09-22 14:30:35 UTC"
"669713","Hayden Wesneski","Houston Astros",3,"best_count_to_run","Best projected count window: 0-1. 15% offspeed and 30% breaking balls across 20 eligible pitches; reliability 40%.","0-1",20,99.9216700976654,0.4,"run_game_count_window_v1","2026-09-21","2026-09-22 14:30:35 UTC"
"669724","Brenan Hanifee","Detroit Tigers",2,"best_count_to_run","Best projected count window: 1-0. 12% offspeed and 28% breaking balls across 17 eligible pitches; reliability 36%.","1-0",17,85.6336997959378,0.361702127659574,"run_game_count_window_v1","2026-09-21","2026-09-22 14:30:35 UTC"
"669854","Ronel Blanco","Houston Astros",2,"best_count_to_run","Best projected count window: 3-2. 19% offspeed and 31% breaking balls across 15 eligible pitches; reliability 33%.","3-2",15,113.748237295061,0.333333333333333,"run_game_count_window_v1","2026-09-21","2026-09-22 14:30:35 UTC"
"669854","Ronel Blanco","Houston Astros",3,"best_count_to_run","Best projected count window: 0-2. 26% offspeed and 38% breaking balls across 15 eligible pitches; reliability 33%.","0-2",15,143.376093869559,0.333333333333333,"run_game_count_window_v1","2026-09-21","2026-09-22 14:30:35 UTC"
"669923","George Kirby","Seattle Mariners",2,"best_count_to_run","Best projected count window: 1-1. 15% offspeed and 37% breaking balls across 70 eligible pitches; reliability 70%.","1-1",70,104.589494404106,0.7,"run_game_count_window_v1","2026-09-21","2026-09-22 14:30:35 UTC"
"669923","George Kirby","Seattle Mariners",3,"best_count_to_run","Best projected count window: 2-1. 18% offspeed and 32% breaking balls across 17 eligible pitches; reliability 36%.","2-1",17,111.477667709379,0.361702127659574,"run_game_count_window_v1","2026-09-21","2026-09-22 14:30:35 UTC"
"669947","Jesse Scholtens","Tampa Bay Rays",2,"best_count_to_run","Best projected count window: 0-2. 26% offspeed and 29% breaking balls across 15 eligible pitches; reliability 33%.","0-2",15,134.213651031288,0.333333333333333,"run_game_count_window_v1","2026-09-21","2026-09-22 14:30:35 UTC"
"670036","Matt Festa","Cleveland Guardians",2,"best_count_to_run","Best projected count window: 2-2. 9% offspeed and 44% breaking balls across 22 eligible pitches; reliability 42%.","2-2",22,93.6782468765701,0.423076923076923,"run_game_count_window_v1","2026-09-21","2026-09-22 14:30:35 UTC"
"670036","Matt Festa","Cleveland Guardians",3,"best_count_to_run","Best projected count window: 1-0. 8% offspeed and 43% breaking balls across 28 eligible pitches; reliability 48%.","1-0",28,89.3159587906614,0.482758620689655,"run_game_count_window_v1","2026-09-21","2026-09-22 14:30:35 UTC"
"670059","Colin Holderman","Cleveland Guardians",2,"best_count_to_run","Best projected count window: 0-1. 9% offspeed and 38% breaking balls across 23 eligible pitches; reliability 43%.","0-1",23,85.7570619124288,0.433962264150943,"run_game_count_window_v1","2026-09-21","2026-09-22 14:30:35 UTC"
"670059","Colin Holderman","Cleveland Guardians",3,"best_count_to_run","Best projected count window: 2-2. 10% offspeed and 39% breaking balls across 16 eligible pitches; reliability 35%.","2-2",16,91.6612061169048,0.347826086956522,"run_game_count_window_v1","2026-09-21","2026-09-22 14:30:35 UTC"
"670062","Julian Garcia","Cincinnati Reds",2,"best_count_to_run","Best projected count window: 0-1. 9% offspeed and 49% breaking balls across 21 eligible pitches; reliability 41%.","0-1",21,99.0206346936808,0.411764705882353,"run_game_count_window_v1","2026-09-21","2026-09-22 14:30:35 UTC"
"670062","Julian Garcia","Cincinnati Reds",3,"best_count_to_run","Best projected count window: 0-2. 10% offspeed and 51% breaking balls across 15 eligible pitches; reliability 33%.","0-2",15,105.547270344046,0.333333333333333,"run_game_count_window_v1","2026-09-21","2026-09-22 14:30:35 UTC"
"670167","John Schreiber","Kansas City Royals",2,"best_count_to_run","Best projected count window: 1-1. 12% offspeed and 35% breaking balls across 16 eligible pitches; reliability 35%.","1-1",16,94.9625952009057,0.347826086956522,"run_game_count_window_v1","2026-09-21","2026-09-22 14:30:35 UTC"
"670167","John Schreiber","Kansas City Royals",3,"best_count_to_run","Best projected count window: 2-2. 14% offspeed and 35% breaking balls across 16 eligible pitches; reliability 35%.","2-2",16,102.160353297755,0.347826086956522,"run_game_count_window_v1","2026-09-21","2026-09-22 14:30:35 UTC"
"670245","Ryan Watson","Boston Red Sox",2,"best_count_to_run","Best projected count window: 2-2. 8% offspeed and 45% breaking balls across 26 eligible pitches; reliability 46%.","2-2",26,91.5850323104857,0.464285714285714,"run_game_count_window_v1","2026-09-21","2026-09-22 14:30:35 UTC"
"670245","Ryan Watson","Boston Red Sox",3,"best_count_to_run","Best projected count window: 0-1. 8% offspeed and 29% breaking balls across 28 eligible pitches; reliability 48%.","0-1",28,75.0710164674874,0.482758620689655,"run_game_count_window_v1","2026-09-21","2026-09-22 14:30:35 UTC"
"670280","David Bednar","New York Yankees",2,"best_count_to_run","Best projected count window: 1-2. 43% offspeed and 18% breaking balls across 32 eligible pitches; reliability 52%.","1-2",32,178.627411106051,0.516129032258065,"run_game_count_window_v1","2026-09-21","2026-09-22 14:30:35 UTC"
"670280","David Bednar","New York Yankees",3,"best_count_to_run","Best projected count window: 3-2. 37% offspeed and 21% breaking balls across 23 eligible pitches; reliability 43%.","3-2",23,161.963271247218,0.433962264150943,"run_game_count_window_v1","2026-09-21","2026-09-22 14:30:35 UTC"
"670329","Rico Garcia","Baltimore Orioles",2,"best_count_to_run","Best projected count window: 1-0. 20% offspeed and 38% breaking balls across 23 eligible pitches; reliability 43%.","1-0",23,123.204459189899,0.433962264150943,"run_game_count_window_v1","2026-09-21","2026-09-22 14:30:35 UTC"
"670329","Rico Garcia","Baltimore Orioles",3,"best_count_to_run","Best projected count window: 0-1. 27% offspeed and 42% breaking balls across 34 eligible pitches; reliability 53%.","0-1",34,152.855452683201,0.53125,"run_game_count_window_v1","2026-09-21","2026-09-22 14:30:35 UTC"
"670950","Trevor Richards","Chicago White Sox",2,"best_count_to_run","Best projected count window: 0-2. 32% offspeed and 17% breaking balls across 34 eligible pitches; reliability 53%.","0-2",34,143.853844313596,0.53125,"run_game_count_window_v1","2026-09-21","2026-09-22 14:30:35 UTC"
"670950","Trevor Richards","Chicago White Sox",3,"best_count_to_run","Best projected count window: 0-1. 26% offspeed and 22% breaking balls across 26 eligible pitches; reliability 46%.","0-1",26,127.844099554061,0.464285714285714,"run_game_count_window_v1","2026-09-21","2026-09-22 14:30:35 UTC"
"670970","Adrian Morejon","San Diego Padres",2,"best_count_to_run","Best projected count window: 1-2. 23% offspeed and 24% breaking balls across 45 eligible pitches; reliability 60%.","1-2",45,119.994945934951,0.6,"run_game_count_window_v1","2026-09-21","2026-09-22 14:30:35 UTC"
"670970","Adrian Morejon","San Diego Padres",3,"best_count_to_run","Best projected count window: 0-1. 18% offspeed and 21% breaking balls across 27 eligible pitches; reliability 47%.","0-1",27,100.591392112309,0.473684210526316,"run_game_count_window_v1","2026-09-21","2026-09-22 14:30:35 UTC"
"670990","Yohan Ramírez","Pittsburgh Pirates",2,"best_count_to_run","Best projected count window: 2-2. 12% offspeed and 40% breaking balls across 15 eligible pitches; reliability 33%.","2-2",15,100.731001470082,0.333333333333333,"run_game_count_window_v1","2026-09-21","2026-09-22 14:30:35 UTC"
"670990","Yohan Ramírez","Pittsburgh Pirates",3,"best_count_to_run","Best projected count window: 1-2. 8% offspeed and 51% breaking balls across 27 eligible pitches; reliability 47%.","1-2",27,97.3969457281677,0.473684210526316,"run_game_count_window_v1","2026-09-21","2026-09-22 14:30:35 UTC"
"671096","Andrew Abbott","Cincinnati Reds",2,"best_count_to_run","Best projected count window: 1-1. 26% offspeed and 30% breaking balls across 74 eligible pitches; reliability 71%.","1-1",74,134.555414585707,0.711538461538462,"run_game_count_window_v1","2026-09-21","2026-09-22 14:30:35 UTC"
"671096","Andrew Abbott","Cincinnati Reds",3,"best_count_to_run","Best projected count window: 2-1. 26% offspeed and 31% breaking balls across 18 eligible pitches; reliability 38%.","2-1",18,138.311504320912,0.375,"run_game_count_window_v1","2026-09-21","2026-09-22 14:30:35 UTC"
"671111","Sammy Peralta","Los Angeles Angels",2,"best_count_to_run","Best projected count window: 0-1. 15% offspeed and 42% breaking balls across 15 eligible pitches; reliability 33%.","0-1",15,111.983713504571,0.333333333333333,"run_game_count_window_v1","2026-09-21","2026-09-22 14:30:35 UTC"
"671212","Joe Boyle","Tampa Bay Rays",2,"best_count_to_run","Best projected count window: 1-2. 20% offspeed and 34% breaking balls across 17 eligible pitches; reliability 36%.","1-2",17,120.58516058738,0.361702127659574,"run_game_count_window_v1","2026-09-21","2026-09-22 14:30:35 UTC"
"671345","Jason Foley","San Francisco Giants",3,"best_count_to_run","Best projected count window: 1-1. 16% offspeed and 32% breaking balls across 17 eligible pitches; reliability 36%.","1-1",17,104.350655863197,0.361702127659574,"run_game_count_window_v1","2026-09-21","2026-09-22 14:30:35 UTC"
"671737","Taj Bradley","Minnesota Twins",2,"best_count_to_run","Best projected count window: 2-0. 24% offspeed and 18% breaking balls across 38 eligible pitches; reliability 56%.","2-0",38,117.570245128308,0.558823529411765,"run_game_count_window_v1","2026-09-21","2026-09-22 14:30:35 UTC"
"671737","Taj Bradley","Minnesota Twins",3,"best_count_to_run","Best projected count window: 1-1. 26% offspeed and 17% breaking balls across 48 eligible pitches; reliability 62%.","1-1",48,122.970031557669,0.615384615384615,"run_game_count_window_v1","2026-09-21","2026-09-22 14:30:35 UTC"
"671922","Cade Smith","Cleveland Guardians",2,"best_count_to_run","Best projected count window: 1-0. 30% offspeed and 25% breaking balls across 29 eligible pitches; reliability 49%.","1-0",29,143.404253194669,0.491525423728814,"run_game_count_window_v1","2026-09-21","2026-09-22 14:30:35 UTC"
"671922","Cade Smith","Cleveland Guardians",3,"best_count_to_run","Best projected count window: 1-0. 24% offspeed and 23% breaking balls across 19 eligible pitches; reliability 39%.","1-0",19,119.712678187703,0.387755102040816,"run_game_count_window_v1","2026-09-21","2026-09-22 14:30:35 UTC"
"671936","Adam Macko","Toronto Blue Jays",2,"best_count_to_run","Best projected count window: 1-0. 16% offspeed and 39% breaking balls across 16 eligible pitches; reliability 35%.","1-0",16,113.827832622571,0.347826086956522,"run_game_count_window_v1","2026-09-21","2026-09-22 14:30:35 UTC"
"672282","Reid Detmers","Los Angeles Angels",2,"best_count_to_run","Best projected count window: 1-0. 19% offspeed and 41% breaking balls across 54 eligible pitches; reliability 64%.","1-0",54,122.404467298832,0.642857142857143,"run_game_count_window_v1","2026-09-21","2026-09-22 14:30:35 UTC"
"672282","Reid Detmers","Los Angeles Angels",3,"best_count_to_run","Best projected count window: 0-1. 11% offspeed and 51% breaking balls across 48 eligible pitches; reliability 62%.","0-1",48,108.442620863238,0.615384615384615,"run_game_count_window_v1","2026-09-21","2026-09-22 14:30:35 UTC"
"672456","Keider Montero","Detroit Tigers",2,"best_count_to_run","Best projected count window: 2-0. 24% offspeed and 25% breaking balls across 19 eligible pitches; reliability 39%.","2-0",19,122.231067067676,0.387755102040816,"run_game_count_window_v1","2026-09-21","2026-09-22 14:30:35 UTC"
"672456","Keider Montero","Detroit Tigers",3,"best_count_to_run","Best projected count window: 1-1. 22% offspeed and 25% breaking balls across 22 eligible pitches; reliability 42%.","1-1",22,118.043934628348,0.423076923076923,"run_game_count_window_v1","2026-09-21","2026-09-22 14:30:35 UTC"
"672782","Yoendrys Gómez","Minnesota Twins",2,"best_count_to_run","Best projected count window: 2-2. 13% offspeed and 38% breaking balls across 20 eligible pitches; reliability 40%.","2-2",20,100.880819153822,0.4,"run_game_count_window_v1","2026-09-21","2026-09-22 14:30:35 UTC"
"673513","Yuki Matsui","San Diego Padres",2,"best_count_to_run","Best projected count window: 1-2. 32% offspeed and 22% breaking balls across 34 eligible pitches; reliability 53%.","1-2",34,148.47307068433,0.53125,"run_game_count_window_v1","2026-09-21","2026-09-22 14:30:35 UTC"
"673513","Yuki Matsui","San Diego Padres",3,"best_count_to_run","Best projected count window: 0-1. 16% offspeed and 38% breaking balls across 18 eligible pitches; reliability 38%.","0-1",18,109.680846556038,0.375,"run_game_count_window_v1","2026-09-21","2026-09-22 14:30:35 UTC"
"673540","Kodai Senga","New York Mets",2,"best_count_to_run","Best projected count window: 1-1. 30% offspeed and 23% breaking balls across 18 eligible pitches; reliability 38%.","1-1",18,143.721638250062,0.375,"run_game_count_window_v1","2026-09-21","2026-09-22 14:30:35 UTC"
"673540","Kodai Senga","New York Mets",3,"best_count_to_run","Best projected count window: 1-1. 24% offspeed and 19% breaking balls across 23 eligible pitches; reliability 43%.","1-1",23,117.370024765891,0.433962264150943,"run_game_count_window_v1","2026-09-21","2026-09-22 14:30:35 UTC"
"674003","Cody Bradford","Texas Rangers",2,"best_count_to_run","Best projected count window: 0-1. 23% offspeed and 28% breaking balls across 30 eligible pitches; reliability 50%.","0-1",30,124.444030149131,0.5,"run_game_count_window_v1","2026-09-21","2026-09-22 14:30:35 UTC"
"674003","Cody Bradford","Texas Rangers",3,"best_count_to_run","Best projected count window: 1-0. 23% offspeed and 29% breaking balls across 15 eligible pitches; reliability 33%.","1-0",15,127.874944362003,0.333333333333333,"run_game_count_window_v1","2026-09-21","2026-09-22 14:30:35 UTC"
"674444","Steven Cruz","Kansas City Royals",2,"best_count_to_run","Best projected count window: 1-2. 10% offspeed and 30% breaking balls across 17 eligible pitches; reliability 36%.","1-2",17,80.5949613383053,0.361702127659574,"run_game_count_window_v1","2026-09-21","2026-09-22 14:30:35 UTC"
"674444","Steven Cruz","Kansas City Royals",3,"best_count_to_run","Best projected count window: 0-2. 10% offspeed and 28% breaking balls across 16 eligible pitches; reliability 35%.","0-2",16,79.5171746450894,0.347826086956522,"run_game_count_window_v1","2026-09-21","2026-09-22 14:30:35 UTC"
"674841","Andrew Alvarez","Washington Nationals",2,"best_count_to_run","Best projected count window: 2-2. 13% offspeed and 46% breaking balls across 44 eligible pitches; reliability 59%.","2-2",44,108.834548447686,0.594594594594595,"run_game_count_window_v1","2026-09-21","2026-09-22 14:30:35 UTC"
"674841","Andrew Alvarez","Washington Nationals",3,"best_count_to_run","Best projected count window: 2-2. 14% offspeed and 47% breaking balls across 17 eligible pitches; reliability 36%.","2-2",17,113.438698487845,0.361702127659574,"run_game_count_window_v1","2026-09-21","2026-09-22 14:30:35 UTC"
"675512","Troy Melton","Detroit Tigers",2,"best_count_to_run","Best projected count window: 2-2. 24% offspeed and 26% breaking balls across 27 eligible pitches; reliability 47%.","2-2",27,124.208787872183,0.473684210526316,"run_game_count_window_v1","2026-09-21","2026-09-22 14:30:35 UTC"
"675512","Troy Melton","Detroit Tigers",3,"best_count_to_run","Best projected count window: 2-2. 16% offspeed and 37% breaking balls across 22 eligible pitches; reliability 42%.","2-2",22,110.544523857507,0.423076923076923,"run_game_count_window_v1","2026-09-21","2026-09-22 14:30:35 UTC"
"675660","Shane Drohan","Milwaukee Brewers",2,"best_count_to_run","Best projected count window: 3-2. 12% offspeed and 38% breaking balls across 26 eligible pitches; reliability 46%.","3-2",26,96.0338556432362,0.464285714285714,"run_game_count_window_v1","2026-09-21","2026-09-22 14:30:35 UTC"
"675660","Shane Drohan","Milwaukee Brewers",3,"best_count_to_run","Best projected count window: 2-2. 11% offspeed and 38% breaking balls across 28 eligible pitches; reliability 48%.","2-2",28,94.9683319294854,0.482758620689655,"run_game_count_window_v1","2026-09-21","2026-09-22 14:30:35 UTC"
"675848","Juan Mejia","Colorado Rockies",2,"best_count_to_run","Best projected count window: 0-2. 15% offspeed and 35% breaking balls across 19 eligible pitches; reliability 39%.","0-2",19,104.939877599975,0.387755102040816,"run_game_count_window_v1","2026-09-21","2026-09-22 14:30:35 UTC"
"675848","Juan Mejia","Colorado Rockies",3,"best_count_to_run","Best projected count window: 1-2. 13% offspeed and 39% breaking balls across 22 eligible pitches; reliability 42%.","1-2",22,99.6427877135482,0.423076923076923,"run_game_count_window_v1","2026-09-21","2026-09-22 14:30:35 UTC"
"675911","Spencer Strider","Atlanta Braves",2,"best_count_to_run","Best projected count window: 1-1. 21% offspeed and 32% breaking balls across 29 eligible pitches; reliability 49%.","1-1",29,122.514024704711,0.491525423728814,"run_game_count_window_v1","2026-09-21","2026-09-22 14:30:35 UTC"
"675989","Cody Bolton","Houston Astros",2,"best_count_to_run","Best projected count window: 1-0. 17% offspeed and 25% breaking balls across 19 eligible pitches; reliability 39%.","1-0",19,101.75737588772,0.387755102040816,"run_game_count_window_v1","2026-09-21","2026-09-22 14:30:35 UTC"
"675989","Cody Bolton","Houston Astros",3,"best_count_to_run","Best projected count window: 0-1. 17% offspeed and 33% breaking balls across 15 eligible pitches; reliability 33%.","0-1",15,109.008984299595,0.333333333333333,"run_game_count_window_v1","2026-09-21","2026-09-22 14:30:35 UTC"
"676083","Janson Junk","Miami Marlins",2,"best_count_to_run","Best projected count window: 2-2. 20% offspeed and 33% breaking balls across 34 eligible pitches; reliability 53%.","2-2",34,117.477066916764,0.53125,"run_game_count_window_v1","2026-09-21","2026-09-22 14:30:35 UTC"
"676083","Janson Junk","Miami Marlins",3,"best_count_to_run","Best projected count window: 2-2. 24% offspeed and 34% breaking balls across 34 eligible pitches; reliability 53%.","2-2",34,134.585530391828,0.53125,"run_game_count_window_v1","2026-09-21","2026-09-22 14:30:35 UTC"
"676106","Emerson Hancock","Seattle Mariners",2,"best_count_to_run","Best projected count window: 1-2. 11% offspeed and 31% breaking balls across 38 eligible pitches; reliability 56%.","1-2",38,87.8591766034451,0.558823529411765,"run_game_count_window_v1","2026-09-21","2026-09-22 14:30:35 UTC"
"676106","Emerson Hancock","Seattle Mariners",3,"best_count_to_run","Best projected count window: 2-0. 15% offspeed and 29% breaking balls across 15 eligible pitches; reliability 33%.","2-0",15,97.2786018934854,0.333333333333333,"run_game_count_window_v1","2026-09-21","2026-09-22 14:30:35 UTC"
"676254","Ryan Walker","San Francisco Giants",2,"best_count_to_run","Best projected count window: 0-1. 9% offspeed and 35% breaking balls across 21 eligible pitches; reliability 41%.","0-1",21,84.4066290534816,0.411764705882353,"run_game_count_window_v1","2026-09-21","2026-09-22 14:30:35 UTC"
"676254","Ryan Walker","San Francisco Giants",3,"best_count_to_run","Best projected count window: 0-1. 10% offspeed and 31% breaking balls across 16 eligible pitches; reliability 35%.","0-1",16,82.561669483106,0.347826086956522,"run_game_count_window_v1","2026-09-21","2026-09-22 14:30:35 UTC"
"676263","Jack Dreyer","Los Angeles Dodgers",2,"best_count_to_run","Best projected count window: 2-2. 10% offspeed and 38% breaking balls across 17 eligible pitches; reliability 36%.","2-2",17,89.8045912903437,0.361702127659574,"run_game_count_window_v1","2026-09-21","2026-09-22 14:30:35 UTC"
"676263","Jack Dreyer","Los Angeles Dodgers",3,"best_count_to_run","Best projected count window: 2-1. 10% offspeed and 42% breaking balls across 15 eligible pitches; reliability 33%.","2-1",15,95.7468798914822,0.333333333333333,"run_game_count_window_v1","2026-09-21","2026-09-22 14:30:35 UTC"
"676282","Joey Cantillo","Cleveland Guardians",2,"best_count_to_run","Best projected count window: 1-1. 27% offspeed and 35% breaking balls across 68 eligible pitches; reliability 69%.","1-1",68,145.326567606308,0.693877551020408,"run_game_count_window_v1","2026-09-21","2026-09-22 14:30:35 UTC"
"676282","Joey Cantillo","Cleveland Guardians",3,"best_count_to_run","Best projected count window: 2-2. 24% offspeed and 41% breaking balls across 34 eligible pitches; reliability 53%.","2-2",34,142.396807343705,0.53125,"run_game_count_window_v1","2026-09-21","2026-09-22 14:30:35 UTC"
"676428","Brant Hurter","Detroit Tigers",3,"best_count_to_run","Best projected count window: 0-1. 12% offspeed and 32% breaking balls across 17 eligible pitches; reliability 36%.","0-1",17,91.260332654952,0.361702127659574,"run_game_count_window_v1","2026-09-21","2026-09-22 14:30:35 UTC"
"676440","Tanner Bibee","Cleveland Guardians",2,"best_count_to_run","Best projected count window: 2-1. 21% offspeed and 20% breaking balls across 44 eligible pitches; reliability 59%.","2-1",44,110.008591453055,0.594594594594595,"run_game_count_window_v1","2026-09-21","2026-09-22 14:30:35 UTC"
"676440","Tanner Bibee","Cleveland Guardians",3,"best_count_to_run","Best projected count window: 2-2. 23% offspeed and 21% breaking balls across 28 eligible pitches; reliability 48%.","2-2",28,118.471925743877,0.482758620689655,"run_game_count_window_v1","2026-09-21","2026-09-22 14:30:35 UTC"
"676477","Garrett Whitlock","Boston Red Sox",2,"best_count_to_run","Best projected count window: 1-2. 17% offspeed and 33% breaking balls across 15 eligible pitches; reliability 33%.","1-2",15,108.600273086387,0.333333333333333,"run_game_count_window_v1","2026-09-21","2026-09-22 14:30:35 UTC"
"676534","Calvin Faucher","Miami Marlins",2,"best_count_to_run","Best projected count window: 2-2. 10% offspeed and 41% breaking balls across 17 eligible pitches; reliability 36%.","2-2",17,92.0257670723487,0.361702127659574,"run_game_count_window_v1","2026-09-21","2026-09-22 14:30:35 UTC"
"676534","Calvin Faucher","Miami Marlins",3,"best_count_to_run","Best projected count window: 2-2. 8% offspeed and 39% breaking balls across 26 eligible pitches; reliability 46%.","2-2",26,85.3839834934419,0.464285714285714,"run_game_count_window_v1","2026-09-21","2026-09-22 14:30:35 UTC"
"676571","PJ Poulin","Washington Nationals",2,"best_count_to_run","Best projected count window: 1-2. 16% offspeed and 35% breaking balls across 16 eligible pitches; reliability 35%.","1-2",16,110.265638542505,0.347826086956522,"run_game_count_window_v1","2026-09-21","2026-09-22 14:30:35 UTC"
"676571","PJ Poulin","Washington Nationals",3,"best_count_to_run","Best projected count window: 2-2. 15% offspeed and 37% breaking balls across 19 eligible pitches; reliability 39%.","2-2",19,108.843355315673,0.387755102040816,"run_game_count_window_v1","2026-09-21","2026-09-22 14:30:35 UTC"
"676604","Tyler Zuber","Miami Marlins",2,"best_count_to_run","Best projected count window: 1-0. 9% offspeed and 45% breaking balls across 21 eligible pitches; reliability 41%.","1-0",21,94.3236187600571,0.411764705882353,"run_game_count_window_v1","2026-09-21","2026-09-22 14:30:35 UTC"
"676604","Tyler Zuber","Miami Marlins",3,"best_count_to_run","Best projected count window: 0-1. 8% offspeed and 48% breaking balls across 24 eligible pitches; reliability 44%.","0-1",24,96.2784509777062,0.444444444444444,"run_game_count_window_v1","2026-09-21","2026-09-22 14:30:35 UTC"
"676617","Riley O'Brien","St. Louis Cardinals",2,"best_count_to_run","Best projected count window: 1-2. 8% offspeed and 45% breaking balls across 26 eligible pitches; reliability 46%.","1-2",26,91.1113793749221,0.464285714285714,"run_game_count_window_v1","2026-09-21","2026-09-22 14:30:35 UTC"
"676617","Riley O'Brien","St. Louis Cardinals",3,"best_count_to_run","Best projected count window: 2-2. 9% offspeed and 41% breaking balls across 21 eligible pitches; reliability 41%.","2-2",21,90.3839393582207,0.411764705882353,"run_game_count_window_v1","2026-09-21","2026-09-22 14:30:35 UTC"
"676664","JP Sears","San Diego Padres",2,"best_count_to_run","Best projected count window: 1-0. 23% offspeed and 31% breaking balls across 15 eligible pitches; reliability 33%.","1-0",15,129.389912803582,0.333333333333333,"run_game_count_window_v1","2026-09-21","2026-09-22 14:30:35 UTC"
"676684","Will Vest","Detroit Tigers",2,"best_count_to_run","Best projected count window: 1-2. 17% offspeed and 30% breaking balls across 27 eligible pitches; reliability 47%.","1-2",27,104.280609191116,0.473684210526316,"run_game_count_window_v1","2026-09-21","2026-09-22 14:30:35 UTC"
"676755","Isaac Mattson","Pittsburgh Pirates",2,"best_count_to_run","Best projected count window: 0-1. 19% offspeed and 24% breaking balls across 21 eligible pitches; reliability 41%.","0-1",21,105.064379402237,0.411764705882353,"run_game_count_window_v1","2026-09-21","2026-09-22 14:30:35 UTC"
"676755","Isaac Mattson","Pittsburgh Pirates",3,"best_count_to_run","Best projected count window: 2-2. 17% offspeed and 27% breaking balls across 33 eligible pitches; reliability 52%.","2-2",33,101.818172356988,0.523809523809524,"run_game_count_window_v1","2026-09-21","2026-09-22 14:30:35 UTC"
"676760","Ron Marinaccio","San Diego Padres",2,"best_count_to_run","Best projected count window: 1-2. 29% offspeed and 20% breaking balls across 21 eligible pitches; reliability 41%.","1-2",21,134.315647797582,0.411764705882353,"run_game_count_window_v1","2026-09-21","2026-09-22 14:30:35 UTC"
"676760","Ron Marinaccio","San Diego Padres",3,"best_count_to_run","Best projected count window: 1-0. 26% offspeed and 22% breaking balls across 15 eligible pitches; reliability 33%.","1-0",15,127.737008762006,0.333333333333333,"run_game_count_window_v1","2026-09-21","2026-09-22 14:30:35 UTC"
"676775","Keaton Winn","San Francisco Giants",2,"best_count_to_run","Best projected count window: 0-1. 19% offspeed and 18% breaking balls across 20 eligible pitches; reliability 40%.","0-1",20,100.098627722022,0.4,"run_game_count_window_v1","2026-09-21","2026-09-22 14:30:35 UTC"
"676775","Keaton Winn","San Francisco Giants",3,"best_count_to_run","Best projected count window: 0-1. 25% offspeed and 20% breaking balls across 16 eligible pitches; reliability 35%.","0-1",16,121.663350476483,0.347826086956522,"run_game_count_window_v1","2026-09-21","2026-09-22 14:30:35 UTC"
"676879","Aaron Ashby","Milwaukee Brewers",2,"best_count_to_run","Best projected count window: 0-2. 22% offspeed and 25% breaking balls across 18 eligible pitches; reliability 38%.","0-2",18,116.584341948172,0.375,"run_game_count_window_v1","2026-09-21","2026-09-22 14:30:35 UTC"
"676879","Aaron Ashby","Milwaukee Brewers",3,"best_count_to_run","Best projected count window: 0-2. 20% offspeed and 32% breaking balls across 17 eligible pitches; reliability 36%.","0-2",17,118.41120259245,0.361702127659574,"run_game_count_window_v1","2026-09-21","2026-09-22 14:30:35 UTC"
"676917","Cade Cavalli","Washington Nationals",2,"best_count_to_run","Best projected count window: 3-2. 16% offspeed and 36% breaking balls across 28 eligible pitches; reliability 48%.","3-2",28,110.072448597396,0.482758620689655,"run_game_count_window_v1","2026-09-21","2026-09-22 14:30:35 UTC"
"676917","Cade Cavalli","Washington Nationals",3,"best_count_to_run","Best projected count window: 2-1. 16% offspeed and 42% breaking balls across 18 eligible pitches; reliability 38%.","2-1",18,113.565321159103,0.375,"run_game_count_window_v1","2026-09-21","2026-09-22 14:30:35 UTC"
"676962","Ben Brown","Chicago Cubs",2,"best_count_to_run","Best projected count window: 1-1. 12% offspeed and 38% breaking balls across 18 eligible pitches; reliability 38%.","1-1",18,95.1426323412832,0.375,"run_game_count_window_v1","2026-09-21","2026-09-22 14:30:35 UTC"
"676962","Ben Brown","Chicago Cubs",3,"best_count_to_run","Best projected count window: 1-2. 12% offspeed and 35% breaking balls across 24 eligible pitches; reliability 44%.","1-2",24,94.35365137512,0.444444444444444,"run_game_count_window_v1","2026-09-21","2026-09-22 14:30:35 UTC"
"676974","Max Meyer","Miami Marlins",2,"best_count_to_run","Best projected count window: 1-1. 19% offspeed and 37% breaking balls across 45 eligible pitches; reliability 60%.","1-1",45,120.983584226074,0.6,"run_game_count_window_v1","2026-09-21","2026-09-22 14:30:35 UTC"
"676974","Max Meyer","Miami Marlins",3,"best_count_to_run","Best projected count window: 1-0. 19% offspeed and 35% breaking balls across 21 eligible pitches; reliability 41%.","1-0",21,116.581303085721,0.411764705882353,"run_game_count_window_v1","2026-09-21","2026-09-22 14:30:35 UTC"
"676979","Garrett Crochet","Boston Red Sox",2,"best_count_to_run","Best projected count window: 0-1. 10% offspeed and 22% breaking balls across 16 eligible pitches; reliability 35%.","0-1",16,73.4689864089491,0.347826086956522,"run_game_count_window_v1","2026-09-21","2026-09-22 14:30:35 UTC"
"676979","Garrett Crochet","Boston Red Sox",3,"best_count_to_run","Best projected count window: 2-2. 15% offspeed and 29% breaking balls across 15 eligible pitches; reliability 33%.","2-2",15,96.5191161942067,0.333333333333333,"run_game_count_window_v1","2026-09-21","2026-09-22 14:30:35 UTC"
"677020","Josh Walker","Baltimore Orioles",2,"best_count_to_run","Best projected count window: 0-1. 12% offspeed and 31% breaking balls across 15 eligible pitches; reliability 33%.","0-1",15,91.8323862776507,0.333333333333333,"run_game_count_window_v1","2026-09-21","2026-09-22 14:30:35 UTC"
"677053","Andrew Nardi","Miami Marlins",2,"best_count_to_run","Best projected count window: 0-1. 16% offspeed and 33% breaking balls across 16 eligible pitches; reliability 35%.","0-1",16,106.584938018418,0.347826086956522,"run_game_count_window_v1","2026-09-21","2026-09-22 14:30:35 UTC"
"677865","Justin Bruihl","St. Louis Cardinals",2,"best_count_to_run","Best projected count window: 1-1. 18% offspeed and 27% breaking balls across 34 eligible pitches; reliability 53%.","1-1",34,107.061383597986,0.53125,"run_game_count_window_v1","2026-09-21","2026-09-22 14:30:35 UTC"
"677865","Justin Bruihl","St. Louis Cardinals",3,"best_count_to_run","Best projected count window: 1-1. 17% offspeed and 36% breaking balls across 31 eligible pitches; reliability 51%.","1-1",31,114.591207496558,0.508196721311475,"run_game_count_window_v1","2026-09-21","2026-09-22 14:30:35 UTC"
"677944","Slade Cecconi","Cleveland Guardians",2,"best_count_to_run","Best projected count window: 2-2. 7% offspeed and 36% breaking balls across 34 eligible pitches; reliability 53%.","2-2",34,79.6921300406151,0.53125,"run_game_count_window_v1","2026-09-21","2026-09-22 14:30:35 UTC"
"677944","Slade Cecconi","Cleveland Guardians",3,"best_count_to_run","Best projected count window: 0-2. 13% offspeed and 37% breaking balls across 21 eligible pitches; reliability 41%.","0-2",21,100.84887305022,0.411764705882353,"run_game_count_window_v1","2026-09-21","2026-09-22 14:30:35 UTC"
"677952","Braxton Ashcraft","Pittsburgh Pirates",2,"best_count_to_run","Best projected count window: 1-0. 15% offspeed and 38% breaking balls across 51 eligible pitches; reliability 63%.","1-0",51,108.565319352944,0.62962962962963,"run_game_count_window_v1","2026-09-21","2026-09-22 14:30:35 UTC"
"677952","Braxton Ashcraft","Pittsburgh Pirates",3,"best_count_to_run","Best projected count window: 1-1. 14% offspeed and 40% breaking balls across 25 eligible pitches; reliability 45%.","1-1",25,104.147448281797,0.454545454545455,"run_game_count_window_v1","2026-09-21","2026-09-22 14:30:35 UTC"
"677955","Jaden Hill","Colorado Rockies",2,"best_count_to_run","Best projected count window: 1-1. 22% offspeed and 28% breaking balls across 17 eligible pitches; reliability 36%.","1-1",17,121.313999817375,0.361702127659574,"run_game_count_window_v1","2026-09-21","2026-09-22 14:30:35 UTC"
"677955","Jaden Hill","Colorado Rockies",3,"best_count_to_run","Best projected count window: 1-2. 20% offspeed and 38% breaking balls across 18 eligible pitches; reliability 38%.","1-2",18,122.907474936406,0.375,"run_game_count_window_v1","2026-09-21","2026-09-22 14:30:35 UTC"
"677958","Kumar Rocker","Texas Rangers",2,"best_count_to_run","Best projected count window: 1-2. 11% offspeed and 40% breaking balls across 45 eligible pitches; reliability 60%.","1-2",45,97.7431544450437,0.6,"run_game_count_window_v1","2026-09-21","2026-09-22 14:30:35 UTC"
"677958","Kumar Rocker","Texas Rangers",3,"best_count_to_run","Best projected count window: 0-2. 11% offspeed and 42% breaking balls across 30 eligible pitches; reliability 50%.","0-2",30,97.9306948588729,0.5,"run_game_count_window_v1","2026-09-21","2026-09-22 14:30:35 UTC"
"677960","Ryan Weathers","New York Yankees",2,"best_count_to_run","Best projected count window: 1-2. 30% offspeed and 30% breaking balls across 66 eligible pitches; reliability 69%.","1-2",66,148.443156412812,0.6875,"run_game_count_window_v1","2026-09-21","2026-09-22 14:30:35 UTC"
"677960","Ryan Weathers","New York Yankees",3,"best_count_to_run","Best projected count window: 1-2. 29% offspeed and 28% breaking balls across 27 eligible pitches; reliability 47%.","1-2",27,143.956565536811,0.473684210526316,"run_game_count_window_v1","2026-09-21","2026-09-22 14:30:35 UTC"
"677961","Cole Wilcox","Seattle Mariners",2,"best_count_to_run","Best projected count window: 1-2. 21% offspeed and 35% breaking balls across 16 eligible pitches; reliability 35%.","1-2",16,122.968748077074,0.347826086956522,"run_game_count_window_v1","2026-09-21","2026-09-22 14:30:35 UTC"
"677976","Randy Dobnak","Kansas City Royals",2,"best_count_to_run","Best projected count window: 2-2. 30% offspeed and 27% breaking balls across 18 eligible pitches; reliability 38%.","2-2",18,147.770661613928,0.375,"run_game_count_window_v1","2026-09-21","2026-09-22 14:30:35 UTC"
"677976","Randy Dobnak","Kansas City Royals",3,"best_count_to_run","Best projected count window: 1-0. 23% offspeed and 28% breaking balls across 20 eligible pitches; reliability 40%.","1-0",20,124.641079904346,0.4,"run_game_count_window_v1","2026-09-21","2026-09-22 14:30:35 UTC"
"678022","Jack Perkins","Athletics",2,"best_count_to_run","Best projected count window: 0-2. 28% offspeed and 25% breaking balls across 47 eligible pitches; reliability 61%.","0-2",47,136.589572145778,0.61038961038961,"run_game_count_window_v1","2026-09-21","2026-09-22 14:30:35 UTC"
"678022","Jack Perkins","Athletics",3,"best_count_to_run","Best projected count window: 3-2. 20% offspeed and 30% breaking balls across 17 eligible pitches; reliability 36%.","3-2",17,116.779478936697,0.361702127659574,"run_game_count_window_v1","2026-09-21","2026-09-22 14:30:35 UTC"
"678394","Brayan Bello","Boston Red Sox",2,"best_count_to_run","Best projected count window: 1-2. 24% offspeed and 23% breaking balls across 48 eligible pitches; reliability 62%.","1-2",48,121.203017668762,0.615384615384615,"run_game_count_window_v1","2026-09-21","2026-09-22 14:30:35 UTC"
"678394","Brayan Bello","Boston Red Sox",3,"best_count_to_run","Best projected count window: 3-2. 30% offspeed and 19% breaking balls across 28 eligible pitches; reliability 48%.","3-2",28,138.400845403126,0.482758620689655,"run_game_count_window_v1","2026-09-21","2026-09-22 14:30:35 UTC"
"678606","José A. Ferrer","Seattle Mariners",2,"best_count_to_run","Best projected count window: 1-2. 28% offspeed and 18% breaking balls across 30 eligible pitches; reliability 50%.","1-2",30,128.618122720565,0.5,"run_game_count_window_v1","2026-09-21","2026-09-22 14:30:35 UTC"
"678606","José A. Ferrer","Seattle Mariners",3,"best_count_to_run","Best projected count window: 1-2. 19% offspeed and 22% breaking balls across 25 eligible pitches; reliability 45%.","1-2",25,104.071580974184,0.454545454545455,"run_game_count_window_v1","2026-09-21","2026-09-22 14:30:35 UTC"
"678906","Kai-Wei Teng","Houston Astros",2,"best_count_to_run","Best projected count window: 3-2. 15% offspeed and 42% breaking balls across 15 eligible pitches; reliability 33%.","3-2",15,110.804286026128,0.333333333333333,"run_game_count_window_v1","2026-09-21","2026-09-22 14:30:35 UTC"
"678906","Kai-Wei Teng","Houston Astros",3,"best_count_to_run","Best projected count window: 2-2. 18% offspeed and 40% breaking balls across 18 eligible pitches; reliability 38%.","2-2",18,118.738080900769,0.375,"run_game_count_window_v1","2026-09-21","2026-09-22 14:30:35 UTC"
"679358","Eric Orze","Minnesota Twins",2,"best_count_to_run","Best projected count window: 1-2. 32% offspeed and 26% breaking balls across 21 eligible pitches; reliability 41%.","1-2",21,153.361466062622,0.411764705882353,"run_game_count_window_v1","2026-09-21","2026-09-22 14:30:35 UTC"
"679358","Eric Orze","Minnesota Twins",3,"best_count_to_run","Best projected count window: 0-1. 22% offspeed and 32% breaking balls across 17 eligible pitches; reliability 36%.","0-1",17,126.506735473616,0.361702127659574,"run_game_count_window_v1","2026-09-21","2026-09-22 14:30:35 UTC"
"679775","Kyle Backhus","Philadelphia Phillies",2,"best_count_to_run","Best projected count window: 1-2. 14% offspeed and 34% breaking balls across 17 eligible pitches; reliability 36%.","1-2",17,100.902320829357,0.361702127659574,"run_game_count_window_v1","2026-09-21","2026-09-22 14:30:35 UTC"
"679883","Luinder Avila","Kansas City Royals",2,"best_count_to_run","Best projected count window: 2-2. 17% offspeed and 42% breaking balls across 25 eligible pitches; reliability 45%.","2-2",25,118.769607187875,0.454545454545455,"run_game_count_window_v1","2026-09-21","2026-09-22 14:30:35 UTC"
"679883","Luinder Avila","Kansas City Royals",3,"best_count_to_run","Best projected count window: 1-0. 15% offspeed and 33% breaking balls across 22 eligible pitches; reliability 42%.","1-0",22,100.07971200975,0.423076923076923,"run_game_count_window_v1","2026-09-21","2026-09-22 14:30:35 UTC"
"680570","Grayson Rodriguez","Los Angeles Angels",2,"best_count_to_run","Best projected count window: 1-2. 28% offspeed and 24% breaking balls across 32 eligible pitches; reliability 52%.","1-2",32,137.851619395935,0.516129032258065,"run_game_count_window_v1","2026-09-21","2026-09-22 14:30:35 UTC"
"680570","Grayson Rodriguez","Los Angeles Angels",3,"best_count_to_run","Best projected count window: 1-0. 24% offspeed and 32% breaking balls across 30 eligible pitches; reliability 50%.","1-0",30,132.143412628747,0.5,"run_game_count_window_v1","2026-09-21","2026-09-22 14:30:35 UTC"
"680573","Simeon Woods Richardson","Minnesota Twins",2,"best_count_to_run","Best projected count window: 1-1. 27% offspeed and 29% breaking balls across 21 eligible pitches; reliability 41%.","1-1",21,137.366756189866,0.411764705882353,"run_game_count_window_v1","2026-09-21","2026-09-22 14:30:35 UTC"
"680573","Simeon Woods Richardson","Minnesota Twins",3,"best_count_to_run","Best projected count window: 1-1. 26% offspeed and 33% breaking balls across 15 eligible pitches; reliability 33%.","1-1",15,138.473443063982,0.333333333333333,"run_game_count_window_v1","2026-09-21","2026-09-22 14:30:35 UTC"
"680604","Blas Castaño","Colorado Rockies",2,"best_count_to_run","Best projected count window: 2-2. 20% offspeed and 21% breaking balls across 17 eligible pitches; reliability 36%.","2-2",17,107.762171011732,0.361702127659574,"run_game_count_window_v1","2026-09-21","2026-09-22 14:30:35 UTC"
"680694","Kyle Bradish","Baltimore Orioles",2,"best_count_to_run","Best projected count window: 2-2. 5% offspeed and 53% breaking balls across 58 eligible pitches; reliability 66%.","2-2",58,90.1251479029156,0.659090909090909,"run_game_count_window_v1","2026-09-21","2026-09-22 14:30:35 UTC"
"680694","Kyle Bradish","Baltimore Orioles",3,"best_count_to_run","Best projected count window: 2-1. 12% offspeed and 38% breaking balls across 23 eligible pitches; reliability 43%.","2-1",23,98.0485645212138,0.433962264150943,"run_game_count_window_v1","2026-09-21","2026-09-22 14:30:35 UTC"
"680730","Mitchell Parker","Washington Nationals",2,"best_count_to_run","Best projected count window: 1-2. 10% offspeed and 46% breaking balls across 16 eligible pitches; reliability 35%.","1-2",16,99.0006054493774,0.347826086956522,"run_game_count_window_v1","2026-09-21","2026-09-22 14:30:35 UTC"
"680732","Sean Burke","Chicago White Sox",2,"best_count_to_run","Best projected count window: 2-1. 10% offspeed and 38% breaking balls across 25 eligible pitches; reliability 45%.","2-1",25,91.7573710770386,0.454545454545455,"run_game_count_window_v1","2026-09-21","2026-09-22 14:30:35 UTC"
"680732","Sean Burke","Chicago White Sox",3,"best_count_to_run","Best projected count window: 1-0. 7% offspeed and 44% breaking balls across 45 eligible pitches; reliability 60%.","1-0",45,88.951947377739,0.6,"run_game_count_window_v1","2026-09-21","2026-09-22 14:30:35 UTC"
"680736","Justin Wrobleski","Los Angeles Dodgers",2,"best_count_to_run","Best projected count window: 2-1. 14% offspeed and 30% breaking balls across 30 eligible pitches; reliability 50%.","2-1",30,96.8169223147178,0.5,"run_game_count_window_v1","2026-09-21","2026-09-22 14:30:35 UTC"
"680736","Justin Wrobleski","Los Angeles Dodgers",3,"best_count_to_run","Best projected count window: 0-2. 15% offspeed and 25% breaking balls across 19 eligible pitches; reliability 39%.","0-2",19,94.6659247892315,0.387755102040816,"run_game_count_window_v1","2026-09-21","2026-09-22 14:30:35 UTC"
"680742","Jonathan Bowlan","Philadelphia Phillies",2,"best_count_to_run","Best projected count window: 3-2. 16% offspeed and 36% breaking balls across 18 eligible pitches; reliability 38%.","3-2",18,106.80559930022,0.375,"run_game_count_window_v1","2026-09-21","2026-09-22 14:30:35 UTC"
"680742","Jonathan Bowlan","Philadelphia Phillies",3,"best_count_to_run","Best projected count window: 1-2. 14% offspeed and 31% breaking balls across 18 eligible pitches; reliability 38%.","1-2",18,95.4979061452709,0.375,"run_game_count_window_v1","2026-09-21","2026-09-22 14:30:35 UTC"
"680744","Ty Madden","Detroit Tigers",2,"best_count_to_run","Best projected count window: 1-2. 19% offspeed and 22% breaking balls across 15 eligible pitches; reliability 33%.","1-2",15,104.827683439583,0.333333333333333,"run_game_count_window_v1","2026-09-21","2026-09-22 14:30:35 UTC"
"680744","Ty Madden","Detroit Tigers",3,"best_count_to_run","Best projected count window: 0-1. 21% offspeed and 31% breaking balls across 16 eligible pitches; reliability 35%.","0-1",16,119.371828597727,0.347826086956522,"run_game_count_window_v1","2026-09-21","2026-09-22 14:30:35 UTC"
"680755","Braydon Fisher","Toronto Blue Jays",2,"best_count_to_run","Best projected count window: 0-1. 6% offspeed and 66% breaking balls across 43 eligible pitches; reliability 59%.","0-1",43,106.568075438739,0.589041095890411,"run_game_count_window_v1","2026-09-21","2026-09-22 14:30:35 UTC"
"680755","Braydon Fisher","Toronto Blue Jays",3,"best_count_to_run","Best projected count window: 1-0. 9% offspeed and 51% breaking balls across 19 eligible pitches; reliability 39%.","1-0",19,102.13537414895,0.387755102040816,"run_game_count_window_v1","2026-09-21","2026-09-22 14:30:35 UTC"
"680767","Victor Vodnik","Colorado Rockies",2,"best_count_to_run","Best projected count window: 1-2. 30% offspeed and 29% breaking balls across 19 eligible pitches; reliability 39%.","1-2",19,145.52832696472,0.387755102040816,"run_game_count_window_v1","2026-09-21","2026-09-22 14:30:35 UTC"
"680767","Victor Vodnik","Colorado Rockies",3,"best_count_to_run","Best projected count window: 1-2. 19% offspeed and 31% breaking balls across 21 eligible pitches; reliability 41%.","1-2",21,112.059366986052,0.411764705882353,"run_game_count_window_v1","2026-09-21","2026-09-22 14:30:35 UTC"
"680802","Ryan Weiss","Houston Astros",2,"best_count_to_run","Best projected count window: 1-1. 15% offspeed and 31% breaking balls across 15 eligible pitches; reliability 33%.","1-1",15,99.1061074682773,0.333333333333333,"run_game_count_window_v1","2026-09-21","2026-09-22 14:30:35 UTC"
"681035","Christian Scott","New York Mets",2,"best_count_to_run","Best projected count window: 2-1. 12% offspeed and 26% breaking balls across 23 eligible pitches; reliability 43%.","2-1",23,87.1510999653434,0.433962264150943,"run_game_count_window_v1","2026-09-21","2026-09-22 14:30:35 UTC"
"681035","Christian Scott","New York Mets",3,"best_count_to_run","Best projected count window: 2-2. 13% offspeed and 37% breaking balls across 22 eligible pitches; reliability 42%.","2-2",22,98.3457973176316,0.423076923076923,"run_game_count_window_v1","2026-09-21","2026-09-22 14:30:35 UTC"
"681190","Randy Vásquez","San Diego Padres",2,"best_count_to_run","Best projected count window: 2-1. 18% offspeed and 24% breaking balls across 29 eligible pitches; reliability 49%.","2-1",29,102.425126025785,0.491525423728814,"run_game_count_window_v1","2026-09-21","2026-09-22 14:30:35 UTC"
"681190","Randy Vásquez","San Diego Padres",3,"best_count_to_run","Best projected count window: 2-1. 28% offspeed and 19% breaking balls across 22 eligible pitches; reliability 42%.","2-1",22,131.176351259515,0.423076923076923,"run_game_count_window_v1","2026-09-21","2026-09-22 14:30:35 UTC"
"681217","Chase Silseth","Los Angeles Angels",2,"best_count_to_run","Best projected count window: 1-2. 26% offspeed and 26% breaking balls across 25 eligible pitches; reliability 45%.","1-2",25,132.315078793212,0.454545454545455,"run_game_count_window_v1","2026-09-21","2026-09-22 14:30:35 UTC"
"681217","Chase Silseth","Los Angeles Angels",3,"best_count_to_run","Best projected count window: 1-1. 24% offspeed and 23% breaking balls across 18 eligible pitches; reliability 38%.","1-1",18,121.843484467589,0.375,"run_game_count_window_v1","2026-09-21","2026-09-22 14:30:35 UTC"
"681293","Spencer Arrighetti","Houston Astros",2,"best_count_to_run","Best projected count window: 1-2. 15% offspeed and 40% breaking balls across 28 eligible pitches; reliability 48%.","1-2",28,109.639297336836,0.482758620689655,"run_game_count_window_v1","2026-09-21","2026-09-22 14:30:35 UTC"
"681293","Spencer Arrighetti","Houston Astros",3,"best_count_to_run","Best projected count window: 1-0. 18% offspeed and 30% breaking balls across 24 eligible pitches; reliability 44%.","1-0",24,108.629747980089,0.444444444444444,"run_game_count_window_v1","2026-09-21","2026-09-22 14:30:35 UTC"
"681347","Mike Burrows","Houston Astros",2,"best_count_to_run","Best projected count window: 2-2. 27% offspeed and 28% breaking balls across 35 eligible pitches; reliability 54%.","2-2",35,136.84996625831,0.538461538461538,"run_game_count_window_v1","2026-09-21","2026-09-22 14:30:35 UTC"
"681347","Mike Burrows","Houston Astros",3,"best_count_to_run","Best projected count window: 1-0. 26% offspeed and 20% breaking balls across 19 eligible pitches; reliability 39%.","1-0",19,124.765862198407,0.387755102040816,"run_game_count_window_v1","2026-09-21","2026-09-22 14:30:35 UTC"
"681402","Gus Varland","Washington Nationals",2,"best_count_to_run","Best projected count window: 1-1. 15% offspeed and 40% breaking balls across 15 eligible pitches; reliability 33%.","1-1",15,107.828273169251,0.333333333333333,"run_game_count_window_v1","2026-09-21","2026-09-22 14:30:35 UTC"
"681402","Gus Varland","Washington Nationals",3,"best_count_to_run","Best projected count window: 0-1. 10% offspeed and 38% breaking balls across 17 eligible pitches; reliability 36%.","0-1",17,89.6572673472962,0.361702127659574,"run_game_count_window_v1","2026-09-21","2026-09-22 14:30:35 UTC"
"681517","Kyle Leahy","St. Louis Cardinals",2,"best_count_to_run","Best projected count window: 2-2. 19% offspeed and 42% breaking balls across 69 eligible pitches; reliability 70%.","2-2",69,124.239380149342,0.696969696969697,"run_game_count_window_v1","2026-09-21","2026-09-22 14:30:35 UTC"
"681517","Kyle Leahy","St. Louis Cardinals",3,"best_count_to_run","Best projected count window: 1-2. 22% offspeed and 38% breaking balls across 31 eligible pitches; reliability 51%.","1-2",31,131.012228718422,0.508196721311475,"run_game_count_window_v1","2026-09-21","2026-09-22 14:30:35 UTC"
"681799","Ethan Roberts","Chicago Cubs",2,"best_count_to_run","Best projected count window: 0-1. 10% offspeed and 39% breaking balls across 16 eligible pitches; reliability 35%.","0-1",16,91.886120273556,0.347826086956522,"run_game_count_window_v1","2026-09-21","2026-09-22 14:30:35 UTC"
"681810","Austin Warren","New York Mets",2,"best_count_to_run","Best projected count window: 3-2. 15% offspeed and 38% breaking balls across 15 eligible pitches; reliability 33%.","3-2",15,105.895379564586,0.333333333333333,"run_game_count_window_v1","2026-09-21","2026-09-22 14:30:35 UTC"
"681810","Austin Warren","New York Mets",3,"best_count_to_run","Best projected count window: 1-0. 11% offspeed and 39% breaking balls across 19 eligible pitches; reliability 39%.","1-0",19,96.1797529164152,0.387755102040816,"run_game_count_window_v1","2026-09-21","2026-09-22 14:30:35 UTC"
"681867","Cooper Criswell","Seattle Mariners",2,"best_count_to_run","Best projected count window: 2-2. 21% offspeed and 27% breaking balls across 26 eligible pitches; reliability 46%.","2-2",26,115.655223483277,0.464285714285714,"run_game_count_window_v1","2026-09-21","2026-09-22 14:30:35 UTC"
"681870","Erik Sabrowski","Cleveland Guardians",2,"best_count_to_run","Best projected count window: 1-2. 9% offspeed and 39% breaking balls across 19 eligible pitches; reliability 39%.","1-2",19,89.6156047158656,0.387755102040816,"run_game_count_window_v1","2026-09-21","2026-09-22 14:30:35 UTC"
"681870","Erik Sabrowski","Cleveland Guardians",3,"best_count_to_run","Best projected count window: 1-2. 9% offspeed and 31% breaking balls across 18 eligible pitches; reliability 38%.","1-2",18,82.1875600673893,0.375,"run_game_count_window_v1","2026-09-21","2026-09-22 14:30:35 UTC"
"681892","Kody Funderburk","Minnesota Twins",2,"best_count_to_run","Best projected count window: 2-2. 10% offspeed and 36% breaking balls across 25 eligible pitches; reliability 45%.","2-2",25,89.7345480340853,0.454545454545455,"run_game_count_window_v1","2026-09-21","2026-09-22 14:30:35 UTC"
"681892","Kody Funderburk","Minnesota Twins",3,"best_count_to_run","Best projected count window: 1-2. 15% offspeed and 38% breaking balls across 20 eligible pitches; reliability 40%.","1-2",20,108.136437382071,0.4,"run_game_count_window_v1","2026-09-21","2026-09-22 14:30:35 UTC"
"681895","Evan Sisk","Pittsburgh Pirates",2,"best_count_to_run","Best projected count window: 1-2. 14% offspeed and 37% breaking balls across 16 eligible pitches; reliability 35%.","1-2",16,105.077473319087,0.347826086956522,"run_game_count_window_v1","2026-09-21","2026-09-22 14:30:35 UTC"
"681895","Evan Sisk","Pittsburgh Pirates",3,"best_count_to_run","Best projected count window: 2-2. 17% offspeed and 40% breaking balls across 15 eligible pitches; reliability 33%.","2-2",15,116.802030181444,0.333333333333333,"run_game_count_window_v1","2026-09-21","2026-09-22 14:30:35 UTC"
"681911","Alex Vesia","Los Angeles Dodgers",2,"best_count_to_run","Best projected count window: 0-1. 17% offspeed and 37% breaking balls across 32 eligible pitches; reliability 52%.","0-1",32,113.591219144825,0.516129032258065,"run_game_count_window_v1","2026-09-21","2026-09-22 14:30:35 UTC"
"681911","Alex Vesia","Los Angeles Dodgers",3,"best_count_to_run","Best projected count window: 1-2. 14% offspeed and 33% breaking balls across 16 eligible pitches; reliability 35%.","1-2",16,99.5005723080787,0.347826086956522,"run_game_count_window_v1","2026-09-21","2026-09-22 14:30:35 UTC"
"681916","Dylan Smith","San Francisco Giants",2,"best_count_to_run","Best projected count window: 1-2. 16% offspeed and 32% breaking balls across 17 eligible pitches; reliability 36%.","1-2",17,104.56054845812,0.361702127659574,"run_game_count_window_v1","2026-09-21","2026-09-22 14:30:35 UTC"
"681916","Dylan Smith","San Francisco Giants",3,"best_count_to_run","Best projected count window: 1-0. 15% offspeed and 36% breaking balls across 15 eligible pitches; reliability 33%.","1-0",15,103.549217646627,0.333333333333333,"run_game_count_window_v1","2026-09-21","2026-09-22 14:30:35 UTC"
"681982","Grant Anderson","Milwaukee Brewers",2,"best_count_to_run","Best projected count window: 3-2. 12% offspeed and 30% breaking balls across 17 eligible pitches; reliability 36%.","3-2",17,88.8588599428658,0.361702127659574,"run_game_count_window_v1","2026-09-21","2026-09-22 14:30:35 UTC"
"681982","Grant Anderson","Milwaukee Brewers",3,"best_count_to_run","Best projected count window: 1-1. 12% offspeed and 37% breaking balls across 16 eligible pitches; reliability 35%.","1-1",16,97.1973881048273,0.347826086956522,"run_game_count_window_v1","2026-09-21","2026-09-22 14:30:35 UTC"
"682052","Jacob Lopez","Athletics",2,"best_count_to_run","Best projected count window: 1-2. 18% offspeed and 38% breaking balls across 51 eligible pitches; reliability 63%.","1-2",51,119.318735742871,0.62962962962963,"run_game_count_window_v1","2026-09-21","2026-09-22 14:30:35 UTC"
"682052","Jacob Lopez","Athletics",3,"best_count_to_run","Best projected count window: 2-1. 14% offspeed and 31% breaking balls across 29 eligible pitches; reliability 49%.","2-1",29,99.5132868006244,0.491525423728814,"run_game_count_window_v1","2026-09-21","2026-09-22 14:30:35 UTC"
"682120","Tim Herrin","Cleveland Guardians",2,"best_count_to_run","Best projected count window: 1-0. 12% offspeed and 38% breaking balls across 18 eligible pitches; reliability 38%.","1-0",18,95.7224017431088,0.375,"run_game_count_window_v1","2026-09-21","2026-09-22 14:30:35 UTC"
"682120","Tim Herrin","Cleveland Guardians",3,"best_count_to_run","Best projected count window: 1-0. 9% offspeed and 44% breaking balls across 18 eligible pitches; reliability 38%.","1-0",18,95.5923002756296,0.375,"run_game_count_window_v1","2026-09-21","2026-09-22 14:30:35 UTC"
"682227","Brandon Williamson","Cincinnati Reds",2,"best_count_to_run","Best projected count window: 0-1. 28% offspeed and 19% breaking balls across 22 eligible pitches; reliability 42%.","0-1",22,132.185874253849,0.423076923076923,"run_game_count_window_v1","2026-09-21","2026-09-22 14:30:35 UTC"
"682227","Brandon Williamson","Cincinnati Reds",3,"best_count_to_run","Best projected count window: 1-2. 20% offspeed and 29% breaking balls across 18 eligible pitches; reliability 38%.","1-2",18,115.449111841308,0.375,"run_game_count_window_v1","2026-09-21","2026-09-22 14:30:35 UTC"
"682243","Bryce Miller","Seattle Mariners",2,"best_count_to_run","Best projected count window: 1-2. 26% offspeed and 28% breaking balls across 41 eligible pitches; reliability 58%.","1-2",41,134.420178113063,0.577464788732394,"run_game_count_window_v1","2026-09-21","2026-09-22 14:30:35 UTC"
"682243","Bryce Miller","Seattle Mariners",3,"best_count_to_run","Best projected count window: 1-2. 30% offspeed and 25% breaking balls across 31 eligible pitches; reliability 51%.","1-2",31,145.048540533622,0.508196721311475,"run_game_count_window_v1","2026-09-21","2026-09-22 14:30:35 UTC"
"682254","Mason Montgomery","Pittsburgh Pirates",2,"best_count_to_run","Best projected count window: 1-1. 10% offspeed and 32% breaking balls across 33 eligible pitches; reliability 52%.","1-1",33,84.8946640580904,0.523809523809524,"run_game_count_window_v1","2026-09-21","2026-09-22 14:30:35 UTC"
"682254","Mason Montgomery","Pittsburgh Pirates",3,"best_count_to_run","Best projected count window: 2-2. 9% offspeed and 35% breaking balls across 19 eligible pitches; reliability 39%.","2-2",19,84.1175517630233,0.387755102040816,"run_game_count_window_v1","2026-09-21","2026-09-22 14:30:35 UTC"
"682608","Peyton Gray","Texas Rangers",2,"best_count_to_run","Best projected count window: 1-1. 37% offspeed and 25% breaking balls across 26 eligible pitches; reliability 46%.","1-1",26,166.889098146802,0.464285714285714,"run_game_count_window_v1","2026-09-21","2026-09-22 14:30:35 UTC"
"682608","Peyton Gray","Texas Rangers",3,"best_count_to_run","Best projected count window: 2-2. 30% offspeed and 22% breaking balls across 15 eligible pitches; reliability 33%.","2-2",15,142.064174343631,0.333333333333333,"run_game_count_window_v1","2026-09-21","2026-09-22 14:30:35 UTC"
"682825","Luis Mey","Cincinnati Reds",2,"best_count_to_run","Best projected count window: 1-2. 10% offspeed and 37% breaking balls across 16 eligible pitches; reliability 35%.","1-2",16,89.0459577242934,0.347826086956522,"run_game_count_window_v1","2026-09-21","2026-09-22 14:30:35 UTC"
"682825","Luis Mey","Cincinnati Reds",3,"best_count_to_run","Best projected count window: 1-2. 10% offspeed and 33% breaking balls across 15 eligible pitches; reliability 33%.","1-2",15,85.9940824533528,0.333333333333333,"run_game_count_window_v1","2026-09-21","2026-09-22 14:30:35 UTC"
"682842","Abner Uribe","Milwaukee Brewers",2,"best_count_to_run","Best projected count window: 3-2. 9% offspeed and 42% breaking balls across 20 eligible pitches; reliability 40%.","3-2",20,91.2044958254038,0.4,"run_game_count_window_v1","2026-09-21","2026-09-22 14:30:35 UTC"
"682842","Abner Uribe","Milwaukee Brewers",3,"best_count_to_run","Best projected count window: 0-1. 12% offspeed and 31% breaking balls across 15 eligible pitches; reliability 33%.","0-1",15,90.6138255675568,0.333333333333333,"run_game_count_window_v1","2026-09-21","2026-09-22 14:30:35 UTC"
"682982","Daniel Espino","Cleveland Guardians",2,"best_count_to_run","Best projected count window: 1-0. 10% offspeed and 33% breaking balls across 15 eligible pitches; reliability 33%.","1-0",15,85.5423645388958,0.333333333333333,"run_game_count_window_v1","2026-09-21","2026-09-22 14:30:35 UTC"
"682989","Victor Mederos","Atlanta Braves",2,"best_count_to_run","Best projected count window: 1-2. 21% offspeed and 22% breaking balls across 15 eligible pitches; reliability 33%.","1-2",15,111.586976892486,0.333333333333333,"run_game_count_window_v1","2026-09-21","2026-09-22 14:30:35 UTC"
"683000","Riley Cornelio","Washington Nationals",3,"best_count_to_run","Best projected count window: 1-2. 10% offspeed and 40% breaking balls across 15 eligible pitches; reliability 33%.","1-2",15,93.1206713617206,0.333333333333333,"run_game_count_window_v1","2026-09-21","2026-09-22 14:30:35 UTC"
"683003","Jared Jones","Pittsburgh Pirates",2,"best_count_to_run","Best projected count window: 1-0. 21% offspeed and 34% breaking balls across 31 eligible pitches; reliability 51%.","1-0",31,121.371904624956,0.508196721311475,"run_game_count_window_v1","2026-09-21","2026-09-22 14:30:35 UTC"
"683003","Jared Jones","Pittsburgh Pirates",3,"best_count_to_run","Best projected count window: 2-2. 22% offspeed and 34% breaking balls across 17 eligible pitches; reliability 36%.","2-2",17,127.102803620727,0.361702127659574,"run_game_count_window_v1","2026-09-21","2026-09-22 14:30:35 UTC"
"683004","Jack Leiter","Texas Rangers",2,"best_count_to_run","Best projected count window: 0-2. 21% offspeed and 29% breaking balls across 25 eligible pitches; reliability 45%.","0-2",25,117.938636521217,0.454545454545455,"run_game_count_window_v1","2026-09-21","2026-09-22 14:30:35 UTC"
"683004","Jack Leiter","Texas Rangers",3,"best_count_to_run","Best projected count window: 2-2. 19% offspeed and 29% breaking balls across 15 eligible pitches; reliability 33%.","2-2",15,110.872046389094,0.333333333333333,"run_game_count_window_v1","2026-09-21","2026-09-22 14:30:35 UTC"
"683175","Connor Phillips","Cincinnati Reds",2,"best_count_to_run","Best projected count window: 0-1. 10% offspeed and 43% breaking balls across 17 eligible pitches; reliability 36%.","0-1",17,94.2652495174756,0.361702127659574,"run_game_count_window_v1","2026-09-21","2026-09-22 14:30:35 UTC"
"683175","Connor Phillips","Cincinnati Reds",3,"best_count_to_run","Best projected count window: 0-1. 9% offspeed and 44% breaking balls across 20 eligible pitches; reliability 40%.","0-1",20,93.5533355434435,0.4,"run_game_count_window_v1","2026-09-21","2026-09-22 14:30:35 UTC"
"683352","Mitch Bratt","Arizona Diamondbacks",2,"best_count_to_run","Best projected count window: 1-1. 16% offspeed and 43% breaking balls across 28 eligible pitches; reliability 48%.","1-1",28,118.583095006178,0.482758620689655,"run_game_count_window_v1","2026-09-21","2026-09-22 14:30:35 UTC"
"683352","Mitch Bratt","Arizona Diamondbacks",3,"best_count_to_run","Best projected count window: 1-1. 13% offspeed and 35% breaking balls across 19 eligible pitches; reliability 39%.","1-1",19,99.3910802537451,0.387755102040816,"run_game_count_window_v1","2026-09-21","2026-09-22 14:30:35 UTC"
"683363","Matt Wilkinson","San Francisco Giants",2,"best_count_to_run","Best projected count window: 1-0. 16% offspeed and 21% breaking balls across 18 eligible pitches; reliability 38%.","1-0",18,93.4593508695685,0.375,"run_game_count_window_v1","2026-09-21","2026-09-22 14:30:35 UTC"
"683618","Edgardo Henriquez","Los Angeles Dodgers",2,"best_count_to_run","Best projected count window: 1-2. 9% offspeed and 37% breaking balls across 19 eligible pitches; reliability 39%.","1-2",19,86.2421486940511,0.387755102040816,"run_game_count_window_v1","2026-09-21","2026-09-22 14:30:35 UTC"
"683618","Edgardo Henriquez","Los Angeles Dodgers",3,"best_count_to_run","Best projected count window: 1-2. 10% offspeed and 36% breaking balls across 17 eligible pitches; reliability 36%.","1-2",17,86.9970077369527,0.361702127659574,"run_game_count_window_v1","2026-09-21","2026-09-22 14:30:35 UTC"
"683742","Jose Franco","Cincinnati Reds",2,"best_count_to_run","Best projected count window: 1-1. 15% offspeed and 36% breaking balls across 15 eligible pitches; reliability 33%.","1-1",15,103.564286495202,0.333333333333333,"run_game_count_window_v1","2026-09-21","2026-09-22 14:30:35 UTC"
"683769","Hunter Gaddis","Cleveland Guardians",2,"best_count_to_run","Best projected count window: 0-2. 19% offspeed and 38% breaking balls across 41 eligible pitches; reliability 58%.","0-2",41,121.015954760355,0.577464788732394,"run_game_count_window_v1","2026-09-21","2026-09-22 14:30:35 UTC"
"683769","Hunter Gaddis","Cleveland Guardians",3,"best_count_to_run","Best projected count window: 0-1. 18% offspeed and 45% breaking balls across 17 eligible pitches; reliability 36%.","0-1",17,124.879665336778,0.361702127659574,"run_game_count_window_v1","2026-09-21","2026-09-22 14:30:35 UTC"
"684007","Shota Imanaga","Chicago Cubs",2,"best_count_to_run","Best projected count window: 0-2. 38% offspeed and 24% breaking balls across 50 eligible pitches; reliability 62%.","0-2",50,170.72730347652,0.625,"run_game_count_window_v1","2026-09-21","2026-09-22 14:30:35 UTC"
"684007","Shota Imanaga","Chicago Cubs",3,"best_count_to_run","Best projected count window: 1-1. 34% offspeed and 18% breaking balls across 36 eligible pitches; reliability 55%.","1-1",36,151.546779135638,0.545454545454545,"run_game_count_window_v1","2026-09-21","2026-09-22 14:30:35 UTC"
"684665","Luke Murphy","Los Angeles Angels",2,"best_count_to_run","Best projected count window: 2-2. 15% offspeed and 22% breaking balls across 15 eligible pitches; reliability 33%.","2-2",15,89.3387984007141,0.333333333333333,"run_game_count_window_v1","2026-09-21","2026-09-22 14:30:35 UTC"
"685112","Zach McCambley","Cincinnati Reds",2,"best_count_to_run","Best projected count window: 1-2. 10% offspeed and 31% breaking balls across 15 eligible pitches; reliability 33%.","1-2",15,84.4601946404852,0.333333333333333,"run_game_count_window_v1","2026-09-21","2026-09-22 14:30:35 UTC"
"685299","Tanner Gordon","Colorado Rockies",2,"best_count_to_run","Best projected count window: 0-1. 25% offspeed and 37% breaking balls across 53 eligible pitches; reliability 64%.","0-1",53,139.330511402437,0.63855421686747,"run_game_count_window_v1","2026-09-21","2026-09-22 14:30:35 UTC"
"685299","Tanner Gordon","Colorado Rockies",3,"best_count_to_run","Best projected count window: 0-1. 25% offspeed and 37% breaking balls across 40 eligible pitches; reliability 57%.","0-1",40,140.305218052206,0.571428571428571,"run_game_count_window_v1","2026-09-21","2026-09-22 14:30:35 UTC"
"686218","Emmet Sheehan","Los Angeles Dodgers",2,"best_count_to_run","Best projected count window: 2-2. 21% offspeed and 33% breaking balls across 50 eligible pitches; reliability 62%.","2-2",50,120.653158482224,0.625,"run_game_count_window_v1","2026-09-21","2026-09-22 14:30:35 UTC"
"686218","Emmet Sheehan","Los Angeles Dodgers",3,"best_count_to_run","Best projected count window: 2-2. 23% offspeed and 33% breaking balls across 24 eligible pitches; reliability 44%.","2-2",24,130.339088764876,0.444444444444444,"run_game_count_window_v1","2026-09-21","2026-09-22 14:30:35 UTC"
"686560","Gavin Collyer","Texas Rangers",2,"best_count_to_run","Best projected count window: 1-2. 10% offspeed and 38% breaking balls across 15 eligible pitches; reliability 33%.","1-2",15,90.6567903247085,0.333333333333333,"run_game_count_window_v1","2026-09-21","2026-09-22 14:30:35 UTC"
"686580","Justin Slaten","Boston Red Sox",2,"best_count_to_run","Best projected count window: 2-2. 10% offspeed and 26% breaking balls across 16 eligible pitches; reliability 35%.","2-2",16,77.9181965762018,0.347826086956522,"run_game_count_window_v1","2026-09-21","2026-09-22 14:30:35 UTC"
"686613","Hunter Brown","Houston Astros",2,"best_count_to_run","Best projected count window: 2-1. 14% offspeed and 32% breaking balls across 29 eligible pitches; reliability 49%.","2-1",29,99.6929749794837,0.491525423728814,"run_game_count_window_v1","2026-09-21","2026-09-22 14:30:35 UTC"
"686613","Hunter Brown","Houston Astros",3,"best_count_to_run","Best projected count window: 1-0. 16% offspeed and 33% breaking balls across 16 eligible pitches; reliability 35%.","1-0",16,106.24515539136,0.347826086956522,"run_game_count_window_v1","2026-09-21","2026-09-22 14:30:35 UTC"
"686790","Trevor McDonald","San Francisco Giants",2,"best_count_to_run","Best projected count window: 1-2. 19% offspeed and 27% breaking balls across 19 eligible pitches; reliability 39%.","1-2",19,110.904000396394,0.387755102040816,"run_game_count_window_v1","2026-09-21","2026-09-22 14:30:35 UTC"
"686790","Trevor McDonald","San Francisco Giants",3,"best_count_to_run","Best projected count window: 2-2. 19% offspeed and 28% breaking balls across 20 eligible pitches; reliability 40%.","2-2",20,111.04795691445,0.4,"run_game_count_window_v1","2026-09-21","2026-09-22 14:30:35 UTC"
"686799","Jack Kochanowicz","Los Angeles Angels",2,"best_count_to_run","Best projected count window: 1-2. 17% offspeed and 20% breaking balls across 15 eligible pitches; reliability 33%.","1-2",15,94.0970236214044,0.333333333333333,"run_game_count_window_v1","2026-09-21","2026-09-22 14:30:35 UTC"
"686799","Jack Kochanowicz","Los Angeles Angels",3,"best_count_to_run","Best projected count window: 2-1. 17% offspeed and 25% breaking balls across 19 eligible pitches; reliability 39%.","2-1",19,101.248226236731,0.387755102040816,"run_game_count_window_v1","2026-09-21","2026-09-22 14:30:35 UTC"
"686930","Mason Barnett","Athletics",2,"best_count_to_run","Best projected count window: 1-2. 15% offspeed and 33% breaking balls across 21 eligible pitches; reliability 41%.","1-2",21,102.298215684717,0.411764705882353,"run_game_count_window_v1","2026-09-21","2026-09-22 14:30:35 UTC"
"686973","Louis Varland","Toronto Blue Jays",2,"best_count_to_run","Best projected count window: 0-2. 21% offspeed and 29% breaking balls across 21 eligible pitches; reliability 41%.","0-2",21,116.500751872802,0.411764705882353,"run_game_count_window_v1","2026-09-21","2026-09-22 14:30:35 UTC"
"686973","Louis Varland","Toronto Blue Jays",3,"best_count_to_run","Best projected count window: 0-2. 21% offspeed and 30% breaking balls across 24 eligible pitches; reliability 44%.","0-2",24,119.087408848545,0.444444444444444,"run_game_count_window_v1","2026-09-21","2026-09-22 14:30:35 UTC"
"686993","Justin Sterner","Athletics",2,"best_count_to_run","Best projected count window: 1-0. 10% offspeed and 29% breaking balls across 15 eligible pitches; reliability 33%.","1-0",15,82.662232790517,0.333333333333333,"run_game_count_window_v1","2026-09-21","2026-09-22 14:30:35 UTC"
"686993","Justin Sterner","Athletics",3,"best_count_to_run","Best projected count window: 2-2. 10% offspeed and 35% breaking balls across 16 eligible pitches; reliability 35%.","2-2",16,87.9047276755061,0.347826086956522,"run_game_count_window_v1","2026-09-21","2026-09-22 14:30:35 UTC"
"687064","Brandon Young","Baltimore Orioles",2,"best_count_to_run","Best projected count window: 1-2. 23% offspeed and 30% breaking balls across 43 eligible pitches; reliability 59%.","1-2",43,125.196808756367,0.589041095890411,"run_game_count_window_v1","2026-09-21","2026-09-22 14:30:35 UTC"
"687064","Brandon Young","Baltimore Orioles",3,"best_count_to_run","Best projected count window: 0-2. 24% offspeed and 27% breaking balls across 26 eligible pitches; reliability 46%.","0-2",26,126.686943659365,0.464285714285714,"run_game_count_window_v1","2026-09-21","2026-09-22 14:30:35 UTC"
"687075","Brandon Sproat","Milwaukee Brewers",2,"best_count_to_run","Best projected count window: 2-0. 17% offspeed and 20% breaking balls across 21 eligible pitches; reliability 41%.","2-0",21,93.9054888757981,0.411764705882353,"run_game_count_window_v1","2026-09-21","2026-09-22 14:30:35 UTC"
"687075","Brandon Sproat","Milwaukee Brewers",3,"best_count_to_run","Best projected count window: 1-1. 15% offspeed and 29% breaking balls across 15 eligible pitches; reliability 33%.","1-1",15,95.9686931945533,0.333333333333333,"run_game_count_window_v1","2026-09-21","2026-09-22 14:30:35 UTC"
"687273","Quinn Mathews","St. Louis Cardinals",2,"best_count_to_run","Best projected count window: 1-2. 24% offspeed and 30% breaking balls across 27 eligible pitches; reliability 47%.","1-2",27,128.783890769728,0.473684210526316,"run_game_count_window_v1","2026-09-21","2026-09-22 14:30:35 UTC"
"687312","Gabriel Hughes","Colorado Rockies",2,"best_count_to_run","Best projected count window: 1-2. 17% offspeed and 32% breaking balls across 27 eligible pitches; reliability 47%.","1-2",27,106.823130101224,0.473684210526316,"run_game_count_window_v1","2026-09-21","2026-09-22 14:30:35 UTC"
"687312","Gabriel Hughes","Colorado Rockies",3,"best_count_to_run","Best projected count window: 2-2. 14% offspeed and 39% breaking balls across 16 eligible pitches; reliability 35%.","2-2",16,106.298880239,0.347826086956522,"run_game_count_window_v1","2026-09-21","2026-09-22 14:30:35 UTC"
"687330","Kevin Kelly","Tampa Bay Rays",2,"best_count_to_run","Best projected count window: 1-2. 34% offspeed and 22% breaking balls across 21 eligible pitches; reliability 41%.","1-2",21,155.733905816654,0.411764705882353,"run_game_count_window_v1","2026-09-21","2026-09-22 14:30:35 UTC"
"687330","Kevin Kelly","Tampa Bay Rays",3,"best_count_to_run","Best projected count window: 1-1. 28% offspeed and 20% breaking balls across 15 eligible pitches; reliability 33%.","1-1",15,132.289595096249,0.333333333333333,"run_game_count_window_v1","2026-09-21","2026-09-22 14:30:35 UTC"
"687377","Orlando Ribalta","Washington Nationals",2,"best_count_to_run","Best projected count window: 3-2. 19% offspeed and 33% breaking balls across 16 eligible pitches; reliability 35%.","3-2",16,113.198278450601,0.347826086956522,"run_game_count_window_v1","2026-09-21","2026-09-22 14:30:35 UTC"
"687396","Brent Headrick","New York Yankees",2,"best_count_to_run","Best projected count window: 1-1. 20% offspeed and 35% breaking balls across 27 eligible pitches; reliability 47%.","1-1",27,122.281240524667,0.473684210526316,"run_game_count_window_v1","2026-09-21","2026-09-22 14:30:35 UTC"
"687396","Brent Headrick","New York Yankees",3,"best_count_to_run","Best projected count window: 0-2. 14% offspeed and 32% breaking balls across 17 eligible pitches; reliability 36%.","0-2",17,97.7584395799148,0.361702127659574,"run_game_count_window_v1","2026-09-21","2026-09-22 14:30:35 UTC"
"687473","Ryan Gusto","Miami Marlins",2,"best_count_to_run","Best projected count window: 1-1. 16% offspeed and 27% breaking balls across 22 eligible pitches; reliability 42%.","1-1",22,101.200537794833,0.423076923076923,"run_game_count_window_v1","2026-09-21","2026-09-22 14:30:35 UTC"
"687473","Ryan Gusto","Miami Marlins",3,"best_count_to_run","Best projected count window: 1-1. 22% offspeed and 27% breaking balls across 18 eligible pitches; reliability 38%.","1-1",18,119.695584419998,0.375,"run_game_count_window_v1","2026-09-21","2026-09-22 14:30:35 UTC"
"687562","Jake Bennett","Boston Red Sox",2,"best_count_to_run","Best projected count window: 1-1. 36% offspeed and 17% breaking balls across 35 eligible pitches; reliability 54%.","1-1",35,157.190764027661,0.538461538461538,"run_game_count_window_v1","2026-09-21","2026-09-22 14:30:35 UTC"
"687562","Jake Bennett","Boston Red Sox",3,"best_count_to_run","Best projected count window: 0-2. 23% offspeed and 22% breaking balls across 20 eligible pitches; reliability 40%.","0-2",20,118.489044243195,0.4,"run_game_count_window_v1","2026-09-21","2026-09-22 14:30:35 UTC"
"687570","Connor Prielipp","Minnesota Twins",2,"best_count_to_run","Best projected count window: 1-2. 17% offspeed and 45% breaking balls across 52 eligible pitches; reliability 63%.","1-2",52,119.604322612476,0.634146341463415,"run_game_count_window_v1","2026-09-21","2026-09-22 14:30:35 UTC"
"687570","Connor Prielipp","Minnesota Twins",3,"best_count_to_run","Best projected count window: 1-1. 22% offspeed and 40% breaking balls across 18 eligible pitches; reliability 38%.","1-1",18,132.33201820653,0.375,"run_game_count_window_v1","2026-09-21","2026-09-22 14:30:35 UTC"
"687606","Paxton Schultz","Washington Nationals",2,"best_count_to_run","Best projected count window: 0-2. 14% offspeed and 24% breaking balls across 16 eligible pitches; reliability 35%.","0-2",16,90.6390857603445,0.347826086956522,"run_game_count_window_v1","2026-09-21","2026-09-22 14:30:35 UTC"
"687606","Paxton Schultz","Washington Nationals",3,"best_count_to_run","Best projected count window: 2-2. 19% offspeed and 22% breaking balls across 21 eligible pitches; reliability 41%.","2-2",21,102.939111195886,0.411764705882353,"run_game_count_window_v1","2026-09-21","2026-09-22 14:30:35 UTC"
"687911","Bryan King","Houston Astros",2,"best_count_to_run","Best projected count window: 2-2. 9% offspeed and 36% breaking balls across 23 eligible pitches; reliability 43%.","2-2",23,84.2895992207108,0.433962264150943,"run_game_count_window_v1","2026-09-21","2026-09-22 14:30:35 UTC"
"687911","Bryan King","Houston Astros",3,"best_count_to_run","Best projected count window: 1-1. 11% offspeed and 31% breaking balls across 21 eligible pitches; reliability 41%.","1-1",21,87.6318614307548,0.411764705882353,"run_game_count_window_v1","2026-09-21","2026-09-22 14:30:35 UTC"
"687931","Carson Whisenhunt","San Francisco Giants",2,"best_count_to_run","Best projected count window: 1-1. 29% offspeed and 22% breaking balls across 20 eligible pitches; reliability 40%.","1-1",20,138.468505294619,0.4,"run_game_count_window_v1","2026-09-21","2026-09-22 14:30:35 UTC"
"687931","Carson Whisenhunt","San Francisco Giants",3,"best_count_to_run","Best projected count window: 0-1. 30% offspeed and 27% breaking balls across 22 eligible pitches; reliability 42%.","0-1",22,146.424517333073,0.423076923076923,"run_game_count_window_v1","2026-09-21","2026-09-22 14:30:35 UTC"
"688107","Robert Gasser","Milwaukee Brewers",2,"best_count_to_run","Best projected count window: 0-2. 18% offspeed and 32% breaking balls across 30 eligible pitches; reliability 50%.","0-2",30,109.986925068675,0.5,"run_game_count_window_v1","2026-09-21","2026-09-22 14:30:35 UTC"
"688107","Robert Gasser","Milwaukee Brewers",3,"best_count_to_run","Best projected count window: 2-2. 17% offspeed and 36% breaking balls across 15 eligible pitches; reliability 33%.","2-2",15,111.545851820912,0.333333333333333,"run_game_count_window_v1","2026-09-21","2026-09-22 14:30:35 UTC"
"688158","David Morgan","San Diego Padres",2,"best_count_to_run","Best projected count window: 0-2. 9% offspeed and 38% breaking balls across 18 eligible pitches; reliability 38%.","0-2",18,88.3645781458301,0.375,"run_game_count_window_v1","2026-09-21","2026-09-22 14:30:35 UTC"
"688158","David Morgan","San Diego Padres",3,"best_count_to_run","Best projected count window: 0-1. 9% offspeed and 37% breaking balls across 21 eligible pitches; reliability 41%.","0-1",21,86.2739570460492,0.411764705882353,"run_game_count_window_v1","2026-09-21","2026-09-22 14:30:35 UTC"
"688642","Zach Agnos","Colorado Rockies",2,"best_count_to_run","Best projected count window: 0-2. 18% offspeed and 33% breaking balls across 33 eligible pitches; reliability 52%.","0-2",33,113.840072888985,0.523809523809524,"run_game_count_window_v1","2026-09-21","2026-09-22 14:30:35 UTC"
"688642","Zach Agnos","Colorado Rockies",3,"best_count_to_run","Best projected count window: 1-2. 18% offspeed and 33% breaking balls across 24 eligible pitches; reliability 44%.","1-2",24,111.665718926977,0.444444444444444,"run_game_count_window_v1","2026-09-21","2026-09-22 14:30:35 UTC"
"688883","Peyton Pallette","Cleveland Guardians",2,"best_count_to_run","Best projected count window: 0-1. 10% offspeed and 36% breaking balls across 15 eligible pitches; reliability 33%.","0-1",15,89.0028852226145,0.333333333333333,"run_game_count_window_v1","2026-09-21","2026-09-22 14:30:35 UTC"
"689147","Orion Kerkering","Philadelphia Phillies",2,"best_count_to_run","Best projected count window: 2-2. 12% offspeed and 38% breaking balls across 23 eligible pitches; reliability 43%.","2-2",23,97.9499143990858,0.433962264150943,"run_game_count_window_v1","2026-09-21","2026-09-22 14:30:35 UTC"
"689147","Orion Kerkering","Philadelphia Phillies",3,"best_count_to_run","Best projected count window: 0-2. 10% offspeed and 44% breaking balls across 16 eligible pitches; reliability 35%.","0-2",16,95.7356489486633,0.347826086956522,"run_game_count_window_v1","2026-09-21","2026-09-22 14:30:35 UTC"
"689254","Mason Fluharty","Toronto Blue Jays",2,"best_count_to_run","Best projected count window: 1-1. 21% offspeed and 30% breaking balls across 30 eligible pitches; reliability 50%.","1-1",30,119.451163547168,0.5,"run_game_count_window_v1","2026-09-21","2026-09-22 14:30:35 UTC"
"689254","Mason Fluharty","Toronto Blue Jays",3,"best_count_to_run","Best projected count window: 0-1. 15% offspeed and 37% breaking balls across 19 eligible pitches; reliability 39%.","0-1",19,108.334259764119,0.387755102040816,"run_game_count_window_v1","2026-09-21","2026-09-22 14:30:35 UTC"
"689266","Dylan Dodd","Atlanta Braves",2,"best_count_to_run","Best projected count window: 1-2. 9% offspeed and 19% breaking balls across 18 eligible pitches; reliability 38%.","1-2",18,69.6017067554333,0.375,"run_game_count_window_v1","2026-09-21","2026-09-22 14:30:35 UTC"
"689266","Dylan Dodd","Atlanta Braves",3,"best_count_to_run","Best projected count window: 0-1. 10% offspeed and 20% breaking balls across 15 eligible pitches; reliability 33%.","0-1",15,73.074774918621,0.333333333333333,"run_game_count_window_v1","2026-09-21","2026-09-22 14:30:35 UTC"
"689296","Anthony Nunez","Baltimore Orioles",2,"best_count_to_run","Best projected count window: 1-2. 20% offspeed and 38% breaking balls across 17 eligible pitches; reliability 36%.","1-2",17,125.404524720283,0.361702127659574,"run_game_count_window_v1","2026-09-21","2026-09-22 14:30:35 UTC"
"689296","Anthony Nunez","Baltimore Orioles",3,"best_count_to_run","Best projected count window: 2-1. 28% offspeed and 27% breaking balls across 15 eligible pitches; reliability 33%.","2-1",15,138.754888314388,0.333333333333333,"run_game_count_window_v1","2026-09-21","2026-09-22 14:30:35 UTC"
"689546","Nick Davila","Seattle Mariners",3,"best_count_to_run","Best projected count window: 0-1. 9% offspeed and 35% breaking balls across 21 eligible pitches; reliability 41%.","0-1",21,84.0847545625132,0.411764705882353,"run_game_count_window_v1","2026-09-21","2026-09-22 14:30:35 UTC"
"689818","David Sandlin","Chicago White Sox",2,"best_count_to_run","Best projected count window: 1-2. 15% offspeed and 33% breaking balls across 15 eligible pitches; reliability 33%.","1-2",15,101.065039698513,0.333333333333333,"run_game_count_window_v1","2026-09-21","2026-09-22 14:30:35 UTC"
"690279","Mason Adams","Colorado Rockies",2,"best_count_to_run","Best projected count window: 0-1. 12% offspeed and 29% breaking balls across 15 eligible pitches; reliability 33%.","0-1",15,89.4493350455689,0.333333333333333,"run_game_count_window_v1","2026-09-21","2026-09-22 14:30:35 UTC"
"690925","Clayton Beeter","Washington Nationals",2,"best_count_to_run","Best projected count window: 1-0. 10% offspeed and 45% breaking balls across 17 eligible pitches; reliability 36%.","1-0",17,96.7329169898032,0.361702127659574,"run_game_count_window_v1","2026-09-21","2026-09-22 14:30:35 UTC"
"690925","Clayton Beeter","Washington Nationals",3,"best_count_to_run","Best projected count window: 1-0. 9% offspeed and 42% breaking balls across 18 eligible pitches; reliability 38%.","1-0",18,92.6398733301863,0.375,"run_game_count_window_v1","2026-09-21","2026-09-22 14:30:35 UTC"
"690928","Hunter Dobbins","St. Louis Cardinals",2,"best_count_to_run","Best projected count window: 2-2. 18% offspeed and 39% breaking balls across 22 eligible pitches; reliability 42%.","2-2",22,119.452814949949,0.423076923076923,"run_game_count_window_v1","2026-09-21","2026-09-22 14:30:35 UTC"
"690928","Hunter Dobbins","St. Louis Cardinals",3,"best_count_to_run","Best projected count window: 1-0. 14% offspeed and 32% breaking balls across 17 eligible pitches; reliability 36%.","1-0",17,97.9771202934501,0.361702127659574,"run_game_count_window_v1","2026-09-21","2026-09-22 14:30:35 UTC"
"690953","Mick Abel","Minnesota Twins",3,"best_count_to_run","Best projected count window: 0-1. 15% offspeed and 38% breaking balls across 15 eligible pitches; reliability 33%.","0-1",15,106.228922414096,0.333333333333333,"run_game_count_window_v1","2026-09-21","2026-09-22 14:30:35 UTC"
"690978","Dax Fulton","Miami Marlins",2,"best_count_to_run","Best projected count window: 0-1. 12% offspeed and 38% breaking balls across 18 eligible pitches; reliability 38%.","0-1",18,95.2597751768274,0.375,"run_game_count_window_v1","2026-09-21","2026-09-22 14:30:35 UTC"
"690986","Kyle Harrison","Milwaukee Brewers",2,"best_count_to_run","Best projected count window: 3-2. 13% offspeed and 37% breaking balls across 19 eligible pitches; reliability 39%.","3-2",19,100.973818895296,0.387755102040816,"run_game_count_window_v1","2026-09-21","2026-09-22 14:30:35 UTC"
"690986","Kyle Harrison","Milwaukee Brewers",3,"best_count_to_run","Best projected count window: 1-0. 18% offspeed and 38% breaking balls across 18 eligible pitches; reliability 38%.","1-0",18,116.857546682624,0.375,"run_game_count_window_v1","2026-09-21","2026-09-22 14:30:35 UTC"
"690997","Nolan McLean","New York Mets",2,"best_count_to_run","Best projected count window: 1-2. 13% offspeed and 42% breaking balls across 69 eligible pitches; reliability 70%.","1-2",69,104.456212220581,0.696969696969697,"run_game_count_window_v1","2026-09-21","2026-09-22 14:30:35 UTC"
"690997","Nolan McLean","New York Mets",3,"best_count_to_run","Best projected count window: 1-1. 16% offspeed and 36% breaking balls across 31 eligible pitches; reliability 51%.","1-1",31,107.791703629921,0.508196721311475,"run_game_count_window_v1","2026-09-21","2026-09-22 14:30:35 UTC"
"691384","Luis Perales","Washington Nationals",2,"best_count_to_run","Best projected count window: 1-2. 27% offspeed and 24% breaking balls across 16 eligible pitches; reliability 35%.","1-2",16,133.50997196745,0.347826086956522,"run_game_count_window_v1","2026-09-21","2026-09-22 14:30:35 UTC"
"691587","Eury Pérez","Miami Marlins",2,"best_count_to_run","Best projected count window: 1-2. 13% offspeed and 45% breaking balls across 52 eligible pitches; reliability 63%.","1-2",52,107.314164617758,0.634146341463415,"run_game_count_window_v1","2026-09-21","2026-09-22 14:30:35 UTC"
"691587","Eury Pérez","Miami Marlins",3,"best_count_to_run","Best projected count window: 1-2. 18% offspeed and 36% breaking balls across 28 eligible pitches; reliability 48%.","1-2",28,115.783100308633,0.482758620689655,"run_game_count_window_v1","2026-09-21","2026-09-22 14:30:35 UTC"
"691725","Andrew Painter","Philadelphia Phillies",2,"best_count_to_run","Best projected count window: 2-2. 23% offspeed and 32% breaking balls across 45 eligible pitches; reliability 60%.","2-2",45,128.97899272188,0.6,"run_game_count_window_v1","2026-09-21","2026-09-22 14:30:35 UTC"
"691725","Andrew Painter","Philadelphia Phillies",3,"best_count_to_run","Best projected count window: 1-0. 18% offspeed and 37% breaking balls across 24 eligible pitches; reliability 44%.","1-0",24,115.196721838477,0.444444444444444,"run_game_count_window_v1","2026-09-21","2026-09-22 14:30:35 UTC"
"691799","Grant Taylor","Chicago White Sox",2,"best_count_to_run","Best projected count window: 2-2. 8% offspeed and 41% breaking balls across 26 eligible pitches; reliability 46%.","2-2",26,87.2124199661811,0.464285714285714,"run_game_count_window_v1","2026-09-21","2026-09-22 14:30:35 UTC"
"691799","Grant Taylor","Chicago White Sox",3,"best_count_to_run","Best projected count window: 1-0. 9% offspeed and 39% breaking balls across 22 eligible pitches; reliability 42%.","1-0",22,86.6254038648026,0.423076923076923,"run_game_count_window_v1","2026-09-21","2026-09-22 14:30:35 UTC"
"691946","George Klassen","Los Angeles Angels",2,"best_count_to_run","Best projected count window: 1-1. 18% offspeed and 30% breaking balls across 17 eligible pitches; reliability 36%.","1-1",17,109.205030901766,0.361702127659574,"run_game_count_window_v1","2026-09-21","2026-09-22 14:30:35 UTC"
"691951","Sam Aldegheri","Los Angeles Angels",2,"best_count_to_run","Best projected count window: 2-2. 30% offspeed and 22% breaking balls across 15 eligible pitches; reliability 33%.","2-2",15,142.814847558757,0.333333333333333,"run_game_count_window_v1","2026-09-21","2026-09-22 14:30:35 UTC"
"691951","Sam Aldegheri","Los Angeles Angels",3,"best_count_to_run","Best projected count window: 1-1. 26% offspeed and 23% breaking balls across 19 eligible pitches; reliability 39%.","1-1",19,127.96886991852,0.387755102040816,"run_game_count_window_v1","2026-09-21","2026-09-22 14:30:35 UTC"
"693308","Nick Frasso","Colorado Rockies",2,"best_count_to_run","Best projected count window: 0-1. 15% offspeed and 20% breaking balls across 15 eligible pitches; reliability 33%.","0-1",15,87.1891118420205,0.333333333333333,"run_game_count_window_v1","2026-09-21","2026-09-22 14:30:35 UTC"
"693313","Carson Seymour","San Francisco Giants",2,"best_count_to_run","Best projected count window: 1-2. 10% offspeed and 40% breaking balls across 23 eligible pitches; reliability 43%.","1-2",23,93.4067267235302,0.433962264150943,"run_game_count_window_v1","2026-09-21","2026-09-22 14:30:35 UTC"
"693433","Bryan Woo","Seattle Mariners",2,"best_count_to_run","Best projected count window: 3-2. 11% offspeed and 32% breaking balls across 29 eligible pitches; reliability 49%.","3-2",29,88.0226246989085,0.491525423728814,"run_game_count_window_v1","2026-09-21","2026-09-22 14:30:35 UTC"
"693433","Bryan Woo","Seattle Mariners",3,"best_count_to_run","Best projected count window: 2-1. 14% offspeed and 31% breaking balls across 16 eligible pitches; reliability 35%.","2-1",16,96.6092375512048,0.347826086956522,"run_game_count_window_v1","2026-09-21","2026-09-22 14:30:35 UTC"
"693645","Cam Schlittler","New York Yankees",2,"best_count_to_run","Best projected count window: 2-1. 9% offspeed and 20% breaking balls across 20 eligible pitches; reliability 40%.","2-1",20,68.5909165310546,0.4,"run_game_count_window_v1","2026-09-21","2026-09-22 14:30:35 UTC"
"693645","Cam Schlittler","New York Yankees",3,"best_count_to_run","Best projected count window: 3-2. 10% offspeed and 31% breaking balls across 16 eligible pitches; reliability 35%.","3-2",16,81.956451835475,0.347826086956522,"run_game_count_window_v1","2026-09-21","2026-09-22 14:30:35 UTC"
"693686","Spencer Miles","Toronto Blue Jays",2,"best_count_to_run","Best projected count window: 3-2. 9% offspeed and 37% breaking balls across 22 eligible pitches; reliability 42%.","3-2",22,84.912576621981,0.423076923076923,"run_game_count_window_v1","2026-09-21","2026-09-22 14:30:35 UTC"
"693686","Spencer Miles","Toronto Blue Jays",3,"best_count_to_run","Best projected count window: 2-2. 9% offspeed and 35% breaking balls across 19 eligible pitches; reliability 39%.","2-2",19,84.867543775777,0.387755102040816,"run_game_count_window_v1","2026-09-21","2026-09-22 14:30:35 UTC"
"693821","Bryce Elder","Atlanta Braves",2,"best_count_to_run","Best projected count window: 2-1. 19% offspeed and 21% breaking balls across 37 eligible pitches; reliability 55%.","2-1",37,102.673615047257,0.552238805970149,"run_game_count_window_v1","2026-09-21","2026-09-22 14:30:35 UTC"
"693821","Bryce Elder","Atlanta Braves",3,"best_count_to_run","Best projected count window: 2-2. 23% offspeed and 22% breaking balls across 20 eligible pitches; reliability 40%.","2-2",20,118.215667487438,0.4,"run_game_count_window_v1","2026-09-21","2026-09-22 14:30:35 UTC"
"693855","Ian Seymour","Tampa Bay Rays",2,"best_count_to_run","Best projected count window: 1-1. 30% offspeed and 32% breaking balls across 35 eligible pitches; reliability 54%.","1-1",35,152.683856052323,0.538461538461538,"run_game_count_window_v1","2026-09-21","2026-09-22 14:30:35 UTC"
"693855","Ian Seymour","Tampa Bay Rays",3,"best_count_to_run","Best projected count window: 1-1. 31% offspeed and 23% breaking balls across 36 eligible pitches; reliability 55%.","1-1",36,146.27353082918,0.545454545454545,"run_game_count_window_v1","2026-09-21","2026-09-22 14:30:35 UTC"
"694037","Daniel Palencia","Chicago Cubs",2,"best_count_to_run","Best projected count window: 1-2. 9% offspeed and 27% breaking balls across 18 eligible pitches; reliability 38%.","1-2",18,76.4783889687853,0.375,"run_game_count_window_v1","2026-09-21","2026-09-22 14:30:35 UTC"
"694297","Brandon Pfaadt","Arizona Diamondbacks",2,"best_count_to_run","Best projected count window: 1-1. 24% offspeed and 31% breaking balls across 48 eligible pitches; reliability 62%.","1-1",48,129.498731144857,0.615384615384615,"run_game_count_window_v1","2026-09-21","2026-09-22 14:30:35 UTC"
"694297","Brandon Pfaadt","Arizona Diamondbacks",3,"best_count_to_run","Best projected count window: 1-0. 20% offspeed and 30% breaking balls across 27 eligible pitches; reliability 47%.","1-0",27,116.913618863318,0.473684210526316,"run_game_count_window_v1","2026-09-21","2026-09-22 14:30:35 UTC"
"694335","Matt Svanson","St. Louis Cardinals",2,"best_count_to_run","Best projected count window: 2-2. 9% offspeed and 35% breaking balls across 21 eligible pitches; reliability 41%.","2-2",21,84.1262001496949,0.411764705882353,"run_game_count_window_v1","2026-09-21","2026-09-22 14:30:35 UTC"
"694335","Matt Svanson","St. Louis Cardinals",3,"best_count_to_run","Best projected count window: 1-0. 9% offspeed and 36% breaking balls across 20 eligible pitches; reliability 40%.","1-0",20,85.6512957357924,0.4,"run_game_count_window_v1","2026-09-21","2026-09-22 14:30:35 UTC"
"694346","Trey Gibson","Baltimore Orioles",2,"best_count_to_run","Best projected count window: 1-2. 10% offspeed and 47% breaking balls across 17 eligible pitches; reliability 36%.","1-2",17,98.7105238165975,0.361702127659574,"run_game_count_window_v1","2026-09-21","2026-09-22 14:30:35 UTC"
"694346","Trey Gibson","Baltimore Orioles",3,"best_count_to_run","Best projected count window: 1-0. 10% offspeed and 33% breaking balls across 15 eligible pitches; reliability 33%.","1-0",15,86.5745040549493,0.333333333333333,"run_game_count_window_v1","2026-09-21","2026-09-22 14:30:35 UTC"
"694360","Beck Way","Kansas City Royals",2,"best_count_to_run","Best projected count window: 0-1. 10% offspeed and 24% breaking balls across 16 eligible pitches; reliability 35%.","0-1",16,75.6621987454758,0.347826086956522,"run_game_count_window_v1","2026-09-21","2026-09-22 14:30:35 UTC"
"694361","Will Klein","Los Angeles Dodgers",2,"best_count_to_run","Best projected count window: 1-2. 8% offspeed and 41% breaking balls across 24 eligible pitches; reliability 44%.","1-2",24,87.9347606747338,0.444444444444444,"run_game_count_window_v1","2026-09-21","2026-09-22 14:30:35 UTC"
"694361","Will Klein","Los Angeles Dodgers",3,"best_count_to_run","Best projected count window: 1-1. 10% offspeed and 45% breaking balls across 17 eligible pitches; reliability 36%.","1-1",17,96.4434188467941,0.361702127659574,"run_game_count_window_v1","2026-09-21","2026-09-22 14:30:35 UTC"
"694477","Chad Patrick","Milwaukee Brewers",2,"best_count_to_run","Best projected count window: 0-2. 10% offspeed and 22% breaking balls across 16 eligible pitches; reliability 35%.","0-2",16,73.6574278655545,0.347826086956522,"run_game_count_window_v1","2026-09-21","2026-09-22 14:30:35 UTC"
"694477","Chad Patrick","Milwaukee Brewers",3,"best_count_to_run","Best projected count window: 0-2. 10% offspeed and 20% breaking balls across 16 eligible pitches; reliability 35%.","0-2",16,71.1359409636599,0.347826086956522,"run_game_count_window_v1","2026-09-21","2026-09-22 14:30:35 UTC"
"694738","Landen Roupp","San Francisco Giants",2,"best_count_to_run","Best projected count window: 1-2. 25% offspeed and 30% breaking balls across 63 eligible pitches; reliability 68%.","1-2",63,134.468528980864,0.67741935483871,"run_game_count_window_v1","2026-09-21","2026-09-22 14:30:35 UTC"
"694738","Landen Roupp","San Francisco Giants",3,"best_count_to_run","Best projected count window: 1-2. 34% offspeed and 27% breaking balls across 37 eligible pitches; reliability 55%.","1-2",37,158.821159384803,0.552238805970149,"run_game_count_window_v1","2026-09-21","2026-09-22 14:30:35 UTC"
"694795","Josh Ekness","Miami Marlins",2,"best_count_to_run","Best projected count window: 0-1. 9% offspeed and 45% breaking balls across 23 eligible pitches; reliability 43%.","0-1",23,93.509584441529,0.433962264150943,"run_game_count_window_v1","2026-09-21","2026-09-22 14:30:35 UTC"
"694795","Josh Ekness","Miami Marlins",3,"best_count_to_run","Best projected count window: 0-1. 9% offspeed and 31% breaking balls across 18 eligible pitches; reliability 38%.","0-1",18,81.5759493983826,0.375,"run_game_count_window_v1","2026-09-21","2026-09-22 14:30:35 UTC"
"694819","Jacob Misiorowski","Milwaukee Brewers",2,"best_count_to_run","Best projected count window: 3-2. 8% offspeed and 30% breaking balls across 26 eligible pitches; reliability 46%.","3-2",26,75.6278621530643,0.464285714285714,"run_game_count_window_v1","2026-09-21","2026-09-22 14:30:35 UTC"
"694819","Jacob Misiorowski","Milwaukee Brewers",3,"best_count_to_run","Best projected count window: 2-2. 9% offspeed and 30% breaking balls across 20 eligible pitches; reliability 40%.","2-2",20,78.3843651106493,0.4,"run_game_count_window_v1","2026-09-21","2026-09-22 14:30:35 UTC"
"694918","Blade Tidwell","San Francisco Giants",2,"best_count_to_run","Best projected count window: 2-2. 14% offspeed and 46% breaking balls across 36 eligible pitches; reliability 55%.","2-2",36,113.700197098396,0.545454545454545,"run_game_count_window_v1","2026-09-21","2026-09-22 14:30:35 UTC"
"694973","Paul Skenes","Pittsburgh Pirates",2,"best_count_to_run","Best projected count window: 1-0. 28% offspeed and 26% breaking balls across 48 eligible pitches; reliability 62%.","1-0",48,136.282680799563,0.615384615384615,"run_game_count_window_v1","2026-09-21","2026-09-22 14:30:35 UTC"
"694973","Paul Skenes","Pittsburgh Pirates",3,"best_count_to_run","Best projected count window: 2-0. 29% offspeed and 30% breaking balls across 23 eligible pitches; reliability 43%.","2-0",23,146.757339091204,0.433962264150943,"run_game_count_window_v1","2026-09-21","2026-09-22 14:30:35 UTC"
"695076","Rhett Lowder","Cincinnati Reds",2,"best_count_to_run","Best projected count window: 2-1. 26% offspeed and 33% breaking balls across 34 eligible pitches; reliability 53%.","2-1",34,138.500547243635,0.53125,"run_game_count_window_v1","2026-09-21","2026-09-22 14:30:35 UTC"
"695076","Rhett Lowder","Cincinnati Reds",3,"best_count_to_run","Best projected count window: 0-0. 21% offspeed and 35% breaking balls across 16 eligible pitches; reliability 35%.","0-0",16,123.61717314907,0.347826086956522,"run_game_count_window_v1","2026-09-21","2026-09-22 14:30:35 UTC"
"695239","Robby Ahlstrom","Texas Rangers",2,"best_count_to_run","Best projected count window: 1-1. 20% offspeed and 30% breaking balls across 17 eligible pitches; reliability 36%.","1-1",17,116.645105336982,0.361702127659574,"run_game_count_window_v1","2026-09-21","2026-09-22 14:30:35 UTC"
"695239","Robby Ahlstrom","Texas Rangers",3,"best_count_to_run","Best projected count window: 1-0. 15% offspeed and 33% breaking balls across 15 eligible pitches; reliability 33%.","1-0",15,101.213462674023,0.333333333333333,"run_game_count_window_v1","2026-09-21","2026-09-22 14:30:35 UTC"
"695243","Mason Miller","San Diego Padres",2,"best_count_to_run","Best projected count window: 2-2. 9% offspeed and 41% breaking balls across 19 eligible pitches; reliability 39%.","2-2",19,90.4322408638165,0.387755102040816,"run_game_count_window_v1","2026-09-21","2026-09-22 14:30:35 UTC"
"695243","Mason Miller","San Diego Padres",3,"best_count_to_run","Best projected count window: 0-1. 10% offspeed and 50% breaking balls across 16 eligible pitches; reliability 35%.","0-1",16,102.480248229867,0.347826086956522,"run_game_count_window_v1","2026-09-21","2026-09-22 14:30:35 UTC"
"695380","Alex Hoppe","Seattle Mariners",2,"best_count_to_run","Best projected count window: 2-2. 10% offspeed and 36% breaking balls across 15 eligible pitches; reliability 33%.","2-2",15,88.0267330573913,0.333333333333333,"run_game_count_window_v1","2026-09-21","2026-09-22 14:30:35 UTC"
"695418","Brad Lord","Washington Nationals",2,"best_count_to_run","Best projected count window: 1-1. 17% offspeed and 29% breaking balls across 25 eligible pitches; reliability 45%.","1-1",25,106.198330664567,0.454545454545455,"run_game_count_window_v1","2026-09-21","2026-09-22 14:30:35 UTC"
"695418","Brad Lord","Washington Nationals",3,"best_count_to_run","Best projected count window: 1-0. 11% offspeed and 37% breaking balls across 27 eligible pitches; reliability 47%.","1-0",27,94.5592072900276,0.473684210526316,"run_game_count_window_v1","2026-09-21","2026-09-22 14:30:35 UTC"
"695505","Chase Burns","Cincinnati Reds",2,"best_count_to_run","Best projected count window: 0-2. 14% offspeed and 29% breaking balls across 38 eligible pitches; reliability 56%.","0-2",38,94.5878733334731,0.558823529411765,"run_game_count_window_v1","2026-09-21","2026-09-22 14:30:35 UTC"
"695505","Chase Burns","Cincinnati Reds",3,"best_count_to_run","Best projected count window: 1-1. 12% offspeed and 35% breaking balls across 33 eligible pitches; reliability 52%.","1-1",33,93.3245510634943,0.523809523809524,"run_game_count_window_v1","2026-09-21","2026-09-22 14:30:35 UTC"
"695534","Chase Petty","Cincinnati Reds",2,"best_count_to_run","Best projected count window: 0-1. 16% offspeed and 23% breaking balls across 18 eligible pitches; reliability 38%.","0-1",18,93.9535612268993,0.375,"run_game_count_window_v1","2026-09-21","2026-09-22 14:30:35 UTC"
"695549","Jackson Jobe","Detroit Tigers",2,"best_count_to_run","Best projected count window: 1-2. 21% offspeed and 30% breaking balls across 20 eligible pitches; reliability 40%.","1-2",20,119.219201626787,0.4,"run_game_count_window_v1","2026-09-21","2026-09-22 14:30:35 UTC"
"695549","Jackson Jobe","Detroit Tigers",3,"best_count_to_run","Best projected count window: 0-1. 9% offspeed and 33% breaking balls across 18 eligible pitches; reliability 38%.","0-1",18,83.4784515912265,0.375,"run_game_count_window_v1","2026-09-21","2026-09-22 14:30:35 UTC"
"695611","Gage Jump","Athletics",2,"best_count_to_run","Best projected count window: 0-2. 17% offspeed and 37% breaking balls across 38 eligible pitches; reliability 56%.","0-2",38,112.66081762008,0.558823529411765,"run_game_count_window_v1","2026-09-21","2026-09-22 14:30:35 UTC"
"695611","Gage Jump","Athletics",3,"best_count_to_run","Best projected count window: 2-1. 19% offspeed and 31% breaking balls across 16 eligible pitches; reliability 35%.","2-1",16,111.448271867585,0.347826086956522,"run_game_count_window_v1","2026-09-21","2026-09-22 14:30:35 UTC"
"695684","Elmer Rodríguez","New York Yankees",2,"best_count_to_run","Best projected count window: 1-0. 15% offspeed and 27% breaking balls across 15 eligible pitches; reliability 33%.","1-0",15,94.4976460207701,0.333333333333333,"run_game_count_window_v1","2026-09-21","2026-09-22 14:30:35 UTC"
"696062","Wilber Dotel","Pittsburgh Pirates",2,"best_count_to_run","Best projected count window: 1-2. 12% offspeed and 30% breaking balls across 23 eligible pitches; reliability 43%.","1-2",23,90.0170146545854,0.433962264150943,"run_game_count_window_v1","2026-09-21","2026-09-22 14:30:35 UTC"
"696070","Kendry Rojas","Minnesota Twins",2,"best_count_to_run","Best projected count window: 0-1. 14% offspeed and 22% breaking balls across 16 eligible pitches; reliability 35%.","0-1",16,87.6100249046982,0.347826086956522,"run_game_count_window_v1","2026-09-21","2026-09-22 14:30:35 UTC"
"696070","Kendry Rojas","Minnesota Twins",3,"best_count_to_run","Best projected count window: 1-2. 17% offspeed and 33% breaking balls across 15 eligible pitches; reliability 33%.","1-2",15,108.03945589397,0.333333333333333,"run_game_count_window_v1","2026-09-21","2026-09-22 14:30:35 UTC"
"696131","Mason Black","Kansas City Royals",2,"best_count_to_run","Best projected count window: 0-1. 10% offspeed and 42% breaking balls across 23 eligible pitches; reliability 43%.","0-1",23,96.167374034673,0.433962264150943,"run_game_count_window_v1","2026-09-21","2026-09-22 14:30:35 UTC"
"696146","Hagen Smith","Chicago White Sox",2,"best_count_to_run","Best projected count window: 0-2. 10% offspeed and 39% breaking balls across 16 eligible pitches; reliability 35%.","0-2",16,91.9622103650122,0.347826086956522,"run_game_count_window_v1","2026-09-21","2026-09-22 14:30:35 UTC"
"696147","Sam Bachman","Los Angeles Angels",2,"best_count_to_run","Best projected count window: 0-1. 15% offspeed and 45% breaking balls across 21 eligible pitches; reliability 41%.","0-1",21,113.552976666254,0.411764705882353,"run_game_count_window_v1","2026-09-21","2026-09-22 14:30:35 UTC"
"696147","Sam Bachman","Los Angeles Angels",3,"best_count_to_run","Best projected count window: 0-1. 14% offspeed and 39% breaking balls across 16 eligible pitches; reliability 35%.","0-1",16,105.261166186944,0.347826086956522,"run_game_count_window_v1","2026-09-21","2026-09-22 14:30:35 UTC"
"696149","Bubba Chandler","Pittsburgh Pirates",2,"best_count_to_run","Best projected count window: 3-2. 19% offspeed and 36% breaking balls across 42 eligible pitches; reliability 58%.","3-2",42,116.964448558454,0.583333333333333,"run_game_count_window_v1","2026-09-21","2026-09-22 14:30:35 UTC"
"696149","Bubba Chandler","Pittsburgh Pirates",3,"best_count_to_run","Best projected count window: 2-0. 18% offspeed and 34% breaking balls across 17 eligible pitches; reliability 36%.","2-0",17,113.183057706845,0.361702127659574,"run_game_count_window_v1","2026-09-21","2026-09-22 14:30:35 UTC"
"696270","Ryan Johnson","Los Angeles Angels",2,"best_count_to_run","Best projected count window: 2-2. 24% offspeed and 24% breaking balls across 36 eligible pitches; reliability 55%.","2-2",36,122.426836223669,0.545454545454545,"run_game_count_window_v1","2026-09-21","2026-09-22 14:30:35 UTC"
"696270","Ryan Johnson","Los Angeles Angels",3,"best_count_to_run","Best projected count window: 1-1. 27% offspeed and 28% breaking balls across 24 eligible pitches; reliability 44%.","1-1",24,137.649534296909,0.444444444444444,"run_game_count_window_v1","2026-09-21","2026-09-22 14:30:35 UTC"
"696519","Samy Natera Jr.","Los Angeles Angels",2,"best_count_to_run","Best projected count window: 1-1. 10% offspeed and 36% breaking balls across 17 eligible pitches; reliability 36%.","1-1",17,87.7709543522652,0.361702127659574,"run_game_count_window_v1","2026-09-21","2026-09-22 14:30:35 UTC"
"696519","Samy Natera Jr.","Los Angeles Angels",3,"best_count_to_run","Best projected count window: 1-2. 10% offspeed and 29% breaking balls across 15 eligible pitches; reliability 33%.","1-2",15,81.5220585943018,0.333333333333333,"run_game_count_window_v1","2026-09-21","2026-09-22 14:30:35 UTC"
"699008","Antwone Kelly","Pittsburgh Pirates",3,"best_count_to_run","Best projected count window: 0-1. 12% offspeed and 36% breaking balls across 15 eligible pitches; reliability 33%.","0-1",15,95.1221590417385,0.333333333333333,"run_game_count_window_v1","2026-09-21","2026-09-22 14:30:35 UTC"
"699134","Bradgley Rodriguez","San Diego Padres",2,"best_count_to_run","Best projected count window: 0-2. 32% offspeed and 21% breaking balls across 18 eligible pitches; reliability 38%.","0-2",18,146.900451398733,0.375,"run_game_count_window_v1","2026-09-21","2026-09-22 14:30:35 UTC"
"699134","Bradgley Rodriguez","San Diego Padres",3,"best_count_to_run","Best projected count window: 0-2. 34% offspeed and 20% breaking balls across 25 eligible pitches; reliability 45%.","0-2",25,150.477290511824,0.454545454545455,"run_game_count_window_v1","2026-09-21","2026-09-22 14:30:35 UTC"
"699823","Tyler Davis","Chicago White Sox",2,"best_count_to_run","Best projected count window: 1-2. 14% offspeed and 26% breaking balls across 24 eligible pitches; reliability 44%.","1-2",24,91.2217702991091,0.444444444444444,"run_game_count_window_v1","2026-09-21","2026-09-22 14:30:35 UTC"
"700241","Michael McGreevy","St. Louis Cardinals",2,"best_count_to_run","Best projected count window: 3-2. 25% offspeed and 27% breaking balls across 25 eligible pitches; reliability 45%.","3-2",25,129.18845177168,0.454545454545455,"run_game_count_window_v1","2026-09-21","2026-09-22 14:30:35 UTC"
"700241","Michael McGreevy","St. Louis Cardinals",3,"best_count_to_run","Best projected count window: 1-1. 26% offspeed and 25% breaking balls across 41 eligible pitches; reliability 58%.","1-1",41,132.076744262422,0.577464788732394,"run_game_count_window_v1","2026-09-21","2026-09-22 14:30:35 UTC"
"700249","Cade Povich","Baltimore Orioles",2,"best_count_to_run","Best projected count window: 1-1. 14% offspeed and 38% breaking balls across 17 eligible pitches; reliability 36%.","1-1",17,105.122936526491,0.361702127659574,"run_game_count_window_v1","2026-09-21","2026-09-22 14:30:35 UTC"
"700249","Cade Povich","Baltimore Orioles",3,"best_count_to_run","Best projected count window: 1-0. 19% offspeed and 37% breaking balls across 16 eligible pitches; reliability 35%.","1-0",16,119.551721478062,0.347826086956522,"run_game_count_window_v1","2026-09-21","2026-09-22 14:30:35 UTC"
"700363","AJ Smith-Shawver","Atlanta Braves",2,"best_count_to_run","Best projected count window: 2-2. 31% offspeed and 23% breaking balls across 23 eligible pitches; reliability 43%.","2-2",23,146.172797809106,0.433962264150943,"run_game_count_window_v1","2026-09-21","2026-09-22 14:30:35 UTC"
"700363","AJ Smith-Shawver","Atlanta Braves",3,"best_count_to_run","Best projected count window: 0-1. 19% offspeed and 24% breaking balls across 16 eligible pitches; reliability 35%.","0-1",16,105.243599525714,0.347826086956522,"run_game_count_window_v1","2026-09-21","2026-09-22 14:30:35 UTC"
"700669","Gordon Graceffo","St. Louis Cardinals",2,"best_count_to_run","Best projected count window: 1-1. 17% offspeed and 32% breaking balls across 20 eligible pitches; reliability 40%.","1-1",20,108.058571215709,0.4,"run_game_count_window_v1","2026-09-21","2026-09-22 14:30:35 UTC"
"700669","Gordon Graceffo","St. Louis Cardinals",3,"best_count_to_run","Best projected count window: 0-2. 21% offspeed and 32% breaking balls across 29 eligible pitches; reliability 49%.","0-2",29,122.08303102382,0.491525423728814,"run_game_count_window_v1","2026-09-21","2026-09-22 14:30:35 UTC"
"700712","Walbert Ureña","Los Angeles Angels",2,"best_count_to_run","Best projected count window: 2-2. 30% offspeed and 19% breaking balls across 48 eligible pitches; reliability 62%.","2-2",48,137.861235716405,0.615384615384615,"run_game_count_window_v1","2026-09-21","2026-09-22 14:30:35 UTC"
"700712","Walbert Ureña","Los Angeles Angels",3,"best_count_to_run","Best projected count window: 3-2. 34% offspeed and 18% breaking balls across 31 eligible pitches; reliability 51%.","3-2",31,148.18065495111,0.508196721311475,"run_game_count_window_v1","2026-09-21","2026-09-22 14:30:35 UTC"
"701519","Travis Adams","Minnesota Twins",2,"best_count_to_run","Best projected count window: 1-2. 24% offspeed and 31% breaking balls across 22 eligible pitches; reliability 42%.","1-2",22,130.328845689972,0.423076923076923,"run_game_count_window_v1","2026-09-21","2026-09-22 14:30:35 UTC"
"701519","Travis Adams","Minnesota Twins",3,"best_count_to_run","Best projected count window: 1-2. 27% offspeed and 28% breaking balls across 16 eligible pitches; reliability 35%.","1-2",16,138.416949108529,0.347826086956522,"run_game_count_window_v1","2026-09-21","2026-09-22 14:30:35 UTC"
"701542","Will Warren","New York Yankees",2,"best_count_to_run","Best projected count window: 1-1. 22% offspeed and 25% breaking balls across 49 eligible pitches; reliability 62%.","1-1",49,118.537429703373,0.620253164556962,"run_game_count_window_v1","2026-09-21","2026-09-22 14:30:35 UTC"
"701542","Will Warren","New York Yankees",3,"best_count_to_run","Best projected count window: 2-1. 21% offspeed and 33% breaking balls across 40 eligible pitches; reliability 57%.","2-1",40,121.610500085802,0.571428571428571,"run_game_count_window_v1","2026-09-21","2026-09-22 14:30:35 UTC"
"701656","Logan Henderson","Milwaukee Brewers",2,"best_count_to_run","Best projected count window: 2-2. 31% offspeed and 15% breaking balls across 39 eligible pitches; reliability 57%.","2-2",39,138.003771819507,0.565217391304348,"run_game_count_window_v1","2026-09-21","2026-09-22 14:30:35 UTC"
"701656","Logan Henderson","Milwaukee Brewers",3,"best_count_to_run","Best projected count window: 1-2. 26% offspeed and 20% breaking balls across 15 eligible pitches; reliability 33%.","1-2",15,124.830395611883,0.333333333333333,"run_game_count_window_v1","2026-09-21","2026-09-22 14:30:35 UTC"
"701719","Tyler Samaniego","Boston Red Sox",2,"best_count_to_run","Best projected count window: 1-0. 10% offspeed and 25% breaking balls across 15 eligible pitches; reliability 33%.","1-0",15,77.5733104141587,0.333333333333333,"run_game_count_window_v1","2026-09-21","2026-09-22 14:30:35 UTC"
"702021","Will Dion","Washington Nationals",2,"best_count_to_run","Best projected count window: 0-1. 23% offspeed and 30% breaking balls across 20 eligible pitches; reliability 40%.","0-1",20,127.68119827914,0.4,"run_game_count_window_v1","2026-09-21","2026-09-22 14:30:35 UTC"
"702056","Trey Yesavage","Toronto Blue Jays",2,"best_count_to_run","Best projected count window: 1-2. 26% offspeed and 24% breaking balls across 33 eligible pitches; reliability 52%.","1-2",33,130.602743607596,0.523809523809524,"run_game_count_window_v1","2026-09-21","2026-09-22 14:30:35 UTC"
"702056","Trey Yesavage","Toronto Blue Jays",3,"best_count_to_run","Best projected count window: 0-1. 35% offspeed and 31% breaking balls across 32 eligible pitches; reliability 52%.","0-1",32,165.941018843182,0.516129032258065,"run_game_count_window_v1","2026-09-21","2026-09-22 14:30:35 UTC"
"702070","Noah Cameron","Kansas City Royals",2,"best_count_to_run","Best projected count window: 2-0. 26% offspeed and 27% breaking balls across 15 eligible pitches; reliability 33%.","2-0",15,132.404246091521,0.333333333333333,"run_game_count_window_v1","2026-09-21","2026-09-22 14:30:35 UTC"
"702070","Noah Cameron","Kansas City Royals",3,"best_count_to_run","Best projected count window: 1-1. 22% offspeed and 28% breaking balls across 44 eligible pitches; reliability 59%.","1-1",44,122.659889659026,0.594594594594595,"run_game_count_window_v1","2026-09-21","2026-09-22 14:30:35 UTC"
"702193","Andrew Morris","Minnesota Twins",2,"best_count_to_run","Best projected count window: 2-1. 19% offspeed and 25% breaking balls across 15 eligible pitches; reliability 33%.","2-1",15,106.879585530126,0.333333333333333,"run_game_count_window_v1","2026-09-21","2026-09-22 14:30:35 UTC"
"702193","Andrew Morris","Minnesota Twins",3,"best_count_to_run","Best projected count window: 1-2. 15% offspeed and 21% breaking balls across 22 eligible pitches; reliability 42%.","1-2",22,88.3583168956429,0.423076923076923,"run_game_count_window_v1","2026-09-21","2026-09-22 14:30:35 UTC"
"702273","Noah Schultz","Chicago White Sox",2,"best_count_to_run","Best projected count window: 1-2. 25% offspeed and 23% breaking balls across 40 eligible pitches; reliability 57%.","1-2",40,125.201374650787,0.571428571428571,"run_game_count_window_v1","2026-09-21","2026-09-22 14:30:35 UTC"
"702273","Noah Schultz","Chicago White Sox",3,"best_count_to_run","Best projected count window: 1-2. 14% offspeed and 31% breaking balls across 18 eligible pitches; reliability 38%.","1-2",18,95.899054214951,0.375,"run_game_count_window_v1","2026-09-21","2026-09-22 14:30:35 UTC"
"702275","JR Ritchie","Atlanta Braves",2,"best_count_to_run","Best projected count window: 1-2. 23% offspeed and 39% breaking balls across 21 eligible pitches; reliability 41%.","1-2",21,134.632373280075,0.411764705882353,"run_game_count_window_v1","2026-09-21","2026-09-22 14:30:35 UTC"
"702275","JR Ritchie","Atlanta Braves",3,"best_count_to_run","Best projected count window: 1-0. 17% offspeed and 40% breaking balls across 25 eligible pitches; reliability 45%.","1-0",25,117.795753846662,0.454545454545455,"run_game_count_window_v1","2026-09-21","2026-09-22 14:30:35 UTC"
"702474","Mike Paredes","Minnesota Twins",2,"best_count_to_run","Best projected count window: 1-0. 19% offspeed and 31% breaking balls across 15 eligible pitches; reliability 33%.","1-0",15,114.51266697803,0.333333333333333,"run_game_count_window_v1","2026-09-21","2026-09-22 14:30:35 UTC"
"702752","Jonathan Pintaro","New York Mets",3,"best_count_to_run","Best projected count window: 1-0. 9% offspeed and 19% breaking balls across 18 eligible pitches; reliability 38%.","1-0",18,69.0633874824503,0.375,"run_game_count_window_v1","2026-09-21","2026-09-22 14:30:35 UTC"
"703615","Jose Cabrera","Arizona Diamondbacks",3,"best_count_to_run","Best projected count window: 0-1. 14% offspeed and 24% breaking balls across 16 eligible pitches; reliability 35%.","0-1",16,90.8419440467806,0.347826086956522,"run_game_count_window_v1","2026-09-21","2026-09-22 14:30:35 UTC"
"703725","Luis Gastelum","St. Louis Cardinals",2,"best_count_to_run","Best projected count window: 1-2. 31% offspeed and 28% breaking balls across 17 eligible pitches; reliability 36%.","1-2",17,150.859724613595,0.361702127659574,"run_game_count_window_v1","2026-09-21","2026-09-22 14:30:35 UTC"
"703725","Luis Gastelum","St. Louis Cardinals",3,"best_count_to_run","Best projected count window: 0-1. 29% offspeed and 31% breaking balls across 16 eligible pitches; reliability 35%.","0-1",16,148.854685837263,0.347826086956522,"run_game_count_window_v1","2026-09-21","2026-09-22 14:30:35 UTC"
"800048","Parker Messick","Cleveland Guardians",2,"best_count_to_run","Best projected count window: 1-2. 32% offspeed and 18% breaking balls across 68 eligible pitches; reliability 69%.","1-2",68,144.636498982527,0.693877551020408,"run_game_count_window_v1","2026-09-21","2026-09-22 14:30:35 UTC"
"800048","Parker Messick","Cleveland Guardians",3,"best_count_to_run","Best projected count window: 3-2. 30% offspeed and 18% breaking balls across 25 eligible pitches; reliability 45%.","3-2",25,137.230882910325,0.454545454545455,"run_game_count_window_v1","2026-09-21","2026-09-22 14:30:35 UTC"
"800311","Didier Fuentes","Atlanta Braves",2,"best_count_to_run","Best projected count window: 1-2. 12% offspeed and 36% breaking balls across 34 eligible pitches; reliability 53%.","1-2",34,94.0125275429062,0.53125,"run_game_count_window_v1","2026-09-21","2026-09-22 14:30:35 UTC"
"800311","Didier Fuentes","Atlanta Braves",3,"best_count_to_run","Best projected count window: 1-2. 19% offspeed and 24% breaking balls across 32 eligible pitches; reliability 52%.","1-2",32,104.660926489948,0.516129032258065,"run_game_count_window_v1","2026-09-21","2026-09-22 14:30:35 UTC"
"800600","Jackson Kent","Washington Nationals",2,"best_count_to_run","Best projected count window: 1-0. 12% offspeed and 41% breaking balls across 17 eligible pitches; reliability 36%.","1-0",17,100.24289663839,0.361702127659574,"run_game_count_window_v1","2026-09-21","2026-09-22 14:30:35 UTC"
"800600","Jackson Kent","Washington Nationals",3,"best_count_to_run","Best projected count window: 0-1. 19% offspeed and 30% breaking balls across 20 eligible pitches; reliability 40%.","0-1",20,113.232900648613,0.4,"run_game_count_window_v1","2026-09-21","2026-09-22 14:30:35 UTC"
"801139","Payton Tolle","Boston Red Sox",2,"best_count_to_run","Best projected count window: 2-0. 12% offspeed and 20% breaking balls across 15 eligible pitches; reliability 33%.","2-0",15,79.9052567145337,0.333333333333333,"run_game_count_window_v1","2026-09-21","2026-09-22 14:30:35 UTC"
"801139","Payton Tolle","Boston Red Sox",3,"best_count_to_run","Best projected count window: 1-1. 10% offspeed and 19% breaking balls across 24 eligible pitches; reliability 44%.","1-1",24,71.9082426985259,0.444444444444444,"run_game_count_window_v1","2026-09-21","2026-09-22 14:30:35 UTC"
"801403","Chase Dollander","Colorado Rockies",2,"best_count_to_run","Best projected count window: 0-2. 15% offspeed and 30% breaking balls across 20 eligible pitches; reliability 40%.","0-2",20,98.8805847119447,0.4,"run_game_count_window_v1","2026-09-21","2026-09-22 14:30:35 UTC"
"801403","Chase Dollander","Colorado Rockies",3,"best_count_to_run","Best projected count window: 1-0. 18% offspeed and 34% breaking balls across 17 eligible pitches; reliability 36%.","1-0",17,113.851581945872,0.361702127659574,"run_game_count_window_v1","2026-09-21","2026-09-22 14:30:35 UTC"
"804267","Zac Thornton","New York Mets",2,"best_count_to_run","Best projected count window: 1-1. 12% offspeed and 31% breaking balls across 31 eligible pitches; reliability 51%.","1-1",31,92.6438524074188,0.508196721311475,"run_game_count_window_v1","2026-09-21","2026-09-22 14:30:35 UTC"
"804267","Zac Thornton","New York Mets",3,"best_count_to_run","Best projected count window: 0-2. 17% offspeed and 29% breaking balls across 15 eligible pitches; reliability 33%.","0-2",15,104.576840203022,0.333333333333333,"run_game_count_window_v1","2026-09-21","2026-09-22 14:30:35 UTC"
"804636","Jonah Tong","New York Mets",2,"best_count_to_run","Best projected count window: 1-2. 24% offspeed and 20% breaking balls across 19 eligible pitches; reliability 39%.","1-2",19,117.843039580813,0.387755102040816,"run_game_count_window_v1","2026-09-21","2026-09-22 14:30:35 UTC"
"805074","Yunior Marte","San Francisco Giants",2,"best_count_to_run","Best projected count window: 1-0. 10% offspeed and 33% breaking balls across 15 eligible pitches; reliability 33%.","1-0",15,86.6180833507847,0.333333333333333,"run_game_count_window_v1","2026-09-21","2026-09-22 14:30:35 UTC"
"805123","AJ Blubaugh","Houston Astros",2,"best_count_to_run","Best projected count window: 2-2. 25% offspeed and 30% breaking balls across 31 eligible pitches; reliability 51%.","2-2",31,133.633890503066,0.508196721311475,"run_game_count_window_v1","2026-09-21","2026-09-22 14:30:35 UTC"
"805123","AJ Blubaugh","Houston Astros",3,"best_count_to_run","Best projected count window: 2-2. 23% offspeed and 27% breaking balls across 32 eligible pitches; reliability 52%.","2-2",32,124.637740710061,0.516129032258065,"run_game_count_window_v1","2026-09-21","2026-09-22 14:30:35 UTC"
"805299","Brandyn Garcia","Arizona Diamondbacks",2,"best_count_to_run","Best projected count window: 2-2. 10% offspeed and 40% breaking balls across 15 eligible pitches; reliability 33%.","2-2",15,93.0043033542453,0.333333333333333,"run_game_count_window_v1","2026-09-21","2026-09-22 14:30:35 UTC"
"805299","Brandyn Garcia","Arizona Diamondbacks",3,"best_count_to_run","Best projected count window: 1-1. 10% offspeed and 22% breaking balls across 15 eligible pitches; reliability 33%.","1-1",15,74.1009077485144,0.333333333333333,"run_game_count_window_v1","2026-09-21","2026-09-22 14:30:35 UTC"
"805326","Tyler Schweitzer","Chicago White Sox",2,"best_count_to_run","Best projected count window: 0-2. 16% offspeed and 36% breaking balls across 17 eligible pitches; reliability 36%.","0-2",17,108.85790802267,0.361702127659574,"run_game_count_window_v1","2026-09-21","2026-09-22 14:30:35 UTC"
"805326","Tyler Schweitzer","Chicago White Sox",3,"best_count_to_run","Best projected count window: 2-2. 27% offspeed and 28% breaking balls across 16 eligible pitches; reliability 35%.","2-2",16,138.128413249952,0.347826086956522,"run_game_count_window_v1","2026-09-21","2026-09-22 14:30:35 UTC"
"805673","Zebby Matthews","Minnesota Twins",2,"best_count_to_run","Best projected count window: 2-1. 19% offspeed and 35% breaking balls across 25 eligible pitches; reliability 45%.","2-1",25,117.791889873151,0.454545454545455,"run_game_count_window_v1","2026-09-21","2026-09-22 14:30:35 UTC"
"805673","Zebby Matthews","Minnesota Twins",3,"best_count_to_run","Best projected count window: 1-2. 18% offspeed and 37% breaking balls across 38 eligible pitches; reliability 56%.","1-2",38,117.504629207242,0.558823529411765,"run_game_count_window_v1","2026-09-21","2026-09-22 14:30:35 UTC"
"806188","Cade Gibson","Miami Marlins",2,"best_count_to_run","Best projected count window: 1-1. 14% offspeed and 42% breaking balls across 23 eligible pitches; reliability 43%.","1-1",23,109.207922215134,0.433962264150943,"run_game_count_window_v1","2026-09-21","2026-09-22 14:30:35 UTC"
"806188","Cade Gibson","Miami Marlins",3,"best_count_to_run","Best projected count window: 1-2. 12% offspeed and 47% breaking balls across 17 eligible pitches; reliability 36%.","1-2",17,107.171180008259,0.361702127659574,"run_game_count_window_v1","2026-09-21","2026-09-22 14:30:35 UTC"
"806960","Luis Morales","Athletics",2,"best_count_to_run","Best projected count window: 1-1. 10% offspeed and 28% breaking balls across 16 eligible pitches; reliability 35%.","1-1",16,80.008900372162,0.347826086956522,"run_game_count_window_v1","2026-09-21","2026-09-22 14:30:35 UTC"
"807739","Kade Anderson","Seattle Mariners",2,"best_count_to_run","Best projected count window: 0-2. 21% offspeed and 31% breaking balls across 21 eligible pitches; reliability 41%.","0-2",21,119.531526534191,0.411764705882353,"run_game_count_window_v1","2026-09-21","2026-09-22 14:30:35 UTC"
"807743","Sean Sullivan","Colorado Rockies",2,"best_count_to_run","Best projected count window: 1-2. 17% offspeed and 22% breaking balls across 15 eligible pitches; reliability 33%.","1-2",15,98.9199874171728,0.333333333333333,"run_game_count_window_v1","2026-09-21","2026-09-22 14:30:35 UTC"
"807743","Sean Sullivan","Colorado Rockies",3,"best_count_to_run","Best projected count window: 1-0. 16% offspeed and 23% breaking balls across 18 eligible pitches; reliability 38%.","1-0",18,96.3677069730584,0.375,"run_game_count_window_v1","2026-09-21","2026-09-22 14:30:35 UTC"
"808963","Roki Sasaki","Los Angeles Dodgers",2,"best_count_to_run","Best projected count window: 1-2. 36% offspeed and 27% breaking balls across 33 eligible pitches; reliability 52%.","1-2",33,164.915231941465,0.523809523809524,"run_game_count_window_v1","2026-09-21","2026-09-22 14:30:35 UTC"
"808963","Roki Sasaki","Los Angeles Dodgers",3,"best_count_to_run","Best projected count window: 1-0. 41% offspeed and 22% breaking balls across 38 eligible pitches; reliability 56%.","1-0",38,175.652376393968,0.558823529411765,"run_game_count_window_v1","2026-09-21","2026-09-22 14:30:35 UTC"
"808967","Yoshinobu Yamamoto","Los Angeles Dodgers",2,"best_count_to_run","Best projected count window: 0-2. 28% offspeed and 24% breaking balls across 37 eligible pitches; reliability 55%.","0-2",37,134.714466371607,0.552238805970149,"run_game_count_window_v1","2026-09-21","2026-09-22 14:30:35 UTC"
"808967","Yoshinobu Yamamoto","Los Angeles Dodgers",3,"best_count_to_run","Best projected count window: 1-1. 34% offspeed and 15% breaking balls across 36 eligible pitches; reliability 55%.","1-1",36,147.150499122327,0.545454545454545,"run_game_count_window_v1","2026-09-21","2026-09-22 14:30:35 UTC"
"813349","Connelly Early","Boston Red Sox",2,"best_count_to_run","Best projected count window: 3-2. 23% offspeed and 29% breaking balls across 15 eligible pitches; reliability 33%.","3-2",15,126.983723627789,0.333333333333333,"run_game_count_window_v1","2026-09-21","2026-09-22 14:30:35 UTC"
"813349","Connelly Early","Boston Red Sox",3,"best_count_to_run","Best projected count window: 2-2. 25% offspeed and 24% breaking balls across 21 eligible pitches; reliability 41%.","2-2",21,125.054070065489,0.411764705882353,"run_game_count_window_v1","2026-09-21","2026-09-22 14:30:35 UTC"
"814490","Ethan Pecko","Houston Astros",2,"best_count_to_run","Best projected count window: 1-0. 18% offspeed and 19% breaking balls across 18 eligible pitches; reliability 38%.","1-0",18,97.166122355027,0.375,"run_game_count_window_v1","2026-09-21","2026-09-22 14:30:35 UTC"
"815083","Mitch Farris","Los Angeles Angels",2,"best_count_to_run","Best projected count window: 2-2. 23% offspeed and 24% breaking balls across 20 eligible pitches; reliability 40%.","2-2",20,121.038277551788,0.4,"run_game_count_window_v1","2026-09-21","2026-09-22 14:30:35 UTC"
"815083","Mitch Farris","Los Angeles Angels",3,"best_count_to_run","Best projected count window: 1-2. 20% offspeed and 21% breaking balls across 22 eligible pitches; reliability 42%.","1-2",22,108.533815462651,0.423076923076923,"run_game_count_window_v1","2026-09-21","2026-09-22 14:30:35 UTC"
"820862","José Fermin","Los Angeles Angels",2,"best_count_to_run","Best projected count window: 2-2. 10% offspeed and 49% breaking balls across 15 eligible pitches; reliability 33%.","2-2",15,101.497396340461,0.333333333333333,"run_game_count_window_v1","2026-09-21","2026-09-22 14:30:35 UTC"
"820862","José Fermin","Los Angeles Angels",3,"best_count_to_run","Best projected count window: 1-1. 11% offspeed and 44% breaking balls across 20 eligible pitches; reliability 40%.","1-1",20,99.7030349689972,0.4,"run_game_count_window_v1","2026-09-21","2026-09-22 14:30:35 UTC"
"837227","Tatsuya Imai","Houston Astros",2,"best_count_to_run","Best projected count window: 2-1. 15% offspeed and 38% breaking balls across 15 eligible pitches; reliability 33%.","2-1",15,105.792862557889,0.333333333333333,"run_game_count_window_v1","2026-09-21","2026-09-22 14:30:35 UTC"
"837227","Tatsuya Imai","Houston Astros",3,"best_count_to_run","Best projected count window: 2-2. 11% offspeed and 50% breaking balls across 20 eligible pitches; reliability 40%.","2-2",20,106.638092949901,0.4,"run_game_count_window_v1","2026-09-21","2026-09-22 14:30:35 UTC"
