"player_id","player_name","team","eligible_pitches","attempts","attempt_rate","expected_attempt_rate","adjusted_attempt_rate","attempts_above_expected","attempt_logit_effect","attempts_modeled","successes","success_rate","expected_success_rate","adjusted_success_rate","successes_above_expected","success_logit_effect","stealing_runs","reliability","source_through","generated_at_utc"
"457705","Andrew McCutchen","Texas Rangers",93,0,0,0.00793263635229274,0.00221017648047171,-0.737735180763225,-1.30253788395357,,,,,,,,,0.7265625,"2026-09-12","2026-09-13 14:11:19 UTC"
"467793","Carlos Santana","Arizona Diamondbacks",6,0,0,0.00684931521005827,0.0058489583310702,-0.0410958912603496,-0.159254434102207,,,,,,,,,0.146341463414634,"2026-09-12","2026-09-13 14:11:19 UTC"
"500743","Miguel Rojas","Los Angeles Dodgers",338,1,0.0029585798816568,0.0125289139786735,0.00401713669317664,-3.23477292479164,-1.19419400958497,1,0,0,0.825859561807048,0.782393863211751,-0.825859561807048,-0.276891088906664,-0.536808715174581,0.906166219839142,"2026-09-12","2026-09-13 14:11:19 UTC"
"502671","Paul Goldschmidt","New York Yankees",400,1,0.0025,0.0126359232296451,0.00339064837933091,-4.05436929185803,-1.35622205086329,1,1,1,0.872317328299849,0.879037562006985,0.127682671700151,0.0617423539785857,0.0829937366050979,0.919540229885057,"2026-09-12","2026-09-13 14:11:19 UTC"
"506702","Sandy León","Atlanta Braves",19,0,0,0.00539786652171559,0.00350731244421201,-0.102559463912596,-0.435573313044217,,,,,,,,,0.351851851851852,"2026-09-12","2026-09-13 14:11:19 UTC"
"514888","Jose Altuve","Houston Astros",619,2,0.00323101777059774,0.0125571424301782,0.00385888503243642,-5.77287116428029,-1.22956565736495,2,2,1,0.853833990965356,0.868447541229747,0.292332018069289,0.122336719368168,0.190015811745038,0.946483180428135,"2026-09-12","2026-09-13 14:11:19 UTC"
"516782","Starling Marte","Kansas City Royals",210,1,0.00476190476190476,0.0166011884713699,0.00670924729668038,-2.48624957898768,-0.95905932458151,1,1,1,0.861162468519123,0.868469764846945,0.138837531480877,0.0625172488415382,0.0902443954625699,0.857142857142857,"2026-09-12","2026-09-13 14:11:19 UTC"
"518595","Travis d'Arnaud","Los Angeles Angels",84,1,0.0119047619047619,0.0140427872654279,0.0125116628957392,-0.179594130295944,-0.123091393386977,1,0,0,0.803162240388868,0.760891208963735,-0.803162240388868,-0.248605153546388,-0.522055456252765,0.705882352941177,"2026-09-12","2026-09-13 14:11:19 UTC"
"518692","Freddie Freeman","Los Angeles Dodgers",929,5,0.00538213132400431,0.0121304032300817,0.00575583221427233,-6.26914460074586,-0.786845835156306,5,5,1,0.845824054954935,0.878954337679036,0.770879725225326,0.283985835661672,0.501071821396462,0.963692946058091,"2026-09-12","2026-09-13 14:11:19 UTC"
"519317","Giancarlo Stanton","New York Yankees",101,1,0.0099009900990099,0.0118327776380859,0.0103828356476998,-0.195110541446676,-0.139766705345067,1,1,1,0.842891040417261,0.851160012662479,0.157108959582739,0.0638301987165588,0.10212082372878,0.742647058823529,"2026-09-12","2026-09-13 14:11:19 UTC"
"521692","Salvador Perez","Kansas City Royals",633,4,0.00631911532385466,0.0112997132370848,0.00661948397445524,-3.15271847907465,-0.557469338826035,4,3,0.75,0.818964617672738,0.806561704029494,-0.275858470690951,-0.0823778972000628,-0.179308005949118,0.947604790419162,"2026-09-12","2026-09-13 14:11:19 UTC"
"542303","Marcell Ozuna","Pittsburgh Pirates",295,0,0,0.0120828768078229,0.00222187497601858,-3.56444865830777,-1.75,,,,,,,,,0.893939393939394,"2026-09-12","2026-09-13 14:11:19 UTC"
"543309","Kyle Higashioka","Texas Rangers",202,0,0,0.0129733224903484,0.00242163949284991,-2.62061114305038,-1.75,,,,,,,,,0.852320675105485,"2026-09-12","2026-09-13 14:11:19 UTC"
"543510","James McCann","Arizona Diamondbacks",176,0,0,0.0139106079475474,0.0025474032696196,-2.44826699876835,-1.75,,,,,,,,,0.834123222748815,"2026-09-12","2026-09-13 14:11:19 UTC"
"543760","Marcus Semien","New York Mets",570,8,0.0140350877192982,0.0128808080617648,0.0137954722821141,0.657939404794049,0.0729641794345,8,6,0.75,0.819897311057771,0.798812265703441,-0.559178488462165,-0.139342318281216,-0.363466017500407,0.942148760330578,"2026-09-12","2026-09-13 14:11:19 UTC"
"543807","George Springer","Toronto Blue Jays",626,8,0.012779552715655,0.0113022566713971,0.012519778600053,0.924787323705386,0.109103991620162,8,7,0.875,0.815034810694553,0.832962286722312,0.479721514443579,0.127490007728417,0.311818984388326,0.947049924357035,"2026-09-12","2026-09-13 14:11:19 UTC"
"543877","Christian Vázquez","Houston Astros",297,0,0,0.0120431235392451,0.00220234252686266,-3.57680769115579,-1.75,,,,,,,,,0.894578313253012,"2026-09-12","2026-09-13 14:11:19 UTC"
"545121","Ildemaro Vargas","Arizona Diamondbacks",726,4,0.00550964187327824,0.0114598233510479,0.00583849619562117,-4.31983175286075,-0.698197707692897,4,3,0.75,0.804677343114132,0.79490806950786,-0.21870937245653,-0.0620530007542626,-0.142161092096744,0.954007884362681,"2026-09-12","2026-09-13 14:11:19 UTC"
"545341","Randal Grichuk","New York Yankees",300,1,0.00333333333333333,0.00898560555894564,0.00398837605309032,-1.69568166768369,-0.840432369615741,,,,,,,,,0.895522388059702,"2026-09-12","2026-09-13 14:11:19 UTC"
"545361","Mike Trout","Los Angeles Angels",805,7,0.00869565217391304,0.0125155126212552,0.00889982389738175,-3.07498766011046,-0.359530772879658,7,7,1,0.835586724339453,0.880909493533206,1.15089292962383,0.382137538004623,0.74808040425549,0.958333333333333,"2026-09-12","2026-09-13 14:11:19 UTC"
"547180","Bryce Harper","Philadelphia Phillies",835,3,0.00359281437125748,0.0105600551409455,0.00395039067771556,-5.81764604268946,-1.01857441921492,3,2,0.666666666666667,0.805688522099916,0.785945319825338,-0.417065566299748,-0.122257423587754,-0.271092618094836,0.959770114942529,"2026-09-12","2026-09-13 14:11:19 UTC"
"553869","Elias Díaz","Kansas City Royals",187,0,0,0.0109748586043367,0.00199339105124616,-2.05229855901097,-1.75,,,,,,,,,0.842342342342342,"2026-09-12","2026-09-13 14:11:19 UTC"
"553993","Eugenio Suárez","Cincinnati Reds",634,0,0,0.0159534257452112,0.0029874141832311,-10.1144719224639,-1.75,,,,,,,,,0.947683109118087,"2026-09-12","2026-09-13 14:11:19 UTC"
"571448","Nolan Arenado","Arizona Diamondbacks",565,4,0.00707964601769911,0.0108925434061207,0.00733089292649095,-2.15428702445818,-0.415671232637059,4,4,1,0.86176541954605,0.886816787504102,0.552938321815802,0.229423166629432,0.359409909180271,0.941666666666667,"2026-09-12","2026-09-13 14:11:19 UTC"
"571657","Kyle Farmer","Atlanta Braves",24,0,0,0.00931433485283814,0.00561736503065801,-0.223544036468115,-0.526070344108396,,,,,,,,,0.406779661016949,"2026-09-12","2026-09-13 14:11:19 UTC"
"571771","Enrique Hernández","Los Angeles Dodgers",72,0,0,0.011397407178221,0.00382297537608792,-0.820613316831914,-1.12529483160068,,,,,,,,,0.672897196261682,"2026-09-12","2026-09-13 14:11:19 UTC"
"571912","Luke Maile","Kansas City Royals",18,0,0,0.004575837485506,0.00302643989113306,-0.0823650747391079,-0.416498779848959,,,,,,,,,0.339622641509434,"2026-09-12","2026-09-13 14:11:19 UTC"
"571945","Miles Mikolas","Washington Nationals",14,0,0,0.00866834448459991,0.00623109846295019,-0.121356822784399,-0.339023864303549,,,,,,,,,0.285714285714286,"2026-09-12","2026-09-13 14:11:19 UTC"
"571970","Max Muncy","Los Angeles Dodgers",581,1,0.00172117039586919,0.0107484075017595,0.00228291246209092,-5.24482475852226,-1.58881108537456,1,1,1,0.892140828405053,0.897817696480757,0.107859171594947,0.0604109397149517,0.0701084615367157,0.943181818181818,"2026-09-12","2026-09-13 14:11:19 UTC"
"572233","Christian Walker","Houston Astros",699,0,0,0.0118790798773003,0.00215036811010654,-8.30347683423289,-1.75,,,,,,,,,0.952316076294278,"2026-09-12","2026-09-13 14:11:19 UTC"
"573262","Mike Yastrzemski","Atlanta Braves",461,1,0.00216919739696312,0.011265616883399,0.0028821943793483,-4.19344938324695,-1.40562891507197,1,1,1,0.775338919745124,0.787163882116099,0.224661080254876,0.0692067003055592,0.146029702165669,0.929435483870968,"2026-09-12","2026-09-13 14:11:19 UTC"
"575929","Willson Contreras","Boston Red Sox",777,3,0.00386100386100386,0.0114383616367364,0.00426733152798842,-5.88760699174421,-1.02156307414105,3,3,1,0.844834076900521,0.866975228063569,0.465497769298437,0.180053517833037,0.302573550043984,0.956896551724138,"2026-09-12","2026-09-13 14:11:19 UTC"
"592206","Nick Castellanos","San Diego Padres",103,1,0.00970873786407767,0.00893820678409385,0.00943337539407531,0.0793647012383339,0.0560990795469847,1,1,1,0.849459272291431,0.85738250499431,0.150540727708569,0.0633516296810843,0.0978514730105701,0.746376811594203,"2026-09-12","2026-09-13 14:11:19 UTC"
"592450","Aaron Judge","New York Yankees",263,5,0.0190114068441065,0.0116651601000884,0.0175235514190008,1.93206289367676,0.438257825278931,5,4,0.8,0.854352690016461,0.842667351600605,-0.271763450082304,-0.0918820468228536,-0.176646242553498,0.88255033557047,"2026-09-12","2026-09-13 14:11:19 UTC"
"592518","Manny Machado","San Diego Padres",869,2,0.00230149597238205,0.0124596988962789,0.00278270361761048,-8.82747834086633,-1.55120990746034,2,2,1,0.864265657628752,0.877761882280905,0.271468684742497,0.120944042041452,0.176454645082623,0.961283185840708,"2026-09-12","2026-09-13 14:11:19 UTC"
"592626","Joc Pederson","Texas Rangers",475,2,0.00421052631578947,0.0132187355955407,0.00493471423536278,-4.27889940788183,-1.02298387013667,2,2,1,0.848448997687453,0.863361012899634,0.303102004625094,0.123067152618113,0.197016303006311,0.931372549019608,"2026-09-12","2026-09-13 14:11:19 UTC"
"592663","J.T. Realmuto","Philadelphia Phillies",537,1,0.00186219739292365,0.0105198876650983,0.00243981627896554,-4.64917967615781,-1.49749119761385,1,1,1,0.875931576329452,0.882461549712607,0.124068423670548,0.0614949401243208,0.0806444753858565,0.938811188811189,"2026-09-12","2026-09-13 14:11:19 UTC"
"592885","Christian Yelich","Milwaukee Brewers",712,7,0.0098314606741573,0.0100020780404976,0.00974240715149439,-0.121479564834289,-0.0276539150014647,7,6,0.857142857142857,0.853178539605169,0.854277973664959,0.0277502227638142,0.00892334301183362,0.0180376447964792,0.953145917001339,"2026-09-12","2026-09-13 14:11:19 UTC"
"593428","Xander Bogaerts","San Diego Padres",831,18,0.0216606498194946,0.0110304436599899,0.0203404866230687,8.83370131854837,0.653776575703665,18,18,1,0.853560899248134,0.926277112887299,2.63590381353359,0.77545794388205,1.71333747879684,0.959584295612009,"2026-09-12","2026-09-13 14:11:19 UTC"
"593871","Jorge Polanco","New York Mets",113,0,0,0.00979986985732651,0.00237945525870255,-1.1073852938779,-1.4494492661144,,,,,,,,,0.763513513513513,"2026-09-12","2026-09-13 14:11:19 UTC"
"595879","Javier Báez","Detroit Tigers",230,3,0.0130434782608696,0.0129185570991121,0.0128769408364804,0.0287318672042081,-0.00352018089721362,3,1,0.333333333333333,0.835602086004202,0.764062786357731,-1.50680625801261,-0.451918881682738,-0.979424067708195,0.867924528301887,"2026-09-12","2026-09-13 14:11:19 UTC"
"595978","Austin Hedges","Cleveland Guardians",368,1,0.00271739130434783,0.0128795735367926,0.00365672287577334,-3.73968306153968,-1.29383075654561,1,1,1,0.754114313571453,0.767056041898358,0.245885686428547,0.0710847361802733,0.159825696178556,0.913151364764268,"2026-09-12","2026-09-13 14:11:19 UTC"
"596019","Francisco Lindor","New York Mets",404,2,0.00495049504950495,0.0111127182016946,0.00559439506136809,-2.4895381534846,-0.7239208460591,2,1,0.5,0.831473026061167,0.798548052720615,-0.662946052122335,-0.220204344002293,-0.430914933879518,0.920273348519362,"2026-09-12","2026-09-13 14:11:19 UTC"
"596103","Austin Slater","Miami Marlins",127,3,0.0236220472440945,0.0125704867416148,0.0203101310789099,1.40354818381491,0.522417589835857,3,3,1,0.797669837631413,0.826427229588268,0.60699048710576,0.189749772754563,0.394543816618744,0.783950617283951,"2026-09-12","2026-09-13 14:11:19 UTC"
"596115","Trevor Story","Boston Red Sox",272,2,0.00735294117647059,0.0097309832461592,0.00762350734981173,-0.646827442955303,-0.256756747634684,2,2,1,0.871287791760451,0.884096090945196,0.257424416479098,0.120029018262248,0.167325870711414,0.885993485342019,"2026-09-12","2026-09-13 14:11:19 UTC"
"596117","Garrett Stubbs","Philadelphia Phillies",64,0,0,0.0147541090096749,0.00532298978653368,-0.944262976619193,-1.0496078140093,,,,,,,,,0.646464646464647,"2026-09-12","2026-09-13 14:11:19 UTC"
"596142","Gary Sánchez","Milwaukee Brewers",365,0,0,0.0107495566916225,0.00194802059722306,-3.92358819244223,-1.75,,,,,,,,,0.9125,"2026-09-12","2026-09-13 14:11:19 UTC"
"596146","Max Kepler","Arizona Diamondbacks",131,0,0,0.019955221150945,0.00450802760352082,-2.61413397077379,-1.57278948445978,,,,,,,,,0.789156626506024,"2026-09-12","2026-09-13 14:11:19 UTC"
"600869","Jeimer Candelario","Los Angeles Angels",17,0,0,0.0112766669618056,0.00784449112148866,-0.191703338350696,-0.399553267395148,,,,,,,,,0.326923076923077,"2026-09-12","2026-09-13 14:11:19 UTC"
"602104","Ramón Urías","St. Louis Cardinals",105,0,0,0.0140913949163961,0.0036963210125053,-1.47959646622159,-1.3970092255132,,,,,,,,,0.75,"2026-09-12","2026-09-13 14:11:19 UTC"
"605137","Josh Bell","Minnesota Twins",735,1,0.00136054421768707,0.0103460616423149,0.00190356052913961,-6.60435530710142,-1.75,1,1,1,0.850594454663218,0.85845799969337,0.149405545336782,0.0632701871656911,0.0971136044689083,0.954545454545455,"2026-09-12","2026-09-13 14:11:19 UTC"
"605141","Mookie Betts","Los Angeles Dodgers",565,3,0.00530973451327434,0.0139082379401885,0.00597574829844569,-4.85815443620648,-0.886611744808307,3,2,0.666666666666667,0.812910998266211,0.792490516605813,-0.438732994798634,-0.131866720251687,-0.285176446619112,0.941666666666667,"2026-09-12","2026-09-13 14:11:19 UTC"
"605170","Victor Caratini","Minnesota Twins",470,0,0,0.0112017407775711,0.00203976161461576,-5.26481816545839,-1.75,,,,,,,,,0.930693069306931,"2026-09-12","2026-09-13 14:11:19 UTC"
"605244","Aramis Garcia","Arizona Diamondbacks",12,0,0,0.0273923581472357,0.0206246165627643,-0.328708297766828,-0.302089131871405,,,,,,,,,0.25531914893617,"2026-09-12","2026-09-13 14:11:19 UTC"
"606115","Orlando Arcia","Minnesota Twins",104,1,0.00961538461538462,0.0184746724685743,0.0120679325883967,-0.921365936731732,-0.453309473527103,1,0,0,0.771193013824046,0.730604212019921,-0.771193013824046,-0.21736964093172,-0.50127545898563,0.748201438848921,"2026-09-12","2026-09-13 14:11:19 UTC"
"606192","Teoscar Hernández","Los Angeles Dodgers",613,1,0.00163132137030995,0.0117799929540938,0.00225966034252238,-6.22113568085949,-1.70682967438924,1,1,1,0.822220863613721,0.831578226102605,0.177779136386279,0.0653869039175698,0.115556438651082,0.945987654320988,"2026-09-12","2026-09-13 14:11:19 UTC"
"606466","Ketel Marte","Arizona Diamondbacks",841,3,0.00356718192627824,0.014992168448167,0.00420216394724352,-9.60841366490844,-1.33364682436327,3,3,1,0.844553598983747,0.866547871689735,0.46633920304876,0.180110606667577,0.303120481981694,0.960045662100457,"2026-09-12","2026-09-13 14:11:19 UTC"
"606992","Eric Haase","San Francisco Giants",90,0,0,0.00708710432350286,0.00199911570788663,-0.637839389115258,-1.27818658469795,,,,,,,,,0.72,"2026-09-12","2026-09-13 14:11:19 UTC"
"607043","Brandon Nimmo","Texas Rangers",856,3,0.00350467289719626,0.0139012180560939,0.00410140865748255,-8.8994426560164,-1.28241537832949,3,3,1,0.840763379430933,0.863302692234447,0.4777098617072,0.180850174296167,0.31051141010968,0.960718294051627,"2026-09-12","2026-09-13 14:11:19 UTC"
"607208","Trea Turner","Philadelphia Phillies",1027,17,0.0165530671859786,0.0114320215002579,0.0158977043184738,5.25931391923513,0.36001359574538,17,14,0.823529411764706,0.833167050092097,0.828556760686175,-0.163839851565648,-0.0332696826801855,-0.106495903517671,0.967043314500942,"2026-09-12","2026-09-13 14:11:19 UTC"
"608070","José Ramírez","Cleveland Guardians",577,23,0.0398613518197574,0.0111832759004889,0.0346489958428212,16.5472498054179,1.24500667326334,23,21,0.91304347826087,0.836400886173924,0.878725156203261,1.76277961799975,0.355061815275868,1.14580675169984,0.94281045751634,"2026-09-12","2026-09-13 14:11:19 UTC"
"608324","Alex Bregman","Chicago Cubs",883,2,0.00226500566251416,0.012109789981212,0.00273139511662181,-8.6929445534102,-1.54036355115605,2,2,1,0.909157451293671,0.918190583673465,0.181685097412658,0.115304525914168,0.118095313318228,0.961873638344227,"2026-09-12","2026-09-13 14:11:19 UTC"
"608348","Carson Kelly","Chicago Cubs",553,0,0,0.0119394529499822,0.00216834046240546,-6.60251748134016,-1.75,,,,,,,,,0.94047619047619,"2026-09-12","2026-09-13 14:11:19 UTC"
"608369","Corey Seager","Texas Rangers",564,0,0,0.0137600663383139,0.00256234030877204,-7.76067741480904,-1.75,,,,,,,,,0.941569282136895,"2026-09-12","2026-09-13 14:11:19 UTC"
"608701","Rob Refsnyder","Seattle Mariners",89,0,0,0.0155458591024657,0.00459721786253127,-1.38358146011944,-1.27624334149092,,,,,,,,,0.717741935483871,"2026-09-12","2026-09-13 14:11:19 UTC"
"608841","Joey Meneses","Athletics",19,0,0,0.0214235623032652,0.0142224560062824,-0.407047683762038,-0.441457559471373,,,,,,,,,0.351851851851852,"2026-09-12","2026-09-13 14:11:19 UTC"
"609280","Miguel Andujar","San Diego Padres",316,2,0.00632911392405063,0.00857022647149025,0.00655864323667421,-0.708191564990918,-0.278394929961926,2,1,0.5,0.824328760515481,0.792106049646092,-0.648657521030961,-0.209549422645203,-0.421627388670125,0.9002849002849,"2026-09-12","2026-09-13 14:11:19 UTC"
"620443","Luis Torrens","New York Mets",262,1,0.00381679389312977,0.0101316334899304,0.00458897888226748,-1.65448797436178,-0.812657457846325,1,1,1,0.812162848730879,0.822049160048047,0.187837151269121,0.0661673646929906,0.122094148324929,0.882154882154882,"2026-09-12","2026-09-13 14:11:19 UTC"
"621020","Dansby Swanson","Chicago Cubs",523,14,0.0267686424474187,0.0120741381401941,0.0243363869134276,7.68522575267846,0.766570057566699,14,13,0.928571428571429,0.854073492650218,0.886038805199605,1.04297110289695,0.29025663641091,0.677931216883018,0.937275985663082,"2026-09-12","2026-09-13 14:11:19 UTC"
"621043","Carlos Correa","Houston Astros",242,1,0.00413223140495868,0.0126615042210812,0.00537572005754242,-2.06408402150165,-0.899970609609185,1,1,1,0.812879951939011,0.82272876112929,0.187120048060989,0.0661125314595792,0.121628031239643,0.873646209386282,"2026-09-12","2026-09-13 14:11:19 UTC"
"621438","Tyrone Taylor","New York Mets",359,4,0.011142061281337,0.00914031789674676,0.0108286422548555,0.718625875067914,0.177625071040582,4,3,0.75,0.827638069284471,0.813622582047859,-0.310552277137882,-0.0958951519971318,-0.201858980139623,0.911167512690355,"2026-09-12","2026-09-13 14:11:19 UTC"
"621439","Byron Buxton","Minnesota Twins",464,4,0.00862068965517241,0.0110299996070575,0.00881873020956331,-1.11791981767469,-0.236770505026532,4,4,1,0.836770455593513,0.866188059472114,0.652918177625947,0.235526559076177,0.424396815456866,0.929859719438878,"2026-09-12","2026-09-13 14:11:19 UTC"
"621493","Taylor Ward","Baltimore Orioles",1106,4,0.00361663652802893,0.0130809509100116,0.00402977884415831,-10.4675317064728,-1.22548152409912,4,1,0.25,0.807249368933204,0.707352459566267,-2.22899747573282,-0.556493406480023,-1.44884835922633,0.969325153374233,"2026-09-12","2026-09-13 14:11:19 UTC"
"621550","Patrick Wisdom","Seattle Mariners",42,0,0,0.00798408018252238,0.00367039971272782,-0.33533136766594,-0.792864267899685,,,,,,,,,0.545454545454545,"2026-09-12","2026-09-13 14:11:19 UTC"
"621566","Matt Olson","Atlanta Braves",605,2,0.00330578512396694,0.0113197103271197,0.00380214592448482,-4.84842474790743,-1.12329419736146,2,2,1,0.868736499822416,0.881846606374936,0.262527000355168,0.120359809097757,0.170642550230859,0.9453125,"2026-09-12","2026-09-13 14:11:19 UTC"
"622268","Donovan Walton","Los Angeles Angels",341,3,0.00879765395894428,0.0108773052349015,0.00895766258330465,-0.709161085101395,-0.205101655313776,,,,,,,,,0.906914893617021,"2026-09-12","2026-09-13 14:11:19 UTC"
"622761","Jorge Mateo","Atlanta Braves",194,12,0.0618556701030928,0.014116445174369,0.0474616677385891,9.26140963617241,1.38756307992322,12,10,0.833333333333333,0.820078275891388,0.825194485383763,0.159060689303343,0.0364034090253362,0.103389448047173,0.847161572052402,"2026-09-12","2026-09-13 14:11:19 UTC"
"623168","Tyler Heineman","Toronto Blue Jays",166,1,0.00602409638554217,0.0179434484150968,0.00869809923181672,-1.97861243690607,-0.814201365215773,,,,,,,,,0.825870646766169,"2026-09-12","2026-09-13 14:11:19 UTC"
"623205","Andrew Velazquez","Kansas City Royals",13,1,0.0769230769230769,0.0161832446477801,0.030171610482106,0.789617819578859,0.702784512019671,1,1,1,0.858041650309631,0.865513234762472,0.141958349690369,0.0627379322274746,0.0922729272987396,0.270833333333333,"2026-09-12","2026-09-13 14:11:19 UTC"
"624413","Pete Alonso","Baltimore Orioles",901,3,0.00332963374028857,0.012424554797177,0.00378744886011861,-8.1945238722565,-1.23525879778785,3,3,1,0.861358427133,0.880739589646131,0.415924718600999,0.176886231890628,0.270351067090649,0.962606837606838,"2026-09-12","2026-09-13 14:11:19 UTC"
"624424","Michael Conforto","Chicago Cubs",415,1,0.00240963855421687,0.010972908686301,0.00315393194754553,-3.55375710481493,-1.28776950135929,1,1,1,0.855132935440999,0.862757547178392,0.144867064559001,0.0629442082897944,0.0941635919633508,0.922222222222222,"2026-09-12","2026-09-13 14:11:19 UTC"
"624428","Adam Frazier","Los Angeles Angels",221,2,0.00904977375565611,0.0131619801180498,0.00973306955102149,-0.908797606088995,-0.323169025296983,2,1,0.5,0.785026109551341,0.757930440990989,-0.570052219102681,-0.161471096147441,-0.370533942416743,0.86328125,"2026-09-12","2026-09-13 14:11:19 UTC"
"624431","Jose Trevino","Cincinnati Reds",100,0,0,0.026808997641735,0.00760772529225031,-2.6808997641735,-1.37026861201414,,,,,,,,,0.740740740740741,"2026-09-12","2026-09-13 14:11:19 UTC"
"624512","Reese McGuire","Chicago White Sox",3,0,0,0.00467119835042304,0.0043025020804511,-0.0140135950512691,-0.0826155209918005,,,,,,,,,0.0789473684210526,"2026-09-12","2026-09-13 14:11:19 UTC"
"624585","Jorge Soler","Los Angeles Angels",398,0,0,0.0119222610993441,0.00218973957289389,-4.74505991753895,-1.75,,,,,,,,,0.919168591224019,"2026-09-12","2026-09-13 14:11:19 UTC"
"624641","Edmundo Sosa","Philadelphia Phillies",351,2,0.0056980056980057,0.0123191156142471,0.00640877119472241,-2.32400958060075,-0.682665783647711,2,2,1,0.818625250134767,0.836713673079699,0.362749499730467,0.127277901251392,0.235787174824804,0.909326424870466,"2026-09-12","2026-09-13 14:11:19 UTC"
"628451","Andy Ibáñez","Athletics",26,0,0,0.00952918757082574,0.0055073100412937,-0.247758876841469,-0.559685443281607,,,,,,,,,0.426229508196721,"2026-09-12","2026-09-13 14:11:19 UTC"
"630105","Jake Cronenworth","San Diego Padres",370,3,0.00810810810810811,0.0130445829916958,0.00859353237139476,-1.82649570692743,-0.44190945470774,3,3,1,0.810878521463342,0.837664173106029,0.567364435609972,0.186931469633575,0.368786883146482,0.91358024691358,"2026-09-12","2026-09-13 14:11:19 UTC"
"640459","Brian Navarreto","Miami Marlins",35,0,0,0.00666898499406782,0.00339738382822346,-0.233414474792374,-0.69653551900079,,,,,,,,,0.5,"2026-09-12","2026-09-13 14:11:19 UTC"
"640492","José Azócar","Atlanta Braves",42,0,0,0.010409648742261,0.00479082430339631,-0.437205247174962,-0.794286306121331,,,,,,,,,0.545454545454545,"2026-09-12","2026-09-13 14:11:19 UTC"
"640902","Jhonny Pereda","Seattle Mariners",134,0,0,0.0120417809567301,0.00257174909883801,-1.61359864820184,-1.58433780627454,,,,,,,,,0.792899408284024,"2026-09-12","2026-09-13 14:11:19 UTC"
"641343","Jake Bauers","Milwaukee Brewers",684,12,0.0175438596491228,0.0100177480460204,0.0166383739275115,5.14786033652203,0.534308623667287,12,8,0.666666666666667,0.851684019544255,0.779068913450267,-2.22020823453105,-0.495627069221859,-1.44313535244519,0.951321279554937,"2026-09-12","2026-09-13 14:11:19 UTC"
"641355","Cody Bellinger","New York Yankees",689,9,0.0130624092888244,0.0133478613777058,0.0129874614773531,-0.196676489239263,-0.0294970426455237,9,6,0.666666666666667,0.818929641101641,0.769353833598497,-1.37036676991477,-0.311026402498296,-0.890738400444598,0.951657458563536,"2026-09-12","2026-09-13 14:11:19 UTC"
"641487","J.P. Crawford","Seattle Mariners",686,1,0.00145772594752187,0.0139903196983333,0.00257673965291703,-8.59735931305666,-1.75,1,0,0,0.844522784196078,0.800079209520133,-0.844522784196078,-0.30548302250425,-0.548939809727451,0.951456310679612,"2026-09-12","2026-09-13 14:11:19 UTC"
"641555","J.C. Escarra","New York Yankees",68,0,0,0.0127224472092384,0.00456042324046928,-0.865126410228214,-1.08789533039402,,,,,,,,,0.660194174757282,"2026-09-12","2026-09-13 14:11:19 UTC"
"641584","Jake Fraley","Tampa Bay Rays",140,3,0.0214285714285714,0.0107737425366003,0.0182059640585439,1.49167604487595,0.586723769028977,3,3,1,0.866568845781881,0.885197114189606,0.400293462654358,0.175911360119281,0.260190750725333,0.8,"2026-09-12","2026-09-13 14:11:19 UTC"
"641598","Mitch Garver","Seattle Mariners",215,1,0.00465116279069767,0.0122573658587346,0.00577672302333001,-1.63533365962794,-0.780096495178191,1,1,1,0.812112853857649,0.822001745852066,0.187887146142351,0.0661709598964646,0.122126644992528,0.86,"2026-09-12","2026-09-13 14:11:19 UTC"
"641680","Jonah Heim","Atlanta Braves",404,0,0,0.0104625191066329,0.00189949248067233,-4.22685771907971,-1.75,,,,,,,,,0.920273348519362,"2026-09-12","2026-09-13 14:11:19 UTC"
"641820","Trey Mancini","Los Angeles Angels",24,0,0,0.0275335163396841,0.0172011046212409,-0.660804392152418,-0.533617904376715,,,,,,,,,0.406779661016949,"2026-09-12","2026-09-13 14:11:19 UTC"
"641857","Ryan McMahon","New York Yankees",439,4,0.00911161731207289,0.0110763123980553,0.00923326579371116,-0.862501142746294,-0.191159382535525,4,3,0.75,0.819462715909463,0.806918235156183,-0.27785086363785,-0.0831279240567828,-0.180603061364603,0.926160337552743,"2026-09-12","2026-09-13 14:11:19 UTC"
"641933","Tyler O'Neill","Baltimore Orioles",283,1,0.00353356890459364,0.00932827718119079,0.00420466485841092,-1.63990244227699,-0.817761394412584,1,1,1,0.850497248454413,0.858365924144301,0.149502751545587,0.0632773136062172,0.0971767885046313,0.889937106918239,"2026-09-12","2026-09-13 14:11:19 UTC"
"642020","Chuckie Robinson","Los Angeles Dodgers",16,0,0,0.00719579745599083,0.00497951900788407,-0.115132759295853,-0.378807002503264,,,,,,,,,0.313725490196078,"2026-09-12","2026-09-13 14:11:19 UTC"
"642086","Dominic Smith","Atlanta Braves",445,2,0.00449438202247191,0.0118884731324941,0.00509413500181745,-3.29037054395987,-0.877768902004103,2,2,1,0.853654216141126,0.868227506740805,0.292691567717749,0.122359509844244,0.190249519016537,0.927083333333333,"2026-09-12","2026-09-13 14:11:19 UTC"
"642201","Eli White","Atlanta Braves",291,3,0.0103092783505155,0.00983317834015164,0.0101673461545771,0.138545103015872,0.0358626875615382,3,3,1,0.853238826831056,0.874076630950618,0.440283519506831,0.178428106676483,0.28618428767944,0.892638036809816,"2026-09-12","2026-09-13 14:11:19 UTC"
"642215","Weston Wilson","Baltimore Orioles",143,7,0.048951048951049,0.0141794847362123,0.0386952356710256,4.97233368272164,1.11059653845539,7,6,0.857142857142857,0.831515146628305,0.838571818527585,0.179393973601869,0.0521352363518326,0.116606082841215,0.803370786516854,"2026-09-12","2026-09-13 14:11:19 UTC"
"642350","Jose Siri","Los Angeles Angels",220,4,0.0181818181818182,0.0079614087688218,0.0161267586868466,2.24849007085921,0.751588605139917,4,4,1,0.801146311282603,0.836838972128915,0.79541475486959,0.244812143089013,0.517019590665233,0.862745098039216,"2026-09-12","2026-09-13 14:11:19 UTC"
"642708","Amed Rosario","New York Yankees",241,2,0.00829875518672199,0.0118534935653022,0.00880557777877564,-0.856691949237836,-0.312314534550376,2,1,0.5,0.86012094788328,0.824524360784216,-0.72024189576656,-0.271822148849838,-0.468157232248264,0.873188405797101,"2026-09-12","2026-09-13 14:11:19 UTC"
"642715","Willy Adames","San Francisco Giants",569,6,0.0105448154657293,0.0116587298481877,0.0105543615924261,-0.633817283618804,-0.106246027752273,6,4,0.666666666666667,0.805368063428007,0.771353904659857,-0.832208380568045,-0.207935112916261,-0.540935447369229,0.94205298013245,"2026-09-12","2026-09-13 14:11:19 UTC"
"642851","Austin Wynns","Athletics",82,0,0,0.0150498352501866,0.00460140834094001,-1.2340864905153,-1.21768246843948,,,,,,,,,0.700854700854701,"2026-09-12","2026-09-13 14:11:19 UTC"
"643217","Andrew Benintendi","Chicago White Sox",516,0,0,0.0111516198251867,0.00208997766806849,-5.75423582979634,-1.75,,,,,,,,,0.936479128856624,"2026-09-12","2026-09-13 14:11:19 UTC"
"643289","Mauricio Dubón","Atlanta Braves",758,7,0.00923482849604222,0.0125743036646559,0.0094225394972278,-2.53132217780915,-0.304986836626833,7,6,0.857142857142857,0.852405158679209,0.853713522416535,0.0331638892455349,0.0106236801289838,0.0215565280095977,0.955863808322825,"2026-09-12","2026-09-13 14:11:19 UTC"
"643376","Danny Jansen","Texas Rangers",163,2,0.0122699386503067,0.0107201498937388,0.0118524472942479,0.252615567320583,0.105083125037295,2,2,1,0.873760403474376,0.886265663355992,0.252479193051247,0.11970725940081,0.164111475483311,0.823232323232323,"2026-09-12","2026-09-13 14:11:19 UTC"
"643396","Isiah Kiner-Falefa","Boston Red Sox",266,6,0.0225563909774436,0.015714811984346,0.020972307086461,1.81986001216397,0.322265791278709,6,6,1,0.814745121469099,0.860518258535863,1.1115292711854,0.342973752468158,0.722494026270512,0.883720930232558,"2026-09-12","2026-09-13 14:11:19 UTC"
"643446","Jeff McNeil","Athletics",659,6,0.00910470409711684,0.0121752121448375,0.00927687706446767,-2.02346480344791,-0.28557747475384,6,5,0.833333333333333,0.861439431830202,0.854499868680651,-0.16863659098121,-0.0576248239089328,-0.109613784137787,0.949567723342939,"2026-09-12","2026-09-13 14:11:19 UTC"
"644433","Chadwick Tromp","Atlanta Braves",42,0,0,0.0101472135454759,0.00471234087937373,-0.42618296890999,-0.794151992581578,,,,,,,,,0.545454545454545,"2026-09-12","2026-09-13 14:11:19 UTC"
"645277","Ozzie Albies","Atlanta Braves",694,4,0.00576368876080692,0.012531446451238,0.00617159042473939,-4.69682383715917,-0.738296025932724,4,2,0.5,0.794877144358278,0.745509347242973,-1.17950857743311,-0.301984812307641,-0.766680575331522,0.9519890260631,"2026-09-12","2026-09-13 14:11:19 UTC"
"645302","Victor Robles","Seattle Mariners",230,8,0.0347826086956522,0.0175922155551079,0.0303588514024673,3.95379042232518,0.625930940242774,8,6,0.75,0.837078941382177,0.811164118560222,-0.696631531057412,-0.184740892026575,-0.452810495187318,0.867924528301887,"2026-09-12","2026-09-13 14:11:19 UTC"
"645305","Ali Sánchez","New York Yankees",127,1,0.0078740157480315,0.0151867435768761,0.00958038674214569,-0.928716434263262,-0.487129476555296,1,0,0,0.825471402140125,0.782030362455236,-0.825471402140125,-0.276328216195471,-0.536556411391081,0.783950617283951,"2026-09-12","2026-09-13 14:11:19 UTC"
"646240","Rafael Devers","San Francisco Giants",691,0,0,0.0113021226114973,0.00207275310111786,-7.80976672454463,-1.75,,,,,,,,,0.951790633608815,"2026-09-12","2026-09-13 14:11:19 UTC"
"647304","Josh Naylor","Seattle Mariners",876,24,0.0273972602739726,0.0120806537867263,0.025085612215877,13.4173472828278,0.804371215754834,24,20,0.833333333333333,0.826141265789023,0.830171576883762,0.172609621063451,0.0289534998899328,0.112196253691243,0.961580680570801,"2026-09-12","2026-09-13 14:11:19 UTC"
"649966","Luis Urías","Toronto Blue Jays",73,0,0,0.0207213732783302,0.00704336709151397,-1.51266024931811,-1.14110042484751,,,,,,,,,0.675925925925926,"2026-09-12","2026-09-13 14:11:19 UTC"
"650333","Luis Arraez","San Francisco Giants",892,8,0.00896860986547085,0.0116959917058574,0.00908570382543672,-2.43282460162484,-0.268225144081079,8,7,0.875,0.806980751627279,0.827584625148659,0.544153986981767,0.140399875191122,0.353700091538149,0.962243797195254,"2026-09-12","2026-09-13 14:11:19 UTC"
"650391","Eloy Jiménez","Toronto Blue Jays",43,0,0,0.00704467325112751,0.00318828340757778,-0.302920949798483,-0.805323375840037,,,,,,,,,0.551282051282051,"2026-09-12","2026-09-13 14:11:19 UTC"
"650402","Gleyber Torres","Detroit Tigers",579,0,0,0.0111409345432378,0.00203163652791888,-6.45060110053468,-1.75,,,,,,,,,0.94299674267101,"2026-09-12","2026-09-13 14:11:19 UTC"
"650489","Willi Castro","Colorado Rockies",623,14,0.0224719101123595,0.0129288420875819,0.0209816988583092,5.94533137943648,0.530959232008213,14,10,0.714285714285714,0.834977273834417,0.783923500662686,-1.68968183368184,-0.342872153340488,-1.0982931918932,0.946808510638298,"2026-09-12","2026-09-13 14:11:19 UTC"
"650490","Yandy Díaz","Tampa Bay Rays",1004,4,0.00398406374501992,0.0123831733404828,0.00440761913285964,-8.43270603384469,-1.08134355643681,4,3,0.75,0.832924140797529,0.818536334835727,-0.331696563190114,-0.10464389180121,-0.215602766073574,0.966313763233879,"2026-09-12","2026-09-13 14:11:19 UTC"
"650559","Bryan De La Cruz","Philadelphia Phillies",125,0,0,0.0118994913281774,0.00272689344857439,-1.48743641602217,-1.5292638314485,,,,,,,,,0.78125,"2026-09-12","2026-09-13 14:11:19 UTC"
"650859","Luis Rengifo","Milwaukee Brewers",518,5,0.00965250965250965,0.0105796627293977,0.00962517688023787,-0.480265293828,-0.0997071784462058,5,3,0.6,0.841422127125688,0.789226582567438,-1.20711063562844,-0.350253231394143,-0.784621913158487,0.936708860759494,"2026-09-12","2026-09-13 14:11:19 UTC"
"650968","Yohel Pozo","St. Louis Cardinals",71,0,0,0.012807681043457,0.00426625825550685,-0.909345354085446,-1.11688331107653,,,,,,,,,0.669811320754717,"2026-09-12","2026-09-13 14:11:19 UTC"
"655316","Andruw Monasterio","Boston Red Sox",405,5,0.0123456790123457,0.0131604308371876,0.0123794847508029,-0.329974489060992,-0.0670166634118283,5,3,0.6,0.824610712238535,0.777259673990805,-1.12305356119268,-0.306621186516202,-0.72998481477524,0.920454545454545,"2026-09-12","2026-09-13 14:11:19 UTC"
"656305","Matt Chapman","San Francisco Giants",436,1,0.00229357798165138,0.0121442747255119,0.00309165679526262,-4.2949037803232,-1.40829499439574,1,0,0,0.844778401441511,0.800320042416971,-0.844778401441511,-0.305924754180642,-0.549105960936982,0.925690021231423,"2026-09-12","2026-09-13 14:11:19 UTC"
"656413","Stuart Fairchild","Cleveland Guardians",70,0,0,0.0101322668672409,0.00343123617304626,-0.709258680706861,-1.10552964131205,,,,,,,,,0.666666666666667,"2026-09-12","2026-09-13 14:11:19 UTC"
"656484","Tristan Gray","Minnesota Twins",175,2,0.0114285714285714,0.00968655289540242,0.0110592087301048,0.304853243304576,0.139621817405613,2,2,1,0.840169610255636,0.856151080778974,0.319660779488727,0.12420607691121,0.207779506667673,0.833333333333333,"2026-09-12","2026-09-13 14:11:19 UTC"
"656537","Derek Hill","Chicago White Sox",263,10,0.0380228136882129,0.0104638042414844,0.0319466181031976,7.2480194844896,1.21841671179887,10,9,0.9,0.786023355652225,0.825810428852886,1.13976644347775,0.26152702290383,0.74084818826054,0.88255033557047,"2026-09-12","2026-09-13 14:11:19 UTC"
"656555","Rhys Hoskins","Cleveland Guardians",427,0,0,0.0114545151050987,0.00211546906821666,-4.89107794987713,-1.75,,,,,,,,,0.924242424242424,"2026-09-12","2026-09-13 14:11:19 UTC"
"656577","Alex Jackson","Minnesota Twins",127,0,0,0.00948913766614678,0.00212132968546257,-1.20512048360064,-1.53982645843941,,,,,,,,,0.783950617283951,"2026-09-12","2026-09-13 14:11:19 UTC"
"656582","Connor Joe","Seattle Mariners",82,1,0.0121951219512195,0.0118472303545498,0.0119766967217038,0.0285271109269202,0.0116093574704008,1,1,1,0.876754519570141,0.883241186455569,0.123245480429859,0.0614390215962639,0.080109562279408,0.700854700854701,"2026-09-12","2026-09-13 14:11:19 UTC"
"656716","Zach McKinstry","Detroit Tigers",534,2,0.00374531835205993,0.00983557920457052,0.00419995137468234,-3.25219929524066,-0.88535044107246,2,2,1,0.818278065982101,0.835949352966694,0.363443868035798,0.127328989971548,0.236238514223269,0.938488576449912,"2026-09-12","2026-09-13 14:11:19 UTC"
"656775","Cedric Mullins","Tampa Bay Rays",427,12,0.0281030444964871,0.00910189827264352,0.0248422243651944,8.11348943758122,1.08692998355849,12,9,0.75,0.84534130553191,0.807716924982918,-1.14409566638292,-0.266535362307555,-0.743662183148897,0.924242424242424,"2026-09-12","2026-09-13 14:11:19 UTC"
"656811","Ryan O'Hearn","Pittsburgh Pirates",542,1,0.0018450184501845,0.0112083558440713,0.00247551892159084,-5.07492886748662,-1.55249192251341,1,1,1,0.868750795994264,0.875658739757716,0.131249204005736,0.0619880879099084,0.0853119826037287,0.939341421143847,"2026-09-12","2026-09-13 14:11:19 UTC"
"656941","Kyle Schwarber","Philadelphia Phillies",826,3,0.0036319612590799,0.013567322401217,0.00416561833083993,-8.20660830340522,-1.23079159651854,3,2,0.666666666666667,0.844890072420858,0.819545202597963,-0.534670217262573,-0.182550654027167,-0.347535641220672,0.959349593495935,"2026-09-12","2026-09-13 14:11:19 UTC"
"656976","Pavin Smith","Arizona Diamondbacks",110,1,0.00909090909090909,0.0144991032044243,0.0104036785145917,-0.594901352486668,-0.342838991338013,1,1,1,0.873964117798136,0.880597666518663,0.126035882201864,0.0616294254067504,0.0819233234312113,0.758620689655172,"2026-09-12","2026-09-13 14:11:19 UTC"
"657041","Lane Thomas","Kansas City Royals",367,7,0.0190735694822888,0.0111112894571941,0.017693230611826,2.92215676920978,0.502889980804002,7,5,0.714285714285714,0.823316539102967,0.793446504393116,-0.763215773720771,-0.197116175559199,-0.496090252918501,0.912935323383085,"2026-09-12","2026-09-13 14:11:19 UTC"
"657136","Connor Wong","Boston Red Sox",301,4,0.0132890365448505,0.0113277827346104,0.0129224688474677,0.590337396882261,0.139252091804151,4,3,0.75,0.883918198461963,0.860040170321297,-0.53567279384785,-0.218312464535523,-0.348187316001102,0.895833333333333,"2026-09-12","2026-09-13 14:11:19 UTC"
"657656","Ramón Laureano","San Diego Padres",257,7,0.0272373540856031,0.0120809081059789,0.0238924692983267,3.89520661676341,0.748242086844563,7,5,0.714285714285714,0.767781913904978,0.753212247839313,-0.374473397334845,-0.0821815018314784,-0.243407708267649,0.88013698630137,"2026-09-12","2026-09-13 14:11:19 UTC"
"657675","Rudy Martin Jr.","Toronto Blue Jays",6,0,0,0.00130988759486027,0.00111821196892933,-0.00785932556916164,-0.158417704762961,,,,,,,,,0.146341463414634,"2026-09-12","2026-09-13 14:11:19 UTC"
"657757","Gavin Sheets","San Diego Padres",379,1,0.00263852242744063,0.0116144838701024,0.00347083357665019,-3.40188938676882,-1.2438573718651,1,1,1,0.856417482957,0.863974579411281,0.143582517043,0.062853492638592,0.09332863607795,0.915458937198068,"2026-09-12","2026-09-13 14:11:19 UTC"
"660162","Yoán Moncada","Los Angeles Angels",160,2,0.0125,0.0107522132343537,0.0120727253754214,0.279645882503409,0.123478440287914,2,2,1,0.789570875888667,0.81056888538861,0.420858248222666,0.131666598164285,0.273557861344733,0.82051282051282,"2026-09-12","2026-09-13 14:11:19 UTC"
"660271","Shohei Ohtani","Los Angeles Dodgers",992,10,0.0100806451612903,0.013105384478389,0.0102148341918277,-3.00054140256193,-0.263703014111037,10,9,0.9,0.810552728544931,0.84182555828988,0.894472714550688,0.223358551808953,0.581407264457947,0.965920155793573,"2026-09-12","2026-09-13 14:11:19 UTC"
"660644","Vidal Bruján","New York Mets",9,1,0.111111111111111,0.0063485782097957,0.0265444834066241,0.942862796111839,1.49383691197698,1,0,0,0.802837745882119,0.760585713713868,-0.802837745882119,-0.248232273220899,-0.521844534823377,0.204545454545455,"2026-09-12","2026-09-13 14:11:19 UTC"
"660670","Ronald Acuña Jr.","Atlanta Braves",596,21,0.0352348993288591,0.0110354685444917,0.0313235371790025,14.4228607474829,1.13578826285045,21,17,0.80952380952381,0.831466624308426,0.819907537224994,-0.460799110476942,-0.0820092176831122,-0.299519421810012,0.944532488114105,"2026-09-12","2026-09-13 14:11:19 UTC"
"660688","Keibert Ruiz","Washington Nationals",576,0,0,0.0131390327359224,0.00241837602639108,-7.56808285589131,-1.75,,,,,,,,,0.942716857610475,"2026-09-12","2026-09-13 14:11:19 UTC"
"660710","Rodolfo Durán","San Diego Padres",101,0,0,0.00983485442887262,0.00257888065430624,-0.993320297316135,-1.36474727581328,,,,,,,,,0.742647058823529,"2026-09-12","2026-09-13 14:11:19 UTC"
"660821","Jesús Sánchez","Toronto Blue Jays",390,3,0.00769230769230769,0.00893852169925693,0.00777033569565641,-0.486023462710202,-0.1468170462105,3,2,0.666666666666667,0.830684601487758,0.808994586466374,-0.492053804463275,-0.158198713584928,-0.319834972901129,0.917647058823529,"2026-09-12","2026-09-13 14:11:19 UTC"
"660844","Leo Rivas","Seattle Mariners",144,1,0.00694444444444444,0.0112232147482112,0.00796517116761087,-0.61614292374241,-0.368405867868601,1,1,1,0.771172772081383,0.78321675156508,0.228827227918617,0.0695662991954109,0.148737698147101,0.804469273743017,"2026-09-12","2026-09-13 14:11:19 UTC"
"661388","William Contreras","Milwaukee Brewers",912,2,0.00219298245614035,0.0149891408887336,0.00280794247949842,-11.6700964905251,-1.74787533447288,2,1,0.5,0.878673405698625,0.841540956717106,-0.75734681139725,-0.315667687331535,-0.492275427408213,0.963041182682154,"2026-09-12","2026-09-13 14:11:19 UTC"
"661531","Brian Serven","Athletics",64,0,0,0.0107896956139089,0.0039753483852379,-0.690540519290168,-1.04685136987629,,,,,,,,,0.646464646464647,"2026-09-12","2026-09-13 14:11:19 UTC"
"662139","Daulton Varsho","Toronto Blue Jays",557,7,0.0125673249551167,0.00937739722173843,0.0121162189781314,1.7767897474917,0.271679017951406,7,7,1,0.831528430396965,0.878563788641887,1.17930098722124,0.383688951773986,0.766545641693808,0.940878378378378,"2026-09-12","2026-09-13 14:11:19 UTC"
"663330","Jahmai Jones","Detroit Tigers",277,2,0.0072202166064982,0.0124222748484403,0.00794677004135572,-1.44097013301797,-0.476782817831679,,,,,,,,,0.887820512820513,"2026-09-12","2026-09-13 14:11:19 UTC"
"663368","Blake Perkins","Milwaukee Brewers",118,2,0.0169491525423729,0.00427196079393318,0.0135719039745445,1.49590862631588,1.19029106217308,2,2,1,0.827202339164132,0.843662301226238,0.345595321671736,0.126036207190045,0.224636959086628,0.77124183006536,"2026-09-12","2026-09-13 14:11:19 UTC"
"663457","Lars Nootbaar","St. Louis Cardinals",396,3,0.00757575757575758,0.0103546455564921,0.00779064228965025,-1.10043964037085,-0.29654923910234,3,2,0.666666666666667,0.850200126451119,0.825669624691096,-0.550600379353356,-0.192594406374917,-0.357890246579682,0.918793503480278,"2026-09-12","2026-09-13 14:11:19 UTC"
"663494","Bryan Torres","St. Louis Cardinals",191,2,0.0104712041884817,0.00986517170274793,0.010267630661972,0.115752204775145,0.0414923182344999,2,2,1,0.804216841801877,0.823438978203852,0.391566316396246,0.129416852069756,0.25451810565756,0.845132743362832,"2026-09-12","2026-09-13 14:11:19 UTC"
"663538","Nico Hoerner","Chicago Cubs",1018,19,0.018664047151277,0.0108180627759087,0.0176852420569164,7.98721209412491,0.533979918523066,19,18,0.947368421052632,0.834303094121014,0.891558242687434,2.14824121170073,0.498715223870928,1.39635678760547,0.9667616334283,"2026-09-12","2026-09-13 14:11:19 UTC"
"663586","Austin Riley","Atlanta Braves",735,9,0.0122448979591837,0.0114038028205486,0.0120368860207698,0.618204926896743,0.0568711880777526,9,8,0.888888888888889,0.846312342320619,0.860279816050772,0.383188919114432,0.113554369978747,0.249072797424381,0.954545454545455,"2026-09-12","2026-09-13 14:11:19 UTC"
"663604","Brandon Lockridge","Milwaukee Brewers",194,4,0.0206185567010309,0.0151066085018463,0.0190355826400171,1.06931795064181,0.262500546315167,4,4,1,0.804114748928288,0.839207409230467,0.783541004286848,0.244013779293845,0.509301652786451,0.847161572052402,"2026-09-12","2026-09-13 14:11:19 UTC"
"663609","Luken Baker","Arizona Diamondbacks",5,0,0,0.0392893647240038,0.0346176295536153,-0.196446823620019,-0.13873377500158,,,,,,,,,0.125,"2026-09-12","2026-09-13 14:11:19 UTC"
"663611","Nick Madrigal","Los Angeles Angels",91,2,0.021978021978022,0.0143531814828423,0.0193988226519433,0.693860485061354,0.324708751329933,2,1,0.5,0.840437644540564,0.806648826138246,-0.680875289081128,-0.234729689926475,-0.442568937902733,0.722222222222222,"2026-09-12","2026-09-13 14:11:19 UTC"
"663616","Trevor Larnach","Minnesota Twins",662,0,0,0.0108604232383936,0.00197397575378452,-7.18960018381656,-1.75,,,,,,,,,0.949784791965567,"2026-09-12","2026-09-13 14:11:19 UTC"
"663624","Ryan Mountcastle","Baltimore Orioles",47,0,0,0.0208123519482801,0.00950816002511087,-0.978180541569165,-0.863432454872911,,,,,,,,,0.573170731707317,"2026-09-12","2026-09-13 14:11:19 UTC"
"663647","Ke'Bryan Hayes","Cincinnati Reds",203,0,0,0.0126398299843702,0.0023335660570763,-2.56588548682714,-1.75,,,,,,,,,0.852941176470588,"2026-09-12","2026-09-13 14:11:19 UTC"
"663656","Kyle Tucker","Los Angeles Dodgers",683,8,0.0117130307467057,0.013589305924904,0.0117955977079782,-1.28149594670944,-0.151834909500494,8,8,1,0.840924164365456,0.888846998840776,1.27260668507635,0.424305333560196,0.827194345299629,0.95125348189415,"2026-09-12","2026-09-13 14:11:19 UTC"
"663662","Daz Cameron","Toronto Blue Jays",11,0,0,0.00162586168932479,0.00123741690758559,-0.0178844785825727,-0.273686816914386,,,,,,,,,0.239130434782609,"2026-09-12","2026-09-13 14:11:19 UTC"
"663697","Jonathan India","Kansas City Royals",86,0,0,0.0182790736328982,0.00552354923458457,-1.57200033242925,-1.25379906819367,,,,,,,,,0.710743801652893,"2026-09-12","2026-09-13 14:11:19 UTC"
"663698","Joey Bart","Pittsburgh Pirates",157,0,0,0.0135601204048996,0.00252736318249587,-2.12893890356923,-1.71350461846464,,,,,,,,,0.817708333333333,"2026-09-12","2026-09-13 14:11:19 UTC"
"663728","Cal Raleigh","Seattle Mariners",599,2,0.00333889816360601,0.0113863051399402,0.0038430498038621,-4.8203967788242,-1.12002611560456,2,2,1,0.823598916536432,0.841175212602171,0.352802166927135,0.12655516987613,0.229321408502638,0.944794952681388,"2026-09-12","2026-09-13 14:11:19 UTC"
"663743","Nick Fortes","Tampa Bay Rays",388,1,0.00257731958762887,0.010766462206735,0.00332895395236936,-3.17738733621319,-1.21152041579527,1,0,0,0.802964496744597,0.760705941475873,-0.802964496744597,-0.24837286115859,-0.521926922883988,0.91725768321513,"2026-09-12","2026-09-13 14:11:19 UTC"
"663757","Trent Grisham","New York Yankees",698,8,0.0114613180515759,0.0147206922807613,0.0116175348761537,-2.2750432119714,-0.251207971752284,8,7,0.875,0.863819938841481,0.867216273254402,0.0894404892681551,0.0295881681245196,0.0581363180243008,0.95225102319236,"2026-09-12","2026-09-13 14:11:19 UTC"
"663837","Matt Vierling","Detroit Tigers",364,5,0.0137362637362637,0.011888168945195,0.0133835373984033,0.672706503949033,0.126564518229246,5,4,0.8,0.833160826792851,0.826196013725431,-0.165804133964257,-0.0509633054955085,-0.107772687076767,0.912280701754386,"2026-09-12","2026-09-13 14:11:19 UTC"
"663853","Romy Gonzalez","Boston Red Sox",69,1,0.0144927536231884,0.01375085842696,0.0140539331995762,0.051190768539757,0.0230551090879727,1,1,1,0.820417761795187,0.829869564480729,0.179582238204813,0.0655227050409644,0.116728454833129,0.663461538461538,"2026-09-12","2026-09-13 14:11:19 UTC"
"663886","Tyler Stephenson","Cincinnati Reds",557,1,0.00179533213644524,0.0121434741689234,0.00249991726652549,-5.76391511209031,-1.63483316639416,1,0,0,0.723714143651581,0.685626230314422,-0.723714143651581,-0.183210445915439,-0.470414193373527,0.940878378378378,"2026-09-12","2026-09-13 14:11:19 UTC"
"663967","César Salazar","Houston Astros",34,0,0,0.0135272212005874,0.0070021958874268,-0.459925520819971,-0.685614625997808,,,,,,,,,0.492753623188406,"2026-09-12","2026-09-13 14:11:19 UTC"
"663968","Jake Mangum","Pittsburgh Pirates",748,17,0.0227272727272727,0.0111718526668522,0.0211307776862971,8.64345420519456,0.69124176304127,17,13,0.764705882352941,0.849950184545654,0.809611108206575,-1.44915313727612,-0.293544355352034,-0.941949539229479,0.955300127713921,"2026-09-12","2026-09-13 14:11:19 UTC"
"663993","Nathaniel Lowe","Cincinnati Reds",500,1,0.002,0.00923178640287813,0.00255493337414989,-3.61589320143906,-1.33152062171873,1,1,1,0.87492667717537,0.881509672459859,0.12507332282463,0.0615647039904201,0.0812976598360095,0.934579439252336,"2026-09-12","2026-09-13 14:11:19 UTC"
"664023","Ian Happ","Chicago Cubs",745,2,0.00268456375838926,0.00947580664123976,0.00303014742613014,-5.05947594772362,-1.17133192341836,2,2,1,0.826715006086433,0.843990736828414,0.346569987827134,0.126105575075354,0.225270492087637,0.955128205128205,"2026-09-12","2026-09-13 14:11:19 UTC"
"664034","Ty France","San Diego Padres",578,3,0.00519031141868512,0.0130822549506386,0.00576268201566063,-4.56154336146911,-0.857693539628284,3,1,0.333333333333333,0.812991862288463,0.746275619291421,-1.43897558686539,-0.400198442542138,-0.935334131462502,0.942903752039152,"2026-09-12","2026-09-13 14:11:19 UTC"
"664040","Brandon Lowe","Pittsburgh Pirates",912,1,0.00109649122807018,0.0117738243902634,0.00214503410790152,-9.73772784392022,-1.75,1,1,1,0.860437601603359,0.867783144461554,0.139562398396641,0.062569132976438,0.0907155589578164,0.963041182682154,"2026-09-12","2026-09-13 14:11:19 UTC"
"664056","Harrison Bader","San Francisco Giants",105,0,0,0.00825676855067062,0.00210649785271128,-0.866960697820415,-1.39258153715188,,,,,,,,,0.75,"2026-09-12","2026-09-13 14:11:19 UTC"
"664059","Sam Haggerty","Texas Rangers",70,1,0.0142857142857143,0.00887313916522913,0.0122505739755312,0.378880258433961,0.335792617577471,1,1,1,0.809675632608963,0.819692811019397,0.190324367391037,0.0663637470777791,0.123710838804174,0.666666666666667,"2026-09-12","2026-09-13 14:11:19 UTC"
"664068","Scott Kingery","Chicago Cubs",13,0,0,0.00448321061990598,0.00327324468620132,-0.0582817380587777,-0.317082884376856,,,,,,,,,0.270833333333333,"2026-09-12","2026-09-13 14:11:19 UTC"
"664238","Dylan Moore","Philadelphia Phillies",10,0,0,0.00959004503218993,0.00746410549086137,-0.0959004503218994,-0.253482406824535,,,,,,,,,0.222222222222222,"2026-09-12","2026-09-13 14:11:19 UTC"
"664702","Myles Straw","Toronto Blue Jays",447,5,0.0111856823266219,0.0101666690900528,0.0109260730868784,0.455498916746399,0.0765753032447103,5,4,0.8,0.836164027967383,0.828459799425165,-0.180820139836915,-0.0562751821374354,-0.117533090893995,0.927385892116183,"2026-09-12","2026-09-13 14:11:19 UTC"
"664728","Kyle Isbel","Kansas City Royals",352,4,0.0113636363636364,0.0114597987774098,0.011280848027266,-0.0338491696482477,-0.0166556487463181,4,4,1,0.86552152856803,0.889771572029082,0.537913885727882,0.228531561253258,0.349644025723123,0.909560723514212,"2026-09-12","2026-09-13 14:11:19 UTC"
"664731","P.J. Higgins","Cincinnati Reds",47,0,0,0.00949813504520404,0.0041247040115031,-0.44641234712459,-0.856901379548977,,,,,,,,,0.573170731707317,"2026-09-12","2026-09-13 14:11:19 UTC"
"664761","Alec Bohm","Philadelphia Phillies",787,1,0.00127064803049555,0.00977739201248593,0.00178069147157222,-6.69480751382643,-1.75,1,1,1,0.848632536218317,0.856599205512656,0.151367463781683,0.0634108116380456,0.0983888514580939,0.957420924574209,"2026-09-12","2026-09-13 14:11:19 UTC"
"664770","Nathan Lukes","Toronto Blue Jays",494,1,0.00202429149797571,0.0105212225289676,0.00265250870307732,-4.19748392930998,-1.42257237264647,1,0,0,0.822785965485177,0.779486431012604,-0.822785965485177,-0.272661813330454,-0.534810877565365,0.933837429111531,"2026-09-12","2026-09-13 14:11:19 UTC"
"664774","LaMonte Wade Jr.","Houston Astros",157,0,0,0.0149115939338261,0.00281060647590112,-2.3411202476107,-1.71461356038276,,,,,,,,,0.817708333333333,"2026-09-12","2026-09-13 14:11:19 UTC"
"664954","Brett Sullivan","Colorado Rockies",200,2,0.01,0.0117261637761375,0.0102214305415922,-0.345232755227495,-0.144538183848776,2,1,0.5,0.803387589849451,0.773056792701905,-0.606775179698902,-0.181977150734606,-0.394403866804286,0.851063829787234,"2026-09-12","2026-09-13 14:11:19 UTC"
"664983","Jake McCarthy","Colorado Rockies",634,24,0.0378548895899054,0.00859941142920762,0.0320902079193948,18.5479731538824,1.4561871808562,24,21,0.875,0.832441923605682,0.856464224902306,1.02139383346362,0.18567025846899,0.663905991751354,0.947683109118087,"2026-09-12","2026-09-13 14:11:19 UTC"
"665019","Kody Clemens","Minnesota Twins",592,8,0.0135135135135135,0.012331818789147,0.0132711094270028,0.699563276824979,0.0775827088643082,8,8,1,0.805699408407586,0.864653165962147,1.55440473273931,0.439312912982665,1.01036307628055,0.944178628389155,"2026-09-12","2026-09-13 14:11:19 UTC"
"665052","Griffin Conine","Miami Marlins",454,2,0.00440528634361234,0.0153630319758903,0.00545748698842403,-4.97481651705419,-1.10119440399415,2,2,1,0.855629222546905,0.870049289125211,0.28874155490619,0.122094254794922,0.187682010689023,0.928425357873211,"2026-09-12","2026-09-13 14:11:19 UTC"
"665161","Jeremy Peña","Houston Astros",676,10,0.014792899408284,0.0132679928320113,0.0144928380283313,1.03083684556039,0.0960597416280509,10,8,0.8,0.849774439436831,0.832690201888322,-0.497744394368309,-0.13291177226001,-0.323533856339401,0.950773558368495,"2026-09-12","2026-09-13 14:11:19 UTC"
"665487","Fernando Tatis Jr.","San Diego Padres",1064,32,0.0300751879699248,0.0104062691302773,0.0270289975315479,20.9277296453849,1.0506195483259,32,23,0.71875,0.81977003824535,0.756914914141769,-3.23264122385121,-0.388620347719808,-2.10121679550329,0.968152866242038,"2026-09-12","2026-09-13 14:11:19 UTC"
"665489","Vladimir Guerrero Jr.","Toronto Blue Jays",739,5,0.006765899864682,0.0139948284573714,0.00720546931936105,-5.34217822999749,-0.698607775806268,5,4,0.8,0.868221192396365,0.853518109447539,-0.341105961981826,-0.123859473010973,-0.221718875288187,0.954780361757106,"2026-09-12","2026-09-13 14:11:19 UTC"
"665506","Cristian Pache","New York Mets",15,0,0,0.00261604286028621,0.00183216642526232,-0.0392406429042932,-0.3574818814559,,,,,,,,,0.3,"2026-09-12","2026-09-13 14:11:19 UTC"
"665561","Rafael Marchán","Philadelphia Phillies",79,0,0,0.0110781204146634,0.0034571151794257,-0.87517151275841,-1.18870123831368,,,,,,,,,0.692982456140351,"2026-09-12","2026-09-13 14:11:19 UTC"
"665742","Juan Soto","New York Mets",521,5,0.00959692898272553,0.0131992115693832,0.00994192846986775,-1.87678922764866,-0.301665612845212,5,3,0.6,0.879199693787754,0.818909461231582,-1.39599846893877,-0.4785734950483,-0.907399004810202,0.93705035971223,"2026-09-12","2026-09-13 14:11:19 UTC"
"665750","Leody Taveras","Baltimore Orioles",483,8,0.0165631469979296,0.00869104305711763,0.0153416285877243,3.80222620341218,0.608145890065957,8,6,0.75,0.851801101767817,0.820778643126382,-0.814408814142537,-0.22917588559954,-0.529365729192649,0.932432432432432,"2026-09-12","2026-09-13 14:11:19 UTC"
"665804","Miguel Amaya","Chicago Cubs",285,0,0,0.0133592489872438,0.00250231872125845,-3.80738596136449,-1.75,,,,,,,,,0.890625,"2026-09-12","2026-09-13 14:11:19 UTC"
"665828","Oswaldo Cabrera","New York Yankees",3,0,0,0.00661585857678063,0.00609376687709707,-0.0198475757303419,-0.0827661065056269,,,,,,,,,0.0789473684210526,"2026-09-12","2026-09-13 14:11:19 UTC"
"665833","Oneil Cruz","Pittsburgh Pirates",574,28,0.0487804878048781,0.0133655142385225,0.0414746504950834,20.3281948270881,1.27854677934668,28,22,0.785714285714286,0.824679173292672,0.801364664065268,-1.09101685219482,-0.155986772238964,-0.709160953926633,0.942528735632184,"2026-09-12","2026-09-13 14:11:19 UTC"
"665856","Jair Camargo","Atlanta Braves",6,0,0,0.00570684617434093,0.00487271198024607,-0.0342410770460456,-0.159073107040673,,,,,,,,,0.146341463414634,"2026-09-12","2026-09-13 14:11:19 UTC"
"665861","Sebastián Rivero","Los Angeles Angels",103,0,0,0.0086275673401885,0.00223711616139872,-0.888639436039416,-1.37849472612029,,,,,,,,,0.746376811594203,"2026-09-12","2026-09-13 14:11:19 UTC"
"665862","Jazz Chisholm Jr.","New York Yankees",737,33,0.0447761194029851,0.0132782740729784,0.0384687072185039,23.2139120082149,1.20335239896866,33,28,0.848484848484849,0.834793245219886,0.843535831763287,0.451822907743763,0.0657446079376836,0.293684890033446,0.954663212435233,"2026-09-12","2026-09-13 14:11:19 UTC"
"665877","José Fermín","St. Louis Cardinals",405,7,0.0172839506172839,0.00982737692656582,0.0160914124845415,3.01991234474084,0.530699846450395,7,7,1,0.852434850570659,0.893480963549144,1.03295604600539,0.375842275171062,0.671421429903502,0.920454545454545,"2026-09-12","2026-09-13 14:11:19 UTC"
"665923","Esteury Ruiz","Miami Marlins",285,29,0.101754385964912,0.0115716972272089,0.0540885702012256,25.7020662902455,1.75,29,26,0.896551724137931,0.82427446849594,0.868243509352098,2.09604041361774,0.345498217251122,1.36242626885153,0.890625,"2026-09-12","2026-09-13 14:11:19 UTC"
"665926","Andrés Giménez","Toronto Blue Jays",587,14,0.0238500851788756,0.0120065603834174,0.021832887079528,6.95214905493401,0.663502436614221,14,12,0.857142857142857,0.844921511530596,0.850152164500822,0.171098838571661,0.0414211384807723,0.11121424507158,0.943729903536977,"2026-09-12","2026-09-13 14:11:19 UTC"
"665953","Andrés Chaparro","Washington Nationals",239,0,0,0.0115025576935136,0.00213309824712894,-2.74911128874974,-1.75,,,,,,,,,0.872262773722628,"2026-09-12","2026-09-13 14:11:19 UTC"
"665966","Carlos Narváez","Boston Red Sox",267,2,0.00749063670411985,0.0115735548271826,0.00797942868118696,-1.09013913885774,-0.387340587776739,2,2,1,0.846883586840299,0.862168355727905,0.306232826319403,0.1232816063466,0.199051337107612,0.884105960264901,"2026-09-12","2026-09-13 14:11:19 UTC"
"666018","Jonathan Aranda","Tampa Bay Rays",943,1,0.00106044538706257,0.0114193268974168,0.00208148050194287,-9.76842526426404,-1.75,1,1,1,0.857758891604935,0.86524531017181,0.142241108395065,0.06275756548014,0.0924567204567925,0.964212678936605,"2026-09-12","2026-09-13 14:11:19 UTC"
"666023","Freddy Fermin","San Diego Padres",257,1,0.00389105058365759,0.0117905954111838,0.00505061109092706,-2.03018302067424,-0.902507467754861,1,0,0,0.768545373473302,0.72809861623595,-0.768545373473302,-0.215118686228427,-0.499554492757646,0.88013698630137,"2026-09-12","2026-09-13 14:11:19 UTC"
"666126","Carlos Cortes","Athletics",457,1,0.00218818380743982,0.0144184793616473,0.00321976298744804,-5.58924506827284,-1.56813992032234,1,1,1,0.853008191792366,0.86074463992357,0.146991808207634,0.0630962122401566,0.0955446753349623,0.928861788617886,"2026-09-12","2026-09-13 14:11:19 UTC"
"666139","Josh Lowe","Los Angeles Angels",365,9,0.0246575342465753,0.00992097960577318,0.0218412350352506,5.37884244389279,0.85759352068419,9,9,1,0.847575865364191,0.898082391859772,1.37181721172228,0.463687112350045,0.891681187619484,0.9125,"2026-09-12","2026-09-13 14:11:19 UTC"
"666152","David Hamilton","Milwaukee Brewers",364,20,0.0549450549450549,0.011074412128135,0.0450232192142509,15.9689139853589,1.55481604570578,20,17,0.85,0.832499707897875,0.84147156372601,0.350005842042507,0.0675991715405684,0.22750379732763,0.912280701754386,"2026-09-12","2026-09-13 14:11:19 UTC"
"666160","Mickey Moniak","Colorado Rockies",472,0,0,0.0116693886258308,0.00214546486170678,-5.50795143139214,-1.75,,,,,,,,,0.930966469428008,"2026-09-12","2026-09-13 14:11:19 UTC"
"666163","Ben Rortvedt","Los Angeles Dodgers",17,0,0,0.0191795894841783,0.0130296455595535,-0.326053021231031,-0.402373533148554,,,,,,,,,0.326923076923077,"2026-09-12","2026-09-13 14:11:19 UTC"
"666176","Jo Adell","Los Angeles Angels",769,3,0.00390117035110533,0.0128153740316656,0.00444701083759833,-6.85502263035085,-1.1115259470448,3,3,1,0.886004223028254,0.902188924524047,0.341987330915237,0.172367671585189,0.222291765094904,0.956467661691542,"2026-09-12","2026-09-13 14:11:19 UTC"
"666181","Will Benson","Cincinnati Reds",107,1,0.00934579439252336,0.00718541584274425,0.00873994665016163,0.231160504826365,0.202642902029352,1,1,1,0.877191766805769,0.883655468468922,0.122808233194231,0.0614097849244106,0.0798253515762501,0.753521126760563,"2026-09-12","2026-09-13 14:11:19 UTC"
"666182","Bo Bichette","New York Mets",911,1,0.00109769484083425,0.0119441729088228,0.0021947169962861,-9.88114151993754,-1.75,1,1,1,0.882936668444109,0.889098047224487,0.117063331555891,0.0610226249713119,0.0760911655113289,0.963002114164905,"2026-09-12","2026-09-13 14:11:19 UTC"
"666185","Dylan Carlson","Chicago Cubs",4,0,0,0.00282603988920375,0.00253623245944656,-0.011304159556815,-0.108506033044494,,,,,,,,,0.102564102564103,"2026-09-12","2026-09-13 14:11:19 UTC"
"666211","Taylor Trammell","Houston Astros",244,3,0.0122950819672131,0.0108737349963864,0.0119297787583242,0.346808660881724,0.0972429647838347,3,3,1,0.836122983485683,0.859456090798772,0.49163104954295,0.181769187010139,0.319560182202918,0.874551971326165,"2026-09-12","2026-09-13 14:11:19 UTC"
"666310","Bo Naylor","Cleveland Guardians",106,0,0,0.0151597687505568,0.00385092602162183,-1.60693548755903,-1.40509845285177,,,,,,,,,0.75177304964539,"2026-09-12","2026-09-13 14:11:19 UTC"
"666397","Edouard Julien","Colorado Rockies",468,3,0.00641025641025641,0.0125853611454897,0.00700190615054223,-2.8899490160892,-0.621425264233143,3,2,0.666666666666667,0.780039774162968,0.764655215542998,-0.340119322488903,-0.0920048223080447,-0.221077559617787,0.930417495029821,"2026-09-12","2026-09-13 14:11:19 UTC"
"666464","Jerar Encarnacion","San Francisco Giants",33,0,0,0.00607594985105273,0.00314676982273773,-0.20050634508474,-0.66715489435576,,,,,,,,,0.485294117647059,"2026-09-12","2026-09-13 14:11:19 UTC"
"666624","Christopher Morel","Miami Marlins",118,1,0.00847457627118644,0.0135294169568804,0.00980225909124436,-0.596471200911885,-0.351405311133126,1,0,0,0.857203094994816,0.812087233504484,-0.857203094994816,-0.328621580468706,-0.557182011746631,0.77124183006536,"2026-09-12","2026-09-13 14:11:19 UTC"
"666969","Adolis García","Philadelphia Phillies",209,3,0.0143540669856459,0.00970275126943116,0.013387184640243,0.972124984688888,0.332725113680729,3,3,1,0.770752017140033,0.802700219991855,0.687743948579902,0.195765114474512,0.447033566576936,0.85655737704918,"2026-09-12","2026-09-13 14:11:19 UTC"
"666971","Lourdes Gurriel Jr.","Arizona Diamondbacks",244,0,0,0.0138431913780242,0.00254768321100539,-3.37773869623791,-1.75,,,,,,,,,0.874551971326165,"2026-09-12","2026-09-13 14:11:19 UTC"
"667452","Corey Julks","Detroit Tigers",14,0,0,0.00701353367058216,0.00502174018344117,-0.0981894713881502,-0.338525101051323,,,,,,,,,0.285714285714286,"2026-09-12","2026-09-13 14:11:19 UTC"
"667472","Dane Myers","Cincinnati Reds",468,10,0.0213675213675214,0.0115358722266675,0.0197642073465674,4.6012117979196,0.581362603809102,10,10,1,0.832135423317058,0.89128672513082,1.67864576682942,0.511408173850517,1.09111974843913,0.930417495029821,"2026-09-12","2026-09-13 14:11:19 UTC"
"667670","Brent Rooker","Athletics",167,2,0.0119760479041916,0.00963616152156275,0.0113664618791685,0.390761025899021,0.173541907090224,2,2,1,0.847611416749868,0.862579673835718,0.304777166500264,0.123181582690276,0.198105158225171,0.826732673267327,"2026-09-12","2026-09-13 14:11:19 UTC"
"668227","Randy Arozarena","Seattle Mariners",1074,20,0.0186219739292365,0.0112103765280457,0.0176902192483065,7.96005560887891,0.495912914463103,20,17,0.85,0.827310672543833,0.839091879293585,0.45378654912334,0.0860514959470355,0.294961256930171,0.96844003606853,"2026-09-12","2026-09-13 14:11:19 UTC"
"668670","Jake Rogers","Detroit Tigers",195,1,0.00512820512820513,0.010942593320503,0.00607378051950191,-1.13380569749809,-0.614040478931909,1,1,1,0.879265859096141,0.885620398396511,0.120734140903859,0.0612692965363528,0.0784771915875087,0.847826086956522,"2026-09-12","2026-09-13 14:11:19 UTC"
"668709","JJ Bleday","Cincinnati Reds",703,3,0.0042674253200569,0.0116421663055971,0.00473815103782657,-5.18444291283473,-0.940559916687135,3,2,0.666666666666667,0.83043652409991,0.807596280051566,-0.491309572299729,-0.157791300377699,-0.319351221994824,0.952574525745257,"2026-09-12","2026-09-13 14:11:19 UTC"
"668715","Spencer Steer","Cincinnati Reds",570,2,0.00350877192982456,0.0122291004578876,0.00412148695284176,-4.97058726099595,-1.12854620194839,2,2,1,0.866320149829213,0.879509094172172,0.267359700341573,0.120675697446561,0.173783805222023,0.942148760330578,"2026-09-12","2026-09-13 14:11:19 UTC"
"668723","Ryan Vilade","Tampa Bay Rays",209,3,0.0143540669856459,0.00932388687241065,0.0131474692642665,1.05130764366618,0.372635458286042,3,2,0.666666666666667,0.835455015392595,0.81194000543478,-0.506365046177785,-0.166010954472392,-0.32913728001556,0.85655737704918,"2026-09-12","2026-09-13 14:11:19 UTC"
"668800","Andrew Knizner","San Francisco Giants",51,0,0,0.0122314212721449,0.00509719906444851,-0.62380248487939,-0.906416229450454,,,,,,,,,0.593023255813954,"2026-09-12","2026-09-13 14:11:19 UTC"
"668804","Bryan Reynolds","Pittsburgh Pirates",996,5,0.00502008032128514,0.0142409300824467,0.00549237335229822,-9.18396636211696,-0.998498531902043,5,4,0.8,0.840204263152742,0.831525807926433,-0.201021315763712,-0.0636790109898002,-0.130663855246413,0.966052376333657,"2026-09-12","2026-09-13 14:11:19 UTC"
"668885","Austin Martin","Minnesota Twins",562,15,0.0266903914590747,0.011144734605958,0.0242087078861367,8.73665915145163,0.842355794393891,15,11,0.733333333333333,0.828825629368822,0.786593575343124,-1.43238444053233,-0.279720219823791,-0.931049886346012,0.941373534338358,"2026-09-12","2026-09-13 14:11:19 UTC"
"668901","Mark Vientos","New York Mets",264,0,0,0.011475289716071,0.00211138305202284,-3.02947648504275,-1.75,,,,,,,,,0.882943143812709,"2026-09-12","2026-09-13 14:11:19 UTC"
"668904","Royce Lewis","Minnesota Twins",459,11,0.0239651416122004,0.00761118433697635,0.0209000453920979,7.50646638932786,1.1015079421245,11,11,1,0.830465911343929,0.894203636966287,1.86487497521678,0.551514378232266,1.21216873389091,0.92914979757085,"2026-09-12","2026-09-13 14:11:19 UTC"
"668930","Brice Turang","Milwaukee Brewers",896,12,0.0133928571428571,0.0105399896733757,0.0130071515095195,2.55616925265537,0.224771159754593,12,9,0.75,0.835751483257161,0.802011230014902,-1.02901779908593,-0.23150903003901,-0.668861569405852,0.962406015037594,"2026-09-12","2026-09-13 14:11:19 UTC"
"668939","Adley Rutschman","Baltimore Orioles",505,0,0,0.011440389752923,0.00207225409727973,-5.77739682522614,-1.75,,,,,,,,,0.935185185185185,"2026-09-12","2026-09-13 14:11:19 UTC"
"668942","Josh Rojas","Kansas City Royals",123,0,0,0.0146689167557816,0.00346191215980758,-1.80427676096113,-1.51886068350906,,,,,,,,,0.778481012658228,"2026-09-12","2026-09-13 14:11:19 UTC"
"668952","Ryan Kreidler","Minnesota Twins",207,6,0.0289855072463768,0.0102816548656108,0.0248161603596086,3.87169744281856,0.939433393152583,6,4,0.666666666666667,0.828201312082095,0.787899107081533,-0.96920787249257,-0.261078386334696,-0.62998511712017,0.855371900826446,"2026-09-12","2026-09-13 14:11:19 UTC"
"669003","Garrett Mitchell","Milwaukee Brewers",631,14,0.0221870047543582,0.0154298429532197,0.0210694493449228,4.26376909651839,0.344603487262459,14,11,0.785714285714286,0.834230948442969,0.813505640454268,-0.679233278201564,-0.146216613276813,-0.441501630831017,0.947447447447447,"2026-09-12","2026-09-13 14:11:19 UTC"
"669004","MJ Melendez","New York Mets",190,2,0.0105263157894737,0.0113007396054422,0.0106268125294318,-0.147140525034015,-0.065572836400098,2,0,0,0.808820118394609,0.728291994476642,-1.61764023678922,-0.458123767746038,-1.05146615391299,0.844444444444444,"2026-09-12","2026-09-13 14:11:19 UTC"
"669016","Brandon Marsh","Philadelphia Phillies",682,7,0.0102639296187683,0.0108640755166857,0.0102211972362828,-0.409299502379667,-0.0640642466435768,7,6,0.857142857142857,0.83041293417215,0.837723728818849,0.187109460794952,0.0541335242593686,0.121621149516719,0.95118549511855,"2026-09-12","2026-09-13 14:11:19 UTC"
"669065","Kyle Stowers","Miami Marlins",535,0,0,0.0114104549021812,0.00208813635438777,-6.10459337266694,-1.75,,,,,,,,,0.93859649122807,"2026-09-12","2026-09-13 14:11:19 UTC"
"669087","Sam Huff","Baltimore Orioles",30,0,0,0.0153181495643115,0.0086240806493644,-0.459544486929346,-0.626260220516596,,,,,,,,,0.461538461538462,"2026-09-12","2026-09-13 14:11:19 UTC"
"669127","Shea Langeliers","Athletics",517,1,0.00193423597678917,0.0158170441906521,0.00308239427044228,-7.17741184656714,-1.74450986662889,1,1,1,0.839869199991266,0.84829740614529,0.160130800008734,0.064054120211424,0.104085020005677,0.936594202898551,"2026-09-12","2026-09-13 14:11:19 UTC"
"669134","Luis Campusano","San Diego Padres",286,0,0,0.0128906820968421,0.00238183540107968,-3.68673507969683,-1.75,,,,,,,,,0.890965732087227,"2026-09-12","2026-09-13 14:11:19 UTC"
"669208","Ryan Bliss","Seattle Mariners",1,0,0,0.00592519053923674,0.00576063915340882,-0.00592519053923674,-0.0283299308365628,,,,,,,,,0.0277777777777778,"2026-09-12","2026-09-13 14:11:19 UTC"
"669221","Sean Murphy","Atlanta Braves",83,0,0,0.00960407958598574,0.00289017778541613,-0.797138605636816,-1.22222403758182,,,,,,,,,0.703389830508475,"2026-09-12","2026-09-13 14:11:19 UTC"
"669224","Austin Wells","New York Yankees",415,2,0.00481927710843374,0.0134698075575854,0.00568907757444612,-3.58997013639793,-0.911571804276583,2,2,1,0.802464493267508,0.822199791278582,0.395071013464985,0.129681820031964,0.25679615875224,0.922222222222222,"2026-09-12","2026-09-13 14:11:19 UTC"
"669236","Jeremiah Jackson","Baltimore Orioles",297,1,0.00336700336700337,0.00904953935770918,0.00405634853068201,-1.68771318923963,-0.838585336881023,1,1,1,0.87943343582589,0.885779135694005,0.12056656417411,0.0612577797751415,0.0783682667131713,0.894578313253012,"2026-09-12","2026-09-13 14:11:19 UTC"
"669242","Tommy Edman","Los Angeles Dodgers",560,7,0.0125,0.00988285294323022,0.0121299782085249,1.46560235179107,0.215302363215244,7,6,0.857142857142857,0.830939848429469,0.838150756041795,0.183421060993715,0.0531732435783581,0.119223689645915,0.941176470588235,"2026-09-12","2026-09-13 14:11:19 UTC"
"669256","Nick Solak","San Diego Padres",11,0,0,0.0325383585251349,0.0251314192698977,-0.357921943776484,-0.281265657694184,,,,,,,,,0.239130434782609,"2026-09-12","2026-09-13 14:11:19 UTC"
"669257","Will Smith","Los Angeles Dodgers",337,0,0,0.013043523733843,0.00238225819007758,-4.39566749830509,-1.75,,,,,,,,,0.905913978494624,"2026-09-12","2026-09-13 14:11:19 UTC"
"669288","Daniel Johnson","Houston Astros",35,0,0,0.0272565866541065,0.01410081428249,-0.953980532893728,-0.707283411020712,,,,,,,,,0.5,"2026-09-12","2026-09-13 14:11:19 UTC"
"669289","Santiago Espinal","Los Angeles Dodgers",50,0,0,0.00949546691989755,0.00405495718930966,-0.474773345994878,-0.892911935305183,,,,,,,,,0.588235294117647,"2026-09-12","2026-09-13 14:11:19 UTC"
"669326","Bryce Teodosio","Los Angeles Angels",63,2,0.0317460317460317,0.0100895907027012,0.0223059762786436,1.36435578572982,0.864208568292843,2,2,1,0.821539319829327,0.839061910069262,0.356921360341347,0.126852394310378,0.231998884221875,0.642857142857143,"2026-09-12","2026-09-13 14:11:19 UTC"
"669357","Nolan Gorman","St. Louis Cardinals",314,1,0.00318471337579618,0.0110702384667261,0.00402556737158981,-2.47605487855199,-1.03915080938561,1,0,0,0.836550004255446,0.792524956605418,-0.836550004255446,-0.292566252855355,-0.54375750276604,0.899713467048711,"2026-09-12","2026-09-13 14:11:19 UTC"
"669364","Xavier Edwards","Miami Marlins",787,15,0.0190597204574333,0.0105317647112064,0.0178226010206274,6.71150117228057,0.571099371112219,15,13,0.866666666666667,0.826959902283081,0.844800725177018,0.595601465753783,0.131790314449159,0.387140952739959,0.957420924574209,"2026-09-12","2026-09-13 14:11:19 UTC"
"669369","Bryce Johnson","San Diego Padres",48,2,0.0416666666666667,0.0181145592550607,0.0305385882119497,1.13050115575709,0.561264047368605,2,2,1,0.829606614498188,0.846553686752634,0.340786771003625,0.125693402388629,0.221511401152356,0.578313253012048,"2026-09-12","2026-09-13 14:11:19 UTC"
"669384","Raynel Delgado","Houston Astros",39,0,0,0.00617402039867158,0.00297158545746383,-0.240786795548192,-0.752040301249121,,,,,,,,,0.527027027027027,"2026-09-12","2026-09-13 14:11:19 UTC"
"669392","Samad Taylor","San Diego Padres",199,6,0.0301507537688442,0.0106677103060243,0.025411025753965,3.87712564910116,0.947364940762244,6,6,1,0.870851818727668,0.903096827108679,0.774889087633992,0.324091485266967,0.503677906962095,0.85042735042735,"2026-09-12","2026-09-13 14:11:19 UTC"
"669394","Jake Burger","Texas Rangers",593,3,0.00505902192242833,0.0113939115272321,0.00548493060832878,-3.75658953564864,-0.761800918934336,3,3,1,0.853306773706673,0.874029103772712,0.440079678879981,0.178414882153035,0.286051791271988,0.944267515923567,"2026-09-12","2026-09-13 14:11:19 UTC"
"669397","Nick Allen","Houston Astros",257,1,0.00389105058365759,0.0111215592629473,0.00487673939362231,-1.85824073057745,-0.863606948890618,1,1,1,0.779118430391404,0.79074434349813,0.220881569608596,0.0688815782483561,0.143573020245588,0.88013698630137,"2026-09-12","2026-09-13 14:11:19 UTC"
"669398","Gage Workman","Detroit Tigers",50,0,0,0.00732918586685815,0.00307587439742565,-0.366459293342907,-0.891707562502072,,,,,,,,,0.588235294117647,"2026-09-12","2026-09-13 14:11:19 UTC"
"669477","Casey Schmitt","San Francisco Giants",361,8,0.0221606648199446,0.0109949153876514,0.0203996341540628,4.03083554505783,0.655825426083733,8,8,1,0.858490084532673,0.901718193872956,1.13207932373862,0.417205605898812,0.735851560430103,0.911616161616162,"2026-09-12","2026-09-13 14:11:19 UTC"
"669699","Braden Shewmake","Houston Astros",107,1,0.00934579439252336,0.00814293717026497,0.00890894819976699,0.128705722781649,0.0940891986635197,,,,,,,,,0.753521126760563,"2026-09-12","2026-09-13 14:11:19 UTC"
"669701","Josh Smith","Texas Rangers",246,5,0.0203252032520325,0.0112029053365626,0.0184241231884519,2.2440852872056,0.538645433571441,5,4,0.8,0.841849548695927,0.832849691748912,-0.209247743479637,-0.0667800754343586,-0.136011033261764,0.875444839857651,"2026-09-12","2026-09-13 14:11:19 UTC"
"669707","Jared Triolo","Pittsburgh Pirates",446,7,0.015695067264574,0.0149526531406156,0.0155083673410201,0.331116699285439,0.0389729569412749,7,7,1,0.862328461301855,0.900842905543405,0.963700770887011,0.372241937651223,0.626405501076557,0.927234927234927,"2026-09-12","2026-09-13 14:11:19 UTC"
"669720","Austin Hays","Chicago White Sox",111,0,0,0.0103810937846286,0.00257184690897073,-1.15230141009377,-1.43631463338232,,,,,,,,,0.76027397260274,"2026-09-12","2026-09-13 14:11:19 UTC"
"669743","Alex Call","Los Angeles Dodgers",336,1,0.00297619047619048,0.0083075355016162,0.00355290768002285,-1.79133192854304,-0.882492040264578,1,1,1,0.912086849644928,0.916713869201933,0.0879131503550716,0.059127539999924,0.0571435477307966,0.905660377358491,"2026-09-12","2026-09-13 14:11:19 UTC"
"669899","Ryan Ward","Los Angeles Dodgers",34,0,0,0.0128226836062543,0.00676304888579297,-0.435971242612648,-0.685268966462331,,,,,,,,,0.492753623188406,"2026-09-12","2026-09-13 14:11:19 UTC"
"669911","Michael Toglia","Cincinnati Reds",9,0,0,0.00120716797062411,0.000960281295926442,-0.010864511735617,-0.229091198789863,,,,,,,,,0.204545454545455,"2026-09-12","2026-09-13 14:11:19 UTC"
"670032","Nicky Lopez","Chicago Cubs",275,4,0.0145454545454545,0.0139892093531932,0.014313525416672,0.15296742787188,0.024728692397642,,,,,,,,,0.887096774193548,"2026-09-12","2026-09-13 14:11:19 UTC"
"670042","Luke Raley","Seattle Mariners",303,1,0.0033003300330033,0.00995395836945555,0.00404542823120655,-2.01604938594503,-0.929994767703128,1,1,1,0.777053655616597,0.788787845038763,0.222946344383403,0.0690560231922992,0.144915123849212,0.896449704142012,"2026-09-12","2026-09-13 14:11:19 UTC"
"670097","Zack Short","Detroit Tigers",54,0,0,0.011751624790522,0.00476134062505743,-0.634587738688189,-0.940566245734259,,,,,,,,,0.606741573033708,"2026-09-12","2026-09-13 14:11:19 UTC"
"670156","Miles Mastrobuoni","Seattle Mariners",51,0,0,0.0129183320186298,0.00547336075967366,-0.658834932950121,-0.906732232555266,,,,,,,,,0.593023255813954,"2026-09-12","2026-09-13 14:11:19 UTC"
"670224","Kameron Misner","Kansas City Royals",57,2,0.0350877192982456,0.0151406963412072,0.0262181674558298,1.13698030855119,0.607731102672301,2,2,1,0.839940572904916,0.855932691218839,0.320118854190168,0.124237252011117,0.208077255223609,0.619565217391304,"2026-09-12","2026-09-13 14:11:19 UTC"
"670231","John Rave","Kansas City Royals",115,6,0.0521739130434783,0.0147030992034153,0.0387481571513929,4.30914359160724,1.10042910178608,6,6,1,0.854974313694329,0.890382707400618,0.870154117834027,0.329216427195915,0.565600176592117,0.766666666666667,"2026-09-12","2026-09-13 14:11:19 UTC"
"670242","Matt Wallner","Minnesota Twins",165,0,0,0.0171380524845545,0.00325699710194408,-2.8277786599515,-1.75,,,,,,,,,0.825,"2026-09-12","2026-09-13 14:11:19 UTC"
"670541","Yordan Alvarez","Houston Astros",1106,0,0,0.0133806444428871,0.00246161709303634,-14.7989927538331,-1.75,,,,,,,,,0.969325153374233,"2026-09-12","2026-09-13 14:11:19 UTC"
"670623","Isaac Paredes","Houston Astros",772,0,0,0.0124157348282304,0.00226340799475555,-9.58494728739386,-1.75,,,,,,,,,0.956629491945477,"2026-09-12","2026-09-13 14:11:19 UTC"
"670764","Taylor Walls","Tampa Bay Rays",502,21,0.0418326693227092,0.00910088743127212,0.0357124861216007,16.4313545095014,1.49132160686784,21,18,0.857142857142857,0.825135934095972,0.842073334642928,0.672145383984585,0.124480138030881,0.43689449958998,0.934823091247672,"2026-09-12","2026-09-13 14:11:19 UTC"
"670770","TJ Friedl","Cincinnati Reds",312,4,0.0128205128205128,0.0148505451779082,0.0130243970093889,-0.633370095507371,-0.142171483781219,4,3,0.75,0.849486391448917,0.831931740410535,-0.397945565795667,-0.134974759417726,-0.258664617767184,0.899135446685879,"2026-09-12","2026-09-13 14:11:19 UTC"
"671056","Iván Herrera","St. Louis Cardinals",1030,7,0.00679611650485437,0.0101490804482432,0.00693845853393299,-3.45355286169053,-0.395791655875914,7,7,1,0.854537823549913,0.894858918297764,1.01823523515061,0.375071466153883,0.661852902847896,0.967136150234742,"2026-09-12","2026-09-13 14:11:19 UTC"
"671083","Buddy Kennedy","San Francisco Giants",49,0,0,0.0105331675813012,0.00445230333079593,-0.516125211483757,-0.881752194908979,,,,,,,,,0.583333333333333,"2026-09-12","2026-09-13 14:11:19 UTC"
"671155","Ivan Johnson","Cincinnati Reds",39,2,0.0512820512820513,0.0143166148599967,0.031113858602747,1.44165202046013,0.877932539483602,2,2,1,0.873260871623372,0.885908699970024,0.253478256753257,0.119770858961653,0.164760866889617,0.527027027027027,"2026-09-12","2026-09-13 14:11:19 UTC"
"671218","Heliot Ramos","San Francisco Giants",517,5,0.00967117988394584,0.0131502164559726,0.00998550001739553,-1.79866190773785,-0.295758986790888,5,4,0.8,0.83401879105379,0.826838927854667,-0.170093955268948,-0.0524775946862097,-0.110561070924816,0.936594202898551,"2026-09-12","2026-09-13 14:11:19 UTC"
"671277","Luis García Jr.","Washington Nationals",681,4,0.00587371512481645,0.0124480765189411,0.00633627725653768,-4.47714010939888,-0.710881971398632,4,3,0.75,0.859244386294132,0.8394963015133,-0.43697754517653,-0.155386481325299,-0.284035404364744,0.951117318435754,"2026-09-12","2026-09-13 14:11:19 UTC"
"671286","Johnathan Rodríguez","Baltimore Orioles",15,0,0,0.00513977799685871,0.00360567726119266,-0.0770966699528806,-0.358231172452808,,,,,,,,,0.3,"2026-09-12","2026-09-13 14:11:19 UTC"
"671289","Tyler Freeman","Colorado Rockies",371,6,0.0161725067385445,0.00887255379264076,0.0151090370713137,2.70828254293028,0.55588247807593,6,4,0.666666666666667,0.849749750892907,0.804884786358521,-1.09849850535744,-0.321261515297121,-0.714024028482336,0.913793103448276,"2026-09-12","2026-09-13 14:11:19 UTC"
"671655","George Valera","Cleveland Guardians",21,0,0,0.0118115144005728,0.00743338100125664,-0.248041802412029,-0.47457390065302,,,,,,,,,0.375,"2026-09-12","2026-09-13 14:11:19 UTC"
"671732","Lawrence Butler","Athletics",547,7,0.0127970749542962,0.00932429035558531,0.0123330040122296,1.89961317549484,0.293899251317848,7,6,0.857142857142857,0.878544351220659,0.87257978989283,-0.149810458544612,-0.0549717010297819,-0.0973767980539978,0.939862542955326,"2026-09-12","2026-09-13 14:11:19 UTC"
"671739","Michael Harris II","Atlanta Braves",801,9,0.0112359550561798,0.010785424751168,0.0110942317801042,0.360874774314471,0.0300899534676349,9,7,0.777777777777778,0.84766975957028,0.82461251751056,-0.629027836132523,-0.170135999223677,-0.40886809348614,0.958133971291866,"2026-09-12","2026-09-13 14:11:19 UTC"
"671976","Tristan Peters","Chicago White Sox",661,7,0.010590015128593,0.013395676473026,0.0107715959766597,-1.85454214867016,-0.232168991014888,7,6,0.857142857142857,0.846373230020286,0.849360436057044,0.0753873898579994,0.0234240423135728,0.0490018034076996,0.949712643678161,"2026-09-12","2026-09-13 14:11:19 UTC"
"672012","Tyler Black","Milwaukee Brewers",31,0,0,0.00843576670221167,0.0045264301849631,-0.261508767768562,-0.638365811389619,,,,,,,,,0.46969696969697,"2026-09-12","2026-09-13 14:11:19 UTC"
"672016","Denzel Clarke","Athletics",88,2,0.0227272727272727,0.0115073642612342,0.0187975765461588,0.987351945011388,0.53843057602875,2,2,1,0.882665113825107,0.894363287491018,0.234669772349787,0.118566058227083,0.152535352027361,0.715447154471545,"2026-09-12","2026-09-13 14:11:19 UTC"
"672275","Patrick Bailey","San Francisco Giants",353,3,0.0084985835694051,0.011458561956528,0.00870094540922269,-1.04487237065438,-0.285446073343818,3,3,1,0.857848847745757,0.878137147083132,0.426453456762729,0.177549712581923,0.277194746895774,0.90979381443299,"2026-09-12","2026-09-13 14:11:19 UTC"
"672284","Jarred Kelenic","Chicago White Sox",59,0,0,0.0102983672841635,0.00411174591292584,-0.607603669765646,-0.994476857686166,,,,,,,,,0.627659574468085,"2026-09-12","2026-09-13 14:11:19 UTC"
"672356","Gabriel Arias","Cleveland Guardians",207,3,0.0144927536231884,0.011072660123,0.0137336757519541,0.707959354539003,0.22885640864671,3,3,1,0.850105636990146,0.871131365287654,0.449683089029561,0.179030584093327,0.292294007869215,0.855371900826446,"2026-09-12","2026-09-13 14:11:19 UTC"
"672386","Alejandro Kirk","Toronto Blue Jays",306,0,0,0.0112136490121374,0.00202879985952835,-3.43137659771404,-1.75,,,,,,,,,0.897360703812317,"2026-09-12","2026-09-13 14:11:19 UTC"
"672515","Gabriel Moreno","Arizona Diamondbacks",838,3,0.0035799522673031,0.0109240205265633,0.00396494679991974,-6.15432920126007,-1.05462966030766,3,3,1,0.845310815807915,0.867391295335757,0.464067552576255,0.179959941452107,0.301643909174566,0.959908361970218,"2026-09-12","2026-09-13 14:11:19 UTC"
"672569","Gustavo Campero","Los Angeles Angels",16,0,0,0.00759974721921828,0.00522779990697971,-0.121595955507493,-0.378924996319424,,,,,,,,,0.313725490196078,"2026-09-12","2026-09-13 14:11:19 UTC"
"672580","Maikel Garcia","Kansas City Royals",485,7,0.0144329896907217,0.0105692995191374,0.0138082179226378,1.87388973321838,0.288142581476893,7,4,0.571428571428571,0.786173742812409,0.727702064527327,-1.50321619968686,-0.327327015695089,-0.97709052979646,0.932692307692308,"2026-09-12","2026-09-13 14:11:19 UTC"
"672613","Eliezer Alfonzo","Los Angeles Dodgers",35,0,0,0.00451160686703143,0.00226932356330422,-0.1579062403461,-0.695441762834602,,,,,,,,,0.5,"2026-09-12","2026-09-13 14:11:19 UTC"
"672640","Otto Lopez","Miami Marlins",1024,29,0.0283203125,0.0117101393890547,0.0257567247317244,17.0088172656079,0.8728565903101,29,25,0.862068965517241,0.819357798069427,0.845152696418884,1.23862385598663,0.189405948985777,0.805105506391309,0.966949952785647,"2026-09-12","2026-09-13 14:11:19 UTC"
"672642","Steward Berroa","Philadelphia Phillies",6,0,0,0.0312548586685326,0.0268575679427577,-0.187529152011196,-0.162889241537246,,,,,,,,,0.146341463414634,"2026-09-12","2026-09-13 14:11:19 UTC"
"672695","Geraldo Perdomo","Arizona Diamondbacks",990,19,0.0191919191919192,0.0112082048690593,0.0182104843258472,7.90387717963126,0.518109542120873,19,14,0.736842105263158,0.819465129464303,0.777945886830695,-1.56983745982175,-0.2641723107354,-1.02039434888414,0.965853658536585,"2026-09-12","2026-09-13 14:11:19 UTC"
"672724","Oswald Peraza","Los Angeles Angels",497,9,0.0181086519114688,0.0101994498717231,0.016909201612412,3.93087341375361,0.543451264554311,9,9,1,0.825152842387338,0.883046019650526,1.57362441851395,0.473724939639492,1.02285587203407,0.934210526315789,"2026-09-12","2026-09-13 14:11:19 UTC"
"672761","Wenceel Pérez","Detroit Tigers",174,4,0.0229885057471264,0.0163994037436896,0.0214316349545842,1.14650374859801,0.290117405395901,4,3,0.75,0.881042202390572,0.857810704858858,-0.524168809562288,-0.209962159670163,-0.340709726215487,0.832535885167464,"2026-09-12","2026-09-13 14:11:19 UTC"
"672820","Lenyn Sosa","Chicago White Sox",130,0,0,0.00813803477706977,0.00176562138445903,-1.05794452101907,-1.55709940208838,,,,,,,,,0.787878787878788,"2026-09-12","2026-09-13 14:11:19 UTC"
"672960","Kazuma Okamoto","Toronto Blue Jays",679,1,0.00147275405007364,0.0105382153030424,0.00196337956694552,-6.15544819076579,-1.7239455764299,1,1,1,0.813504943090991,0.823320594146521,0.186495056909009,0.0660615755116343,0.121221786990856,0.950980392156863,"2026-09-12","2026-09-13 14:11:19 UTC"
"673237","Yainer Diaz","Houston Astros",322,1,0.0031055900621118,0.0116196498574727,0.00403524002024434,-2.74152725410621,-1.09871830837439,1,0,0,0.767528045813363,0.727136574723391,-0.767528045813363,-0.214262505684891,-0.498893229778686,0.901960784313726,"2026-09-12","2026-09-13 14:11:19 UTC"
"673357","Luis Robert Jr.","New York Mets",276,4,0.0144927536231884,0.0114736117247027,0.0138768365157179,0.833283163982056,0.201925401482887,4,1,0.25,0.717952275186883,0.635547080137562,-1.87180910074753,-0.389739935739269,-1.2166759154859,0.887459807073955,"2026-09-12","2026-09-13 14:11:19 UTC"
"673490","Ha-Seong Kim","Atlanta Braves",59,2,0.0338983050847458,0.0128002195041184,0.0248724537358982,1.24478704925702,0.720314174800146,2,2,1,0.8063366199408,0.825235781229773,0.3873267601184,0.129096725362455,0.25176239407696,0.627659574468085,"2026-09-12","2026-09-13 14:11:19 UTC"
"673548","Seiya Suzuki","Chicago Cubs",885,1,0.00112994350282486,0.0107154087919336,0.00195164538079588,-8.4831367808612,-1.75,1,1,1,0.865741107818362,0.872807446769992,0.134258892181638,0.062196916154476,0.0872682799180646,0.96195652173913,"2026-09-12","2026-09-13 14:11:19 UTC"
"673962","Josh Jung","Texas Rangers",622,3,0.00482315112540193,0.0108557293035686,0.00525195245824729,-3.75226362681968,-0.759188577237716,3,2,0.666666666666667,0.81429741013357,0.79384829962971,-0.442892230400709,-0.133789216927423,-0.287879949760461,0.946727549467275,"2026-09-12","2026-09-13 14:11:19 UTC"
"675659","Greg Jones","Milwaukee Brewers",10,1,0.1,0.0193982679474407,0.0347990871329331,0.806017320525593,0.656917461509273,1,0,0,0.790317690517637,0.748721847542607,-0.790317690517637,-0.235034384477346,-0.513706498836464,0.222222222222222,"2026-09-12","2026-09-13 14:11:19 UTC"
"675961","Alika Williams","Athletics",240,2,0.00833333333333333,0.0100058361406545,0.00847512650652817,-0.401400673757085,-0.172214845594842,2,2,1,0.843165059647038,0.858594846165994,0.313669880705924,0.123793428028439,0.203885422458851,0.872727272727273,"2026-09-12","2026-09-13 14:11:19 UTC"
"676356","Jonny DeLuca","Tampa Bay Rays",362,11,0.0303867403314917,0.00956828350425976,0.0263048927874408,7.53628137145797,1.10664216854818,11,9,0.818181818181818,0.82199644305387,0.82056409114801,-0.041960873592565,-0.00983413996277704,-0.0272745678351672,0.91183879093199,"2026-09-12","2026-09-13 14:11:19 UTC"
"676369","Nelson Velázquez","St. Louis Cardinals",72,0,0,0.00996943942051819,0.0034190575883039,-0.717799638277309,-1.12427979347961,,,,,,,,,0.672897196261682,"2026-09-12","2026-09-13 14:11:19 UTC"
"676391","Ernie Clement","Toronto Blue Jays",922,5,0.00542299349240781,0.012350965407787,0.00575831344675063,-6.38759010597959,-0.794966478381697,5,5,1,0.869129749986579,0.897414655232542,0.654351250067107,0.277334227829434,0.42532831254362,0.963427377220481,"2026-09-12","2026-09-13 14:11:19 UTC"
"676439","Hunter Feduccia","Tampa Bay Rays",250,1,0.004,0.00967338497317848,0.00478765609252003,-1.41834624329462,-0.732872467712178,1,1,1,0.923183076862778,0.927226104166199,0.0768169231372217,0.0584375327983118,0.0499310000391941,0.87719298245614,"2026-09-12","2026-09-13 14:11:19 UTC"
"676475","Alec Burleson","St. Louis Cardinals",728,2,0.00274725274725275,0.0104364105847626,0.0031650007234256,-5.59770690570717,-1.23086736311291,2,2,1,0.822082234250811,0.83948608031358,0.355835531498379,0.126774020528662,0.231293095473946,0.954128440366973,"2026-09-12","2026-09-13 14:11:19 UTC"
"676551","Brewer Hicklen","Atlanta Braves",62,0,0,0.00541906607790657,0.00196210202272949,-0.335982096830207,-1.02288821997384,,,,,,,,,0.639175257731959,"2026-09-12","2026-09-13 14:11:19 UTC"
"676572","Eric Wagaman","New York Mets",82,0,0,0.0117772728843147,0.00361424856276984,-0.965736376513806,-1.21509668450141,,,,,,,,,0.700854700854701,"2026-09-12","2026-09-13 14:11:19 UTC"
"676609","José Caballero","New York Yankees",438,27,0.0616438356164384,0.0121285761572279,0.0485884686465996,21.6876836431342,1.60006213356065,27,21,0.777777777777778,0.835594587931508,0.801586619110269,-1.5610538741507,-0.233764848400049,-1.01468501819796,0.92600422832981,"2026-09-12","2026-09-13 14:11:19 UTC"
"676694","Jake Meyers","Houston Astros",248,2,0.00806451612903226,0.0115363143375914,0.00854028770127548,-0.861005955722667,-0.315584130273133,2,1,0.5,0.842138802005373,0.808201427257162,-0.684277604010747,-0.237623669522959,-0.444780442606985,0.876325088339223,"2026-09-12","2026-09-13 14:11:19 UTC"
"676724","Jared Young","New York Mets",556,2,0.00359712230215827,0.0126889966079343,0.00425709699945956,-5.0550821140115,-1.13884635688047,2,2,1,0.856327042481894,0.870552814863349,0.287345915036213,0.122000408085501,0.186774844773538,0.94077834179357,"2026-09-12","2026-09-13 14:11:19 UTC"
"676914","Davis Schneider","Toronto Blue Jays",183,1,0.00546448087431694,0.0110029626657314,0.00641561136143454,-1.01354216782885,-0.563241439484617,1,1,1,0.853166424682295,0.860894527153702,0.146833575317705,0.0630847248057094,0.0954418239565085,0.839449541284404,"2026-09-12","2026-09-13 14:11:19 UTC"
"677008","Heston Kjerstad","Baltimore Orioles",4,0,0,0.0358478181922007,0.0323083952952773,-0.143391272768803,-0.112098300492956,,,,,,,,,0.102564102564103,"2026-09-12","2026-09-13 14:11:19 UTC"
"677060","Chad Stevens","Colorado Rockies",34,0,0,0.00655680715957625,0.00335221705397774,-0.222931443425592,-0.682077817661641,,,,,,,,,0.492753623188406,"2026-09-12","2026-09-13 14:11:19 UTC"
"677347","Kyren Paris","Los Angeles Angels",10,0,0,0.00535773462337511,0.00416990679571989,-0.0535773462337511,-0.252540486053834,,,,,,,,,0.222222222222222,"2026-09-12","2026-09-13 14:11:19 UTC"
"677587","Brayan Rocchio","Cleveland Guardians",766,15,0.0195822454308094,0.0112329990486221,0.0184777688496743,6.39552272875545,0.537418331472695,15,11,0.733333333333333,0.808489939807344,0.774930638776239,-1.12734909711016,-0.207269025680446,-0.732776913121601,0.956304619225968,"2026-09-12","2026-09-13 14:11:19 UTC"
"677588","José Tena","Washington Nationals",399,4,0.0100250626566416,0.012026134926538,0.0101731753619344,-0.798427835688667,-0.17620064372121,4,4,1,0.872412412568141,0.895467353681914,0.510350349727437,0.226914215387761,0.331727727322834,0.919354838709677,"2026-09-12","2026-09-13 14:11:19 UTC"
"677592","Everson Pereira","Chicago White Sox",149,2,0.0134228187919463,0.0101857801826141,0.0125590729129016,0.482318752790501,0.220342160239619,2,2,1,0.848741015695941,0.863820650657842,0.302517968608118,0.12302767000738,0.196636679595276,0.809782608695652,"2026-09-12","2026-09-13 14:11:19 UTC"
"677594","Julio Rodríguez","Seattle Mariners",632,20,0.0316455696202532,0.00773566625595345,0.027829396324487,15.1110589262374,1.37587132382804,20,19,0.95,0.831423865573389,0.892990542038241,2.37152268853222,0.534782847729268,1.54148974754594,0.947526236881559,"2026-09-12","2026-09-13 14:11:19 UTC"
"677595","Ronny Mauricio","New York Mets",28,0,0,0.0191504409728244,0.0109480411951989,-0.536212347239083,-0.596432423059964,,,,,,,,,0.444444444444444,"2026-09-12","2026-09-13 14:11:19 UTC"
"677649","Ezequiel Duran","Texas Rangers",759,12,0.0158102766798419,0.0113576367716867,0.0152265992288095,3.37955369028977,0.3157829260174,12,10,0.833333333333333,0.832601289410296,0.832896445823537,0.00878452707645005,0.00214243185663099,0.00570994259969254,0.955919395465995,"2026-09-12","2026-09-13 14:11:19 UTC"
"677800","Wilyer Abreu","Boston Red Sox",703,11,0.015647226173542,0.0116415828139409,0.0150312650263921,2.81596728179954,0.275231317651032,11,8,0.727272727272727,0.853479795058951,0.806976851418213,-1.38827774564846,-0.34036902056661,-0.902380534671498,0.952574525745257,"2026-09-12","2026-09-13 14:11:19 UTC"
"677870","Leo Jiménez","Miami Marlins",266,1,0.0037593984962406,0.015246263366456,0.00529002662540981,-3.05550605547729,-1.11173282218934,1,1,1,0.862024538002122,0.869286602548734,0.137975461997878,0.0624578785733503,0.0896840502986205,0.883720930232558,"2026-09-12","2026-09-13 14:11:19 UTC"
"677942","Blaze Alexander","Baltimore Orioles",523,10,0.0191204588910134,0.0130041908831617,0.0181520076246425,3.19880816810642,0.360314584402133,10,8,0.8,0.851262579735128,0.833065347737478,-0.512625797351283,-0.13777359563418,-0.333206768278334,0.937275985663082,"2026-09-12","2026-09-13 14:11:19 UTC"
"677943","Will Banfield","Cincinnati Reds",19,0,0,0.00858576509296852,0.00561146688888236,-0.163129536766402,-0.436745098235149,,,,,,,,,0.351851851851852,"2026-09-12","2026-09-13 14:11:19 UTC"
"677950","Alek Thomas","Arizona Diamondbacks",109,3,0.0275229357798165,0.00986328181858026,0.0212851915639426,1.92490228177475,0.859529801645781,3,3,1,0.896311722207042,0.911123607534707,0.311064833378875,0.17054321532168,0.202192141696269,0.756944444444444,"2026-09-12","2026-09-13 14:11:19 UTC"
"677951","Bobby Witt Jr.","Kansas City Royals",858,35,0.0407925407925408,0.0119240178798727,0.0356434549400404,24.7691926590692,1.22151940875589,35,31,0.885714285714286,0.843644852922408,0.870907342565473,1.47243014771574,0.22809590388496,0.95707959601523,0.960806270996641,"2026-09-12","2026-09-13 14:11:19 UTC"
"677956","Rece Hinds","Cincinnati Reds",60,0,0,0.00880468597560974,0.003332237121245,-0.528281158536585,-1.00413735925165,,,,,,,,,0.631578947368421,"2026-09-12","2026-09-13 14:11:19 UTC"
"678009","Parker Meadows","Detroit Tigers",53,2,0.0377358490566038,0.0106396612057027,0.0254993932692655,1.43609795609776,0.939531936416104,2,2,1,0.774706693559266,0.796583441921837,0.450586612881468,0.134030406511246,0.292881298372954,0.602272727272727,"2026-09-12","2026-09-13 14:11:19 UTC"
"678011","Anthony Seigler","Boston Red Sox",289,3,0.0103806228373702,0.00966753419437219,0.0101523243640778,0.206082617826439,0.0513274250104798,3,2,0.666666666666667,0.866150804940741,0.838109961354409,-0.598452414822224,-0.226438703668574,-0.388994069634446,0.891975308641975,"2026-09-12","2026-09-13 14:11:19 UTC"
"678218","Brandon Valenzuela","Toronto Blue Jays",386,0,0,0.0111563016135894,0.00202449464071401,-4.3063324228455,-1.75,,,,,,,,,0.916864608076009,"2026-09-12","2026-09-13 14:11:19 UTC"
"678225","Jihwan Bae","Milwaukee Brewers",12,0,0,0.0150210771249755,0.0112910892855735,-0.180252925499706,-0.298658176469359,,,,,,,,,0.25531914893617,"2026-09-12","2026-09-13 14:11:19 UTC"
"678246","Miguel Vargas","Chicago White Sox",837,15,0.017921146953405,0.0112129505575358,0.0170298110256042,5.61476038334251,0.448477543837245,15,13,0.866666666666667,0.8447755773533,0.854467940167487,0.328366339700493,0.078006546313127,0.21343812080532,0.959862385321101,"2026-09-12","2026-09-13 14:11:19 UTC"
"678391","Jorbit Vivas","Washington Nationals",479,3,0.00626304801670146,0.00861007558025126,0.00642976105648707,-1.12422620294035,-0.304801414718272,3,3,1,0.884142958889321,0.90066783092171,0.347571123332037,0.172701083566115,0.225921230165824,0.931906614785992,"2026-09-12","2026-09-13 14:11:19 UTC"
"678489","Jorge Barrosa","Arizona Diamondbacks",242,3,0.012396694214876,0.0103522913050086,0.0118929032455111,0.494745504187929,0.154271482582752,3,3,1,0.867532408402236,0.886393487609866,0.397402774793291,0.175733136582848,0.258311803615639,0.873646209386282,"2026-09-12","2026-09-13 14:11:19 UTC"
"678545","Osleivis Basabe","San Francisco Giants",133,3,0.0225563909774436,0.0160547517118444,0.0205229724450552,0.864718022324695,0.272018307740778,3,2,0.666666666666667,0.820315979321379,0.798456220187212,-0.460947937964136,-0.142348044992155,-0.299616159676689,0.791666666666667,"2026-09-12","2026-09-13 14:11:19 UTC"
"678554","Curtis Mead","Washington Nationals",369,2,0.00542005420054201,0.00918753950034212,0.00578535754768796,-1.39020207562624,-0.482121789156671,2,2,1,0.806559503519583,0.825815502921259,0.386880992960833,0.129063409050325,0.251472645424542,0.913366336633663,"2026-09-12","2026-09-13 14:11:19 UTC"
"678577","Junior Perez","Chicago White Sox",17,0,0,0.0030001157073994,0.00202040549324668,-0.0510019670257898,-0.396874653250556,,,,,,,,,0.326923076923077,"2026-09-12","2026-09-13 14:11:19 UTC"
"678662","Ezequiel Tovar","Colorado Rockies",489,4,0.0081799591002045,0.00906349288025108,0.00819037855997812,-0.43204801844278,-0.106316346217256,4,4,1,0.80345106434377,0.838463823124185,0.786195742624921,0.244193504490073,0.511027232706199,0.933206106870229,"2026-09-12","2026-09-13 14:11:19 UTC"
"678760","Eddys Leonard","San Francisco Giants",8,0,0,0.00826588918581918,0.00674032013581121,-0.0661271134865535,-0.207430883537601,,,,,,,,,0.186046511627907,"2026-09-12","2026-09-13 14:11:19 UTC"
"678882","Ceddanne Rafaela","Boston Red Sox",737,21,0.028493894165536,0.0128732176569812,0.0258948452143169,11.5124385868048,0.775299452903073,21,16,0.761904761904762,0.842461415147722,0.799984347179051,-1.69168971810216,-0.296007098716186,-1.0995983167664,0.954663212435233,"2026-09-12","2026-09-13 14:11:19 UTC"
"679529","Spencer Torkelson","Detroit Tigers",625,0,0,0.00918543890593758,0.00168599670439626,-5.74089931621099,-1.75,,,,,,,,,0.946969696969697,"2026-09-12","2026-09-13 14:11:19 UTC"
"679822","Justin Foscue","Texas Rangers",272,0,0,0.0112944754198969,0.00206516442438256,-3.07209731421197,-1.75,,,,,,,,,0.885993485342019,"2026-09-12","2026-09-13 14:11:19 UTC"
"679845","Nick Loftin","Kansas City Royals",519,3,0.00578034682080925,0.00934987189693508,0.00602680712333726,-1.85258351450931,-0.455810458214741,3,3,1,0.865377432604074,0.884495987295911,0.403867702187777,0.176131820907552,0.262514006422055,0.936823104693141,"2026-09-12","2026-09-13 14:11:19 UTC"
"680474","Max Schuemann","New York Yankees",163,4,0.0245398773006135,0.0130664938077672,0.0216913844142642,1.87016150933394,0.542627454035729,4,3,0.75,0.852007036599008,0.833899544552242,-0.408028146396031,-0.140050860840641,-0.26521829515742,0.823232323232323,"2026-09-12","2026-09-13 14:11:19 UTC"
"680574","Matt McLain","Cincinnati Reds",602,15,0.0249169435215947,0.0125077783169583,0.0230465027059278,7.47031745319109,0.66456777388997,15,14,0.933333333333333,0.840768512827223,0.882370700455068,1.38847230759166,0.355718888077067,0.902506999934577,0.945054945054945,"2026-09-12","2026-09-13 14:11:19 UTC"
"680577","DaShawn Keirsey Jr.","Atlanta Braves",5,0,0,0.00582980146682914,0.00510158080017952,-0.0291490073341457,-0.134286818954101,,,,,,,,,0.125,"2026-09-12","2026-09-13 14:11:19 UTC"
"680664","Eduardo Valencia","Detroit Tigers",137,0,0,0.00662890758327984,0.00136166877264325,-0.908160338909339,-1.59751433150532,,,,,,,,,0.796511627906977,"2026-09-12","2026-09-13 14:11:19 UTC"
"680700","Richie Palacios","Tampa Bay Rays",414,11,0.0265700483091787,0.0120728014909587,0.0241638332194392,6.00186018274308,0.747066736602443,11,9,0.818181818181818,0.838304814104697,0.830862678820823,-0.221352955151669,-0.0552292116700357,-0.143879420848585,0.922048997772829,"2026-09-12","2026-09-13 14:11:19 UTC"
"680716","Jonathan Ornelas","Athletics",12,0,0,0.0160556855086991,0.0122187941799214,-0.19266822610439,-0.29904097318065,,,,,,,,,0.25531914893617,"2026-09-12","2026-09-13 14:11:19 UTC"
"680718","Addison Barger","Toronto Blue Jays",25,0,0,0.00694799886334318,0.00407041437598695,-0.173699971583579,-0.541922342464296,,,,,,,,,0.416666666666667,"2026-09-12","2026-09-13 14:11:19 UTC"
"680728","Adrian Del Castillo","Arizona Diamondbacks",263,1,0.00380228136882129,0.0124934477546895,0.00487282501911427,-2.28577675948333,-0.970464652970816,1,1,1,0.861383284814432,0.868678968873585,0.138616715185568,0.0625017983827263,0.0901008648706191,0.88255033557047,"2026-09-12","2026-09-13 14:11:19 UTC"
"680737","Michael Helman","Texas Rangers",18,0,0,0.00675716480485398,0.00447947662553458,-0.121628966487372,-0.41726301506998,,,,,,,,,0.339622641509434,"2026-09-12","2026-09-13 14:11:19 UTC"
"680757","Steven Kwan","Cleveland Guardians",1008,6,0.00595238095238095,0.0103065029164077,0.00614786098350241,-4.388954939739,-0.539946352323831,6,4,0.666666666666667,0.849818470199158,0.804729962164064,-1.09891082119495,-0.321447466244025,-0.714292033776717,0.966442953020134,"2026-09-12","2026-09-13 14:11:19 UTC"
"680776","Jarren Duran","Boston Red Sox",642,16,0.0249221183800623,0.0109603313259586,0.0228704681113755,8.96346728873455,0.793755384466508,16,15,0.9375,0.818995327020149,0.874301111723862,1.89607476767762,0.434216493563016,1.23244859899045,0.948301329394387,"2026-09-12","2026-09-13 14:11:19 UTC"
"680777","Ryan Jeffers","Minnesota Twins",457,1,0.00218818380743982,0.0105182622163104,0.00291258835221256,-3.80684583285384,-1.34684321995657,1,1,1,0.860093500892498,0.867457210327764,0.139906499107502,0.0625938817847798,0.0909392244198761,0.928861788617886,"2026-09-12","2026-09-13 14:11:19 UTC"
"680779","Henry Davis","Pittsburgh Pirates",328,2,0.00609756097560976,0.011619202780946,0.00670621952136087,-1.81109851215029,-0.576482102257732,2,2,1,0.846837035942765,0.86206825972512,0.30632592811447,0.123288818801909,0.199111853274405,0.903581267217631,"2026-09-12","2026-09-13 14:11:19 UTC"
"680869","Zack Gelof","Athletics",431,10,0.0232018561484919,0.0116289821193027,0.0213624407443026,4.98790870658056,0.658069962311488,10,8,0.8,0.862218354510146,0.840541493709946,-0.622183545101459,-0.175589670068879,-0.404419304315948,0.924892703862661,"2026-09-12","2026-09-13 14:11:19 UTC"
"680977","Brendan Donovan","Seattle Mariners",382,2,0.00523560209424084,0.0127436660667122,0.0059765931063622,-2.86808043748406,-0.793560187838513,2,1,0.5,0.873742506259422,0.836385295079676,-0.747485012518844,-0.302998984860678,-0.485865258137249,0.916067146282974,"2026-09-12","2026-09-13 14:11:19 UTC"
"681047","Christian Franklin","Baltimore Orioles",48,2,0.0416666666666667,0.00849699940470908,0.025512245675482,1.59214402857396,1.19262599358995,2,2,1,0.863724081724649,0.877335582377207,0.272551836550703,0.121015931441872,0.177158693757957,0.578313253012048,"2026-09-12","2026-09-13 14:11:19 UTC"
"681082","Bryson Stott","Philadelphia Phillies",762,17,0.0223097112860892,0.011133197506485,0.0206154215192181,8.5165035000584,0.673304868171859,17,17,1,0.853579537833785,0.924533110539645,2.48914785682565,0.7450139968517,1.61794610693667,0.956085319949812,"2026-09-12","2026-09-13 14:11:19 UTC"
"681146","Jonah Bride","Texas Rangers",18,0,0,0.00846685101838284,0.00561192423011067,-0.152403318330891,-0.417877436033021,,,,,,,,,0.339622641509434,"2026-09-12","2026-09-13 14:11:19 UTC"
"681198","TJ Rumfield","Colorado Rockies",966,0,0,0.0100901969018563,0.00183072254293991,-9.74713020719322,-1.75,,,,,,,,,0.965034965034965,"2026-09-12","2026-09-13 14:11:19 UTC"
"681297","Colton Cowser","Baltimore Orioles",398,10,0.0251256281407035,0.0108848286894122,0.022554169084163,5.66783818161396,0.790408677556249,10,7,0.7,0.839824885604098,0.791387647495637,-1.39824885604098,-0.332612193142551,-0.90886175642664,0.919168591224019,"2026-09-12","2026-09-13 14:11:19 UTC"
"681351","Logan O'Hoppe","Los Angeles Angels",329,0,0,0.0129747419456764,0.00241874630914516,-4.26869010012753,-1.75,,,,,,,,,0.903846153846154,"2026-09-12","2026-09-13 14:11:19 UTC"
"681393","Connor Norby","Miami Marlins",375,7,0.0186666666666667,0.0109001920147728,0.0173700380668598,2.9124279944602,0.504046083148151,7,5,0.714285714285714,0.807889283697084,0.782421701823461,-0.655224985879586,-0.160831929946528,-0.425896240821731,0.914634146341463,"2026-09-12","2026-09-13 14:11:19 UTC"
"681481","Kerry Carpenter","Detroit Tigers",306,0,0,0.0129116117562178,0.00236652216093344,-3.95095319740266,-1.75,,,,,,,,,0.897360703812317,"2026-09-12","2026-09-13 14:11:19 UTC"
"681508","Mickey Gasper","Boston Red Sox",375,2,0.00533333333333333,0.0132334942022325,0.00614234223499955,-2.9625603258372,-0.805716714810132,2,1,0.5,0.856735500777656,0.821065854266438,-0.713471001555312,-0.264853151060918,-0.463756151010953,0.914634146341463,"2026-09-12","2026-09-13 14:11:19 UTC"
"681546","James Outman","Minnesota Twins",209,3,0.0143540669856459,0.0101019772497575,0.0133115921590757,0.888686754800688,0.303549836256787,3,2,0.666666666666667,0.825528773829937,0.802931134857916,-0.47658632148981,-0.150124260189977,-0.309781108968376,0.85655737704918,"2026-09-12","2026-09-13 14:11:19 UTC"
"681624","Andy Pages","Los Angeles Dodgers",741,17,0.0229419703103914,0.0127509721935531,0.0215896784012314,7.55152960457712,0.567463121527791,17,11,0.647058823529412,0.815879473244382,0.735374726428956,-2.8699510451545,-0.474184572222234,-1.86546817935043,0.954896907216495,"2026-09-12","2026-09-13 14:11:19 UTC"
"681715","Heriberto Hernández","Miami Marlins",455,5,0.010989010989011,0.0122983483434651,0.0110770564736443,-0.595748496276619,-0.112328891872457,5,5,1,0.815449338319429,0.854793971451211,0.922753308402857,0.293155016211373,0.599789650461857,0.928571428571429,"2026-09-12","2026-09-13 14:11:19 UTC"
"681807","David Fry","Cleveland Guardians",242,0,0,0.0134035729082478,0.00245879818861166,-3.24366464379597,-1.75,,,,,,,,,0.873646209386282,"2026-09-12","2026-09-13 14:11:19 UTC"
"681909","Justin Dean","Chicago Cubs",22,0,0,0.013206219108697,0.00821979400937933,-0.290536820391334,-0.492896577242642,,,,,,,,,0.385964912280702,"2026-09-12","2026-09-13 14:11:19 UTC"
"681987","Nate Eaton","Boston Red Sox",36,1,0.0277777777777778,0.0118654550433297,0.0191610174824214,0.572843618440131,0.512854151125425,1,1,1,0.851534106579444,0.859348369317188,0.148465893420556,0.063203967094315,0.0965028307233612,0.507042253521127,"2026-09-12","2026-09-13 14:11:19 UTC"
"682177","Daniel Schneemann","Cleveland Guardians",291,4,0.013745704467354,0.0096178256472772,0.0130091075705456,1.20121273664234,0.321014760301308,4,4,1,0.855807897446188,0.881902363437763,0.576768410215248,0.230846963421028,0.374899466639911,0.892638036809816,"2026-09-12","2026-09-13 14:11:19 UTC"
"682515","Logan Porter","Los Angeles Angels",25,0,0,0.00513465872032494,0.00300271473104229,-0.128366468008124,-0.541152220121006,,,,,,,,,0.416666666666667,"2026-09-12","2026-09-13 14:11:19 UTC"
"682622","Noelvi Marte","Cincinnati Reds",258,6,0.0232558139534884,0.00924322225184506,0.0206600238186579,3.61524865902397,0.849974818535223,6,6,1,0.82000840611934,0.864542919428389,1.07994956328396,0.341106348439592,0.701967216134573,0.880546075085324,"2026-09-12","2026-09-13 14:11:19 UTC"
"682626","Francisco Alvarez","New York Mets",392,0,0,0.0126735599069011,0.00230626599625386,-4.96803548350525,-1.75,,,,,,,,,0.918032786885246,"2026-09-12","2026-09-13 14:11:19 UTC"
"682634","Kevin Alcántara","Chicago Cubs",62,0,0,0.00914831386076099,0.00335255652548295,-0.567195459367181,-1.02534524314853,,,,,,,,,0.639175257731959,"2026-09-12","2026-09-13 14:11:19 UTC"
"682641","Luis Matos","Milwaukee Brewers",21,0,0,0.00768411897815366,0.00482305825399696,-0.161366498541227,-0.472947343325124,,,,,,,,,0.375,"2026-09-12","2026-09-13 14:11:19 UTC"
"682657","Angel Martínez","Cleveland Guardians",428,10,0.0233644859813084,0.0131435964909932,0.021760346574793,4.37454070185493,0.541535596069349,10,9,0.9,0.84251422753147,0.862601679044233,0.5748577246853,0.163785130405939,0.373657521045445,0.924406047516199,"2026-09-12","2026-09-13 14:11:19 UTC"
"682663","Agustín Ramírez","Miami Marlins",293,4,0.0136518771331058,0.0101428156669305,0.0129842299960146,1.02815500958935,0.261647323374047,4,3,0.75,0.827878951791478,0.813764818622523,-0.311515807165913,-0.096292997188324,-0.202485274657844,0.893292682926829,"2026-09-12","2026-09-13 14:11:19 UTC"
"682668","Luisangel Acuña","Chicago White Sox",355,15,0.0422535211267606,0.0102020934809897,0.0345667015572321,11.3782568142486,1.37155679871153,15,12,0.8,0.838349654614518,0.821305540453709,-0.575244819217778,-0.12335979422091,-0.373909132491556,0.91025641025641,"2026-09-12","2026-09-13 14:11:19 UTC"
"682674","Victor Bericoto","San Francisco Giants",36,0,0,0.0123323499018499,0.00618395177859322,-0.443964596466596,-0.713662337238214,,,,,,,,,0.507042253521127,"2026-09-12","2026-09-13 14:11:19 UTC"
"682729","Jonatan Clase","Toronto Blue Jays",18,0,0,0.010701102338928,0.00709757457390937,-0.192619842100704,-0.418705142653251,,,,,,,,,0.339622641509434,"2026-09-12","2026-09-13 14:11:19 UTC"
"682818","Yohendrick Piñango","Toronto Blue Jays",200,0,0,0.0138915556928623,0.0026157784974945,-2.77831113857246,-1.75,,,,,,,,,0.851063829787234,"2026-09-12","2026-09-13 14:11:19 UTC"
"682829","Elly De La Cruz","Cincinnati Reds",852,22,0.0258215962441315,0.0153315577139422,0.0242970797954916,8.93751282772123,0.507614345258528,22,17,0.772727272727273,0.837562955250306,0.802475475900859,-1.42638501550673,-0.241910290629168,-0.927150260079378,0.96054114994363,"2026-09-12","2026-09-13 14:11:19 UTC"
"682848","Endy Rodríguez","Pittsburgh Pirates",237,6,0.0253164556962025,0.0110728538801197,0.0224053161407346,3.37573363041164,0.754501882291965,6,5,0.833333333333333,0.826869142925746,0.828459775334151,0.038785142445523,0.011369636095683,0.02521034258959,0.871323529411765,"2026-09-12","2026-09-13 14:11:19 UTC"
"682877","Juan Brito","Cleveland Guardians",62,0,0,0.00843918180540463,0.00309237804028309,-0.523229271935087,-1.0248397459835,,,,,,,,,0.639175257731959,"2026-09-12","2026-09-13 14:11:19 UTC"
"682927","Ronny Simon","Pittsburgh Pirates",52,1,0.0192307692307692,0.0115597822551165,0.0158721391374194,0.398891322733943,0.330026095237148,1,1,1,0.885540900870711,0.891565152314592,0.114459099129289,0.0608479064530481,0.0743984144340377,0.597701149425287,"2026-09-12","2026-09-13 14:11:19 UTC"
"682928","CJ Abrams","Washington Nationals",797,24,0.0301129234629862,0.0103053796531672,0.0265454205138911,15.7866124164257,1.0535417820713,24,21,0.875,0.842679150064559,0.86089499704068,0.775700398450575,0.146624465244128,0.504205258992874,0.957932692307692,"2026-09-12","2026-09-13 14:11:19 UTC"
"682985","Riley Greene","Detroit Tigers",776,1,0.00128865979381443,0.0125568885310587,0.00228462910633379,-8.74414550010154,-1.75,1,1,1,0.863599441617586,0.870778616521655,0.136400558382414,0.0623474755249309,0.088660362948569,0.956843403205919,"2026-09-12","2026-09-13 14:11:19 UTC"
"682987","Spencer Jones","New York Yankees",430,5,0.0116279069767442,0.0122251992974909,0.0115987694635036,-0.256835697921075,-0.0558494001651901,5,5,1,0.851843802566236,0.88350663619516,0.740780987168821,0.282240160012279,0.481507641659734,0.924731182795699,"2026-09-12","2026-09-13 14:11:19 UTC"
"682988","Tyler Locklear","Arizona Diamondbacks",56,1,0.0178571428571429,0.00669679185391233,0.0130754331407237,0.62497965618091,0.697995792219664,1,1,1,0.84726035526461,0.855299242192344,0.15273964473539,0.0635102987485805,0.0992807690780038,0.615384615384615,"2026-09-12","2026-09-13 14:11:19 UTC"
"682989","Victor Mederos","Atlanta Braves",3,0,0,0.00573237355593527,0.00527989830559079,-0.0171971206678058,-0.0827100564189225,,,,,,,,,0.0789473684210526,"2026-09-12","2026-09-13 14:11:19 UTC"
"682997","Tyler Callihan","Pittsburgh Pirates",91,1,0.010989010989011,0.00597285164636783,0.00939975648838413,0.456470500180527,0.46453070512341,1,1,1,0.858736592339674,0.866171571487648,0.141263407660326,0.0626884697097847,0.0918212149792117,0.722222222222222,"2026-09-12","2026-09-13 14:11:19 UTC"
"682998","Corbin Carroll","Arizona Diamondbacks",659,17,0.0257966616084977,0.0107974949248442,0.0236349616054702,9.88445084452765,0.847426427314823,17,15,0.882352941176471,0.847445188505279,0.864218159884396,0.593431795410265,0.137675371726472,0.385730667016672,0.949567723342939,"2026-09-12","2026-09-13 14:11:19 UTC"
"683002","Gunnar Henderson","Baltimore Orioles",796,8,0.0100502512562814,0.0121619955977673,0.0101551844320707,-1.68094849582279,-0.192507689914469,8,6,0.75,0.842176269970715,0.814335057947767,-0.737410159765721,-0.199476369474552,-0.479316603847719,0.957882069795427,"2026-09-12","2026-09-13 14:11:19 UTC"
"683011","Anthony Volpe","New York Yankees",254,9,0.0354330708661417,0.0123429379541051,0.0300866575634529,5.86489375965731,0.987239323616171,9,7,0.777777777777778,0.820081835875662,0.806363789391762,-0.380736522880959,-0.0927787993166995,-0.247478739872623,0.878892733564014,"2026-09-12","2026-09-13 14:11:19 UTC"
"683021","Michael Stefanic","Athletics",40,0,0,0.0268722546979772,0.0134308763584763,-1.07489018791909,-0.776832712594815,,,,,,,,,0.533333333333333,"2026-09-12","2026-09-13 14:11:19 UTC"
"683079","Omar Martinez","Los Angeles Angels",5,0,0,0.0100727269106461,0.00881858531667982,-0.0503636345532305,-0.134787598906744,,,,,,,,,0.125,"2026-09-12","2026-09-13 14:11:19 UTC"
"683083","Nasim Nuñez","Washington Nationals",588,38,0.0646258503401361,0.0109473027451399,0.0517725631338678,31.5629859858577,1.75,38,35,0.921052631578947,0.830497898643284,0.891248543604481,3.4410798515552,0.521666021650078,2.23670190351088,0.943820224719101,"2026-09-12","2026-09-13 14:11:19 UTC"
"683090","Matthew Lugo","Kansas City Royals",2,0,0,0.00384585897018257,0.00363803431005443,-0.00769171794036514,-0.0557711154964009,,,,,,,,,0.0540540540540541,"2026-09-12","2026-09-13 14:11:19 UTC"
"683146","Brett Baty","New York Mets",519,5,0.00963391136801541,0.0122528759644164,0.00979115247572062,-1.35924262553211,-0.23494355619149,5,5,1,0.826480462923243,0.863400978146491,0.867597685383786,0.28975840911005,0.563938495499461,0.936823104693141,"2026-09-12","2026-09-13 14:11:19 UTC"
"683227","Cody Freeman","Texas Rangers",141,2,0.0141843971631206,0.0134033219734227,0.0139420947143105,0.1101316017474,0.0426342850047483,2,1,0.5,0.855736650574343,0.820221274404042,-0.711473301148687,-0.262881456255789,-0.462457645746646,0.801136363636364,"2026-09-12","2026-09-13 14:11:19 UTC"
"683357","Owen Caissie","Miami Marlins",411,4,0.0097323600973236,0.0124458606079754,0.00997531244444846,-1.11524870987791,-0.234022647716707,4,4,1,0.835531555183055,0.865144272144343,0.65787377926778,0.23584043346401,0.427617956524057,0.92152466367713,"2026-09-12","2026-09-13 14:11:19 UTC"
"683679","Jesus Rodriguez","San Francisco Giants",64,1,0.015625,0.0137207793954533,0.0148000493248792,0.121870118690986,0.0801915546455696,1,0,0,0.808328598875397,0.7657849739629,-0.808328598875397,-0.254524394892456,-0.525413589269008,0.646464646464647,"2026-09-12","2026-09-13 14:11:19 UTC"
"683734","Andrew Vaughn","Milwaukee Brewers",571,2,0.00350262697022767,0.0118649597489373,0.0040817808531109,-4.77489201664321,-1.10823386372694,2,1,0.5,0.805709018828094,0.775733749338549,-0.611418037656188,-0.184803010403584,-0.397421724476522,0.942244224422442,"2026-09-12","2026-09-13 14:11:19 UTC"
"683737","Michael Busch","Chicago Cubs",828,1,0.00120772946859903,0.0104505477387942,0.00192279436625257,-7.65305352772162,-1.75,1,1,1,0.8812074635721,0.887459778312839,0.1187925364279,0.0611380118558249,0.0772151486781352,0.959443800695249,"2026-09-12","2026-09-13 14:11:19 UTC"
"683748","Victor Mesa Jr.","Tampa Bay Rays",207,7,0.0338164251207729,0.0110338875003997,0.0276191626385762,4.71598528741726,1.0265983540959,7,7,1,0.838184439658777,0.883004316706967,1.13270892238856,0.381152815324102,0.736260799552564,0.855371900826446,"2026-09-12","2026-09-13 14:11:19 UTC"
"683766","Christian Koss","San Francisco Giants",267,2,0.00749063670411985,0.00980056768718381,0.00778298596423859,-0.616751572478077,-0.243099179670559,2,2,1,0.840837109317159,0.856399436296327,0.318325781365682,0.124114195887046,0.206911757887694,0.884105960264901,"2026-09-12","2026-09-13 14:11:19 UTC"
"683953","Travis Bazzana","Cleveland Guardians",690,21,0.0304347826086957,0.0111077097750725,0.027428273963855,13.3356802552,0.985833946742378,21,15,0.714285714285714,0.827290685466042,0.768159456073069,-2.37310439478688,-0.378144517595311,-1.54251785661148,0.951724137931034,"2026-09-12","2026-09-13 14:11:19 UTC"
"685133","Wade Meckler","Los Angeles Angels",501,6,0.0119760479041916,0.0114403914353184,0.0117896108207601,0.268363890905487,0.0321856981681536,6,5,0.833333333333333,0.828781273140438,0.829900166646302,0.0273123611573699,0.00807164759711876,0.0177530347522904,0.934701492537313,"2026-09-12","2026-09-13 14:11:19 UTC"
"686217","Sal Frelick","Milwaukee Brewers",508,5,0.00984251968503937,0.0101282662665052,0.00978718254395639,-0.145159263384657,-0.0363693689568194,5,5,1,0.842279938477076,0.876005935103297,0.78860030761462,0.285027460114776,0.512590199949503,0.935543278084715,"2026-09-12","2026-09-13 14:11:19 UTC"
"686452","Drew Millas","Washington Nationals",192,1,0.00520833333333333,0.00989895626899938,0.00599088418344434,-0.90059960364788,-0.525462831572622,1,0,0,0.789373013165199,0.747830544702985,-0.789373013165199,-0.234075137407846,-0.51309245855738,0.845814977973568,"2026-09-12","2026-09-13 14:11:19 UTC"
"686469","Vinnie Pasquantino","Kansas City Royals",624,4,0.00641025641025641,0.0122220763736038,0.00684036965232624,-3.62657565712877,-0.613147878989586,4,4,1,0.846632106262194,0.874361750473552,0.613471574951223,0.233079837196906,0.398756523718295,0.946889226100152,"2026-09-12","2026-09-13 14:11:19 UTC"
"686475","Tyler Tolbert","Kansas City Royals",246,11,0.0447154471544715,0.00842804590082074,0.0357314653508146,8.9267007083981,1.5878892347644,11,10,0.909090909090909,0.813252587604128,0.848557367121112,1.05422153635459,0.260244115049626,0.685243998630486,0.875444839857651,"2026-09-12","2026-09-13 14:11:19 UTC"
"686527","Dominic Canzone","Seattle Mariners",555,2,0.0036036036036036,0.0120715978254832,0.00420428615123978,-4.69973679314316,-1.09718148164151,2,2,1,0.818464125347422,0.836190038393494,0.363071749305155,0.127299763435172,0.235996637048351,0.940677966101695,"2026-09-12","2026-09-13 14:11:19 UTC"
"686554","Oliver Dunn","Tampa Bay Rays",8,0,0,0.000985506327057517,0.000802220958291372,-0.00788405061646014,-0.206036442458779,,,,,,,,,0.186046511627907,"2026-09-12","2026-09-13 14:11:19 UTC"
"686555","Isaac Collins","Kansas City Royals",607,10,0.0164744645799012,0.0130240588000284,0.0159693302173854,2.09439630838277,0.2209187231758,10,6,0.6,0.839088712964193,0.755185930550872,-2.39088712964193,-0.532971001986738,-1.55407663426725,0.945482866043614,"2026-09-12","2026-09-13 14:11:19 UTC"
"686611","Dylan Crews","Washington Nationals",400,9,0.0225,0.0111010280733719,0.020639676191294,4.55958877065122,0.664440793869186,9,9,1,0.825706860157344,0.88276977500971,1.56863825858391,0.47346835048678,1.01961486807954,0.919540229885057,"2026-09-12","2026-09-13 14:11:19 UTC"
"686668","Brenton Doyle","Colorado Rockies",236,13,0.0550847457627119,0.0153400022224507,0.0443510389092447,9.37975947550163,1.20298440000402,13,12,0.923076923076923,0.833343236872312,0.870715964177375,1.16653792065995,0.300124979913143,0.758249648428967,0.870848708487085,"2026-09-12","2026-09-13 14:11:19 UTC"
"686681","Michael Massey","Kansas City Royals",525,3,0.00571428571428571,0.011582642001193,0.00617722869868852,-3.08088705062633,-0.6605891180223,3,3,1,0.845568077860969,0.867543912384571,0.463295766417094,0.179912528242021,0.301142248171111,0.9375,"2026-09-12","2026-09-13 14:11:19 UTC"
"686765","Nick Sogard","Boston Red Sox",354,0,0,0.00938302544080713,0.00170668166848495,-3.32159100604572,-1.75,,,,,,,,,0.910025706940874,"2026-09-12","2026-09-13 14:11:19 UTC"
"686780","Pedro Pagés","St. Louis Cardinals",219,2,0.0091324200913242,0.0104992461289737,0.00932508097534394,-0.299334902245242,-0.124946010757763,2,2,1,0.792134465113517,0.812523074063158,0.415731069772966,0.131268320697939,0.270225195352428,0.862204724409449,"2026-09-12","2026-09-13 14:11:19 UTC"
"686797","Brooks Lee","Minnesota Twins",691,7,0.0101302460202605,0.010462763689913,0.0100170757034109,-0.22976970972986,-0.0458207851396679,7,5,0.714285714285714,0.816305106760481,0.788626363450749,-0.714135747323369,-0.180115029362297,-0.46418823576019,0.951790633608815,"2026-09-12","2026-09-13 14:11:19 UTC"
"686823","Will Brennan","San Francisco Giants",14,0,0,0.00183048042170618,0.00130857460661463,-0.0256267259038865,-0.337000275267187,,,,,,,,,0.285714285714286,"2026-09-12","2026-09-13 14:11:19 UTC"
"686894","Joey Wiemer","Washington Nationals",127,1,0.0078740157480315,0.00843162112124125,0.00797636874821794,-0.0708158823976384,-0.0579513627250661,1,1,1,0.898539629339011,0.903879671293034,0.101460370660989,0.0599928879812417,0.0659492409296427,0.783950617283951,"2026-09-12","2026-09-13 14:11:19 UTC"
"686948","Drake Baldwin","Atlanta Braves",804,1,0.00124378109452736,0.0133975799150384,0.00245333906190259,-9.77165425169084,-1.75,1,1,1,0.881324877707277,0.887571006290391,0.118675122292723,0.0611300466810327,0.0771388294902703,0.958283671036949,"2026-09-12","2026-09-13 14:11:19 UTC"
"687093","Vaughn Grissom","Los Angeles Angels",538,1,0.00185873605947955,0.0121827077710106,0.00256273325186141,-5.55429678080368,-1.60812270719139,1,1,1,0.781260300565135,0.792773046595277,0.218739699434865,0.0686964489217616,0.142180804632663,0.93891797556719,"2026-09-12","2026-09-13 14:11:19 UTC"
"687221","Dalton Rushing","Los Angeles Dodgers",259,0,0,0.0132728506541369,0.0024623235149791,-3.43766831942145,-1.75,,,,,,,,,0.880952380952381,"2026-09-12","2026-09-13 14:11:19 UTC"
"687231","Darell Hernaiz","Athletics",182,2,0.010989010989011,0.0125476012825998,0.0111500296994565,-0.283663433433157,-0.12452952555177,2,2,1,0.858570481350223,0.872612695566956,0.282859037299554,0.121700809412831,0.18385837424471,0.838709677419355,"2026-09-12","2026-09-13 14:11:19 UTC"
"687263","Zach Neto","Los Angeles Angels",945,26,0.0275132275132275,0.0115670723253637,0.0250238944762367,15.0691166525313,0.852486716548617,26,19,0.730769230769231,0.823084700988334,0.770119805387482,-2.40020222569668,-0.337249621959893,-1.56013144670284,0.964285714285714,"2026-09-12","2026-09-13 14:11:19 UTC"
"687282","Gabriel Rincones Jr.","Philadelphia Phillies",34,0,0,0.00338800738879905,0.00172125449791124,-0.115192251219168,-0.680435194513494,,,,,,,,,0.492753623188406,"2026-09-12","2026-09-13 14:11:19 UTC"
"687363","Victor Scott II","St. Louis Cardinals",258,10,0.0387596899224806,0.010988632084497,0.032095753086678,7.16493292219978,1.19096822638689,10,7,0.7,0.815308868671555,0.776007413178422,-1.15308868671555,-0.253061852758151,-0.749507646365106,0.880546075085324,"2026-09-12","2026-09-13 14:11:19 UTC"
"687401","Joey Ortiz","Milwaukee Brewers",483,6,0.0124223602484472,0.0106607439341461,0.0120800987150214,0.85086067980741,0.131700809235173,6,5,0.833333333333333,0.855453842762903,0.850084371381878,-0.132723056577418,-0.043993872549696,-0.0862699867753219,0.932432432432432,"2026-09-12","2026-09-13 14:11:19 UTC"
"687462","Spencer Horwitz","Pittsburgh Pirates",671,2,0.0029806259314456,0.0152946220303897,0.00373602908460723,-8.26269138239146,-1.46823313413759,2,1,0.5,0.810659381564902,0.780812727894832,-0.621318763129804,-0.19096101323238,-0.403857196034373,0.95042492917847,"2026-09-12","2026-09-13 14:11:19 UTC"
"687515","Colby Thomas","Athletics",131,0,0,0.0116334189953974,0.00249853690986754,-1.52397788839706,-1.56601769243208,,,,,,,,,0.789156626506024,"2026-09-12","2026-09-13 14:11:19 UTC"
"687529","Grant McCray","San Francisco Giants",64,2,0.03125,0.0265515986160337,0.0290548343065668,0.300697688573841,0.106557820590498,2,2,1,0.85199321036164,0.866522213824914,0.29601357927672,0.122585391316697,0.192408826529868,0.646464646464647,"2026-09-12","2026-09-13 14:11:19 UTC"
"687551","Drew Gilbert","San Francisco Giants",536,5,0.00932835820895522,0.0134484995561451,0.00965328311245606,-2.20839576209375,-0.352389160182861,5,2,0.4,0.837511472329646,0.744463994694702,-2.18755736164823,-0.581306656709607,-1.42191228507135,0.938704028021016,"2026-09-12","2026-09-13 14:11:19 UTC"
"687597","Jordan Beck","Colorado Rockies",220,2,0.00909090909090909,0.0135954421314679,0.00975206887124574,-0.990997268922943,-0.350186777396106,2,1,0.5,0.861354394171878,0.825239568026778,-0.722708788343755,-0.274440142376552,-0.469760712423441,0.862745098039216,"2026-09-12","2026-09-13 14:11:19 UTC"
"687605","Andrew Pinckney","Washington Nationals",37,0,0,0.0174737204329507,0.00868975376737055,-0.646527656019177,-0.73042170749811,,,,,,,,,0.513888888888889,"2026-09-12","2026-09-13 14:11:19 UTC"
"687637","Dylan Beavers","Baltimore Orioles",369,8,0.021680216802168,0.0114161970539262,0.0197096412527818,3.78742328710125,0.601286399795583,8,5,0.625,0.83350728013932,0.770503542706392,-1.66805824111456,-0.405989103300006,-1.08423785672446,0.913366336633663,"2026-09-12","2026-09-13 14:11:19 UTC"
"687749","Jase Bowen","San Diego Padres",81,3,0.037037037037037,0.00572963715749857,0.0248495659824907,2.53589939024262,1.58435246799854,3,2,0.666666666666667,0.821749317160874,0.799981341590185,-0.465247951482623,-0.144450793580821,-0.302411168463705,0.698275862068966,"2026-09-12","2026-09-13 14:11:19 UTC"
"687859","Troy Johnston","Colorado Rockies",538,6,0.0111524163568773,0.00997029907754425,0.010916925267966,0.635979096281196,0.0963540779468044,6,3,0.5,0.8281422890911,0.747270319280499,-1.9688537345466,-0.494518991467381,-1.27975492745529,0.93891797556719,"2026-09-12","2026-09-13 14:11:19 UTC"
"687952","Christian Encarnacion-Strand","Baltimore Orioles",221,2,0.00904977375565611,0.0136766347230192,0.00983737610376531,-1.02253627378725,-0.354789086571374,2,1,0.5,0.868600654050802,0.832334388344968,-0.737201308101603,-0.290617256260869,-0.479180850266042,0.86328125,"2026-09-12","2026-09-13 14:11:19 UTC"
"687957","Dustin Harris","Chicago White Sox",149,6,0.0402684563758389,0.00969946546811638,0.0313346321903622,4.55477964525066,1.2760778438421,6,6,1,0.79585247292896,0.846294942899957,1.22488516242624,0.349844182945287,0.796175355577056,0.809782608695652,"2026-09-12","2026-09-13 14:11:19 UTC"
"688363","Graham Pauley","Miami Marlins",209,2,0.00956937799043062,0.00950860820651355,0.00950534940870433,0.0127008848386675,-0.000356714574877515,2,1,0.5,0.793986188656079,0.765599596660065,-0.587972377312159,-0.171114975074525,-0.382182045252903,0.85655737704918,"2026-09-12","2026-09-13 14:11:19 UTC"
"689414","Liam Hicks","Miami Marlins",718,2,0.00278551532033426,0.0114423204373459,0.0032560132179131,-6.21558607401436,-1.29575180220418,2,2,1,0.833888481531478,0.850420144140723,0.332223036937045,0.125087001420787,0.215944974009079,0.953519256308101,"2026-09-12","2026-09-13 14:11:19 UTC"
"690022","Ryan Ritter","Colorado Rockies",12,0,0,0.00769834590869048,0.00573805046985637,-0.0923801509042857,-0.296775684380885,,,,,,,,,0.25531914893617,"2026-09-12","2026-09-13 14:11:19 UTC"
"690291","Jace Jung","Detroit Tigers",1,0,0,0.00572478903610876,0.00556579791556304,-0.00572478903610876,-0.0283252374384988,,,,,,,,,0.0277777777777778,"2026-09-12","2026-09-13 14:11:19 UTC"
"690924","Braxton Fulford","Colorado Rockies",120,4,0.0333333333333333,0.0106380532354597,0.0263175751392544,2.72343361174484,0.982561831770779,4,4,1,0.842542455333517,0.871006177078711,0.629830178665933,0.234088359067961,0.409389616132857,0.774193548387097,"2026-09-12","2026-09-13 14:11:19 UTC"
"690976","Alex Freeland","Los Angeles Dodgers",405,3,0.00740740740740741,0.0110663822306209,0.00780564688253923,-1.48188480340147,-0.375683787085182,3,3,1,0.892155867977229,0.907542066874866,0.323532396068312,0.171273267268631,0.210296057444403,0.920454545454545,"2026-09-12","2026-09-13 14:11:19 UTC"
"690984","Petey Halpin","Cleveland Guardians",227,7,0.0308370044052863,0.0119821687189655,0.0265922088066999,4.28004770079484,0.867854276478394,7,6,0.857142857142857,0.810559440686919,0.823290370747885,0.32608391519157,0.087316877221467,0.211954544874521,0.866412213740458,"2026-09-12","2026-09-13 14:11:19 UTC"
"690993","Colt Keith","Detroit Tigers",501,5,0.00998003992015968,0.0113727694349528,0.0100113123284794,-0.697757486911338,-0.134341122952734,5,5,1,0.868590725992594,0.896973960668891,0.657046370037028,0.2774865747126,0.427080140524068,0.934701492537313,"2026-09-12","2026-09-13 14:11:19 UTC"
"691002","Yohandy Morales","Washington Nationals",35,0,0,0.00852085612932912,0.0043201069350915,-0.298229964526519,-0.697500871510403,,,,,,,,,0.5,"2026-09-12","2026-09-13 14:11:19 UTC"
"691011","Drew Romo","Chicago White Sox",232,1,0.00431034482758621,0.00857846599168972,0.00490412308565148,-0.990204110072014,-0.576164084079575,1,1,1,0.821817353888546,0.83119549444657,0.178182646111454,0.0654146985651822,0.115818719972445,0.868913857677903,"2026-09-12","2026-09-13 14:11:19 UTC"
"691016","Tyler Soderstrom","Athletics",564,1,0.00177304964539007,0.0107287172596022,0.00236484975515124,-5.05099653441565,-1.5603622238362,1,1,1,0.822759498411606,0.832088244140093,0.177240501588394,0.0653435630536945,0.115206326032456,0.941569282136895,"2026-09-12","2026-09-13 14:11:19 UTC"
"691019","Kyle Teel","Chicago White Sox",67,0,0,0.00628795049020699,0.00217583466462821,-0.421292682843868,-1.07383207980453,,,,,,,,,0.656862745098039,"2026-09-12","2026-09-13 14:11:19 UTC"
"691023","Jordan Walker","St. Louis Cardinals",839,21,0.0250297973778308,0.0106009246665954,0.0230095971725152,12.1058242047264,0.843191819238372,21,18,0.857142857142857,0.81952393414003,0.839233030966066,0.789997383059377,0.14353319554031,0.513498298988595,0.959954233409611,"2026-09-12","2026-09-13 14:11:19 UTC"
"691026","Masyn Winn","St. Louis Cardinals",688,7,0.0101744186046512,0.0122796184663642,0.0103250194042584,-1.4483775048586,-0.188059120715928,7,6,0.857142857142857,0.831747707554965,0.838717201796686,0.177766047115244,0.0517343780283688,0.115547930624908,0.951590594744122,"2026-09-12","2026-09-13 14:11:19 UTC"
"691176","Jasson Domínguez","New York Yankees",280,8,0.0285714285714286,0.0130225390060568,0.0250410452740668,4.35368907830411,0.727954459975004,8,7,0.875,0.826439158009095,0.84112844452366,0.388486735927242,0.107961889160247,0.252516378352707,0.888888888888889,"2026-09-12","2026-09-13 14:11:19 UTC"
"691182","Adael Amador","Colorado Rockies",89,0,0,0.0187178734439286,0.00569285389580858,-1.66589073650965,-1.27865881878885,,,,,,,,,0.717741935483871,"2026-09-12","2026-09-13 14:11:19 UTC"
"691277","Deyvison De Los Santos","Miami Marlins",16,0,0,0.0285001641273739,0.0200732858786242,-0.456002626037982,-0.385539296849372,,,,,,,,,0.313725490196078,"2026-09-12","2026-09-13 14:11:19 UTC"
"691373","Jhostynxon Garcia","Pittsburgh Pirates",65,0,0,0.0135109695987872,0.00483201920047158,-0.878213023921169,-1.05878246895953,,,,,,,,,0.65,"2026-09-12","2026-09-13 14:11:19 UTC"
"691406","Junior Caminero","Tampa Bay Rays",780,3,0.00384615384615385,0.0133445005370305,0.00436871093843488,-7.4087104188838,-1.16266876954842,3,1,0.333333333333333,0.84632438897606,0.774892459451477,-1.53897316692818,-0.480483901268864,-1.00033255850332,0.957055214723926,"2026-09-12","2026-09-13 14:11:19 UTC"
"691458","Blaze Jordan","St. Louis Cardinals",224,0,0,0.0103143158149454,0.001856202761357,-2.31040674254777,-1.75,,,,,,,,,0.864864864864865,"2026-09-12","2026-09-13 14:11:19 UTC"
"691594","Javier Sanoja","Miami Marlins",642,9,0.014018691588785,0.0126215573931648,0.0137595783047476,0.896960153588173,0.0942288471099673,9,8,0.888888888888889,0.840184319044288,0.856295974442239,0.438341128601407,0.126294946710914,0.284921733590915,0.948301329394387,"2026-09-12","2026-09-13 14:11:19 UTC"
"691718","Pete Crow-Armstrong","Chicago Cubs",874,34,0.0389016018306636,0.0107714776415916,0.034563842036042,24.585728541249,1.27180536522269,34,29,0.852941176470588,0.831308038737633,0.84518156312498,0.735526682920486,0.104517337582576,0.478092343898316,0.961496149614962,"2026-09-12","2026-09-13 14:11:19 UTC"
"691720","Kyle Karros","Colorado Rockies",615,5,0.00813008130081301,0.0140748165995729,0.00868552415057234,-3.65601220873735,-0.527200415244955,5,5,1,0.845502462476875,0.878997241774688,0.772487687615624,0.284078011820002,0.502116996950155,0.946153846153846,"2026-09-12","2026-09-13 14:11:19 UTC"
"691723","Coby Mayo","Baltimore Orioles",485,3,0.00618556701030928,0.0112324337885758,0.00660710268130685,-2.44773038745925,-0.556553131532847,3,3,1,0.882834657285799,0.899494648956386,0.351496028142602,0.172932890396623,0.228472418292691,0.932692307692308,"2026-09-12","2026-09-13 14:11:19 UTC"
"691728","Zac Veen","Colorado Rockies",57,1,0.0175438596491228,0.0085427260737205,0.0136929212210158,0.513064613797931,0.501203919565571,1,1,1,0.842574489065102,0.85086020556405,0.157425510934898,0.0638540878189719,0.102326582107683,0.619565217391304,"2026-09-12","2026-09-13 14:11:19 UTC"
"691740","Daniel Susac","San Francisco Giants",202,4,0.0198019801980198,0.0104355684407516,0.0177427722671724,1.89201517496818,0.5705827476678,4,2,0.5,0.82798658167606,0.769300001503073,-1.31194632670424,-0.372355506195619,-0.852765112357756,0.852320675105485,"2026-09-12","2026-09-13 14:11:19 UTC"
"691777","Max Muncy","Athletics",313,3,0.00958466453674121,0.010822277933797,0.00960897224609078,-0.387372993278459,-0.124009444685749,3,2,0.666666666666667,0.84457956874058,0.819730586334312,-0.533738706221739,-0.181986855721694,-0.34693015904413,0.899425287356322,"2026-09-12","2026-09-13 14:11:19 UTC"
"691781","Brady House","Washington Nationals",428,1,0.00233644859813084,0.012885109574506,0.00327267944840777,-4.51482689788856,-1.42771459324808,1,1,1,0.861084633743803,0.868396143318341,0.138915366256197,0.0625237475135993,0.0902949880665281,0.924406047516199,"2026-09-12","2026-09-13 14:11:19 UTC"
"691783","Jordan Lawlar","Arizona Diamondbacks",112,4,0.0357142857142857,0.0147124973803471,0.0290425883141159,2.35220029340113,0.74431471364722,4,4,1,0.862538555418434,0.887351866806015,0.549845778326263,0.229240106843131,0.357399755912071,0.761904761904762,"2026-09-12","2026-09-13 14:11:19 UTC"
"691785","Marcelo Mayer","Boston Red Sox",265,1,0.00377358490566038,0.0109545525226888,0.00468408328066855,-1.90295641851252,-0.880411100688758,1,1,1,0.853733474242938,0.861431929676787,0.146266525757062,0.0630457740849555,0.0950732417420906,0.883333333333333,"2026-09-12","2026-09-13 14:11:19 UTC"
"691788","Joe Mack","Miami Marlins",386,1,0.00259067357512953,0.0114276700463648,0.00342967460989193,-3.41108063789682,-1.25003024248371,1,1,1,0.829885341414356,0.838838865464942,0.170114658585644,0.0647990560509255,0.110574528080669,0.916864608076009,"2026-09-12","2026-09-13 14:11:19 UTC"
"691858","Jared Serna","Miami Marlins",17,0,0,0.00296596515869536,0.00200126642568433,-0.0504214076978212,-0.396880934702405,,,,,,,,,0.326923076923077,"2026-09-12","2026-09-13 14:11:19 UTC"
"691907","Tsung-Che Cheng","Boston Red Sox",68,1,0.0147058823529412,0.0118740133513258,0.0135164507111088,0.192567092109849,0.139734348835006,1,0,0,0.775100721409693,0.734307114851735,-0.775100721409693,-0.220754053683898,-0.5038154689163,0.660194174757282,"2026-09-12","2026-09-13 14:11:19 UTC"
"692216","CJ Kayfus","Cleveland Guardians",40,0,0,0.0160588038955768,0.00775008181410513,-0.642352155823073,-0.770850268368139,,,,,,,,,0.533333333333333,"2026-09-12","2026-09-13 14:11:19 UTC"
"693304","Nick Gonzales","Pittsburgh Pirates",810,5,0.00617283950617284,0.0120656272654728,0.00652405352317297,-4.773158085033,-0.647066581770208,5,4,0.8,0.843802468276385,0.834442366413567,-0.219012341381925,-0.0704937705792212,-0.142358021898252,0.958579881656805,"2026-09-12","2026-09-13 14:11:19 UTC"
"693307","Dillon Dingler","Detroit Tigers",734,0,0,0.0125566973284486,0.002310152132249,-9.21661583908127,-1.75,,,,,,,,,0.954486345903771,"2026-09-12","2026-09-13 14:11:19 UTC"
"693409","César Prieto","St. Louis Cardinals",34,0,0,0.0278362133396842,0.0149662103434682,-0.946431253549264,-0.692760209542586,,,,,,,,,0.492753623188406,"2026-09-12","2026-09-13 14:11:19 UTC"
"693459","Kyler Fedko","Minnesota Twins",5,0,0,0.00600196102963068,0.00525222215354799,-0.0300098051481534,-0.13429503463842,,,,,,,,,0.125,"2026-09-12","2026-09-13 14:11:19 UTC"
"694025","Felix Reyes","Philadelphia Phillies",36,1,0.0277777777777778,0.00884965731604959,0.0169881339043887,0.681412336622215,0.750925667602453,1,1,1,0.852581304958753,0.860340455248587,0.147418695041247,0.063128778131184,0.0958221517768107,0.507042253521127,"2026-09-12","2026-09-13 14:11:19 UTC"
"694192","Jackson Chourio","Milwaukee Brewers",874,14,0.0160183066361556,0.0114888933167107,0.0154817620436389,3.95870724119484,0.31795053273289,14,13,0.928571428571429,0.82730897202384,0.87062859122772,1.41767439166624,0.348631106007037,0.921488354583055,0.961496149614962,"2026-09-12","2026-09-13 14:11:19 UTC"
"694197","Angel Genao","Cleveland Guardians",166,0,0,0.00797310492738362,0.00142030266915514,-1.32353541794568,-1.75,,,,,,,,,0.825870646766169,"2026-09-12","2026-09-13 14:11:19 UTC"
"694203","Denzer Guzman","Los Angeles Angels",384,3,0.0078125,0.0122392915496834,0.00825431935241092,-1.69988795507844,-0.413020061954376,3,2,0.666666666666667,0.846227188910254,0.820652036403684,-0.538681566730761,-0.185047624308713,-0.350143018374994,0.916467780429594,"2026-09-12","2026-09-13 14:11:19 UTC"
"694208","Moisés Ballesteros","Chicago Cubs",353,2,0.0056657223796034,0.0174412843667388,0.00696987539196521,-4.15677338145878,-0.970516256822347,2,1,0.5,0.843168846992076,0.810047058418575,-0.686337693984152,-0.239423715708503,-0.446119501089699,0.90979381443299,"2026-09-12","2026-09-13 14:11:19 UTC"
"694212","Samuel Basallo","Baltimore Orioles",472,0,0,0.0116430542528348,0.00210815051483011,-5.49552160733804,-1.75,,,,,,,,,0.930966469428008,"2026-09-12","2026-09-13 14:11:19 UTC"
"694224","Gabriel Gonzalez","Minnesota Twins",26,0,0,0.0135272180601325,0.00787945773802266,-0.351707669563446,-0.561396503861486,,,,,,,,,0.426229508196721,"2026-09-12","2026-09-13 14:11:19 UTC"
"694249","Cole Carrigg","Colorado Rockies",392,9,0.0229591836734694,0.0100879833868296,0.0208485611356449,5.04551051236279,0.771738044094307,9,6,0.666666666666667,0.807370943272915,0.762861529133826,-1.26633848945623,-0.277723060770512,-0.823120018146553,0.918032786885246,"2026-09-12","2026-09-13 14:11:19 UTC"
"694362","Blake Dunn","Cincinnati Reds",261,5,0.0191570881226054,0.0091045754314234,0.0171815133015813,2.62370581239849,0.683051859220988,5,3,0.6,0.833301227439691,0.783521650622657,-1.16650613719845,-0.328382869458917,-0.758228989178994,0.881756756756757,"2026-09-12","2026-09-13 14:11:19 UTC"
"694371","Tommy Troy","Arizona Diamondbacks",169,1,0.00591715976331361,0.00944032516840385,0.00656585298881594,-0.59541495346025,-0.381469226698535,1,1,1,0.743288333762601,0.756800131928395,0.256711666237399,0.0720850818392154,0.166862583054309,0.82843137254902,"2026-09-12","2026-09-13 14:11:19 UTC"
"694374","Tim Tawa","Arizona Diamondbacks",471,9,0.0191082802547771,0.0126443210752355,0.0179991518594613,3.0445247735641,0.382263178135644,9,7,0.777777777777778,0.846774608335411,0.823957755596622,-0.620971475018702,-0.167338967405253,-0.403631458762156,0.930830039525692,"2026-09-12","2026-09-13 14:11:19 UTC"
"694376","Shay Whitcomb","Houston Astros",36,0,0,0.0166535390037059,0.00847449034180762,-0.599527404133412,-0.716049377741739,,,,,,,,,0.507042253521127,"2026-09-12","2026-09-13 14:11:19 UTC"
"694377","Nick Yorke","Pittsburgh Pirates",91,1,0.010989010989011,0.00743343477123787,0.00990900689261865,0.323557435817354,0.295706504926583,1,1,1,0.829827270384967,0.838783942787016,0.170172729615033,0.0648041267633641,0.110612274249771,0.722222222222222,"2026-09-12","2026-09-13 14:11:19 UTC"
"694378","Jacob Gonzalez","Chicago White Sox",213,2,0.00938967136150235,0.0108971657853254,0.00957509038713592,-0.321096312274308,-0.138878626727818,,,,,,,,,0.858870967741935,"2026-09-12","2026-09-13 14:11:19 UTC"
"694384","Nolan Schanuel","Los Angeles Angels",687,1,0.00145560407569141,0.0150349733513355,0.00280399012944088,-9.32902669236746,-1.75,1,1,1,0.802169094174629,0.812581390557008,0.197830905825371,0.0669646425586141,0.128590088786491,0.951523545706371,"2026-09-12","2026-09-13 14:11:19 UTC"
"694388","Joey Loperfido","Houston Astros",169,0,0,0.00982247757945208,0.00177663274126308,-1.6599987109274,-1.75,,,,,,,,,0.82843137254902,"2026-09-12","2026-09-13 14:11:19 UTC"
"694410","LuJames Groover","Arizona Diamondbacks",51,0,0,0.0100986388076007,0.00423320773433321,-0.515030579187636,-0.905154963800548,,,,,,,,,0.593023255813954,"2026-09-12","2026-09-13 14:11:19 UTC"
"694497","Evan Carter","Texas Rangers",582,15,0.0257731958762887,0.0119805793930885,0.0234064958503704,8.02730279322247,0.73919750071341,15,14,0.933333333333333,0.853450981514368,0.889186599333263,1.19823527728448,0.326406090510058,0.77885293023491,0.943273905996759,"2026-09-12","2026-09-13 14:11:19 UTC"
"694514","Sterlin Thompson","Colorado Rockies",95,0,0,0.00719120096867098,0.00198981853896613,-0.683164092023743,-1.31752691873165,,,,,,,,,0.730769230769231,"2026-09-12","2026-09-13 14:11:19 UTC"
"694671","Wyatt Langford","Texas Rangers",530,13,0.0245283018867925,0.0130199274200476,0.0227438183126474,6.09943846737479,0.603272255876776,13,12,0.923076923076923,0.829177302155263,0.868200935928253,1.22069507198158,0.308462324543501,0.793451796788028,0.938053097345133,"2026-09-12","2026-09-13 14:11:19 UTC"
"694673","Abimelec Ortiz","Washington Nationals",153,0,0,0.0130499659087437,0.00249513939766353,-1.99664478403779,-1.69189141505277,,,,,,,,,0.813829787234043,"2026-09-12","2026-09-13 14:11:19 UTC"
"694728","Brice Matthews","Houston Astros",220,5,0.0227272727272727,0.0103749124030693,0.0201932494888681,2.71751927132476,0.707595373030629,5,4,0.8,0.843541313104012,0.834158582790421,-0.217706565520061,-0.0699981200999915,-0.141509267588039,0.862745098039216,"2026-09-12","2026-09-13 14:11:19 UTC"
"694876","Cooper Ingle","Cleveland Guardians",22,0,0,0.0132142527045588,0.00816011713104617,-0.290713559500293,-0.492957217150121,,,,,,,,,0.385964912280702,"2026-09-12","2026-09-13 14:11:19 UTC"
"695020","Tanner Murray","Chicago White Sox",33,0,0,0.00957836306589135,0.00499070330871797,-0.316085981174414,-0.668851624053933,,,,,,,,,0.485294117647059,"2026-09-12","2026-09-13 14:11:19 UTC"
"695238","Will Wagner","San Diego Padres",86,1,0.0116279069767442,0.0196678524103314,0.0140793356504362,-0.691435307288498,-0.357452322159442,1,1,1,0.868662881568675,0.875575532022803,0.131337118431325,0.061994901249091,0.085369126980361,0.710743801652893,"2026-09-12","2026-09-13 14:11:19 UTC"
"695257","Billy Cook","Pittsburgh Pirates",95,3,0.0315789473684211,0.00527729987621924,0.0232391894087878,2.49865651175917,1.54691230972293,3,3,1,0.81777197180012,0.843415270934531,0.546684084599641,0.185490607444377,0.355344654989767,0.730769230769231,"2026-09-12","2026-09-13 14:11:19 UTC"
"695336","Thomas Saggese","St. Louis Cardinals",179,4,0.0223463687150838,0.0107989638405048,0.0196780269132464,2.06698547254965,0.635276917248156,4,3,0.75,0.85762921064634,0.838185855241353,-0.43051684258536,-0.151828148761281,-0.279835947680484,0.836448598130841,"2026-09-12","2026-09-13 14:11:19 UTC"
"695391","Brett Harris","Athletics",18,0,0,0.00513807116917063,0.00339583086515967,-0.0924852810450714,-0.416708036170263,,,,,,,,,0.339622641509434,"2026-09-12","2026-09-13 14:11:19 UTC"
"695490","Edwin Arroyo","Cincinnati Reds",238,2,0.00840336134453781,0.00753466815175745,0.00821967601211224,0.206748979881726,0.0914963481952205,2,1,0.5,0.757739756227334,0.732547456326301,-0.515479512454668,-0.135698904661385,-0.335061683095534,0.871794871794872,"2026-09-12","2026-09-13 14:11:19 UTC"
"695491","Joshua Báez","St. Louis Cardinals",117,2,0.0170940170940171,0.00961954848485191,0.0149283207520378,0.874512827272327,0.466820621022713,2,2,1,0.84737333225073,0.862402109880495,0.305253335498541,0.123217116437773,0.198414668074052,0.769736842105263,"2026-09-12","2026-09-13 14:11:19 UTC"
"695506","Jac Caglianone","Kansas City Royals",603,9,0.0149253731343284,0.0113029605291228,0.0143856733430309,2.18431480093897,0.256249291760959,9,8,0.888888888888889,0.874007620446316,0.878923912723009,0.133931415983156,0.045850832036388,0.0870554203890511,0.945141065830721,"2026-09-12","2026-09-13 14:11:19 UTC"
"695508","Cam Cauley","Texas Rangers",99,0,0,0.00771727598927893,0.00203956050404268,-0.764010322938614,-1.34832459275304,,,,,,,,,0.738805970149254,"2026-09-12","2026-09-13 14:11:19 UTC"
"695578","James Wood","Washington Nationals",897,14,0.0156075808249721,0.011447315583668,0.0150672078501603,3.7317579214498,0.296617130314101,14,13,0.928571428571429,0.85448833357706,0.886520300237112,1.03716332992115,0.289238526484469,0.67415616444875,0.96244635193133,"2026-09-12","2026-09-13 14:11:19 UTC"
"695600","Carter Jensen","Kansas City Royals",680,2,0.00294117647058824,0.0111597806474397,0.00339674359018887,-5.58865084025897,-1.22388661484808,2,1,0.5,0.817139474303497,0.785504821648799,-0.634278948606995,-0.199496477448093,-0.412281316594547,0.951048951048951,"2026-09-12","2026-09-13 14:11:19 UTC"
"695657","Colson Montgomery","Chicago White Sox",641,3,0.0046801872074883,0.0125488539287741,0.005189225298411,-5.04381536834419,-0.91809645497811,3,2,0.666666666666667,0.827299648806186,0.804686342129823,-0.481898946418557,-0.152864964329233,-0.313234315172062,0.948224852071006,"2026-09-12","2026-09-13 14:11:19 UTC"
"695670","Harry Ford","Washington Nationals",130,3,0.0230769230769231,0.00813387039663256,0.0188508968814678,1.94259684843777,0.901554740062525,3,3,1,0.836389402705533,0.859384209956388,0.4908317918834,0.181715950591267,0.31904066472421,0.787878787878788,"2026-09-12","2026-09-13 14:11:19 UTC"
"695681","Christian Moore","Los Angeles Angels",129,4,0.0310077519379845,0.0189774724567802,0.0273516475012408,1.55190605307535,0.408940769391005,4,1,0.25,0.818014839718423,0.714785178291195,-2.27205935887369,-0.584420138018081,-1.4768385832679,0.786585365853659,"2026-09-12","2026-09-13 14:11:19 UTC"
"695720","Tommy White","Athletics",166,1,0.00602409638554217,0.0122786708218288,0.00725136345118769,-1.03825935642358,-0.559053151923464,1,0,0,0.828800113898731,0.785180957972772,-0.828800113898731,-0.281029008332003,-0.538720074034175,0.825870646766169,"2026-09-12","2026-09-13 14:11:19 UTC"
"695731","Braden Montgomery","Chicago White Sox",394,1,0.00253807106598985,0.0111826304296647,0.00330030793640081,-3.4059563892879,-1.25484651778089,1,1,1,0.836763414425911,0.845354860118379,0.163236585574089,0.0642826421064229,0.106103780623158,0.918414918414918,"2026-09-12","2026-09-13 14:11:19 UTC"
"695734","Daylen Lile","Washington Nationals",709,10,0.0141043723554302,0.00938788601981284,0.0134754539222094,3.3439888119527,0.383664615104662,10,7,0.7,0.805700838728922,0.768934170992761,-1.05700838728922,-0.225498179461494,-0.687055451737995,0.952956989247312,"2026-09-12","2026-09-13 14:11:19 UTC"
"696030","Alejandro Osuna","Texas Rangers",302,4,0.0132450331125828,0.0142739483235739,0.0133021599993913,-0.310732393719324,-0.0762993184210723,4,3,0.75,0.852360173572145,0.833948982143913,-0.409440694288579,-0.14077503201814,-0.266136451287577,0.896142433234421,"2026-09-12","2026-09-13 14:11:19 UTC"
"696100","Hunter Goodman","Colorado Rockies",644,4,0.0062111801242236,0.0113580884610623,0.00650556999738414,-3.31460896892413,-0.580640656249471,4,3,0.75,0.806609748232265,0.796465303687854,-0.226438992929061,-0.0646786465410603,-0.14718534540389,0.948453608247423,"2026-09-12","2026-09-13 14:11:19 UTC"
"696135","Kahlil Watson","Cleveland Guardians",88,6,0.0681818181818182,0.0196478318334692,0.0478290518122564,4.27099079865471,1.05579813555295,6,6,1,0.844335249987473,0.882920794446225,0.933988500075162,0.332749400508268,0.607092525048855,0.715447154471545,"2026-09-12","2026-09-13 14:11:19 UTC"
"696285","Jacob Young","Washington Nationals",482,13,0.0269709543568465,0.0110192995903124,0.0240204968882036,7.68869759746943,0.860355576273782,13,12,0.923076923076923,0.825756402465821,0.866106750765257,1.26516676794433,0.315138635619666,0.822358399163813,0.932301740812379,"2026-09-12","2026-09-13 14:11:19 UTC"
"699013","Esmerlyn Valdez","Pittsburgh Pirates",266,0,0,0.0123613048462223,0.00225895498839067,-3.28810708909513,-1.75,,,,,,,,,0.883720930232558,"2026-09-12","2026-09-13 14:11:19 UTC"
"699024","Leo Bernal","St. Louis Cardinals",88,1,0.0113636363636364,0.0141112567371305,0.0120628236838623,-0.241790592867488,-0.162971500031928,1,0,0,0.848532328325367,0.803877359853717,-0.848532328325367,-0.312429429152044,-0.551546013411488,0.715447154471545,"2026-09-12","2026-09-13 14:11:19 UTC"
"699115","Carlos Jorge","Cincinnati Reds",17,0,0,0.00634294558765783,0.00428748125927745,-0.107830074990183,-0.397978411050977,,,,,,,,,0.326923076923077,"2026-09-12","2026-09-13 14:11:19 UTC"
"699302","Héctor Rodríguez","Cincinnati Reds",137,0,0,0.0116687826413867,0.00245313437161268,-1.59862322186998,-1.60160761160255,,,,,,,,,0.796511627906977,"2026-09-12","2026-09-13 14:11:19 UTC"
"699393","Pedro Ramírez","Chicago Cubs",260,6,0.0230769230769231,0.0107517719479965,0.0205109900043089,3.20453929352092,0.701430205168483,6,5,0.833333333333333,0.86116232095591,0.854289926785598,-0.166973925735458,-0.0569808798184981,-0.108533051728048,0.88135593220339,"2026-09-12","2026-09-13 14:11:19 UTC"
"699625","Jimmy Crooks","St. Louis Cardinals",128,0,0,0.0128480746155102,0.00291507293230432,-1.64455355078531,-1.54869554114898,,,,,,,,,0.785276073619632,"2026-09-12","2026-09-13 14:11:19 UTC"
"699912","Jose Fernandez","Arizona Diamondbacks",282,9,0.0319148936170213,0.0112959105362887,0.0273492286572923,5.81455322876658,0.974230480884571,9,8,0.888888888888889,0.850622121171968,0.863166520338325,0.344400909452285,0.104164731006303,0.223860591143985,0.889589905362776,"2026-09-12","2026-09-13 14:11:19 UTC"
"700246","Carson Williams","Tampa Bay Rays",23,0,0,0.00926785300155859,0.00560828348005374,-0.213160619035848,-0.508868995962986,,,,,,,,,0.396551724137931,"2026-09-12","2026-09-13 14:11:19 UTC"
"700250","Ben Rice","New York Yankees",767,2,0.00260756192959583,0.014515429134343,0.00322979249714896,-9.13333414604112,-1.55660291606271,2,2,1,0.869903734608821,0.882854328089536,0.260192530782357,0.120207679849939,0.169125145008532,0.956359102244389,"2026-09-12","2026-09-13 14:11:19 UTC"
"700337","Edgar Quero","Chicago White Sox",201,1,0.00497512437810945,0.0145757764520261,0.00659227751302636,-1.92973106685725,-0.83622178348257,1,1,1,0.863213000190359,0.870412443447876,0.136786999809641,0.0623739029394099,0.0889115498762665,0.851694915254237,"2026-09-12","2026-09-13 14:11:19 UTC"
"700652","Kenny Piper","Tampa Bay Rays",10,0,0,0.00557474007363238,0.00433765829016977,-0.0557474007363238,-0.25257603189732,,,,,,,,,0.222222222222222,"2026-09-12","2026-09-13 14:11:19 UTC"
"700932","Kyle Manzardo","Cleveland Guardians",394,0,0,0.0118249585004047,0.00216505325436266,-4.65903364915945,-1.75,,,,,,,,,0.918414918414918,"2026-09-12","2026-09-13 14:11:19 UTC"
"701162","Ben Malgeri","Detroit Tigers",206,5,0.0242718446601942,0.0133972719111218,0.0218066205836435,2.24016198630891,0.52690362771041,5,5,1,0.865552447765605,0.89449678385324,0.672237761171977,0.278335546453696,0.436954544761785,0.854771784232365,"2026-09-12","2026-09-13 14:11:19 UTC"
"701305","Zach Dezenzo","Houston Astros",126,1,0.00793650793650794,0.00870846437855975,0.00807625202302638,-0.0972665116985284,-0.078035515016798,1,1,1,0.801311065412544,0.811768476745999,0.198688934587456,0.0670337014786619,0.129147807481846,0.782608695652174,"2026-09-12","2026-09-13 14:11:19 UTC"
"701350","Roman Anthony","Boston Red Sox",252,2,0.00793650793650794,0.0111718684064689,0.00839869454873689,-0.815310838430167,-0.301551965525932,2,2,1,0.800414229833883,0.820370664095546,0.399171540332234,0.129993736522508,0.259461501215952,0.878048780487805,"2026-09-12","2026-09-13 14:11:19 UTC"
"701358","Cam Smith","Houston Astros",500,10,0.02,0.0142149062552126,0.0191385886437911,2.89254687239371,0.321830878019862,10,9,0.9,0.857239836483948,0.872434583416403,0.427601635160522,0.130825593163738,0.277941062854339,0.934579439252336,"2026-09-12","2026-09-13 14:11:19 UTC"
"701398","Sal Stewart","Cincinnati Reds",857,16,0.0186697782963827,0.0105349315917053,0.0176352177254623,6.97156362590857,0.553516578117734,16,13,0.8125,0.859528301617182,0.837767148150531,-0.752452825874917,-0.172329448855828,-0.489094336818696,0.960762331838565,"2026-09-12","2026-09-13 14:11:19 UTC"
"701538","Jackson Merrill","San Diego Padres",752,17,0.0226063829787234,0.011664575347319,0.0208722031396666,8.2282393388161,0.640595301210394,17,15,0.882352941176471,0.833957891051582,0.857156049557411,0.822715852123109,0.180487982633551,0.534765303880021,0.955527318932656,"2026-09-12","2026-09-13 14:11:19 UTC"
"701649","James Triantos","Chicago Cubs",19,0,0,0.00555989280606939,0.00362170358453469,-0.105637963315318,-0.435616520480161,,,,,,,,,0.351851851851852,"2026-09-12","2026-09-13 14:11:19 UTC"
"701675","Nathan Church","St. Louis Cardinals",561,9,0.0160427807486631,0.00993236459673446,0.0151522739922375,3.42794346123197,0.453139535807205,9,8,0.888888888888889,0.832803670663818,0.851009246449968,0.504766964025638,0.140806848180633,0.328098526616664,0.941275167785235,"2026-09-12","2026-09-13 14:11:19 UTC"
"701678","Hao-Yu Lee","Detroit Tigers",397,1,0.00251889168765743,0.00830834329697962,0.0030331864013837,-2.29841228890091,-1.03827421750057,1,1,1,0.886360812014391,0.892341856983053,0.113639187985609,0.0607927492221139,0.0738654721906456,0.918981481481482,"2026-09-12","2026-09-13 14:11:19 UTC"
"701762","Nick Kurtz","Athletics",771,6,0.00778210116731518,0.0104256943980175,0.00790320164821598,-2.03821038087152,-0.291533198842236,6,6,1,0.87012042205964,0.902383599521678,0.779277467642162,0.324325811941414,0.506530353967405,0.956575682382134,"2026-09-12","2026-09-13 14:11:19 UTC"
"701785","Kaelen Culpepper","Minnesota Twins",166,1,0.00602409638554217,0.00816464276561055,0.00637989348656089,-0.355330699091352,-0.256128571395839,1,1,1,0.836944907163953,0.845526955217845,0.163055092836047,0.0642703249684831,0.10598581034343,0.825870646766169,"2026-09-12","2026-09-13 14:11:19 UTC"
"701807","Carson Benge","New York Mets",914,15,0.0164113785557987,0.0120046792971038,0.015862659167213,4.02772312244713,0.297285254750552,15,14,0.933333333333333,0.813167548520168,0.866783243267584,1.80248677219748,0.410855652599638,1.17161640192837,0.963119072708114,"2026-09-12","2026-09-13 14:11:19 UTC"
"701852","Drew Cavanaugh","San Francisco Giants",248,0,0,0.00972917213571715,0.00175239460416919,-2.41283468965785,-1.75,,,,,,,,,0.876325088339223,"2026-09-12","2026-09-13 14:11:19 UTC"
"702176","Alan Roden","Minnesota Twins",112,0,0,0.0129117347838483,0.00316610366581588,-1.44611429579101,-1.4451118004783,,,,,,,,,0.761904761904762,"2026-09-12","2026-09-13 14:11:19 UTC"
"702222","Justin Crawford","Philadelphia Phillies",526,13,0.0247148288973384,0.011843713351147,0.0224701096462761,6.7702067772967,0.707302896879363,13,11,0.846153846153846,0.820516867165321,0.830986352160679,0.333280726850823,0.0748287701243748,0.216632472453035,0.937611408199644,"2026-09-12","2026-09-13 14:11:19 UTC"
"702284","Cole Young","Seattle Mariners",875,6,0.00685714285714286,0.0133111915059973,0.0071946430937436,-5.64729256774767,-0.645847629156753,6,2,0.333333333333333,0.821665413676317,0.703815910449413,-2.9299924820579,-0.682312573589492,-1.90449511333764,0.961538461538462,"2026-09-12","2026-09-13 14:11:19 UTC"
"702332","Caleb Durbin","Boston Red Sox",663,14,0.0211161387631976,0.00938448810584269,0.0194185370449038,7.7780843858263,0.785672656274751,14,13,0.928571428571429,0.830092932190775,0.872581105774964,1.37869894932915,0.343083381498142,0.89615431706395,0.949856733524355,"2026-09-12","2026-09-13 14:11:19 UTC"
"702616","Jackson Holliday","Baltimore Orioles",537,7,0.0130353817504655,0.0132405627656672,0.0129399254276388,-0.110182205163269,-0.0249003039797158,7,6,0.857142857142857,0.829240337228934,0.83669113989023,0.195317639397464,0.0562459271145599,0.126956465608352,0.938811188811189,"2026-09-12","2026-09-13 14:11:19 UTC"
"703155","Lazaro Montes","Seattle Mariners",13,0,0,0.00150285541202447,0.00109643479032056,-0.0195371203563181,-0.316266589800601,,,,,,,,,0.270833333333333,"2026-09-12","2026-09-13 14:11:19 UTC"
"703197","Michael Arroyo","Seattle Mariners",9,0,0,0.0173110266214722,0.0138927273188669,-0.15579923959325,-0.232417250567682,,,,,,,,,0.204545454545455,"2026-09-12","2026-09-13 14:11:19 UTC"
"703492","Nick Morabito","New York Mets",57,1,0.0175438596491228,0.00960282010085214,0.0142930967963327,0.452639254251428,0.415045480582994,1,1,1,0.826282542980877,0.8354257162375,0.173717457019123,0.0650727858501863,0.11291634706243,0.619565217391304,"2026-09-12","2026-09-13 14:11:19 UTC"
"703520","Brett Bateman","Toronto Blue Jays",208,2,0.00961538461538462,0.00523504170590972,0.00884311771661008,0.911111325170779,0.53420067385513,2,2,1,0.912665254323987,0.921394242455292,0.174669491352027,0.114885805198456,0.113535169378817,0.8559670781893,"2026-09-12","2026-09-13 14:11:19 UTC"
"703601","Max Clark","Detroit Tigers",220,4,0.0181818181818182,0.0127846753836882,0.0170037893469496,1.1873714155886,0.312195349334327,4,3,0.75,0.839874653586317,0.823582498936138,-0.359498614345267,-0.116794189115585,-0.233674099324423,0.862745098039216,"2026-09-12","2026-09-13 14:11:19 UTC"
"703607","Henry Bolte","Athletics",712,24,0.0337078651685393,0.012171268468804,0.0301346673473154,15.3340568502115,0.997281699766102,24,18,0.75,0.842451212560024,0.791649225150004,-2.21882910144058,-0.353843654422205,-1.44223891593638,0.953145917001339,"2026-09-12","2026-09-13 14:11:19 UTC"
"800050","Chase DeLauter","Cleveland Guardians",892,8,0.00896860986547085,0.0140840634986294,0.00924526705288355,-4.56298464077741,-0.445488061574797,8,7,0.875,0.828800600902332,0.842895516529939,0.369595192781346,0.103732410218371,0.240236875307875,0.962243797195254,"2026-09-12","2026-09-13 14:11:19 UTC"
"800325","Luis Lara","Milwaukee Brewers",233,3,0.0128755364806867,0.00857484256246035,0.0120066064385899,1.00206168294674,0.357810931096173,3,3,1,0.845438699986402,0.867166118181597,0.463683900040795,0.179936886910832,0.301394535026517,0.869402985074627,"2026-09-12","2026-09-13 14:11:19 UTC"
"800543","Josue De Paula","Los Angeles Dodgers",21,0,0,0.0152665103940801,0.00970789069002298,-0.320596718275682,-0.475835697077054,,,,,,,,,0.375,"2026-09-12","2026-09-13 14:11:19 UTC"
"801126","Brock Rodden","Seattle Mariners",39,0,0,0.0192731555495883,0.00951504756653391,-0.751653066433944,-0.759039272896572,,,,,,,,,0.527027027027027,"2026-09-12","2026-09-13 14:11:19 UTC"
"801501","Nate Furman","San Francisco Giants",24,0,0,0.0204839679854254,0.0123704743131944,-0.49161523165021,-0.530846971408534,,,,,,,,,0.406779661016949,"2026-09-12","2026-09-13 14:11:19 UTC"
"802139","JJ Wetherholt","St. Louis Cardinals",1032,13,0.0125968992248062,0.00944187400139278,0.0122093701588262,3.25598603056265,0.272757570903522,13,12,0.923076923076923,0.821582576450058,0.863682099314169,1.31942650614924,0.323080783129717,0.857627228997006,0.967197750702905,"2026-09-12","2026-09-13 14:11:19 UTC"
"802415","Chandler Simpson","Tampa Bay Rays",850,38,0.0447058823529412,0.00945842694889275,0.0383307765202365,29.9603370934412,1.54668673791344,38,30,0.789473684210526,0.826767173593678,0.802047146199201,-1.41715259655977,-0.167351657701364,-0.921149187763848,0.96045197740113,"2026-09-12","2026-09-13 14:11:19 UTC"
"803011","Sam Antonacci","Chicago White Sox",1004,17,0.0169322709163347,0.0126423213514888,0.0163387138055022,4.30710936310529,0.279626025380447,17,13,0.764705882352941,0.834657258632488,0.80144142136218,-1.1891733967523,-0.228388361164847,-0.772962707888996,0.966313763233879,"2026-09-12","2026-09-13 14:11:19 UTC"
"804606","Konnor Griffin","Pittsburgh Pirates",411,15,0.0364963503649635,0.0118400658547043,0.0318871521107981,10.1337329337165,1.08937048394386,15,14,0.933333333333333,0.833947779811357,0.878635019512415,1.49078330282965,0.370320466994764,0.969009146839271,0.92152466367713,"2026-09-12","2026-09-13 14:11:19 UTC"
"804668","Rafael Flores Jr.","Pittsburgh Pirates",152,0,0,0.012980012427793,0.00254922608006816,-1.97296188902453,-1.68648577049518,,,,,,,,,0.812834224598931,"2026-09-12","2026-09-13 14:11:19 UTC"
"805249","Otto Kemp","Philadelphia Phillies",16,0,0,0.00637312652417352,0.00440908747213059,-0.101970024386776,-0.378536385681821,,,,,,,,,0.313725490196078,"2026-09-12","2026-09-13 14:11:19 UTC"
"805300","Jakob Marsee","Miami Marlins",753,14,0.0185922974767596,0.00872392885450608,0.0174443536727395,7.43088157255692,0.734191800840911,14,11,0.785714285714286,0.841727161824071,0.817586950078383,-0.784180265536999,-0.173459079750061,-0.509717172599049,0.955583756345178,"2026-09-12","2026-09-13 14:11:19 UTC"
"805347","Jim Jarvis","Atlanta Braves",175,0,0,0.00923787231072561,0.00166939224333992,-1.61662765437698,-1.75,,,,,,,,,0.833333333333333,"2026-09-12","2026-09-13 14:11:19 UTC"
"805367","Chase Meidroth","Chicago White Sox",981,3,0.00305810397553517,0.0133571548172728,0.00358993633191323,-10.1033688757446,-1.37916851263864,3,2,0.666666666666667,0.840895261989345,0.817475703438636,-0.522685785968034,-0.175367323710616,-0.339745760879222,0.965551181102362,"2026-09-12","2026-09-13 14:11:19 UTC"
"805672","Collin Price","Houston Astros",18,0,0,0.00882832983251404,0.00586773283260656,-0.158909936985253,-0.418018311384747,,,,,,,,,0.339622641509434,"2026-09-12","2026-09-13 14:11:19 UTC"
"805779","Jacob Wilson","Athletics",476,4,0.00840336134453781,0.00964341714930915,0.00846171625189162,-0.590266563071157,-0.136498188595789,4,4,1,0.836116932492554,0.865579526204446,0.655532270029783,0.23569143012428,0.426095975519359,0.931506849315068,"2026-09-12","2026-09-13 14:11:19 UTC"
"805805","Walker Jenkins","Minnesota Twins",32,2,0.0625,0.00936568086413458,0.033126511331601,1.70029821234769,1.33335567319508,2,1,0.5,0.854613825549891,0.819241086284746,-0.709227651099782,-0.260662225791311,-0.460997973214858,0.477611940298507,"2026-09-12","2026-09-13 14:11:19 UTC"
"805808","Kevin McGonigle","Detroit Tigers",1136,10,0.00880281690140845,0.0127245362191539,0.00899005896432769,-4.45507314495878,-0.366991745764987,10,9,0.9,0.838117432532525,0.860052597245376,0.618825674674751,0.172841026246901,0.402236688538588,0.970111016225448,"2026-09-12","2026-09-13 14:11:19 UTC"
"805811","Bryce Eldridge","San Francisco Giants",651,1,0.00153609831029186,0.0118962140334109,0.00217911652343906,-6.74443533575053,-1.75,1,1,1,0.903534352579502,0.908611571269312,0.0964656474204976,0.0596716470997114,0.0627026708233234,0.948979591836735,"2026-09-12","2026-09-13 14:11:19 UTC"
"805904","Zach Cole","Houston Astros",12,0,0,0.0116555888503987,0.00870075771533117,-0.139867066204784,-0.297878986003529,,,,,,,,,0.25531914893617,"2026-09-12","2026-09-13 14:11:19 UTC"
"805999","A.J. Ewing","New York Mets",679,24,0.0353460972017673,0.0116604898542019,0.0314973305278026,16.0825273889969,1.09050360492234,24,20,0.833333333333333,0.820731591279278,0.827841251296691,0.302441809297327,0.0498128903810746,0.196587176043263,0.950980392156863,"2026-09-12","2026-09-13 14:11:19 UTC"
"806068","Colt Emerson","Seattle Mariners",218,3,0.0137614678899083,0.00905308891112886,0.0127525344234,1.02642661737391,0.365746487902405,3,2,0.666666666666667,0.843601943443778,0.818698801151307,-0.530805830331335,-0.180196916345802,-0.345023789715368,0.861660079051383,"2026-09-12","2026-09-13 14:11:19 UTC"
"806146","George Lombard Jr.","New York Yankees",173,0,0,0.0119681085802772,0.00228397615048076,-2.07048278438796,-1.75,,,,,,,,,0.831730769230769,"2026-09-12","2026-09-13 14:11:19 UTC"
"806198","Cooper Pratt","Milwaukee Brewers",302,11,0.0364238410596026,0.00821171582931105,0.0299442470899235,8.52006181954806,1.42405068147897,11,10,0.909090909090909,0.847861670661565,0.870705452911363,0.67352162272279,0.19271997802066,0.437789054769813,0.896142433234421,"2026-09-12","2026-09-13 14:11:19 UTC"
"806367","Turner Hill","San Francisco Giants",134,2,0.0149253731343284,0.0106862102278517,0.0137354226152659,0.568047829467874,0.266351368477235,2,1,0.5,0.84069823827636,0.806693693580502,-0.68139647655272,-0.235171210781562,-0.442907709759268,0.792899408284024,"2026-09-12","2026-09-13 14:11:19 UTC"
"806956","Ethan Salas","San Diego Padres",3,0,0,0.0128086616173199,0.0117981871222778,-0.0384259848519596,-0.0832716794977246,,,,,,,,,0.0789473684210526,"2026-09-12","2026-09-13 14:11:19 UTC"
"807712","Luke Keaschall","Minnesota Twins",972,17,0.0174897119341564,0.011273931433786,0.0167005726497474,6.04173864636001,0.423492195677706,17,14,0.823529411764706,0.820254180657274,0.821822693621139,0.0556789288263365,0.01089949868805,0.0361913037371187,0.965243296921549,"2026-09-12","2026-09-13 14:11:19 UTC"
"807713","Matt Shaw","Chicago Cubs",229,3,0.0131004366812227,0.00959132739399113,0.012430676539686,0.803586026776032,0.271780378967101,3,3,1,0.843566022300228,0.864612893049511,0.469301933099316,0.180298029465268,0.305046256514555,0.867424242424242,"2026-09-12","2026-09-13 14:11:19 UTC"
"807726","John Peck","Detroit Tigers",68,3,0.0441176470588235,0.0257428625673328,0.0365165825913327,1.24948534542137,0.395281182327282,3,3,1,0.863433336867851,0.882917574548298,0.409699989396447,0.176497762661787,0.26630499310769,0.660194174757282,"2026-09-12","2026-09-13 14:11:19 UTC"
"807727","Charles McAdoo","Toronto Blue Jays",127,1,0.0078740157480315,0.00683509606979568,0.00759543029549664,0.131942799135948,0.109225054311991,1,1,1,0.796885368876079,0.807575958883913,0.203114631123921,0.0673952979722452,0.132024510230549,0.783950617283951,"2026-09-12","2026-09-13 14:11:19 UTC"
"807747","Rikuu Nishida","Chicago White Sox",47,0,0,0.0164969291909404,0.00725355030031751,-0.775355671974198,-0.861089419233957,,,,,,,,,0.573170731707317,"2026-09-12","2026-09-13 14:11:19 UTC"
"807799","Masataka Yoshida","Boston Red Sox",532,4,0.0075187969924812,0.0129157679428772,0.00798999720746512,-2.87118854561068,-0.508738452098854,4,4,1,0.839923702451028,0.868773832775399,0.640305190195889,0.234739960960994,0.416198373627328,0.938271604938272,"2026-09-12","2026-09-13 14:11:19 UTC"
"808959","Munetaka Murakami","Chicago White Sox",701,1,0.0014265335235378,0.0123301908633124,0.00226567785670097,-7.643463795182,-1.75,1,1,1,0.883946797516168,0.890054895514938,0.116053202483832,0.0609538011311788,0.0754345816144907,0.952445652173913,"2026-09-12","2026-09-13 14:11:19 UTC"
"808975","Hyeseong Kim","Los Angeles Dodgers",147,3,0.0204081632653061,0.0129562733153735,0.0183976690394793,1.0954278226401,0.383531701575694,3,3,1,0.832516146440916,0.856383308379414,0.502451560677253,0.182486933009417,0.326593514440214,0.807692307692308,"2026-09-12","2026-09-13 14:11:19 UTC"
"808982","Jung Hoo Lee","San Francisco Giants",835,10,0.0119760479041916,0.0105940586290549,0.0117639723981491,1.15396104473912,0.111624317026606,10,9,0.9,0.805980849001492,0.838726503278983,0.940191509985077,0.23089162419894,0.6111244814903,0.959770114942529,"2026-09-12","2026-09-13 14:11:19 UTC"
"810938","Ben Williamson","Tampa Bay Rays",297,6,0.0202020202020202,0.0098096057481316,0.01832025879055,3.08654709280491,0.667956986771506,6,6,1,0.838078995966439,0.878031306738505,0.971526024201366,0.334858062393275,0.631491915730888,0.894578313253012,"2026-09-12","2026-09-13 14:11:19 UTC"
"811965","Joshua Kuroda-Grauer","Athletics",160,0,0,0.0113478897393905,0.00215319225355538,-1.81566235830249,-1.7270532933699,,,,,,,,,0.82051282051282,"2026-09-12","2026-09-13 14:11:19 UTC"
"813841","Jonah Cox","San Francisco Giants",119,7,0.0588235294117647,0.014980547812622,0.0417341456160442,5.21731481029798,1.1987958771162,7,7,1,0.827536880501796,0.875301811333729,1.20724183648743,0.385221044936751,0.784707193716827,0.772727272727273,"2026-09-12","2026-09-13 14:11:19 UTC"
"814430","Brett Callahan","Detroit Tigers",88,0,0,0.00904537101257872,0.00287596169142759,-0.795992649106928,-1.26333945542153,,,,,,,,,0.715447154471545,"2026-09-12","2026-09-13 14:11:19 UTC"
"814439","Ryan Waldschmidt","Arizona Diamondbacks",474,8,0.0168776371308017,0.0110795765029101,0.0160481502588784,2.74828073762061,0.392754555057916,8,7,0.875,0.845988056727092,0.85484192203919,0.232095546183261,0.0702293469861544,0.15086210501912,0.931237721021611,"2026-09-12","2026-09-13 14:11:19 UTC"
"815873","Sean Keys","Toronto Blue Jays",54,0,0,0.0081812959562903,0.00325400066703861,-0.441789981639676,-0.938395003879153,,,,,,,,,0.606741573033708,"2026-09-12","2026-09-13 14:11:19 UTC"
"823550","Sung-Mun Song","San Diego Padres",200,10,0.05,0.00667264035921461,0.0348279570970327,8.66547192815708,1.75,10,9,0.9,0.841493866270232,0.862301288536576,0.585061337297679,0.165923743814631,0.380289869243491,0.851063829787234,"2026-09-12","2026-09-13 14:11:19 UTC"
"828599","Lucas Spence","Houston Astros",64,0,0,0.0141521602863252,0.005223659030717,-0.905738258324814,-1.04908197420092,,,,,,,,,0.646464646464647,"2026-09-12","2026-09-13 14:11:19 UTC"
"545341","Randal Grichuk","Chicago White Sox",,,,,,,,1,0,0,0.696795957650854,0.660128912491475,-0.696795957650854,-0.168217891673191,-0.452917372473055,,"2026-09-12","2026-09-13 14:11:19 UTC"
"622268","Donovan Walton","Athletics",,,,,,,,3,1,0.333333333333333,0.827077935566276,0.756874961364477,-1.48123380669883,-0.431200698591029,-0.962801974354237,,"2026-09-12","2026-09-13 14:11:19 UTC"
"623168","Tyler Heineman","Los Angeles Angels",,,,,,,,1,1,1,0.896663221591261,0.902102026026288,0.103336778408739,0.0601147759583567,0.0671689059656806,,"2026-09-12","2026-09-13 14:11:19 UTC"
"663330","Jahmai Jones","Boston Red Sox",,,,,,,,2,2,1,0.876428772868854,0.888758244122998,0.247142454262292,0.119362626933795,0.16064259527049,,"2026-09-12","2026-09-13 14:11:19 UTC"
"669699","Braden Shewmake","Milwaukee Brewers",,,,,,,,1,1,1,0.748271859297669,0.761521235110426,0.251728140702331,0.0716211258229213,0.163623291456515,,"2026-09-12","2026-09-13 14:11:19 UTC"
"670032","Nicky Lopez","Texas Rangers",,,,,,,,4,3,0.75,0.869451079171385,0.847893520742892,-0.47780431668554,-0.17915530682351,-0.310572805845601,,"2026-09-12","2026-09-13 14:11:19 UTC"
"694378","Jacob Gonzalez","Pittsburgh Pirates",,,,,,,,2,2,1,0.847588423717039,0.862829584259757,0.304823152565921,0.123184079959034,0.198135049167849,,"2026-09-12","2026-09-13 14:11:19 UTC"
